#
# There is insufficient memory for the Java Runtime Environment to continue.
# Native memory allocation (mmap) failed to map 578813952 bytes for G1 virtual space
# Possible reasons:
#   The system is out of physical RAM or swap space
#   The process is running with CompressedOops enabled, and the Java Heap may be blocking the growth of the native heap
# Possible solutions:
#   Reduce memory load on the system
#   Increase physical memory or swap space
#   Check if swap backing store is full
#   Decrease Java heap size (-Xmx/-Xms)
#   Decrease number of Java threads
#   Decrease Java thread stack sizes (-Xss)
#   Set larger code cache with -XX:ReservedCodeCacheSize=
#   JVM is running with Zero Based Compressed Oops mode in which the Java heap is
#     placed in the first 32GB address space. The Java Heap base address is the
#     maximum limit for the native heap growth. Please use -XX:HeapBaseMinAddress
#     to set the Java Heap base and to place the Java Heap above 32GB virtual address.
# This output file may be truncated or incomplete.
#
#  Out of Memory Error (os_windows.cpp:3559), pid=19060, tid=34020
#
# JRE version: OpenJDK Runtime Environment Temurin-17.0.7+7 (17.0.7+7) (build 17.0.7+7)
# Java VM: OpenJDK 64-Bit Server VM Temurin-17.0.7+7 (17.0.7+7, mixed mode, tiered, compressed oops, compressed class ptrs, g1 gc, windows-amd64)
# No core dump will be written. Minidumps are not enabled by default on client versions of Windows
#

---------------  S U M M A R Y ------------

Command Line: -Dfile.encoding=UTF-8 -XX:+ShowCodeDetailsInExceptionMessages main.Main

Host: Intel(R) Core(TM) i7-7700 CPU @ 3.60GHz, 8 cores, 23G,  Windows 10 , 64 bit Build 19041 (10.0.19041.5915)
Time: Wed Nov 26 16:42:14 2025 US Mountain Standard Time elapsed time: 11.573700 seconds (0d 0h 0m 11s)

---------------  T H R E A D  ---------------

Current thread (0x000001c826c81b50):  VMThread "VM Thread" [stack: 0x000000bc12b00000,0x000000bc12c00000] [id=34020]

Stack: [0x000000bc12b00000,0x000000bc12c00000]
Native frames: (J=compiled Java code, j=interpreted, Vv=VM code, C=native code)
V  [jvm.dll+0x67754a]
V  [jvm.dll+0x834304]
V  [jvm.dll+0x835aae]
V  [jvm.dll+0x836113]
V  [jvm.dll+0x24696f]
V  [jvm.dll+0x6743f9]
V  [jvm.dll+0x668c8a]
V  [jvm.dll+0x3061bb]
V  [jvm.dll+0x30d6a6]
V  [jvm.dll+0x35cece]
V  [jvm.dll+0x35d0ff]
V  [jvm.dll+0x2dd048]
V  [jvm.dll+0x2db20c]
V  [jvm.dll+0x2da7dc]
V  [jvm.dll+0x31e6db]
V  [jvm.dll+0x83a5bb]
V  [jvm.dll+0x83b2f4]
V  [jvm.dll+0x83b80c]
V  [jvm.dll+0x83bbe4]
V  [jvm.dll+0x83bcb0]
V  [jvm.dll+0x7e4e7a]
V  [jvm.dll+0x676395]
C  [ucrtbase.dll+0x21bb2]
C  [KERNEL32.DLL+0x17374]
C  [ntdll.dll+0x4cc91]

VM_Operation (0x000000bc152fec80): G1CollectForAllocation, mode: safepoint, requested by thread 0x000001c8326451e0


---------------  P R O C E S S  ---------------

Threads class SMR info:
_java_thread_list=0x000001c826c74930, length=20, elements={
0x000001c8014d8e00, 0x000001c82b031cb0, 0x000001c82b033350, 0x000001c82b038d10,
0x000001c82b078420, 0x000001c82b07b490, 0x000001c82b07cc90, 0x000001c82b081520,
0x000001c82b0825c0, 0x000001c82b0852c0, 0x000001c82b1fefd0, 0x000001c82b226f50,
0x000001c832801e50, 0x000001c832802b30, 0x000001c832647d30, 0x000001c832645b80,
0x000001c8326469f0, 0x000001c832648200, 0x000001c8326486d0, 0x000001c8326451e0
}

Java Threads: ( => current thread )
  0x000001c8014d8e00 JavaThread "main" [_thread_blocked, id=21492, stack(0x000000bc12500000,0x000000bc12600000)]
  0x000001c82b031cb0 JavaThread "Reference Handler" daemon [_thread_blocked, id=4276, stack(0x000000bc12c00000,0x000000bc12d00000)]
  0x000001c82b033350 JavaThread "Finalizer" daemon [_thread_blocked, id=11896, stack(0x000000bc12d00000,0x000000bc12e00000)]
  0x000001c82b038d10 JavaThread "Signal Dispatcher" daemon [_thread_blocked, id=11360, stack(0x000000bc12e00000,0x000000bc12f00000)]
  0x000001c82b078420 JavaThread "Attach Listener" daemon [_thread_blocked, id=6580, stack(0x000000bc12f00000,0x000000bc13000000)]
  0x000001c82b07b490 JavaThread "Service Thread" daemon [_thread_blocked, id=5452, stack(0x000000bc13000000,0x000000bc13100000)]
  0x000001c82b07cc90 JavaThread "Monitor Deflation Thread" daemon [_thread_blocked, id=5540, stack(0x000000bc13100000,0x000000bc13200000)]
  0x000001c82b081520 JavaThread "C2 CompilerThread0" daemon [_thread_blocked, id=30052, stack(0x000000bc13200000,0x000000bc13300000)]
  0x000001c82b0825c0 JavaThread "C1 CompilerThread0" daemon [_thread_blocked, id=13844, stack(0x000000bc13300000,0x000000bc13400000)]
  0x000001c82b0852c0 JavaThread "Sweeper thread" daemon [_thread_blocked, id=36216, stack(0x000000bc13400000,0x000000bc13500000)]
  0x000001c82b1fefd0 JavaThread "Notification Thread" daemon [_thread_blocked, id=30088, stack(0x000000bc13500000,0x000000bc13600000)]
  0x000001c82b226f50 JavaThread "Common-Cleaner" daemon [_thread_blocked, id=36024, stack(0x000000bc13700000,0x000000bc13800000)]
  0x000001c832801e50 JavaThread "pool-1-thread-1" [_thread_blocked, id=20132, stack(0x000000bc14b00000,0x000000bc14c00000)]
  0x000001c832802b30 JavaThread "pool-1-thread-2" [_thread_blocked, id=29708, stack(0x000000bc14c00000,0x000000bc14d00000)]
  0x000001c832647d30 JavaThread "pool-1-thread-3" [_thread_blocked, id=31368, stack(0x000000bc14d00000,0x000000bc14e00000)]
  0x000001c832645b80 JavaThread "pool-1-thread-4" [_thread_blocked, id=14608, stack(0x000000bc14e00000,0x000000bc14f00000)]
  0x000001c8326469f0 JavaThread "pool-1-thread-5" [_thread_blocked, id=13568, stack(0x000000bc14f00000,0x000000bc15000000)]
  0x000001c832648200 JavaThread "pool-1-thread-6" [_thread_blocked, id=35944, stack(0x000000bc15000000,0x000000bc15100000)]
  0x000001c8326486d0 JavaThread "pool-1-thread-7" [_thread_blocked, id=10688, stack(0x000000bc15100000,0x000000bc15200000)]
  0x000001c8326451e0 JavaThread "pool-1-thread-8" [_thread_blocked, id=35448, stack(0x000000bc15200000,0x000000bc15300000)]

Other Threads:
=>0x000001c826c81b50 VMThread "VM Thread" [stack: 0x000000bc12b00000,0x000000bc12c00000] [id=34020]
  0x000001c82b1ff6b0 WatcherThread [stack: 0x000000bc13600000,0x000000bc13700000] [id=33900]
  0x000001c801563510 GCTaskThread "GC Thread#0" [stack: 0x000000bc12600000,0x000000bc12700000] [id=14688]
  0x000001c831ea7050 GCTaskThread "GC Thread#1" [stack: 0x000000bc13f00000,0x000000bc14000000] [id=36368]
  0x000001c831f8b520 GCTaskThread "GC Thread#2" [stack: 0x000000bc14000000,0x000000bc14100000] [id=32348]
  0x000001c8320875b0 GCTaskThread "GC Thread#3" [stack: 0x000000bc14100000,0x000000bc14200000] [id=5076]
  0x000001c8323a0f10 GCTaskThread "GC Thread#4" [stack: 0x000000bc14200000,0x000000bc14300000] [id=13944]
  0x000001c832386fa0 GCTaskThread "GC Thread#5" [stack: 0x000000bc14300000,0x000000bc14400000] [id=35888]
  0x000001c83211cce0 GCTaskThread "GC Thread#6" [stack: 0x000000bc14400000,0x000000bc14500000] [id=23232]
  0x000001c831d05f40 GCTaskThread "GC Thread#7" [stack: 0x000000bc14500000,0x000000bc14600000] [id=7812]
  0x000001c801570ac0 ConcurrentGCThread "G1 Main Marker" [stack: 0x000000bc12700000,0x000000bc12800000] [id=18984]
  0x000001c8015713e0 ConcurrentGCThread "G1 Conc#0" [stack: 0x000000bc12800000,0x000000bc12900000] [id=10044]
  0x000001c80159e4b0 ConcurrentGCThread "G1 Refine#0" [stack: 0x000000bc12900000,0x000000bc12a00000] [id=16272]
  0x000001c8364a95e0 ConcurrentGCThread "G1 Refine#1" [stack: 0x000000bc13e00000,0x000000bc13f00000] [id=33400]
  0x000001c8323ed2c0 ConcurrentGCThread "G1 Refine#2" [stack: 0x000000bc14600000,0x000000bc14700000] [id=32180]
  0x000001c8323efb70 ConcurrentGCThread "G1 Refine#3" [stack: 0x000000bc14700000,0x000000bc14800000] [id=8972]
  0x000001c8369529a0 ConcurrentGCThread "G1 Refine#4" [stack: 0x000000bc14800000,0x000000bc14900000] [id=14184]
  0x000001c836a89ef0 ConcurrentGCThread "G1 Refine#5" [stack: 0x000000bc14900000,0x000000bc14a00000] [id=22368]
  0x000001c8364a98c0 ConcurrentGCThread "G1 Refine#6" [stack: 0x000000bc14a00000,0x000000bc14b00000] [id=31776]
  0x000001c8323efe50 ConcurrentGCThread "G1 Refine#7" [stack: 0x000000bc15300000,0x000000bc15400000] [id=35808]
  0x000001c826b351a0 ConcurrentGCThread "G1 Service" [stack: 0x000000bc12a00000,0x000000bc12b00000] [id=34132]

Threads with active compile tasks:

VM state: at safepoint (normal execution)

VM Mutex/Monitor currently owned by a thread:  ([mutex/lock_event])
[0x000001c8014d3b20] Threads_lock - owner thread: 0x000001c826c81b50
[0x000001c8014d48a0] Heap_lock - owner thread: 0x000001c8326451e0

Heap address: 0x0000000680800000, size: 6136 MB, Compressed Oops mode: Zero based, Oop shift amount: 3

CDS archive(s) not mapped
Compressed class space mapped at: 0x0000000800000000-0x0000000840000000, reserved size: 1073741824
Narrow klass base: 0x0000000800000000, Narrow klass shift: 0, Narrow klass range: 0x40000000

GC Precious Log:
 CPUs: 8 total, 8 available
 Memory: 24540M
 Large Page Support: Disabled
 NUMA Support: Disabled
 Compressed Oops: Enabled (Zero based)
 Heap Region Size: 4M
 Heap Min Capacity: 8M
 Heap Initial Capacity: 384M
 Heap Max Capacity: 6136M
 Pre-touch: Disabled
 Parallel Workers: 8
 Concurrent Workers: 2
 Concurrent Refinement Workers: 8
 Periodic GC: Disabled

Heap:
 garbage-first heap   total 2859008K, used 381052K [0x0000000680800000, 0x0000000800000000)
  region size 4096K, 12 young (49152K), 12 survivors (49152K)
 Metaspace       used 14304K, committed 14464K, reserved 1114112K
  class space    used 995K, committed 1088K, reserved 1048576K

Heap Regions: E=young(eden), S=young(survivor), O=old, HS=humongous(starts), HC=humongous(continues), CS=collection set, F=free, OA=open archive, CA=closed archive, TAMS=top-at-mark-start (previous, next)
|   0|0x0000000680800000, 0x0000000680c00000, 0x0000000680c00000|100%|HS|  |TAMS 0x0000000680800000, 0x0000000680800000| Complete 
|   1|0x0000000680c00000, 0x0000000681000000, 0x0000000681000000|100%|HC|  |TAMS 0x0000000680c00000, 0x0000000680c00000| Complete 
|   2|0x0000000681000000, 0x0000000681400000, 0x0000000681400000|100%|HC|  |TAMS 0x0000000681000000, 0x0000000681000000| Complete 
|   3|0x0000000681400000, 0x0000000681800000, 0x0000000681800000|100%| O|  |TAMS 0x0000000681400000, 0x0000000681400000| Untracked 
|   4|0x0000000681800000, 0x0000000681c00000, 0x0000000681c00000|100%|HS|  |TAMS 0x0000000681800000, 0x0000000681800000| Complete 
|   5|0x0000000681c00000, 0x0000000682000000, 0x0000000682000000|100%|HC|  |TAMS 0x0000000681c00000, 0x0000000681c00000| Complete 
|   6|0x0000000682000000, 0x0000000682400000, 0x0000000682400000|100%|HC|  |TAMS 0x0000000682000000, 0x0000000682000000| Complete 
|   7|0x0000000682400000, 0x0000000682800000, 0x0000000682800000|100%|HC|  |TAMS 0x0000000682400000, 0x0000000682400000| Complete 
|   8|0x0000000682800000, 0x0000000682c00000, 0x0000000682c00000|100%|HS|  |TAMS 0x0000000682800000, 0x0000000682800000| Complete 
|   9|0x0000000682c00000, 0x0000000683000000, 0x0000000683000000|100%|HS|  |TAMS 0x0000000682c00000, 0x0000000682c00000| Complete 
|  10|0x0000000683000000, 0x0000000683400000, 0x0000000683400000|100%|HS|  |TAMS 0x0000000683000000, 0x0000000683000000| Complete 
|  11|0x0000000683400000, 0x0000000683800000, 0x0000000683800000|100%|HS|  |TAMS 0x0000000683400000, 0x0000000683400000| Complete 
|  12|0x0000000683800000, 0x0000000683c00000, 0x0000000683c00000|100%|HS|  |TAMS 0x0000000683800000, 0x0000000683800000| Complete 
|  13|0x0000000683c00000, 0x0000000684000000, 0x0000000684000000|100%|HS|  |TAMS 0x0000000683c00000, 0x0000000683c00000| Complete 
|  14|0x0000000684000000, 0x0000000684400000, 0x0000000684400000|100%|HS|  |TAMS 0x0000000684000000, 0x0000000684000000| Complete 
|  15|0x0000000684400000, 0x0000000684800000, 0x0000000684800000|100%|HS|  |TAMS 0x0000000684400000, 0x0000000684400000| Complete 
|  16|0x0000000684800000, 0x0000000684c00000, 0x0000000684c00000|100%|HS|  |TAMS 0x0000000684800000, 0x0000000684800000| Complete 
|  17|0x0000000684c00000, 0x0000000685000000, 0x0000000685000000|100%|HS|  |TAMS 0x0000000684c00000, 0x0000000684c00000| Complete 
|  18|0x0000000685000000, 0x0000000685400000, 0x0000000685400000|100%|HS|  |TAMS 0x0000000685000000, 0x0000000685000000| Complete 
|  19|0x0000000685400000, 0x0000000685800000, 0x0000000685800000|100%|HS|  |TAMS 0x0000000685400000, 0x0000000685400000| Complete 
|  20|0x0000000685800000, 0x0000000685c00000, 0x0000000685c00000|100%|HS|  |TAMS 0x0000000685800000, 0x0000000685800000| Complete 
|  21|0x0000000685c00000, 0x0000000686000000, 0x0000000686000000|100%| O|  |TAMS 0x0000000685c00000, 0x0000000685c00000| Untracked 
|  22|0x0000000686000000, 0x0000000686400000, 0x0000000686400000|100%| O|  |TAMS 0x0000000686000000, 0x0000000686000000| Untracked 
|  23|0x0000000686400000, 0x0000000686800000, 0x0000000686800000|100%| O|  |TAMS 0x0000000686400000, 0x0000000686400000| Untracked 
|  24|0x0000000686800000, 0x0000000686c00000, 0x0000000686c00000|100%| O|  |TAMS 0x0000000686800000, 0x0000000686800000| Untracked 
|  25|0x0000000686c00000, 0x0000000687000000, 0x0000000687000000|100%| O|  |TAMS 0x0000000686c00000, 0x0000000686c00000| Untracked 
|  26|0x0000000687000000, 0x0000000687400000, 0x0000000687400000|100%| O|  |TAMS 0x0000000687000000, 0x0000000687000000| Untracked 
|  27|0x0000000687400000, 0x0000000687800000, 0x0000000687800000|100%| O|  |TAMS 0x0000000687400000, 0x0000000687400000| Untracked 
|  28|0x0000000687800000, 0x0000000687c00000, 0x0000000687c00000|100%| O|  |TAMS 0x0000000687800000, 0x0000000687800000| Untracked 
|  29|0x0000000687c00000, 0x0000000688000000, 0x0000000688000000|100%| O|  |TAMS 0x0000000687c00000, 0x0000000687c00000| Untracked 
|  30|0x0000000688000000, 0x0000000688400000, 0x0000000688400000|100%| O|  |TAMS 0x0000000688000000, 0x0000000688000000| Untracked 
|  31|0x0000000688400000, 0x0000000688800000, 0x0000000688800000|100%| O|  |TAMS 0x0000000688400000, 0x0000000688400000| Untracked 
|  32|0x0000000688800000, 0x0000000688c00000, 0x0000000688c00000|100%|HS|  |TAMS 0x0000000688800000, 0x0000000688800000| Complete 
|  33|0x0000000688c00000, 0x0000000689000000, 0x0000000689000000|100%|HS|  |TAMS 0x0000000688c00000, 0x0000000688c00000| Complete 
|  34|0x0000000689000000, 0x0000000689400000, 0x0000000689400000|100%| O|  |TAMS 0x0000000689000000, 0x0000000689000000| Untracked 
|  35|0x0000000689400000, 0x0000000689800000, 0x0000000689800000|100%| O|  |TAMS 0x0000000689400000, 0x0000000689400000| Untracked 
|  36|0x0000000689800000, 0x0000000689c00000, 0x0000000689c00000|100%| O|  |TAMS 0x0000000689800000, 0x0000000689800000| Untracked 
|  37|0x0000000689c00000, 0x000000068a000000, 0x000000068a000000|100%| O|  |TAMS 0x0000000689c00000, 0x0000000689c00000| Untracked 
|  38|0x000000068a000000, 0x000000068a400000, 0x000000068a400000|100%|HS|  |TAMS 0x000000068a000000, 0x000000068a000000| Complete 
|  39|0x000000068a400000, 0x000000068a800000, 0x000000068a800000|100%| O|  |TAMS 0x000000068a400000, 0x000000068a400000| Untracked 
|  40|0x000000068a800000, 0x000000068ac00000, 0x000000068ac00000|100%| O|  |TAMS 0x000000068a800000, 0x000000068a800000| Untracked 
|  41|0x000000068ac00000, 0x000000068b000000, 0x000000068b000000|100%| O|  |TAMS 0x000000068ac00000, 0x000000068ac00000| Untracked 
|  42|0x000000068b000000, 0x000000068b400000, 0x000000068b400000|100%|HS|  |TAMS 0x000000068b000000, 0x000000068b000000| Complete 
|  43|0x000000068b400000, 0x000000068b800000, 0x000000068b800000|100%|HS|  |TAMS 0x000000068b400000, 0x000000068b400000| Complete 
|  44|0x000000068b800000, 0x000000068bc00000, 0x000000068bc00000|100%|HS|  |TAMS 0x000000068b800000, 0x000000068b800000| Complete 
|  45|0x000000068bc00000, 0x000000068c000000, 0x000000068c000000|100%|HS|  |TAMS 0x000000068bc00000, 0x000000068bc00000| Complete 
|  46|0x000000068c000000, 0x000000068c400000, 0x000000068c400000|100%| O|  |TAMS 0x000000068c000000, 0x000000068c000000| Untracked 
|  47|0x000000068c400000, 0x000000068c800000, 0x000000068c800000|100%|HS|  |TAMS 0x000000068c400000, 0x000000068c400000| Complete 
|  48|0x000000068c800000, 0x000000068cc00000, 0x000000068cc00000|100%|HS|  |TAMS 0x000000068c800000, 0x000000068c800000| Complete 
|  49|0x000000068cc00000, 0x000000068d000000, 0x000000068d000000|100%|HS|  |TAMS 0x000000068cc00000, 0x000000068cc00000| Complete 
|  50|0x000000068d000000, 0x000000068d400000, 0x000000068d400000|100%| O|  |TAMS 0x000000068d000000, 0x000000068d000000| Untracked 
|  51|0x000000068d400000, 0x000000068d800000, 0x000000068d800000|100%| O|  |TAMS 0x000000068d400000, 0x000000068d400000| Untracked 
|  52|0x000000068d800000, 0x000000068dc00000, 0x000000068dc00000|100%| O|  |TAMS 0x000000068d800000, 0x000000068d800000| Untracked 
|  53|0x000000068dc00000, 0x000000068e000000, 0x000000068e000000|100%| O|  |TAMS 0x000000068dc00000, 0x000000068dc00000| Untracked 
|  54|0x000000068e000000, 0x000000068e400000, 0x000000068e400000|100%| O|  |TAMS 0x000000068e000000, 0x000000068e000000| Untracked 
|  55|0x000000068e400000, 0x000000068e800000, 0x000000068e800000|100%| O|  |TAMS 0x000000068e400000, 0x000000068e400000| Untracked 
|  56|0x000000068e800000, 0x000000068ec00000, 0x000000068ec00000|100%| O|  |TAMS 0x000000068e800000, 0x000000068e800000| Untracked 
|  57|0x000000068ec00000, 0x000000068f000000, 0x000000068f000000|100%| O|  |TAMS 0x000000068ec00000, 0x000000068ec00000| Untracked 
|  58|0x000000068f000000, 0x000000068f400000, 0x000000068f400000|100%| O|  |TAMS 0x000000068f000000, 0x000000068f000000| Untracked 
|  59|0x000000068f400000, 0x000000068f800000, 0x000000068f800000|100%| O|  |TAMS 0x000000068f400000, 0x000000068f400000| Untracked 
|  60|0x000000068f800000, 0x000000068fc00000, 0x000000068fc00000|100%| O|  |TAMS 0x000000068f800000, 0x000000068f800000| Untracked 
|  61|0x000000068fc00000, 0x0000000690000000, 0x0000000690000000|100%| O|  |TAMS 0x000000068fc00000, 0x000000068fc00000| Untracked 
|  62|0x0000000690000000, 0x0000000690400000, 0x0000000690400000|100%| O|  |TAMS 0x0000000690000000, 0x0000000690000000| Untracked 
|  63|0x0000000690400000, 0x0000000690800000, 0x0000000690800000|100%| O|  |TAMS 0x0000000690400000, 0x0000000690400000| Untracked 
|  64|0x0000000690800000, 0x0000000690a65600, 0x0000000690c00000| 59%| O|  |TAMS 0x0000000690800000, 0x0000000690800000| Untracked 
|  65|0x0000000690c00000, 0x0000000691000000, 0x0000000691000000|100%|HS|  |TAMS 0x0000000690c00000, 0x0000000690c00000| Complete 
|  66|0x0000000691000000, 0x0000000691400000, 0x0000000691400000|100%|HS|  |TAMS 0x0000000691000000, 0x0000000691000000| Complete 
|  67|0x0000000691400000, 0x0000000691800000, 0x0000000691800000|100%|HS|  |TAMS 0x0000000691400000, 0x0000000691400000| Complete 
|  68|0x0000000691800000, 0x0000000691c00000, 0x0000000691c00000|100%|HS|  |TAMS 0x0000000691800000, 0x0000000691800000| Complete 
|  69|0x0000000691c00000, 0x0000000692000000, 0x0000000692000000|100%|HS|  |TAMS 0x0000000691c00000, 0x0000000691c00000| Complete 
|  70|0x0000000692000000, 0x0000000692400000, 0x0000000692400000|100%|HS|  |TAMS 0x0000000692000000, 0x0000000692000000| Complete 
|  71|0x0000000692400000, 0x0000000692800000, 0x0000000692800000|100%|HS|  |TAMS 0x0000000692400000, 0x0000000692400000| Complete 
|  72|0x0000000692800000, 0x0000000692c00000, 0x0000000692c00000|100%|HS|  |TAMS 0x0000000692800000, 0x0000000692800000| Complete 
|  73|0x0000000692c00000, 0x0000000693000000, 0x0000000693000000|100%|HS|  |TAMS 0x0000000692c00000, 0x0000000692c00000| Complete 
|  74|0x0000000693000000, 0x0000000693400000, 0x0000000693400000|100%|HS|  |TAMS 0x0000000693000000, 0x0000000693000000| Complete 
|  75|0x0000000693400000, 0x0000000693800000, 0x0000000693800000|100%|HS|  |TAMS 0x0000000693400000, 0x0000000693400000| Complete 
|  76|0x0000000693800000, 0x0000000693c00000, 0x0000000693c00000|100%|HS|  |TAMS 0x0000000693800000, 0x0000000693800000| Complete 
|  77|0x0000000693c00000, 0x0000000694000000, 0x0000000694000000|100%|HS|  |TAMS 0x0000000693c00000, 0x0000000693c00000| Complete 
|  78|0x0000000694000000, 0x0000000694400000, 0x0000000694400000|100%|HS|  |TAMS 0x0000000694000000, 0x0000000694000000| Complete 
|  79|0x0000000694400000, 0x0000000694800000, 0x0000000694800000|100%|HS|  |TAMS 0x0000000694400000, 0x0000000694400000| Complete 
|  80|0x0000000694800000, 0x0000000694c00000, 0x0000000694c00000|100%|HS|  |TAMS 0x0000000694800000, 0x0000000694800000| Complete 
|  81|0x0000000694c00000, 0x0000000694c00000, 0x0000000695000000|  0%| F|  |TAMS 0x0000000694c00000, 0x0000000694c00000| Untracked 
|  82|0x0000000695000000, 0x0000000695000000, 0x0000000695400000|  0%| F|  |TAMS 0x0000000695000000, 0x0000000695000000| Untracked 
|  83|0x0000000695400000, 0x0000000695400000, 0x0000000695800000|  0%| F|  |TAMS 0x0000000695400000, 0x0000000695400000| Untracked 
|  84|0x0000000695800000, 0x0000000695800000, 0x0000000695c00000|  0%| F|  |TAMS 0x0000000695800000, 0x0000000695800000| Untracked 
|  85|0x0000000695c00000, 0x0000000695c00000, 0x0000000696000000|  0%| F|  |TAMS 0x0000000695c00000, 0x0000000695c00000| Untracked 
|  86|0x0000000696000000, 0x0000000696000000, 0x0000000696400000|  0%| F|  |TAMS 0x0000000696000000, 0x0000000696000000| Untracked 
|  87|0x0000000696400000, 0x0000000696400000, 0x0000000696800000|  0%| F|  |TAMS 0x0000000696400000, 0x0000000696400000| Untracked 
|  88|0x0000000696800000, 0x0000000696800000, 0x0000000696c00000|  0%| F|  |TAMS 0x0000000696800000, 0x0000000696800000| Untracked 
|  89|0x0000000696c00000, 0x0000000696c00000, 0x0000000697000000|  0%| F|  |TAMS 0x0000000696c00000, 0x0000000696c00000| Untracked 
|  90|0x0000000697000000, 0x0000000697000000, 0x0000000697400000|  0%| F|  |TAMS 0x0000000697000000, 0x0000000697000000| Untracked 
|  91|0x0000000697400000, 0x0000000697400000, 0x0000000697800000|  0%| F|  |TAMS 0x0000000697400000, 0x0000000697400000| Untracked 
|  92|0x0000000697800000, 0x0000000697800000, 0x0000000697c00000|  0%| F|  |TAMS 0x0000000697800000, 0x0000000697800000| Untracked 
|  93|0x0000000697c00000, 0x0000000697c00000, 0x0000000698000000|  0%| F|  |TAMS 0x0000000697c00000, 0x0000000697c00000| Untracked 
|  94|0x0000000698000000, 0x0000000698000000, 0x0000000698400000|  0%| F|  |TAMS 0x0000000698000000, 0x0000000698000000| Untracked 
|  95|0x0000000698400000, 0x0000000698400000, 0x0000000698800000|  0%| F|  |TAMS 0x0000000698400000, 0x0000000698400000| Untracked 
|  96|0x0000000698800000, 0x0000000698800000, 0x0000000698c00000|  0%| F|  |TAMS 0x0000000698800000, 0x0000000698800000| Untracked 
|  97|0x0000000698c00000, 0x0000000698c00000, 0x0000000699000000|  0%| F|  |TAMS 0x0000000698c00000, 0x0000000698c00000| Untracked 
|  98|0x0000000699000000, 0x0000000699000000, 0x0000000699400000|  0%| F|  |TAMS 0x0000000699000000, 0x0000000699000000| Untracked 
|  99|0x0000000699400000, 0x0000000699400000, 0x0000000699800000|  0%| F|  |TAMS 0x0000000699400000, 0x0000000699400000| Untracked 
| 100|0x0000000699800000, 0x0000000699800000, 0x0000000699c00000|  0%| F|  |TAMS 0x0000000699800000, 0x0000000699800000| Untracked 
| 101|0x0000000699c00000, 0x0000000699c00000, 0x000000069a000000|  0%| F|  |TAMS 0x0000000699c00000, 0x0000000699c00000| Untracked 
| 102|0x000000069a000000, 0x000000069a000000, 0x000000069a400000|  0%| F|  |TAMS 0x000000069a000000, 0x000000069a000000| Untracked 
| 103|0x000000069a400000, 0x000000069a400000, 0x000000069a800000|  0%| F|  |TAMS 0x000000069a400000, 0x000000069a400000| Untracked 
| 104|0x000000069a800000, 0x000000069a800000, 0x000000069ac00000|  0%| F|  |TAMS 0x000000069a800000, 0x000000069a800000| Untracked 
| 105|0x000000069ac00000, 0x000000069ac00000, 0x000000069b000000|  0%| F|  |TAMS 0x000000069ac00000, 0x000000069ac00000| Untracked 
| 106|0x000000069b000000, 0x000000069b000000, 0x000000069b400000|  0%| F|  |TAMS 0x000000069b000000, 0x000000069b000000| Untracked 
| 107|0x000000069b400000, 0x000000069b400000, 0x000000069b800000|  0%| F|  |TAMS 0x000000069b400000, 0x000000069b400000| Untracked 
| 108|0x000000069b800000, 0x000000069b800000, 0x000000069bc00000|  0%| F|  |TAMS 0x000000069b800000, 0x000000069b800000| Untracked 
| 109|0x000000069bc00000, 0x000000069bc00000, 0x000000069c000000|  0%| F|  |TAMS 0x000000069bc00000, 0x000000069bc00000| Untracked 
| 110|0x000000069c000000, 0x000000069c000000, 0x000000069c400000|  0%| F|  |TAMS 0x000000069c000000, 0x000000069c000000| Untracked 
| 111|0x000000069c400000, 0x000000069c400000, 0x000000069c800000|  0%| F|  |TAMS 0x000000069c400000, 0x000000069c400000| Untracked 
| 112|0x000000069c800000, 0x000000069c800000, 0x000000069cc00000|  0%| F|  |TAMS 0x000000069c800000, 0x000000069c800000| Untracked 
| 113|0x000000069cc00000, 0x000000069cc00000, 0x000000069d000000|  0%| F|  |TAMS 0x000000069cc00000, 0x000000069cc00000| Untracked 
| 114|0x000000069d000000, 0x000000069d000000, 0x000000069d400000|  0%| F|  |TAMS 0x000000069d000000, 0x000000069d000000| Untracked 
| 115|0x000000069d400000, 0x000000069d400000, 0x000000069d800000|  0%| F|  |TAMS 0x000000069d400000, 0x000000069d400000| Untracked 
| 116|0x000000069d800000, 0x000000069d800000, 0x000000069dc00000|  0%| F|  |TAMS 0x000000069d800000, 0x000000069d800000| Untracked 
| 117|0x000000069dc00000, 0x000000069dc00000, 0x000000069e000000|  0%| F|  |TAMS 0x000000069dc00000, 0x000000069dc00000| Untracked 
| 118|0x000000069e000000, 0x000000069e000000, 0x000000069e400000|  0%| F|  |TAMS 0x000000069e000000, 0x000000069e000000| Untracked 
| 119|0x000000069e400000, 0x000000069e400000, 0x000000069e800000|  0%| F|  |TAMS 0x000000069e400000, 0x000000069e400000| Untracked 
| 120|0x000000069e800000, 0x000000069e800000, 0x000000069ec00000|  0%| F|  |TAMS 0x000000069e800000, 0x000000069e800000| Untracked 
| 121|0x000000069ec00000, 0x000000069ec00000, 0x000000069f000000|  0%| F|  |TAMS 0x000000069ec00000, 0x000000069ec00000| Untracked 
| 122|0x000000069f000000, 0x000000069f000000, 0x000000069f400000|  0%| F|  |TAMS 0x000000069f000000, 0x000000069f000000| Untracked 
| 123|0x000000069f400000, 0x000000069f400000, 0x000000069f800000|  0%| F|  |TAMS 0x000000069f400000, 0x000000069f400000| Untracked 
| 124|0x000000069f800000, 0x000000069f800000, 0x000000069fc00000|  0%| F|  |TAMS 0x000000069f800000, 0x000000069f800000| Untracked 
| 125|0x000000069fc00000, 0x000000069fc00000, 0x00000006a0000000|  0%| F|  |TAMS 0x000000069fc00000, 0x000000069fc00000| Untracked 
| 126|0x00000006a0000000, 0x00000006a0000000, 0x00000006a0400000|  0%| F|  |TAMS 0x00000006a0000000, 0x00000006a0000000| Untracked 
| 127|0x00000006a0400000, 0x00000006a0400000, 0x00000006a0800000|  0%| F|  |TAMS 0x00000006a0400000, 0x00000006a0400000| Untracked 
| 128|0x00000006a0800000, 0x00000006a0800000, 0x00000006a0c00000|  0%| F|  |TAMS 0x00000006a0800000, 0x00000006a0800000| Untracked 
| 129|0x00000006a0c00000, 0x00000006a0c00000, 0x00000006a1000000|  0%| F|  |TAMS 0x00000006a0c00000, 0x00000006a0c00000| Untracked 
| 130|0x00000006a1000000, 0x00000006a1000000, 0x00000006a1400000|  0%| F|  |TAMS 0x00000006a1000000, 0x00000006a1000000| Untracked 
| 131|0x00000006a1400000, 0x00000006a1400000, 0x00000006a1800000|  0%| F|  |TAMS 0x00000006a1400000, 0x00000006a1400000| Untracked 
| 132|0x00000006a1800000, 0x00000006a1800000, 0x00000006a1c00000|  0%| F|  |TAMS 0x00000006a1800000, 0x00000006a1800000| Untracked 
| 133|0x00000006a1c00000, 0x00000006a1c00000, 0x00000006a2000000|  0%| F|  |TAMS 0x00000006a1c00000, 0x00000006a1c00000| Untracked 
| 134|0x00000006a2000000, 0x00000006a2000000, 0x00000006a2400000|  0%| F|  |TAMS 0x00000006a2000000, 0x00000006a2000000| Untracked 
| 135|0x00000006a2400000, 0x00000006a2400000, 0x00000006a2800000|  0%| F|  |TAMS 0x00000006a2400000, 0x00000006a2400000| Untracked 
| 136|0x00000006a2800000, 0x00000006a2800000, 0x00000006a2c00000|  0%| F|  |TAMS 0x00000006a2800000, 0x00000006a2800000| Untracked 
| 137|0x00000006a2c00000, 0x00000006a2c00000, 0x00000006a3000000|  0%| F|  |TAMS 0x00000006a2c00000, 0x00000006a2c00000| Untracked 
| 138|0x00000006a3000000, 0x00000006a3000000, 0x00000006a3400000|  0%| F|  |TAMS 0x00000006a3000000, 0x00000006a3000000| Untracked 
| 139|0x00000006a3400000, 0x00000006a3400000, 0x00000006a3800000|  0%| F|  |TAMS 0x00000006a3400000, 0x00000006a3400000| Untracked 
| 140|0x00000006a3800000, 0x00000006a3800000, 0x00000006a3c00000|  0%| F|  |TAMS 0x00000006a3800000, 0x00000006a3800000| Untracked 
| 141|0x00000006a3c00000, 0x00000006a3c00000, 0x00000006a4000000|  0%| F|  |TAMS 0x00000006a3c00000, 0x00000006a3c00000| Untracked 
| 142|0x00000006a4000000, 0x00000006a4000000, 0x00000006a4400000|  0%| F|  |TAMS 0x00000006a4000000, 0x00000006a4000000| Untracked 
| 143|0x00000006a4400000, 0x00000006a4400000, 0x00000006a4800000|  0%| F|  |TAMS 0x00000006a4400000, 0x00000006a4400000| Untracked 
| 144|0x00000006a4800000, 0x00000006a4800000, 0x00000006a4c00000|  0%| F|  |TAMS 0x00000006a4800000, 0x00000006a4800000| Untracked 
| 145|0x00000006a4c00000, 0x00000006a4c00000, 0x00000006a5000000|  0%| F|  |TAMS 0x00000006a4c00000, 0x00000006a4c00000| Untracked 
| 146|0x00000006a5000000, 0x00000006a5000000, 0x00000006a5400000|  0%| F|  |TAMS 0x00000006a5000000, 0x00000006a5000000| Untracked 
| 147|0x00000006a5400000, 0x00000006a5400000, 0x00000006a5800000|  0%| F|  |TAMS 0x00000006a5400000, 0x00000006a5400000| Untracked 
| 148|0x00000006a5800000, 0x00000006a5800000, 0x00000006a5c00000|  0%| F|  |TAMS 0x00000006a5800000, 0x00000006a5800000| Untracked 
| 149|0x00000006a5c00000, 0x00000006a5c00000, 0x00000006a6000000|  0%| F|  |TAMS 0x00000006a5c00000, 0x00000006a5c00000| Untracked 
| 150|0x00000006a6000000, 0x00000006a6000000, 0x00000006a6400000|  0%| F|  |TAMS 0x00000006a6000000, 0x00000006a6000000| Untracked 
| 151|0x00000006a6400000, 0x00000006a6400000, 0x00000006a6800000|  0%| F|  |TAMS 0x00000006a6400000, 0x00000006a6400000| Untracked 
| 152|0x00000006a6800000, 0x00000006a6800000, 0x00000006a6c00000|  0%| F|  |TAMS 0x00000006a6800000, 0x00000006a6800000| Untracked 
| 153|0x00000006a6c00000, 0x00000006a6c00000, 0x00000006a7000000|  0%| F|  |TAMS 0x00000006a6c00000, 0x00000006a6c00000| Untracked 
| 154|0x00000006a7000000, 0x00000006a7000000, 0x00000006a7400000|  0%| F|  |TAMS 0x00000006a7000000, 0x00000006a7000000| Untracked 
| 155|0x00000006a7400000, 0x00000006a7400000, 0x00000006a7800000|  0%| F|  |TAMS 0x00000006a7400000, 0x00000006a7400000| Untracked 
| 156|0x00000006a7800000, 0x00000006a7800000, 0x00000006a7c00000|  0%| F|  |TAMS 0x00000006a7800000, 0x00000006a7800000| Untracked 
| 157|0x00000006a7c00000, 0x00000006a7c00000, 0x00000006a8000000|  0%| F|  |TAMS 0x00000006a7c00000, 0x00000006a7c00000| Untracked 
| 158|0x00000006a8000000, 0x00000006a8000000, 0x00000006a8400000|  0%| F|  |TAMS 0x00000006a8000000, 0x00000006a8000000| Untracked 
| 159|0x00000006a8400000, 0x00000006a8400000, 0x00000006a8800000|  0%| F|  |TAMS 0x00000006a8400000, 0x00000006a8400000| Untracked 
| 160|0x00000006a8800000, 0x00000006a8800000, 0x00000006a8c00000|  0%| F|  |TAMS 0x00000006a8800000, 0x00000006a8800000| Untracked 
| 161|0x00000006a8c00000, 0x00000006a8c00000, 0x00000006a9000000|  0%| F|  |TAMS 0x00000006a8c00000, 0x00000006a8c00000| Untracked 
| 162|0x00000006a9000000, 0x00000006a9000000, 0x00000006a9400000|  0%| F|  |TAMS 0x00000006a9000000, 0x00000006a9000000| Untracked 
| 163|0x00000006a9400000, 0x00000006a9400000, 0x00000006a9800000|  0%| F|  |TAMS 0x00000006a9400000, 0x00000006a9400000| Untracked 
| 164|0x00000006a9800000, 0x00000006a9800000, 0x00000006a9c00000|  0%| F|  |TAMS 0x00000006a9800000, 0x00000006a9800000| Untracked 
| 165|0x00000006a9c00000, 0x00000006a9c00000, 0x00000006aa000000|  0%| F|  |TAMS 0x00000006a9c00000, 0x00000006a9c00000| Untracked 
| 166|0x00000006aa000000, 0x00000006aa000000, 0x00000006aa400000|  0%| F|  |TAMS 0x00000006aa000000, 0x00000006aa000000| Untracked 
| 167|0x00000006aa400000, 0x00000006aa400000, 0x00000006aa800000|  0%| F|  |TAMS 0x00000006aa400000, 0x00000006aa400000| Untracked 
| 168|0x00000006aa800000, 0x00000006aa800000, 0x00000006aac00000|  0%| F|  |TAMS 0x00000006aa800000, 0x00000006aa800000| Untracked 
| 169|0x00000006aac00000, 0x00000006aac00000, 0x00000006ab000000|  0%| F|  |TAMS 0x00000006aac00000, 0x00000006aac00000| Untracked 
| 170|0x00000006ab000000, 0x00000006ab000000, 0x00000006ab400000|  0%| F|  |TAMS 0x00000006ab000000, 0x00000006ab000000| Untracked 
| 171|0x00000006ab400000, 0x00000006ab400000, 0x00000006ab800000|  0%| F|  |TAMS 0x00000006ab400000, 0x00000006ab400000| Untracked 
| 172|0x00000006ab800000, 0x00000006ab800000, 0x00000006abc00000|  0%| F|  |TAMS 0x00000006ab800000, 0x00000006ab800000| Untracked 
| 173|0x00000006abc00000, 0x00000006abc00000, 0x00000006ac000000|  0%| F|  |TAMS 0x00000006abc00000, 0x00000006abc00000| Untracked 
| 174|0x00000006ac000000, 0x00000006ac000000, 0x00000006ac400000|  0%| F|  |TAMS 0x00000006ac000000, 0x00000006ac000000| Untracked 
| 175|0x00000006ac400000, 0x00000006ac400000, 0x00000006ac800000|  0%| F|  |TAMS 0x00000006ac400000, 0x00000006ac400000| Untracked 
| 176|0x00000006ac800000, 0x00000006ac800000, 0x00000006acc00000|  0%| F|  |TAMS 0x00000006ac800000, 0x00000006ac800000| Untracked 
| 177|0x00000006acc00000, 0x00000006acc00000, 0x00000006ad000000|  0%| F|  |TAMS 0x00000006acc00000, 0x00000006acc00000| Untracked 
| 178|0x00000006ad000000, 0x00000006ad000000, 0x00000006ad400000|  0%| F|  |TAMS 0x00000006ad000000, 0x00000006ad000000| Untracked 
| 179|0x00000006ad400000, 0x00000006ad400000, 0x00000006ad800000|  0%| F|  |TAMS 0x00000006ad400000, 0x00000006ad400000| Untracked 
| 180|0x00000006ad800000, 0x00000006ad800000, 0x00000006adc00000|  0%| F|  |TAMS 0x00000006ad800000, 0x00000006ad800000| Untracked 
| 181|0x00000006adc00000, 0x00000006adc00000, 0x00000006ae000000|  0%| F|  |TAMS 0x00000006adc00000, 0x00000006adc00000| Untracked 
| 182|0x00000006ae000000, 0x00000006ae000000, 0x00000006ae400000|  0%| F|  |TAMS 0x00000006ae000000, 0x00000006ae000000| Untracked 
| 183|0x00000006ae400000, 0x00000006ae400000, 0x00000006ae800000|  0%| F|  |TAMS 0x00000006ae400000, 0x00000006ae400000| Untracked 
| 184|0x00000006ae800000, 0x00000006ae800000, 0x00000006aec00000|  0%| F|  |TAMS 0x00000006ae800000, 0x00000006ae800000| Untracked 
| 185|0x00000006aec00000, 0x00000006aec00000, 0x00000006af000000|  0%| F|  |TAMS 0x00000006aec00000, 0x00000006aec00000| Untracked 
| 186|0x00000006af000000, 0x00000006af000000, 0x00000006af400000|  0%| F|  |TAMS 0x00000006af000000, 0x00000006af000000| Untracked 
| 187|0x00000006af400000, 0x00000006af400000, 0x00000006af800000|  0%| F|  |TAMS 0x00000006af400000, 0x00000006af400000| Untracked 
| 188|0x00000006af800000, 0x00000006af800000, 0x00000006afc00000|  0%| F|  |TAMS 0x00000006af800000, 0x00000006af800000| Untracked 
| 189|0x00000006afc00000, 0x00000006afc00000, 0x00000006b0000000|  0%| F|  |TAMS 0x00000006afc00000, 0x00000006afc00000| Untracked 
| 190|0x00000006b0000000, 0x00000006b0000000, 0x00000006b0400000|  0%| F|  |TAMS 0x00000006b0000000, 0x00000006b0000000| Untracked 
| 191|0x00000006b0400000, 0x00000006b0400000, 0x00000006b0800000|  0%| F|  |TAMS 0x00000006b0400000, 0x00000006b0400000| Untracked 
| 192|0x00000006b0800000, 0x00000006b0800000, 0x00000006b0c00000|  0%| F|  |TAMS 0x00000006b0800000, 0x00000006b0800000| Untracked 
| 193|0x00000006b0c00000, 0x00000006b0c00000, 0x00000006b1000000|  0%| F|  |TAMS 0x00000006b0c00000, 0x00000006b0c00000| Untracked 
| 194|0x00000006b1000000, 0x00000006b1000000, 0x00000006b1400000|  0%| F|  |TAMS 0x00000006b1000000, 0x00000006b1000000| Untracked 
| 195|0x00000006b1400000, 0x00000006b1400000, 0x00000006b1800000|  0%| F|  |TAMS 0x00000006b1400000, 0x00000006b1400000| Untracked 
| 196|0x00000006b1800000, 0x00000006b1800000, 0x00000006b1c00000|  0%| F|  |TAMS 0x00000006b1800000, 0x00000006b1800000| Untracked 
| 197|0x00000006b1c00000, 0x00000006b1c00000, 0x00000006b2000000|  0%| F|  |TAMS 0x00000006b1c00000, 0x00000006b1c00000| Untracked 
| 198|0x00000006b2000000, 0x00000006b2000000, 0x00000006b2400000|  0%| F|  |TAMS 0x00000006b2000000, 0x00000006b2000000| Untracked 
| 199|0x00000006b2400000, 0x00000006b2400000, 0x00000006b2800000|  0%| F|  |TAMS 0x00000006b2400000, 0x00000006b2400000| Untracked 
| 200|0x00000006b2800000, 0x00000006b2800000, 0x00000006b2c00000|  0%| F|  |TAMS 0x00000006b2800000, 0x00000006b2800000| Untracked 
| 201|0x00000006b2c00000, 0x00000006b2c00000, 0x00000006b3000000|  0%| F|  |TAMS 0x00000006b2c00000, 0x00000006b2c00000| Untracked 
| 202|0x00000006b3000000, 0x00000006b3000000, 0x00000006b3400000|  0%| F|  |TAMS 0x00000006b3000000, 0x00000006b3000000| Untracked 
| 203|0x00000006b3400000, 0x00000006b3400000, 0x00000006b3800000|  0%| F|  |TAMS 0x00000006b3400000, 0x00000006b3400000| Untracked 
| 204|0x00000006b3800000, 0x00000006b3800000, 0x00000006b3c00000|  0%| F|  |TAMS 0x00000006b3800000, 0x00000006b3800000| Untracked 
| 205|0x00000006b3c00000, 0x00000006b3c00000, 0x00000006b4000000|  0%| F|  |TAMS 0x00000006b3c00000, 0x00000006b3c00000| Untracked 
| 206|0x00000006b4000000, 0x00000006b4000000, 0x00000006b4400000|  0%| F|  |TAMS 0x00000006b4000000, 0x00000006b4000000| Untracked 
| 207|0x00000006b4400000, 0x00000006b4400000, 0x00000006b4800000|  0%| F|  |TAMS 0x00000006b4400000, 0x00000006b4400000| Untracked 
| 208|0x00000006b4800000, 0x00000006b4800000, 0x00000006b4c00000|  0%| F|  |TAMS 0x00000006b4800000, 0x00000006b4800000| Untracked 
| 209|0x00000006b4c00000, 0x00000006b4c00000, 0x00000006b5000000|  0%| F|  |TAMS 0x00000006b4c00000, 0x00000006b4c00000| Untracked 
| 210|0x00000006b5000000, 0x00000006b5000000, 0x00000006b5400000|  0%| F|  |TAMS 0x00000006b5000000, 0x00000006b5000000| Untracked 
| 211|0x00000006b5400000, 0x00000006b5400000, 0x00000006b5800000|  0%| F|  |TAMS 0x00000006b5400000, 0x00000006b5400000| Untracked 
| 212|0x00000006b5800000, 0x00000006b5800000, 0x00000006b5c00000|  0%| F|  |TAMS 0x00000006b5800000, 0x00000006b5800000| Untracked 
| 213|0x00000006b5c00000, 0x00000006b5c00000, 0x00000006b6000000|  0%| F|  |TAMS 0x00000006b5c00000, 0x00000006b5c00000| Untracked 
| 214|0x00000006b6000000, 0x00000006b6000000, 0x00000006b6400000|  0%| F|  |TAMS 0x00000006b6000000, 0x00000006b6000000| Untracked 
| 215|0x00000006b6400000, 0x00000006b6400000, 0x00000006b6800000|  0%| F|  |TAMS 0x00000006b6400000, 0x00000006b6400000| Untracked 
| 216|0x00000006b6800000, 0x00000006b6800000, 0x00000006b6c00000|  0%| F|  |TAMS 0x00000006b6800000, 0x00000006b6800000| Untracked 
| 217|0x00000006b6c00000, 0x00000006b6c00000, 0x00000006b7000000|  0%| F|  |TAMS 0x00000006b6c00000, 0x00000006b6c00000| Untracked 
| 218|0x00000006b7000000, 0x00000006b7000000, 0x00000006b7400000|  0%| F|  |TAMS 0x00000006b7000000, 0x00000006b7000000| Untracked 
| 219|0x00000006b7400000, 0x00000006b7400000, 0x00000006b7800000|  0%| F|  |TAMS 0x00000006b7400000, 0x00000006b7400000| Untracked 
| 220|0x00000006b7800000, 0x00000006b7800000, 0x00000006b7c00000|  0%| F|  |TAMS 0x00000006b7800000, 0x00000006b7800000| Untracked 
| 221|0x00000006b7c00000, 0x00000006b7c00000, 0x00000006b8000000|  0%| F|  |TAMS 0x00000006b7c00000, 0x00000006b7c00000| Untracked 
| 222|0x00000006b8000000, 0x00000006b8000000, 0x00000006b8400000|  0%| F|  |TAMS 0x00000006b8000000, 0x00000006b8000000| Untracked 
| 223|0x00000006b8400000, 0x00000006b8400000, 0x00000006b8800000|  0%| F|  |TAMS 0x00000006b8400000, 0x00000006b8400000| Untracked 
| 224|0x00000006b8800000, 0x00000006b8800000, 0x00000006b8c00000|  0%| F|  |TAMS 0x00000006b8800000, 0x00000006b8800000| Untracked 
| 225|0x00000006b8c00000, 0x00000006b8c00000, 0x00000006b9000000|  0%| F|  |TAMS 0x00000006b8c00000, 0x00000006b8c00000| Untracked 
| 226|0x00000006b9000000, 0x00000006b9000000, 0x00000006b9400000|  0%| F|  |TAMS 0x00000006b9000000, 0x00000006b9000000| Untracked 
| 227|0x00000006b9400000, 0x00000006b9400000, 0x00000006b9800000|  0%| F|  |TAMS 0x00000006b9400000, 0x00000006b9400000| Untracked 
| 228|0x00000006b9800000, 0x00000006b9800000, 0x00000006b9c00000|  0%| F|  |TAMS 0x00000006b9800000, 0x00000006b9800000| Untracked 
| 229|0x00000006b9c00000, 0x00000006b9c00000, 0x00000006ba000000|  0%| F|  |TAMS 0x00000006b9c00000, 0x00000006b9c00000| Untracked 
| 230|0x00000006ba000000, 0x00000006ba000000, 0x00000006ba400000|  0%| F|  |TAMS 0x00000006ba000000, 0x00000006ba000000| Untracked 
| 231|0x00000006ba400000, 0x00000006ba400000, 0x00000006ba800000|  0%| F|  |TAMS 0x00000006ba400000, 0x00000006ba400000| Untracked 
| 232|0x00000006ba800000, 0x00000006ba800000, 0x00000006bac00000|  0%| F|  |TAMS 0x00000006ba800000, 0x00000006ba800000| Untracked 
| 233|0x00000006bac00000, 0x00000006bac00000, 0x00000006bb000000|  0%| F|  |TAMS 0x00000006bac00000, 0x00000006bac00000| Untracked 
| 234|0x00000006bb000000, 0x00000006bb000000, 0x00000006bb400000|  0%| F|  |TAMS 0x00000006bb000000, 0x00000006bb000000| Untracked 
| 235|0x00000006bb400000, 0x00000006bb400000, 0x00000006bb800000|  0%| F|  |TAMS 0x00000006bb400000, 0x00000006bb400000| Untracked 
| 236|0x00000006bb800000, 0x00000006bb800000, 0x00000006bbc00000|  0%| F|  |TAMS 0x00000006bb800000, 0x00000006bb800000| Untracked 
| 237|0x00000006bbc00000, 0x00000006bbc00000, 0x00000006bc000000|  0%| F|  |TAMS 0x00000006bbc00000, 0x00000006bbc00000| Untracked 
| 238|0x00000006bc000000, 0x00000006bc000000, 0x00000006bc400000|  0%| F|  |TAMS 0x00000006bc000000, 0x00000006bc000000| Untracked 
| 239|0x00000006bc400000, 0x00000006bc400000, 0x00000006bc800000|  0%| F|  |TAMS 0x00000006bc400000, 0x00000006bc400000| Untracked 
| 240|0x00000006bc800000, 0x00000006bc800000, 0x00000006bcc00000|  0%| F|  |TAMS 0x00000006bc800000, 0x00000006bc800000| Untracked 
| 241|0x00000006bcc00000, 0x00000006bcc00000, 0x00000006bd000000|  0%| F|  |TAMS 0x00000006bcc00000, 0x00000006bcc00000| Untracked 
| 242|0x00000006bd000000, 0x00000006bd000000, 0x00000006bd400000|  0%| F|  |TAMS 0x00000006bd000000, 0x00000006bd000000| Untracked 
| 243|0x00000006bd400000, 0x00000006bd400000, 0x00000006bd800000|  0%| F|  |TAMS 0x00000006bd400000, 0x00000006bd400000| Untracked 
| 244|0x00000006bd800000, 0x00000006bd800000, 0x00000006bdc00000|  0%| F|  |TAMS 0x00000006bd800000, 0x00000006bd800000| Untracked 
| 245|0x00000006bdc00000, 0x00000006bdc00000, 0x00000006be000000|  0%| F|  |TAMS 0x00000006bdc00000, 0x00000006bdc00000| Untracked 
| 246|0x00000006be000000, 0x00000006be000000, 0x00000006be400000|  0%| F|  |TAMS 0x00000006be000000, 0x00000006be000000| Untracked 
| 247|0x00000006be400000, 0x00000006be400000, 0x00000006be800000|  0%| F|  |TAMS 0x00000006be400000, 0x00000006be400000| Untracked 
| 248|0x00000006be800000, 0x00000006be800000, 0x00000006bec00000|  0%| F|  |TAMS 0x00000006be800000, 0x00000006be800000| Untracked 
| 249|0x00000006bec00000, 0x00000006bec00000, 0x00000006bf000000|  0%| F|  |TAMS 0x00000006bec00000, 0x00000006bec00000| Untracked 
| 250|0x00000006bf000000, 0x00000006bf000000, 0x00000006bf400000|  0%| F|  |TAMS 0x00000006bf000000, 0x00000006bf000000| Untracked 
| 251|0x00000006bf400000, 0x00000006bf400000, 0x00000006bf800000|  0%| F|  |TAMS 0x00000006bf400000, 0x00000006bf400000| Untracked 
| 252|0x00000006bf800000, 0x00000006bf800000, 0x00000006bfc00000|  0%| F|  |TAMS 0x00000006bf800000, 0x00000006bf800000| Untracked 
| 253|0x00000006bfc00000, 0x00000006bfc00000, 0x00000006c0000000|  0%| F|  |TAMS 0x00000006bfc00000, 0x00000006bfc00000| Untracked 
| 254|0x00000006c0000000, 0x00000006c0000000, 0x00000006c0400000|  0%| F|  |TAMS 0x00000006c0000000, 0x00000006c0000000| Untracked 
| 255|0x00000006c0400000, 0x00000006c0400000, 0x00000006c0800000|  0%| F|  |TAMS 0x00000006c0400000, 0x00000006c0400000| Untracked 
| 256|0x00000006c0800000, 0x00000006c0800000, 0x00000006c0c00000|  0%| F|  |TAMS 0x00000006c0800000, 0x00000006c0800000| Untracked 
| 257|0x00000006c0c00000, 0x00000006c0c00000, 0x00000006c1000000|  0%| F|  |TAMS 0x00000006c0c00000, 0x00000006c0c00000| Untracked 
| 258|0x00000006c1000000, 0x00000006c1000000, 0x00000006c1400000|  0%| F|  |TAMS 0x00000006c1000000, 0x00000006c1000000| Untracked 
| 259|0x00000006c1400000, 0x00000006c1400000, 0x00000006c1800000|  0%| F|  |TAMS 0x00000006c1400000, 0x00000006c1400000| Untracked 
| 260|0x00000006c1800000, 0x00000006c1800000, 0x00000006c1c00000|  0%| F|  |TAMS 0x00000006c1800000, 0x00000006c1800000| Untracked 
| 261|0x00000006c1c00000, 0x00000006c1c00000, 0x00000006c2000000|  0%| F|  |TAMS 0x00000006c1c00000, 0x00000006c1c00000| Untracked 
| 262|0x00000006c2000000, 0x00000006c2000000, 0x00000006c2400000|  0%| F|  |TAMS 0x00000006c2000000, 0x00000006c2000000| Untracked 
| 263|0x00000006c2400000, 0x00000006c2400000, 0x00000006c2800000|  0%| F|  |TAMS 0x00000006c2400000, 0x00000006c2400000| Untracked 
| 264|0x00000006c2800000, 0x00000006c2800000, 0x00000006c2c00000|  0%| F|  |TAMS 0x00000006c2800000, 0x00000006c2800000| Untracked 
| 265|0x00000006c2c00000, 0x00000006c2c00000, 0x00000006c3000000|  0%| F|  |TAMS 0x00000006c2c00000, 0x00000006c2c00000| Untracked 
| 266|0x00000006c3000000, 0x00000006c3000000, 0x00000006c3400000|  0%| F|  |TAMS 0x00000006c3000000, 0x00000006c3000000| Untracked 
| 267|0x00000006c3400000, 0x00000006c3400000, 0x00000006c3800000|  0%| F|  |TAMS 0x00000006c3400000, 0x00000006c3400000| Untracked 
| 268|0x00000006c3800000, 0x00000006c3800000, 0x00000006c3c00000|  0%| F|  |TAMS 0x00000006c3800000, 0x00000006c3800000| Untracked 
| 269|0x00000006c3c00000, 0x00000006c3c00000, 0x00000006c4000000|  0%| F|  |TAMS 0x00000006c3c00000, 0x00000006c3c00000| Untracked 
| 270|0x00000006c4000000, 0x00000006c4000000, 0x00000006c4400000|  0%| F|  |TAMS 0x00000006c4000000, 0x00000006c4000000| Untracked 
| 271|0x00000006c4400000, 0x00000006c4400000, 0x00000006c4800000|  0%| F|  |TAMS 0x00000006c4400000, 0x00000006c4400000| Untracked 
| 272|0x00000006c4800000, 0x00000006c4800000, 0x00000006c4c00000|  0%| F|  |TAMS 0x00000006c4800000, 0x00000006c4800000| Untracked 
| 273|0x00000006c4c00000, 0x00000006c4db9b80, 0x00000006c5000000| 43%| S|CS|TAMS 0x00000006c4c00000, 0x00000006c4c00000| Complete 
| 274|0x00000006c5000000, 0x00000006c5400000, 0x00000006c5400000|100%| S|CS|TAMS 0x00000006c5000000, 0x00000006c5000000| Complete 
| 275|0x00000006c5400000, 0x00000006c5800000, 0x00000006c5800000|100%| S|CS|TAMS 0x00000006c5400000, 0x00000006c5400000| Complete 
| 276|0x00000006c5800000, 0x00000006c5c00000, 0x00000006c5c00000|100%| S|CS|TAMS 0x00000006c5800000, 0x00000006c5800000| Complete 
| 277|0x00000006c5c00000, 0x00000006c6000000, 0x00000006c6000000|100%| S|CS|TAMS 0x00000006c5c00000, 0x00000006c5c00000| Complete 
| 278|0x00000006c6000000, 0x00000006c6000000, 0x00000006c6400000|  0%| F|  |TAMS 0x00000006c6000000, 0x00000006c6000000| Untracked 
| 279|0x00000006c6400000, 0x00000006c6400000, 0x00000006c6800000|  0%| F|  |TAMS 0x00000006c6400000, 0x00000006c6400000| Untracked 
| 280|0x00000006c6800000, 0x00000006c6800000, 0x00000006c6c00000|  0%| F|  |TAMS 0x00000006c6800000, 0x00000006c6800000| Untracked 
| 281|0x00000006c6c00000, 0x00000006c6c00000, 0x00000006c7000000|  0%| F|  |TAMS 0x00000006c6c00000, 0x00000006c6c00000| Untracked 
| 282|0x00000006c7000000, 0x00000006c7000000, 0x00000006c7400000|  0%| F|  |TAMS 0x00000006c7000000, 0x00000006c7000000| Untracked 
| 283|0x00000006c7400000, 0x00000006c7400000, 0x00000006c7800000|  0%| F|  |TAMS 0x00000006c7400000, 0x00000006c7400000| Untracked 
| 284|0x00000006c7800000, 0x00000006c7800000, 0x00000006c7c00000|  0%| F|  |TAMS 0x00000006c7800000, 0x00000006c7800000| Untracked 
| 285|0x00000006c7c00000, 0x00000006c7c00000, 0x00000006c8000000|  0%| F|  |TAMS 0x00000006c7c00000, 0x00000006c7c00000| Untracked 
| 286|0x00000006c8000000, 0x00000006c8000000, 0x00000006c8400000|  0%| F|  |TAMS 0x00000006c8000000, 0x00000006c8000000| Untracked 
| 287|0x00000006c8400000, 0x00000006c8400000, 0x00000006c8800000|  0%| F|  |TAMS 0x00000006c8400000, 0x00000006c8400000| Untracked 
| 288|0x00000006c8800000, 0x00000006c8800000, 0x00000006c8c00000|  0%| F|  |TAMS 0x00000006c8800000, 0x00000006c8800000| Untracked 
| 289|0x00000006c8c00000, 0x00000006c8c00000, 0x00000006c9000000|  0%| F|  |TAMS 0x00000006c8c00000, 0x00000006c8c00000| Untracked 
| 290|0x00000006c9000000, 0x00000006c9000000, 0x00000006c9400000|  0%| F|  |TAMS 0x00000006c9000000, 0x00000006c9000000| Untracked 
| 291|0x00000006c9400000, 0x00000006c9400000, 0x00000006c9800000|  0%| F|  |TAMS 0x00000006c9400000, 0x00000006c9400000| Untracked 
| 292|0x00000006c9800000, 0x00000006c9800000, 0x00000006c9c00000|  0%| F|  |TAMS 0x00000006c9800000, 0x00000006c9800000| Untracked 
| 293|0x00000006c9c00000, 0x00000006ca000000, 0x00000006ca000000|100%| S|CS|TAMS 0x00000006c9c00000, 0x00000006c9c00000| Complete 
| 294|0x00000006ca000000, 0x00000006ca400000, 0x00000006ca400000|100%| S|CS|TAMS 0x00000006ca000000, 0x00000006ca000000| Complete 
| 295|0x00000006ca400000, 0x00000006ca800000, 0x00000006ca800000|100%| S|CS|TAMS 0x00000006ca400000, 0x00000006ca400000| Complete 
| 296|0x00000006ca800000, 0x00000006cac00000, 0x00000006cac00000|100%| S|CS|TAMS 0x00000006ca800000, 0x00000006ca800000| Complete 
| 297|0x00000006cac00000, 0x00000006cb000000, 0x00000006cb000000|100%| S|CS|TAMS 0x00000006cac00000, 0x00000006cac00000| Complete 
| 298|0x00000006cb000000, 0x00000006cb400000, 0x00000006cb400000|100%| S|CS|TAMS 0x00000006cb000000, 0x00000006cb000000| Complete 
| 299|0x00000006cb400000, 0x00000006cb800000, 0x00000006cb800000|100%| S|CS|TAMS 0x00000006cb400000, 0x00000006cb400000| Complete 
| 300|0x00000006cb800000, 0x00000006cb800000, 0x00000006cbc00000|  0%| F|  |TAMS 0x00000006cb800000, 0x00000006cb800000| Untracked 
| 301|0x00000006cbc00000, 0x00000006cbc00000, 0x00000006cc000000|  0%| F|  |TAMS 0x00000006cbc00000, 0x00000006cbc00000| Untracked 
| 302|0x00000006cc000000, 0x00000006cc000000, 0x00000006cc400000|  0%| F|  |TAMS 0x00000006cc000000, 0x00000006cc000000| Untracked 
| 303|0x00000006cc400000, 0x00000006cc400000, 0x00000006cc800000|  0%| F|  |TAMS 0x00000006cc400000, 0x00000006cc400000| Untracked 
| 304|0x00000006cc800000, 0x00000006cc800000, 0x00000006ccc00000|  0%| F|  |TAMS 0x00000006cc800000, 0x00000006cc800000| Untracked 
| 305|0x00000006ccc00000, 0x00000006ccc00000, 0x00000006cd000000|  0%| F|  |TAMS 0x00000006ccc00000, 0x00000006ccc00000| Untracked 
| 306|0x00000006cd000000, 0x00000006cd000000, 0x00000006cd400000|  0%| F|  |TAMS 0x00000006cd000000, 0x00000006cd000000| Untracked 
| 307|0x00000006cd400000, 0x00000006cd400000, 0x00000006cd800000|  0%| F|  |TAMS 0x00000006cd400000, 0x00000006cd400000| Untracked 
| 308|0x00000006cd800000, 0x00000006cd800000, 0x00000006cdc00000|  0%| F|  |TAMS 0x00000006cd800000, 0x00000006cd800000| Untracked 
| 309|0x00000006cdc00000, 0x00000006cdc00000, 0x00000006ce000000|  0%| F|  |TAMS 0x00000006cdc00000, 0x00000006cdc00000| Untracked 
| 310|0x00000006ce000000, 0x00000006ce000000, 0x00000006ce400000|  0%| F|  |TAMS 0x00000006ce000000, 0x00000006ce000000| Untracked 
| 311|0x00000006ce400000, 0x00000006ce400000, 0x00000006ce800000|  0%| F|  |TAMS 0x00000006ce400000, 0x00000006ce400000| Untracked 
| 312|0x00000006ce800000, 0x00000006ce800000, 0x00000006cec00000|  0%| F|  |TAMS 0x00000006ce800000, 0x00000006ce800000| Untracked 
| 313|0x00000006cec00000, 0x00000006cec00000, 0x00000006cf000000|  0%| F|  |TAMS 0x00000006cec00000, 0x00000006cec00000| Untracked 
| 314|0x00000006cf000000, 0x00000006cf000000, 0x00000006cf400000|  0%| F|  |TAMS 0x00000006cf000000, 0x00000006cf000000| Untracked 
| 315|0x00000006cf400000, 0x00000006cf400000, 0x00000006cf800000|  0%| F|  |TAMS 0x00000006cf400000, 0x00000006cf400000| Untracked 
| 316|0x00000006cf800000, 0x00000006cf800000, 0x00000006cfc00000|  0%| F|  |TAMS 0x00000006cf800000, 0x00000006cf800000| Untracked 
| 317|0x00000006cfc00000, 0x00000006cfc00000, 0x00000006d0000000|  0%| F|  |TAMS 0x00000006cfc00000, 0x00000006cfc00000| Untracked 
| 318|0x00000006d0000000, 0x00000006d0000000, 0x00000006d0400000|  0%| F|  |TAMS 0x00000006d0000000, 0x00000006d0000000| Untracked 
| 319|0x00000006d0400000, 0x00000006d0400000, 0x00000006d0800000|  0%| F|  |TAMS 0x00000006d0400000, 0x00000006d0400000| Untracked 
| 320|0x00000006d0800000, 0x00000006d0800000, 0x00000006d0c00000|  0%| F|  |TAMS 0x00000006d0800000, 0x00000006d0800000| Untracked 
| 321|0x00000006d0c00000, 0x00000006d0c00000, 0x00000006d1000000|  0%| F|  |TAMS 0x00000006d0c00000, 0x00000006d0c00000| Untracked 
| 322|0x00000006d1000000, 0x00000006d1000000, 0x00000006d1400000|  0%| F|  |TAMS 0x00000006d1000000, 0x00000006d1000000| Untracked 
| 323|0x00000006d1400000, 0x00000006d1400000, 0x00000006d1800000|  0%| F|  |TAMS 0x00000006d1400000, 0x00000006d1400000| Untracked 
| 324|0x00000006d1800000, 0x00000006d1800000, 0x00000006d1c00000|  0%| F|  |TAMS 0x00000006d1800000, 0x00000006d1800000| Untracked 
| 325|0x00000006d1c00000, 0x00000006d1c00000, 0x00000006d2000000|  0%| F|  |TAMS 0x00000006d1c00000, 0x00000006d1c00000| Untracked 
| 326|0x00000006d2000000, 0x00000006d2000000, 0x00000006d2400000|  0%| F|  |TAMS 0x00000006d2000000, 0x00000006d2000000| Untracked 
| 327|0x00000006d2400000, 0x00000006d2400000, 0x00000006d2800000|  0%| F|  |TAMS 0x00000006d2400000, 0x00000006d2400000| Untracked 
| 328|0x00000006d2800000, 0x00000006d2800000, 0x00000006d2c00000|  0%| F|  |TAMS 0x00000006d2800000, 0x00000006d2800000| Untracked 
| 329|0x00000006d2c00000, 0x00000006d2c00000, 0x00000006d3000000|  0%| F|  |TAMS 0x00000006d2c00000, 0x00000006d2c00000| Untracked 
| 330|0x00000006d3000000, 0x00000006d3000000, 0x00000006d3400000|  0%| F|  |TAMS 0x00000006d3000000, 0x00000006d3000000| Untracked 
| 331|0x00000006d3400000, 0x00000006d3400000, 0x00000006d3800000|  0%| F|  |TAMS 0x00000006d3400000, 0x00000006d3400000| Untracked 
| 332|0x00000006d3800000, 0x00000006d3800000, 0x00000006d3c00000|  0%| F|  |TAMS 0x00000006d3800000, 0x00000006d3800000| Untracked 
| 333|0x00000006d3c00000, 0x00000006d3c00000, 0x00000006d4000000|  0%| F|  |TAMS 0x00000006d3c00000, 0x00000006d3c00000| Untracked 
| 334|0x00000006d4000000, 0x00000006d4000000, 0x00000006d4400000|  0%| F|  |TAMS 0x00000006d4000000, 0x00000006d4000000| Untracked 
| 335|0x00000006d4400000, 0x00000006d4400000, 0x00000006d4800000|  0%| F|  |TAMS 0x00000006d4400000, 0x00000006d4400000| Untracked 
| 336|0x00000006d4800000, 0x00000006d4800000, 0x00000006d4c00000|  0%| F|  |TAMS 0x00000006d4800000, 0x00000006d4800000| Untracked 
| 337|0x00000006d4c00000, 0x00000006d4c00000, 0x00000006d5000000|  0%| F|  |TAMS 0x00000006d4c00000, 0x00000006d4c00000| Untracked 
| 338|0x00000006d5000000, 0x00000006d5000000, 0x00000006d5400000|  0%| F|  |TAMS 0x00000006d5000000, 0x00000006d5000000| Untracked 
| 339|0x00000006d5400000, 0x00000006d5400000, 0x00000006d5800000|  0%| F|  |TAMS 0x00000006d5400000, 0x00000006d5400000| Untracked 
| 340|0x00000006d5800000, 0x00000006d5800000, 0x00000006d5c00000|  0%| F|  |TAMS 0x00000006d5800000, 0x00000006d5800000| Untracked 
| 341|0x00000006d5c00000, 0x00000006d5c00000, 0x00000006d6000000|  0%| F|  |TAMS 0x00000006d5c00000, 0x00000006d5c00000| Untracked 
| 342|0x00000006d6000000, 0x00000006d6000000, 0x00000006d6400000|  0%| F|  |TAMS 0x00000006d6000000, 0x00000006d6000000| Untracked 
| 343|0x00000006d6400000, 0x00000006d6400000, 0x00000006d6800000|  0%| F|  |TAMS 0x00000006d6400000, 0x00000006d6400000| Untracked 
| 344|0x00000006d6800000, 0x00000006d6800000, 0x00000006d6c00000|  0%| F|  |TAMS 0x00000006d6800000, 0x00000006d6800000| Untracked 
| 345|0x00000006d6c00000, 0x00000006d6c00000, 0x00000006d7000000|  0%| F|  |TAMS 0x00000006d6c00000, 0x00000006d6c00000| Untracked 
| 346|0x00000006d7000000, 0x00000006d7000000, 0x00000006d7400000|  0%| F|  |TAMS 0x00000006d7000000, 0x00000006d7000000| Untracked 
| 347|0x00000006d7400000, 0x00000006d7400000, 0x00000006d7800000|  0%| F|  |TAMS 0x00000006d7400000, 0x00000006d7400000| Untracked 
| 348|0x00000006d7800000, 0x00000006d7800000, 0x00000006d7c00000|  0%| F|  |TAMS 0x00000006d7800000, 0x00000006d7800000| Untracked 
| 349|0x00000006d7c00000, 0x00000006d7c00000, 0x00000006d8000000|  0%| F|  |TAMS 0x00000006d7c00000, 0x00000006d7c00000| Untracked 
| 350|0x00000006d8000000, 0x00000006d8000000, 0x00000006d8400000|  0%| F|  |TAMS 0x00000006d8000000, 0x00000006d8000000| Untracked 
| 351|0x00000006d8400000, 0x00000006d8400000, 0x00000006d8800000|  0%| F|  |TAMS 0x00000006d8400000, 0x00000006d8400000| Untracked 
| 352|0x00000006d8800000, 0x00000006d8800000, 0x00000006d8c00000|  0%| F|  |TAMS 0x00000006d8800000, 0x00000006d8800000| Untracked 
| 353|0x00000006d8c00000, 0x00000006d8c00000, 0x00000006d9000000|  0%| F|  |TAMS 0x00000006d8c00000, 0x00000006d8c00000| Untracked 
| 354|0x00000006d9000000, 0x00000006d9000000, 0x00000006d9400000|  0%| F|  |TAMS 0x00000006d9000000, 0x00000006d9000000| Untracked 
| 355|0x00000006d9400000, 0x00000006d9400000, 0x00000006d9800000|  0%| F|  |TAMS 0x00000006d9400000, 0x00000006d9400000| Untracked 
| 356|0x00000006d9800000, 0x00000006d9800000, 0x00000006d9c00000|  0%| F|  |TAMS 0x00000006d9800000, 0x00000006d9800000| Untracked 
| 357|0x00000006d9c00000, 0x00000006d9c00000, 0x00000006da000000|  0%| F|  |TAMS 0x00000006d9c00000, 0x00000006d9c00000| Untracked 
| 358|0x00000006da000000, 0x00000006da000000, 0x00000006da400000|  0%| F|  |TAMS 0x00000006da000000, 0x00000006da000000| Untracked 
| 359|0x00000006da400000, 0x00000006da400000, 0x00000006da800000|  0%| F|  |TAMS 0x00000006da400000, 0x00000006da400000| Untracked 
| 360|0x00000006da800000, 0x00000006da800000, 0x00000006dac00000|  0%| F|  |TAMS 0x00000006da800000, 0x00000006da800000| Untracked 
| 361|0x00000006dac00000, 0x00000006dac00000, 0x00000006db000000|  0%| F|  |TAMS 0x00000006dac00000, 0x00000006dac00000| Untracked 
| 362|0x00000006db000000, 0x00000006db000000, 0x00000006db400000|  0%| F|  |TAMS 0x00000006db000000, 0x00000006db000000| Untracked 
| 363|0x00000006db400000, 0x00000006db400000, 0x00000006db800000|  0%| F|  |TAMS 0x00000006db400000, 0x00000006db400000| Untracked 
| 364|0x00000006db800000, 0x00000006db800000, 0x00000006dbc00000|  0%| F|  |TAMS 0x00000006db800000, 0x00000006db800000| Untracked 
| 365|0x00000006dbc00000, 0x00000006dbc00000, 0x00000006dc000000|  0%| F|  |TAMS 0x00000006dbc00000, 0x00000006dbc00000| Untracked 
| 366|0x00000006dc000000, 0x00000006dc000000, 0x00000006dc400000|  0%| F|  |TAMS 0x00000006dc000000, 0x00000006dc000000| Untracked 
| 367|0x00000006dc400000, 0x00000006dc400000, 0x00000006dc800000|  0%| F|  |TAMS 0x00000006dc400000, 0x00000006dc400000| Untracked 
| 368|0x00000006dc800000, 0x00000006dc800000, 0x00000006dcc00000|  0%| F|  |TAMS 0x00000006dc800000, 0x00000006dc800000| Untracked 
| 369|0x00000006dcc00000, 0x00000006dcc00000, 0x00000006dd000000|  0%| F|  |TAMS 0x00000006dcc00000, 0x00000006dcc00000| Untracked 
| 370|0x00000006dd000000, 0x00000006dd000000, 0x00000006dd400000|  0%| F|  |TAMS 0x00000006dd000000, 0x00000006dd000000| Untracked 
| 371|0x00000006dd400000, 0x00000006dd400000, 0x00000006dd800000|  0%| F|  |TAMS 0x00000006dd400000, 0x00000006dd400000| Untracked 
| 372|0x00000006dd800000, 0x00000006dd800000, 0x00000006ddc00000|  0%| F|  |TAMS 0x00000006dd800000, 0x00000006dd800000| Untracked 
| 373|0x00000006ddc00000, 0x00000006ddc00000, 0x00000006de000000|  0%| F|  |TAMS 0x00000006ddc00000, 0x00000006ddc00000| Untracked 
| 374|0x00000006de000000, 0x00000006de000000, 0x00000006de400000|  0%| F|  |TAMS 0x00000006de000000, 0x00000006de000000| Untracked 
| 375|0x00000006de400000, 0x00000006de400000, 0x00000006de800000|  0%| F|  |TAMS 0x00000006de400000, 0x00000006de400000| Untracked 
| 376|0x00000006de800000, 0x00000006de800000, 0x00000006dec00000|  0%| F|  |TAMS 0x00000006de800000, 0x00000006de800000| Untracked 
| 377|0x00000006dec00000, 0x00000006dec00000, 0x00000006df000000|  0%| F|  |TAMS 0x00000006dec00000, 0x00000006dec00000| Untracked 
| 378|0x00000006df000000, 0x00000006df000000, 0x00000006df400000|  0%| F|  |TAMS 0x00000006df000000, 0x00000006df000000| Untracked 
| 379|0x00000006df400000, 0x00000006df400000, 0x00000006df800000|  0%| F|  |TAMS 0x00000006df400000, 0x00000006df400000| Untracked 
| 380|0x00000006df800000, 0x00000006df800000, 0x00000006dfc00000|  0%| F|  |TAMS 0x00000006df800000, 0x00000006df800000| Untracked 
| 381|0x00000006dfc00000, 0x00000006dfc00000, 0x00000006e0000000|  0%| F|  |TAMS 0x00000006dfc00000, 0x00000006dfc00000| Untracked 
| 382|0x00000006e0000000, 0x00000006e0000000, 0x00000006e0400000|  0%| F|  |TAMS 0x00000006e0000000, 0x00000006e0000000| Untracked 
| 383|0x00000006e0400000, 0x00000006e0400000, 0x00000006e0800000|  0%| F|  |TAMS 0x00000006e0400000, 0x00000006e0400000| Untracked 
| 384|0x00000006e0800000, 0x00000006e0800000, 0x00000006e0c00000|  0%| F|  |TAMS 0x00000006e0800000, 0x00000006e0800000| Untracked 
| 385|0x00000006e0c00000, 0x00000006e0c00000, 0x00000006e1000000|  0%| F|  |TAMS 0x00000006e0c00000, 0x00000006e0c00000| Untracked 
| 386|0x00000006e1000000, 0x00000006e1000000, 0x00000006e1400000|  0%| F|  |TAMS 0x00000006e1000000, 0x00000006e1000000| Untracked 
| 387|0x00000006e1400000, 0x00000006e1400000, 0x00000006e1800000|  0%| F|  |TAMS 0x00000006e1400000, 0x00000006e1400000| Untracked 
| 388|0x00000006e1800000, 0x00000006e1800000, 0x00000006e1c00000|  0%| F|  |TAMS 0x00000006e1800000, 0x00000006e1800000| Untracked 
| 389|0x00000006e1c00000, 0x00000006e1c00000, 0x00000006e2000000|  0%| F|  |TAMS 0x00000006e1c00000, 0x00000006e1c00000| Untracked 
| 390|0x00000006e2000000, 0x00000006e2000000, 0x00000006e2400000|  0%| F|  |TAMS 0x00000006e2000000, 0x00000006e2000000| Untracked 
| 391|0x00000006e2400000, 0x00000006e2400000, 0x00000006e2800000|  0%| F|  |TAMS 0x00000006e2400000, 0x00000006e2400000| Untracked 
| 392|0x00000006e2800000, 0x00000006e2800000, 0x00000006e2c00000|  0%| F|  |TAMS 0x00000006e2800000, 0x00000006e2800000| Untracked 
| 393|0x00000006e2c00000, 0x00000006e2c00000, 0x00000006e3000000|  0%| F|  |TAMS 0x00000006e2c00000, 0x00000006e2c00000| Untracked 
| 394|0x00000006e3000000, 0x00000006e3000000, 0x00000006e3400000|  0%| F|  |TAMS 0x00000006e3000000, 0x00000006e3000000| Untracked 
| 395|0x00000006e3400000, 0x00000006e3400000, 0x00000006e3800000|  0%| F|  |TAMS 0x00000006e3400000, 0x00000006e3400000| Untracked 
| 396|0x00000006e3800000, 0x00000006e3800000, 0x00000006e3c00000|  0%| F|  |TAMS 0x00000006e3800000, 0x00000006e3800000| Untracked 
| 397|0x00000006e3c00000, 0x00000006e3c00000, 0x00000006e4000000|  0%| F|  |TAMS 0x00000006e3c00000, 0x00000006e3c00000| Untracked 
| 398|0x00000006e4000000, 0x00000006e4000000, 0x00000006e4400000|  0%| F|  |TAMS 0x00000006e4000000, 0x00000006e4000000| Untracked 
| 399|0x00000006e4400000, 0x00000006e4400000, 0x00000006e4800000|  0%| F|  |TAMS 0x00000006e4400000, 0x00000006e4400000| Untracked 
| 400|0x00000006e4800000, 0x00000006e4800000, 0x00000006e4c00000|  0%| F|  |TAMS 0x00000006e4800000, 0x00000006e4800000| Untracked 
| 401|0x00000006e4c00000, 0x00000006e4c00000, 0x00000006e5000000|  0%| F|  |TAMS 0x00000006e4c00000, 0x00000006e4c00000| Untracked 
| 402|0x00000006e5000000, 0x00000006e5000000, 0x00000006e5400000|  0%| F|  |TAMS 0x00000006e5000000, 0x00000006e5000000| Untracked 
| 403|0x00000006e5400000, 0x00000006e5400000, 0x00000006e5800000|  0%| F|  |TAMS 0x00000006e5400000, 0x00000006e5400000| Untracked 
| 404|0x00000006e5800000, 0x00000006e5800000, 0x00000006e5c00000|  0%| F|  |TAMS 0x00000006e5800000, 0x00000006e5800000| Untracked 
| 405|0x00000006e5c00000, 0x00000006e5c00000, 0x00000006e6000000|  0%| F|  |TAMS 0x00000006e5c00000, 0x00000006e5c00000| Untracked 
| 406|0x00000006e6000000, 0x00000006e6000000, 0x00000006e6400000|  0%| F|  |TAMS 0x00000006e6000000, 0x00000006e6000000| Untracked 
| 407|0x00000006e6400000, 0x00000006e6400000, 0x00000006e6800000|  0%| F|  |TAMS 0x00000006e6400000, 0x00000006e6400000| Untracked 
| 408|0x00000006e6800000, 0x00000006e6800000, 0x00000006e6c00000|  0%| F|  |TAMS 0x00000006e6800000, 0x00000006e6800000| Untracked 
| 409|0x00000006e6c00000, 0x00000006e6c00000, 0x00000006e7000000|  0%| F|  |TAMS 0x00000006e6c00000, 0x00000006e6c00000| Untracked 
| 410|0x00000006e7000000, 0x00000006e7000000, 0x00000006e7400000|  0%| F|  |TAMS 0x00000006e7000000, 0x00000006e7000000| Untracked 
| 411|0x00000006e7400000, 0x00000006e7400000, 0x00000006e7800000|  0%| F|  |TAMS 0x00000006e7400000, 0x00000006e7400000| Untracked 
| 412|0x00000006e7800000, 0x00000006e7800000, 0x00000006e7c00000|  0%| F|  |TAMS 0x00000006e7800000, 0x00000006e7800000| Untracked 
| 413|0x00000006e7c00000, 0x00000006e7c00000, 0x00000006e8000000|  0%| F|  |TAMS 0x00000006e7c00000, 0x00000006e7c00000| Untracked 
| 414|0x00000006e8000000, 0x00000006e8000000, 0x00000006e8400000|  0%| F|  |TAMS 0x00000006e8000000, 0x00000006e8000000| Untracked 
| 415|0x00000006e8400000, 0x00000006e8400000, 0x00000006e8800000|  0%| F|  |TAMS 0x00000006e8400000, 0x00000006e8400000| Untracked 
| 416|0x00000006e8800000, 0x00000006e8800000, 0x00000006e8c00000|  0%| F|  |TAMS 0x00000006e8800000, 0x00000006e8800000| Untracked 
| 417|0x00000006e8c00000, 0x00000006e8c00000, 0x00000006e9000000|  0%| F|  |TAMS 0x00000006e8c00000, 0x00000006e8c00000| Untracked 
| 418|0x00000006e9000000, 0x00000006e9000000, 0x00000006e9400000|  0%| F|  |TAMS 0x00000006e9000000, 0x00000006e9000000| Untracked 
| 419|0x00000006e9400000, 0x00000006e9400000, 0x00000006e9800000|  0%| F|  |TAMS 0x00000006e9400000, 0x00000006e9400000| Untracked 
| 420|0x00000006e9800000, 0x00000006e9800000, 0x00000006e9c00000|  0%| F|  |TAMS 0x00000006e9800000, 0x00000006e9800000| Untracked 
| 421|0x00000006e9c00000, 0x00000006e9c00000, 0x00000006ea000000|  0%| F|  |TAMS 0x00000006e9c00000, 0x00000006e9c00000| Untracked 
| 422|0x00000006ea000000, 0x00000006ea000000, 0x00000006ea400000|  0%| F|  |TAMS 0x00000006ea000000, 0x00000006ea000000| Untracked 
| 423|0x00000006ea400000, 0x00000006ea400000, 0x00000006ea800000|  0%| F|  |TAMS 0x00000006ea400000, 0x00000006ea400000| Untracked 
| 424|0x00000006ea800000, 0x00000006ea800000, 0x00000006eac00000|  0%| F|  |TAMS 0x00000006ea800000, 0x00000006ea800000| Untracked 
| 425|0x00000006eac00000, 0x00000006eac00000, 0x00000006eb000000|  0%| F|  |TAMS 0x00000006eac00000, 0x00000006eac00000| Untracked 
| 426|0x00000006eb000000, 0x00000006eb000000, 0x00000006eb400000|  0%| F|  |TAMS 0x00000006eb000000, 0x00000006eb000000| Untracked 
| 427|0x00000006eb400000, 0x00000006eb400000, 0x00000006eb800000|  0%| F|  |TAMS 0x00000006eb400000, 0x00000006eb400000| Untracked 
| 428|0x00000006eb800000, 0x00000006eb800000, 0x00000006ebc00000|  0%| F|  |TAMS 0x00000006eb800000, 0x00000006eb800000| Untracked 
| 429|0x00000006ebc00000, 0x00000006ebc00000, 0x00000006ec000000|  0%| F|  |TAMS 0x00000006ebc00000, 0x00000006ebc00000| Untracked 
| 430|0x00000006ec000000, 0x00000006ec000000, 0x00000006ec400000|  0%| F|  |TAMS 0x00000006ec000000, 0x00000006ec000000| Untracked 
| 431|0x00000006ec400000, 0x00000006ec400000, 0x00000006ec800000|  0%| F|  |TAMS 0x00000006ec400000, 0x00000006ec400000| Untracked 
| 432|0x00000006ec800000, 0x00000006ec800000, 0x00000006ecc00000|  0%| F|  |TAMS 0x00000006ec800000, 0x00000006ec800000| Untracked 
| 433|0x00000006ecc00000, 0x00000006ecc00000, 0x00000006ed000000|  0%| F|  |TAMS 0x00000006ecc00000, 0x00000006ecc00000| Untracked 
| 434|0x00000006ed000000, 0x00000006ed000000, 0x00000006ed400000|  0%| F|  |TAMS 0x00000006ed000000, 0x00000006ed000000| Untracked 
| 435|0x00000006ed400000, 0x00000006ed400000, 0x00000006ed800000|  0%| F|  |TAMS 0x00000006ed400000, 0x00000006ed400000| Untracked 
| 436|0x00000006ed800000, 0x00000006ed800000, 0x00000006edc00000|  0%| F|  |TAMS 0x00000006ed800000, 0x00000006ed800000| Untracked 
| 437|0x00000006edc00000, 0x00000006edc00000, 0x00000006ee000000|  0%| F|  |TAMS 0x00000006edc00000, 0x00000006edc00000| Untracked 
| 438|0x00000006ee000000, 0x00000006ee000000, 0x00000006ee400000|  0%| F|  |TAMS 0x00000006ee000000, 0x00000006ee000000| Untracked 
| 439|0x00000006ee400000, 0x00000006ee400000, 0x00000006ee800000|  0%| F|  |TAMS 0x00000006ee400000, 0x00000006ee400000| Untracked 
| 440|0x00000006ee800000, 0x00000006ee800000, 0x00000006eec00000|  0%| F|  |TAMS 0x00000006ee800000, 0x00000006ee800000| Untracked 
| 441|0x00000006eec00000, 0x00000006eec00000, 0x00000006ef000000|  0%| F|  |TAMS 0x00000006eec00000, 0x00000006eec00000| Untracked 
| 442|0x00000006ef000000, 0x00000006ef000000, 0x00000006ef400000|  0%| F|  |TAMS 0x00000006ef000000, 0x00000006ef000000| Untracked 
| 443|0x00000006ef400000, 0x00000006ef400000, 0x00000006ef800000|  0%| F|  |TAMS 0x00000006ef400000, 0x00000006ef400000| Untracked 
| 444|0x00000006ef800000, 0x00000006ef800000, 0x00000006efc00000|  0%| F|  |TAMS 0x00000006ef800000, 0x00000006ef800000| Untracked 
| 445|0x00000006efc00000, 0x00000006efc00000, 0x00000006f0000000|  0%| F|  |TAMS 0x00000006efc00000, 0x00000006efc00000| Untracked 
| 446|0x00000006f0000000, 0x00000006f0000000, 0x00000006f0400000|  0%| F|  |TAMS 0x00000006f0000000, 0x00000006f0000000| Untracked 
| 447|0x00000006f0400000, 0x00000006f0400000, 0x00000006f0800000|  0%| F|  |TAMS 0x00000006f0400000, 0x00000006f0400000| Untracked 
| 448|0x00000006f0800000, 0x00000006f0800000, 0x00000006f0c00000|  0%| F|  |TAMS 0x00000006f0800000, 0x00000006f0800000| Untracked 
| 449|0x00000006f0c00000, 0x00000006f0c00000, 0x00000006f1000000|  0%| F|  |TAMS 0x00000006f0c00000, 0x00000006f0c00000| Untracked 
| 450|0x00000006f1000000, 0x00000006f1000000, 0x00000006f1400000|  0%| F|  |TAMS 0x00000006f1000000, 0x00000006f1000000| Untracked 
| 451|0x00000006f1400000, 0x00000006f1400000, 0x00000006f1800000|  0%| F|  |TAMS 0x00000006f1400000, 0x00000006f1400000| Untracked 
| 452|0x00000006f1800000, 0x00000006f1800000, 0x00000006f1c00000|  0%| F|  |TAMS 0x00000006f1800000, 0x00000006f1800000| Untracked 
| 453|0x00000006f1c00000, 0x00000006f1c00000, 0x00000006f2000000|  0%| F|  |TAMS 0x00000006f1c00000, 0x00000006f1c00000| Untracked 
| 454|0x00000006f2000000, 0x00000006f2000000, 0x00000006f2400000|  0%| F|  |TAMS 0x00000006f2000000, 0x00000006f2000000| Untracked 
| 455|0x00000006f2400000, 0x00000006f2400000, 0x00000006f2800000|  0%| F|  |TAMS 0x00000006f2400000, 0x00000006f2400000| Untracked 
| 456|0x00000006f2800000, 0x00000006f2800000, 0x00000006f2c00000|  0%| F|  |TAMS 0x00000006f2800000, 0x00000006f2800000| Untracked 
| 457|0x00000006f2c00000, 0x00000006f2c00000, 0x00000006f3000000|  0%| F|  |TAMS 0x00000006f2c00000, 0x00000006f2c00000| Untracked 
| 458|0x00000006f3000000, 0x00000006f3000000, 0x00000006f3400000|  0%| F|  |TAMS 0x00000006f3000000, 0x00000006f3000000| Untracked 
| 459|0x00000006f3400000, 0x00000006f3400000, 0x00000006f3800000|  0%| F|  |TAMS 0x00000006f3400000, 0x00000006f3400000| Untracked 
| 460|0x00000006f3800000, 0x00000006f3800000, 0x00000006f3c00000|  0%| F|  |TAMS 0x00000006f3800000, 0x00000006f3800000| Untracked 
| 461|0x00000006f3c00000, 0x00000006f3c00000, 0x00000006f4000000|  0%| F|  |TAMS 0x00000006f3c00000, 0x00000006f3c00000| Untracked 
| 462|0x00000006f4000000, 0x00000006f4000000, 0x00000006f4400000|  0%| F|  |TAMS 0x00000006f4000000, 0x00000006f4000000| Untracked 
| 463|0x00000006f4400000, 0x00000006f4400000, 0x00000006f4800000|  0%| F|  |TAMS 0x00000006f4400000, 0x00000006f4400000| Untracked 
| 464|0x00000006f4800000, 0x00000006f4800000, 0x00000006f4c00000|  0%| F|  |TAMS 0x00000006f4800000, 0x00000006f4800000| Untracked 
| 465|0x00000006f4c00000, 0x00000006f4c00000, 0x00000006f5000000|  0%| F|  |TAMS 0x00000006f4c00000, 0x00000006f4c00000| Untracked 
| 466|0x00000006f5000000, 0x00000006f5000000, 0x00000006f5400000|  0%| F|  |TAMS 0x00000006f5000000, 0x00000006f5000000| Untracked 
| 467|0x00000006f5400000, 0x00000006f5400000, 0x00000006f5800000|  0%| F|  |TAMS 0x00000006f5400000, 0x00000006f5400000| Untracked 
| 468|0x00000006f5800000, 0x00000006f5800000, 0x00000006f5c00000|  0%| F|  |TAMS 0x00000006f5800000, 0x00000006f5800000| Untracked 
| 469|0x00000006f5c00000, 0x00000006f5c00000, 0x00000006f6000000|  0%| F|  |TAMS 0x00000006f5c00000, 0x00000006f5c00000| Untracked 
| 470|0x00000006f6000000, 0x00000006f6000000, 0x00000006f6400000|  0%| F|  |TAMS 0x00000006f6000000, 0x00000006f6000000| Untracked 
| 471|0x00000006f6400000, 0x00000006f6400000, 0x00000006f6800000|  0%| F|  |TAMS 0x00000006f6400000, 0x00000006f6400000| Untracked 
| 472|0x00000006f6800000, 0x00000006f6800000, 0x00000006f6c00000|  0%| F|  |TAMS 0x00000006f6800000, 0x00000006f6800000| Untracked 
| 473|0x00000006f6c00000, 0x00000006f6c00000, 0x00000006f7000000|  0%| F|  |TAMS 0x00000006f6c00000, 0x00000006f6c00000| Untracked 
| 474|0x00000006f7000000, 0x00000006f7000000, 0x00000006f7400000|  0%| F|  |TAMS 0x00000006f7000000, 0x00000006f7000000| Untracked 
| 475|0x00000006f7400000, 0x00000006f7400000, 0x00000006f7800000|  0%| F|  |TAMS 0x00000006f7400000, 0x00000006f7400000| Untracked 
| 476|0x00000006f7800000, 0x00000006f7800000, 0x00000006f7c00000|  0%| F|  |TAMS 0x00000006f7800000, 0x00000006f7800000| Untracked 
| 477|0x00000006f7c00000, 0x00000006f7c00000, 0x00000006f8000000|  0%| F|  |TAMS 0x00000006f7c00000, 0x00000006f7c00000| Untracked 
| 478|0x00000006f8000000, 0x00000006f8000000, 0x00000006f8400000|  0%| F|  |TAMS 0x00000006f8000000, 0x00000006f8000000| Untracked 
| 479|0x00000006f8400000, 0x00000006f8400000, 0x00000006f8800000|  0%| F|  |TAMS 0x00000006f8400000, 0x00000006f8400000| Untracked 
| 480|0x00000006f8800000, 0x00000006f8800000, 0x00000006f8c00000|  0%| F|  |TAMS 0x00000006f8800000, 0x00000006f8800000| Untracked 
| 481|0x00000006f8c00000, 0x00000006f8c00000, 0x00000006f9000000|  0%| F|  |TAMS 0x00000006f8c00000, 0x00000006f8c00000| Untracked 
| 482|0x00000006f9000000, 0x00000006f9000000, 0x00000006f9400000|  0%| F|  |TAMS 0x00000006f9000000, 0x00000006f9000000| Untracked 
| 483|0x00000006f9400000, 0x00000006f9400000, 0x00000006f9800000|  0%| F|  |TAMS 0x00000006f9400000, 0x00000006f9400000| Untracked 
| 484|0x00000006f9800000, 0x00000006f9800000, 0x00000006f9c00000|  0%| F|  |TAMS 0x00000006f9800000, 0x00000006f9800000| Untracked 
| 485|0x00000006f9c00000, 0x00000006f9c00000, 0x00000006fa000000|  0%| F|  |TAMS 0x00000006f9c00000, 0x00000006f9c00000| Untracked 
| 486|0x00000006fa000000, 0x00000006fa000000, 0x00000006fa400000|  0%| F|  |TAMS 0x00000006fa000000, 0x00000006fa000000| Untracked 
| 487|0x00000006fa400000, 0x00000006fa400000, 0x00000006fa800000|  0%| F|  |TAMS 0x00000006fa400000, 0x00000006fa400000| Untracked 
| 488|0x00000006fa800000, 0x00000006fa800000, 0x00000006fac00000|  0%| F|  |TAMS 0x00000006fa800000, 0x00000006fa800000| Untracked 
| 489|0x00000006fac00000, 0x00000006fac00000, 0x00000006fb000000|  0%| F|  |TAMS 0x00000006fac00000, 0x00000006fac00000| Untracked 
| 490|0x00000006fb000000, 0x00000006fb000000, 0x00000006fb400000|  0%| F|  |TAMS 0x00000006fb000000, 0x00000006fb000000| Untracked 
| 491|0x00000006fb400000, 0x00000006fb400000, 0x00000006fb800000|  0%| F|  |TAMS 0x00000006fb400000, 0x00000006fb400000| Untracked 
| 492|0x00000006fb800000, 0x00000006fb800000, 0x00000006fbc00000|  0%| F|  |TAMS 0x00000006fb800000, 0x00000006fb800000| Untracked 
| 493|0x00000006fbc00000, 0x00000006fbc00000, 0x00000006fc000000|  0%| F|  |TAMS 0x00000006fbc00000, 0x00000006fbc00000| Untracked 
| 494|0x00000006fc000000, 0x00000006fc000000, 0x00000006fc400000|  0%| F|  |TAMS 0x00000006fc000000, 0x00000006fc000000| Untracked 
| 495|0x00000006fc400000, 0x00000006fc400000, 0x00000006fc800000|  0%| F|  |TAMS 0x00000006fc400000, 0x00000006fc400000| Untracked 
| 496|0x00000006fc800000, 0x00000006fc800000, 0x00000006fcc00000|  0%| F|  |TAMS 0x00000006fc800000, 0x00000006fc800000| Untracked 
| 497|0x00000006fcc00000, 0x00000006fcc00000, 0x00000006fd000000|  0%| F|  |TAMS 0x00000006fcc00000, 0x00000006fcc00000| Untracked 
| 498|0x00000006fd000000, 0x00000006fd000000, 0x00000006fd400000|  0%| F|  |TAMS 0x00000006fd000000, 0x00000006fd000000| Untracked 
| 499|0x00000006fd400000, 0x00000006fd400000, 0x00000006fd800000|  0%| F|  |TAMS 0x00000006fd400000, 0x00000006fd400000| Untracked 
| 500|0x00000006fd800000, 0x00000006fd800000, 0x00000006fdc00000|  0%| F|  |TAMS 0x00000006fd800000, 0x00000006fd800000| Untracked 
| 501|0x00000006fdc00000, 0x00000006fdc00000, 0x00000006fe000000|  0%| F|  |TAMS 0x00000006fdc00000, 0x00000006fdc00000| Untracked 
| 502|0x00000006fe000000, 0x00000006fe000000, 0x00000006fe400000|  0%| F|  |TAMS 0x00000006fe000000, 0x00000006fe000000| Untracked 
| 503|0x00000006fe400000, 0x00000006fe400000, 0x00000006fe800000|  0%| F|  |TAMS 0x00000006fe400000, 0x00000006fe400000| Untracked 
| 504|0x00000006fe800000, 0x00000006fe800000, 0x00000006fec00000|  0%| F|  |TAMS 0x00000006fe800000, 0x00000006fe800000| Untracked 
| 505|0x00000006fec00000, 0x00000006fec00000, 0x00000006ff000000|  0%| F|  |TAMS 0x00000006fec00000, 0x00000006fec00000| Untracked 
| 506|0x00000006ff000000, 0x00000006ff000000, 0x00000006ff400000|  0%| F|  |TAMS 0x00000006ff000000, 0x00000006ff000000| Untracked 
| 507|0x00000006ff400000, 0x00000006ff400000, 0x00000006ff800000|  0%| F|  |TAMS 0x00000006ff400000, 0x00000006ff400000| Untracked 
| 508|0x00000006ff800000, 0x00000006ff800000, 0x00000006ffc00000|  0%| F|  |TAMS 0x00000006ff800000, 0x00000006ff800000| Untracked 
| 509|0x00000006ffc00000, 0x00000006ffc00000, 0x0000000700000000|  0%| F|  |TAMS 0x00000006ffc00000, 0x00000006ffc00000| Untracked 
| 510|0x0000000700000000, 0x0000000700000000, 0x0000000700400000|  0%| F|  |TAMS 0x0000000700000000, 0x0000000700000000| Untracked 
| 511|0x0000000700400000, 0x0000000700400000, 0x0000000700800000|  0%| F|  |TAMS 0x0000000700400000, 0x0000000700400000| Untracked 
| 512|0x0000000700800000, 0x0000000700800000, 0x0000000700c00000|  0%| F|  |TAMS 0x0000000700800000, 0x0000000700800000| Untracked 
| 513|0x0000000700c00000, 0x0000000700c00000, 0x0000000701000000|  0%| F|  |TAMS 0x0000000700c00000, 0x0000000700c00000| Untracked 
| 514|0x0000000701000000, 0x0000000701000000, 0x0000000701400000|  0%| F|  |TAMS 0x0000000701000000, 0x0000000701000000| Untracked 
| 515|0x0000000701400000, 0x0000000701400000, 0x0000000701800000|  0%| F|  |TAMS 0x0000000701400000, 0x0000000701400000| Untracked 
| 516|0x0000000701800000, 0x0000000701800000, 0x0000000701c00000|  0%| F|  |TAMS 0x0000000701800000, 0x0000000701800000| Untracked 
| 517|0x0000000701c00000, 0x0000000701c00000, 0x0000000702000000|  0%| F|  |TAMS 0x0000000701c00000, 0x0000000701c00000| Untracked 
| 518|0x0000000702000000, 0x0000000702000000, 0x0000000702400000|  0%| F|  |TAMS 0x0000000702000000, 0x0000000702000000| Untracked 
| 519|0x0000000702400000, 0x0000000702400000, 0x0000000702800000|  0%| F|  |TAMS 0x0000000702400000, 0x0000000702400000| Untracked 
| 520|0x0000000702800000, 0x0000000702800000, 0x0000000702c00000|  0%| F|  |TAMS 0x0000000702800000, 0x0000000702800000| Untracked 
| 521|0x0000000702c00000, 0x0000000702c00000, 0x0000000703000000|  0%| F|  |TAMS 0x0000000702c00000, 0x0000000702c00000| Untracked 
| 522|0x0000000703000000, 0x0000000703000000, 0x0000000703400000|  0%| F|  |TAMS 0x0000000703000000, 0x0000000703000000| Untracked 
| 523|0x0000000703400000, 0x0000000703400000, 0x0000000703800000|  0%| F|  |TAMS 0x0000000703400000, 0x0000000703400000| Untracked 
| 524|0x0000000703800000, 0x0000000703800000, 0x0000000703c00000|  0%| F|  |TAMS 0x0000000703800000, 0x0000000703800000| Untracked 
| 525|0x0000000703c00000, 0x0000000703c00000, 0x0000000704000000|  0%| F|  |TAMS 0x0000000703c00000, 0x0000000703c00000| Untracked 
| 526|0x0000000704000000, 0x0000000704000000, 0x0000000704400000|  0%| F|  |TAMS 0x0000000704000000, 0x0000000704000000| Untracked 
| 527|0x0000000704400000, 0x0000000704400000, 0x0000000704800000|  0%| F|  |TAMS 0x0000000704400000, 0x0000000704400000| Untracked 
| 528|0x0000000704800000, 0x0000000704800000, 0x0000000704c00000|  0%| F|  |TAMS 0x0000000704800000, 0x0000000704800000| Untracked 
| 529|0x0000000704c00000, 0x0000000704c00000, 0x0000000705000000|  0%| F|  |TAMS 0x0000000704c00000, 0x0000000704c00000| Untracked 
| 530|0x0000000705000000, 0x0000000705000000, 0x0000000705400000|  0%| F|  |TAMS 0x0000000705000000, 0x0000000705000000| Untracked 
| 531|0x0000000705400000, 0x0000000705400000, 0x0000000705800000|  0%| F|  |TAMS 0x0000000705400000, 0x0000000705400000| Untracked 
| 532|0x0000000705800000, 0x0000000705800000, 0x0000000705c00000|  0%| F|  |TAMS 0x0000000705800000, 0x0000000705800000| Untracked 
| 533|0x0000000705c00000, 0x0000000705c00000, 0x0000000706000000|  0%| F|  |TAMS 0x0000000705c00000, 0x0000000705c00000| Untracked 
| 534|0x0000000706000000, 0x0000000706000000, 0x0000000706400000|  0%| F|  |TAMS 0x0000000706000000, 0x0000000706000000| Untracked 
| 535|0x0000000706400000, 0x0000000706400000, 0x0000000706800000|  0%| F|  |TAMS 0x0000000706400000, 0x0000000706400000| Untracked 
| 536|0x0000000706800000, 0x0000000706800000, 0x0000000706c00000|  0%| F|  |TAMS 0x0000000706800000, 0x0000000706800000| Untracked 
| 537|0x0000000706c00000, 0x0000000706c00000, 0x0000000707000000|  0%| F|  |TAMS 0x0000000706c00000, 0x0000000706c00000| Untracked 
| 538|0x0000000707000000, 0x0000000707000000, 0x0000000707400000|  0%| F|  |TAMS 0x0000000707000000, 0x0000000707000000| Untracked 
| 539|0x0000000707400000, 0x0000000707400000, 0x0000000707800000|  0%| F|  |TAMS 0x0000000707400000, 0x0000000707400000| Untracked 
| 540|0x0000000707800000, 0x0000000707800000, 0x0000000707c00000|  0%| F|  |TAMS 0x0000000707800000, 0x0000000707800000| Untracked 
| 541|0x0000000707c00000, 0x0000000707c00000, 0x0000000708000000|  0%| F|  |TAMS 0x0000000707c00000, 0x0000000707c00000| Untracked 
| 542|0x0000000708000000, 0x0000000708000000, 0x0000000708400000|  0%| F|  |TAMS 0x0000000708000000, 0x0000000708000000| Untracked 
| 543|0x0000000708400000, 0x0000000708400000, 0x0000000708800000|  0%| F|  |TAMS 0x0000000708400000, 0x0000000708400000| Untracked 
| 544|0x0000000708800000, 0x0000000708800000, 0x0000000708c00000|  0%| F|  |TAMS 0x0000000708800000, 0x0000000708800000| Untracked 
| 545|0x0000000708c00000, 0x0000000708c00000, 0x0000000709000000|  0%| F|  |TAMS 0x0000000708c00000, 0x0000000708c00000| Untracked 
| 546|0x0000000709000000, 0x0000000709000000, 0x0000000709400000|  0%| F|  |TAMS 0x0000000709000000, 0x0000000709000000| Untracked 
| 547|0x0000000709400000, 0x0000000709400000, 0x0000000709800000|  0%| F|  |TAMS 0x0000000709400000, 0x0000000709400000| Untracked 
| 548|0x0000000709800000, 0x0000000709800000, 0x0000000709c00000|  0%| F|  |TAMS 0x0000000709800000, 0x0000000709800000| Untracked 
| 549|0x0000000709c00000, 0x0000000709c00000, 0x000000070a000000|  0%| F|  |TAMS 0x0000000709c00000, 0x0000000709c00000| Untracked 
| 550|0x000000070a000000, 0x000000070a000000, 0x000000070a400000|  0%| F|  |TAMS 0x000000070a000000, 0x000000070a000000| Untracked 
| 551|0x000000070a400000, 0x000000070a400000, 0x000000070a800000|  0%| F|  |TAMS 0x000000070a400000, 0x000000070a400000| Untracked 
| 552|0x000000070a800000, 0x000000070a800000, 0x000000070ac00000|  0%| F|  |TAMS 0x000000070a800000, 0x000000070a800000| Untracked 
| 553|0x000000070ac00000, 0x000000070ac00000, 0x000000070b000000|  0%| F|  |TAMS 0x000000070ac00000, 0x000000070ac00000| Untracked 
| 554|0x000000070b000000, 0x000000070b000000, 0x000000070b400000|  0%| F|  |TAMS 0x000000070b000000, 0x000000070b000000| Untracked 
| 555|0x000000070b400000, 0x000000070b400000, 0x000000070b800000|  0%| F|  |TAMS 0x000000070b400000, 0x000000070b400000| Untracked 
| 556|0x000000070b800000, 0x000000070b800000, 0x000000070bc00000|  0%| F|  |TAMS 0x000000070b800000, 0x000000070b800000| Untracked 
| 557|0x000000070bc00000, 0x000000070bc00000, 0x000000070c000000|  0%| F|  |TAMS 0x000000070bc00000, 0x000000070bc00000| Untracked 
| 558|0x000000070c000000, 0x000000070c000000, 0x000000070c400000|  0%| F|  |TAMS 0x000000070c000000, 0x000000070c000000| Untracked 
| 559|0x000000070c400000, 0x000000070c400000, 0x000000070c800000|  0%| F|  |TAMS 0x000000070c400000, 0x000000070c400000| Untracked 
| 560|0x000000070c800000, 0x000000070c800000, 0x000000070cc00000|  0%| F|  |TAMS 0x000000070c800000, 0x000000070c800000| Untracked 
| 561|0x000000070cc00000, 0x000000070cc00000, 0x000000070d000000|  0%| F|  |TAMS 0x000000070cc00000, 0x000000070cc00000| Untracked 
| 562|0x000000070d000000, 0x000000070d000000, 0x000000070d400000|  0%| F|  |TAMS 0x000000070d000000, 0x000000070d000000| Untracked 
| 563|0x000000070d400000, 0x000000070d400000, 0x000000070d800000|  0%| F|  |TAMS 0x000000070d400000, 0x000000070d400000| Untracked 
| 564|0x000000070d800000, 0x000000070d800000, 0x000000070dc00000|  0%| F|  |TAMS 0x000000070d800000, 0x000000070d800000| Untracked 
| 565|0x000000070dc00000, 0x000000070dc00000, 0x000000070e000000|  0%| F|  |TAMS 0x000000070dc00000, 0x000000070dc00000| Untracked 
| 566|0x000000070e000000, 0x000000070e000000, 0x000000070e400000|  0%| F|  |TAMS 0x000000070e000000, 0x000000070e000000| Untracked 
| 567|0x000000070e400000, 0x000000070e400000, 0x000000070e800000|  0%| F|  |TAMS 0x000000070e400000, 0x000000070e400000| Untracked 
| 568|0x000000070e800000, 0x000000070e800000, 0x000000070ec00000|  0%| F|  |TAMS 0x000000070e800000, 0x000000070e800000| Untracked 
| 569|0x000000070ec00000, 0x000000070ec00000, 0x000000070f000000|  0%| F|  |TAMS 0x000000070ec00000, 0x000000070ec00000| Untracked 
| 570|0x000000070f000000, 0x000000070f000000, 0x000000070f400000|  0%| F|  |TAMS 0x000000070f000000, 0x000000070f000000| Untracked 
| 571|0x000000070f400000, 0x000000070f400000, 0x000000070f800000|  0%| F|  |TAMS 0x000000070f400000, 0x000000070f400000| Untracked 
| 572|0x000000070f800000, 0x000000070f800000, 0x000000070fc00000|  0%| F|  |TAMS 0x000000070f800000, 0x000000070f800000| Untracked 
| 573|0x000000070fc00000, 0x000000070fc00000, 0x0000000710000000|  0%| F|  |TAMS 0x000000070fc00000, 0x000000070fc00000| Untracked 
| 574|0x0000000710000000, 0x0000000710000000, 0x0000000710400000|  0%| F|  |TAMS 0x0000000710000000, 0x0000000710000000| Untracked 
| 575|0x0000000710400000, 0x0000000710400000, 0x0000000710800000|  0%| F|  |TAMS 0x0000000710400000, 0x0000000710400000| Untracked 
| 576|0x0000000710800000, 0x0000000710800000, 0x0000000710c00000|  0%| F|  |TAMS 0x0000000710800000, 0x0000000710800000| Untracked 
| 577|0x0000000710c00000, 0x0000000710c00000, 0x0000000711000000|  0%| F|  |TAMS 0x0000000710c00000, 0x0000000710c00000| Untracked 
| 578|0x0000000711000000, 0x0000000711000000, 0x0000000711400000|  0%| F|  |TAMS 0x0000000711000000, 0x0000000711000000| Untracked 
| 579|0x0000000711400000, 0x0000000711400000, 0x0000000711800000|  0%| F|  |TAMS 0x0000000711400000, 0x0000000711400000| Untracked 
| 580|0x0000000711800000, 0x0000000711800000, 0x0000000711c00000|  0%| F|  |TAMS 0x0000000711800000, 0x0000000711800000| Untracked 
| 581|0x0000000711c00000, 0x0000000711c00000, 0x0000000712000000|  0%| F|  |TAMS 0x0000000711c00000, 0x0000000711c00000| Untracked 
| 582|0x0000000712000000, 0x0000000712000000, 0x0000000712400000|  0%| F|  |TAMS 0x0000000712000000, 0x0000000712000000| Untracked 
| 583|0x0000000712400000, 0x0000000712400000, 0x0000000712800000|  0%| F|  |TAMS 0x0000000712400000, 0x0000000712400000| Untracked 
| 584|0x0000000712800000, 0x0000000712800000, 0x0000000712c00000|  0%| F|  |TAMS 0x0000000712800000, 0x0000000712800000| Untracked 
| 585|0x0000000712c00000, 0x0000000712c00000, 0x0000000713000000|  0%| F|  |TAMS 0x0000000712c00000, 0x0000000712c00000| Untracked 
| 586|0x0000000713000000, 0x0000000713000000, 0x0000000713400000|  0%| F|  |TAMS 0x0000000713000000, 0x0000000713000000| Untracked 
| 587|0x0000000713400000, 0x0000000713400000, 0x0000000713800000|  0%| F|  |TAMS 0x0000000713400000, 0x0000000713400000| Untracked 
| 588|0x0000000713800000, 0x0000000713800000, 0x0000000713c00000|  0%| F|  |TAMS 0x0000000713800000, 0x0000000713800000| Untracked 
| 589|0x0000000713c00000, 0x0000000713c00000, 0x0000000714000000|  0%| F|  |TAMS 0x0000000713c00000, 0x0000000713c00000| Untracked 
| 590|0x0000000714000000, 0x0000000714000000, 0x0000000714400000|  0%| F|  |TAMS 0x0000000714000000, 0x0000000714000000| Untracked 
| 591|0x0000000714400000, 0x0000000714400000, 0x0000000714800000|  0%| F|  |TAMS 0x0000000714400000, 0x0000000714400000| Untracked 
| 592|0x0000000714800000, 0x0000000714800000, 0x0000000714c00000|  0%| F|  |TAMS 0x0000000714800000, 0x0000000714800000| Untracked 
| 593|0x0000000714c00000, 0x0000000714c00000, 0x0000000715000000|  0%| F|  |TAMS 0x0000000714c00000, 0x0000000714c00000| Untracked 
| 594|0x0000000715000000, 0x0000000715000000, 0x0000000715400000|  0%| F|  |TAMS 0x0000000715000000, 0x0000000715000000| Untracked 
| 595|0x0000000715400000, 0x0000000715400000, 0x0000000715800000|  0%| F|  |TAMS 0x0000000715400000, 0x0000000715400000| Untracked 
| 596|0x0000000715800000, 0x0000000715800000, 0x0000000715c00000|  0%| F|  |TAMS 0x0000000715800000, 0x0000000715800000| Untracked 
| 597|0x0000000715c00000, 0x0000000715c00000, 0x0000000716000000|  0%| F|  |TAMS 0x0000000715c00000, 0x0000000715c00000| Untracked 
| 598|0x0000000716000000, 0x0000000716000000, 0x0000000716400000|  0%| F|  |TAMS 0x0000000716000000, 0x0000000716000000| Untracked 
| 599|0x0000000716400000, 0x0000000716400000, 0x0000000716800000|  0%| F|  |TAMS 0x0000000716400000, 0x0000000716400000| Untracked 
| 600|0x0000000716800000, 0x0000000716800000, 0x0000000716c00000|  0%| F|  |TAMS 0x0000000716800000, 0x0000000716800000| Untracked 
| 601|0x0000000716c00000, 0x0000000716c00000, 0x0000000717000000|  0%| F|  |TAMS 0x0000000716c00000, 0x0000000716c00000| Untracked 
| 602|0x0000000717000000, 0x0000000717000000, 0x0000000717400000|  0%| F|  |TAMS 0x0000000717000000, 0x0000000717000000| Untracked 
| 603|0x0000000717400000, 0x0000000717400000, 0x0000000717800000|  0%| F|  |TAMS 0x0000000717400000, 0x0000000717400000| Untracked 
| 604|0x0000000717800000, 0x0000000717800000, 0x0000000717c00000|  0%| F|  |TAMS 0x0000000717800000, 0x0000000717800000| Untracked 
| 605|0x0000000717c00000, 0x0000000717c00000, 0x0000000718000000|  0%| F|  |TAMS 0x0000000717c00000, 0x0000000717c00000| Untracked 
| 606|0x0000000718000000, 0x0000000718000000, 0x0000000718400000|  0%| F|  |TAMS 0x0000000718000000, 0x0000000718000000| Untracked 
| 607|0x0000000718400000, 0x0000000718400000, 0x0000000718800000|  0%| F|  |TAMS 0x0000000718400000, 0x0000000718400000| Untracked 
| 608|0x0000000718800000, 0x0000000718800000, 0x0000000718c00000|  0%| F|  |TAMS 0x0000000718800000, 0x0000000718800000| Untracked 
| 609|0x0000000718c00000, 0x0000000718c00000, 0x0000000719000000|  0%| F|  |TAMS 0x0000000718c00000, 0x0000000718c00000| Untracked 
| 610|0x0000000719000000, 0x0000000719000000, 0x0000000719400000|  0%| F|  |TAMS 0x0000000719000000, 0x0000000719000000| Untracked 
| 611|0x0000000719400000, 0x0000000719400000, 0x0000000719800000|  0%| F|  |TAMS 0x0000000719400000, 0x0000000719400000| Untracked 
| 612|0x0000000719800000, 0x0000000719800000, 0x0000000719c00000|  0%| F|  |TAMS 0x0000000719800000, 0x0000000719800000| Untracked 
| 613|0x0000000719c00000, 0x0000000719c00000, 0x000000071a000000|  0%| F|  |TAMS 0x0000000719c00000, 0x0000000719c00000| Untracked 
| 614|0x000000071a000000, 0x000000071a000000, 0x000000071a400000|  0%| F|  |TAMS 0x000000071a000000, 0x000000071a000000| Untracked 
| 615|0x000000071a400000, 0x000000071a400000, 0x000000071a800000|  0%| F|  |TAMS 0x000000071a400000, 0x000000071a400000| Untracked 
| 616|0x000000071a800000, 0x000000071a800000, 0x000000071ac00000|  0%| F|  |TAMS 0x000000071a800000, 0x000000071a800000| Untracked 
| 617|0x000000071ac00000, 0x000000071ac00000, 0x000000071b000000|  0%| F|  |TAMS 0x000000071ac00000, 0x000000071ac00000| Untracked 
| 618|0x000000071b000000, 0x000000071b000000, 0x000000071b400000|  0%| F|  |TAMS 0x000000071b000000, 0x000000071b000000| Untracked 
| 619|0x000000071b400000, 0x000000071b400000, 0x000000071b800000|  0%| F|  |TAMS 0x000000071b400000, 0x000000071b400000| Untracked 
| 620|0x000000071b800000, 0x000000071b800000, 0x000000071bc00000|  0%| F|  |TAMS 0x000000071b800000, 0x000000071b800000| Untracked 
| 621|0x000000071bc00000, 0x000000071bc00000, 0x000000071c000000|  0%| F|  |TAMS 0x000000071bc00000, 0x000000071bc00000| Untracked 
| 622|0x000000071c000000, 0x000000071c000000, 0x000000071c400000|  0%| F|  |TAMS 0x000000071c000000, 0x000000071c000000| Untracked 
| 623|0x000000071c400000, 0x000000071c400000, 0x000000071c800000|  0%| F|  |TAMS 0x000000071c400000, 0x000000071c400000| Untracked 
| 624|0x000000071c800000, 0x000000071c800000, 0x000000071cc00000|  0%| F|  |TAMS 0x000000071c800000, 0x000000071c800000| Untracked 
| 625|0x000000071cc00000, 0x000000071cc00000, 0x000000071d000000|  0%| F|  |TAMS 0x000000071cc00000, 0x000000071cc00000| Untracked 
| 626|0x000000071d000000, 0x000000071d000000, 0x000000071d400000|  0%| F|  |TAMS 0x000000071d000000, 0x000000071d000000| Untracked 
| 627|0x000000071d400000, 0x000000071d400000, 0x000000071d800000|  0%| F|  |TAMS 0x000000071d400000, 0x000000071d400000| Untracked 
| 628|0x000000071d800000, 0x000000071d800000, 0x000000071dc00000|  0%| F|  |TAMS 0x000000071d800000, 0x000000071d800000| Untracked 
| 629|0x000000071dc00000, 0x000000071dc00000, 0x000000071e000000|  0%| F|  |TAMS 0x000000071dc00000, 0x000000071dc00000| Untracked 
| 630|0x000000071e000000, 0x000000071e000000, 0x000000071e400000|  0%| F|  |TAMS 0x000000071e000000, 0x000000071e000000| Untracked 
| 631|0x000000071e400000, 0x000000071e400000, 0x000000071e800000|  0%| F|  |TAMS 0x000000071e400000, 0x000000071e400000| Untracked 
| 632|0x000000071e800000, 0x000000071e800000, 0x000000071ec00000|  0%| F|  |TAMS 0x000000071e800000, 0x000000071e800000| Untracked 
| 633|0x000000071ec00000, 0x000000071ec00000, 0x000000071f000000|  0%| F|  |TAMS 0x000000071ec00000, 0x000000071ec00000| Untracked 
| 634|0x000000071f000000, 0x000000071f000000, 0x000000071f400000|  0%| F|  |TAMS 0x000000071f000000, 0x000000071f000000| Untracked 
| 635|0x000000071f400000, 0x000000071f400000, 0x000000071f800000|  0%| F|  |TAMS 0x000000071f400000, 0x000000071f400000| Untracked 
| 636|0x000000071f800000, 0x000000071f800000, 0x000000071fc00000|  0%| F|  |TAMS 0x000000071f800000, 0x000000071f800000| Untracked 
| 637|0x000000071fc00000, 0x000000071fc00000, 0x0000000720000000|  0%| F|  |TAMS 0x000000071fc00000, 0x000000071fc00000| Untracked 
| 638|0x0000000720000000, 0x0000000720000000, 0x0000000720400000|  0%| F|  |TAMS 0x0000000720000000, 0x0000000720000000| Untracked 
| 639|0x0000000720400000, 0x0000000720400000, 0x0000000720800000|  0%| F|  |TAMS 0x0000000720400000, 0x0000000720400000| Untracked 
| 640|0x0000000720800000, 0x0000000720800000, 0x0000000720c00000|  0%| F|  |TAMS 0x0000000720800000, 0x0000000720800000| Untracked 
| 641|0x0000000720c00000, 0x0000000720c00000, 0x0000000721000000|  0%| F|  |TAMS 0x0000000720c00000, 0x0000000720c00000| Untracked 
| 642|0x0000000721000000, 0x0000000721000000, 0x0000000721400000|  0%| F|  |TAMS 0x0000000721000000, 0x0000000721000000| Untracked 
| 643|0x0000000721400000, 0x0000000721400000, 0x0000000721800000|  0%| F|  |TAMS 0x0000000721400000, 0x0000000721400000| Untracked 
| 644|0x0000000721800000, 0x0000000721800000, 0x0000000721c00000|  0%| F|  |TAMS 0x0000000721800000, 0x0000000721800000| Untracked 
| 645|0x0000000721c00000, 0x0000000721c00000, 0x0000000722000000|  0%| F|  |TAMS 0x0000000721c00000, 0x0000000721c00000| Untracked 
| 646|0x0000000722000000, 0x0000000722000000, 0x0000000722400000|  0%| F|  |TAMS 0x0000000722000000, 0x0000000722000000| Untracked 
| 647|0x0000000722400000, 0x0000000722400000, 0x0000000722800000|  0%| F|  |TAMS 0x0000000722400000, 0x0000000722400000| Untracked 
| 648|0x0000000722800000, 0x0000000722800000, 0x0000000722c00000|  0%| F|  |TAMS 0x0000000722800000, 0x0000000722800000| Untracked 
| 649|0x0000000722c00000, 0x0000000722c00000, 0x0000000723000000|  0%| F|  |TAMS 0x0000000722c00000, 0x0000000722c00000| Untracked 
| 650|0x0000000723000000, 0x0000000723000000, 0x0000000723400000|  0%| F|  |TAMS 0x0000000723000000, 0x0000000723000000| Untracked 
| 651|0x0000000723400000, 0x0000000723400000, 0x0000000723800000|  0%| F|  |TAMS 0x0000000723400000, 0x0000000723400000| Untracked 
| 652|0x0000000723800000, 0x0000000723800000, 0x0000000723c00000|  0%| F|  |TAMS 0x0000000723800000, 0x0000000723800000| Untracked 
| 653|0x0000000723c00000, 0x0000000723c00000, 0x0000000724000000|  0%| F|  |TAMS 0x0000000723c00000, 0x0000000723c00000| Untracked 
| 654|0x0000000724000000, 0x0000000724000000, 0x0000000724400000|  0%| F|  |TAMS 0x0000000724000000, 0x0000000724000000| Untracked 
| 655|0x0000000724400000, 0x0000000724400000, 0x0000000724800000|  0%| F|  |TAMS 0x0000000724400000, 0x0000000724400000| Untracked 
| 656|0x0000000724800000, 0x0000000724800000, 0x0000000724c00000|  0%| F|  |TAMS 0x0000000724800000, 0x0000000724800000| Untracked 
| 657|0x0000000724c00000, 0x0000000724c00000, 0x0000000725000000|  0%| F|  |TAMS 0x0000000724c00000, 0x0000000724c00000| Untracked 
| 658|0x0000000725000000, 0x0000000725000000, 0x0000000725400000|  0%| F|  |TAMS 0x0000000725000000, 0x0000000725000000| Untracked 
| 659|0x0000000725400000, 0x0000000725400000, 0x0000000725800000|  0%| F|  |TAMS 0x0000000725400000, 0x0000000725400000| Untracked 
| 660|0x0000000725800000, 0x0000000725800000, 0x0000000725c00000|  0%| F|  |TAMS 0x0000000725800000, 0x0000000725800000| Untracked 
| 661|0x0000000725c00000, 0x0000000725c00000, 0x0000000726000000|  0%| F|  |TAMS 0x0000000725c00000, 0x0000000725c00000| Untracked 
| 662|0x0000000726000000, 0x0000000726000000, 0x0000000726400000|  0%| F|  |TAMS 0x0000000726000000, 0x0000000726000000| Untracked 
| 663|0x0000000726400000, 0x0000000726400000, 0x0000000726800000|  0%| F|  |TAMS 0x0000000726400000, 0x0000000726400000| Untracked 
| 664|0x0000000726800000, 0x0000000726800000, 0x0000000726c00000|  0%| F|  |TAMS 0x0000000726800000, 0x0000000726800000| Untracked 
| 665|0x0000000726c00000, 0x0000000726c00000, 0x0000000727000000|  0%| F|  |TAMS 0x0000000726c00000, 0x0000000726c00000| Untracked 
| 666|0x0000000727000000, 0x0000000727000000, 0x0000000727400000|  0%| F|  |TAMS 0x0000000727000000, 0x0000000727000000| Untracked 
| 667|0x0000000727400000, 0x0000000727400000, 0x0000000727800000|  0%| F|  |TAMS 0x0000000727400000, 0x0000000727400000| Untracked 
| 668|0x0000000727800000, 0x0000000727800000, 0x0000000727c00000|  0%| F|  |TAMS 0x0000000727800000, 0x0000000727800000| Untracked 
| 669|0x0000000727c00000, 0x0000000727c00000, 0x0000000728000000|  0%| F|  |TAMS 0x0000000727c00000, 0x0000000727c00000| Untracked 
| 670|0x0000000728000000, 0x0000000728000000, 0x0000000728400000|  0%| F|  |TAMS 0x0000000728000000, 0x0000000728000000| Untracked 
| 671|0x0000000728400000, 0x0000000728400000, 0x0000000728800000|  0%| F|  |TAMS 0x0000000728400000, 0x0000000728400000| Untracked 
| 672|0x0000000728800000, 0x0000000728800000, 0x0000000728c00000|  0%| F|  |TAMS 0x0000000728800000, 0x0000000728800000| Untracked 
| 673|0x0000000728c00000, 0x0000000728c00000, 0x0000000729000000|  0%| F|  |TAMS 0x0000000728c00000, 0x0000000728c00000| Untracked 
| 674|0x0000000729000000, 0x0000000729000000, 0x0000000729400000|  0%| F|  |TAMS 0x0000000729000000, 0x0000000729000000| Untracked 
| 675|0x0000000729400000, 0x0000000729400000, 0x0000000729800000|  0%| F|  |TAMS 0x0000000729400000, 0x0000000729400000| Untracked 
| 676|0x0000000729800000, 0x0000000729800000, 0x0000000729c00000|  0%| F|  |TAMS 0x0000000729800000, 0x0000000729800000| Untracked 
| 677|0x0000000729c00000, 0x0000000729c00000, 0x000000072a000000|  0%| F|  |TAMS 0x0000000729c00000, 0x0000000729c00000| Untracked 
| 678|0x000000072a000000, 0x000000072a000000, 0x000000072a400000|  0%| F|  |TAMS 0x000000072a000000, 0x000000072a000000| Untracked 
| 679|0x000000072a400000, 0x000000072a400000, 0x000000072a800000|  0%| F|  |TAMS 0x000000072a400000, 0x000000072a400000| Untracked 
| 680|0x000000072a800000, 0x000000072a800000, 0x000000072ac00000|  0%| F|  |TAMS 0x000000072a800000, 0x000000072a800000| Untracked 
| 681|0x000000072ac00000, 0x000000072ac00000, 0x000000072b000000|  0%| F|  |TAMS 0x000000072ac00000, 0x000000072ac00000| Untracked 
| 682|0x000000072b000000, 0x000000072b000000, 0x000000072b400000|  0%| F|  |TAMS 0x000000072b000000, 0x000000072b000000| Untracked 
| 683|0x000000072b400000, 0x000000072b400000, 0x000000072b800000|  0%| F|  |TAMS 0x000000072b400000, 0x000000072b400000| Untracked 
| 684|0x000000072b800000, 0x000000072b800000, 0x000000072bc00000|  0%| F|  |TAMS 0x000000072b800000, 0x000000072b800000| Untracked 
| 685|0x000000072bc00000, 0x000000072bc00000, 0x000000072c000000|  0%| F|  |TAMS 0x000000072bc00000, 0x000000072bc00000| Untracked 
| 686|0x000000072c000000, 0x000000072c000000, 0x000000072c400000|  0%| F|  |TAMS 0x000000072c000000, 0x000000072c000000| Untracked 
| 687|0x000000072c400000, 0x000000072c400000, 0x000000072c800000|  0%| F|  |TAMS 0x000000072c400000, 0x000000072c400000| Untracked 
| 688|0x000000072c800000, 0x000000072c800000, 0x000000072cc00000|  0%| F|  |TAMS 0x000000072c800000, 0x000000072c800000| Untracked 
| 689|0x000000072cc00000, 0x000000072cc00000, 0x000000072d000000|  0%| F|  |TAMS 0x000000072cc00000, 0x000000072cc00000| Untracked 
| 690|0x000000072d000000, 0x000000072d000000, 0x000000072d400000|  0%| F|  |TAMS 0x000000072d000000, 0x000000072d000000| Untracked 
| 691|0x000000072d400000, 0x000000072d400000, 0x000000072d800000|  0%| F|  |TAMS 0x000000072d400000, 0x000000072d400000| Untracked 
| 692|0x000000072d800000, 0x000000072d800000, 0x000000072dc00000|  0%| F|  |TAMS 0x000000072d800000, 0x000000072d800000| Untracked 
| 693|0x000000072dc00000, 0x000000072dc00000, 0x000000072e000000|  0%| F|  |TAMS 0x000000072dc00000, 0x000000072dc00000| Untracked 
| 694|0x000000072e000000, 0x000000072e000000, 0x000000072e400000|  0%| F|  |TAMS 0x000000072e000000, 0x000000072e000000| Untracked 
| 695|0x000000072e400000, 0x000000072e400000, 0x000000072e800000|  0%| F|  |TAMS 0x000000072e400000, 0x000000072e400000| Untracked 
| 696|0x000000072e800000, 0x000000072e800000, 0x000000072ec00000|  0%| F|  |TAMS 0x000000072e800000, 0x000000072e800000| Untracked 
|1533|0x00000007ffc00000, 0x0000000800000000, 0x0000000800000000|100%| O|  |TAMS 0x00000007ffc00000, 0x00000007ffc00000| Untracked 

Card table byte_map: [0x000001c816a00000,0x000001c817600000] _byte_map_base: 0x000001c8135fc000

Marking Bits (Prev, Next): (CMBitMap*) 0x000001c801563a30, (CMBitMap*) 0x000001c801563a70
 Prev Bits: [0x000001c818200000, 0x000001c81e1e0000)
 Next Bits: [0x000001c81e1e0000, 0x000001c8241c0000)

Polling page: 0x000001c8015a0000

Metaspace:

Usage:
  Non-class:     13.00 MB used.
      Class:    995.43 KB used.
       Both:     13.97 MB used.

Virtual space:
  Non-class space:       64.00 MB reserved,      13.06 MB ( 20%) committed,  1 nodes.
      Class space:        1.00 GB reserved,       1.06 MB ( <1%) committed,  1 nodes.
             Both:        1.06 GB reserved,      14.12 MB (  1%) committed. 

Chunk freelists:
   Non-Class:  2.70 MB
       Class:  14.97 MB
        Both:  17.67 MB

MaxMetaspaceSize: unlimited
CompressedClassSpaceSize: 1.00 GB
Initial GC threshold: 21.00 MB
Current GC threshold: 21.00 MB
CDS: off
MetaspaceReclaimPolicy: balanced
 - commit_granule_bytes: 65536.
 - commit_granule_words: 8192.
 - virtual_space_node_default_size: 8388608.
 - enlarge_chunks_in_place: 1.
 - new_chunks_are_fully_committed: 0.
 - uncommit_free_chunks: 1.
 - use_allocation_guard: 0.
 - handle_deallocations: 1.


Internal statistics:

num_allocs_failed_limit: 0.
num_arena_births: 68.
num_arena_deaths: 0.
num_vsnodes_births: 2.
num_vsnodes_deaths: 0.
num_space_committed: 224.
num_space_uncommitted: 0.
num_chunks_returned_to_freelist: 0.
num_chunks_taken_from_freelist: 283.
num_chunk_merges: 0.
num_chunk_splits: 206.
num_chunks_enlarged: 167.
num_inconsistent_stats: 0.

CodeHeap 'non-profiled nmethods': size=120000Kb used=1205Kb max_used=1205Kb free=118794Kb
 bounds [0x000001c80de70000, 0x000001c80e0e0000, 0x000001c8153a0000]
CodeHeap 'profiled nmethods': size=120000Kb used=3078Kb max_used=3078Kb free=116921Kb
 bounds [0x000001c8063a0000, 0x000001c8066b0000, 0x000001c80d8d0000]
CodeHeap 'non-nmethods': size=5760Kb used=1709Kb max_used=1775Kb free=4050Kb
 bounds [0x000001c80d8d0000, 0x000001c80db40000, 0x000001c80de70000]
 total_blobs=2619 nmethods=1445 adapters=1087
 compilation: enabled
              stopped_count=0, restarted_count=0
 full_count=0

Compilation events (20 events):
Event: 10.011 Thread 0x000001c82b0825c0 nmethod 1437 0x000001c8066a0110 code [0x000001c8066a02a0, 0x000001c8066a03e8]
Event: 10.013 Thread 0x000001c82b081520 nmethod 1424% 0x000001c80df7ff10 code [0x000001c80df80280, 0x000001c80df83500]
Event: 10.014 Thread 0x000001c82b081520 1427       4       org.joml.Vector2f::sub (7 bytes)
Event: 10.015 Thread 0x000001c82b081520 nmethod 1427 0x000001c80df84f90 code [0x000001c80df85100, 0x000001c80df851d8]
Event: 10.015 Thread 0x000001c82b081520 1426       4       org.joml.Vector2f::set (22 bytes)
Event: 10.015 Thread 0x000001c82b081520 nmethod 1426 0x000001c80df85310 code [0x000001c80df85480, 0x000001c80df85558]
Event: 10.015 Thread 0x000001c82b081520 1438 %     4       loaders.ObjLoader::parseMeshDataFromLines @ 65 (1229 bytes)
Event: 10.112 Thread 0x000001c82b0825c0 1439       3       org.lwjgl.system.MemoryUtil::memSet (92 bytes)
Event: 10.112 Thread 0x000001c82b0825c0 nmethod 1439 0x000001c8066a0490 code [0x000001c8066a0640, 0x000001c8066a0858]
Event: 10.328 Thread 0x000001c82b081520 nmethod 1438% 0x000001c80df85a10 code [0x000001c80df85fa0, 0x000001c80df8cdf0]
Event: 10.329 Thread 0x000001c82b081520 1441       4       loaders.ObjLoader::parseMeshDataFromLines (1229 bytes)
Event: 10.691 Thread 0x000001c82b0825c0 1442   !   3       sun.nio.cs.StreamEncoder::flushBuffer (42 bytes)
Event: 10.692 Thread 0x000001c82b0825c0 nmethod 1442 0x000001c8066a0910 code [0x000001c8066a0b00, 0x000001c8066a0fb8]
Event: 10.705 Thread 0x000001c82b081520 nmethod 1441 0x000001c80df90590 code [0x000001c80df90b40, 0x000001c80df97ff0]
Event: 11.295 Thread 0x000001c82b0825c0 1443       3       java.lang.Thread::interrupted (23 bytes)
Event: 11.295 Thread 0x000001c82b0825c0 nmethod 1443 0x000001c8066a1210 code [0x000001c8066a13c0, 0x000001c8066a1548]
Event: 11.445 Thread 0x000001c82b0825c0 1444       3       java.lang.Class::cast (27 bytes)
Event: 11.445 Thread 0x000001c82b0825c0 nmethod 1444 0x000001c8066a1610 code [0x000001c8066a17c0, 0x000001c8066a1a78]
Event: 11.446 Thread 0x000001c82b081520 1445       4       java.nio.Buffer::flip (20 bytes)
Event: 11.447 Thread 0x000001c82b081520 nmethod 1445 0x000001c80df9d210 code [0x000001c80df9d380, 0x000001c80df9d418]

GC Heap History (20 events):
Event: 9.443 GC heap after
{Heap after GC invocations=10 (full 0):
 garbage-first heap   total 839680K, used 190220K [0x0000000680800000, 0x0000000800000000)
  region size 4096K, 8 young (32768K), 8 survivors (32768K)
 Metaspace       used 14282K, committed 14464K, reserved 1114112K
  class space    used 995K, committed 1088K, reserved 1048576K
}
Event: 9.501 GC heap before
{Heap before GC invocations=10 (full 0):
 garbage-first heap   total 839680K, used 661260K [0x0000000680800000, 0x0000000800000000)
  region size 4096K, 123 young (503808K), 8 survivors (32768K)
 Metaspace       used 14282K, committed 14464K, reserved 1114112K
  class space    used 995K, committed 1088K, reserved 1048576K
}
Event: 9.516 GC heap after
{Heap after GC invocations=11 (full 0):
 garbage-first heap   total 839680K, used 200858K [0x0000000680800000, 0x0000000800000000)
  region size 4096K, 10 young (40960K), 10 survivors (40960K)
 Metaspace       used 14282K, committed 14464K, reserved 1114112K
  class space    used 995K, committed 1088K, reserved 1048576K
}
Event: 9.574 GC heap before
{Heap before GC invocations=11 (full 0):
 garbage-first heap   total 839680K, used 659610K [0x0000000680800000, 0x0000000800000000)
  region size 4096K, 123 young (503808K), 10 survivors (40960K)
 Metaspace       used 14282K, committed 14464K, reserved 1114112K
  class space    used 995K, committed 1088K, reserved 1048576K
}
Event: 9.599 GC heap after
{Heap after GC invocations=12 (full 0):
 garbage-first heap   total 1720320K, used 213232K [0x0000000680800000, 0x0000000800000000)
  region size 4096K, 10 young (40960K), 10 survivors (40960K)
 Metaspace       used 14282K, committed 14464K, reserved 1114112K
  class space    used 995K, committed 1088K, reserved 1048576K
}
Event: 9.795 GC heap before
{Heap before GC invocations=12 (full 0):
 garbage-first heap   total 1720320K, used 1204464K [0x0000000680800000, 0x0000000800000000)
  region size 4096K, 252 young (1032192K), 10 survivors (40960K)
 Metaspace       used 14282K, committed 14464K, reserved 1114112K
  class space    used 995K, committed 1088K, reserved 1048576K
}
Event: 9.820 GC heap after
{Heap after GC invocations=13 (full 0):
 garbage-first heap   total 1720320K, used 237000K [0x0000000680800000, 0x0000000800000000)
  region size 4096K, 16 young (65536K), 16 survivors (65536K)
 Metaspace       used 14282K, committed 14464K, reserved 1114112K
  class space    used 995K, committed 1088K, reserved 1048576K
}
Event: 9.973 GC heap before
{Heap before GC invocations=13 (full 0):
 garbage-first heap   total 1720320K, used 1232328K [0x0000000680800000, 0x0000000800000000)
  region size 4096K, 252 young (1032192K), 16 survivors (65536K)
 Metaspace       used 14301K, committed 14464K, reserved 1114112K
  class space    used 995K, committed 1088K, reserved 1048576K
}
Event: 10.010 GC heap after
{Heap after GC invocations=14 (full 0):
 garbage-first heap   total 1720320K, used 293521K [0x0000000680800000, 0x0000000800000000)
  region size 4096K, 21 young (86016K), 21 survivors (86016K)
 Metaspace       used 14301K, committed 14464K, reserved 1114112K
  class space    used 995K, committed 1088K, reserved 1048576K
}
Event: 10.193 GC heap before
{Heap before GC invocations=14 (full 0):
 garbage-first heap   total 1720320K, used 1239697K [0x0000000680800000, 0x0000000800000000)
  region size 4096K, 252 young (1032192K), 21 survivors (86016K)
 Metaspace       used 14302K, committed 14464K, reserved 1114112K
  class space    used 995K, committed 1088K, reserved 1048576K
}
Event: 10.234 GC heap after
{Heap after GC invocations=15 (full 0):
 garbage-first heap   total 1720320K, used 316189K [0x0000000680800000, 0x0000000800000000)
  region size 4096K, 22 young (90112K), 22 survivors (90112K)
 Metaspace       used 14302K, committed 14464K, reserved 1114112K
  class space    used 995K, committed 1088K, reserved 1048576K
}
Event: 10.398 GC heap before
{Heap before GC invocations=15 (full 0):
 garbage-first heap   total 1720320K, used 1254173K [0x0000000680800000, 0x0000000800000000)
  region size 4096K, 252 young (1032192K), 22 survivors (90112K)
 Metaspace       used 14302K, committed 14464K, reserved 1114112K
  class space    used 995K, committed 1088K, reserved 1048576K
}
Event: 10.439 GC heap after
{Heap after GC invocations=16 (full 0):
 garbage-first heap   total 2859008K, used 342127K [0x0000000680800000, 0x0000000800000000)
  region size 4096K, 18 young (73728K), 18 survivors (73728K)
 Metaspace       used 14302K, committed 14464K, reserved 1114112K
  class space    used 995K, committed 1088K, reserved 1048576K
}
Event: 10.804 GC heap before
{Heap before GC invocations=16 (full 0):
 garbage-first heap   total 2859008K, used 1992815K [0x0000000680800000, 0x0000000800000000)
  region size 4096K, 418 young (1712128K), 18 survivors (73728K)
 Metaspace       used 14302K, committed 14464K, reserved 1114112K
  class space    used 995K, committed 1088K, reserved 1048576K
}
Event: 10.835 GC heap after
{Heap after GC invocations=17 (full 0):
 garbage-first heap   total 2859008K, used 356373K [0x0000000680800000, 0x0000000800000000)
  region size 4096K, 19 young (77824K), 19 survivors (77824K)
 Metaspace       used 14302K, committed 14464K, reserved 1114112K
  class space    used 995K, committed 1088K, reserved 1048576K
}
Event: 11.059 GC heap before
{Heap before GC invocations=17 (full 0):
 garbage-first heap   total 2859008K, used 2007061K [0x0000000680800000, 0x0000000800000000)
  region size 4096K, 418 young (1712128K), 19 survivors (77824K)
 Metaspace       used 14302K, committed 14464K, reserved 1114112K
  class space    used 995K, committed 1088K, reserved 1048576K
}
Event: 11.086 GC heap after
{Heap after GC invocations=18 (full 0):
 garbage-first heap   total 2859008K, used 360491K [0x0000000680800000, 0x0000000800000000)
  region size 4096K, 15 young (61440K), 15 survivors (61440K)
 Metaspace       used 14302K, committed 14464K, reserved 1114112K
  class space    used 995K, committed 1088K, reserved 1048576K
}
Event: 11.304 GC heap before
{Heap before GC invocations=18 (full 0):
 garbage-first heap   total 2859008K, used 2015275K [0x0000000680800000, 0x0000000800000000)
  region size 4096K, 418 young (1712128K), 15 survivors (61440K)
 Metaspace       used 14303K, committed 14464K, reserved 1114112K
  class space    used 995K, committed 1088K, reserved 1048576K
}
Event: 11.341 GC heap after
{Heap after GC invocations=19 (full 0):
 garbage-first heap   total 2859008K, used 391573K [0x0000000680800000, 0x0000000800000000)
  region size 4096K, 21 young (86016K), 21 survivors (86016K)
 Metaspace       used 14303K, committed 14464K, reserved 1114112K
  class space    used 995K, committed 1088K, reserved 1048576K
}
Event: 11.553 GC heap before
{Heap before GC invocations=19 (full 0):
 garbage-first heap   total 2859008K, used 2042261K [0x0000000680800000, 0x0000000800000000)
  region size 4096K, 418 young (1712128K), 21 survivors (86016K)
 Metaspace       used 14304K, committed 14464K, reserved 1114112K
  class space    used 995K, committed 1088K, reserved 1048576K
}

Dll operation events (9 events):
Event: 0.006 Loaded shared library C:\Users\alex\.p2\pool\plugins\org.eclipse.justj.openjdk.hotspot.jre.full.win32.x86_64_17.0.7.v20230425-1502\jre\bin\java.dll
Event: 0.112 Loaded shared library C:\Users\alex\.p2\pool\plugins\org.eclipse.justj.openjdk.hotspot.jre.full.win32.x86_64_17.0.7.v20230425-1502\jre\bin\net.dll
Event: 0.114 Loaded shared library C:\Users\alex\.p2\pool\plugins\org.eclipse.justj.openjdk.hotspot.jre.full.win32.x86_64_17.0.7.v20230425-1502\jre\bin\nio.dll
Event: 0.120 Loaded shared library C:\Users\alex\.p2\pool\plugins\org.eclipse.justj.openjdk.hotspot.jre.full.win32.x86_64_17.0.7.v20230425-1502\jre\bin\zip.dll
Event: 0.179 Loaded shared library C:\Users\alex\.p2\pool\plugins\org.eclipse.justj.openjdk.hotspot.jre.full.win32.x86_64_17.0.7.v20230425-1502\jre\bin\jimage.dll
Event: 0.202 Loaded shared library C:\Users\alex\AppData\Local\Temp\lwjgl_alex\3.3.4+7\x64\lwjgl.dll
Event: 0.604 Loaded shared library C:\Users\alex\AppData\Local\Temp\lwjgl_alex\3.3.4+7\x64\lwjgl_opengl.dll
Event: 0.689 Loaded shared library C:\Users\alex\AppData\Local\Temp\lwjgl_alex\3.3.4+7\x64\lwjgl_stb.dll
Event: 0.714 Loaded shared library C:\Users\alex\.p2\pool\plugins\org.eclipse.justj.openjdk.hotspot.jre.full.win32.x86_64_17.0.7.v20230425-1502\jre\bin\verify.dll

Deoptimization events (20 events):
Event: 9.933 Thread 0x000001c8326451e0 DEOPT PACKING pc=0x000001c80df7c2ec sp=0x000000bc152ff170
Event: 9.933 Thread 0x000001c8326451e0 DEOPT UNPACKING pc=0x000001c80d9269a3 sp=0x000000bc152ff108 mode 2
Event: 10.328 Thread 0x000001c8326451e0 DEOPT PACKING pc=0x000001c806687a8b sp=0x000000bc152ff040
Event: 10.328 Thread 0x000001c8326451e0 DEOPT UNPACKING pc=0x000001c80d927143 sp=0x000000bc152fe5f8 mode 0
Event: 10.330 Thread 0x000001c832801e50 DEOPT PACKING pc=0x000001c806687a8b sp=0x000000bc14bff1d0
Event: 10.330 Thread 0x000001c832801e50 DEOPT UNPACKING pc=0x000001c80d927143 sp=0x000000bc14bfe788 mode 0
Event: 10.336 Thread 0x000001c8326486d0 DEOPT PACKING pc=0x000001c806687a8b sp=0x000000bc151febb0
Event: 10.336 Thread 0x000001c8326486d0 DEOPT UNPACKING pc=0x000001c80d927143 sp=0x000000bc151fe168 mode 0
Event: 10.340 Thread 0x000001c832802b30 DEOPT PACKING pc=0x000001c806687a8b sp=0x000000bc14cfeb80
Event: 10.340 Thread 0x000001c832802b30 DEOPT UNPACKING pc=0x000001c80d927143 sp=0x000000bc14cfe138 mode 0
Event: 10.345 Thread 0x000001c832648200 DEOPT PACKING pc=0x000001c806687a8b sp=0x000000bc150fee30
Event: 10.345 Thread 0x000001c832648200 DEOPT UNPACKING pc=0x000001c80d927143 sp=0x000000bc150fe3e8 mode 0
Event: 10.354 Thread 0x000001c8326469f0 DEOPT PACKING pc=0x000001c806687a8b sp=0x000000bc14ffee50
Event: 10.354 Thread 0x000001c8326469f0 DEOPT UNPACKING pc=0x000001c80d927143 sp=0x000000bc14ffe408 mode 0
Event: 10.370 Thread 0x000001c832647d30 DEOPT PACKING pc=0x000001c806687a8b sp=0x000000bc14dff0b0
Event: 10.370 Thread 0x000001c832647d30 DEOPT UNPACKING pc=0x000001c80d927143 sp=0x000000bc14dfe668 mode 0
Event: 10.379 Thread 0x000001c832645b80 DEOPT PACKING pc=0x000001c806687a8b sp=0x000000bc14efede0
Event: 10.379 Thread 0x000001c832645b80 DEOPT UNPACKING pc=0x000001c80d927143 sp=0x000000bc14efe398 mode 0
Event: 10.715 Thread 0x000001c832648200 DEOPT PACKING pc=0x000001c806687a8b sp=0x000000bc150fee30
Event: 10.715 Thread 0x000001c832648200 DEOPT UNPACKING pc=0x000001c80d927143 sp=0x000000bc150fe3e8 mode 0

Classes unloaded (0 events):
No events

Classes redefined (0 events):
No events

Internal exceptions (20 events):
Event: 0.172 Thread 0x000001c8014d8e00 Exception <a 'java/lang/NoSuchMethodError'{0x00000006986dafe0}: 'java.lang.Object java.lang.invoke.DirectMethodHandle$Holder.invokeStatic(java.lang.Object, java.lang.Object, int)'> (0x00000006986dafe0) 
thrown [s\src\hotspot\share\interpreter\linkResolver.cpp, line 759]
Event: 0.173 Thread 0x000001c8014d8e00 Exception <a 'java/lang/NoSuchMethodError'{0x00000006986e6d50}: 'void java.lang.invoke.DelegatingMethodHandle$Holder.delegate(java.lang.Object, java.lang.Object, int, java.lang.Object)'> (0x00000006986e6d50) 
thrown [s\src\hotspot\share\interpreter\linkResolver.cpp, line 759]
Event: 0.173 Thread 0x000001c8014d8e00 Exception <a 'java/lang/NoSuchMethodError'{0x00000006986eb1e0}: 'int java.lang.invoke.DirectMethodHandle$Holder.invokeSpecial(java.lang.Object, java.lang.Object, java.lang.Object)'> (0x00000006986eb1e0) 
thrown [s\src\hotspot\share\interpreter\linkResolver.cpp, line 759]
Event: 0.206 Thread 0x000001c8014d8e00 Exception <a 'sun/nio/fs/WindowsException'{0x000000069876aa10}> (0x000000069876aa10) 
thrown [s\src\hotspot\share\prims\jni.cpp, line 516]
Event: 0.206 Thread 0x000001c8014d8e00 Exception <a 'sun/nio/fs/WindowsException'{0x000000069876af50}> (0x000000069876af50) 
thrown [s\src\hotspot\share\prims\jni.cpp, line 516]
Event: 0.225 Thread 0x000001c8014d8e00 Exception <a 'sun/nio/fs/WindowsException'{0x0000000698057708}> (0x0000000698057708) 
thrown [s\src\hotspot\share\prims\jni.cpp, line 516]
Event: 0.226 Thread 0x000001c8014d8e00 Exception <a 'sun/nio/fs/WindowsException'{0x0000000698057a60}> (0x0000000698057a60) 
thrown [s\src\hotspot\share\prims\jni.cpp, line 516]
Event: 0.230 Thread 0x000001c8014d8e00 Exception <a 'java/lang/NoSuchMethodError'{0x0000000698075c48}: 'java.lang.Object java.lang.invoke.DirectMethodHandle$Holder.invokeStaticInit(java.lang.Object)'> (0x0000000698075c48) 
thrown [s\src\hotspot\share\interpreter\linkResolver.cpp, line 759]
Event: 0.234 Thread 0x000001c8014d8e00 Exception <a 'java/lang/NoSuchMethodError'{0x00000006980a6cb0}: 'int java.lang.invoke.DirectMethodHandle$Holder.invokeStaticInit(java.lang.Object, java.lang.Object, int, long)'> (0x00000006980a6cb0) 
thrown [s\src\hotspot\share\interpreter\linkResolver.cpp, line 759]
Event: 0.235 Thread 0x000001c8014d8e00 Exception <a 'java/lang/NoSuchMethodError'{0x00000006980ac578}: 'java.lang.Object java.lang.invoke.DirectMethodHandle$Holder.newInvokeSpecial(java.lang.Object, java.lang.Object, int)'> (0x00000006980ac578) 
thrown [s\src\hotspot\share\interpreter\linkResolver.cpp, line 759]
Event: 0.237 Thread 0x000001c8014d8e00 Exception <a 'java/lang/NoSuchMethodError'{0x00000006980bb5d0}: 'int java.lang.invoke.DirectMethodHandle$Holder.invokeStaticInit(java.lang.Object, java.lang.Object, long, long)'> (0x00000006980bb5d0) 
thrown [s\src\hotspot\share\interpreter\linkResolver.cpp, line 759]
Event: 0.237 Thread 0x000001c8014d8e00 Exception <a 'java/lang/NoSuchMethodError'{0x00000006980c16e0}: 'java.lang.Object java.lang.invoke.DirectMethodHandle$Holder.newInvokeSpecial(java.lang.Object, java.lang.Object, long)'> (0x00000006980c16e0) 
thrown [s\src\hotspot\share\interpreter\linkResolver.cpp, line 759]
Event: 0.238 Thread 0x000001c8014d8e00 Exception <a 'java/lang/NoSuchMethodError'{0x00000006980c5a38}: 'java.lang.Object java.lang.invoke.Invokers$Holder.linkToTargetMethod(java.lang.Object, long, java.lang.Object)'> (0x00000006980c5a38) 
thrown [s\src\hotspot\share\interpreter\linkResolver.cpp, line 759]
Event: 0.238 Thread 0x000001c8014d8e00 Exception <a 'java/lang/NoSuchMethodError'{0x00000006980cd150}: 'int java.lang.invoke.DirectMethodHandle$Holder.invokeStaticInit(java.lang.Object, java.lang.Object, java.lang.Object, long)'> (0x00000006980cd150) 
thrown [s\src\hotspot\share\interpreter\linkResolver.cpp, line 759]
Event: 0.603 Thread 0x000001c8014d8e00 Exception <a 'sun/nio/fs/WindowsException'{0x0000000698169fe8}> (0x0000000698169fe8) 
thrown [s\src\hotspot\share\prims\jni.cpp, line 516]
Event: 0.603 Thread 0x000001c8014d8e00 Exception <a 'sun/nio/fs/WindowsException'{0x000000069816a378}> (0x000000069816a378) 
thrown [s\src\hotspot\share\prims\jni.cpp, line 516]
Event: 0.607 Thread 0x000001c8014d8e00 Exception <a 'sun/nio/fs/WindowsException'{0x0000000698177488}> (0x0000000698177488) 
thrown [s\src\hotspot\share\prims\jni.cpp, line 516]
Event: 0.607 Thread 0x000001c8014d8e00 Exception <a 'sun/nio/fs/WindowsException'{0x0000000698177758}> (0x0000000698177758) 
thrown [s\src\hotspot\share\prims\jni.cpp, line 516]
Event: 0.687 Thread 0x000001c8014d8e00 Exception <a 'sun/nio/fs/WindowsException'{0x0000000697c321b0}> (0x0000000697c321b0) 
thrown [s\src\hotspot\share\prims\jni.cpp, line 516]
Event: 0.687 Thread 0x000001c8014d8e00 Exception <a 'sun/nio/fs/WindowsException'{0x0000000697c32520}> (0x0000000697c32520) 
thrown [s\src\hotspot\share\prims\jni.cpp, line 516]

VM Operations (20 events):
Event: 9.443 Executing VM operation: G1CollectForAllocation done
Event: 9.501 Executing VM operation: G1CollectForAllocation
Event: 9.516 Executing VM operation: G1CollectForAllocation done
Event: 9.574 Executing VM operation: G1CollectForAllocation
Event: 9.599 Executing VM operation: G1CollectForAllocation done
Event: 9.795 Executing VM operation: G1CollectForAllocation
Event: 9.820 Executing VM operation: G1CollectForAllocation done
Event: 9.973 Executing VM operation: G1CollectForAllocation
Event: 10.010 Executing VM operation: G1CollectForAllocation done
Event: 10.193 Executing VM operation: G1CollectForAllocation
Event: 10.234 Executing VM operation: G1CollectForAllocation done
Event: 10.398 Executing VM operation: G1CollectForAllocation
Event: 10.439 Executing VM operation: G1CollectForAllocation done
Event: 10.804 Executing VM operation: G1CollectForAllocation
Event: 10.835 Executing VM operation: G1CollectForAllocation done
Event: 11.058 Executing VM operation: G1CollectForAllocation
Event: 11.086 Executing VM operation: G1CollectForAllocation done
Event: 11.304 Executing VM operation: G1CollectForAllocation
Event: 11.341 Executing VM operation: G1CollectForAllocation done
Event: 11.552 Executing VM operation: G1CollectForAllocation

Events (20 events):
Event: 9.117 loading class java/lang/invoke/VarHandleReferences$FieldInstanceReadOnly done
Event: 9.117 loading class java/lang/invoke/VarHandleReferences$FieldInstanceReadWrite done
Event: 9.117 loading class java/util/concurrent/FutureTask$WaitNode
Event: 9.117 loading class java/util/concurrent/FutureTask$WaitNode done
Event: 9.117 loading class java/util/concurrent/ThreadPoolExecutor$Worker
Event: 9.117 loading class java/util/concurrent/ThreadPoolExecutor$Worker done
Event: 9.117 loading class java/lang/Thread$State
Event: 9.117 loading class java/lang/Thread$State done
Event: 9.117 Thread 0x000001c832801e50 Thread added: 0x000001c832801e50
Event: 9.117 Thread 0x000001c832802b30 Thread added: 0x000001c832802b30
Event: 9.118 loading class java/lang/invoke/VarHandle$AccessDescriptor
Event: 9.118 Thread 0x000001c832647d30 Thread added: 0x000001c832647d30
Event: 9.118 loading class java/lang/invoke/VarHandle$AccessDescriptor done
Event: 9.118 Thread 0x000001c832645b80 Thread added: 0x000001c832645b80
Event: 9.118 Thread 0x000001c8326469f0 Thread added: 0x000001c8326469f0
Event: 9.118 Thread 0x000001c832648200 Thread added: 0x000001c832648200
Event: 9.118 Thread 0x000001c8326486d0 Thread added: 0x000001c8326486d0
Event: 9.118 Thread 0x000001c8326451e0 Thread added: 0x000001c8326451e0
Event: 9.200 Thread 0x000001c832803c10 Thread added: 0x000001c832803c10
Event: 9.900 Thread 0x000001c832803c10 Thread exited: 0x000001c832803c10


Dynamic libraries:
0x00007ff6d7190000 - 0x00007ff6d719e000 	C:\Users\alex\.p2\pool\plugins\org.eclipse.justj.openjdk.hotspot.jre.full.win32.x86_64_17.0.7.v20230425-1502\jre\bin\javaw.exe
0x00007ffe0f350000 - 0x00007ffe0f548000 	C:\WINDOWS\SYSTEM32\ntdll.dll
0x00007ffe0e260000 - 0x00007ffe0e322000 	C:\WINDOWS\System32\KERNEL32.DLL
0x00007ffe0ccb0000 - 0x00007ffe0cfa6000 	C:\WINDOWS\System32\KERNELBASE.dll
0x00007ffe0d2c0000 - 0x00007ffe0d3c0000 	C:\WINDOWS\System32\ucrtbase.dll
0x00007ffe04570000 - 0x00007ffe04587000 	C:\Users\alex\.p2\pool\plugins\org.eclipse.justj.openjdk.hotspot.jre.full.win32.x86_64_17.0.7.v20230425-1502\jre\bin\jli.dll
0x00007ffe04550000 - 0x00007ffe04569000 	C:\Users\alex\.p2\pool\plugins\org.eclipse.justj.openjdk.hotspot.jre.full.win32.x86_64_17.0.7.v20230425-1502\jre\bin\VCRUNTIME140.dll
0x00007ffe0df20000 - 0x00007ffe0e0c1000 	C:\WINDOWS\System32\USER32.dll
0x00007ffe0d1b0000 - 0x00007ffe0d1d2000 	C:\WINDOWS\System32\win32u.dll
0x00007ffdf9ba0000 - 0x00007ffdf9e3b000 	C:\WINDOWS\WinSxS\amd64_microsoft.windows.common-controls_6595b64144ccf1df_6.0.19041.6456_none_60b8a6cb71f64256\COMCTL32.dll
0x00007ffe0ef20000 - 0x00007ffe0ef4b000 	C:\WINDOWS\System32\GDI32.dll
0x00007ffe0d460000 - 0x00007ffe0d4fe000 	C:\WINDOWS\System32\msvcrt.dll
0x00007ffe0d000000 - 0x00007ffe0d119000 	C:\WINDOWS\System32\gdi32full.dll
0x00007ffe0d3c0000 - 0x00007ffe0d45d000 	C:\WINDOWS\System32\msvcp_win.dll
0x00007ffe0d770000 - 0x00007ffe0d79f000 	C:\WINDOWS\System32\IMM32.DLL
0x00007ffe04540000 - 0x00007ffe0454c000 	C:\Users\alex\.p2\pool\plugins\org.eclipse.justj.openjdk.hotspot.jre.full.win32.x86_64_17.0.7.v20230425-1502\jre\bin\vcruntime140_1.dll
0x00007ffdc8540000 - 0x00007ffdc85d1000 	C:\Users\alex\.p2\pool\plugins\org.eclipse.justj.openjdk.hotspot.jre.full.win32.x86_64_17.0.7.v20230425-1502\jre\bin\msvcp140.dll
0x00007ffd90010000 - 0x00007ffd90c58000 	C:\Users\alex\.p2\pool\plugins\org.eclipse.justj.openjdk.hotspot.jre.full.win32.x86_64_17.0.7.v20230425-1502\jre\bin\server\jvm.dll
0x00007ffe0d5e0000 - 0x00007ffe0d691000 	C:\WINDOWS\System32\ADVAPI32.dll
0x00007ffe0e3f0000 - 0x00007ffe0e48f000 	C:\WINDOWS\System32\sechost.dll
0x00007ffe0e0d0000 - 0x00007ffe0e1f0000 	C:\WINDOWS\System32\RPCRT4.dll
0x00007ffe0d1e0000 - 0x00007ffe0d207000 	C:\WINDOWS\System32\bcrypt.dll
0x00007ffe09200000 - 0x00007ffe09209000 	C:\WINDOWS\SYSTEM32\WSOCK32.dll
0x00007ffe063b0000 - 0x00007ffe063ba000 	C:\WINDOWS\SYSTEM32\VERSION.dll
0x00007ffe014e0000 - 0x00007ffe01507000 	C:\WINDOWS\SYSTEM32\WINMM.dll
0x00007ffe0e1f0000 - 0x00007ffe0e25b000 	C:\WINDOWS\System32\WS2_32.dll
0x00007ffe0a920000 - 0x00007ffe0a932000 	C:\WINDOWS\SYSTEM32\kernel.appcore.dll
0x00007ffe05c20000 - 0x00007ffe05c2a000 	C:\Users\alex\.p2\pool\plugins\org.eclipse.justj.openjdk.hotspot.jre.full.win32.x86_64_17.0.7.v20230425-1502\jre\bin\jimage.dll
0x00007ffdff970000 - 0x00007ffdffb71000 	C:\WINDOWS\SYSTEM32\DBGHELP.DLL
0x00007ffdd8ec0000 - 0x00007ffdd8ef4000 	C:\WINDOWS\SYSTEM32\dbgcore.DLL
0x00007ffe0d120000 - 0x00007ffe0d1a2000 	C:\WINDOWS\System32\bcryptPrimitives.dll
0x00007ffdddf70000 - 0x00007ffdddf95000 	C:\Users\alex\.p2\pool\plugins\org.eclipse.justj.openjdk.hotspot.jre.full.win32.x86_64_17.0.7.v20230425-1502\jre\bin\java.dll
0x00007ffddde90000 - 0x00007ffdddea8000 	C:\Users\alex\.p2\pool\plugins\org.eclipse.justj.openjdk.hotspot.jre.full.win32.x86_64_17.0.7.v20230425-1502\jre\bin\zip.dll
0x00007ffe0e490000 - 0x00007ffe0ec00000 	C:\WINDOWS\System32\SHELL32.dll
0x00007ffe0ab20000 - 0x00007ffe0b2c5000 	C:\WINDOWS\SYSTEM32\windows.storage.dll
0x00007ffe0efb0000 - 0x00007ffe0f304000 	C:\WINDOWS\System32\combase.dll
0x00007ffe0c420000 - 0x00007ffe0c44b000 	C:\WINDOWS\SYSTEM32\Wldp.dll
0x00007ffe0d6a0000 - 0x00007ffe0d76d000 	C:\WINDOWS\System32\OLEAUT32.dll
0x00007ffe0ee60000 - 0x00007ffe0ef0d000 	C:\WINDOWS\System32\SHCORE.dll
0x00007ffe0e390000 - 0x00007ffe0e3eb000 	C:\WINDOWS\System32\shlwapi.dll
0x00007ffe0ca00000 - 0x00007ffe0ca24000 	C:\WINDOWS\SYSTEM32\profapi.dll
0x00007ffddd890000 - 0x00007ffddd8a9000 	C:\Users\alex\.p2\pool\plugins\org.eclipse.justj.openjdk.hotspot.jre.full.win32.x86_64_17.0.7.v20230425-1502\jre\bin\net.dll
0x00007ffe04e20000 - 0x00007ffe04f2a000 	C:\WINDOWS\SYSTEM32\WINHTTP.dll
0x00007ffe0c200000 - 0x00007ffe0c26a000 	C:\WINDOWS\system32\mswsock.dll
0x00007ffddc720000 - 0x00007ffddc735000 	C:\Users\alex\.p2\pool\plugins\org.eclipse.justj.openjdk.hotspot.jre.full.win32.x86_64_17.0.7.v20230425-1502\jre\bin\nio.dll
0x00007ffdc7d10000 - 0x00007ffdc7d8b000 	C:\Users\alex\AppData\Local\Temp\lwjgl_alex\3.3.4+7\x64\lwjgl.dll
0x00007ffdc7c80000 - 0x00007ffdc7d05000 	C:\Users\alex\AppData\Local\Temp\lwjgl_alex\3.3.4+7\x64\glfw.dll
0x00007ffdde0c0000 - 0x00007ffdde105000 	C:\WINDOWS\SYSTEM32\dinput8.dll
0x00007ffdde830000 - 0x00007ffdde841000 	C:\WINDOWS\SYSTEM32\xinput1_4.dll
0x00007ffe0cfb0000 - 0x00007ffe0cffe000 	C:\WINDOWS\System32\cfgmgr32.dll
0x00007ffe0c860000 - 0x00007ffe0c893000 	C:\WINDOWS\SYSTEM32\DEVOBJ.dll
0x00007ffe0a740000 - 0x00007ffe0a76e000 	C:\WINDOWS\SYSTEM32\dwmapi.dll
0x00007ffdd67b0000 - 0x00007ffdd6902000 	C:\WINDOWS\SYSTEM32\inputhost.dll
0x00007ffe08780000 - 0x00007ffe088d7000 	C:\WINDOWS\SYSTEM32\wintypes.dll
0x00007ffe09740000 - 0x00007ffe09832000 	C:\WINDOWS\SYSTEM32\CoreMessaging.dll
0x00007ffe085f0000 - 0x00007ffe086e4000 	C:\WINDOWS\SYSTEM32\PROPSYS.dll
0x00007ffe07060000 - 0x00007ffe073bb000 	C:\WINDOWS\SYSTEM32\CoreUIComponents.dll
0x00007ffe0bd20000 - 0x00007ffe0bd53000 	C:\WINDOWS\SYSTEM32\ntmarta.dll
0x00007ffe0a390000 - 0x00007ffe0a42e000 	C:\WINDOWS\system32\uxtheme.dll
0x00007ffe0ec00000 - 0x00007ffe0ed15000 	C:\WINDOWS\System32\MSCTF.dll
0x00007ffda5d10000 - 0x00007ffda5e38000 	C:\WINDOWS\SYSTEM32\opengl32.dll
0x00007ffdddce0000 - 0x00007ffdddd0c000 	C:\WINDOWS\SYSTEM32\GLU32.dll
0x00007ffe0d830000 - 0x00007ffe0d8d9000 	C:\WINDOWS\System32\clbcatq.dll
0x00007ffd5ab40000 - 0x00007ffd5daff000 	C:\WINDOWS\System32\DriverStore\FileRepository\nvgbdi.inf_amd64_4a2574804558c4b2\nvoglv64.dll
0x00007ffe0da90000 - 0x00007ffe0df00000 	C:\WINDOWS\System32\SETUPAPI.dll
0x00007ffe0ed20000 - 0x00007ffe0ee4b000 	C:\WINDOWS\System32\ole32.dll
0x00007ffe07d90000 - 0x00007ffe07da4000 	C:\WINDOWS\SYSTEM32\WTSAPI32.dll
0x00007ffe0c390000 - 0x00007ffe0c39c000 	C:\WINDOWS\SYSTEM32\CRYPTBASE.DLL
0x00007ffe0c690000 - 0x00007ffe0c6a2000 	C:\WINDOWS\SYSTEM32\msasn1.dll
0x00007ffe059a0000 - 0x00007ffe059d1000 	C:\WINDOWS\SYSTEM32\cryptnet.dll
0x00007ffe0cad0000 - 0x00007ffe0cc2d000 	C:\WINDOWS\System32\CRYPT32.dll
0x00007ffe01600000 - 0x00007ffe01747000 	C:\WINDOWS\SYSTEM32\drvstore.dll
0x00007ffe0cc30000 - 0x00007ffe0cca3000 	C:\WINDOWS\System32\WINTRUST.dll
0x00007ffe093a0000 - 0x00007ffe093db000 	C:\WINDOWS\SYSTEM32\dxcore.dll
0x00007ffd7b950000 - 0x00007ffd7bc15000 	C:\WINDOWS\system32\nvspcap64.dll
0x00007ffe0bfd0000 - 0x00007ffe0c01b000 	C:\WINDOWS\SYSTEM32\powrprof.dll
0x00007ffe0be90000 - 0x00007ffe0bea2000 	C:\WINDOWS\SYSTEM32\UMPDC.dll
0x00007ffe0b740000 - 0x00007ffe0b7a3000 	C:\WINDOWS\SYSTEM32\WINSTA.dll
0x00007ffddee70000 - 0x00007ffddef69000 	C:\WINDOWS\SYSTEM32\textinputframework.dll
0x00007ffdc7c10000 - 0x00007ffdc7c71000 	C:\Users\alex\AppData\Local\Temp\lwjgl_alex\3.3.4+7\x64\lwjgl_opengl.dll
0x00007ffdc7130000 - 0x00007ffdc71d0000 	C:\Users\alex\AppData\Local\Temp\lwjgl_alex\3.3.4+7\x64\lwjgl_stb.dll
0x00007ffe045f0000 - 0x00007ffe04600000 	C:\Users\alex\.p2\pool\plugins\org.eclipse.justj.openjdk.hotspot.jre.full.win32.x86_64_17.0.7.v20230425-1502\jre\bin\verify.dll

dbghelp: loaded successfully - version: 4.0.5 - missing functions: none
symbol engine: initialized successfully - sym options: 0x614 - pdb path: .;C:\Users\alex\.p2\pool\plugins\org.eclipse.justj.openjdk.hotspot.jre.full.win32.x86_64_17.0.7.v20230425-1502\jre\bin;C:\WINDOWS\SYSTEM32;C:\WINDOWS\WinSxS\amd64_microsoft.windows.common-controls_6595b64144ccf1df_6.0.19041.6456_none_60b8a6cb71f64256;C:\Users\alex\.p2\pool\plugins\org.eclipse.justj.openjdk.hotspot.jre.full.win32.x86_64_17.0.7.v20230425-1502\jre\bin\server;C:\Users\alex\AppData\Local\Temp\lwjgl_alex\3.3.4+7\x64;C:\WINDOWS\System32\DriverStore\FileRepository\nvgbdi.inf_amd64_4a2574804558c4b2

VM Arguments:
jvm_args: -Dfile.encoding=UTF-8 -XX:+ShowCodeDetailsInExceptionMessages 
java_command: main.Main
java_class_path (initial): D:\Code Space\Java\CurrentRenderingPipeline\bin;D:\Code Space\Java\CurrentRenderingPipeline\lib\jars\jbullet.jar;D:\Code Space\Java\CurrentRenderingPipeline\lib\jars\jinput-2.0.10.jar;D:\Code Space\Java\CurrentRenderingPipeline\lib\jars\joml-1.10.7.jar;D:\Code Space\Java\CurrentRenderingPipeline\lib\jars\joml-1.10.7-javadoc.jar;D:\Code Space\Java\CurrentRenderingPipeline\lib\jars\joml-1.10.7-sources.jar;D:\Code Space\Java\CurrentRenderingPipeline\lib\jars\lwjgl_util.jar;D:\Code Space\Java\CurrentRenderingPipeline\lib\jars\lwjgl.jar;D:\Code Space\Java\CurrentRenderingPipeline\lib\jars\lwjgl-assimp.jar;D:\Code Space\Java\CurrentRenderingPipeline\lib\jars\lwjgl-assimp-javadoc.jar;D:\Code Space\Java\CurrentRenderingPipeline\lib\jars\lwjgl-assimp-natives-windows.jar;D:\Code Space\Java\CurrentRenderingPipeline\lib\jars\lwjgl-assimp-sources.jar;D:\Code Space\Java\CurrentRenderingPipeline\lib\jars\lwjgl-glfw.jar;D:\Code Space\Java\CurrentRenderingPipeline\lib\jars\lwjgl-glfw-javadoc.jar;D:\Code Space\Java\CurrentRenderingPipeline\lib\jars\lwjgl-glfw-natives-windows.jar;D:\Code Space\Java\CurrentRenderingPipeline\lib\jars\lwjgl-glfw-sources.jar;D:\Code Space\Java\CurrentRenderingPipeline\lib\jars\lwjgl-javadoc.jar;D:\Code Space\Java\CurrentRenderingPipeline\lib\jars\lwjgl-natives-windows.jar;D:\Code Space\Java\CurrentRenderingPipeline\lib\jars\lwjgl-openal.jar;D:\Code Space\Java\CurrentRenderingPipeline\lib\jars\lwjgl-openal-javadoc.jar;D:\Code Space\Java\CurrentRenderingPipeline\lib\jars\lwjgl-openal-natives-windows.jar;D:\Code Space\Java\CurrentRenderingPipeline\lib\jars\lwjgl-openal-sources.jar;D:\Code Space\Java\CurrentRenderingPipeline\lib\jars\lwjgl-opengl.jar;D:\Code Space\Java\CurrentRenderingPipeline\lib\jars\lwjgl-opengl-javadoc.jar;D:\Code Space\Java\CurrentRenderingPipeline\lib\jars\lwjgl-opengl-natives-windows.jar;D:\Code Space\Java\CurrentRenderingPipeline\lib\jars\lwjgl-opengl-sources.jar;D:\Code Space\Java\CurrentRenderingPipeline
Launcher Type: SUN_STANDARD

[Global flags]
     intx CICompilerCount                          = 4                                         {product} {ergonomic}
     uint ConcGCThreads                            = 2                                         {product} {ergonomic}
     uint G1ConcRefinementThreads                  = 8                                         {product} {ergonomic}
   size_t G1HeapRegionSize                         = 4194304                                   {product} {ergonomic}
    uintx GCDrainStackTargetSize                   = 64                                        {product} {ergonomic}
   size_t InitialHeapSize                          = 402653184                                 {product} {ergonomic}
   size_t MarkStackSize                            = 4194304                                   {product} {ergonomic}
   size_t MaxHeapSize                              = 6434062336                                {product} {ergonomic}
   size_t MaxNewSize                               = 3858759680                                {product} {ergonomic}
   size_t MinHeapDeltaBytes                        = 4194304                                   {product} {ergonomic}
   size_t MinHeapSize                              = 8388608                                   {product} {ergonomic}
    uintx NonNMethodCodeHeapSize                   = 5839372                                {pd product} {ergonomic}
    uintx NonProfiledCodeHeapSize                  = 122909434                              {pd product} {ergonomic}
    uintx ProfiledCodeHeapSize                     = 122909434                              {pd product} {ergonomic}
    uintx ReservedCodeCacheSize                    = 251658240                              {pd product} {ergonomic}
     bool SegmentedCodeCache                       = true                                      {product} {ergonomic}
     bool ShowCodeDetailsInExceptionMessages       = true                                   {manageable} {command line}
   size_t SoftMaxHeapSize                          = 6434062336                             {manageable} {ergonomic}
     bool UseCompressedClassPointers               = true                           {product lp64_product} {ergonomic}
     bool UseCompressedOops                        = true                           {product lp64_product} {ergonomic}
     bool UseG1GC                                  = true                                      {product} {ergonomic}
     bool UseLargePagesIndividualAllocation        = false                                  {pd product} {ergonomic}

Logging:
Log output configuration:
 #0: stdout all=warning uptime,level,tags
 #1: stderr all=off uptime,level,tags

Environment Variables:
JAVA_HOME=C:\Program Files\Java\jre1.8.0_281\lib
CLASSPATH=C:\Users\Sunbond\Documents\apache-tomcat-8.5.65\lib\servlet-api.jar
PATH=C:/Users/alex/.p2/pool/plugins/org.eclipse.justj.openjdk.hotspot.jre.full.win32.x86_64_17.0.7.v20230425-1502/jre/bin/server;C:/Users/alex/.p2/pool/plugins/org.eclipse.justj.openjdk.hotspot.jre.full.win32.x86_64_17.0.7.v20230425-1502/jre/bin;C:\Python312\Scripts\;C:\Python312\;C:\Program Files\Eclipse Adoptium\jdk-21.0.1.12-hotspot\bin;C:\Python311\Scripts\;C:\Python311\;C:\Program Files\Zulu\zulu-17\bin\;C:\Program Files\Eclipse Foundation\jdk-8.0.302.8-hotspot\bin;C:\PROGRAM FILES (X86)\COMMON FILES\ORACLE\JAVA\JAVAPATH;C:\WINDOWS\SYSTEM32;C:\WINDOWS;C:\WINDOWS\SYSTEM32\WBEM;C:\WINDOWS\SYSTEM32\WINDOWSPOWERSHELL\V1.0\;C:\WINDOWS\SYSTEM32\OPENSSH\;C:\PROGRAM FILES\NVIDIA CORPORATION\NVIDIA NVDLISR;C:\PROGRAM FILES (X86)\NVIDIA CORPORATION\PHYSX\COMMON;C:\PROGRAM FILES\DOTNET\;C:\USERDATA\GIT\CMD;C:\PROGRAM FILES\MICROSOFT SQL SERVER\130\TOOLS\BINN\;C:\PROGRAM FILES\MICROSOFT SQL SERVER\CLIENT SDK\ODBC\170\TOOLS\BINN\;C:\PROGRAM FILES\AZURE DATA STUDIO\BIN;C:\PROGRAM FILES (X86)\MICROSOFT SQL SERVER\150\DTS\BINN\;C:\PROGRAM FILES (X86)\MICROSOFT SQL SERVER\150\TOOLS\BINN\;C:\PROGRAM FILES\MICROSOFT SQL SERVER\150\TOOLS\BINN\;C:\PROGRAM FILES\MICROSOFT SQL SERVER\150\DTS\BINN\;C:\PROGRAM FILES\MICROSOFT SQL SERVER\120\TOOLS\BINN\;C:\MAMP\BIN\PHP\PHP7.4.1\PHP.EXE;C:\MAMP\BIN\PHP\PHP7.4.1\;C:\ProgramData\chocolatey\bin;C:\UserData\Git\cmd;C:\Program Files\sfdx\bin;C:\Program Files\Java\jdk1.8.0_281\lib;C:\Program Files\Java\jre1.8.0_281\lib;C:\MinGW\bin;D:\Code Space\NodeJS\;D:\Android Studio\SDKs\platform-tools;D:\Android Studio\SDKs\emulator;;C:\Program Files\Docker\Docker\resources\bin;C:\Users\alex\AppData\Local\Microsoft\WindowsApps;C:\Users\alex\AppData\Local\Programs\Microsoft VS Code\bin;C:\Users\alex\AppData\Local\GitHubDesktop\bin;C:\Users\alex\.dotnet\tools;C:\Program Files\Java\jre1.8.0_281\lib;C:\Program Files\Java\jdk1.8.0_281\lib;C:\MinGW\bin;C:\Program Files\heroku\bin;C:\Progra~1\sf\bin;C:\Users\alex\AppData\Local\Microsoft\WinGet\Links;C:\Users\alex\
USERNAME=alex
OS=Windows_NT
PROCESSOR_IDENTIFIER=Intel64 Family 6 Model 158 Stepping 9, GenuineIntel
TMP=C:\Users\alex\AppData\Local\Temp
TEMP=C:\Users\alex\AppData\Local\Temp



---------------  S Y S T E M  ---------------

OS:
 Windows 10 , 64 bit Build 19041 (10.0.19041.5915)
OS uptime: 1 days 1:04 hours
Hyper-V role detected

CPU: total 8 (initial active 8) (4 cores per cpu, 2 threads per core) family 6 model 158 stepping 9 microcode 0xb4, cx8, cmov, fxsr, ht, mmx, 3dnowpref, sse, sse2, sse3, ssse3, sse4.1, sse4.2, popcnt, lzcnt, tsc, tscinvbit, avx, avx2, aes, erms, clmul, bmi1, bmi2, rtm, adx, fma, vzeroupper, clflush, clflushopt, hv

Memory: 4k page, system-wide physical 24540M (2335M free)
TotalPageFile size 98268M (AvailPageFile size 516M)
current process WorkingSet (physical memory assigned to process): 2931M, peak: 2932M
current process commit charge ("private bytes"): 6261M, peak: 6813M

vm_info: OpenJDK 64-Bit Server VM (17.0.7+7) for windows-amd64 JRE (17.0.7+7), built on Apr 18 2023 22:10:42 by "temurin" with MS VC++ 16.7 (VS2019)

END.
