#
# A fatal error has been detected by the Java Runtime Environment:
#
#  EXCEPTION_ACCESS_VIOLATION (0xc0000005) at pc=0x000001c54c5bbbeb, pid=45128, tid=39904
#
# JRE version: OpenJDK Runtime Environment Temurin-17.0.7+7 (17.0.7+7) (build 17.0.7+7)
# Java VM: OpenJDK 64-Bit Server VM Temurin-17.0.7+7 (17.0.7+7, mixed mode, tiered, compressed oops, compressed class ptrs, g1 gc, windows-amd64)
# Problematic frame:
# j  com.bulletphysics.collision.shapes.ConvexHullShape.<init>(Lcom/bulletphysics/util/ObjectArrayList;)V+38
#
# No core dump will be written. Minidumps are not enabled by default on client versions of Windows
#
# If you would like to submit a bug report, please visit:
#   https://github.com/adoptium/adoptium-support/issues
#

---------------  S U M M A R Y ------------

Command Line: -Dfile.encoding=UTF-8 -XX:+ShowCodeDetailsInExceptionMessages main.Main

Host: Intel(R) Core(TM) i7-7700 CPU @ 3.60GHz, 8 cores, 23G,  Windows 10 , 64 bit Build 19041 (10.0.19041.5915)
Time: Mon Dec 22 11:30:44 2025 US Mountain Standard Time elapsed time: 20.136247 seconds (0d 0h 0m 20s)

---------------  T H R E A D  ---------------

Current thread (0x000001c5419b7ab0):  JavaThread "main" [_thread_in_Java, id=39904, stack(0x00000033a8700000,0x00000033a8800000)]

Stack: [0x00000033a8700000,0x00000033a8800000],  sp=0x00000033a87fedb8,  free space=1019k
Native frames: (J=compiled Java code, j=interpreted, Vv=VM code, C=native code)
C  0x000001c54c5bbbeb


siginfo: EXCEPTION_ACCESS_VIOLATION (0xc0000005), reading address 0x00000008424fd1da


Register to memory mapping:

RIP=0x000001c54c5bbbeb is at code_begin+427 in an Interpreter codelet
checkcast  192 checkcast  [0x000001c54c5bba40, 0x000001c54c5bbc80]  576 bytes
RAX=0x00000008000e6998 is a pointer to class: 
javax.vecmath.Vector3f {0x00000008000e69a0}
 - instance size:     3
 - klass size:        66
 - access:            public synchronized 
 - state:             fully_initialized
 - name:              'javax/vecmath/Vector3f'
 - super:             'javax/vecmath/Tuple3f'
 - sub:               
 - arrays:            'javax/vecmath/Vector3f'[]
 - methods:           Array<T>(0x000001c566c58940)
 - method ordering:   Array<T>(0x000001c566000018)
 - default_methods:   Array<T>(0x0000000000000000)
 - local interfaces:  Array<T>(0x000001c566c4ffe8)
 - trans. interfaces: Array<T>(0x000001c566c592d8)
 - constants:         constant pool [65] {0x000001c566c586b8} for 'javax/vecmath/Vector3f' cache=0x000001c566c6e378
 - class loader data:  loader data: 0x000001c5653750e0 for instance a 'jdk/internal/loader/ClassLoaders$AppClassLoader'{0x00000006808005c8}
 - class annotations:       Array<T>(0x0000000000000000)
 - class type annotations:  Array<T>(0x0000000000000000)
 - field annotations:       Array<T>(0x0000000000000000)
 - field type annotations:  Array<T>(0x0000000000000000)
 - inner classes:     Array<T>(0x000001c566000028)
 - nest members:     Array<T>(0x000001c566000028)
 - permitted subclasses:     Array<T>(0x000001c566000028)
 - java mirror:       a 'java/lang/Class'{0x00000006809bc3c0} = 'javax/vecmath/Vector3f'
 - vtable length      7  (start addr: 0x00000008000e6b60)
 - itable length      2 (start addr: 0x00000008000e6b98)
 - ---- static fields (1 words):
 - static final 'serialVersionUID' 'J' @112 
 - ---- non-static fields (3 words):
 - public 'x' 'F' @12 
 - public 'y' 'F' @16 
 - public 'z' 'F' @20 
 - non-static oop maps: 
RBX=0x00000008424fd19a is an unknown value
RCX=0x0000000000000040 is an unknown value
RDX=0x00000007429218b8 is pointing into object: javax.vecmath.Vector3f 
{0x00000007429218b0} - klass: 'javax/vecmath/Vector3f'
 - ---- fields (total size 3 words):
 - public 'x' 'F' @12  4.743136 (4097c7c5)
 - public 'y' 'F' @16  51.954689 (424fd19a)
 - public 'z' 'F' @20  -7.409623 (c0ed1ba2)
RSP=0x00000033a87fedb8 is pointing into the stack for thread: 0x000001c5419b7ab0
RBP=0x00000033a87fee18 is pointing into the stack for thread: 0x000001c5419b7ab0
RSI=0x000001c5704a8ab8 points into unknown readable memory: 0x800006ff38d0d271 | 71 d2 d0 38 ff 06 00 80
RDI=0x0000000000000001 is an unknown value
R8 =0x000001c53f7827c0 points into unknown readable memory: 0x000001c53f780e10 | 10 0e 78 3f c5 01 00 00
R9 =0x0000000000000001 is an unknown value
R10=0x0000000800000000 is pointing into metadata
R11=0x00000033a87fed60 is pointing into the stack for thread: 0x000001c5419b7ab0
R12=0x0 is NULL
R13=0x000001c566c5b29e is pointing into metadata
R14=0x00000033a87fee38 is pointing into the stack for thread: 0x000001c5419b7ab0
R15=0x000001c5419b7ab0 is a thread


Registers:
RAX=0x00000008000e6998, RBX=0x00000008424fd19a, RCX=0x0000000000000040, RDX=0x00000007429218b8
RSP=0x00000033a87fedb8, RBP=0x00000033a87fee18, RSI=0x000001c5704a8ab8, RDI=0x0000000000000001
R8 =0x000001c53f7827c0, R9 =0x0000000000000001, R10=0x0000000800000000, R11=0x00000033a87fed60
R12=0x0000000000000000, R13=0x000001c566c5b29e, R14=0x00000033a87fee38, R15=0x000001c5419b7ab0
RIP=0x000001c54c5bbbeb, EFLAGS=0x0000000000010202

Top of Stack: (sp=0x00000033a87fedb8)
0x00000033a87fedb8:   000000074099a570 000000074099a570
0x00000033a87fedc8:   0000000741e391e8 00000033a87fedd0
0x00000033a87fedd8:   000001c566c5b29e 00000033a87fee38
0x00000033a87fede8:   000001c566d68540 000001c566d68cc0
0x00000033a87fedf8:   00000006809b3d18 000001c566c5b2f0
0x00000033a87fee08:   0000000000000000 00000033a87fee40
0x00000033a87fee18:   0000000741e39158 000001c54cc8f510
0x00000033a87fee28:   deaddeaf000b94c9 0000000743dbb8e0
0x00000033a87fee38:   0000000741e39158 000000068b800000
0x00000033a87fee48:   0000000741d855d0 00000a60604fbbac
0x00000033a87fee58:   00000033a87fee58 000000068b800000
0x00000033a87fee68:   0000000743dbb8e0 000001c5003cea9c
0x00000033a87fee78:   00000007427c2ed8 0000000680803368
0x00000033a87fee88:   000001c566029d60 0000000000000000
0x00000033a87fee98:   00000033a87feec0 00000033a87fef18
0x00000033a87feea8:   000001c54c5a9657 0000000680803368 

Instructions: (pc=0x000001c54c5bbbeb)
0x000001c54c5bbaeb:   90 02 00 00 00 00 00 00 c5 f8 77 49 81 7f 08 00
0x000001c54c5bbafb:   00 00 00 0f 84 05 00 00 00 e9 f7 53 fe ff 4c 8b
0x000001c54c5bbb0b:   6d c0 4c 8b 75 c8 c3 49 8b 87 e8 02 00 00 49 c7
0x000001c54c5bbb1b:   87 e8 02 00 00 00 00 00 00 5a eb 11 48 8b d0 66
0x000001c54c5bbb2b:   8b 5c d9 48 48 8b 49 28 48 8b 44 d9 08 8b 5a 08
0x000001c54c5bbb3b:   49 ba 00 00 00 00 08 00 00 00 49 03 da 48 8b 4d
0x000001c54c5bbb4b:   d8 48 85 c9 0f 84 8a 00 00 00 48 8b 79 18 48 3b
0x000001c54c5bbb5b:   fb 0f 85 0f 00 00 00 48 83 41 20 01 48 83 59 20
0x000001c54c5bbb6b:   00 e9 66 00 00 00 48 85 ff 0f 84 37 00 00 00 48
0x000001c54c5bbb7b:   8b 79 28 48 3b fb 0f 85 0f 00 00 00 48 83 41 30
0x000001c54c5bbb8b:   01 48 83 59 30 00 e9 41 00 00 00 48 85 ff 0f 85
0x000001c54c5bbb9b:   38 00 00 00 48 89 59 28 bf 01 00 00 00 48 89 79
0x000001c54c5bbbab:   30 e9 26 00 00 00 48 3b 59 28 0f 85 0f 00 00 00
0x000001c54c5bbbbb:   48 83 41 30 01 48 83 59 30 00 e9 0d 00 00 00 48
0x000001c54c5bbbcb:   89 59 18 bf 01 00 00 00 48 89 79 20 48 83 c1 38
0x000001c54c5bbbdb:   48 89 4d d8 48 3b d8 0f 84 56 00 00 00 8b 48 14
0x000001c54c5bbbeb:   48 3b 04 0b 0f 84 49 00 00 00 83 f9 20 0f 85 1d
0x000001c54c5bbbfb:   00 00 00 57 48 8b 7b 28 8b 0f 48 83 c7 08 48 85
0x000001c54c5bbc0b:   c0 f2 48 af 5f 75 09 48 89 43 20 e9 23 00 00 00
0x000001c54c5bbc1b:   48 8b 4d d8 48 85 c9 0f 84 10 00 00 00 48 83 41
0x000001c54c5bbc2b:   d0 ff 0f 88 05 00 00 00 48 83 41 d0 01 52 e9 9d
0x000001c54c5bbc3b:   06 ff ff 48 8b c2 e9 19 00 00 00 48 8b 4d d8 48
0x000001c54c5bbc4b:   85 c9 0f 84 0c 00 00 00 80 49 01 01 48 83 c1 38
0x000001c54c5bbc5b:   48 89 4d d8 41 0f b6 5d 03 49 83 c5 03 49 ba b0
0x000001c54c5bbc6b:   1c 32 d3 ff 7f 00 00 41 ff 24 da 66 90 00 00 00
0x000001c54c5bbc7b:   00 00 00 00 00 b0 cf 0a d3 ff 7f 00 00 80 02 00
0x000001c54c5bbc8b:   00 c1 00 00 00 00 00 00 00 00 00 00 00 00 00 00
0x000001c54c5bbc9b:   00 00 00 00 00 58 48 85 c0 0f 84 09 02 00 00 48
0x000001c54c5bbcab:   8b 4d e8 48 8b 49 08 48 8b 49 08 48 8b 51 08 41
0x000001c54c5bbcbb:   0f b7 5d 01 0f cb c1 eb 10 80 7c 1a 04 07 0f 84
0x000001c54c5bbccb:   c8 00 00 00 50 e8 05 00 00 00 e9 98 00 00 00 48
0x000001c54c5bbcdb:   8d 44 24 08 4c 89 6d c0 49 8b cf c5 f8 77 49 89 


Stack slot to memory mapping:
stack at sp + 0 slots: 0x000000074099a570 is an oop: javax.vecmath.Vector3f 
{0x000000074099a570} - klass: 'javax/vecmath/Vector3f'
 - ---- fields (total size 3 words):
 - public 'x' 'F' @12  0.000000
 - public 'y' 'F' @16  0.000000
 - public 'z' 'F' @20  0.000000
stack at sp + 1 slots: 0x000000074099a570 is an oop: javax.vecmath.Vector3f 
{0x000000074099a570} - klass: 'javax/vecmath/Vector3f'
 - ---- fields (total size 3 words):
 - public 'x' 'F' @12  0.000000
 - public 'y' 'F' @16  0.000000
 - public 'z' 'F' @20  0.000000
stack at sp + 2 slots: 0x0000000741e391e8 is an oop: com.bulletphysics.util.ObjectArrayList 
{0x0000000741e391e8} - klass: 'com/bulletphysics/util/ObjectArrayList'
 - ---- fields (total size 3 words):
 - protected transient 'modCount' 'I' @12  0
 - private 'size' 'I' @16  758985 (b94c9)
 - private 'array' '[Ljava/lang/Object;' @20  a 'java/lang/Object'[1048576] {0x00000006af400000} (d5e80000)
stack at sp + 3 slots: 0x00000033a87fedd0 is pointing into the stack for thread: 0x000001c5419b7ab0
stack at sp + 4 slots: 0x000001c566c5b29e is pointing into metadata
stack at sp + 5 slots: 0x00000033a87fee38 is pointing into the stack for thread: 0x000001c5419b7ab0
stack at sp + 6 slots: 0x000001c566d68540 is pointing into metadata
stack at sp + 7 slots: 0x000001c566d68cc0 is pointing into metadata

checkcast  192 checkcast  [0x000001c54c5bba40, 0x000001c54c5bbc80]  576 bytes
[MachCode]
  0x000001c54c5bba40: 5848 85c0 | 0f84 fc01 | 0000 488b | 4de8 488b | 4908 488b | 4908 488b | 5108 410f | b75d 010f 
  0x000001c54c5bba60: cbc1 eb10 | 807c 1a04 | 070f 84b8 | 0000 0050 | e805 0000 | 00e9 9800 | 0000 488d | 4424 084c 
  0x000001c54c5bba80: 896d c049 | 8bcf c5f8 | 7749 89af | 9802 0000 | 4989 8788 | 0200 0048 | 83ec 20f7 | c40f 0000 
  0x000001c54c5bbaa0: 000f 841a | 0000 0048 | 83ec 0849 | bae0 3db1 | d2ff 7f00 | 0041 ffd2 | 4883 c408 | e90d 0000 
  0x000001c54c5bbac0: 0049 bae0 | 3db1 d2ff | 7f00 0041 | ffd2 4883 | c420 49c7 | 8788 0200 | 0000 0000 | 0049 c787 
  0x000001c54c5bbae0: 9802 0000 | 0000 0000 | 49c7 8790 | 0200 0000 | 0000 00c5 | f877 4981 | 7f08 0000 | 0000 0f84 
  0x000001c54c5bbb00: 0500 0000 | e9f7 53fe | ff4c 8b6d | c04c 8b75 | c8c3 498b | 87e8 0200 | 0049 c787 | e802 0000 
  0x000001c54c5bbb20: 0000 0000 | 5aeb 1148 | 8bd0 668b | 5cd9 4848 | 8b49 2848 | 8b44 d908 | 8b5a 0849 | ba00 0000 
  0x000001c54c5bbb40: 0008 0000 | 0049 03da | 488b 4dd8 | 4885 c90f | 848a 0000 | 0048 8b79 | 1848 3bfb | 0f85 0f00 
  0x000001c54c5bbb60: 0000 4883 | 4120 0148 | 8359 2000 | e966 0000 | 0048 85ff | 0f84 3700 | 0000 488b | 7928 483b 
  0x000001c54c5bbb80: fb0f 850f | 0000 0048 | 8341 3001 | 4883 5930 | 00e9 4100 | 0000 4885 | ff0f 8538 | 0000 0048 
  0x000001c54c5bbba0: 8959 28bf | 0100 0000 | 4889 7930 | e926 0000 | 0048 3b59 | 280f 850f | 0000 0048 | 8341 3001 
  0x000001c54c5bbbc0: 4883 5930 | 00e9 0d00 | 0000 4889 | 5918 bf01 | 0000 0048 | 8979 2048 | 83c1 3848 | 894d d848 
  0x000001c54c5bbbe0: 3bd8 0f84 | 5600 0000 | 8b48 1448 | 3b04 0b0f | 8449 0000 | 0083 f920 | 0f85 1d00 | 0000 5748 
  0x000001c54c5bbc00: 8b7b 288b | 0f48 83c7 | 0848 85c0 | f248 af5f | 7509 4889 | 4320 e923 | 0000 0048 | 8b4d d848 
  0x000001c54c5bbc20: 85c9 0f84 | 1000 0000 | 4883 41d0 | ff0f 8805 | 0000 0048 | 8341 d001 | 52e9 9d06 | ffff 488b 
  0x000001c54c5bbc40: c2e9 1900 | 0000 488b | 4dd8 4885 | c90f 840c | 0000 0080 | 4901 0148 | 83c1 3848 | 894d d841 
  0x000001c54c5bbc60: 0fb6 5d03 | 4983 c503 | 49ba b01c | 32d3 ff7f | 0000 41ff | 24da 6690 | 0000 0000 | 0000 0000 
[/MachCode]

---------------  P R O C E S S  ---------------

Threads class SMR info:
_java_thread_list=0x000001c5651a7100, length=12, elements={
0x000001c5419b7ab0, 0x000001c565218a60, 0x000001c565219920, 0x000001c56524ebb0,
0x000001c56525e1a0, 0x000001c56525ea60, 0x000001c565267140, 0x000001c56526fd40,
0x000001c565270640, 0x000001c565273730, 0x000001c5653e2de0, 0x000001c5653ff020
}

Java Threads: ( => current thread )
=>0x000001c5419b7ab0 JavaThread "main" [_thread_in_Java, id=39904, stack(0x00000033a8700000,0x00000033a8800000)]
  0x000001c565218a60 JavaThread "Reference Handler" daemon [_thread_blocked, id=42844, stack(0x00000033a8e00000,0x00000033a8f00000)]
  0x000001c565219920 JavaThread "Finalizer" daemon [_thread_blocked, id=20904, stack(0x00000033a8f00000,0x00000033a9000000)]
  0x000001c56524ebb0 JavaThread "Signal Dispatcher" daemon [_thread_blocked, id=29736, stack(0x00000033a9000000,0x00000033a9100000)]
  0x000001c56525e1a0 JavaThread "Attach Listener" daemon [_thread_blocked, id=35184, stack(0x00000033a9100000,0x00000033a9200000)]
  0x000001c56525ea60 JavaThread "Service Thread" daemon [_thread_blocked, id=27032, stack(0x00000033a9200000,0x00000033a9300000)]
  0x000001c565267140 JavaThread "Monitor Deflation Thread" daemon [_thread_blocked, id=36908, stack(0x00000033a9300000,0x00000033a9400000)]
  0x000001c56526fd40 JavaThread "C2 CompilerThread0" daemon [_thread_blocked, id=7488, stack(0x00000033a9400000,0x00000033a9500000)]
  0x000001c565270640 JavaThread "C1 CompilerThread0" daemon [_thread_blocked, id=20664, stack(0x00000033a9500000,0x00000033a9600000)]
  0x000001c565273730 JavaThread "Sweeper thread" daemon [_thread_blocked, id=23592, stack(0x00000033a9600000,0x00000033a9700000)]
  0x000001c5653e2de0 JavaThread "Notification Thread" daemon [_thread_blocked, id=37796, stack(0x00000033a9700000,0x00000033a9800000)]
  0x000001c5653ff020 JavaThread "Common-Cleaner" daemon [_thread_blocked, id=13432, stack(0x00000033a9900000,0x00000033a9a00000)]

Other Threads:
  0x000001c5651c7960 VMThread "VM Thread" [stack: 0x00000033a8d00000,0x00000033a8e00000] [id=41176]
  0x000001c5653407f0 WatcherThread [stack: 0x00000033a9800000,0x00000033a9900000] [id=19320]
  0x000001c541a421c0 GCTaskThread "GC Thread#0" [stack: 0x00000033a8800000,0x00000033a8900000] [id=45228]
  0x000001c570601f60 GCTaskThread "GC Thread#1" [stack: 0x00000033aa100000,0x00000033aa200000] [id=43788]
  0x000001c57070da20 GCTaskThread "GC Thread#2" [stack: 0x00000033aa200000,0x00000033aa300000] [id=37176]
  0x000001c57070dcd0 GCTaskThread "GC Thread#3" [stack: 0x00000033aa300000,0x00000033aa400000] [id=1380]
  0x000001c5704719f0 GCTaskThread "GC Thread#4" [stack: 0x00000033aa400000,0x00000033aa500000] [id=26572]
  0x000001c570466a10 GCTaskThread "GC Thread#5" [stack: 0x00000033aa500000,0x00000033aa600000] [id=33140]
  0x000001c570471ca0 GCTaskThread "GC Thread#6" [stack: 0x00000033aa600000,0x00000033aa700000] [id=13836]
  0x000001c570471f50 GCTaskThread "GC Thread#7" [stack: 0x00000033aa700000,0x00000033aa800000] [id=42404]
  0x000001c541a4f770 ConcurrentGCThread "G1 Main Marker" [stack: 0x00000033a8900000,0x00000033a8a00000] [id=32712]
  0x000001c541a50090 ConcurrentGCThread "G1 Conc#0" [stack: 0x00000033a8a00000,0x00000033a8b00000] [id=20288]
  0x000001c570c03250 ConcurrentGCThread "G1 Conc#1" [stack: 0x00000033aaf00000,0x00000033ab000000] [id=40088]
  0x000001c541a7ec50 ConcurrentGCThread "G1 Refine#0" [stack: 0x00000033a8b00000,0x00000033a8c00000] [id=25316]
  0x000001c50c482000 ConcurrentGCThread "G1 Refine#1" [stack: 0x00000033aa000000,0x00000033aa100000] [id=33536]
  0x000001c57036a0b0 ConcurrentGCThread "G1 Refine#2" [stack: 0x00000033aa800000,0x00000033aa900000] [id=5360]
  0x000001c50c2455a0 ConcurrentGCThread "G1 Refine#3" [stack: 0x00000033aa900000,0x00000033aaa00000] [id=38952]
  0x000001c565709650 ConcurrentGCThread "G1 Refine#4" [stack: 0x00000033aaa00000,0x00000033aab00000] [id=28224]
  0x000001c50c480d10 ConcurrentGCThread "G1 Refine#5" [stack: 0x00000033aab00000,0x00000033aac00000] [id=44792]
  0x000001c50c5be920 ConcurrentGCThread "G1 Refine#6" [stack: 0x00000033aac00000,0x00000033aad00000] [id=28432]
  0x000001c57036a390 ConcurrentGCThread "G1 Refine#7" [stack: 0x00000033aad00000,0x00000033aae00000] [id=27196]
  0x000001c5650627d0 ConcurrentGCThread "G1 Service" [stack: 0x00000033a8c00000,0x00000033a8d00000] [id=41768]

Threads with active compile tasks:

VM state: not at safepoint (normal execution)

VM Mutex/Monitor currently owned by a thread: None

Heap address: 0x0000000680800000, size: 6136 MB, Compressed Oops mode: Zero based, Oop shift amount: 3

CDS archive(s) not mapped
Compressed class space mapped at: 0x0000000800000000-0x0000000840000000, reserved size: 1073741824
Narrow klass base: 0x0000000800000000, Narrow klass shift: 0, Narrow klass range: 0x40000000

GC Precious Log:
 CPUs: 8 total, 8 available
 Memory: 24540M
 Large Page Support: Disabled
 NUMA Support: Disabled
 Compressed Oops: Enabled (Zero based)
 Heap Region Size: 4M
 Heap Min Capacity: 8M
 Heap Initial Capacity: 384M
 Heap Max Capacity: 6136M
 Pre-touch: Disabled
 Parallel Workers: 8
 Concurrent Workers: 2
 Concurrent Refinement Workers: 8
 Periodic GC: Disabled

Heap:
 garbage-first heap   total 3284992K, used 931619K [0x0000000680800000, 0x0000000800000000)
  region size 4096K, 40 young (163840K), 6 survivors (24576K)
 Metaspace       used 14237K, committed 14400K, reserved 1114112K
  class space    used 990K, committed 1088K, reserved 1048576K

Heap Regions: E=young(eden), S=young(survivor), O=old, HS=humongous(starts), HC=humongous(continues), CS=collection set, F=free, OA=open archive, CA=closed archive, TAMS=top-at-mark-start (previous, next)
|   0|0x0000000680800000, 0x0000000680c00000, 0x0000000680c00000|100%| O|  |TAMS 0x0000000680c00000, 0x0000000680c00000| Untracked 
|   1|0x0000000680c00000, 0x0000000681000000, 0x0000000681000000|100%|HS|  |TAMS 0x0000000681000000, 0x0000000681000000| Complete 
|   2|0x0000000681000000, 0x0000000681400000, 0x0000000681400000|100%|HC|  |TAMS 0x0000000681400000, 0x0000000681400000| Complete 
|   3|0x0000000681400000, 0x0000000681800000, 0x0000000681800000|100%|HC|  |TAMS 0x0000000681800000, 0x0000000681800000| Complete 
|   4|0x0000000681800000, 0x0000000681c00000, 0x0000000681c00000|100%|HC|  |TAMS 0x0000000681c00000, 0x0000000681c00000| Complete 
|   5|0x0000000681c00000, 0x0000000682000000, 0x0000000682000000|100%|HS|  |TAMS 0x0000000682000000, 0x0000000682000000| Complete 
|   6|0x0000000682000000, 0x0000000682400000, 0x0000000682400000|100%|HS|  |TAMS 0x0000000682400000, 0x0000000682400000| Complete 
|   7|0x0000000682400000, 0x0000000682800000, 0x0000000682800000|100%|HS|  |TAMS 0x0000000682800000, 0x0000000682800000| Complete 
|   8|0x0000000682800000, 0x0000000682c00000, 0x0000000682c00000|100%|HS|  |TAMS 0x0000000682c00000, 0x0000000682c00000| Complete 
|   9|0x0000000682c00000, 0x0000000683000000, 0x0000000683000000|100%|HS|  |TAMS 0x0000000683000000, 0x0000000683000000| Complete 
|  10|0x0000000683000000, 0x0000000683400000, 0x0000000683400000|100%| O|  |TAMS 0x0000000683400000, 0x0000000683400000| Untracked 
|  11|0x0000000683400000, 0x0000000683800000, 0x0000000683800000|100%| O|  |TAMS 0x0000000683800000, 0x0000000683800000| Untracked 
|  12|0x0000000683800000, 0x0000000683c00000, 0x0000000683c00000|100%| O|  |TAMS 0x0000000683c00000, 0x0000000683c00000| Untracked 
|  13|0x0000000683c00000, 0x0000000684000000, 0x0000000684000000|100%|HS|  |TAMS 0x0000000683c00000, 0x0000000684000000| Complete 
|  14|0x0000000684000000, 0x0000000684400000, 0x0000000684400000|100%| O|  |TAMS 0x0000000684400000, 0x0000000684400000| Untracked 
|  15|0x0000000684400000, 0x0000000684800000, 0x0000000684800000|100%| O|  |TAMS 0x0000000684800000, 0x0000000684800000| Untracked 
|  16|0x0000000684800000, 0x0000000684c00000, 0x0000000684c00000|100%|HS|  |TAMS 0x0000000684800000, 0x0000000684c00000| Complete 
|  17|0x0000000684c00000, 0x0000000685000000, 0x0000000685000000|100%|HC|  |TAMS 0x0000000684c00000, 0x0000000685000000| Complete 
|  18|0x0000000685000000, 0x0000000685400000, 0x0000000685400000|100%|HS|  |TAMS 0x0000000685000000, 0x0000000685400000| Complete 
|  19|0x0000000685400000, 0x0000000685800000, 0x0000000685800000|100%|HC|  |TAMS 0x0000000685400000, 0x0000000685800000| Complete 
|  20|0x0000000685800000, 0x0000000685c00000, 0x0000000685c00000|100%|HC|  |TAMS 0x0000000685800000, 0x0000000685c00000| Complete 
|  21|0x0000000685c00000, 0x0000000686000000, 0x0000000686000000|100%|HS|  |TAMS 0x0000000685c00000, 0x0000000686000000| Complete 
|  22|0x0000000686000000, 0x0000000686400000, 0x0000000686400000|100%|HS|  |TAMS 0x0000000686000000, 0x0000000686400000| Complete 
|  23|0x0000000686400000, 0x0000000686800000, 0x0000000686800000|100%| O|  |TAMS 0x0000000686800000, 0x0000000686800000| Untracked 
|  24|0x0000000686800000, 0x0000000686c00000, 0x0000000686c00000|100%|HS|  |TAMS 0x0000000686800000, 0x0000000686c00000| Complete 
|  25|0x0000000686c00000, 0x0000000687000000, 0x0000000687000000|100%|HC|  |TAMS 0x0000000686c00000, 0x0000000687000000| Complete 
|  26|0x0000000687000000, 0x0000000687400000, 0x0000000687400000|100%|HS|  |TAMS 0x0000000687000000, 0x0000000687400000| Complete 
|  27|0x0000000687400000, 0x0000000687800000, 0x0000000687800000|100%|HC|  |TAMS 0x0000000687400000, 0x0000000687800000| Complete 
|  28|0x0000000687800000, 0x0000000687c00000, 0x0000000687c00000|100%|HC|  |TAMS 0x0000000687800000, 0x0000000687c00000| Complete 
|  29|0x0000000687c00000, 0x0000000688000000, 0x0000000688000000|100%|HS|  |TAMS 0x0000000687c00000, 0x0000000688000000| Complete 
|  30|0x0000000688000000, 0x0000000688400000, 0x0000000688400000|100%|HC|  |TAMS 0x0000000688000000, 0x0000000688400000| Complete 
|  31|0x0000000688400000, 0x0000000688800000, 0x0000000688800000|100%|HS|  |TAMS 0x0000000688400000, 0x0000000688800000| Complete 
|  32|0x0000000688800000, 0x0000000688c00000, 0x0000000688c00000|100%|HC|  |TAMS 0x0000000688800000, 0x0000000688c00000| Complete 
|  33|0x0000000688c00000, 0x0000000689000000, 0x0000000689000000|100%|HC|  |TAMS 0x0000000688c00000, 0x0000000689000000| Complete 
|  34|0x0000000689000000, 0x0000000689400000, 0x0000000689400000|100%|HS|  |TAMS 0x0000000689000000, 0x0000000689400000| Complete 
|  35|0x0000000689400000, 0x0000000689800000, 0x0000000689800000|100%|HS|  |TAMS 0x0000000689400000, 0x0000000689800000| Complete 
|  36|0x0000000689800000, 0x0000000689c00000, 0x0000000689c00000|100%|HC|  |TAMS 0x0000000689800000, 0x0000000689c00000| Complete 
|  37|0x0000000689c00000, 0x000000068a000000, 0x000000068a000000|100%|HS|  |TAMS 0x0000000689c00000, 0x000000068a000000| Complete 
|  38|0x000000068a000000, 0x000000068a400000, 0x000000068a400000|100%|HC|  |TAMS 0x000000068a000000, 0x000000068a400000| Complete 
|  39|0x000000068a400000, 0x000000068a800000, 0x000000068a800000|100%|HC|  |TAMS 0x000000068a400000, 0x000000068a800000| Complete 
|  40|0x000000068a800000, 0x000000068ac00000, 0x000000068ac00000|100%| O|  |TAMS 0x000000068a800000, 0x000000068ac00000| Untracked 
|  41|0x000000068ac00000, 0x000000068b000000, 0x000000068b000000|100%| O|  |TAMS 0x000000068ac00000, 0x000000068b000000| Untracked 
|  42|0x000000068b000000, 0x000000068b400000, 0x000000068b400000|100%| O|  |TAMS 0x000000068b000000, 0x000000068b400000| Untracked 
|  43|0x000000068b400000, 0x000000068b800000, 0x000000068b800000|100%| O|  |TAMS 0x000000068b400000, 0x000000068b800000| Untracked 
|  44|0x000000068b800000, 0x000000068bc00000, 0x000000068bc00000|100%|HS|  |TAMS 0x000000068bc00000, 0x000000068bc00000| Complete 
|  45|0x000000068bc00000, 0x000000068c000000, 0x000000068c000000|100%|HC|  |TAMS 0x000000068c000000, 0x000000068c000000| Complete 
|  46|0x000000068c000000, 0x000000068c400000, 0x000000068c400000|100%|HC|  |TAMS 0x000000068c400000, 0x000000068c400000| Complete 
|  47|0x000000068c400000, 0x000000068c800000, 0x000000068c800000|100%|HC|  |TAMS 0x000000068c800000, 0x000000068c800000| Complete 
|  48|0x000000068c800000, 0x000000068cc00000, 0x000000068cc00000|100%|HS|  |TAMS 0x000000068cc00000, 0x000000068cc00000| Complete 
|  49|0x000000068cc00000, 0x000000068d000000, 0x000000068d000000|100%|HC|  |TAMS 0x000000068d000000, 0x000000068d000000| Complete 
|  50|0x000000068d000000, 0x000000068d400000, 0x000000068d400000|100%|HC|  |TAMS 0x000000068d400000, 0x000000068d400000| Complete 
|  51|0x000000068d400000, 0x000000068d800000, 0x000000068d800000|100%|HS|  |TAMS 0x000000068d800000, 0x000000068d800000| Complete 
|  52|0x000000068d800000, 0x000000068dc00000, 0x000000068dc00000|100%|HS|  |TAMS 0x000000068dc00000, 0x000000068dc00000| Complete 
|  53|0x000000068dc00000, 0x000000068e000000, 0x000000068e000000|100%|HC|  |TAMS 0x000000068e000000, 0x000000068e000000| Complete 
|  54|0x000000068e000000, 0x000000068e400000, 0x000000068e400000|100%|HS|  |TAMS 0x000000068e400000, 0x000000068e400000| Complete 
|  55|0x000000068e400000, 0x000000068e800000, 0x000000068e800000|100%|HC|  |TAMS 0x000000068e800000, 0x000000068e800000| Complete 
|  56|0x000000068e800000, 0x000000068ec00000, 0x000000068ec00000|100%|HS|  |TAMS 0x000000068ec00000, 0x000000068ec00000| Complete 
|  57|0x000000068ec00000, 0x000000068f000000, 0x000000068f000000|100%|HC|  |TAMS 0x000000068f000000, 0x000000068f000000| Complete 
|  58|0x000000068f000000, 0x000000068f400000, 0x000000068f400000|100%|HC|  |TAMS 0x000000068f400000, 0x000000068f400000| Complete 
|  59|0x000000068f400000, 0x000000068f800000, 0x000000068f800000|100%|HS|  |TAMS 0x000000068f800000, 0x000000068f800000| Complete 
|  60|0x000000068f800000, 0x000000068fc00000, 0x000000068fc00000|100%|HS|  |TAMS 0x000000068fc00000, 0x000000068fc00000| Complete 
|  61|0x000000068fc00000, 0x0000000690000000, 0x0000000690000000|100%|HS|  |TAMS 0x0000000690000000, 0x0000000690000000| Complete 
|  62|0x0000000690000000, 0x0000000690400000, 0x0000000690400000|100%|HS|  |TAMS 0x0000000690400000, 0x0000000690400000| Complete 
|  63|0x0000000690400000, 0x0000000690800000, 0x0000000690800000|100%|HC|  |TAMS 0x0000000690800000, 0x0000000690800000| Complete 
|  64|0x0000000690800000, 0x0000000690c00000, 0x0000000690c00000|100%|HC|  |TAMS 0x0000000690c00000, 0x0000000690c00000| Complete 
|  65|0x0000000690c00000, 0x0000000691000000, 0x0000000691000000|100%|HC|  |TAMS 0x0000000691000000, 0x0000000691000000| Complete 
|  66|0x0000000691000000, 0x0000000691400000, 0x0000000691400000|100%|HS|  |TAMS 0x0000000691400000, 0x0000000691400000| Complete 
|  67|0x0000000691400000, 0x0000000691800000, 0x0000000691800000|100%|HC|  |TAMS 0x0000000691800000, 0x0000000691800000| Complete 
|  68|0x0000000691800000, 0x0000000691c00000, 0x0000000691c00000|100%| O|  |TAMS 0x0000000691800000, 0x0000000691c00000| Untracked 
|  69|0x0000000691c00000, 0x0000000692000000, 0x0000000692000000|100%| O|  |TAMS 0x0000000691c00000, 0x0000000692000000| Untracked 
|  70|0x0000000692000000, 0x0000000692400000, 0x0000000692400000|100%| O|  |TAMS 0x0000000692000000, 0x0000000692400000| Untracked 
|  71|0x0000000692400000, 0x0000000692800000, 0x0000000692800000|100%| O|  |TAMS 0x0000000692400000, 0x0000000692800000| Untracked 
|  72|0x0000000692800000, 0x0000000692c00000, 0x0000000692c00000|100%|HS|  |TAMS 0x0000000692c00000, 0x0000000692c00000| Complete 
|  73|0x0000000692c00000, 0x0000000693000000, 0x0000000693000000|100%|HC|  |TAMS 0x0000000693000000, 0x0000000693000000| Complete 
|  74|0x0000000693000000, 0x0000000693400000, 0x0000000693400000|100%|HS|  |TAMS 0x0000000693400000, 0x0000000693400000| Complete 
|  75|0x0000000693400000, 0x0000000693800000, 0x0000000693800000|100%|HC|  |TAMS 0x0000000693800000, 0x0000000693800000| Complete 
|  76|0x0000000693800000, 0x0000000693c00000, 0x0000000693c00000|100%|HC|  |TAMS 0x0000000693c00000, 0x0000000693c00000| Complete 
|  77|0x0000000693c00000, 0x0000000694000000, 0x0000000694000000|100%|HC|  |TAMS 0x0000000694000000, 0x0000000694000000| Complete 
|  78|0x0000000694000000, 0x0000000694400000, 0x0000000694400000|100%|HC|  |TAMS 0x0000000694400000, 0x0000000694400000| Complete 
|  79|0x0000000694400000, 0x0000000694800000, 0x0000000694800000|100%|HC|  |TAMS 0x0000000694800000, 0x0000000694800000| Complete 
|  80|0x0000000694800000, 0x0000000694c00000, 0x0000000694c00000|100%|HC|  |TAMS 0x0000000694c00000, 0x0000000694c00000| Complete 
|  81|0x0000000694c00000, 0x0000000695000000, 0x0000000695000000|100%|HC|  |TAMS 0x0000000695000000, 0x0000000695000000| Complete 
|  82|0x0000000695000000, 0x0000000695400000, 0x0000000695400000|100%|HC|  |TAMS 0x0000000695400000, 0x0000000695400000| Complete 
|  83|0x0000000695400000, 0x0000000695800000, 0x0000000695800000|100%|HC|  |TAMS 0x0000000695800000, 0x0000000695800000| Complete 
|  84|0x0000000695800000, 0x0000000695c00000, 0x0000000695c00000|100%|HC|  |TAMS 0x0000000695c00000, 0x0000000695c00000| Complete 
|  85|0x0000000695c00000, 0x0000000696000000, 0x0000000696000000|100%|HC|  |TAMS 0x0000000696000000, 0x0000000696000000| Complete 
|  86|0x0000000696000000, 0x0000000696400000, 0x0000000696400000|100%|HC|  |TAMS 0x0000000696400000, 0x0000000696400000| Complete 
|  87|0x0000000696400000, 0x0000000696800000, 0x0000000696800000|100%|HC|  |TAMS 0x0000000696800000, 0x0000000696800000| Complete 
|  88|0x0000000696800000, 0x0000000696c00000, 0x0000000696c00000|100%|HS|  |TAMS 0x0000000696c00000, 0x0000000696c00000| Complete 
|  89|0x0000000696c00000, 0x0000000697000000, 0x0000000697000000|100%|HC|  |TAMS 0x0000000697000000, 0x0000000697000000| Complete 
|  90|0x0000000697000000, 0x0000000697400000, 0x0000000697400000|100%|HC|  |TAMS 0x0000000697400000, 0x0000000697400000| Complete 
|  91|0x0000000697400000, 0x0000000697800000, 0x0000000697800000|100%|HC|  |TAMS 0x0000000697800000, 0x0000000697800000| Complete 
|  92|0x0000000697800000, 0x0000000697c00000, 0x0000000697c00000|100%| O|  |TAMS 0x0000000697800000, 0x0000000697c00000| Untracked 
|  93|0x0000000697c00000, 0x0000000698000000, 0x0000000698000000|100%| O|  |TAMS 0x0000000697c00000, 0x0000000698000000| Untracked 
|  94|0x0000000698000000, 0x0000000698400000, 0x0000000698400000|100%| O|  |TAMS 0x0000000698000000, 0x0000000698400000| Untracked 
|  95|0x0000000698400000, 0x0000000698800000, 0x0000000698800000|100%| O|  |TAMS 0x0000000698800000, 0x0000000698800000| Untracked 
|  96|0x0000000698800000, 0x0000000698c00000, 0x0000000698c00000|100%| O|  |TAMS 0x0000000698800000, 0x0000000698c00000| Untracked 
|  97|0x0000000698c00000, 0x0000000699000000, 0x0000000699000000|100%| O|  |TAMS 0x0000000698c00000, 0x0000000699000000| Untracked 
|  98|0x0000000699000000, 0x0000000699400000, 0x0000000699400000|100%| O|  |TAMS 0x0000000699000000, 0x0000000699400000| Untracked 
|  99|0x0000000699400000, 0x0000000699800000, 0x0000000699800000|100%| O|  |TAMS 0x0000000699400000, 0x0000000699800000| Untracked 
| 100|0x0000000699800000, 0x0000000699c00000, 0x0000000699c00000|100%| O|  |TAMS 0x0000000699800000, 0x0000000699c00000| Untracked 
| 101|0x0000000699c00000, 0x000000069a000000, 0x000000069a000000|100%| O|  |TAMS 0x0000000699c00000, 0x000000069a000000| Untracked 
| 102|0x000000069a000000, 0x000000069a400000, 0x000000069a400000|100%| O|  |TAMS 0x000000069a000000, 0x000000069a400000| Untracked 
| 103|0x000000069a400000, 0x000000069a800000, 0x000000069a800000|100%| O|  |TAMS 0x000000069a400000, 0x000000069a800000| Untracked 
| 104|0x000000069a800000, 0x000000069ac00000, 0x000000069ac00000|100%| O|  |TAMS 0x000000069a800000, 0x000000069ac00000| Untracked 
| 105|0x000000069ac00000, 0x000000069b000000, 0x000000069b000000|100%| O|  |TAMS 0x000000069ac00000, 0x000000069b000000| Untracked 
| 106|0x000000069b000000, 0x000000069b400000, 0x000000069b400000|100%| O|  |TAMS 0x000000069b000000, 0x000000069b400000| Untracked 
| 107|0x000000069b400000, 0x000000069b800000, 0x000000069b800000|100%| O|  |TAMS 0x000000069b400000, 0x000000069b800000| Untracked 
| 108|0x000000069b800000, 0x000000069bc00000, 0x000000069bc00000|100%| O|  |TAMS 0x000000069b800000, 0x000000069bc00000| Untracked 
| 109|0x000000069bc00000, 0x000000069c000000, 0x000000069c000000|100%| O|  |TAMS 0x000000069c000000, 0x000000069c000000| Untracked 
| 110|0x000000069c000000, 0x000000069c400000, 0x000000069c400000|100%| O|  |TAMS 0x000000069c000000, 0x000000069c400000| Untracked 
| 111|0x000000069c400000, 0x000000069c800000, 0x000000069c800000|100%|HS|  |TAMS 0x000000069c800000, 0x000000069c800000| Complete 
| 112|0x000000069c800000, 0x000000069cc00000, 0x000000069cc00000|100%|HC|  |TAMS 0x000000069cc00000, 0x000000069cc00000| Complete 
| 113|0x000000069cc00000, 0x000000069d000000, 0x000000069d000000|100%|HC|  |TAMS 0x000000069d000000, 0x000000069d000000| Complete 
| 114|0x000000069d000000, 0x000000069d400000, 0x000000069d400000|100%|HS|  |TAMS 0x000000069d400000, 0x000000069d400000| Complete 
| 115|0x000000069d400000, 0x000000069d800000, 0x000000069d800000|100%|HC|  |TAMS 0x000000069d800000, 0x000000069d800000| Complete 
| 116|0x000000069d800000, 0x000000069dc00000, 0x000000069dc00000|100%|HS|  |TAMS 0x000000069dc00000, 0x000000069dc00000| Complete 
| 117|0x000000069dc00000, 0x000000069e000000, 0x000000069e000000|100%|HC|  |TAMS 0x000000069e000000, 0x000000069e000000| Complete 
| 118|0x000000069e000000, 0x000000069e400000, 0x000000069e400000|100%|HC|  |TAMS 0x000000069e400000, 0x000000069e400000| Complete 
| 119|0x000000069e400000, 0x000000069e800000, 0x000000069e800000|100%|HS|  |TAMS 0x000000069e800000, 0x000000069e800000| Complete 
| 120|0x000000069e800000, 0x000000069ec00000, 0x000000069ec00000|100%|HC|  |TAMS 0x000000069ec00000, 0x000000069ec00000| Complete 
| 121|0x000000069ec00000, 0x000000069f000000, 0x000000069f000000|100%|HC|  |TAMS 0x000000069f000000, 0x000000069f000000| Complete 
| 122|0x000000069f000000, 0x000000069f400000, 0x000000069f400000|100%|HC|  |TAMS 0x000000069f400000, 0x000000069f400000| Complete 
| 123|0x000000069f400000, 0x000000069f800000, 0x000000069f800000|100%| O|  |TAMS 0x000000069f800000, 0x000000069f800000| Untracked 
| 124|0x000000069f800000, 0x000000069fc00000, 0x000000069fc00000|100%| O|  |TAMS 0x000000069f800000, 0x000000069fc00000| Untracked 
| 125|0x000000069fc00000, 0x00000006a0000000, 0x00000006a0000000|100%| O|  |TAMS 0x00000006a0000000, 0x00000006a0000000| Untracked 
| 126|0x00000006a0000000, 0x00000006a0400000, 0x00000006a0400000|100%| O|  |TAMS 0x00000006a0400000, 0x00000006a0400000| Untracked 
| 127|0x00000006a0400000, 0x00000006a0800000, 0x00000006a0800000|100%| O|  |TAMS 0x00000006a0800000, 0x00000006a0800000| Untracked 
| 128|0x00000006a0800000, 0x00000006a0c00000, 0x00000006a0c00000|100%| O|  |TAMS 0x00000006a0c00000, 0x00000006a0c00000| Untracked 
| 129|0x00000006a0c00000, 0x00000006a1000000, 0x00000006a1000000|100%| O|  |TAMS 0x00000006a0c00000, 0x00000006a1000000| Untracked 
| 130|0x00000006a1000000, 0x00000006a1400000, 0x00000006a1400000|100%| O|  |TAMS 0x00000006a1000000, 0x00000006a1400000| Untracked 
| 131|0x00000006a1400000, 0x00000006a1800000, 0x00000006a1800000|100%| O|  |TAMS 0x00000006a1400000, 0x00000006a1800000| Untracked 
| 132|0x00000006a1800000, 0x00000006a1c00000, 0x00000006a1c00000|100%| O|  |TAMS 0x00000006a1800000, 0x00000006a1c00000| Untracked 
| 133|0x00000006a1c00000, 0x00000006a2000000, 0x00000006a2000000|100%| O|  |TAMS 0x00000006a1c00000, 0x00000006a2000000| Untracked 
| 134|0x00000006a2000000, 0x00000006a2400000, 0x00000006a2400000|100%| O|  |TAMS 0x00000006a2000000, 0x00000006a2400000| Untracked 
| 135|0x00000006a2400000, 0x00000006a2800000, 0x00000006a2800000|100%| O|  |TAMS 0x00000006a2400000, 0x00000006a2800000| Untracked 
| 136|0x00000006a2800000, 0x00000006a2c00000, 0x00000006a2c00000|100%| O|  |TAMS 0x00000006a2800000, 0x00000006a2c00000| Untracked 
| 137|0x00000006a2c00000, 0x00000006a3000000, 0x00000006a3000000|100%| O|  |TAMS 0x00000006a2c00000, 0x00000006a3000000| Untracked 
| 138|0x00000006a3000000, 0x00000006a3400000, 0x00000006a3400000|100%| O|  |TAMS 0x00000006a3000000, 0x00000006a3400000| Untracked 
| 139|0x00000006a3400000, 0x00000006a3800000, 0x00000006a3800000|100%| O|  |TAMS 0x00000006a3400000, 0x00000006a3800000| Untracked 
| 140|0x00000006a3800000, 0x00000006a3c00000, 0x00000006a3c00000|100%| O|  |TAMS 0x00000006a3800000, 0x00000006a3c00000| Untracked 
| 141|0x00000006a3c00000, 0x00000006a4000000, 0x00000006a4000000|100%|HS|  |TAMS 0x00000006a3c00000, 0x00000006a3c00000| Complete 
| 142|0x00000006a4000000, 0x00000006a4400000, 0x00000006a4400000|100%| O|  |TAMS 0x00000006a4000000, 0x00000006a4400000| Untracked 
| 143|0x00000006a4400000, 0x00000006a4800000, 0x00000006a4800000|100%|HS|  |TAMS 0x00000006a4400000, 0x00000006a4800000| Complete 
| 144|0x00000006a4800000, 0x00000006a4c00000, 0x00000006a4c00000|100%|HC|  |TAMS 0x00000006a4800000, 0x00000006a4c00000| Complete 
| 145|0x00000006a4c00000, 0x00000006a5000000, 0x00000006a5000000|100%|HC|  |TAMS 0x00000006a4c00000, 0x00000006a5000000| Complete 
| 146|0x00000006a5000000, 0x00000006a5400000, 0x00000006a5400000|100%| O|  |TAMS 0x00000006a5000000, 0x00000006a5400000| Untracked 
| 147|0x00000006a5400000, 0x00000006a5800000, 0x00000006a5800000|100%| O|  |TAMS 0x00000006a5400000, 0x00000006a5800000| Untracked 
| 148|0x00000006a5800000, 0x00000006a5c00000, 0x00000006a5c00000|100%|HS|  |TAMS 0x00000006a5800000, 0x00000006a5c00000| Complete 
| 149|0x00000006a5c00000, 0x00000006a6000000, 0x00000006a6000000|100%|HS|  |TAMS 0x00000006a5c00000, 0x00000006a6000000| Complete 
| 150|0x00000006a6000000, 0x00000006a6400000, 0x00000006a6400000|100%|HC|  |TAMS 0x00000006a6000000, 0x00000006a6400000| Complete 
| 151|0x00000006a6400000, 0x00000006a6800000, 0x00000006a6800000|100%|HS|  |TAMS 0x00000006a6400000, 0x00000006a6800000| Complete 
| 152|0x00000006a6800000, 0x00000006a6c00000, 0x00000006a6c00000|100%|HC|  |TAMS 0x00000006a6800000, 0x00000006a6c00000| Complete 
| 153|0x00000006a6c00000, 0x00000006a7000000, 0x00000006a7000000|100%|HC|  |TAMS 0x00000006a6c00000, 0x00000006a7000000| Complete 
| 154|0x00000006a7000000, 0x00000006a7400000, 0x00000006a7400000|100%| O|  |TAMS 0x00000006a7000000, 0x00000006a7400000| Untracked 
| 155|0x00000006a7400000, 0x00000006a7800000, 0x00000006a7800000|100%| O|  |TAMS 0x00000006a7400000, 0x00000006a7800000| Untracked 
| 156|0x00000006a7800000, 0x00000006a7c00000, 0x00000006a7c00000|100%| O|  |TAMS 0x00000006a7800000, 0x00000006a7c00000| Untracked 
| 157|0x00000006a7c00000, 0x00000006a8000000, 0x00000006a8000000|100%| O|  |TAMS 0x00000006a7c00000, 0x00000006a8000000| Untracked 
| 158|0x00000006a8000000, 0x00000006a8400000, 0x00000006a8400000|100%| O|  |TAMS 0x00000006a8000000, 0x00000006a8400000| Untracked 
| 159|0x00000006a8400000, 0x00000006a8800000, 0x00000006a8800000|100%| O|  |TAMS 0x00000006a8400000, 0x00000006a8800000| Untracked 
| 160|0x00000006a8800000, 0x00000006a8c00000, 0x00000006a8c00000|100%| O|  |TAMS 0x00000006a8800000, 0x00000006a8c00000| Untracked 
| 161|0x00000006a8c00000, 0x00000006a9000000, 0x00000006a9000000|100%| O|  |TAMS 0x00000006a8c00000, 0x00000006a9000000| Untracked 
| 162|0x00000006a9000000, 0x00000006a9400000, 0x00000006a9400000|100%| O|  |TAMS 0x00000006a9000000, 0x00000006a9400000| Untracked 
| 163|0x00000006a9400000, 0x00000006a9800000, 0x00000006a9800000|100%| O|  |TAMS 0x00000006a9400000, 0x00000006a9800000| Untracked 
| 164|0x00000006a9800000, 0x00000006a9c00000, 0x00000006a9c00000|100%| O|  |TAMS 0x00000006a9800000, 0x00000006a9c00000| Untracked 
| 165|0x00000006a9c00000, 0x00000006aa000000, 0x00000006aa000000|100%| O|  |TAMS 0x00000006a9c00000, 0x00000006aa000000| Untracked 
| 166|0x00000006aa000000, 0x00000006aa400000, 0x00000006aa400000|100%| O|  |TAMS 0x00000006aa000000, 0x00000006aa400000| Untracked 
| 167|0x00000006aa400000, 0x00000006aa800000, 0x00000006aa800000|100%| O|  |TAMS 0x00000006aa400000, 0x00000006aa800000| Untracked 
| 168|0x00000006aa800000, 0x00000006aac00000, 0x00000006aac00000|100%| O|  |TAMS 0x00000006aa800000, 0x00000006aac00000| Untracked 
| 169|0x00000006aac00000, 0x00000006ab000000, 0x00000006ab000000|100%|HS|  |TAMS 0x00000006aac00000, 0x00000006aac00000| Complete 
| 170|0x00000006ab000000, 0x00000006ab400000, 0x00000006ab400000|100%|HC|  |TAMS 0x00000006ab000000, 0x00000006ab000000| Complete 
| 171|0x00000006ab400000, 0x00000006ab800000, 0x00000006ab800000|100%|HS|  |TAMS 0x00000006ab400000, 0x00000006ab400000| Complete 
| 172|0x00000006ab800000, 0x00000006abc00000, 0x00000006abc00000|100%|HC|  |TAMS 0x00000006ab800000, 0x00000006ab800000| Complete 
| 173|0x00000006abc00000, 0x00000006ac000000, 0x00000006ac000000|100%|HC|  |TAMS 0x00000006abc00000, 0x00000006abc00000| Complete 
| 174|0x00000006ac000000, 0x00000006ac400000, 0x00000006ac400000|100%|HS|  |TAMS 0x00000006ac000000, 0x00000006ac000000| Complete 
| 175|0x00000006ac400000, 0x00000006ac800000, 0x00000006ac800000|100%|HS|  |TAMS 0x00000006ac400000, 0x00000006ac400000| Complete 
| 176|0x00000006ac800000, 0x00000006acc00000, 0x00000006acc00000|100%|HC|  |TAMS 0x00000006ac800000, 0x00000006ac800000| Complete 
| 177|0x00000006acc00000, 0x00000006ad000000, 0x00000006ad000000|100%|HS|  |TAMS 0x00000006acc00000, 0x00000006acc00000| Complete 
| 178|0x00000006ad000000, 0x00000006ad400000, 0x00000006ad400000|100%|HC|  |TAMS 0x00000006ad000000, 0x00000006ad000000| Complete 
| 179|0x00000006ad400000, 0x00000006ad800000, 0x00000006ad800000|100%|HC|  |TAMS 0x00000006ad400000, 0x00000006ad400000| Complete 
| 180|0x00000006ad800000, 0x00000006adc00000, 0x00000006adc00000|100%|HS|  |TAMS 0x00000006ad800000, 0x00000006ad800000| Complete 
| 181|0x00000006adc00000, 0x00000006ae000000, 0x00000006ae000000|100%|HS|  |TAMS 0x00000006adc00000, 0x00000006adc00000| Complete 
| 182|0x00000006ae000000, 0x00000006ae400000, 0x00000006ae400000|100%|HC|  |TAMS 0x00000006ae000000, 0x00000006ae000000| Complete 
| 183|0x00000006ae400000, 0x00000006ae800000, 0x00000006ae800000|100%|HS|  |TAMS 0x00000006ae400000, 0x00000006ae400000| Complete 
| 184|0x00000006ae800000, 0x00000006aec00000, 0x00000006aec00000|100%|HC|  |TAMS 0x00000006ae800000, 0x00000006ae800000| Complete 
| 185|0x00000006aec00000, 0x00000006af000000, 0x00000006af000000|100%|HC|  |TAMS 0x00000006aec00000, 0x00000006aec00000| Complete 
| 186|0x00000006af000000, 0x00000006af400000, 0x00000006af400000|100%|HS|  |TAMS 0x00000006af000000, 0x00000006af000000| Complete 
| 187|0x00000006af400000, 0x00000006af800000, 0x00000006af800000|100%|HS|  |TAMS 0x00000006af400000, 0x00000006af400000| Complete 
| 188|0x00000006af800000, 0x00000006afc00000, 0x00000006afc00000|100%|HC|  |TAMS 0x00000006af800000, 0x00000006af800000| Complete 
| 189|0x00000006afc00000, 0x00000006afc00000, 0x00000006b0000000|  0%| F|  |TAMS 0x00000006afc00000, 0x00000006afc00000| Untracked 
| 190|0x00000006b0000000, 0x00000006b0000000, 0x00000006b0400000|  0%| F|  |TAMS 0x00000006b0000000, 0x00000006b0000000| Untracked 
| 191|0x00000006b0400000, 0x00000006b0400000, 0x00000006b0800000|  0%| F|  |TAMS 0x00000006b0400000, 0x00000006b0400000| Untracked 
| 192|0x00000006b0800000, 0x00000006b0800000, 0x00000006b0c00000|  0%| F|  |TAMS 0x00000006b0800000, 0x00000006b0800000| Untracked 
| 193|0x00000006b0c00000, 0x00000006b0c00000, 0x00000006b1000000|  0%| F|  |TAMS 0x00000006b0c00000, 0x00000006b0c00000| Untracked 
| 194|0x00000006b1000000, 0x00000006b1000000, 0x00000006b1400000|  0%| F|  |TAMS 0x00000006b1000000, 0x00000006b1000000| Untracked 
| 195|0x00000006b1400000, 0x00000006b1400000, 0x00000006b1800000|  0%| F|  |TAMS 0x00000006b1400000, 0x00000006b1400000| Untracked 
| 196|0x00000006b1800000, 0x00000006b1800000, 0x00000006b1c00000|  0%| F|  |TAMS 0x00000006b1800000, 0x00000006b1800000| Untracked 
| 197|0x00000006b1c00000, 0x00000006b1c00000, 0x00000006b2000000|  0%| F|  |TAMS 0x00000006b1c00000, 0x00000006b1c00000| Untracked 
| 198|0x00000006b2000000, 0x00000006b2000000, 0x00000006b2400000|  0%| F|  |TAMS 0x00000006b2000000, 0x00000006b2000000| Untracked 
| 199|0x00000006b2400000, 0x00000006b2400000, 0x00000006b2800000|  0%| F|  |TAMS 0x00000006b2400000, 0x00000006b2400000| Untracked 
| 200|0x00000006b2800000, 0x00000006b2800000, 0x00000006b2c00000|  0%| F|  |TAMS 0x00000006b2800000, 0x00000006b2800000| Untracked 
| 201|0x00000006b2c00000, 0x00000006b2c00000, 0x00000006b3000000|  0%| F|  |TAMS 0x00000006b2c00000, 0x00000006b2c00000| Untracked 
| 202|0x00000006b3000000, 0x00000006b3000000, 0x00000006b3400000|  0%| F|  |TAMS 0x00000006b3000000, 0x00000006b3000000| Untracked 
| 203|0x00000006b3400000, 0x00000006b3400000, 0x00000006b3800000|  0%| F|  |TAMS 0x00000006b3400000, 0x00000006b3400000| Untracked 
| 204|0x00000006b3800000, 0x00000006b3800000, 0x00000006b3c00000|  0%| F|  |TAMS 0x00000006b3800000, 0x00000006b3800000| Untracked 
| 205|0x00000006b3c00000, 0x00000006b3c00000, 0x00000006b4000000|  0%| F|  |TAMS 0x00000006b3c00000, 0x00000006b3c00000| Untracked 
| 206|0x00000006b4000000, 0x00000006b4000000, 0x00000006b4400000|  0%| F|  |TAMS 0x00000006b4000000, 0x00000006b4000000| Untracked 
| 207|0x00000006b4400000, 0x00000006b4400000, 0x00000006b4800000|  0%| F|  |TAMS 0x00000006b4400000, 0x00000006b4400000| Untracked 
| 208|0x00000006b4800000, 0x00000006b4800000, 0x00000006b4c00000|  0%| F|  |TAMS 0x00000006b4800000, 0x00000006b4800000| Untracked 
| 209|0x00000006b4c00000, 0x00000006b4c00000, 0x00000006b5000000|  0%| F|  |TAMS 0x00000006b4c00000, 0x00000006b4c00000| Untracked 
| 210|0x00000006b5000000, 0x00000006b5000000, 0x00000006b5400000|  0%| F|  |TAMS 0x00000006b5000000, 0x00000006b5000000| Untracked 
| 211|0x00000006b5400000, 0x00000006b5400000, 0x00000006b5800000|  0%| F|  |TAMS 0x00000006b5400000, 0x00000006b5400000| Untracked 
| 212|0x00000006b5800000, 0x00000006b5800000, 0x00000006b5c00000|  0%| F|  |TAMS 0x00000006b5800000, 0x00000006b5800000| Untracked 
| 213|0x00000006b5c00000, 0x00000006b5c00000, 0x00000006b6000000|  0%| F|  |TAMS 0x00000006b5c00000, 0x00000006b5c00000| Untracked 
| 214|0x00000006b6000000, 0x00000006b6000000, 0x00000006b6400000|  0%| F|  |TAMS 0x00000006b6000000, 0x00000006b6000000| Untracked 
| 215|0x00000006b6400000, 0x00000006b6400000, 0x00000006b6800000|  0%| F|  |TAMS 0x00000006b6400000, 0x00000006b6400000| Untracked 
| 216|0x00000006b6800000, 0x00000006b6800000, 0x00000006b6c00000|  0%| F|  |TAMS 0x00000006b6800000, 0x00000006b6800000| Untracked 
| 217|0x00000006b6c00000, 0x00000006b6c00000, 0x00000006b7000000|  0%| F|  |TAMS 0x00000006b6c00000, 0x00000006b6c00000| Untracked 
| 218|0x00000006b7000000, 0x00000006b7000000, 0x00000006b7400000|  0%| F|  |TAMS 0x00000006b7000000, 0x00000006b7000000| Untracked 
| 219|0x00000006b7400000, 0x00000006b7400000, 0x00000006b7800000|  0%| F|  |TAMS 0x00000006b7400000, 0x00000006b7400000| Untracked 
| 220|0x00000006b7800000, 0x00000006b7800000, 0x00000006b7c00000|  0%| F|  |TAMS 0x00000006b7800000, 0x00000006b7800000| Untracked 
| 221|0x00000006b7c00000, 0x00000006b7c00000, 0x00000006b8000000|  0%| F|  |TAMS 0x00000006b7c00000, 0x00000006b7c00000| Untracked 
| 222|0x00000006b8000000, 0x00000006b8000000, 0x00000006b8400000|  0%| F|  |TAMS 0x00000006b8000000, 0x00000006b8000000| Untracked 
| 223|0x00000006b8400000, 0x00000006b8400000, 0x00000006b8800000|  0%| F|  |TAMS 0x00000006b8400000, 0x00000006b8400000| Untracked 
| 224|0x00000006b8800000, 0x00000006b8800000, 0x00000006b8c00000|  0%| F|  |TAMS 0x00000006b8800000, 0x00000006b8800000| Untracked 
| 225|0x00000006b8c00000, 0x00000006b8c00000, 0x00000006b9000000|  0%| F|  |TAMS 0x00000006b8c00000, 0x00000006b8c00000| Untracked 
| 226|0x00000006b9000000, 0x00000006b9000000, 0x00000006b9400000|  0%| F|  |TAMS 0x00000006b9000000, 0x00000006b9000000| Untracked 
| 227|0x00000006b9400000, 0x00000006b9400000, 0x00000006b9800000|  0%| F|  |TAMS 0x00000006b9400000, 0x00000006b9400000| Untracked 
| 228|0x00000006b9800000, 0x00000006b9800000, 0x00000006b9c00000|  0%| F|  |TAMS 0x00000006b9800000, 0x00000006b9800000| Untracked 
| 229|0x00000006b9c00000, 0x00000006b9c00000, 0x00000006ba000000|  0%| F|  |TAMS 0x00000006b9c00000, 0x00000006b9c00000| Untracked 
| 230|0x00000006ba000000, 0x00000006ba000000, 0x00000006ba400000|  0%| F|  |TAMS 0x00000006ba000000, 0x00000006ba000000| Untracked 
| 231|0x00000006ba400000, 0x00000006ba400000, 0x00000006ba800000|  0%| F|  |TAMS 0x00000006ba400000, 0x00000006ba400000| Untracked 
| 232|0x00000006ba800000, 0x00000006ba800000, 0x00000006bac00000|  0%| F|  |TAMS 0x00000006ba800000, 0x00000006ba800000| Untracked 
| 233|0x00000006bac00000, 0x00000006bac00000, 0x00000006bb000000|  0%| F|  |TAMS 0x00000006bac00000, 0x00000006bac00000| Untracked 
| 234|0x00000006bb000000, 0x00000006bb000000, 0x00000006bb400000|  0%| F|  |TAMS 0x00000006bb000000, 0x00000006bb000000| Untracked 
| 235|0x00000006bb400000, 0x00000006bb400000, 0x00000006bb800000|  0%| F|  |TAMS 0x00000006bb400000, 0x00000006bb400000| Untracked 
| 236|0x00000006bb800000, 0x00000006bb800000, 0x00000006bbc00000|  0%| F|  |TAMS 0x00000006bb800000, 0x00000006bb800000| Untracked 
| 237|0x00000006bbc00000, 0x00000006bbc00000, 0x00000006bc000000|  0%| F|  |TAMS 0x00000006bbc00000, 0x00000006bbc00000| Untracked 
| 238|0x00000006bc000000, 0x00000006bc000000, 0x00000006bc400000|  0%| F|  |TAMS 0x00000006bc000000, 0x00000006bc000000| Untracked 
| 239|0x00000006bc400000, 0x00000006bc400000, 0x00000006bc800000|  0%| F|  |TAMS 0x00000006bc400000, 0x00000006bc400000| Untracked 
| 240|0x00000006bc800000, 0x00000006bc800000, 0x00000006bcc00000|  0%| F|  |TAMS 0x00000006bc800000, 0x00000006bc800000| Untracked 
| 241|0x00000006bcc00000, 0x00000006bcc00000, 0x00000006bd000000|  0%| F|  |TAMS 0x00000006bcc00000, 0x00000006bcc00000| Untracked 
| 242|0x00000006bd000000, 0x00000006bd000000, 0x00000006bd400000|  0%| F|  |TAMS 0x00000006bd000000, 0x00000006bd000000| Untracked 
| 243|0x00000006bd400000, 0x00000006bd400000, 0x00000006bd800000|  0%| F|  |TAMS 0x00000006bd400000, 0x00000006bd400000| Untracked 
| 244|0x00000006bd800000, 0x00000006bd800000, 0x00000006bdc00000|  0%| F|  |TAMS 0x00000006bd800000, 0x00000006bd800000| Untracked 
| 245|0x00000006bdc00000, 0x00000006bdc00000, 0x00000006be000000|  0%| F|  |TAMS 0x00000006bdc00000, 0x00000006bdc00000| Untracked 
| 246|0x00000006be000000, 0x00000006be000000, 0x00000006be400000|  0%| F|  |TAMS 0x00000006be000000, 0x00000006be000000| Untracked 
| 247|0x00000006be400000, 0x00000006be400000, 0x00000006be800000|  0%| F|  |TAMS 0x00000006be400000, 0x00000006be400000| Untracked 
| 248|0x00000006be800000, 0x00000006be800000, 0x00000006bec00000|  0%| F|  |TAMS 0x00000006be800000, 0x00000006be800000| Untracked 
| 249|0x00000006bec00000, 0x00000006bec00000, 0x00000006bf000000|  0%| F|  |TAMS 0x00000006bec00000, 0x00000006bec00000| Untracked 
| 250|0x00000006bf000000, 0x00000006bf000000, 0x00000006bf400000|  0%| F|  |TAMS 0x00000006bf000000, 0x00000006bf000000| Untracked 
| 251|0x00000006bf400000, 0x00000006bf400000, 0x00000006bf800000|  0%| F|  |TAMS 0x00000006bf400000, 0x00000006bf400000| Untracked 
| 252|0x00000006bf800000, 0x00000006bf800000, 0x00000006bfc00000|  0%| F|  |TAMS 0x00000006bf800000, 0x00000006bf800000| Untracked 
| 253|0x00000006bfc00000, 0x00000006bfc00000, 0x00000006c0000000|  0%| F|  |TAMS 0x00000006bfc00000, 0x00000006bfc00000| Untracked 
| 254|0x00000006c0000000, 0x00000006c0000000, 0x00000006c0400000|  0%| F|  |TAMS 0x00000006c0000000, 0x00000006c0000000| Untracked 
| 255|0x00000006c0400000, 0x00000006c0400000, 0x00000006c0800000|  0%| F|  |TAMS 0x00000006c0400000, 0x00000006c0400000| Untracked 
| 256|0x00000006c0800000, 0x00000006c0800000, 0x00000006c0c00000|  0%| F|  |TAMS 0x00000006c0800000, 0x00000006c0800000| Untracked 
| 257|0x00000006c0c00000, 0x00000006c0c00000, 0x00000006c1000000|  0%| F|  |TAMS 0x00000006c0c00000, 0x00000006c0c00000| Untracked 
| 258|0x00000006c1000000, 0x00000006c1000000, 0x00000006c1400000|  0%| F|  |TAMS 0x00000006c1000000, 0x00000006c1000000| Untracked 
| 259|0x00000006c1400000, 0x00000006c1400000, 0x00000006c1800000|  0%| F|  |TAMS 0x00000006c1400000, 0x00000006c1400000| Untracked 
| 260|0x00000006c1800000, 0x00000006c1800000, 0x00000006c1c00000|  0%| F|  |TAMS 0x00000006c1800000, 0x00000006c1800000| Untracked 
| 261|0x00000006c1c00000, 0x00000006c1c00000, 0x00000006c2000000|  0%| F|  |TAMS 0x00000006c1c00000, 0x00000006c1c00000| Untracked 
| 262|0x00000006c2000000, 0x00000006c2000000, 0x00000006c2400000|  0%| F|  |TAMS 0x00000006c2000000, 0x00000006c2000000| Untracked 
| 263|0x00000006c2400000, 0x00000006c2400000, 0x00000006c2800000|  0%| F|  |TAMS 0x00000006c2400000, 0x00000006c2400000| Untracked 
| 264|0x00000006c2800000, 0x00000006c2800000, 0x00000006c2c00000|  0%| F|  |TAMS 0x00000006c2800000, 0x00000006c2800000| Untracked 
| 265|0x00000006c2c00000, 0x00000006c2c00000, 0x00000006c3000000|  0%| F|  |TAMS 0x00000006c2c00000, 0x00000006c2c00000| Untracked 
| 266|0x00000006c3000000, 0x00000006c3000000, 0x00000006c3400000|  0%| F|  |TAMS 0x00000006c3000000, 0x00000006c3000000| Untracked 
| 267|0x00000006c3400000, 0x00000006c3400000, 0x00000006c3800000|  0%| F|  |TAMS 0x00000006c3400000, 0x00000006c3400000| Untracked 
| 268|0x00000006c3800000, 0x00000006c3800000, 0x00000006c3c00000|  0%| F|  |TAMS 0x00000006c3800000, 0x00000006c3800000| Untracked 
| 269|0x00000006c3c00000, 0x00000006c3c00000, 0x00000006c4000000|  0%| F|  |TAMS 0x00000006c3c00000, 0x00000006c3c00000| Untracked 
| 270|0x00000006c4000000, 0x00000006c4000000, 0x00000006c4400000|  0%| F|  |TAMS 0x00000006c4000000, 0x00000006c4000000| Untracked 
| 271|0x00000006c4400000, 0x00000006c4400000, 0x00000006c4800000|  0%| F|  |TAMS 0x00000006c4400000, 0x00000006c4400000| Untracked 
| 272|0x00000006c4800000, 0x00000006c4800000, 0x00000006c4c00000|  0%| F|  |TAMS 0x00000006c4800000, 0x00000006c4800000| Untracked 
| 273|0x00000006c4c00000, 0x00000006c4c00000, 0x00000006c5000000|  0%| F|  |TAMS 0x00000006c4c00000, 0x00000006c4c00000| Untracked 
| 274|0x00000006c5000000, 0x00000006c5000000, 0x00000006c5400000|  0%| F|  |TAMS 0x00000006c5000000, 0x00000006c5000000| Untracked 
| 275|0x00000006c5400000, 0x00000006c5400000, 0x00000006c5800000|  0%| F|  |TAMS 0x00000006c5400000, 0x00000006c5400000| Untracked 
| 276|0x00000006c5800000, 0x00000006c5800000, 0x00000006c5c00000|  0%| F|  |TAMS 0x00000006c5800000, 0x00000006c5800000| Untracked 
| 277|0x00000006c5c00000, 0x00000006c5c00000, 0x00000006c6000000|  0%| F|  |TAMS 0x00000006c5c00000, 0x00000006c5c00000| Untracked 
| 278|0x00000006c6000000, 0x00000006c6000000, 0x00000006c6400000|  0%| F|  |TAMS 0x00000006c6000000, 0x00000006c6000000| Untracked 
| 279|0x00000006c6400000, 0x00000006c6400000, 0x00000006c6800000|  0%| F|  |TAMS 0x00000006c6400000, 0x00000006c6400000| Untracked 
| 280|0x00000006c6800000, 0x00000006c6800000, 0x00000006c6c00000|  0%| F|  |TAMS 0x00000006c6800000, 0x00000006c6800000| Untracked 
| 281|0x00000006c6c00000, 0x00000006c6c00000, 0x00000006c7000000|  0%| F|  |TAMS 0x00000006c6c00000, 0x00000006c6c00000| Untracked 
| 282|0x00000006c7000000, 0x00000006c7000000, 0x00000006c7400000|  0%| F|  |TAMS 0x00000006c7000000, 0x00000006c7000000| Untracked 
| 283|0x00000006c7400000, 0x00000006c7400000, 0x00000006c7800000|  0%| F|  |TAMS 0x00000006c7400000, 0x00000006c7400000| Untracked 
| 284|0x00000006c7800000, 0x00000006c7800000, 0x00000006c7c00000|  0%| F|  |TAMS 0x00000006c7800000, 0x00000006c7800000| Untracked 
| 285|0x00000006c7c00000, 0x00000006c7c00000, 0x00000006c8000000|  0%| F|  |TAMS 0x00000006c7c00000, 0x00000006c7c00000| Untracked 
| 286|0x00000006c8000000, 0x00000006c8000000, 0x00000006c8400000|  0%| F|  |TAMS 0x00000006c8000000, 0x00000006c8000000| Untracked 
| 287|0x00000006c8400000, 0x00000006c8400000, 0x00000006c8800000|  0%| F|  |TAMS 0x00000006c8400000, 0x00000006c8400000| Untracked 
| 288|0x00000006c8800000, 0x00000006c8800000, 0x00000006c8c00000|  0%| F|  |TAMS 0x00000006c8800000, 0x00000006c8800000| Untracked 
| 289|0x00000006c8c00000, 0x00000006c8c00000, 0x00000006c9000000|  0%| F|  |TAMS 0x00000006c8c00000, 0x00000006c8c00000| Untracked 
| 290|0x00000006c9000000, 0x00000006c9000000, 0x00000006c9400000|  0%| F|  |TAMS 0x00000006c9000000, 0x00000006c9000000| Untracked 
| 291|0x00000006c9400000, 0x00000006c9400000, 0x00000006c9800000|  0%| F|  |TAMS 0x00000006c9400000, 0x00000006c9400000| Untracked 
| 292|0x00000006c9800000, 0x00000006c9800000, 0x00000006c9c00000|  0%| F|  |TAMS 0x00000006c9800000, 0x00000006c9800000| Untracked 
| 293|0x00000006c9c00000, 0x00000006c9c00000, 0x00000006ca000000|  0%| F|  |TAMS 0x00000006c9c00000, 0x00000006c9c00000| Untracked 
| 294|0x00000006ca000000, 0x00000006ca000000, 0x00000006ca400000|  0%| F|  |TAMS 0x00000006ca000000, 0x00000006ca000000| Untracked 
| 295|0x00000006ca400000, 0x00000006ca400000, 0x00000006ca800000|  0%| F|  |TAMS 0x00000006ca400000, 0x00000006ca400000| Untracked 
| 296|0x00000006ca800000, 0x00000006ca800000, 0x00000006cac00000|  0%| F|  |TAMS 0x00000006ca800000, 0x00000006ca800000| Untracked 
| 297|0x00000006cac00000, 0x00000006cac00000, 0x00000006cb000000|  0%| F|  |TAMS 0x00000006cac00000, 0x00000006cac00000| Untracked 
| 298|0x00000006cb000000, 0x00000006cb000000, 0x00000006cb400000|  0%| F|  |TAMS 0x00000006cb000000, 0x00000006cb000000| Untracked 
| 299|0x00000006cb400000, 0x00000006cb400000, 0x00000006cb800000|  0%| F|  |TAMS 0x00000006cb400000, 0x00000006cb400000| Untracked 
| 300|0x00000006cb800000, 0x00000006cb9c8cc0, 0x00000006cbc00000| 44%| S|CS|TAMS 0x00000006cb800000, 0x00000006cb800000| Complete 
| 301|0x00000006cbc00000, 0x00000006cc000000, 0x00000006cc000000|100%| S|CS|TAMS 0x00000006cbc00000, 0x00000006cbc00000| Complete 
| 302|0x00000006cc000000, 0x00000006cc400000, 0x00000006cc400000|100%| S|CS|TAMS 0x00000006cc000000, 0x00000006cc000000| Complete 
| 303|0x00000006cc400000, 0x00000006cc800000, 0x00000006cc800000|100%| S|CS|TAMS 0x00000006cc400000, 0x00000006cc400000| Complete 
| 304|0x00000006cc800000, 0x00000006ccc00000, 0x00000006ccc00000|100%| S|CS|TAMS 0x00000006cc800000, 0x00000006cc800000| Complete 
| 305|0x00000006ccc00000, 0x00000006cd000000, 0x00000006cd000000|100%| S|CS|TAMS 0x00000006ccc00000, 0x00000006ccc00000| Complete 
| 306|0x00000006cd000000, 0x00000006cd000000, 0x00000006cd400000|  0%| F|  |TAMS 0x00000006cd000000, 0x00000006cd000000| Untracked 
| 307|0x00000006cd400000, 0x00000006cd400000, 0x00000006cd800000|  0%| F|  |TAMS 0x00000006cd400000, 0x00000006cd400000| Untracked 
| 308|0x00000006cd800000, 0x00000006cd800000, 0x00000006cdc00000|  0%| F|  |TAMS 0x00000006cd800000, 0x00000006cd800000| Untracked 
| 309|0x00000006cdc00000, 0x00000006cdc00000, 0x00000006ce000000|  0%| F|  |TAMS 0x00000006cdc00000, 0x00000006cdc00000| Untracked 
| 310|0x00000006ce000000, 0x00000006ce000000, 0x00000006ce400000|  0%| F|  |TAMS 0x00000006ce000000, 0x00000006ce000000| Untracked 
| 311|0x00000006ce400000, 0x00000006ce400000, 0x00000006ce800000|  0%| F|  |TAMS 0x00000006ce400000, 0x00000006ce400000| Untracked 
| 312|0x00000006ce800000, 0x00000006ce800000, 0x00000006cec00000|  0%| F|  |TAMS 0x00000006ce800000, 0x00000006ce800000| Untracked 
| 313|0x00000006cec00000, 0x00000006cec00000, 0x00000006cf000000|  0%| F|  |TAMS 0x00000006cec00000, 0x00000006cec00000| Untracked 
| 314|0x00000006cf000000, 0x00000006cf000000, 0x00000006cf400000|  0%| F|  |TAMS 0x00000006cf000000, 0x00000006cf000000| Untracked 
| 315|0x00000006cf400000, 0x00000006cf400000, 0x00000006cf800000|  0%| F|  |TAMS 0x00000006cf400000, 0x00000006cf400000| Untracked 
| 316|0x00000006cf800000, 0x00000006cf800000, 0x00000006cfc00000|  0%| F|  |TAMS 0x00000006cf800000, 0x00000006cf800000| Untracked 
| 317|0x00000006cfc00000, 0x00000006cfc00000, 0x00000006d0000000|  0%| F|  |TAMS 0x00000006cfc00000, 0x00000006cfc00000| Untracked 
| 318|0x00000006d0000000, 0x00000006d0000000, 0x00000006d0400000|  0%| F|  |TAMS 0x00000006d0000000, 0x00000006d0000000| Untracked 
| 319|0x00000006d0400000, 0x00000006d0400000, 0x00000006d0800000|  0%| F|  |TAMS 0x00000006d0400000, 0x00000006d0400000| Untracked 
| 320|0x00000006d0800000, 0x00000006d0800000, 0x00000006d0c00000|  0%| F|  |TAMS 0x00000006d0800000, 0x00000006d0800000| Untracked 
| 321|0x00000006d0c00000, 0x00000006d0c00000, 0x00000006d1000000|  0%| F|  |TAMS 0x00000006d0c00000, 0x00000006d0c00000| Untracked 
| 322|0x00000006d1000000, 0x00000006d1000000, 0x00000006d1400000|  0%| F|  |TAMS 0x00000006d1000000, 0x00000006d1000000| Untracked 
| 323|0x00000006d1400000, 0x00000006d1400000, 0x00000006d1800000|  0%| F|  |TAMS 0x00000006d1400000, 0x00000006d1400000| Untracked 
| 324|0x00000006d1800000, 0x00000006d1800000, 0x00000006d1c00000|  0%| F|  |TAMS 0x00000006d1800000, 0x00000006d1800000| Untracked 
| 325|0x00000006d1c00000, 0x00000006d1c00000, 0x00000006d2000000|  0%| F|  |TAMS 0x00000006d1c00000, 0x00000006d1c00000| Untracked 
| 326|0x00000006d2000000, 0x00000006d2000000, 0x00000006d2400000|  0%| F|  |TAMS 0x00000006d2000000, 0x00000006d2000000| Untracked 
| 327|0x00000006d2400000, 0x00000006d2400000, 0x00000006d2800000|  0%| F|  |TAMS 0x00000006d2400000, 0x00000006d2400000| Untracked 
| 328|0x00000006d2800000, 0x00000006d2800000, 0x00000006d2c00000|  0%| F|  |TAMS 0x00000006d2800000, 0x00000006d2800000| Untracked 
| 329|0x00000006d2c00000, 0x00000006d2c00000, 0x00000006d3000000|  0%| F|  |TAMS 0x00000006d2c00000, 0x00000006d2c00000| Untracked 
| 330|0x00000006d3000000, 0x00000006d3000000, 0x00000006d3400000|  0%| F|  |TAMS 0x00000006d3000000, 0x00000006d3000000| Untracked 
| 331|0x00000006d3400000, 0x00000006d3400000, 0x00000006d3800000|  0%| F|  |TAMS 0x00000006d3400000, 0x00000006d3400000| Untracked 
| 332|0x00000006d3800000, 0x00000006d3800000, 0x00000006d3c00000|  0%| F|  |TAMS 0x00000006d3800000, 0x00000006d3800000| Untracked 
| 333|0x00000006d3c00000, 0x00000006d3c00000, 0x00000006d4000000|  0%| F|  |TAMS 0x00000006d3c00000, 0x00000006d3c00000| Untracked 
| 334|0x00000006d4000000, 0x00000006d4000000, 0x00000006d4400000|  0%| F|  |TAMS 0x00000006d4000000, 0x00000006d4000000| Untracked 
| 335|0x00000006d4400000, 0x00000006d4400000, 0x00000006d4800000|  0%| F|  |TAMS 0x00000006d4400000, 0x00000006d4400000| Untracked 
| 336|0x00000006d4800000, 0x00000006d4800000, 0x00000006d4c00000|  0%| F|  |TAMS 0x00000006d4800000, 0x00000006d4800000| Untracked 
| 337|0x00000006d4c00000, 0x00000006d4c00000, 0x00000006d5000000|  0%| F|  |TAMS 0x00000006d4c00000, 0x00000006d4c00000| Untracked 
| 338|0x00000006d5000000, 0x00000006d5000000, 0x00000006d5400000|  0%| F|  |TAMS 0x00000006d5000000, 0x00000006d5000000| Untracked 
| 339|0x00000006d5400000, 0x00000006d5400000, 0x00000006d5800000|  0%| F|  |TAMS 0x00000006d5400000, 0x00000006d5400000| Untracked 
| 340|0x00000006d5800000, 0x00000006d5800000, 0x00000006d5c00000|  0%| F|  |TAMS 0x00000006d5800000, 0x00000006d5800000| Untracked 
| 341|0x00000006d5c00000, 0x00000006d5c00000, 0x00000006d6000000|  0%| F|  |TAMS 0x00000006d5c00000, 0x00000006d5c00000| Untracked 
| 342|0x00000006d6000000, 0x00000006d6000000, 0x00000006d6400000|  0%| F|  |TAMS 0x00000006d6000000, 0x00000006d6000000| Untracked 
| 343|0x00000006d6400000, 0x00000006d6400000, 0x00000006d6800000|  0%| F|  |TAMS 0x00000006d6400000, 0x00000006d6400000| Untracked 
| 344|0x00000006d6800000, 0x00000006d6800000, 0x00000006d6c00000|  0%| F|  |TAMS 0x00000006d6800000, 0x00000006d6800000| Untracked 
| 345|0x00000006d6c00000, 0x00000006d6c00000, 0x00000006d7000000|  0%| F|  |TAMS 0x00000006d6c00000, 0x00000006d6c00000| Untracked 
| 346|0x00000006d7000000, 0x00000006d7000000, 0x00000006d7400000|  0%| F|  |TAMS 0x00000006d7000000, 0x00000006d7000000| Untracked 
| 347|0x00000006d7400000, 0x00000006d7400000, 0x00000006d7800000|  0%| F|  |TAMS 0x00000006d7400000, 0x00000006d7400000| Untracked 
| 348|0x00000006d7800000, 0x00000006d7800000, 0x00000006d7c00000|  0%| F|  |TAMS 0x00000006d7800000, 0x00000006d7800000| Untracked 
| 349|0x00000006d7c00000, 0x00000006d7c00000, 0x00000006d8000000|  0%| F|  |TAMS 0x00000006d7c00000, 0x00000006d7c00000| Untracked 
| 350|0x00000006d8000000, 0x00000006d8000000, 0x00000006d8400000|  0%| F|  |TAMS 0x00000006d8000000, 0x00000006d8000000| Untracked 
| 351|0x00000006d8400000, 0x00000006d8400000, 0x00000006d8800000|  0%| F|  |TAMS 0x00000006d8400000, 0x00000006d8400000| Untracked 
| 352|0x00000006d8800000, 0x00000006d8800000, 0x00000006d8c00000|  0%| F|  |TAMS 0x00000006d8800000, 0x00000006d8800000| Untracked 
| 353|0x00000006d8c00000, 0x00000006d8c00000, 0x00000006d9000000|  0%| F|  |TAMS 0x00000006d8c00000, 0x00000006d8c00000| Untracked 
| 354|0x00000006d9000000, 0x00000006d9000000, 0x00000006d9400000|  0%| F|  |TAMS 0x00000006d9000000, 0x00000006d9000000| Untracked 
| 355|0x00000006d9400000, 0x00000006d9400000, 0x00000006d9800000|  0%| F|  |TAMS 0x00000006d9400000, 0x00000006d9400000| Untracked 
| 356|0x00000006d9800000, 0x00000006d9800000, 0x00000006d9c00000|  0%| F|  |TAMS 0x00000006d9800000, 0x00000006d9800000| Untracked 
| 357|0x00000006d9c00000, 0x00000006d9c00000, 0x00000006da000000|  0%| F|  |TAMS 0x00000006d9c00000, 0x00000006d9c00000| Untracked 
| 358|0x00000006da000000, 0x00000006da000000, 0x00000006da400000|  0%| F|  |TAMS 0x00000006da000000, 0x00000006da000000| Untracked 
| 359|0x00000006da400000, 0x00000006da400000, 0x00000006da800000|  0%| F|  |TAMS 0x00000006da400000, 0x00000006da400000| Untracked 
| 360|0x00000006da800000, 0x00000006da800000, 0x00000006dac00000|  0%| F|  |TAMS 0x00000006da800000, 0x00000006da800000| Untracked 
| 361|0x00000006dac00000, 0x00000006dac00000, 0x00000006db000000|  0%| F|  |TAMS 0x00000006dac00000, 0x00000006dac00000| Untracked 
| 362|0x00000006db000000, 0x00000006db000000, 0x00000006db400000|  0%| F|  |TAMS 0x00000006db000000, 0x00000006db000000| Untracked 
| 363|0x00000006db400000, 0x00000006db400000, 0x00000006db800000|  0%| F|  |TAMS 0x00000006db400000, 0x00000006db400000| Untracked 
| 364|0x00000006db800000, 0x00000006db800000, 0x00000006dbc00000|  0%| F|  |TAMS 0x00000006db800000, 0x00000006db800000| Untracked 
| 365|0x00000006dbc00000, 0x00000006dbc00000, 0x00000006dc000000|  0%| F|  |TAMS 0x00000006dbc00000, 0x00000006dbc00000| Untracked 
| 366|0x00000006dc000000, 0x00000006dc000000, 0x00000006dc400000|  0%| F|  |TAMS 0x00000006dc000000, 0x00000006dc000000| Untracked 
| 367|0x00000006dc400000, 0x00000006dc400000, 0x00000006dc800000|  0%| F|  |TAMS 0x00000006dc400000, 0x00000006dc400000| Untracked 
| 368|0x00000006dc800000, 0x00000006dc800000, 0x00000006dcc00000|  0%| F|  |TAMS 0x00000006dc800000, 0x00000006dc800000| Untracked 
| 369|0x00000006dcc00000, 0x00000006dcc00000, 0x00000006dd000000|  0%| F|  |TAMS 0x00000006dcc00000, 0x00000006dcc00000| Untracked 
| 370|0x00000006dd000000, 0x00000006dd000000, 0x00000006dd400000|  0%| F|  |TAMS 0x00000006dd000000, 0x00000006dd000000| Untracked 
| 371|0x00000006dd400000, 0x00000006dd400000, 0x00000006dd800000|  0%| F|  |TAMS 0x00000006dd400000, 0x00000006dd400000| Untracked 
| 372|0x00000006dd800000, 0x00000006dd800000, 0x00000006ddc00000|  0%| F|  |TAMS 0x00000006dd800000, 0x00000006dd800000| Untracked 
| 373|0x00000006ddc00000, 0x00000006ddc00000, 0x00000006de000000|  0%| F|  |TAMS 0x00000006ddc00000, 0x00000006ddc00000| Untracked 
| 374|0x00000006de000000, 0x00000006de000000, 0x00000006de400000|  0%| F|  |TAMS 0x00000006de000000, 0x00000006de000000| Untracked 
| 375|0x00000006de400000, 0x00000006de400000, 0x00000006de800000|  0%| F|  |TAMS 0x00000006de400000, 0x00000006de400000| Untracked 
| 376|0x00000006de800000, 0x00000006de800000, 0x00000006dec00000|  0%| F|  |TAMS 0x00000006de800000, 0x00000006de800000| Untracked 
| 377|0x00000006dec00000, 0x00000006dec00000, 0x00000006df000000|  0%| F|  |TAMS 0x00000006dec00000, 0x00000006dec00000| Untracked 
| 378|0x00000006df000000, 0x00000006df000000, 0x00000006df400000|  0%| F|  |TAMS 0x00000006df000000, 0x00000006df000000| Untracked 
| 379|0x00000006df400000, 0x00000006df400000, 0x00000006df800000|  0%| F|  |TAMS 0x00000006df400000, 0x00000006df400000| Untracked 
| 380|0x00000006df800000, 0x00000006df800000, 0x00000006dfc00000|  0%| F|  |TAMS 0x00000006df800000, 0x00000006df800000| Untracked 
| 381|0x00000006dfc00000, 0x00000006dfc00000, 0x00000006e0000000|  0%| F|  |TAMS 0x00000006dfc00000, 0x00000006dfc00000| Untracked 
| 382|0x00000006e0000000, 0x00000006e0000000, 0x00000006e0400000|  0%| F|  |TAMS 0x00000006e0000000, 0x00000006e0000000| Untracked 
| 383|0x00000006e0400000, 0x00000006e0400000, 0x00000006e0800000|  0%| F|  |TAMS 0x00000006e0400000, 0x00000006e0400000| Untracked 
| 384|0x00000006e0800000, 0x00000006e0800000, 0x00000006e0c00000|  0%| F|  |TAMS 0x00000006e0800000, 0x00000006e0800000| Untracked 
| 385|0x00000006e0c00000, 0x00000006e0c00000, 0x00000006e1000000|  0%| F|  |TAMS 0x00000006e0c00000, 0x00000006e0c00000| Untracked 
| 386|0x00000006e1000000, 0x00000006e1000000, 0x00000006e1400000|  0%| F|  |TAMS 0x00000006e1000000, 0x00000006e1000000| Untracked 
| 387|0x00000006e1400000, 0x00000006e1400000, 0x00000006e1800000|  0%| F|  |TAMS 0x00000006e1400000, 0x00000006e1400000| Untracked 
| 388|0x00000006e1800000, 0x00000006e1800000, 0x00000006e1c00000|  0%| F|  |TAMS 0x00000006e1800000, 0x00000006e1800000| Untracked 
| 389|0x00000006e1c00000, 0x00000006e1c00000, 0x00000006e2000000|  0%| F|  |TAMS 0x00000006e1c00000, 0x00000006e1c00000| Untracked 
| 390|0x00000006e2000000, 0x00000006e2000000, 0x00000006e2400000|  0%| F|  |TAMS 0x00000006e2000000, 0x00000006e2000000| Untracked 
| 391|0x00000006e2400000, 0x00000006e2400000, 0x00000006e2800000|  0%| F|  |TAMS 0x00000006e2400000, 0x00000006e2400000| Untracked 
| 392|0x00000006e2800000, 0x00000006e2800000, 0x00000006e2c00000|  0%| F|  |TAMS 0x00000006e2800000, 0x00000006e2800000| Untracked 
| 393|0x00000006e2c00000, 0x00000006e2c00000, 0x00000006e3000000|  0%| F|  |TAMS 0x00000006e2c00000, 0x00000006e2c00000| Untracked 
| 394|0x00000006e3000000, 0x00000006e3000000, 0x00000006e3400000|  0%| F|  |TAMS 0x00000006e3000000, 0x00000006e3000000| Untracked 
| 395|0x00000006e3400000, 0x00000006e3400000, 0x00000006e3800000|  0%| F|  |TAMS 0x00000006e3400000, 0x00000006e3400000| Untracked 
| 396|0x00000006e3800000, 0x00000006e3800000, 0x00000006e3c00000|  0%| F|  |TAMS 0x00000006e3800000, 0x00000006e3800000| Untracked 
| 397|0x00000006e3c00000, 0x00000006e3c00000, 0x00000006e4000000|  0%| F|  |TAMS 0x00000006e3c00000, 0x00000006e3c00000| Untracked 
| 398|0x00000006e4000000, 0x00000006e4000000, 0x00000006e4400000|  0%| F|  |TAMS 0x00000006e4000000, 0x00000006e4000000| Untracked 
| 399|0x00000006e4400000, 0x00000006e4400000, 0x00000006e4800000|  0%| F|  |TAMS 0x00000006e4400000, 0x00000006e4400000| Untracked 
| 400|0x00000006e4800000, 0x00000006e4800000, 0x00000006e4c00000|  0%| F|  |TAMS 0x00000006e4800000, 0x00000006e4800000| Untracked 
| 401|0x00000006e4c00000, 0x00000006e4c00000, 0x00000006e5000000|  0%| F|  |TAMS 0x00000006e4c00000, 0x00000006e4c00000| Untracked 
| 402|0x00000006e5000000, 0x00000006e5000000, 0x00000006e5400000|  0%| F|  |TAMS 0x00000006e5000000, 0x00000006e5000000| Untracked 
| 403|0x00000006e5400000, 0x00000006e5400000, 0x00000006e5800000|  0%| F|  |TAMS 0x00000006e5400000, 0x00000006e5400000| Untracked 
| 404|0x00000006e5800000, 0x00000006e5800000, 0x00000006e5c00000|  0%| F|  |TAMS 0x00000006e5800000, 0x00000006e5800000| Untracked 
| 405|0x00000006e5c00000, 0x00000006e5c00000, 0x00000006e6000000|  0%| F|  |TAMS 0x00000006e5c00000, 0x00000006e5c00000| Untracked 
| 406|0x00000006e6000000, 0x00000006e6000000, 0x00000006e6400000|  0%| F|  |TAMS 0x00000006e6000000, 0x00000006e6000000| Untracked 
| 407|0x00000006e6400000, 0x00000006e6400000, 0x00000006e6800000|  0%| F|  |TAMS 0x00000006e6400000, 0x00000006e6400000| Untracked 
| 408|0x00000006e6800000, 0x00000006e6800000, 0x00000006e6c00000|  0%| F|  |TAMS 0x00000006e6800000, 0x00000006e6800000| Untracked 
| 409|0x00000006e6c00000, 0x00000006e6c00000, 0x00000006e7000000|  0%| F|  |TAMS 0x00000006e6c00000, 0x00000006e6c00000| Untracked 
| 410|0x00000006e7000000, 0x00000006e7000000, 0x00000006e7400000|  0%| F|  |TAMS 0x00000006e7000000, 0x00000006e7000000| Untracked 
| 411|0x00000006e7400000, 0x00000006e7400000, 0x00000006e7800000|  0%| F|  |TAMS 0x00000006e7400000, 0x00000006e7400000| Untracked 
| 412|0x00000006e7800000, 0x00000006e7800000, 0x00000006e7c00000|  0%| F|  |TAMS 0x00000006e7800000, 0x00000006e7800000| Untracked 
| 413|0x00000006e7c00000, 0x00000006e7c00000, 0x00000006e8000000|  0%| F|  |TAMS 0x00000006e7c00000, 0x00000006e7c00000| Untracked 
| 414|0x00000006e8000000, 0x00000006e8000000, 0x00000006e8400000|  0%| F|  |TAMS 0x00000006e8000000, 0x00000006e8000000| Untracked 
| 415|0x00000006e8400000, 0x00000006e8400000, 0x00000006e8800000|  0%| F|  |TAMS 0x00000006e8400000, 0x00000006e8400000| Untracked 
| 416|0x00000006e8800000, 0x00000006e8800000, 0x00000006e8c00000|  0%| F|  |TAMS 0x00000006e8800000, 0x00000006e8800000| Untracked 
| 417|0x00000006e8c00000, 0x00000006e8c00000, 0x00000006e9000000|  0%| F|  |TAMS 0x00000006e8c00000, 0x00000006e8c00000| Untracked 
| 418|0x00000006e9000000, 0x00000006e9000000, 0x00000006e9400000|  0%| F|  |TAMS 0x00000006e9000000, 0x00000006e9000000| Untracked 
| 419|0x00000006e9400000, 0x00000006e9400000, 0x00000006e9800000|  0%| F|  |TAMS 0x00000006e9400000, 0x00000006e9400000| Untracked 
| 420|0x00000006e9800000, 0x00000006e9800000, 0x00000006e9c00000|  0%| F|  |TAMS 0x00000006e9800000, 0x00000006e9800000| Untracked 
| 421|0x00000006e9c00000, 0x00000006e9c00000, 0x00000006ea000000|  0%| F|  |TAMS 0x00000006e9c00000, 0x00000006e9c00000| Untracked 
| 422|0x00000006ea000000, 0x00000006ea000000, 0x00000006ea400000|  0%| F|  |TAMS 0x00000006ea000000, 0x00000006ea000000| Untracked 
| 423|0x00000006ea400000, 0x00000006ea400000, 0x00000006ea800000|  0%| F|  |TAMS 0x00000006ea400000, 0x00000006ea400000| Untracked 
| 424|0x00000006ea800000, 0x00000006ea800000, 0x00000006eac00000|  0%| F|  |TAMS 0x00000006ea800000, 0x00000006ea800000| Untracked 
| 425|0x00000006eac00000, 0x00000006eac00000, 0x00000006eb000000|  0%| F|  |TAMS 0x00000006eac00000, 0x00000006eac00000| Untracked 
| 426|0x00000006eb000000, 0x00000006eb000000, 0x00000006eb400000|  0%| F|  |TAMS 0x00000006eb000000, 0x00000006eb000000| Untracked 
| 427|0x00000006eb400000, 0x00000006eb400000, 0x00000006eb800000|  0%| F|  |TAMS 0x00000006eb400000, 0x00000006eb400000| Untracked 
| 428|0x00000006eb800000, 0x00000006eb800000, 0x00000006ebc00000|  0%| F|  |TAMS 0x00000006eb800000, 0x00000006eb800000| Untracked 
| 429|0x00000006ebc00000, 0x00000006ebc00000, 0x00000006ec000000|  0%| F|  |TAMS 0x00000006ebc00000, 0x00000006ebc00000| Untracked 
| 430|0x00000006ec000000, 0x00000006ec000000, 0x00000006ec400000|  0%| F|  |TAMS 0x00000006ec000000, 0x00000006ec000000| Untracked 
| 431|0x00000006ec400000, 0x00000006ec400000, 0x00000006ec800000|  0%| F|  |TAMS 0x00000006ec400000, 0x00000006ec400000| Untracked 
| 432|0x00000006ec800000, 0x00000006ec800000, 0x00000006ecc00000|  0%| F|  |TAMS 0x00000006ec800000, 0x00000006ec800000| Untracked 
| 433|0x00000006ecc00000, 0x00000006ecc00000, 0x00000006ed000000|  0%| F|  |TAMS 0x00000006ecc00000, 0x00000006ecc00000| Untracked 
| 434|0x00000006ed000000, 0x00000006ed000000, 0x00000006ed400000|  0%| F|  |TAMS 0x00000006ed000000, 0x00000006ed000000| Untracked 
| 435|0x00000006ed400000, 0x00000006ed400000, 0x00000006ed800000|  0%| F|  |TAMS 0x00000006ed400000, 0x00000006ed400000| Untracked 
| 436|0x00000006ed800000, 0x00000006ed800000, 0x00000006edc00000|  0%| F|  |TAMS 0x00000006ed800000, 0x00000006ed800000| Untracked 
| 437|0x00000006edc00000, 0x00000006edc00000, 0x00000006ee000000|  0%| F|  |TAMS 0x00000006edc00000, 0x00000006edc00000| Untracked 
| 438|0x00000006ee000000, 0x00000006ee000000, 0x00000006ee400000|  0%| F|  |TAMS 0x00000006ee000000, 0x00000006ee000000| Untracked 
| 439|0x00000006ee400000, 0x00000006ee400000, 0x00000006ee800000|  0%| F|  |TAMS 0x00000006ee400000, 0x00000006ee400000| Untracked 
| 440|0x00000006ee800000, 0x00000006ee800000, 0x00000006eec00000|  0%| F|  |TAMS 0x00000006ee800000, 0x00000006ee800000| Untracked 
| 441|0x00000006eec00000, 0x00000006eec00000, 0x00000006ef000000|  0%| F|  |TAMS 0x00000006eec00000, 0x00000006eec00000| Untracked 
| 442|0x00000006ef000000, 0x00000006ef000000, 0x00000006ef400000|  0%| F|  |TAMS 0x00000006ef000000, 0x00000006ef000000| Untracked 
| 443|0x00000006ef400000, 0x00000006ef400000, 0x00000006ef800000|  0%| F|  |TAMS 0x00000006ef400000, 0x00000006ef400000| Untracked 
| 444|0x00000006ef800000, 0x00000006ef800000, 0x00000006efc00000|  0%| F|  |TAMS 0x00000006ef800000, 0x00000006ef800000| Untracked 
| 445|0x00000006efc00000, 0x00000006efc00000, 0x00000006f0000000|  0%| F|  |TAMS 0x00000006efc00000, 0x00000006efc00000| Untracked 
| 446|0x00000006f0000000, 0x00000006f0000000, 0x00000006f0400000|  0%| F|  |TAMS 0x00000006f0000000, 0x00000006f0000000| Untracked 
| 447|0x00000006f0400000, 0x00000006f0400000, 0x00000006f0800000|  0%| F|  |TAMS 0x00000006f0400000, 0x00000006f0400000| Untracked 
| 448|0x00000006f0800000, 0x00000006f0800000, 0x00000006f0c00000|  0%| F|  |TAMS 0x00000006f0800000, 0x00000006f0800000| Untracked 
| 449|0x00000006f0c00000, 0x00000006f0c00000, 0x00000006f1000000|  0%| F|  |TAMS 0x00000006f0c00000, 0x00000006f0c00000| Untracked 
| 450|0x00000006f1000000, 0x00000006f1000000, 0x00000006f1400000|  0%| F|  |TAMS 0x00000006f1000000, 0x00000006f1000000| Untracked 
| 451|0x00000006f1400000, 0x00000006f1400000, 0x00000006f1800000|  0%| F|  |TAMS 0x00000006f1400000, 0x00000006f1400000| Untracked 
| 452|0x00000006f1800000, 0x00000006f1800000, 0x00000006f1c00000|  0%| F|  |TAMS 0x00000006f1800000, 0x00000006f1800000| Untracked 
| 453|0x00000006f1c00000, 0x00000006f1c00000, 0x00000006f2000000|  0%| F|  |TAMS 0x00000006f1c00000, 0x00000006f1c00000| Untracked 
| 454|0x00000006f2000000, 0x00000006f2000000, 0x00000006f2400000|  0%| F|  |TAMS 0x00000006f2000000, 0x00000006f2000000| Untracked 
| 455|0x00000006f2400000, 0x00000006f2400000, 0x00000006f2800000|  0%| F|  |TAMS 0x00000006f2400000, 0x00000006f2400000| Untracked 
| 456|0x00000006f2800000, 0x00000006f2800000, 0x00000006f2c00000|  0%| F|  |TAMS 0x00000006f2800000, 0x00000006f2800000| Untracked 
| 457|0x00000006f2c00000, 0x00000006f2c00000, 0x00000006f3000000|  0%| F|  |TAMS 0x00000006f2c00000, 0x00000006f2c00000| Untracked 
| 458|0x00000006f3000000, 0x00000006f3000000, 0x00000006f3400000|  0%| F|  |TAMS 0x00000006f3000000, 0x00000006f3000000| Untracked 
| 459|0x00000006f3400000, 0x00000006f3400000, 0x00000006f3800000|  0%| F|  |TAMS 0x00000006f3400000, 0x00000006f3400000| Untracked 
| 460|0x00000006f3800000, 0x00000006f3800000, 0x00000006f3c00000|  0%| F|  |TAMS 0x00000006f3800000, 0x00000006f3800000| Untracked 
| 461|0x00000006f3c00000, 0x00000006f3c00000, 0x00000006f4000000|  0%| F|  |TAMS 0x00000006f3c00000, 0x00000006f3c00000| Untracked 
| 462|0x00000006f4000000, 0x00000006f4000000, 0x00000006f4400000|  0%| F|  |TAMS 0x00000006f4000000, 0x00000006f4000000| Untracked 
| 463|0x00000006f4400000, 0x00000006f4400000, 0x00000006f4800000|  0%| F|  |TAMS 0x00000006f4400000, 0x00000006f4400000| Untracked 
| 464|0x00000006f4800000, 0x00000006f4800000, 0x00000006f4c00000|  0%| F|  |TAMS 0x00000006f4800000, 0x00000006f4800000| Untracked 
| 465|0x00000006f4c00000, 0x00000006f4c00000, 0x00000006f5000000|  0%| F|  |TAMS 0x00000006f4c00000, 0x00000006f4c00000| Untracked 
| 466|0x00000006f5000000, 0x00000006f5000000, 0x00000006f5400000|  0%| F|  |TAMS 0x00000006f5000000, 0x00000006f5000000| Untracked 
| 467|0x00000006f5400000, 0x00000006f5400000, 0x00000006f5800000|  0%| F|  |TAMS 0x00000006f5400000, 0x00000006f5400000| Untracked 
| 468|0x00000006f5800000, 0x00000006f5800000, 0x00000006f5c00000|  0%| F|  |TAMS 0x00000006f5800000, 0x00000006f5800000| Untracked 
| 469|0x00000006f5c00000, 0x00000006f5c00000, 0x00000006f6000000|  0%| F|  |TAMS 0x00000006f5c00000, 0x00000006f5c00000| Untracked 
| 470|0x00000006f6000000, 0x00000006f6000000, 0x00000006f6400000|  0%| F|  |TAMS 0x00000006f6000000, 0x00000006f6000000| Untracked 
| 471|0x00000006f6400000, 0x00000006f6400000, 0x00000006f6800000|  0%| F|  |TAMS 0x00000006f6400000, 0x00000006f6400000| Untracked 
| 472|0x00000006f6800000, 0x00000006f6800000, 0x00000006f6c00000|  0%| F|  |TAMS 0x00000006f6800000, 0x00000006f6800000| Untracked 
| 473|0x00000006f6c00000, 0x00000006f6c00000, 0x00000006f7000000|  0%| F|  |TAMS 0x00000006f6c00000, 0x00000006f6c00000| Untracked 
| 474|0x00000006f7000000, 0x00000006f7000000, 0x00000006f7400000|  0%| F|  |TAMS 0x00000006f7000000, 0x00000006f7000000| Untracked 
| 475|0x00000006f7400000, 0x00000006f7400000, 0x00000006f7800000|  0%| F|  |TAMS 0x00000006f7400000, 0x00000006f7400000| Untracked 
| 476|0x00000006f7800000, 0x00000006f7800000, 0x00000006f7c00000|  0%| F|  |TAMS 0x00000006f7800000, 0x00000006f7800000| Untracked 
| 477|0x00000006f7c00000, 0x00000006f7c00000, 0x00000006f8000000|  0%| F|  |TAMS 0x00000006f7c00000, 0x00000006f7c00000| Untracked 
| 478|0x00000006f8000000, 0x00000006f8000000, 0x00000006f8400000|  0%| F|  |TAMS 0x00000006f8000000, 0x00000006f8000000| Untracked 
| 479|0x00000006f8400000, 0x00000006f8400000, 0x00000006f8800000|  0%| F|  |TAMS 0x00000006f8400000, 0x00000006f8400000| Untracked 
| 480|0x00000006f8800000, 0x00000006f8800000, 0x00000006f8c00000|  0%| F|  |TAMS 0x00000006f8800000, 0x00000006f8800000| Untracked 
| 481|0x00000006f8c00000, 0x00000006f8c00000, 0x00000006f9000000|  0%| F|  |TAMS 0x00000006f8c00000, 0x00000006f8c00000| Untracked 
| 482|0x00000006f9000000, 0x00000006f9000000, 0x00000006f9400000|  0%| F|  |TAMS 0x00000006f9000000, 0x00000006f9000000| Untracked 
| 483|0x00000006f9400000, 0x00000006f9400000, 0x00000006f9800000|  0%| F|  |TAMS 0x00000006f9400000, 0x00000006f9400000| Untracked 
| 484|0x00000006f9800000, 0x00000006f9800000, 0x00000006f9c00000|  0%| F|  |TAMS 0x00000006f9800000, 0x00000006f9800000| Untracked 
| 485|0x00000006f9c00000, 0x00000006f9c00000, 0x00000006fa000000|  0%| F|  |TAMS 0x00000006f9c00000, 0x00000006f9c00000| Untracked 
| 486|0x00000006fa000000, 0x00000006fa000000, 0x00000006fa400000|  0%| F|  |TAMS 0x00000006fa000000, 0x00000006fa000000| Untracked 
| 487|0x00000006fa400000, 0x00000006fa400000, 0x00000006fa800000|  0%| F|  |TAMS 0x00000006fa400000, 0x00000006fa400000| Untracked 
| 488|0x00000006fa800000, 0x00000006fa800000, 0x00000006fac00000|  0%| F|  |TAMS 0x00000006fa800000, 0x00000006fa800000| Untracked 
| 489|0x00000006fac00000, 0x00000006fac00000, 0x00000006fb000000|  0%| F|  |TAMS 0x00000006fac00000, 0x00000006fac00000| Untracked 
| 490|0x00000006fb000000, 0x00000006fb000000, 0x00000006fb400000|  0%| F|  |TAMS 0x00000006fb000000, 0x00000006fb000000| Untracked 
| 491|0x00000006fb400000, 0x00000006fb400000, 0x00000006fb800000|  0%| F|  |TAMS 0x00000006fb400000, 0x00000006fb400000| Untracked 
| 492|0x00000006fb800000, 0x00000006fb800000, 0x00000006fbc00000|  0%| F|  |TAMS 0x00000006fb800000, 0x00000006fb800000| Untracked 
| 493|0x00000006fbc00000, 0x00000006fbc00000, 0x00000006fc000000|  0%| F|  |TAMS 0x00000006fbc00000, 0x00000006fbc00000| Untracked 
| 494|0x00000006fc000000, 0x00000006fc000000, 0x00000006fc400000|  0%| F|  |TAMS 0x00000006fc000000, 0x00000006fc000000| Untracked 
| 495|0x00000006fc400000, 0x00000006fc400000, 0x00000006fc800000|  0%| F|  |TAMS 0x00000006fc400000, 0x00000006fc400000| Untracked 
| 496|0x00000006fc800000, 0x00000006fc800000, 0x00000006fcc00000|  0%| F|  |TAMS 0x00000006fc800000, 0x00000006fc800000| Untracked 
| 497|0x00000006fcc00000, 0x00000006fcc00000, 0x00000006fd000000|  0%| F|  |TAMS 0x00000006fcc00000, 0x00000006fcc00000| Untracked 
| 498|0x00000006fd000000, 0x00000006fd000000, 0x00000006fd400000|  0%| F|  |TAMS 0x00000006fd000000, 0x00000006fd000000| Untracked 
| 499|0x00000006fd400000, 0x00000006fd400000, 0x00000006fd800000|  0%| F|  |TAMS 0x00000006fd400000, 0x00000006fd400000| Untracked 
| 500|0x00000006fd800000, 0x00000006fd800000, 0x00000006fdc00000|  0%| F|  |TAMS 0x00000006fd800000, 0x00000006fd800000| Untracked 
| 501|0x00000006fdc00000, 0x00000006fdc00000, 0x00000006fe000000|  0%| F|  |TAMS 0x00000006fdc00000, 0x00000006fdc00000| Untracked 
| 502|0x00000006fe000000, 0x00000006fe000000, 0x00000006fe400000|  0%| F|  |TAMS 0x00000006fe000000, 0x00000006fe000000| Untracked 
| 503|0x00000006fe400000, 0x00000006fe400000, 0x00000006fe800000|  0%| F|  |TAMS 0x00000006fe400000, 0x00000006fe400000| Untracked 
| 504|0x00000006fe800000, 0x00000006fe800000, 0x00000006fec00000|  0%| F|  |TAMS 0x00000006fe800000, 0x00000006fe800000| Untracked 
| 505|0x00000006fec00000, 0x00000006fec00000, 0x00000006ff000000|  0%| F|  |TAMS 0x00000006fec00000, 0x00000006fec00000| Untracked 
| 506|0x00000006ff000000, 0x00000006ff000000, 0x00000006ff400000|  0%| F|  |TAMS 0x00000006ff000000, 0x00000006ff000000| Untracked 
| 507|0x00000006ff400000, 0x00000006ff400000, 0x00000006ff800000|  0%| F|  |TAMS 0x00000006ff400000, 0x00000006ff400000| Untracked 
| 508|0x00000006ff800000, 0x00000006ff800000, 0x00000006ffc00000|  0%| F|  |TAMS 0x00000006ff800000, 0x00000006ff800000| Untracked 
| 509|0x00000006ffc00000, 0x00000006ffc00000, 0x0000000700000000|  0%| F|  |TAMS 0x00000006ffc00000, 0x00000006ffc00000| Untracked 
| 510|0x0000000700000000, 0x0000000700000000, 0x0000000700400000|  0%| F|  |TAMS 0x0000000700000000, 0x0000000700000000| Untracked 
| 511|0x0000000700400000, 0x0000000700400000, 0x0000000700800000|  0%| F|  |TAMS 0x0000000700400000, 0x0000000700400000| Untracked 
| 512|0x0000000700800000, 0x0000000700800000, 0x0000000700c00000|  0%| F|  |TAMS 0x0000000700800000, 0x0000000700800000| Untracked 
| 513|0x0000000700c00000, 0x0000000700c00000, 0x0000000701000000|  0%| F|  |TAMS 0x0000000700c00000, 0x0000000700c00000| Untracked 
| 514|0x0000000701000000, 0x0000000701000000, 0x0000000701400000|  0%| F|  |TAMS 0x0000000701000000, 0x0000000701000000| Untracked 
| 515|0x0000000701400000, 0x0000000701400000, 0x0000000701800000|  0%| F|  |TAMS 0x0000000701400000, 0x0000000701400000| Untracked 
| 516|0x0000000701800000, 0x0000000701800000, 0x0000000701c00000|  0%| F|  |TAMS 0x0000000701800000, 0x0000000701800000| Untracked 
| 517|0x0000000701c00000, 0x0000000701c00000, 0x0000000702000000|  0%| F|  |TAMS 0x0000000701c00000, 0x0000000701c00000| Untracked 
| 518|0x0000000702000000, 0x0000000702000000, 0x0000000702400000|  0%| F|  |TAMS 0x0000000702000000, 0x0000000702000000| Untracked 
| 519|0x0000000702400000, 0x0000000702400000, 0x0000000702800000|  0%| F|  |TAMS 0x0000000702400000, 0x0000000702400000| Untracked 
| 520|0x0000000702800000, 0x0000000702800000, 0x0000000702c00000|  0%| F|  |TAMS 0x0000000702800000, 0x0000000702800000| Untracked 
| 521|0x0000000702c00000, 0x0000000702c00000, 0x0000000703000000|  0%| F|  |TAMS 0x0000000702c00000, 0x0000000702c00000| Untracked 
| 522|0x0000000703000000, 0x0000000703000000, 0x0000000703400000|  0%| F|  |TAMS 0x0000000703000000, 0x0000000703000000| Untracked 
| 523|0x0000000703400000, 0x0000000703400000, 0x0000000703800000|  0%| F|  |TAMS 0x0000000703400000, 0x0000000703400000| Untracked 
| 524|0x0000000703800000, 0x0000000703800000, 0x0000000703c00000|  0%| F|  |TAMS 0x0000000703800000, 0x0000000703800000| Untracked 
| 525|0x0000000703c00000, 0x0000000703c00000, 0x0000000704000000|  0%| F|  |TAMS 0x0000000703c00000, 0x0000000703c00000| Untracked 
| 526|0x0000000704000000, 0x0000000704000000, 0x0000000704400000|  0%| F|  |TAMS 0x0000000704000000, 0x0000000704000000| Untracked 
| 527|0x0000000704400000, 0x0000000704400000, 0x0000000704800000|  0%| F|  |TAMS 0x0000000704400000, 0x0000000704400000| Untracked 
| 528|0x0000000704800000, 0x0000000704800000, 0x0000000704c00000|  0%| F|  |TAMS 0x0000000704800000, 0x0000000704800000| Untracked 
| 529|0x0000000704c00000, 0x0000000704c00000, 0x0000000705000000|  0%| F|  |TAMS 0x0000000704c00000, 0x0000000704c00000| Untracked 
| 530|0x0000000705000000, 0x0000000705000000, 0x0000000705400000|  0%| F|  |TAMS 0x0000000705000000, 0x0000000705000000| Untracked 
| 531|0x0000000705400000, 0x0000000705400000, 0x0000000705800000|  0%| F|  |TAMS 0x0000000705400000, 0x0000000705400000| Untracked 
| 532|0x0000000705800000, 0x0000000705800000, 0x0000000705c00000|  0%| F|  |TAMS 0x0000000705800000, 0x0000000705800000| Untracked 
| 533|0x0000000705c00000, 0x0000000705c00000, 0x0000000706000000|  0%| F|  |TAMS 0x0000000705c00000, 0x0000000705c00000| Untracked 
| 534|0x0000000706000000, 0x0000000706000000, 0x0000000706400000|  0%| F|  |TAMS 0x0000000706000000, 0x0000000706000000| Untracked 
| 535|0x0000000706400000, 0x0000000706400000, 0x0000000706800000|  0%| F|  |TAMS 0x0000000706400000, 0x0000000706400000| Untracked 
| 536|0x0000000706800000, 0x0000000706800000, 0x0000000706c00000|  0%| F|  |TAMS 0x0000000706800000, 0x0000000706800000| Untracked 
| 537|0x0000000706c00000, 0x0000000706c00000, 0x0000000707000000|  0%| F|  |TAMS 0x0000000706c00000, 0x0000000706c00000| Untracked 
| 538|0x0000000707000000, 0x0000000707000000, 0x0000000707400000|  0%| F|  |TAMS 0x0000000707000000, 0x0000000707000000| Untracked 
| 539|0x0000000707400000, 0x0000000707400000, 0x0000000707800000|  0%| F|  |TAMS 0x0000000707400000, 0x0000000707400000| Untracked 
| 540|0x0000000707800000, 0x0000000707800000, 0x0000000707c00000|  0%| F|  |TAMS 0x0000000707800000, 0x0000000707800000| Untracked 
| 541|0x0000000707c00000, 0x0000000707c00000, 0x0000000708000000|  0%| F|  |TAMS 0x0000000707c00000, 0x0000000707c00000| Untracked 
| 542|0x0000000708000000, 0x0000000708000000, 0x0000000708400000|  0%| F|  |TAMS 0x0000000708000000, 0x0000000708000000| Untracked 
| 543|0x0000000708400000, 0x0000000708400000, 0x0000000708800000|  0%| F|  |TAMS 0x0000000708400000, 0x0000000708400000| Untracked 
| 544|0x0000000708800000, 0x0000000708800000, 0x0000000708c00000|  0%| F|  |TAMS 0x0000000708800000, 0x0000000708800000| Untracked 
| 545|0x0000000708c00000, 0x0000000708c00000, 0x0000000709000000|  0%| F|  |TAMS 0x0000000708c00000, 0x0000000708c00000| Untracked 
| 546|0x0000000709000000, 0x0000000709000000, 0x0000000709400000|  0%| F|  |TAMS 0x0000000709000000, 0x0000000709000000| Untracked 
| 547|0x0000000709400000, 0x0000000709400000, 0x0000000709800000|  0%| F|  |TAMS 0x0000000709400000, 0x0000000709400000| Untracked 
| 548|0x0000000709800000, 0x0000000709800000, 0x0000000709c00000|  0%| F|  |TAMS 0x0000000709800000, 0x0000000709800000| Untracked 
| 549|0x0000000709c00000, 0x0000000709c00000, 0x000000070a000000|  0%| F|  |TAMS 0x0000000709c00000, 0x0000000709c00000| Untracked 
| 550|0x000000070a000000, 0x000000070a000000, 0x000000070a400000|  0%| F|  |TAMS 0x000000070a000000, 0x000000070a000000| Untracked 
| 551|0x000000070a400000, 0x000000070a400000, 0x000000070a800000|  0%| F|  |TAMS 0x000000070a400000, 0x000000070a400000| Untracked 
| 552|0x000000070a800000, 0x000000070a800000, 0x000000070ac00000|  0%| F|  |TAMS 0x000000070a800000, 0x000000070a800000| Untracked 
| 553|0x000000070ac00000, 0x000000070ac00000, 0x000000070b000000|  0%| F|  |TAMS 0x000000070ac00000, 0x000000070ac00000| Untracked 
| 554|0x000000070b000000, 0x000000070b000000, 0x000000070b400000|  0%| F|  |TAMS 0x000000070b000000, 0x000000070b000000| Untracked 
| 555|0x000000070b400000, 0x000000070b400000, 0x000000070b800000|  0%| F|  |TAMS 0x000000070b400000, 0x000000070b400000| Untracked 
| 556|0x000000070b800000, 0x000000070b800000, 0x000000070bc00000|  0%| F|  |TAMS 0x000000070b800000, 0x000000070b800000| Untracked 
| 557|0x000000070bc00000, 0x000000070bc00000, 0x000000070c000000|  0%| F|  |TAMS 0x000000070bc00000, 0x000000070bc00000| Untracked 
| 558|0x000000070c000000, 0x000000070c000000, 0x000000070c400000|  0%| F|  |TAMS 0x000000070c000000, 0x000000070c000000| Untracked 
| 559|0x000000070c400000, 0x000000070c400000, 0x000000070c800000|  0%| F|  |TAMS 0x000000070c400000, 0x000000070c400000| Untracked 
| 560|0x000000070c800000, 0x000000070c800000, 0x000000070cc00000|  0%| F|  |TAMS 0x000000070c800000, 0x000000070c800000| Untracked 
| 561|0x000000070cc00000, 0x000000070cc00000, 0x000000070d000000|  0%| F|  |TAMS 0x000000070cc00000, 0x000000070cc00000| Untracked 
| 562|0x000000070d000000, 0x000000070d000000, 0x000000070d400000|  0%| F|  |TAMS 0x000000070d000000, 0x000000070d000000| Untracked 
| 563|0x000000070d400000, 0x000000070d400000, 0x000000070d800000|  0%| F|  |TAMS 0x000000070d400000, 0x000000070d400000| Untracked 
| 564|0x000000070d800000, 0x000000070d800000, 0x000000070dc00000|  0%| F|  |TAMS 0x000000070d800000, 0x000000070d800000| Untracked 
| 565|0x000000070dc00000, 0x000000070dc00000, 0x000000070e000000|  0%| F|  |TAMS 0x000000070dc00000, 0x000000070dc00000| Untracked 
| 566|0x000000070e000000, 0x000000070e000000, 0x000000070e400000|  0%| F|  |TAMS 0x000000070e000000, 0x000000070e000000| Untracked 
| 567|0x000000070e400000, 0x000000070e400000, 0x000000070e800000|  0%| F|  |TAMS 0x000000070e400000, 0x000000070e400000| Untracked 
| 568|0x000000070e800000, 0x000000070e800000, 0x000000070ec00000|  0%| F|  |TAMS 0x000000070e800000, 0x000000070e800000| Untracked 
| 569|0x000000070ec00000, 0x000000070ec00000, 0x000000070f000000|  0%| F|  |TAMS 0x000000070ec00000, 0x000000070ec00000| Untracked 
| 570|0x000000070f000000, 0x000000070f000000, 0x000000070f400000|  0%| F|  |TAMS 0x000000070f000000, 0x000000070f000000| Untracked 
| 571|0x000000070f400000, 0x000000070f400000, 0x000000070f800000|  0%| F|  |TAMS 0x000000070f400000, 0x000000070f400000| Untracked 
| 572|0x000000070f800000, 0x000000070f800000, 0x000000070fc00000|  0%| F|  |TAMS 0x000000070f800000, 0x000000070f800000| Untracked 
| 573|0x000000070fc00000, 0x000000070fc00000, 0x0000000710000000|  0%| F|  |TAMS 0x000000070fc00000, 0x000000070fc00000| Untracked 
| 574|0x0000000710000000, 0x0000000710000000, 0x0000000710400000|  0%| F|  |TAMS 0x0000000710000000, 0x0000000710000000| Untracked 
| 575|0x0000000710400000, 0x0000000710400000, 0x0000000710800000|  0%| F|  |TAMS 0x0000000710400000, 0x0000000710400000| Untracked 
| 576|0x0000000710800000, 0x0000000710800000, 0x0000000710c00000|  0%| F|  |TAMS 0x0000000710800000, 0x0000000710800000| Untracked 
| 577|0x0000000710c00000, 0x0000000710c00000, 0x0000000711000000|  0%| F|  |TAMS 0x0000000710c00000, 0x0000000710c00000| Untracked 
| 578|0x0000000711000000, 0x0000000711000000, 0x0000000711400000|  0%| F|  |TAMS 0x0000000711000000, 0x0000000711000000| Untracked 
| 579|0x0000000711400000, 0x0000000711400000, 0x0000000711800000|  0%| F|  |TAMS 0x0000000711400000, 0x0000000711400000| Untracked 
| 580|0x0000000711800000, 0x0000000711800000, 0x0000000711c00000|  0%| F|  |TAMS 0x0000000711800000, 0x0000000711800000| Untracked 
| 581|0x0000000711c00000, 0x0000000711c00000, 0x0000000712000000|  0%| F|  |TAMS 0x0000000711c00000, 0x0000000711c00000| Untracked 
| 582|0x0000000712000000, 0x0000000712000000, 0x0000000712400000|  0%| F|  |TAMS 0x0000000712000000, 0x0000000712000000| Untracked 
| 583|0x0000000712400000, 0x0000000712400000, 0x0000000712800000|  0%| F|  |TAMS 0x0000000712400000, 0x0000000712400000| Untracked 
| 584|0x0000000712800000, 0x0000000712800000, 0x0000000712c00000|  0%| F|  |TAMS 0x0000000712800000, 0x0000000712800000| Untracked 
| 585|0x0000000712c00000, 0x0000000712c00000, 0x0000000713000000|  0%| F|  |TAMS 0x0000000712c00000, 0x0000000712c00000| Untracked 
| 586|0x0000000713000000, 0x0000000713000000, 0x0000000713400000|  0%| F|  |TAMS 0x0000000713000000, 0x0000000713000000| Untracked 
| 587|0x0000000713400000, 0x0000000713400000, 0x0000000713800000|  0%| F|  |TAMS 0x0000000713400000, 0x0000000713400000| Untracked 
| 588|0x0000000713800000, 0x0000000713800000, 0x0000000713c00000|  0%| F|  |TAMS 0x0000000713800000, 0x0000000713800000| Untracked 
| 589|0x0000000713c00000, 0x0000000713c00000, 0x0000000714000000|  0%| F|  |TAMS 0x0000000713c00000, 0x0000000713c00000| Untracked 
| 590|0x0000000714000000, 0x0000000714000000, 0x0000000714400000|  0%| F|  |TAMS 0x0000000714000000, 0x0000000714000000| Untracked 
| 591|0x0000000714400000, 0x0000000714400000, 0x0000000714800000|  0%| F|  |TAMS 0x0000000714400000, 0x0000000714400000| Untracked 
| 592|0x0000000714800000, 0x0000000714800000, 0x0000000714c00000|  0%| F|  |TAMS 0x0000000714800000, 0x0000000714800000| Untracked 
| 593|0x0000000714c00000, 0x0000000714c00000, 0x0000000715000000|  0%| F|  |TAMS 0x0000000714c00000, 0x0000000714c00000| Untracked 
| 594|0x0000000715000000, 0x0000000715000000, 0x0000000715400000|  0%| F|  |TAMS 0x0000000715000000, 0x0000000715000000| Untracked 
| 595|0x0000000715400000, 0x0000000715400000, 0x0000000715800000|  0%| F|  |TAMS 0x0000000715400000, 0x0000000715400000| Untracked 
| 596|0x0000000715800000, 0x0000000715800000, 0x0000000715c00000|  0%| F|  |TAMS 0x0000000715800000, 0x0000000715800000| Untracked 
| 597|0x0000000715c00000, 0x0000000715c00000, 0x0000000716000000|  0%| F|  |TAMS 0x0000000715c00000, 0x0000000715c00000| Untracked 
| 598|0x0000000716000000, 0x0000000716000000, 0x0000000716400000|  0%| F|  |TAMS 0x0000000716000000, 0x0000000716000000| Untracked 
| 599|0x0000000716400000, 0x0000000716400000, 0x0000000716800000|  0%| F|  |TAMS 0x0000000716400000, 0x0000000716400000| Untracked 
| 600|0x0000000716800000, 0x0000000716800000, 0x0000000716c00000|  0%| F|  |TAMS 0x0000000716800000, 0x0000000716800000| Untracked 
| 601|0x0000000716c00000, 0x0000000716c00000, 0x0000000717000000|  0%| F|  |TAMS 0x0000000716c00000, 0x0000000716c00000| Untracked 
| 602|0x0000000717000000, 0x0000000717000000, 0x0000000717400000|  0%| F|  |TAMS 0x0000000717000000, 0x0000000717000000| Untracked 
| 603|0x0000000717400000, 0x0000000717400000, 0x0000000717800000|  0%| F|  |TAMS 0x0000000717400000, 0x0000000717400000| Untracked 
| 604|0x0000000717800000, 0x0000000717800000, 0x0000000717c00000|  0%| F|  |TAMS 0x0000000717800000, 0x0000000717800000| Untracked 
| 605|0x0000000717c00000, 0x0000000717c00000, 0x0000000718000000|  0%| F|  |TAMS 0x0000000717c00000, 0x0000000717c00000| Untracked 
| 606|0x0000000718000000, 0x0000000718000000, 0x0000000718400000|  0%| F|  |TAMS 0x0000000718000000, 0x0000000718000000| Untracked 
| 607|0x0000000718400000, 0x0000000718400000, 0x0000000718800000|  0%| F|  |TAMS 0x0000000718400000, 0x0000000718400000| Untracked 
| 608|0x0000000718800000, 0x0000000718800000, 0x0000000718c00000|  0%| F|  |TAMS 0x0000000718800000, 0x0000000718800000| Untracked 
| 609|0x0000000718c00000, 0x0000000718c00000, 0x0000000719000000|  0%| F|  |TAMS 0x0000000718c00000, 0x0000000718c00000| Untracked 
| 610|0x0000000719000000, 0x0000000719000000, 0x0000000719400000|  0%| F|  |TAMS 0x0000000719000000, 0x0000000719000000| Untracked 
| 611|0x0000000719400000, 0x0000000719400000, 0x0000000719800000|  0%| F|  |TAMS 0x0000000719400000, 0x0000000719400000| Untracked 
| 612|0x0000000719800000, 0x0000000719800000, 0x0000000719c00000|  0%| F|  |TAMS 0x0000000719800000, 0x0000000719800000| Untracked 
| 613|0x0000000719c00000, 0x0000000719c00000, 0x000000071a000000|  0%| F|  |TAMS 0x0000000719c00000, 0x0000000719c00000| Untracked 
| 614|0x000000071a000000, 0x000000071a000000, 0x000000071a400000|  0%| F|  |TAMS 0x000000071a000000, 0x000000071a000000| Untracked 
| 615|0x000000071a400000, 0x000000071a400000, 0x000000071a800000|  0%| F|  |TAMS 0x000000071a400000, 0x000000071a400000| Untracked 
| 616|0x000000071a800000, 0x000000071a800000, 0x000000071ac00000|  0%| F|  |TAMS 0x000000071a800000, 0x000000071a800000| Untracked 
| 617|0x000000071ac00000, 0x000000071ac00000, 0x000000071b000000|  0%| F|  |TAMS 0x000000071ac00000, 0x000000071ac00000| Untracked 
| 618|0x000000071b000000, 0x000000071b000000, 0x000000071b400000|  0%| F|  |TAMS 0x000000071b000000, 0x000000071b000000| Untracked 
| 619|0x000000071b400000, 0x000000071b400000, 0x000000071b800000|  0%| F|  |TAMS 0x000000071b400000, 0x000000071b400000| Untracked 
| 620|0x000000071b800000, 0x000000071b800000, 0x000000071bc00000|  0%| F|  |TAMS 0x000000071b800000, 0x000000071b800000| Untracked 
| 621|0x000000071bc00000, 0x000000071bc00000, 0x000000071c000000|  0%| F|  |TAMS 0x000000071bc00000, 0x000000071bc00000| Untracked 
| 622|0x000000071c000000, 0x000000071c000000, 0x000000071c400000|  0%| F|  |TAMS 0x000000071c000000, 0x000000071c000000| Untracked 
| 623|0x000000071c400000, 0x000000071c400000, 0x000000071c800000|  0%| F|  |TAMS 0x000000071c400000, 0x000000071c400000| Untracked 
| 624|0x000000071c800000, 0x000000071c800000, 0x000000071cc00000|  0%| F|  |TAMS 0x000000071c800000, 0x000000071c800000| Untracked 
| 625|0x000000071cc00000, 0x000000071cc00000, 0x000000071d000000|  0%| F|  |TAMS 0x000000071cc00000, 0x000000071cc00000| Untracked 
| 626|0x000000071d000000, 0x000000071d000000, 0x000000071d400000|  0%| F|  |TAMS 0x000000071d000000, 0x000000071d000000| Untracked 
| 627|0x000000071d400000, 0x000000071d400000, 0x000000071d800000|  0%| F|  |TAMS 0x000000071d400000, 0x000000071d400000| Untracked 
| 628|0x000000071d800000, 0x000000071d800000, 0x000000071dc00000|  0%| F|  |TAMS 0x000000071d800000, 0x000000071d800000| Untracked 
| 629|0x000000071dc00000, 0x000000071dc00000, 0x000000071e000000|  0%| F|  |TAMS 0x000000071dc00000, 0x000000071dc00000| Untracked 
| 630|0x000000071e000000, 0x000000071e000000, 0x000000071e400000|  0%| F|  |TAMS 0x000000071e000000, 0x000000071e000000| Untracked 
| 631|0x000000071e400000, 0x000000071e400000, 0x000000071e800000|  0%| F|  |TAMS 0x000000071e400000, 0x000000071e400000| Untracked 
| 632|0x000000071e800000, 0x000000071e800000, 0x000000071ec00000|  0%| F|  |TAMS 0x000000071e800000, 0x000000071e800000| Untracked 
| 633|0x000000071ec00000, 0x000000071ec00000, 0x000000071f000000|  0%| F|  |TAMS 0x000000071ec00000, 0x000000071ec00000| Untracked 
| 634|0x000000071f000000, 0x000000071f000000, 0x000000071f400000|  0%| F|  |TAMS 0x000000071f000000, 0x000000071f000000| Untracked 
| 635|0x000000071f400000, 0x000000071f400000, 0x000000071f800000|  0%| F|  |TAMS 0x000000071f400000, 0x000000071f400000| Untracked 
| 636|0x000000071f800000, 0x000000071f800000, 0x000000071fc00000|  0%| F|  |TAMS 0x000000071f800000, 0x000000071f800000| Untracked 
| 637|0x000000071fc00000, 0x000000071fc00000, 0x0000000720000000|  0%| F|  |TAMS 0x000000071fc00000, 0x000000071fc00000| Untracked 
| 638|0x0000000720000000, 0x0000000720000000, 0x0000000720400000|  0%| F|  |TAMS 0x0000000720000000, 0x0000000720000000| Untracked 
| 639|0x0000000720400000, 0x0000000720400000, 0x0000000720800000|  0%| F|  |TAMS 0x0000000720400000, 0x0000000720400000| Untracked 
| 640|0x0000000720800000, 0x0000000720800000, 0x0000000720c00000|  0%| F|  |TAMS 0x0000000720800000, 0x0000000720800000| Untracked 
| 641|0x0000000720c00000, 0x0000000720c00000, 0x0000000721000000|  0%| F|  |TAMS 0x0000000720c00000, 0x0000000720c00000| Untracked 
| 642|0x0000000721000000, 0x0000000721000000, 0x0000000721400000|  0%| F|  |TAMS 0x0000000721000000, 0x0000000721000000| Untracked 
| 643|0x0000000721400000, 0x0000000721400000, 0x0000000721800000|  0%| F|  |TAMS 0x0000000721400000, 0x0000000721400000| Untracked 
| 644|0x0000000721800000, 0x0000000721800000, 0x0000000721c00000|  0%| F|  |TAMS 0x0000000721800000, 0x0000000721800000| Untracked 
| 645|0x0000000721c00000, 0x0000000721c00000, 0x0000000722000000|  0%| F|  |TAMS 0x0000000721c00000, 0x0000000721c00000| Untracked 
| 646|0x0000000722000000, 0x0000000722000000, 0x0000000722400000|  0%| F|  |TAMS 0x0000000722000000, 0x0000000722000000| Untracked 
| 647|0x0000000722400000, 0x0000000722400000, 0x0000000722800000|  0%| F|  |TAMS 0x0000000722400000, 0x0000000722400000| Untracked 
| 648|0x0000000722800000, 0x0000000722800000, 0x0000000722c00000|  0%| F|  |TAMS 0x0000000722800000, 0x0000000722800000| Untracked 
| 649|0x0000000722c00000, 0x0000000722c00000, 0x0000000723000000|  0%| F|  |TAMS 0x0000000722c00000, 0x0000000722c00000| Untracked 
| 650|0x0000000723000000, 0x0000000723000000, 0x0000000723400000|  0%| F|  |TAMS 0x0000000723000000, 0x0000000723000000| Untracked 
| 651|0x0000000723400000, 0x0000000723400000, 0x0000000723800000|  0%| F|  |TAMS 0x0000000723400000, 0x0000000723400000| Untracked 
| 652|0x0000000723800000, 0x0000000723800000, 0x0000000723c00000|  0%| F|  |TAMS 0x0000000723800000, 0x0000000723800000| Untracked 
| 653|0x0000000723c00000, 0x0000000723c00000, 0x0000000724000000|  0%| F|  |TAMS 0x0000000723c00000, 0x0000000723c00000| Untracked 
| 654|0x0000000724000000, 0x0000000724000000, 0x0000000724400000|  0%| F|  |TAMS 0x0000000724000000, 0x0000000724000000| Untracked 
| 655|0x0000000724400000, 0x0000000724400000, 0x0000000724800000|  0%| F|  |TAMS 0x0000000724400000, 0x0000000724400000| Untracked 
| 656|0x0000000724800000, 0x0000000724800000, 0x0000000724c00000|  0%| F|  |TAMS 0x0000000724800000, 0x0000000724800000| Untracked 
| 657|0x0000000724c00000, 0x0000000724c00000, 0x0000000725000000|  0%| F|  |TAMS 0x0000000724c00000, 0x0000000724c00000| Untracked 
| 658|0x0000000725000000, 0x0000000725000000, 0x0000000725400000|  0%| F|  |TAMS 0x0000000725000000, 0x0000000725000000| Untracked 
| 659|0x0000000725400000, 0x0000000725400000, 0x0000000725800000|  0%| F|  |TAMS 0x0000000725400000, 0x0000000725400000| Untracked 
| 660|0x0000000725800000, 0x0000000725800000, 0x0000000725c00000|  0%| F|  |TAMS 0x0000000725800000, 0x0000000725800000| Untracked 
| 661|0x0000000725c00000, 0x0000000725c00000, 0x0000000726000000|  0%| F|  |TAMS 0x0000000725c00000, 0x0000000725c00000| Untracked 
| 662|0x0000000726000000, 0x0000000726000000, 0x0000000726400000|  0%| F|  |TAMS 0x0000000726000000, 0x0000000726000000| Untracked 
| 663|0x0000000726400000, 0x0000000726400000, 0x0000000726800000|  0%| F|  |TAMS 0x0000000726400000, 0x0000000726400000| Untracked 
| 664|0x0000000726800000, 0x0000000726800000, 0x0000000726c00000|  0%| F|  |TAMS 0x0000000726800000, 0x0000000726800000| Untracked 
| 665|0x0000000726c00000, 0x0000000726c00000, 0x0000000727000000|  0%| F|  |TAMS 0x0000000726c00000, 0x0000000726c00000| Untracked 
| 666|0x0000000727000000, 0x0000000727000000, 0x0000000727400000|  0%| F|  |TAMS 0x0000000727000000, 0x0000000727000000| Untracked 
| 667|0x0000000727400000, 0x0000000727400000, 0x0000000727800000|  0%| F|  |TAMS 0x0000000727400000, 0x0000000727400000| Untracked 
| 668|0x0000000727800000, 0x0000000727800000, 0x0000000727c00000|  0%| F|  |TAMS 0x0000000727800000, 0x0000000727800000| Untracked 
| 669|0x0000000727c00000, 0x0000000727c00000, 0x0000000728000000|  0%| F|  |TAMS 0x0000000727c00000, 0x0000000727c00000| Untracked 
| 670|0x0000000728000000, 0x0000000728000000, 0x0000000728400000|  0%| F|  |TAMS 0x0000000728000000, 0x0000000728000000| Untracked 
| 671|0x0000000728400000, 0x0000000728400000, 0x0000000728800000|  0%| F|  |TAMS 0x0000000728400000, 0x0000000728400000| Untracked 
| 672|0x0000000728800000, 0x0000000728800000, 0x0000000728c00000|  0%| F|  |TAMS 0x0000000728800000, 0x0000000728800000| Untracked 
| 673|0x0000000728c00000, 0x0000000728c00000, 0x0000000729000000|  0%| F|  |TAMS 0x0000000728c00000, 0x0000000728c00000| Untracked 
| 674|0x0000000729000000, 0x0000000729000000, 0x0000000729400000|  0%| F|  |TAMS 0x0000000729000000, 0x0000000729000000| Untracked 
| 675|0x0000000729400000, 0x0000000729400000, 0x0000000729800000|  0%| F|  |TAMS 0x0000000729400000, 0x0000000729400000| Untracked 
| 676|0x0000000729800000, 0x0000000729800000, 0x0000000729c00000|  0%| F|  |TAMS 0x0000000729800000, 0x0000000729800000| Untracked 
| 677|0x0000000729c00000, 0x0000000729c00000, 0x000000072a000000|  0%| F|  |TAMS 0x0000000729c00000, 0x0000000729c00000| Untracked 
| 678|0x000000072a000000, 0x000000072a000000, 0x000000072a400000|  0%| F|  |TAMS 0x000000072a000000, 0x000000072a000000| Untracked 
| 679|0x000000072a400000, 0x000000072a400000, 0x000000072a800000|  0%| F|  |TAMS 0x000000072a400000, 0x000000072a400000| Untracked 
| 680|0x000000072a800000, 0x000000072a800000, 0x000000072ac00000|  0%| F|  |TAMS 0x000000072a800000, 0x000000072a800000| Untracked 
| 681|0x000000072ac00000, 0x000000072ac00000, 0x000000072b000000|  0%| F|  |TAMS 0x000000072ac00000, 0x000000072ac00000| Untracked 
| 682|0x000000072b000000, 0x000000072b000000, 0x000000072b400000|  0%| F|  |TAMS 0x000000072b000000, 0x000000072b000000| Untracked 
| 683|0x000000072b400000, 0x000000072b400000, 0x000000072b800000|  0%| F|  |TAMS 0x000000072b400000, 0x000000072b400000| Untracked 
| 684|0x000000072b800000, 0x000000072b800000, 0x000000072bc00000|  0%| F|  |TAMS 0x000000072b800000, 0x000000072b800000| Untracked 
| 685|0x000000072bc00000, 0x000000072bc00000, 0x000000072c000000|  0%| F|  |TAMS 0x000000072bc00000, 0x000000072bc00000| Untracked 
| 686|0x000000072c000000, 0x000000072c000000, 0x000000072c400000|  0%| F|  |TAMS 0x000000072c000000, 0x000000072c000000| Untracked 
| 687|0x000000072c400000, 0x000000072c400000, 0x000000072c800000|  0%| F|  |TAMS 0x000000072c400000, 0x000000072c400000| Untracked 
| 688|0x000000072c800000, 0x000000072c800000, 0x000000072cc00000|  0%| F|  |TAMS 0x000000072c800000, 0x000000072c800000| Untracked 
| 689|0x000000072cc00000, 0x000000072cc00000, 0x000000072d000000|  0%| F|  |TAMS 0x000000072cc00000, 0x000000072cc00000| Untracked 
| 690|0x000000072d000000, 0x000000072d000000, 0x000000072d400000|  0%| F|  |TAMS 0x000000072d000000, 0x000000072d000000| Untracked 
| 691|0x000000072d400000, 0x000000072d400000, 0x000000072d800000|  0%| F|  |TAMS 0x000000072d400000, 0x000000072d400000| Untracked 
| 692|0x000000072d800000, 0x000000072d800000, 0x000000072dc00000|  0%| F|  |TAMS 0x000000072d800000, 0x000000072d800000| Untracked 
| 693|0x000000072dc00000, 0x000000072dc00000, 0x000000072e000000|  0%| F|  |TAMS 0x000000072dc00000, 0x000000072dc00000| Untracked 
| 694|0x000000072e000000, 0x000000072e000000, 0x000000072e400000|  0%| F|  |TAMS 0x000000072e000000, 0x000000072e000000| Untracked 
| 695|0x000000072e400000, 0x000000072e400000, 0x000000072e800000|  0%| F|  |TAMS 0x000000072e400000, 0x000000072e400000| Untracked 
| 696|0x000000072e800000, 0x000000072e800000, 0x000000072ec00000|  0%| F|  |TAMS 0x000000072e800000, 0x000000072e800000| Untracked 
| 697|0x000000072ec00000, 0x000000072ec00000, 0x000000072f000000|  0%| F|  |TAMS 0x000000072ec00000, 0x000000072ec00000| Untracked 
| 698|0x000000072f000000, 0x000000072f000000, 0x000000072f400000|  0%| F|  |TAMS 0x000000072f000000, 0x000000072f000000| Untracked 
| 699|0x000000072f400000, 0x000000072f400000, 0x000000072f800000|  0%| F|  |TAMS 0x000000072f400000, 0x000000072f400000| Untracked 
| 700|0x000000072f800000, 0x000000072f800000, 0x000000072fc00000|  0%| F|  |TAMS 0x000000072f800000, 0x000000072f800000| Untracked 
| 701|0x000000072fc00000, 0x000000072fc00000, 0x0000000730000000|  0%| F|  |TAMS 0x000000072fc00000, 0x000000072fc00000| Untracked 
| 702|0x0000000730000000, 0x0000000730000000, 0x0000000730400000|  0%| F|  |TAMS 0x0000000730000000, 0x0000000730000000| Untracked 
| 703|0x0000000730400000, 0x0000000730400000, 0x0000000730800000|  0%| F|  |TAMS 0x0000000730400000, 0x0000000730400000| Untracked 
| 704|0x0000000730800000, 0x0000000730800000, 0x0000000730c00000|  0%| F|  |TAMS 0x0000000730800000, 0x0000000730800000| Untracked 
| 705|0x0000000730c00000, 0x0000000730c00000, 0x0000000731000000|  0%| F|  |TAMS 0x0000000730c00000, 0x0000000730c00000| Untracked 
| 706|0x0000000731000000, 0x0000000731000000, 0x0000000731400000|  0%| F|  |TAMS 0x0000000731000000, 0x0000000731000000| Untracked 
| 707|0x0000000731400000, 0x0000000731400000, 0x0000000731800000|  0%| F|  |TAMS 0x0000000731400000, 0x0000000731400000| Untracked 
| 708|0x0000000731800000, 0x0000000731800000, 0x0000000731c00000|  0%| F|  |TAMS 0x0000000731800000, 0x0000000731800000| Untracked 
| 709|0x0000000731c00000, 0x0000000731c00000, 0x0000000732000000|  0%| F|  |TAMS 0x0000000731c00000, 0x0000000731c00000| Untracked 
| 710|0x0000000732000000, 0x0000000732000000, 0x0000000732400000|  0%| F|  |TAMS 0x0000000732000000, 0x0000000732000000| Untracked 
| 711|0x0000000732400000, 0x0000000732400000, 0x0000000732800000|  0%| F|  |TAMS 0x0000000732400000, 0x0000000732400000| Untracked 
| 712|0x0000000732800000, 0x0000000732800000, 0x0000000732c00000|  0%| F|  |TAMS 0x0000000732800000, 0x0000000732800000| Untracked 
| 713|0x0000000732c00000, 0x0000000732c00000, 0x0000000733000000|  0%| F|  |TAMS 0x0000000732c00000, 0x0000000732c00000| Untracked 
| 714|0x0000000733000000, 0x0000000733000000, 0x0000000733400000|  0%| F|  |TAMS 0x0000000733000000, 0x0000000733000000| Untracked 
| 715|0x0000000733400000, 0x0000000733400000, 0x0000000733800000|  0%| F|  |TAMS 0x0000000733400000, 0x0000000733400000| Untracked 
| 716|0x0000000733800000, 0x0000000733800000, 0x0000000733c00000|  0%| F|  |TAMS 0x0000000733800000, 0x0000000733800000| Untracked 
| 717|0x0000000733c00000, 0x0000000733c00000, 0x0000000734000000|  0%| F|  |TAMS 0x0000000733c00000, 0x0000000733c00000| Untracked 
| 718|0x0000000734000000, 0x0000000734000000, 0x0000000734400000|  0%| F|  |TAMS 0x0000000734000000, 0x0000000734000000| Untracked 
| 719|0x0000000734400000, 0x0000000734400000, 0x0000000734800000|  0%| F|  |TAMS 0x0000000734400000, 0x0000000734400000| Untracked 
| 720|0x0000000734800000, 0x0000000734800000, 0x0000000734c00000|  0%| F|  |TAMS 0x0000000734800000, 0x0000000734800000| Untracked 
| 721|0x0000000734c00000, 0x0000000734c00000, 0x0000000735000000|  0%| F|  |TAMS 0x0000000734c00000, 0x0000000734c00000| Untracked 
| 722|0x0000000735000000, 0x0000000735000000, 0x0000000735400000|  0%| F|  |TAMS 0x0000000735000000, 0x0000000735000000| Untracked 
| 723|0x0000000735400000, 0x0000000735400000, 0x0000000735800000|  0%| F|  |TAMS 0x0000000735400000, 0x0000000735400000| Untracked 
| 724|0x0000000735800000, 0x0000000735800000, 0x0000000735c00000|  0%| F|  |TAMS 0x0000000735800000, 0x0000000735800000| Untracked 
| 725|0x0000000735c00000, 0x0000000735c00000, 0x0000000736000000|  0%| F|  |TAMS 0x0000000735c00000, 0x0000000735c00000| Untracked 
| 726|0x0000000736000000, 0x0000000736000000, 0x0000000736400000|  0%| F|  |TAMS 0x0000000736000000, 0x0000000736000000| Untracked 
| 727|0x0000000736400000, 0x0000000736400000, 0x0000000736800000|  0%| F|  |TAMS 0x0000000736400000, 0x0000000736400000| Untracked 
| 728|0x0000000736800000, 0x0000000736800000, 0x0000000736c00000|  0%| F|  |TAMS 0x0000000736800000, 0x0000000736800000| Untracked 
| 729|0x0000000736c00000, 0x0000000736c00000, 0x0000000737000000|  0%| F|  |TAMS 0x0000000736c00000, 0x0000000736c00000| Untracked 
| 730|0x0000000737000000, 0x0000000737000000, 0x0000000737400000|  0%| F|  |TAMS 0x0000000737000000, 0x0000000737000000| Untracked 
| 731|0x0000000737400000, 0x0000000737400000, 0x0000000737800000|  0%| F|  |TAMS 0x0000000737400000, 0x0000000737400000| Untracked 
| 732|0x0000000737800000, 0x0000000737800000, 0x0000000737c00000|  0%| F|  |TAMS 0x0000000737800000, 0x0000000737800000| Untracked 
| 733|0x0000000737c00000, 0x0000000737c00000, 0x0000000738000000|  0%| F|  |TAMS 0x0000000737c00000, 0x0000000737c00000| Untracked 
| 734|0x0000000738000000, 0x0000000738000000, 0x0000000738400000|  0%| F|  |TAMS 0x0000000738000000, 0x0000000738000000| Untracked 
| 735|0x0000000738400000, 0x0000000738400000, 0x0000000738800000|  0%| F|  |TAMS 0x0000000738400000, 0x0000000738400000| Untracked 
| 736|0x0000000738800000, 0x0000000738800000, 0x0000000738c00000|  0%| F|  |TAMS 0x0000000738800000, 0x0000000738800000| Untracked 
| 737|0x0000000738c00000, 0x0000000738c00000, 0x0000000739000000|  0%| F|  |TAMS 0x0000000738c00000, 0x0000000738c00000| Untracked 
| 738|0x0000000739000000, 0x0000000739000000, 0x0000000739400000|  0%| F|  |TAMS 0x0000000739000000, 0x0000000739000000| Untracked 
| 739|0x0000000739400000, 0x0000000739400000, 0x0000000739800000|  0%| F|  |TAMS 0x0000000739400000, 0x0000000739400000| Untracked 
| 740|0x0000000739800000, 0x0000000739800000, 0x0000000739c00000|  0%| F|  |TAMS 0x0000000739800000, 0x0000000739800000| Untracked 
| 741|0x0000000739c00000, 0x0000000739c00000, 0x000000073a000000|  0%| F|  |TAMS 0x0000000739c00000, 0x0000000739c00000| Untracked 
| 742|0x000000073a000000, 0x000000073a000000, 0x000000073a400000|  0%| F|  |TAMS 0x000000073a000000, 0x000000073a000000| Untracked 
| 743|0x000000073a400000, 0x000000073a400000, 0x000000073a800000|  0%| F|  |TAMS 0x000000073a400000, 0x000000073a400000| Untracked 
| 744|0x000000073a800000, 0x000000073a800000, 0x000000073ac00000|  0%| F|  |TAMS 0x000000073a800000, 0x000000073a800000| Untracked 
| 745|0x000000073ac00000, 0x000000073ac00000, 0x000000073b000000|  0%| F|  |TAMS 0x000000073ac00000, 0x000000073ac00000| Untracked 
| 746|0x000000073b000000, 0x000000073b000000, 0x000000073b400000|  0%| F|  |TAMS 0x000000073b000000, 0x000000073b000000| Untracked 
| 747|0x000000073b400000, 0x000000073b400000, 0x000000073b800000|  0%| F|  |TAMS 0x000000073b400000, 0x000000073b400000| Untracked 
| 748|0x000000073b800000, 0x000000073b800000, 0x000000073bc00000|  0%| F|  |TAMS 0x000000073b800000, 0x000000073b800000| Untracked 
| 749|0x000000073bc00000, 0x000000073bc00000, 0x000000073c000000|  0%| F|  |TAMS 0x000000073bc00000, 0x000000073bc00000| Untracked 
| 750|0x000000073c000000, 0x000000073c000000, 0x000000073c400000|  0%| F|  |TAMS 0x000000073c000000, 0x000000073c000000| Untracked 
| 751|0x000000073c400000, 0x000000073c400000, 0x000000073c800000|  0%| F|  |TAMS 0x000000073c400000, 0x000000073c400000| Untracked 
| 752|0x000000073c800000, 0x000000073c800000, 0x000000073cc00000|  0%| F|  |TAMS 0x000000073c800000, 0x000000073c800000| Untracked 
| 753|0x000000073cc00000, 0x000000073cc00000, 0x000000073d000000|  0%| F|  |TAMS 0x000000073cc00000, 0x000000073cc00000| Untracked 
| 754|0x000000073d000000, 0x000000073d000000, 0x000000073d400000|  0%| F|  |TAMS 0x000000073d000000, 0x000000073d000000| Untracked 
| 755|0x000000073d400000, 0x000000073d400000, 0x000000073d800000|  0%| F|  |TAMS 0x000000073d400000, 0x000000073d400000| Untracked 
| 756|0x000000073d800000, 0x000000073d800000, 0x000000073dc00000|  0%| F|  |TAMS 0x000000073d800000, 0x000000073d800000| Untracked 
| 757|0x000000073dc00000, 0x000000073dc00000, 0x000000073e000000|  0%| F|  |TAMS 0x000000073dc00000, 0x000000073dc00000| Untracked 
| 758|0x000000073e000000, 0x000000073e000000, 0x000000073e400000|  0%| F|  |TAMS 0x000000073e000000, 0x000000073e000000| Untracked 
| 759|0x000000073e400000, 0x000000073e400000, 0x000000073e800000|  0%| F|  |TAMS 0x000000073e400000, 0x000000073e400000| Untracked 
| 760|0x000000073e800000, 0x000000073e800000, 0x000000073ec00000|  0%| F|  |TAMS 0x000000073e800000, 0x000000073e800000| Untracked 
| 761|0x000000073ec00000, 0x000000073ec00000, 0x000000073f000000|  0%| F|  |TAMS 0x000000073ec00000, 0x000000073ec00000| Untracked 
| 762|0x000000073f000000, 0x000000073f000000, 0x000000073f400000|  0%| F|  |TAMS 0x000000073f000000, 0x000000073f000000| Untracked 
| 763|0x000000073f400000, 0x000000073f400000, 0x000000073f800000|  0%| F|  |TAMS 0x000000073f400000, 0x000000073f400000| Untracked 
| 764|0x000000073f800000, 0x000000073f800000, 0x000000073fc00000|  0%| F|  |TAMS 0x000000073f800000, 0x000000073f800000| Untracked 
| 765|0x000000073fc00000, 0x000000073fc00000, 0x0000000740000000|  0%| F|  |TAMS 0x000000073fc00000, 0x000000073fc00000| Untracked 
| 766|0x0000000740000000, 0x0000000740000000, 0x0000000740400000|  0%| F|  |TAMS 0x0000000740000000, 0x0000000740000000| Untracked 
| 767|0x0000000740400000, 0x0000000740400000, 0x0000000740800000|  0%| F|  |TAMS 0x0000000740400000, 0x0000000740400000| Untracked 
| 768|0x0000000740800000, 0x0000000740a00800, 0x0000000740c00000| 50%| E|  |TAMS 0x0000000740800000, 0x0000000740800000| Complete 
| 769|0x0000000740c00000, 0x0000000741000000, 0x0000000741000000|100%| E|CS|TAMS 0x0000000740c00000, 0x0000000740c00000| Complete 
| 770|0x0000000741000000, 0x0000000741400000, 0x0000000741400000|100%| E|CS|TAMS 0x0000000741000000, 0x0000000741000000| Complete 
| 771|0x0000000741400000, 0x0000000741800000, 0x0000000741800000|100%| E|CS|TAMS 0x0000000741400000, 0x0000000741400000| Complete 
| 772|0x0000000741800000, 0x0000000741c00000, 0x0000000741c00000|100%| E|CS|TAMS 0x0000000741800000, 0x0000000741800000| Complete 
| 773|0x0000000741c00000, 0x0000000742000000, 0x0000000742000000|100%| E|CS|TAMS 0x0000000741c00000, 0x0000000741c00000| Complete 
| 774|0x0000000742000000, 0x0000000742400000, 0x0000000742400000|100%| E|CS|TAMS 0x0000000742000000, 0x0000000742000000| Complete 
| 775|0x0000000742400000, 0x0000000742800000, 0x0000000742800000|100%| E|CS|TAMS 0x0000000742400000, 0x0000000742400000| Complete 
| 776|0x0000000742800000, 0x0000000742c00000, 0x0000000742c00000|100%| E|CS|TAMS 0x0000000742800000, 0x0000000742800000| Complete 
| 777|0x0000000742c00000, 0x0000000743000000, 0x0000000743000000|100%| E|CS|TAMS 0x0000000742c00000, 0x0000000742c00000| Complete 
| 778|0x0000000743000000, 0x0000000743400000, 0x0000000743400000|100%| E|CS|TAMS 0x0000000743000000, 0x0000000743000000| Complete 
| 779|0x0000000743400000, 0x0000000743800000, 0x0000000743800000|100%| E|CS|TAMS 0x0000000743400000, 0x0000000743400000| Complete 
| 780|0x0000000743800000, 0x0000000743c00000, 0x0000000743c00000|100%| E|CS|TAMS 0x0000000743800000, 0x0000000743800000| Complete 
| 781|0x0000000743c00000, 0x0000000744000000, 0x0000000744000000|100%| E|CS|TAMS 0x0000000743c00000, 0x0000000743c00000| Complete 
| 782|0x0000000744000000, 0x0000000744400000, 0x0000000744400000|100%| E|CS|TAMS 0x0000000744000000, 0x0000000744000000| Complete 
| 783|0x0000000744400000, 0x0000000744800000, 0x0000000744800000|100%| E|CS|TAMS 0x0000000744400000, 0x0000000744400000| Complete 
| 784|0x0000000744800000, 0x0000000744c00000, 0x0000000744c00000|100%| E|CS|TAMS 0x0000000744800000, 0x0000000744800000| Complete 
| 785|0x0000000744c00000, 0x0000000745000000, 0x0000000745000000|100%| E|CS|TAMS 0x0000000744c00000, 0x0000000744c00000| Complete 
| 786|0x0000000745000000, 0x0000000745400000, 0x0000000745400000|100%| E|CS|TAMS 0x0000000745000000, 0x0000000745000000| Complete 
| 787|0x0000000745400000, 0x0000000745800000, 0x0000000745800000|100%| E|CS|TAMS 0x0000000745400000, 0x0000000745400000| Complete 
| 788|0x0000000745800000, 0x0000000745c00000, 0x0000000745c00000|100%| E|CS|TAMS 0x0000000745800000, 0x0000000745800000| Complete 
| 789|0x0000000745c00000, 0x0000000746000000, 0x0000000746000000|100%| E|CS|TAMS 0x0000000745c00000, 0x0000000745c00000| Complete 
| 790|0x0000000746000000, 0x0000000746400000, 0x0000000746400000|100%| E|CS|TAMS 0x0000000746000000, 0x0000000746000000| Complete 
| 791|0x0000000746400000, 0x0000000746800000, 0x0000000746800000|100%| E|CS|TAMS 0x0000000746400000, 0x0000000746400000| Complete 
| 792|0x0000000746800000, 0x0000000746c00000, 0x0000000746c00000|100%| E|CS|TAMS 0x0000000746800000, 0x0000000746800000| Complete 
| 793|0x0000000746c00000, 0x0000000747000000, 0x0000000747000000|100%| E|CS|TAMS 0x0000000746c00000, 0x0000000746c00000| Complete 
| 794|0x0000000747000000, 0x0000000747400000, 0x0000000747400000|100%| E|CS|TAMS 0x0000000747000000, 0x0000000747000000| Complete 
| 795|0x0000000747400000, 0x0000000747800000, 0x0000000747800000|100%| E|CS|TAMS 0x0000000747400000, 0x0000000747400000| Complete 
| 796|0x0000000747800000, 0x0000000747c00000, 0x0000000747c00000|100%| E|CS|TAMS 0x0000000747800000, 0x0000000747800000| Complete 
| 797|0x0000000747c00000, 0x0000000748000000, 0x0000000748000000|100%| E|CS|TAMS 0x0000000747c00000, 0x0000000747c00000| Complete 
| 798|0x0000000748000000, 0x0000000748400000, 0x0000000748400000|100%| E|CS|TAMS 0x0000000748000000, 0x0000000748000000| Complete 
| 799|0x0000000748400000, 0x0000000748800000, 0x0000000748800000|100%| E|CS|TAMS 0x0000000748400000, 0x0000000748400000| Complete 
| 800|0x0000000748800000, 0x0000000748c00000, 0x0000000748c00000|100%| E|CS|TAMS 0x0000000748800000, 0x0000000748800000| Complete 
| 801|0x0000000748c00000, 0x0000000749000000, 0x0000000749000000|100%| E|CS|TAMS 0x0000000748c00000, 0x0000000748c00000| Complete 

Card table byte_map: [0x000001c554fa0000,0x000001c555ba0000] _byte_map_base: 0x000001c551b9c000

Marking Bits (Prev, Next): (CMBitMap*) 0x000001c541a42720, (CMBitMap*) 0x000001c541a426e0
 Prev Bits: [0x000001c55c780000, 0x000001c562760000)
 Next Bits: [0x000001c5567a0000, 0x000001c55c780000)

Polling page: 0x000001c53f930000

Metaspace:

Usage:
  Non-class:     12.94 MB used.
      Class:    990.02 KB used.
       Both:     13.90 MB used.

Virtual space:
  Non-class space:       64.00 MB reserved,      13.00 MB ( 20%) committed,  1 nodes.
      Class space:        1.00 GB reserved,       1.06 MB ( <1%) committed,  1 nodes.
             Both:        1.06 GB reserved,      14.06 MB (  1%) committed. 

Chunk freelists:
   Non-Class:  2.56 MB
       Class:  14.95 MB
        Both:  17.52 MB

MaxMetaspaceSize: unlimited
CompressedClassSpaceSize: 1.00 GB
Initial GC threshold: 21.00 MB
Current GC threshold: 23.44 MB
CDS: off
MetaspaceReclaimPolicy: balanced
 - commit_granule_bytes: 65536.
 - commit_granule_words: 8192.
 - virtual_space_node_default_size: 8388608.
 - enlarge_chunks_in_place: 1.
 - new_chunks_are_fully_committed: 0.
 - uncommit_free_chunks: 1.
 - use_allocation_guard: 0.
 - handle_deallocations: 1.


Internal statistics:

num_allocs_failed_limit: 0.
num_arena_births: 68.
num_arena_deaths: 0.
num_vsnodes_births: 2.
num_vsnodes_deaths: 0.
num_space_committed: 223.
num_space_uncommitted: 0.
num_chunks_returned_to_freelist: 0.
num_chunks_taken_from_freelist: 294.
num_chunk_merges: 0.
num_chunk_splits: 211.
num_chunks_enlarged: 166.
num_inconsistent_stats: 0.

CodeHeap 'non-profiled nmethods': size=120000Kb used=1379Kb max_used=1379Kb free=118621Kb
 bounds [0x000001c54cb40000, 0x000001c54cdb0000, 0x000001c554070000]
CodeHeap 'profiled nmethods': size=120000Kb used=3039Kb max_used=3039Kb free=116960Kb
 bounds [0x000001c545070000, 0x000001c545370000, 0x000001c54c5a0000]
CodeHeap 'non-nmethods': size=5760Kb used=1702Kb max_used=1763Kb free=4057Kb
 bounds [0x000001c54c5a0000, 0x000001c54c810000, 0x000001c54cb40000]
 total_blobs=2651 nmethods=1485 adapters=1079
 compilation: enabled
              stopped_count=0, restarted_count=0
 full_count=0

Compilation events (20 events):
Event: 19.952 Thread 0x000001c565270640 1476       1       entities.Entity::getPosition (5 bytes)
Event: 19.952 Thread 0x000001c565270640 nmethod 1476 0x000001c54cc98310 code [0x000001c54cc984a0, 0x000001c54cc98578]
Event: 19.953 Thread 0x000001c565270640 1477       1       entities.Entity::getRotation (5 bytes)
Event: 19.953 Thread 0x000001c565270640 nmethod 1477 0x000001c54cc98610 code [0x000001c54cc987a0, 0x000001c54cc98878]
Event: 19.953 Thread 0x000001c565270640 1478       3       com.bulletphysics.collision.broadphase.Dbvt$Node::isleaf (15 bytes)
Event: 19.954 Thread 0x000001c565270640 nmethod 1478 0x000001c545365010 code [0x000001c5453651a0, 0x000001c545365338]
Event: 20.067 Thread 0x000001c565270640 1479       1       entities.Entity::getId (5 bytes)
Event: 20.067 Thread 0x000001c565270640 nmethod 1479 0x000001c54cc98910 code [0x000001c54cc98aa0, 0x000001c54cc98b78]
Event: 20.070 Thread 0x000001c565270640 1480       3       com.bulletphysics.$Stack::push$com$bulletphysics$linearmath$Transform (37 bytes)
Event: 20.071 Thread 0x000001c565270640 nmethod 1480 0x000001c545365410 code [0x000001c5453655c0, 0x000001c545365788]
Event: 20.071 Thread 0x000001c565270640 1481       3       com.bulletphysics.$Stack::get$com$bulletphysics$linearmath$Transform (51 bytes)
Event: 20.071 Thread 0x000001c565270640 nmethod 1481 0x000001c545365890 code [0x000001c545365b00, 0x000001c545366808]
Event: 20.071 Thread 0x000001c565270640 1482       3       com.bulletphysics.$Stack::pop$com$bulletphysics$linearmath$Transform (21 bytes)
Event: 20.071 Thread 0x000001c565270640 nmethod 1482 0x000001c545366d10 code [0x000001c545366ea0, 0x000001c545366fd8]
Event: 20.091 Thread 0x000001c565270640 1483       3       java.lang.Integer::valueOf (32 bytes)
Event: 20.091 Thread 0x000001c565270640 nmethod 1483 0x000001c545367090 code [0x000001c545367240, 0x000001c545367558]
Event: 20.096 Thread 0x000001c565270640 1484       3       java.lang.Integer::hashCode (8 bytes)
Event: 20.096 Thread 0x000001c565270640 nmethod 1484 0x000001c545367690 code [0x000001c545367820, 0x000001c545367978]
Event: 20.096 Thread 0x000001c565270640 1485       3       java.lang.Integer::hashCode (2 bytes)
Event: 20.096 Thread 0x000001c565270640 nmethod 1485 0x000001c545367a10 code [0x000001c545367ba0, 0x000001c545367c98]

GC Heap History (20 events):
Event: 12.186 GC heap before
{Heap before GC invocations=11 (full 0):
 garbage-first heap   total 643072K, used 440181K [0x0000000680800000, 0x0000000800000000)
  region size 4096K, 94 young (385024K), 7 survivors (28672K)
 Metaspace       used 13467K, committed 13632K, reserved 1114112K
  class space    used 931K, committed 1024K, reserved 1048576K
}
Event: 12.204 GC heap after
{Heap after GC invocations=12 (full 0):
 garbage-first heap   total 643072K, used 99691K [0x0000000680800000, 0x0000000800000000)
  region size 4096K, 9 young (36864K), 9 survivors (36864K)
 Metaspace       used 13467K, committed 13632K, reserved 1114112K
  class space    used 931K, committed 1024K, reserved 1048576K
}
Event: 12.409 GC heap before
{Heap before GC invocations=12 (full 0):
 garbage-first heap   total 643072K, used 468331K [0x0000000680800000, 0x0000000800000000)
  region size 4096K, 94 young (385024K), 9 survivors (36864K)
 Metaspace       used 13467K, committed 13632K, reserved 1114112K
  class space    used 931K, committed 1024K, reserved 1048576K
}
Event: 12.467 GC heap after
{Heap after GC invocations=13 (full 0):
 garbage-first heap   total 643072K, used 146566K [0x0000000680800000, 0x0000000800000000)
  region size 4096K, 11 young (45056K), 11 survivors (45056K)
 Metaspace       used 13467K, committed 13632K, reserved 1114112K
  class space    used 931K, committed 1024K, reserved 1048576K
}
Event: 12.682 GC heap before
{Heap before GC invocations=13 (full 0):
 garbage-first heap   total 643072K, used 511110K [0x0000000680800000, 0x0000000800000000)
  region size 4096K, 94 young (385024K), 11 survivors (45056K)
 Metaspace       used 13467K, committed 13632K, reserved 1114112K
  class space    used 931K, committed 1024K, reserved 1048576K
}
Event: 12.751 GC heap after
{Heap after GC invocations=14 (full 0):
 garbage-first heap   total 1286144K, used 196125K [0x0000000680800000, 0x0000000800000000)
  region size 4096K, 12 young (49152K), 12 survivors (49152K)
 Metaspace       used 13467K, committed 13632K, reserved 1114112K
  class space    used 931K, committed 1024K, reserved 1048576K
}
Event: 13.481 GC heap before
{Heap before GC invocations=14 (full 0):
 garbage-first heap   total 1286144K, used 962077K [0x0000000680800000, 0x0000000800000000)
  region size 4096K, 158 young (647168K), 12 survivors (49152K)
 Metaspace       used 13479K, committed 13632K, reserved 1114112K
  class space    used 931K, committed 1024K, reserved 1048576K
}
Event: 13.570 GC heap after
{Heap after GC invocations=15 (full 0):
 garbage-first heap   total 1286144K, used 484474K [0x0000000680800000, 0x0000000800000000)
  region size 4096K, 20 young (81920K), 20 survivors (81920K)
 Metaspace       used 13479K, committed 13632K, reserved 1114112K
  class space    used 931K, committed 1024K, reserved 1048576K
}
Event: 18.052 GC heap before
{Heap before GC invocations=15 (full 0):
 garbage-first heap   total 1286144K, used 1008762K [0x0000000680800000, 0x0000000800000000)
  region size 4096K, 125 young (512000K), 20 survivors (81920K)
 Metaspace       used 14078K, committed 14272K, reserved 1114112K
  class space    used 979K, committed 1088K, reserved 1048576K
}
Event: 18.089 GC heap after
{Heap after GC invocations=16 (full 0):
 garbage-first heap   total 1286144K, used 589824K [0x0000000680800000, 0x0000000800000000)
  region size 4096K, 4 young (16384K), 4 survivors (16384K)
 Metaspace       used 14078K, committed 14272K, reserved 1114112K
  class space    used 979K, committed 1088K, reserved 1048576K
}
Event: 19.460 GC heap before
{Heap before GC invocations=16 (full 0):
 garbage-first heap   total 1286144K, used 937984K [0x0000000680800000, 0x0000000800000000)
  region size 4096K, 89 young (364544K), 4 survivors (16384K)
 Metaspace       used 14234K, committed 14400K, reserved 1114112K
  class space    used 990K, committed 1088K, reserved 1048576K
}
Event: 19.469 GC heap after
{Heap after GC invocations=17 (full 0):
 garbage-first heap   total 1286144K, used 606208K [0x0000000680800000, 0x0000000800000000)
  region size 4096K, 7 young (28672K), 7 survivors (28672K)
 Metaspace       used 14234K, committed 14400K, reserved 1114112K
  class space    used 990K, committed 1088K, reserved 1048576K
}
Event: 19.480 GC heap before
{Heap before GC invocations=17 (full 0):
 garbage-first heap   total 1286144K, used 626688K [0x0000000680800000, 0x0000000800000000)
  region size 4096K, 11 young (45056K), 7 survivors (28672K)
 Metaspace       used 14234K, committed 14400K, reserved 1114112K
  class space    used 990K, committed 1088K, reserved 1048576K
}
Event: 19.492 GC heap after
{Heap after GC invocations=18 (full 0):
 garbage-first heap   total 1286144K, used 626570K [0x0000000680800000, 0x0000000800000000)
  region size 4096K, 10 young (40960K), 10 survivors (40960K)
 Metaspace       used 14234K, committed 14400K, reserved 1114112K
  class space    used 990K, committed 1088K, reserved 1048576K
}
Event: 19.766 GC heap before
{Heap before GC invocations=19 (full 0):
 garbage-first heap   total 1286144K, used 712586K [0x0000000680800000, 0x0000000800000000)
  region size 4096K, 67 young (274432K), 10 survivors (40960K)
 Metaspace       used 14236K, committed 14400K, reserved 1114112K
  class space    used 990K, committed 1088K, reserved 1048576K
}
Event: 19.848 GC heap after
{Heap after GC invocations=20 (full 0):
 garbage-first heap   total 1286144K, used 641780K [0x0000000680800000, 0x0000000800000000)
  region size 4096K, 9 young (36864K), 9 survivors (36864K)
 Metaspace       used 14236K, committed 14400K, reserved 1114112K
  class space    used 990K, committed 1088K, reserved 1048576K
}
Event: 19.866 GC heap before
{Heap before GC invocations=20 (full 0):
 garbage-first heap   total 1286144K, used 690932K [0x0000000680800000, 0x0000000800000000)
  region size 4096K, 15 young (61440K), 9 survivors (36864K)
 Metaspace       used 14236K, committed 14400K, reserved 1114112K
  class space    used 990K, committed 1088K, reserved 1048576K
}
Event: 19.894 GC heap after
{Heap after GC invocations=21 (full 0):
 garbage-first heap   total 1286144K, used 696320K [0x0000000680800000, 0x0000000800000000)
  region size 4096K, 2 young (8192K), 2 survivors (8192K)
 Metaspace       used 14236K, committed 14400K, reserved 1114112K
  class space    used 990K, committed 1088K, reserved 1048576K
}
Event: 19.958 GC heap before
{Heap before GC invocations=21 (full 0):
 garbage-first heap   total 1286144K, used 716800K [0x0000000680800000, 0x0000000800000000)
  region size 4096K, 8 young (32768K), 2 survivors (8192K)
 Metaspace       used 14236K, committed 14400K, reserved 1114112K
  class space    used 990K, committed 1088K, reserved 1048576K
}
Event: 19.973 GC heap after
{Heap after GC invocations=22 (full 0):
 garbage-first heap   total 3284992K, used 710435K [0x0000000680800000, 0x0000000800000000)
  region size 4096K, 6 young (24576K), 6 survivors (24576K)
 Metaspace       used 14236K, committed 14400K, reserved 1114112K
  class space    used 990K, committed 1088K, reserved 1048576K
}

Dll operation events (9 events):
Event: 0.007 Loaded shared library C:\Users\alex\.p2\pool\plugins\org.eclipse.justj.openjdk.hotspot.jre.full.win32.x86_64_17.0.7.v20230425-1502\jre\bin\java.dll
Event: 0.135 Loaded shared library C:\Users\alex\.p2\pool\plugins\org.eclipse.justj.openjdk.hotspot.jre.full.win32.x86_64_17.0.7.v20230425-1502\jre\bin\net.dll
Event: 0.136 Loaded shared library C:\Users\alex\.p2\pool\plugins\org.eclipse.justj.openjdk.hotspot.jre.full.win32.x86_64_17.0.7.v20230425-1502\jre\bin\nio.dll
Event: 0.143 Loaded shared library C:\Users\alex\.p2\pool\plugins\org.eclipse.justj.openjdk.hotspot.jre.full.win32.x86_64_17.0.7.v20230425-1502\jre\bin\zip.dll
Event: 0.207 Loaded shared library C:\Users\alex\.p2\pool\plugins\org.eclipse.justj.openjdk.hotspot.jre.full.win32.x86_64_17.0.7.v20230425-1502\jre\bin\jimage.dll
Event: 0.232 Loaded shared library C:\Users\alex\AppData\Local\Temp\lwjgl_alex\3.3.4+7\x64\lwjgl.dll
Event: 0.698 Loaded shared library C:\Users\alex\AppData\Local\Temp\lwjgl_alex\3.3.4+7\x64\lwjgl_opengl.dll
Event: 0.789 Loaded shared library C:\Users\alex\AppData\Local\Temp\lwjgl_alex\3.3.4+7\x64\lwjgl_stb.dll
Event: 0.813 Loaded shared library C:\Users\alex\.p2\pool\plugins\org.eclipse.justj.openjdk.hotspot.jre.full.win32.x86_64_17.0.7.v20230425-1502\jre\bin\verify.dll

Deoptimization events (20 events):
Event: 19.655 Thread 0x000001c5419b7ab0 DEOPT PACKING pc=0x000001c5453521ae sp=0x00000033a87fed00
Event: 19.655 Thread 0x000001c5419b7ab0 DEOPT UNPACKING pc=0x000001c54c5f7143 sp=0x00000033a87fe268 mode 0
Event: 19.666 Thread 0x000001c5419b7ab0 DEOPT PACKING pc=0x000001c5453521ae sp=0x00000033a87fed00
Event: 19.666 Thread 0x000001c5419b7ab0 DEOPT UNPACKING pc=0x000001c54c5f7143 sp=0x00000033a87fe268 mode 0
Event: 19.666 Thread 0x000001c5419b7ab0 DEOPT PACKING pc=0x000001c545356045 sp=0x00000033a87fec20
Event: 19.666 Thread 0x000001c5419b7ab0 DEOPT UNPACKING pc=0x000001c54c5f7143 sp=0x00000033a87fe108 mode 0
Event: 19.677 Thread 0x000001c5419b7ab0 DEOPT PACKING pc=0x000001c5453521ae sp=0x00000033a87fed00
Event: 19.677 Thread 0x000001c5419b7ab0 DEOPT UNPACKING pc=0x000001c54c5f7143 sp=0x00000033a87fe268 mode 0
Event: 19.677 Thread 0x000001c5419b7ab0 DEOPT PACKING pc=0x000001c545356045 sp=0x00000033a87febf0
Event: 19.677 Thread 0x000001c5419b7ab0 DEOPT UNPACKING pc=0x000001c54c5f7143 sp=0x00000033a87fe0d8 mode 0
Event: 19.694 Thread 0x000001c5419b7ab0 DEOPT PACKING pc=0x000001c5453521ae sp=0x00000033a87fed00
Event: 19.694 Thread 0x000001c5419b7ab0 DEOPT UNPACKING pc=0x000001c54c5f7143 sp=0x00000033a87fe268 mode 0
Event: 19.700 Thread 0x000001c5419b7ab0 DEOPT PACKING pc=0x000001c545356045 sp=0x00000033a87feb70
Event: 19.700 Thread 0x000001c5419b7ab0 DEOPT UNPACKING pc=0x000001c54c5f7143 sp=0x00000033a87fe058 mode 0
Event: 19.730 Thread 0x000001c5419b7ab0 DEOPT PACKING pc=0x000001c545356045 sp=0x00000033a87fec20
Event: 19.730 Thread 0x000001c5419b7ab0 DEOPT UNPACKING pc=0x000001c54c5f7143 sp=0x00000033a87fe108 mode 0
Event: 20.133 Thread 0x000001c5419b7ab0 Uncommon trap: trap_request=0xffffffde fr.pc=0x000001c54cc8d3f0 relative=0x0000000000000b70
Event: 20.133 Thread 0x000001c5419b7ab0 Uncommon trap: reason=class_check action=maybe_recompile pc=0x000001c54cc8d3f0 method=com.bulletphysics.collision.shapes.ConvexHullShape.<init>(Lcom/bulletphysics/util/ObjectArrayList;)V @ 38 c2
Event: 20.133 Thread 0x000001c5419b7ab0 DEOPT PACKING pc=0x000001c54cc8d3f0 sp=0x00000033a87fedd0
Event: 20.133 Thread 0x000001c5419b7ab0 DEOPT UNPACKING pc=0x000001c54c5f69a3 sp=0x00000033a87fed80 mode 2

Classes unloaded (0 events):
No events

Classes redefined (0 events):
No events

Internal exceptions (20 events):
Event: 0.198 Thread 0x000001c5419b7ab0 Exception <a 'java/lang/NoSuchMethodError'{0x00000006986d80b0}: 'java.lang.Object java.lang.invoke.DirectMethodHandle$Holder.invokeStatic(java.lang.Object, java.lang.Object, int)'> (0x00000006986d80b0) 
thrown [s\src\hotspot\share\interpreter\linkResolver.cpp, line 759]
Event: 0.198 Thread 0x000001c5419b7ab0 Exception <a 'java/lang/NoSuchMethodError'{0x00000006986e3e20}: 'void java.lang.invoke.DelegatingMethodHandle$Holder.delegate(java.lang.Object, java.lang.Object, int, java.lang.Object)'> (0x00000006986e3e20) 
thrown [s\src\hotspot\share\interpreter\linkResolver.cpp, line 759]
Event: 0.199 Thread 0x000001c5419b7ab0 Exception <a 'java/lang/NoSuchMethodError'{0x00000006986e8060}: 'int java.lang.invoke.DirectMethodHandle$Holder.invokeSpecial(java.lang.Object, java.lang.Object, java.lang.Object)'> (0x00000006986e8060) 
thrown [s\src\hotspot\share\interpreter\linkResolver.cpp, line 759]
Event: 0.236 Thread 0x000001c5419b7ab0 Exception <a 'sun/nio/fs/WindowsException'{0x00000006987679f0}> (0x00000006987679f0) 
thrown [s\src\hotspot\share\prims\jni.cpp, line 516]
Event: 0.236 Thread 0x000001c5419b7ab0 Exception <a 'sun/nio/fs/WindowsException'{0x0000000698767f30}> (0x0000000698767f30) 
thrown [s\src\hotspot\share\prims\jni.cpp, line 516]
Event: 0.254 Thread 0x000001c5419b7ab0 Exception <a 'sun/nio/fs/WindowsException'{0x0000000698053cd8}> (0x0000000698053cd8) 
thrown [s\src\hotspot\share\prims\jni.cpp, line 516]
Event: 0.254 Thread 0x000001c5419b7ab0 Exception <a 'sun/nio/fs/WindowsException'{0x0000000698054030}> (0x0000000698054030) 
thrown [s\src\hotspot\share\prims\jni.cpp, line 516]
Event: 0.258 Thread 0x000001c5419b7ab0 Exception <a 'java/lang/NoSuchMethodError'{0x000000069806e608}: 'java.lang.Object java.lang.invoke.DirectMethodHandle$Holder.invokeStaticInit(java.lang.Object)'> (0x000000069806e608) 
thrown [s\src\hotspot\share\interpreter\linkResolver.cpp, line 759]
Event: 0.261 Thread 0x000001c5419b7ab0 Exception <a 'java/lang/NoSuchMethodError'{0x00000006980a3288}: 'int java.lang.invoke.DirectMethodHandle$Holder.invokeStaticInit(java.lang.Object, java.lang.Object, int, long)'> (0x00000006980a3288) 
thrown [s\src\hotspot\share\interpreter\linkResolver.cpp, line 759]
Event: 0.262 Thread 0x000001c5419b7ab0 Exception <a 'java/lang/NoSuchMethodError'{0x00000006980a8b50}: 'java.lang.Object java.lang.invoke.DirectMethodHandle$Holder.newInvokeSpecial(java.lang.Object, java.lang.Object, int)'> (0x00000006980a8b50) 
thrown [s\src\hotspot\share\interpreter\linkResolver.cpp, line 759]
Event: 0.263 Thread 0x000001c5419b7ab0 Exception <a 'java/lang/NoSuchMethodError'{0x00000006980b7ad0}: 'int java.lang.invoke.DirectMethodHandle$Holder.invokeStaticInit(java.lang.Object, java.lang.Object, long, long)'> (0x00000006980b7ad0) 
thrown [s\src\hotspot\share\interpreter\linkResolver.cpp, line 759]
Event: 0.264 Thread 0x000001c5419b7ab0 Exception <a 'java/lang/NoSuchMethodError'{0x00000006980bdbe0}: 'java.lang.Object java.lang.invoke.DirectMethodHandle$Holder.newInvokeSpecial(java.lang.Object, java.lang.Object, long)'> (0x00000006980bdbe0) 
thrown [s\src\hotspot\share\interpreter\linkResolver.cpp, line 759]
Event: 0.264 Thread 0x000001c5419b7ab0 Exception <a 'java/lang/NoSuchMethodError'{0x00000006980c1ed0}: 'java.lang.Object java.lang.invoke.Invokers$Holder.linkToTargetMethod(java.lang.Object, long, java.lang.Object)'> (0x00000006980c1ed0) 
thrown [s\src\hotspot\share\interpreter\linkResolver.cpp, line 759]
Event: 0.265 Thread 0x000001c5419b7ab0 Exception <a 'java/lang/NoSuchMethodError'{0x00000006980c95e8}: 'int java.lang.invoke.DirectMethodHandle$Holder.invokeStaticInit(java.lang.Object, java.lang.Object, java.lang.Object, long)'> (0x00000006980c95e8) 
thrown [s\src\hotspot\share\interpreter\linkResolver.cpp, line 759]
Event: 0.696 Thread 0x000001c5419b7ab0 Exception <a 'sun/nio/fs/WindowsException'{0x0000000698166320}> (0x0000000698166320) 
thrown [s\src\hotspot\share\prims\jni.cpp, line 516]
Event: 0.697 Thread 0x000001c5419b7ab0 Exception <a 'sun/nio/fs/WindowsException'{0x00000006981666b0}> (0x00000006981666b0) 
thrown [s\src\hotspot\share\prims\jni.cpp, line 516]
Event: 0.702 Thread 0x000001c5419b7ab0 Exception <a 'sun/nio/fs/WindowsException'{0x0000000698173a10}> (0x0000000698173a10) 
thrown [s\src\hotspot\share\prims\jni.cpp, line 516]
Event: 0.702 Thread 0x000001c5419b7ab0 Exception <a 'sun/nio/fs/WindowsException'{0x0000000698173ce0}> (0x0000000698173ce0) 
thrown [s\src\hotspot\share\prims\jni.cpp, line 516]
Event: 0.788 Thread 0x000001c5419b7ab0 Exception <a 'sun/nio/fs/WindowsException'{0x0000000697c34c30}> (0x0000000697c34c30) 
thrown [s\src\hotspot\share\prims\jni.cpp, line 516]
Event: 0.788 Thread 0x000001c5419b7ab0 Exception <a 'sun/nio/fs/WindowsException'{0x0000000697c34fa0}> (0x0000000697c34fa0) 
thrown [s\src\hotspot\share\prims\jni.cpp, line 516]

VM Operations (20 events):
Event: 17.377 Executing VM operation: Cleanup
Event: 17.377 Executing VM operation: Cleanup done
Event: 17.506 Executing VM operation: HandshakeAllThreads
Event: 17.506 Executing VM operation: HandshakeAllThreads done
Event: 18.052 Executing VM operation: G1CollectForAllocation
Event: 18.089 Executing VM operation: G1CollectForAllocation done
Event: 19.460 Executing VM operation: G1TryInitiateConcMark
Event: 19.469 Executing VM operation: G1TryInitiateConcMark done
Event: 19.480 Executing VM operation: G1TryInitiateConcMark
Event: 19.493 Executing VM operation: G1TryInitiateConcMark done
Event: 19.505 Executing VM operation: G1Concurrent
Event: 19.506 Executing VM operation: G1Concurrent done
Event: 19.516 Executing VM operation: G1Concurrent
Event: 19.516 Executing VM operation: G1Concurrent done
Event: 19.765 Executing VM operation: G1CollectForAllocation
Event: 19.848 Executing VM operation: G1CollectForAllocation done
Event: 19.866 Executing VM operation: G1CollectForAllocation
Event: 19.894 Executing VM operation: G1CollectForAllocation done
Event: 19.958 Executing VM operation: G1TryInitiateConcMark
Event: 19.973 Executing VM operation: G1TryInitiateConcMark done

Events (20 events):
Event: 10.132 Thread 0x000001c5703fda40 Thread added: 0x000001c5703fda40
Event: 10.140 Thread 0x000001c570601820 Thread added: 0x000001c570601820
Event: 10.590 Thread 0x000001c570601820 Thread exited: 0x000001c570601820
Event: 11.249 Thread 0x000001c5703fda40 Thread exited: 0x000001c5703fda40
Event: 14.318 Thread 0x000001c50c7ac730 Thread added: 0x000001c50c7ac730
Event: 14.383 loading class java/lang/invoke/DirectMethodHandle$Special
Event: 14.383 loading class java/lang/invoke/DirectMethodHandle$Special done
Event: 14.558 Thread 0x000001c50c7ac730 Thread exited: 0x000001c50c7ac730
Event: 17.339 Thread 0x000001c570c22bc0 Thread added: 0x000001c570c22bc0
Event: 17.339 Thread 0x000001c5657893e0 Thread added: 0x000001c5657893e0
Event: 19.397 Thread 0x000001c5657893e0 Thread exited: 0x000001c5657893e0
Event: 19.397 Thread 0x000001c570c22bc0 Thread exited: 0x000001c570c22bc0
Event: 19.403 loading class jdk/internal/util/random/RandomSupport
Event: 19.403 loading class jdk/internal/util/random/RandomSupport done
Event: 19.403 loading class java/lang/StrictMath
Event: 19.404 loading class java/lang/StrictMath done
Event: 19.434 Thread 0x000001c5706fcbc0 Thread added: 0x000001c5706fcbc0
Event: 19.496 Thread 0x000001c570c12ed0 Thread added: 0x000001c570c12ed0
Event: 19.740 Thread 0x000001c570c12ed0 Thread exited: 0x000001c570c12ed0
Event: 19.932 Thread 0x000001c5706fcbc0 Thread exited: 0x000001c5706fcbc0


Dynamic libraries:
0x00007ff7a7750000 - 0x00007ff7a775e000 	C:\Users\alex\.p2\pool\plugins\org.eclipse.justj.openjdk.hotspot.jre.full.win32.x86_64_17.0.7.v20230425-1502\jre\bin\javaw.exe
0x00007ff839150000 - 0x00007ff839348000 	C:\WINDOWS\SYSTEM32\ntdll.dll
0x00007ff837f10000 - 0x00007ff837fd2000 	C:\WINDOWS\System32\KERNEL32.DLL
0x00007ff836d10000 - 0x00007ff837006000 	C:\WINDOWS\System32\KERNELBASE.dll
0x00007ff836960000 - 0x00007ff836a60000 	C:\WINDOWS\System32\ucrtbase.dll
0x00007ff833290000 - 0x00007ff8332a7000 	C:\Users\alex\.p2\pool\plugins\org.eclipse.justj.openjdk.hotspot.jre.full.win32.x86_64_17.0.7.v20230425-1502\jre\bin\jli.dll
0x00007ff833260000 - 0x00007ff833279000 	C:\Users\alex\.p2\pool\plugins\org.eclipse.justj.openjdk.hotspot.jre.full.win32.x86_64_17.0.7.v20230425-1502\jre\bin\VCRUNTIME140.dll
0x00007ff837270000 - 0x00007ff837411000 	C:\WINDOWS\System32\USER32.dll
0x00007ff820410000 - 0x00007ff8206ab000 	C:\WINDOWS\WinSxS\amd64_microsoft.windows.common-controls_6595b64144ccf1df_6.0.19041.6456_none_60b8a6cb71f64256\COMCTL32.dll
0x00007ff836a90000 - 0x00007ff836ab2000 	C:\WINDOWS\System32\win32u.dll
0x00007ff837d10000 - 0x00007ff837dae000 	C:\WINDOWS\System32\msvcrt.dll
0x00007ff839080000 - 0x00007ff8390ab000 	C:\WINDOWS\System32\GDI32.dll
0x00007ff837010000 - 0x00007ff837129000 	C:\WINDOWS\System32\gdi32full.dll
0x00007ff836ac0000 - 0x00007ff836b5d000 	C:\WINDOWS\System32\msvcp_win.dll
0x00007ff838d70000 - 0x00007ff838d9f000 	C:\WINDOWS\System32\IMM32.DLL
0x00007ff8332e0000 - 0x00007ff8332ec000 	C:\Users\alex\.p2\pool\plugins\org.eclipse.justj.openjdk.hotspot.jre.full.win32.x86_64_17.0.7.v20230425-1502\jre\bin\vcruntime140_1.dll
0x00007ffff88b0000 - 0x00007ffff8941000 	C:\Users\alex\.p2\pool\plugins\org.eclipse.justj.openjdk.hotspot.jre.full.win32.x86_64_17.0.7.v20230425-1502\jre\bin\msvcp140.dll
0x00007fffd2790000 - 0x00007fffd33d8000 	C:\Users\alex\.p2\pool\plugins\org.eclipse.justj.openjdk.hotspot.jre.full.win32.x86_64_17.0.7.v20230425-1502\jre\bin\server\jvm.dll
0x00007ff838430000 - 0x00007ff8384e1000 	C:\WINDOWS\System32\ADVAPI32.dll
0x00007ff838fe0000 - 0x00007ff83907f000 	C:\WINDOWS\System32\sechost.dll
0x00007ff8382a0000 - 0x00007ff8383c0000 	C:\WINDOWS\System32\RPCRT4.dll
0x00007ff836a60000 - 0x00007ff836a87000 	C:\WINDOWS\System32\bcrypt.dll
0x00007ff821010000 - 0x00007ff821019000 	C:\WINDOWS\SYSTEM32\WSOCK32.dll
0x00007ff82e0a0000 - 0x00007ff82e0aa000 	C:\WINDOWS\SYSTEM32\VERSION.dll
0x00007ff826f90000 - 0x00007ff826fb7000 	C:\WINDOWS\SYSTEM32\WINMM.dll
0x00007ff8383c0000 - 0x00007ff83842b000 	C:\WINDOWS\System32\WS2_32.dll
0x00007ff834720000 - 0x00007ff834732000 	C:\WINDOWS\SYSTEM32\kernel.appcore.dll
0x00007ff831d90000 - 0x00007ff831d9a000 	C:\Users\alex\.p2\pool\plugins\org.eclipse.justj.openjdk.hotspot.jre.full.win32.x86_64_17.0.7.v20230425-1502\jre\bin\jimage.dll
0x00007ff8237e0000 - 0x00007ff8239e1000 	C:\WINDOWS\SYSTEM32\DBGHELP.DLL
0x00007ffffe0b0000 - 0x00007ffffe0e4000 	C:\WINDOWS\SYSTEM32\dbgcore.DLL
0x00007ff8368d0000 - 0x00007ff836952000 	C:\WINDOWS\System32\bcryptPrimitives.dll
0x00007ff82ca80000 - 0x00007ff82caa5000 	C:\Users\alex\.p2\pool\plugins\org.eclipse.justj.openjdk.hotspot.jre.full.win32.x86_64_17.0.7.v20230425-1502\jre\bin\java.dll
0x00007ff81dc90000 - 0x00007ff81dca8000 	C:\Users\alex\.p2\pool\plugins\org.eclipse.justj.openjdk.hotspot.jre.full.win32.x86_64_17.0.7.v20230425-1502\jre\bin\zip.dll
0x00007ff8385a0000 - 0x00007ff838d10000 	C:\WINDOWS\System32\SHELL32.dll
0x00007ff834920000 - 0x00007ff8350c5000 	C:\WINDOWS\SYSTEM32\windows.storage.dll
0x00007ff837420000 - 0x00007ff837774000 	C:\WINDOWS\System32\combase.dll
0x00007ff836220000 - 0x00007ff83624b000 	C:\WINDOWS\SYSTEM32\Wldp.dll
0x00007ff837e30000 - 0x00007ff837efd000 	C:\WINDOWS\System32\OLEAUT32.dll
0x00007ff8381f0000 - 0x00007ff83829d000 	C:\WINDOWS\System32\SHCORE.dll
0x00007ff838f60000 - 0x00007ff838fbb000 	C:\WINDOWS\System32\shlwapi.dll
0x00007ff836800000 - 0x00007ff836824000 	C:\WINDOWS\SYSTEM32\profapi.dll
0x00007ff81d4b0000 - 0x00007ff81d4c9000 	C:\Users\alex\.p2\pool\plugins\org.eclipse.justj.openjdk.hotspot.jre.full.win32.x86_64_17.0.7.v20230425-1502\jre\bin\net.dll
0x00007ff82e340000 - 0x00007ff82e44a000 	C:\WINDOWS\SYSTEM32\WINHTTP.dll
0x00007ff836000000 - 0x00007ff83606a000 	C:\WINDOWS\system32\mswsock.dll
0x00007ff81d3e0000 - 0x00007ff81d3f5000 	C:\Users\alex\.p2\pool\plugins\org.eclipse.justj.openjdk.hotspot.jre.full.win32.x86_64_17.0.7.v20230425-1502\jre\bin\nio.dll
0x00007ffff8790000 - 0x00007ffff880b000 	C:\Users\alex\AppData\Local\Temp\lwjgl_alex\3.3.4+7\x64\lwjgl.dll
0x00007fffe2e50000 - 0x00007fffe2ed5000 	C:\Users\alex\AppData\Local\Temp\lwjgl_alex\3.3.4+7\x64\glfw.dll
0x00007ff80a130000 - 0x00007ff80a175000 	C:\WINDOWS\SYSTEM32\dinput8.dll
0x00007ff820920000 - 0x00007ff820931000 	C:\WINDOWS\SYSTEM32\xinput1_4.dll
0x00007ff836b60000 - 0x00007ff836bae000 	C:\WINDOWS\System32\cfgmgr32.dll
0x00007ff836660000 - 0x00007ff836693000 	C:\WINDOWS\SYSTEM32\DEVOBJ.dll
0x00007ff834340000 - 0x00007ff83436e000 	C:\WINDOWS\SYSTEM32\dwmapi.dll
0x00007ff82b5d0000 - 0x00007ff82b722000 	C:\WINDOWS\SYSTEM32\inputhost.dll
0x00007ff832550000 - 0x00007ff8326a7000 	C:\WINDOWS\SYSTEM32\wintypes.dll
0x00007ff8339d0000 - 0x00007ff833ac2000 	C:\WINDOWS\SYSTEM32\CoreMessaging.dll
0x00007ff831b60000 - 0x00007ff831c54000 	C:\WINDOWS\SYSTEM32\PROPSYS.dll
0x00007ff833670000 - 0x00007ff8339cb000 	C:\WINDOWS\SYSTEM32\CoreUIComponents.dll
0x00007ff835b20000 - 0x00007ff835b53000 	C:\WINDOWS\SYSTEM32\ntmarta.dll
0x00007ff834210000 - 0x00007ff8342ae000 	C:\WINDOWS\system32\uxtheme.dll
0x00007ff837780000 - 0x00007ff837895000 	C:\WINDOWS\System32\MSCTF.dll
0x00007fffdde00000 - 0x00007fffddf28000 	C:\WINDOWS\SYSTEM32\opengl32.dll
0x00007ff8097c0000 - 0x00007ff8097ec000 	C:\WINDOWS\SYSTEM32\GLU32.dll
0x00007ff8384f0000 - 0x00007ff838599000 	C:\WINDOWS\System32\clbcatq.dll
0x00007fff706d0000 - 0x00007fff7368f000 	C:\WINDOWS\System32\DriverStore\FileRepository\nvgbdi.inf_amd64_4a2574804558c4b2\nvoglv64.dll
0x00007ff8378a0000 - 0x00007ff837d10000 	C:\WINDOWS\System32\SETUPAPI.dll
0x00007ff837fe0000 - 0x00007ff83810b000 	C:\WINDOWS\System32\ole32.dll
0x00007ff831e40000 - 0x00007ff831e54000 	C:\WINDOWS\SYSTEM32\WTSAPI32.dll
0x00007ff836190000 - 0x00007ff83619c000 	C:\WINDOWS\SYSTEM32\CRYPTBASE.DLL
0x00007ff836490000 - 0x00007ff8364a2000 	C:\WINDOWS\SYSTEM32\msasn1.dll
0x00007ff82e0b0000 - 0x00007ff82e0e1000 	C:\WINDOWS\SYSTEM32\cryptnet.dll
0x00007ff836bb0000 - 0x00007ff836d0d000 	C:\WINDOWS\System32\CRYPT32.dll
0x00007ff82b1a0000 - 0x00007ff82b2e7000 	C:\WINDOWS\SYSTEM32\drvstore.dll
0x00007ff837130000 - 0x00007ff8371a3000 	C:\WINDOWS\System32\WINTRUST.dll
0x00007ff830ce0000 - 0x00007ff830d1b000 	C:\WINDOWS\SYSTEM32\dxcore.dll
0x00007fffa5530000 - 0x00007fffa57f5000 	C:\WINDOWS\system32\nvspcap64.dll
0x00007ff835dc0000 - 0x00007ff835e0b000 	C:\WINDOWS\SYSTEM32\powrprof.dll
0x00007ff835c90000 - 0x00007ff835ca2000 	C:\WINDOWS\SYSTEM32\UMPDC.dll
0x00007ff835650000 - 0x00007ff8356b3000 	C:\WINDOWS\SYSTEM32\WINSTA.dll
0x00007ff82b8f0000 - 0x00007ff82b9e9000 	C:\WINDOWS\SYSTEM32\textinputframework.dll
0x00007ff807560000 - 0x00007ff8075c6000 	C:\WINDOWS\system32\Oleacc.dll
0x00007ffff8720000 - 0x00007ffff8781000 	C:\Users\alex\AppData\Local\Temp\lwjgl_alex\3.3.4+7\x64\lwjgl_opengl.dll
0x00007fffdf9e0000 - 0x00007fffdfa80000 	C:\Users\alex\AppData\Local\Temp\lwjgl_alex\3.3.4+7\x64\lwjgl_stb.dll
0x00007ff8312c0000 - 0x00007ff8312d0000 	C:\Users\alex\.p2\pool\plugins\org.eclipse.justj.openjdk.hotspot.jre.full.win32.x86_64_17.0.7.v20230425-1502\jre\bin\verify.dll

dbghelp: loaded successfully - version: 4.0.5 - missing functions: none
symbol engine: initialized successfully - sym options: 0x614 - pdb path: .;C:\Users\alex\.p2\pool\plugins\org.eclipse.justj.openjdk.hotspot.jre.full.win32.x86_64_17.0.7.v20230425-1502\jre\bin;C:\WINDOWS\SYSTEM32;C:\WINDOWS\WinSxS\amd64_microsoft.windows.common-controls_6595b64144ccf1df_6.0.19041.6456_none_60b8a6cb71f64256;C:\Users\alex\.p2\pool\plugins\org.eclipse.justj.openjdk.hotspot.jre.full.win32.x86_64_17.0.7.v20230425-1502\jre\bin\server;C:\Users\alex\AppData\Local\Temp\lwjgl_alex\3.3.4+7\x64;C:\WINDOWS\System32\DriverStore\FileRepository\nvgbdi.inf_amd64_4a2574804558c4b2

VM Arguments:
jvm_args: -Dfile.encoding=UTF-8 -XX:+ShowCodeDetailsInExceptionMessages 
java_command: main.Main
java_class_path (initial): D:\Code Space\Java\CurrentRenderingPipeline\bin;D:\Code Space\Java\CurrentRenderingPipeline\lib\jars\jbullet.jar;D:\Code Space\Java\CurrentRenderingPipeline\lib\jars\jinput-2.0.10.jar;D:\Code Space\Java\CurrentRenderingPipeline\lib\jars\joml-1.10.7.jar;D:\Code Space\Java\CurrentRenderingPipeline\lib\jars\joml-1.10.7-javadoc.jar;D:\Code Space\Java\CurrentRenderingPipeline\lib\jars\joml-1.10.7-sources.jar;D:\Code Space\Java\CurrentRenderingPipeline\lib\jars\lwjgl_util.jar;D:\Code Space\Java\CurrentRenderingPipeline\lib\jars\lwjgl.jar;D:\Code Space\Java\CurrentRenderingPipeline\lib\jars\lwjgl-assimp.jar;D:\Code Space\Java\CurrentRenderingPipeline\lib\jars\lwjgl-assimp-javadoc.jar;D:\Code Space\Java\CurrentRenderingPipeline\lib\jars\lwjgl-assimp-natives-windows.jar;D:\Code Space\Java\CurrentRenderingPipeline\lib\jars\lwjgl-assimp-sources.jar;D:\Code Space\Java\CurrentRenderingPipeline\lib\jars\lwjgl-glfw.jar;D:\Code Space\Java\CurrentRenderingPipeline\lib\jars\lwjgl-glfw-javadoc.jar;D:\Code Space\Java\CurrentRenderingPipeline\lib\jars\lwjgl-glfw-natives-windows.jar;D:\Code Space\Java\CurrentRenderingPipeline\lib\jars\lwjgl-glfw-sources.jar;D:\Code Space\Java\CurrentRenderingPipeline\lib\jars\lwjgl-javadoc.jar;D:\Code Space\Java\CurrentRenderingPipeline\lib\jars\lwjgl-natives-windows.jar;D:\Code Space\Java\CurrentRenderingPipeline\lib\jars\lwjgl-openal.jar;D:\Code Space\Java\CurrentRenderingPipeline\lib\jars\lwjgl-openal-javadoc.jar;D:\Code Space\Java\CurrentRenderingPipeline\lib\jars\lwjgl-openal-natives-windows.jar;D:\Code Space\Java\CurrentRenderingPipeline\lib\jars\lwjgl-openal-sources.jar;D:\Code Space\Java\CurrentRenderingPipeline\lib\jars\lwjgl-opengl.jar;D:\Code Space\Java\CurrentRenderingPipeline\lib\jars\lwjgl-opengl-javadoc.jar;D:\Code Space\Java\CurrentRenderingPipeline\lib\jars\lwjgl-opengl-natives-windows.jar;D:\Code Space\Java\CurrentRenderingPipeline\lib\jars\lwjgl-opengl-sources.jar;D:\Code Space\Java\CurrentRenderingPipeline
Launcher Type: SUN_STANDARD

[Global flags]
     intx CICompilerCount                          = 4                                         {product} {ergonomic}
     uint ConcGCThreads                            = 2                                         {product} {ergonomic}
     uint G1ConcRefinementThreads                  = 8                                         {product} {ergonomic}
   size_t G1HeapRegionSize                         = 4194304                                   {product} {ergonomic}
    uintx GCDrainStackTargetSize                   = 64                                        {product} {ergonomic}
   size_t InitialHeapSize                          = 402653184                                 {product} {ergonomic}
   size_t MarkStackSize                            = 4194304                                   {product} {ergonomic}
   size_t MaxHeapSize                              = 6434062336                                {product} {ergonomic}
   size_t MaxNewSize                               = 3858759680                                {product} {ergonomic}
   size_t MinHeapDeltaBytes                        = 4194304                                   {product} {ergonomic}
   size_t MinHeapSize                              = 8388608                                   {product} {ergonomic}
    uintx NonNMethodCodeHeapSize                   = 5839372                                {pd product} {ergonomic}
    uintx NonProfiledCodeHeapSize                  = 122909434                              {pd product} {ergonomic}
    uintx ProfiledCodeHeapSize                     = 122909434                              {pd product} {ergonomic}
    uintx ReservedCodeCacheSize                    = 251658240                              {pd product} {ergonomic}
     bool SegmentedCodeCache                       = true                                      {product} {ergonomic}
     bool ShowCodeDetailsInExceptionMessages       = true                                   {manageable} {command line}
   size_t SoftMaxHeapSize                          = 6434062336                             {manageable} {ergonomic}
     bool UseCompressedClassPointers               = true                           {product lp64_product} {ergonomic}
     bool UseCompressedOops                        = true                           {product lp64_product} {ergonomic}
     bool UseG1GC                                  = true                                      {product} {ergonomic}
     bool UseLargePagesIndividualAllocation        = false                                  {pd product} {ergonomic}

Logging:
Log output configuration:
 #0: stdout all=warning uptime,level,tags
 #1: stderr all=off uptime,level,tags

Environment Variables:
JAVA_HOME=C:\Program Files\Java\jre1.8.0_281\lib
CLASSPATH=C:\Users\Sunbond\Documents\apache-tomcat-8.5.65\lib\servlet-api.jar
PATH=C:/Users/alex/.p2/pool/plugins/org.eclipse.justj.openjdk.hotspot.jre.full.win32.x86_64_17.0.7.v20230425-1502/jre/bin/server;C:/Users/alex/.p2/pool/plugins/org.eclipse.justj.openjdk.hotspot.jre.full.win32.x86_64_17.0.7.v20230425-1502/jre/bin;C:\Python312\Scripts\;C:\Python312\;C:\Program Files\Eclipse Adoptium\jdk-21.0.1.12-hotspot\bin;C:\Python311\Scripts\;C:\Python311\;C:\Program Files\Zulu\zulu-17\bin\;C:\Program Files\Eclipse Foundation\jdk-8.0.302.8-hotspot\bin;C:\PROGRAM FILES (X86)\COMMON FILES\ORACLE\JAVA\JAVAPATH;C:\WINDOWS\SYSTEM32;C:\WINDOWS;C:\WINDOWS\SYSTEM32\WBEM;C:\WINDOWS\SYSTEM32\WINDOWSPOWERSHELL\V1.0\;C:\WINDOWS\SYSTEM32\OPENSSH\;C:\PROGRAM FILES\NVIDIA CORPORATION\NVIDIA NVDLISR;C:\PROGRAM FILES (X86)\NVIDIA CORPORATION\PHYSX\COMMON;C:\PROGRAM FILES\DOTNET\;C:\USERDATA\GIT\CMD;C:\PROGRAM FILES\MICROSOFT SQL SERVER\130\TOOLS\BINN\;C:\PROGRAM FILES\MICROSOFT SQL SERVER\CLIENT SDK\ODBC\170\TOOLS\BINN\;C:\PROGRAM FILES\AZURE DATA STUDIO\BIN;C:\PROGRAM FILES (X86)\MICROSOFT SQL SERVER\150\DTS\BINN\;C:\PROGRAM FILES (X86)\MICROSOFT SQL SERVER\150\TOOLS\BINN\;C:\PROGRAM FILES\MICROSOFT SQL SERVER\150\TOOLS\BINN\;C:\PROGRAM FILES\MICROSOFT SQL SERVER\150\DTS\BINN\;C:\PROGRAM FILES\MICROSOFT SQL SERVER\120\TOOLS\BINN\;C:\MAMP\BIN\PHP\PHP7.4.1\PHP.EXE;C:\MAMP\BIN\PHP\PHP7.4.1\;C:\ProgramData\chocolatey\bin;C:\UserData\Git\cmd;C:\Program Files\sfdx\bin;C:\Program Files\Java\jdk1.8.0_281\lib;C:\Program Files\Java\jre1.8.0_281\lib;C:\MinGW\bin;D:\Code Space\NodeJS\;D:\Android Studio\SDKs\platform-tools;D:\Android Studio\SDKs\emulator;;C:\Program Files\Docker\Docker\resources\bin;C:\Users\alex\AppData\Local\Microsoft\WindowsApps;C:\Users\alex\AppData\Local\Programs\Microsoft VS Code\bin;C:\Users\alex\AppData\Local\GitHubDesktop\bin;C:\Users\alex\.dotnet\tools;C:\Program Files\Java\jre1.8.0_281\lib;C:\Program Files\Java\jdk1.8.0_281\lib;C:\MinGW\bin;C:\Program Files\heroku\bin;C:\Progra~1\sf\bin;C:\Users\alex\AppData\Local\Microsoft\WinGet\Links;C:\Users\alex\
USERNAME=alex
OS=Windows_NT
PROCESSOR_IDENTIFIER=Intel64 Family 6 Model 158 Stepping 9, GenuineIntel
TMP=C:\Users\alex\AppData\Local\Temp
TEMP=C:\Users\alex\AppData\Local\Temp



---------------  S Y S T E M  ---------------

OS:
 Windows 10 , 64 bit Build 19041 (10.0.19041.5915)
OS uptime: 13 days 4:55 hours
Hyper-V role detected

CPU: total 8 (initial active 8) (4 cores per cpu, 2 threads per core) family 6 model 158 stepping 9 microcode 0xb4, cx8, cmov, fxsr, ht, mmx, 3dnowpref, sse, sse2, sse3, ssse3, sse4.1, sse4.2, popcnt, lzcnt, tsc, tscinvbit, avx, avx2, aes, erms, clmul, bmi1, bmi2, rtm, adx, fma, vzeroupper, clflush, clflushopt, hv

Memory: 4k page, system-wide physical 24540M (7415M free)
TotalPageFile size 88028M (AvailPageFile size 43981M)
current process WorkingSet (physical memory assigned to process): 1644M, peak: 1644M
current process commit charge ("private bytes"): 10131M, peak: 10131M

vm_info: OpenJDK 64-Bit Server VM (17.0.7+7) for windows-amd64 JRE (17.0.7+7), built on Apr 18 2023 22:10:42 by "temurin" with MS VC++ 16.7 (VS2019)

END.
