#
# A fatal error has been detected by the Java Runtime Environment:
#
#  EXCEPTION_ACCESS_VIOLATION (0xc0000005) at pc=0x000002c2837ff502, pid=7720, tid=45608
#
# JRE version: OpenJDK Runtime Environment Temurin-17.0.7+7 (17.0.7+7) (build 17.0.7+7)
# Java VM: OpenJDK 64-Bit Server VM Temurin-17.0.7+7 (17.0.7+7, mixed mode, tiered, compressed oops, compressed class ptrs, g1 gc, windows-amd64)
# Problematic frame:
# J 995% c1 loaders.ObjLoader.loadObj(Ljava/lang/String;)Ltoolbox/Mesh; (1827 bytes) @ 0x000002c2837ff502 [0x000002c2837faa60+0x0000000000004aa2]
#
# No core dump will be written. Minidumps are not enabled by default on client versions of Windows
#
# If you would like to submit a bug report, please visit:
#   https://github.com/adoptium/adoptium-support/issues
#

---------------  S U M M A R Y ------------

Command Line: -Dfile.encoding=UTF-8 -XX:+ShowCodeDetailsInExceptionMessages main.Main

Host: Intel(R) Core(TM) i7-7700 CPU @ 3.60GHz, 8 cores, 23G,  Windows 10 , 64 bit Build 19041 (10.0.19041.5915)
Time: Mon Dec 22 11:30:57 2025 US Mountain Standard Time elapsed time: 9.050755 seconds (0d 0h 0m 9s)

---------------  T H R E A D  ---------------

Current thread (0x000002c2fd82b820):  JavaThread "main" [_thread_in_Java, id=45608, stack(0x000000cfc3c00000,0x000000cfc3d00000)]

Stack: [0x000000cfc3c00000,0x000000cfc3d00000],  sp=0x000000cfc3cfeb80,  free space=1018k
Native frames: (J=compiled Java code, j=interpreted, Vv=VM code, C=native code)
C  0x000002c2837ff502


siginfo: EXCEPTION_ACCESS_VIOLATION (0xc0000005), reading address 0x00000005f2e2274c


Register to memory mapping:

RIP=0x000002c2837ff502 is at entry_point+19106 in (nmethod*)0x000002c2837f9b10
RAX=0x0000000680c00000 is an oop: [F 
{0x0000000680c00000} - klass: {type array float}
 - length: 3742365
RBX=0x0000000691221640 is an oop: [Lloaders.ObjLoader$VertexData; 
{0x0000000691221640} - klass: 'loaders/ObjLoader$VertexData'[]
 - length: 340215
RCX=0x00000a6067d2a5ae is an unknown value
RDX=0x0000000000163e23 is an unknown value
RSP=0x000000cfc3cfeb80 is pointing into the stack for thread: 0x000002c2fd82b820
RBP=0x000000cfc3cff070 is pointing into the stack for thread: 0x000002c2fd82b820
RSI=0x00000000000205a6 is an unknown value
RDI=0x0000000000163e24 is an unknown value
R8 =0x00000005f2e22740 is an unknown value
R9 =0x000000069058b060 is an oop: loaders.ObjLoader$VertexData 
{0x000000069058b060} - klass: 'loaders/ObjLoader$VertexData'
 - ---- fields (total size 4 words):
 - 'posIndex' 'I' @12  64590 (fc4e)
 - 'position' 'Lorg/joml/Vector3f;' @16  a 'org/joml/Vector3f'{0x0000000689540960} (d12a812c)
 - 'uv' 'Lorg/joml/Vector2f;' @20  
[error occurred during error reporting (printing register info), id 0xc0000005, EXCEPTION_ACCESS_VIOLATION (0xc0000005) at pc=0x00007fffd2b2239e]

Registers:
RAX=0x0000000680c00000, RBX=0x0000000691221640, RCX=0x00000a6067d2a5ae, RDX=0x0000000000163e23
RSP=0x000000cfc3cfeb80, RBP=0x000000cfc3cff070, RSI=0x00000000000205a6, RDI=0x0000000000163e24
R8 =0x00000005f2e22740, R9 =0x000000069058b060, R10=0x000002c2fb7c1000, R11=0x000002c2a2cdc1b8
R12=0x0000000000000000, R13=0x000000068f5654c0, R14=0x000000068f28f3b0, R15=0x000002c2fd82b820
RIP=0x000002c2837ff502, EFLAGS=0x0000000000010202

Top of Stack: (sp=0x000000cfc3cfeb80)
0x000000cfc3cfeb80:   0000000000000490 000002c2a2cd1e48
0x000000cfc3cfeb90:   00000000000001b8 0000000000000000
0x000000cfc3cfeba0:   000002c2fb5d0410 000000cfc3cfebb4
0x000000cfc3cfebb0:   00000003fd82b820 00000000000000ba
0x000000cfc3cfebc0:   000002c2a2cd13ba 0000000000000000
0x000000cfc3cfebd0:   0000000000000001 0000000000000000
0x000000cfc3cfebe0:   000002c2fd82b820 000000cfc3cfec60
0x000000cfc3cfebf0:   0000000000000000 000000069873f358
0x000000cfc3cfec00:   0000000000000000 000002c2fd82b820
0x000000cfc3cfec10:   000002c2fd82b820 00007fffd2b122e0
0x000000cfc3cfec20:   0000000000000143 0000000000000000
0x000000cfc3cfec30:   0000000000000000 000000069873f3c7
0x000000cfc3cfec40:   0000000600000000 0000000000000000
0x000000cfc3cfec50:   000002c2fd82b820 000000cfc3cff010
0x000000cfc3cfec60:   000002c2a2cd13ba 0000000000000000
0x000000cfc3cfec70:   0000000000000001 000000cfc3cfed30 

Instructions: (pc=0x000002c2837ff502)
0x000002c2837ff402:   87 08 01 00 00 48 8d 34 30 49 3b b7 18 01 00 00
0x000002c2837ff412:   0f 87 5f 4a 00 00 49 89 b7 08 01 00 00 48 2b f0
0x000002c2837ff422:   48 c7 00 01 00 00 00 48 8b ca 49 ba 00 00 00 00
0x000002c2837ff432:   08 00 00 00 49 2b ca 89 48 08 89 58 0c 48 83 ee
0x000002c2837ff442:   10 0f 84 1a 00 00 00 48 85 f6 0f 84 11 00 00 00
0x000002c2837ff452:   48 33 db 48 c1 ee 03 48 89 5c f0 08 48 ff ce 75
0x000002c2837ff462:   f6 48 89 84 24 70 03 00 00 49 b8 a8 cb cd a2 c2
0x000002c2837ff472:   02 00 00 41 ff 80 08 13 00 00 be 00 00 00 00 bf
0x000002c2837ff482:   00 00 00 00 e9 12 02 00 00 0f 1f 44 00 00 3b 73
0x000002c2837ff492:   0c 0f 83 e8 49 00 00 4c 63 c6 46 8b 4c 83 10 49
0x000002c2837ff4a2:   c1 e1 03 45 8b 41 10 49 c1 e0 03 c4 c1 7a 10 40
0x000002c2837ff4b2:   0c 3b 78 0c 0f 83 dd 49 00 00 48 63 d7 c5 fa 11
0x000002c2837ff4c2:   44 90 10 c4 c1 7a 10 40 10 ff c7 3b 78 0c 0f 83
0x000002c2837ff4d2:   d1 49 00 00 48 63 d7 c5 fa 11 44 90 10 c4 c1 7a
0x000002c2837ff4e2:   10 40 14 ff c7 3b 78 0c 0f 83 c5 49 00 00 4c 63
0x000002c2837ff4f2:   c7 c4 a1 7a 11 44 80 10 45 8b 41 14 49 c1 e0 03
0x000002c2837ff502:   c4 c1 7a 10 40 0c ff c7 3b 78 0c 0f 83 b5 49 00
0x000002c2837ff512:   00 48 63 d7 c5 fa 11 44 90 10 c4 c1 7a 10 40 10
0x000002c2837ff522:   ff c7 3b 78 0c 0f 83 a9 49 00 00 4c 63 c7 c4 a1
0x000002c2837ff532:   7a 11 44 80 10 45 8b 41 18 49 c1 e0 03 c4 c1 7a
0x000002c2837ff542:   10 40 0c ff c7 3b 78 0c 0f 83 99 49 00 00 48 63
0x000002c2837ff552:   d7 c5 fa 11 44 90 10 c4 c1 7a 10 40 10 ff c7 3b
0x000002c2837ff562:   78 0c 0f 83 8d 49 00 00 48 63 d7 c5 fa 11 44 90
0x000002c2837ff572:   10 c4 c1 7a 10 40 14 ff c7 3b 78 0c 0f 83 81 49
0x000002c2837ff582:   00 00 4c 63 c7 c4 a1 7a 11 44 80 10 41 8b 51 1c
0x000002c2837ff592:   48 c1 e2 03 48 3b 02 4c 8b c2 49 bb a8 cb cd a2
0x000002c2837ff5a2:   c2 02 00 00 49 ba f0 0e 0e 00 08 00 00 00 4d 89
0x000002c2837ff5b2:   93 30 13 00 00 49 83 83 38 13 00 00 01 ff c7 49
0x000002c2837ff5c2:   b8 b8 c1 cd a2 c2 02 00 00 45 8b 98 cc 00 00 00
0x000002c2837ff5d2:   41 83 c3 02 45 89 98 cc 00 00 00 41 81 e3 fe ff
0x000002c2837ff5e2:   1f 00 41 83 fb 00 0f 84 2a 49 00 00 4c 8b c2 49
0x000002c2837ff5f2:   bb b8 c1 cd a2 c2 02 00 00 49 83 83 28 01 00 00 


Stack slot to memory mapping:
stack at sp + 0 slots: 0x0000000000000490 is an unknown value
stack at sp + 1 slots: {method} {0x000002c2a2cd1e50} 'loadObj' '(Ljava/lang/String;)Ltoolbox/Mesh;' in 'loaders/ObjLoader'
stack at sp + 2 slots: 0x00000000000001b8 is an unknown value
stack at sp + 3 slots: 0x0 is NULL
stack at sp + 4 slots: 0x000002c2fb5d0410 points into unknown readable memory: 0x0000000000000000 | 00 00 00 00 00 00 00 00
stack at sp + 5 slots: 0x000000cfc3cfebb4 is pointing into the stack for thread: 0x000002c2fd82b820
stack at sp + 6 slots: 0x00000003fd82b820 is an unknown value
stack at sp + 7 slots: 0x00000000000000ba is an unknown value

--------------------------------------------------------------------------------

[Constant Pool]
             Address          hex4                    hex8      
  0x000002c2837faa20:   0x00000000      0x412e848000000000      
  0x000002c2837faa24:   0x412e8480                              
  0x000002c2837faa28:   0x00000000      0x412e848000000000      
  0x000002c2837faa2c:   0x412e8480                              
  0x000002c2837faa30:   0x00000000      0x412e848000000000      
  0x000002c2837faa34:   0x412e8480                              
  0x000002c2837faa38:   0x00000000      0x412e848000000000      
  0x000002c2837faa3c:   0x412e8480                              
  0x000002c2837faa40:   0x00000000      0x412e848000000000      
  0x000002c2837faa44:   0x412e8480                              
  0x000002c2837faa48:   0x00000000      0x412e848000000000      
  0x000002c2837faa4c:   0x412e8480                              
  0x000002c2837faa50:   0x00000000      0x412e848000000000      
  0x000002c2837faa54:   0x412e8480                              
  0x000002c2837faa58:   0xf4f4f4f4      0xf4f4f4f4f4f4f4f4      
  0x000002c2837faa5c:   0xf4f4f4f4                              

--------------------------------------------------------------------------------

[MachCode]
  0x000002c2837faa60: 8984 2400 | 90ff ff55 | 4881 ec80 | 0400 0048 | 8994 24d8 | 0000 0048 | bea8 cbcd | a2c2 0200 
  0x000002c2837faa80: 008b becc | 0000 0083 | c702 89be | cc00 0000 | 81e7 fe07 | 0000 83ff | 000f 8434 | 8500 0048 
  0x000002c2837faaa0: bea8 cbcd | a2c2 0200 | 0048 8386 | 1001 0000 | 0149 bad0 | 2ae0 d2ff | 7f00 0041 | ffd2 4889 
  0x000002c2837faac0: 8424 e000 | 0000 49b8 | c8b4 9780 | 0600 0000 | 418b 9090 | 0000 0048 | c1e2 0348 | 3b02 4c8b 
  0x000002c2837faae0: c248 bea8 | cbcd a2c2 | 0200 0045 | 8b40 0849 | ba00 0000 | 0008 0000 | 004d 03c2 | 4c3b 8630 
  0x000002c2837fab00: 0100 0075 | 0d48 8386 | 3801 0000 | 01e9 6600 | 0000 4c3b | 8640 0100 | 0075 0d48 | 8386 4801 
  0x000002c2837fab20: 0000 01e9 | 5000 0000 | 4881 be30 | 0100 0000 | 0000 0075 | 174c 8986 | 3001 0000 | 48c7 8638 
  0x000002c2837fab40: 0100 0001 | 0000 00e9 | 2c00 0000 | 4881 be40 | 0100 0000 | 0000 0075 | 174c 8986 | 4001 0000 
  0x000002c2837fab60: 48c7 8648 | 0100 0001 | 0000 00e9 | 0800 0000 | 4883 8620 | 0100 0001 | 4c8b 8424 | d800 0000 
  0x000002c2837fab80: 0f1f 4400 | 0048 b8ff | ffff ffff | ffff ffe8 | ec6a 3707 | 83f8 0049 | b8a8 cbcd | a2c2 0200 
  0x000002c2837faba0: 0048 ba68 | 0100 0000 | 0000 000f | 850a 0000 | 0048 ba58 | 0100 0000 | 0000 0049 | 8b34 1048 
  0x000002c2837fabc0: 8d76 0149 | 8934 1048 | 8b94 24d8 | 0000 000f | 8555 7800 | 0048 3b02 | 4c8b c248 | bea8 cbcd 
  0x000002c2837fabe0: a2c2 0200 | 0048 8386 | e801 0000 | 0149 b830 | 6ea5 a2c2 | 0200 0041 | 8bb0 cc00 | 0000 83c6 
  0x000002c2837fac00: 0241 89b0 | cc00 0000 | 81e6 feff | 1f00 83fe | 000f 84e7 | 8300 0049 | b898 6c97 | 8006 0000 
  0x000002c2837fac20: 0049 8bf0 | 48bf 306e | a5a2 c202 | 0000 49ba | 581b 0400 | 0800 0000 | 4c89 9720 | 0100 0048 
  0x000002c2837fac40: 8387 2801 | 0000 0148 | be20 d775 | a2c2 0200 | 008b becc | 0000 0083 | c702 89be | cc00 0000 
  0x000002c2837fac60: 81e7 feff | 1f00 83ff | 000f 84b0 | 8300 0048 | 8bf2 48bf | 306e a5a2 | c202 0000 | 4883 8748 
  0x000002c2837fac80: 0100 0001 | 488b f248 | 8bd6 0f1f | 4400 00e8 | ec66 3707 | 83f8 0048 | ba30 6ea5 | a2c2 0200 
  0x000002c2837faca0: 0048 be80 | 0100 0000 | 0000 000f | 8c0a 0000 | 0048 be90 | 0100 0000 | 0000 0048 | 8b3c 3248 
  0x000002c2837facc0: 8d7f 0148 | 893c 320f | 8c1a 0000 | 0048 ba30 | 6ea5 a2c2 | 0200 00ff | 82a0 0100 | 00ba 0100 
  0x000002c2837face0: 0000 e905 | 0000 00ba | 0000 0000 | 83e2 0183 | fa00 48ba | a8cb cda2 | c202 0000 | 48be 2002 
  0x000002c2837fad00: 0000 0000 | 0000 0f84 | 0a00 0000 | 48be 3002 | 0000 0000 | 0000 488b | 3c32 488d | 7f01 4889 
  0x000002c2837fad20: 3c32 0f84 | 8103 0000 | 48ba b800 | 0700 0800 | 0000 498b | 8708 0100 | 0048 8d78 | 2049 3bbf 
  0x000002c2837fad40: 1801 0000 | 0f87 f682 | 0000 4989 | bf08 0100 | 0048 c700 | 0100 0000 | 488b ca49 | ba00 0000 
  0x000002c2837fad60: 0008 0000 | 0049 2bca | 8948 0848 | 33c9 8948 | 0c48 33c9 | 4889 4810 | 4889 4818 | 4889 8424 
  0x000002c2837fad80: f000 0000 | 48ba b8f7 | 0400 0800 | 0000 498b | 8708 0100 | 0048 8d78 | 1849 3bbf | 1801 0000 
  0x000002c2837fada0: 0f87 a782 | 0000 4989 | bf08 0100 | 0048 c700 | 0100 0000 | 488b ca49 | ba00 0000 | 0008 0000 
  0x000002c2837fadc0: 0049 2bca | 8948 0848 | 33c9 8948 | 0c48 33c9 | 4889 4810 | 4c8b c048 | baa8 cbcd | a2c2 0200 
  0x000002c2837fade0: 0048 8382 | 4002 0000 | 0149 b830 | 70a5 a2c2 | 0200 0041 | 8b90 cc00 | 0000 83c2 | 0241 8990 
  0x000002c2837fae00: cc00 0000 | 81e2 feff | 1f00 83fa | 000f 8447 | 8200 004c | 8bc0 48ba | 3070 a5a2 | c202 0000 
  0x000002c2837fae20: 4883 8210 | 0100 0001 | 49b8 5817 | 9680 0600 | 0000 488b | d048 8984 | 24e8 0000 | 0066 90e8 
  0x000002c2837fae40: 3c65 3707 | 488b 8424 | e800 0000 | 49b8 a8cb | cda2 c202 | 0000 4983 | 8050 0200 | 0001 49b8 
  0x000002c2837fae60: 6093 3fa2 | c202 0000 | 418b 90cc | 0000 0083 | c202 4189 | 90cc 0000 | 0081 e2fe | ff1f 0083 
  0x000002c2837fae80: fa00 0f84 | f381 0000 | 488b 8424 | e800 0000 | 49b8 6093 | 3fa2 c202 | 0000 4983 | 8010 0100 
  0x000002c2837faea0: 0001 4c8b | 8424 d800 | 0000 488b | 9424 e800 | 0000 0f1f | 4400 00e8 | c464 3707 | 488b 8424 
  0x000002c2837faec0: e800 0000 | 48ba a8cb | cda2 c202 | 0000 4883 | 8288 0200 | 0001 48ba | 789f 3fa2 | c202 0000 
  0x000002c2837faee0: 448b 82cc | 0000 0041 | 83c0 0244 | 8982 cc00 | 0000 4181 | e0fe ff1f | 0041 83f8 | 000f 8499 
  0x000002c2837faf00: 8100 0048 | 8b84 24e8 | 0000 0048 | ba78 9f3f | a2c2 0200 | 0048 8382 | 1001 0000 | 0148 ba30 
  0x000002c2837faf20: 1435 a2c2 | 0200 0044 | 8b82 cc00 | 0000 4183 | c002 4489 | 82cc 0000 | 0041 81e0 | feff 1f00 
  0x000002c2837faf40: 4183 f800 | 0f84 7381 | 0000 48ba | 3014 35a2 | c202 0000 | ff82 2001 | 0000 488b | 8424 e800 
  0x000002c2837faf60: 0000 0fbe | 5010 83fa | 0048 ba30 | 1435 a2c2 | 0200 0049 | b830 0100 | 0000 0000 | 000f 850a 
  0x000002c2837faf80: 0000 0049 | b840 0100 | 0000 0000 | 004e 8b0c | 024d 8d49 | 014e 890c | 020f 851a | 0000 0048 
  0x000002c2837fafa0: ba30 1435 | a2c2 0200 | 00ff 8250 | 0100 00ba | 0100 0000 | e905 0000 | 00ba 0000 | 0000 83e2 
  0x000002c2837fafc0: 0183 fa00 | 48ba 789f | 3fa2 c202 | 0000 49b8 | 4801 0000 | 0000 0000 | 0f84 0a00 | 0000 49b8 
  0x000002c2837fafe0: 5801 0000 | 0000 0000 | 4e8b 0c02 | 4d8d 4901 | 4e89 0c02 | 0f84 3f00 | 0000 8b50 | 1448 c1e2 
  0x000002c2837fb000: 0344 8b48 | 0c49 b878 | 9f3f a2c2 | 0200 0049 | 8380 6801 | 0000 0141 | b800 0000 | 0066 90e8 
  0x000002c2837fb020: 5c69 3707 | 48ba 789f | 3fa2 c202 | 0000 ff82 | 7801 0000 | e92b 0000 | 008b 5014 | 48c1 e203 
  0x000002c2837fb040: 448b 480c | 49b8 789f | 3fa2 c202 | 0000 4983 | 8090 0100 | 0001 41b8 | 0000 0000 | 6666 90e8 
  0x000002c2837fb060: 1c69 3707 | 488b b424 | f000 0000 | 4c8b c648 | baa8 cbcd | a2c2 0200 | 0048 8382 | c002 0000 
  0x000002c2837fb080: 014c 8bc0 | 488b d6e8 | f462 3707 | 48ba a8cb | cda2 c202 | 0000 ff82 | d002 0000 | 488b 8424 
  0x000002c2837fb0a0: f000 0000 | e9e3 0300 | 0048 bab8 | 0007 0008 | 0000 0049 | 8b87 0801 | 0000 488d | 7820 493b 
  0x000002c2837fb0c0: bf18 0100 | 000f 8713 | 8000 0049 | 89bf 0801 | 0000 48c7 | 0001 0000 | 0048 8bca | 49ba 0000 
  0x000002c2837fb0e0: 0000 0800 | 0000 492b | ca89 4808 | 4833 c989 | 480c 4833 | c948 8948 | 1048 8948 | 1848 8984 
  0x000002c2837fb100: 2400 0100 | 0048 bab8 | f704 0008 | 0000 0049 | 8b87 0801 | 0000 488d | 7818 493b | bf18 0100 
  0x000002c2837fb120: 000f 87c4 | 7f00 0049 | 89bf 0801 | 0000 48c7 | 0001 0000 | 0048 8bca | 49ba 0000 | 0000 0800 
  0x000002c2837fb140: 0000 492b | ca89 4808 | 4833 c989 | 480c 4833 | c948 8948 | 104c 8bc0 | 48ba a8cb | cda2 c202 
  0x000002c2837fb160: 0000 4883 | 82e8 0200 | 0001 49b8 | 3070 a5a2 | c202 0000 | 418b 90cc | 0000 0083 | c202 4189 
  0x000002c2837fb180: 90cc 0000 | 0081 e2fe | ff1f 0083 | fa00 0f84 | 647f 0000 | 4c8b c048 | ba30 70a5 | a2c2 0200 
  0x000002c2837fb1a0: 0048 8382 | 1001 0000 | 0149 b858 | 1796 8006 | 0000 0048 | 8bd0 4889 | 8424 f800 | 0000 90e8 
  0x000002c2837fb1c0: bc61 3707 | 488b 8424 | f800 0000 | 49b8 a8cb | cda2 c202 | 0000 4983 | 80f8 0200 | 0001 49b8 
  0x000002c2837fb1e0: 6093 3fa2 | c202 0000 | 418b 90cc | 0000 0083 | c202 4189 | 90cc 0000 | 0081 e2fe | ff1f 0083 
  0x000002c2837fb200: fa00 0f84 | 117f 0000 | 488b 8424 | f800 0000 | 49b8 6093 | 3fa2 c202 | 0000 4983 | 8010 0100 
  0x000002c2837fb220: 0001 4c8b | 8424 d800 | 0000 488b | 9424 f800 | 0000 0f1f | 4400 00e8 | 4461 3707 | 488b 8424 
  0x000002c2837fb240: f800 0000 | 49b8 a8cb | cda2 c202 | 0000 4983 | 8030 0300 | 0001 49b8 | 6093 3fa2 | c202 0000 
  0x000002c2837fb260: 418b 90cc | 0000 0083 | c202 4189 | 90cc 0000 | 0081 e2fe | ff1f 0083 | fa00 0f84 | ba7e 0000 
  0x000002c2837fb280: 488b 8424 | f800 0000 | 49b8 6093 | 3fa2 c202 | 0000 4983 | 8010 0100 | 0001 49b8 | 986c 9780 
  0x000002c2837fb2a0: 0600 0000 | 488b 9424 | f800 0000 | 6666 90e8 | cc60 3707 | 488b 8424 | f800 0000 | 48ba a8cb 
  0x000002c2837fb2c0: cda2 c202 | 0000 4883 | 8268 0300 | 0001 48ba | 789f 3fa2 | c202 0000 | 448b 82cc | 0000 0041 
  0x000002c2837fb2e0: 83c0 0244 | 8982 cc00 | 0000 4181 | e0fe ff1f | 0041 83f8 | 000f 8460 | 7e00 0048 | 8b84 24f8 
  0x000002c2837fb300: 0000 0048 | ba78 9f3f | a2c2 0200 | 0048 8382 | 1001 0000 | 0148 ba30 | 1435 a2c2 | 0200 0044 
  0x000002c2837fb320: 8b82 cc00 | 0000 4183 | c002 4489 | 82cc 0000 | 0041 81e0 | feff 1f00 | 4183 f800 | 0f84 3a7e 
  0x000002c2837fb340: 0000 48ba | 3014 35a2 | c202 0000 | ff82 2001 | 0000 488b | 8424 f800 | 0000 0fbe | 5010 83fa 
  0x000002c2837fb360: 0048 ba30 | 1435 a2c2 | 0200 0049 | b830 0100 | 0000 0000 | 000f 850a | 0000 0049 | b840 0100 
  0x000002c2837fb380: 0000 0000 | 004e 8b0c | 024d 8d49 | 014e 890c | 020f 851a | 0000 0048 | ba30 1435 | a2c2 0200 
  0x000002c2837fb3a0: 00ff 8250 | 0100 00ba | 0100 0000 | e905 0000 | 00ba 0000 | 0000 83e2 | 0183 fa00 | 48ba 789f 
  0x000002c2837fb3c0: 3fa2 c202 | 0000 49b8 | 4801 0000 | 0000 0000 | 0f84 0a00 | 0000 49b8 | 5801 0000 | 0000 0000 
  0x000002c2837fb3e0: 4e8b 0c02 | 4d8d 4901 | 4e89 0c02 | 0f84 3f00 | 0000 8b50 | 1448 c1e2 | 0344 8b48 | 0c49 b878 
  0x000002c2837fb400: 9f3f a2c2 | 0200 0049 | 8380 6801 | 0000 0141 | b800 0000 | 0066 90e8 | 6465 3707 | 48ba 789f 
  0x000002c2837fb420: 3fa2 c202 | 0000 ff82 | 7801 0000 | e92b 0000 | 008b 5014 | 48c1 e203 | 448b 480c | 49b8 789f 
  0x000002c2837fb440: 3fa2 c202 | 0000 4983 | 8090 0100 | 0001 41b8 | 0000 0000 | 6666 90e8 | 2465 3707 | 488b b424 
  0x000002c2837fb460: 0001 0000 | 4c8b c648 | baa8 cbcd | a2c2 0200 | 0048 8382 | a003 0000 | 014c 8bc0 | 488b d6e8 
  0x000002c2837fb480: fc5e 3707 | 488b 8424 | 0001 0000 | 4889 8424 | 0801 0000 | 48ba a038 | 0500 0800 | 0000 498b 
  0x000002c2837fb4a0: 8708 0100 | 0048 8d78 | 1849 3bbf | 1801 0000 | 0f87 e77c | 0000 4989 | bf08 0100 | 0048 c700 
  0x000002c2837fb4c0: 0100 0000 | 488b ca49 | ba00 0000 | 0008 0000 | 0049 2bca | 8948 0848 | 33c9 8948 | 0c48 33c9 
  0x000002c2837fb4e0: 4889 4810 | 488b d048 | bea8 cbcd | a2c2 0200 | 0048 8386 | b003 0000 | 0148 ba10 | 8da0 a2c2 
  0x000002c2837fb500: 0200 008b | b2cc 0000 | 0083 c602 | 89b2 cc00 | 0000 81e6 | feff 1f00 | 83fe 000f | 8489 7c00 
  0x000002c2837fb520: 0048 8bd0 | 48be 108d | a0a2 c202 | 0000 4883 | 8610 0100 | 0001 48ba | 68ab 47a2 | c202 0000 
  0x000002c2837fb540: 8bb2 cc00 | 0000 83c6 | 0289 b2cc | 0000 0081 | e6fe ff1f | 0083 fe00 | 0f84 6d7c | 0000 488b 
  0x000002c2837fb560: d048 be68 | ab47 a2c2 | 0200 0048 | 8386 1001 | 0000 0148 | baf8 ec29 | a2c2 0200 | 008b b2cc 
  0x000002c2837fb580: 0000 0083 | c602 89b2 | cc00 0000 | 81e6 feff | 1f00 83fe | 000f 8451 | 7c00 0048 | 8bd0 48be 
  0x000002c2837fb5a0: f8ec 29a2 | c202 0000 | 4883 8610 | 0100 0001 | 48ba c884 | 24a2 c202 | 0000 8bb2 | cc00 0000 
  0x000002c2837fb5c0: 83c6 0289 | b2cc 0000 | 0081 e6fe | ff1f 0083 | fe00 0f84 | 357c 0000 | 48ba d01b | 8080 0600 
  0x000002c2837fb5e0: 0000 410f | be57 3883 | fa00 0f85 | 3e7c 0000 | 49ba d01b | 8080 0600 | 0000 49c1 | ea03 4489 
  0x000002c2837fb600: 5014 48ba | d01b 8080 | 0600 0000 | 488b f048 | 33f2 48c1 | ee16 4883 | fe00 0f85 | 2d7c 0000 
  0x000002c2837fb620: 48ba a038 | 0500 0800 | 0000 4889 | 8424 3801 | 0000 498b | 8708 0100 | 0048 8d78 | 1849 3bbf 
  0x000002c2837fb640: 1801 0000 | 0f87 1b7c | 0000 4989 | bf08 0100 | 0048 c700 | 0100 0000 | 488b ca49 | ba00 0000 
  0x000002c2837fb660: 0008 0000 | 0049 2bca | 8948 0848 | 33c9 8948 | 0c48 33c9 | 4889 4810 | 488b d048 | bea8 cbcd 
  0x000002c2837fb680: a2c2 0200 | 0048 8386 | c003 0000 | 0148 ba10 | 8da0 a2c2 | 0200 008b | b2cc 0000 | 0083 c602 
  0x000002c2837fb6a0: 89b2 cc00 | 0000 81e6 | feff 1f00 | 83fe 000f | 84bd 7b00 | 0048 8bd0 | 48be 108d | a0a2 c202 
  0x000002c2837fb6c0: 0000 4883 | 8610 0100 | 0001 48ba | 68ab 47a2 | c202 0000 | 8bb2 cc00 | 0000 83c6 | 0289 b2cc 
  0x000002c2837fb6e0: 0000 0081 | e6fe ff1f | 0083 fe00 | 0f84 a17b | 0000 488b | d048 be68 | ab47 a2c2 | 0200 0048 
  0x000002c2837fb700: 8386 1001 | 0000 0148 | baf8 ec29 | a2c2 0200 | 008b b2cc | 0000 0083 | c602 89b2 | cc00 0000 
  0x000002c2837fb720: 81e6 feff | 1f00 83fe | 000f 8485 | 7b00 0048 | 8bd0 48be | f8ec 29a2 | c202 0000 | 4883 8610 
  0x000002c2837fb740: 0100 0001 | 48ba c884 | 24a2 c202 | 0000 8bb2 | cc00 0000 | 83c6 0289 | b2cc 0000 | 0081 e6fe 
  0x000002c2837fb760: ff1f 0083 | fe00 0f84 | 697b 0000 | 410f be57 | 3883 fa00 | 0f85 7c7b | 0000 49ba | d01b 8080 
  0x000002c2837fb780: 0600 0000 | 49c1 ea03 | 4489 5014 | 48ba d01b | 8080 0600 | 0000 488b | f048 33f2 | 48c1 ee16 
  0x000002c2837fb7a0: 4883 fe00 | 0f85 6b7b | 0000 48ba | a038 0500 | 0800 0000 | 4889 8424 | 3001 0000 | 498b 8708 
  0x000002c2837fb7c0: 0100 0048 | 8d78 1849 | 3bbf 1801 | 0000 0f87 | 597b 0000 | 4989 bf08 | 0100 0048 | c700 0100 
  0x000002c2837fb7e0: 0000 488b | ca49 ba00 | 0000 0008 | 0000 0049 | 2bca 8948 | 0848 33c9 | 8948 0c48 | 33c9 4889 
  0x000002c2837fb800: 4810 488b | d048 bea8 | cbcd a2c2 | 0200 0048 | 8386 d003 | 0000 0148 | ba10 8da0 | a2c2 0200 
  0x000002c2837fb820: 008b b2cc | 0000 0083 | c602 89b2 | cc00 0000 | 81e6 feff | 1f00 83fe | 000f 84fb | 7a00 0048 
  0x000002c2837fb840: 8bd0 48be | 108d a0a2 | c202 0000 | 4883 8610 | 0100 0001 | 48ba 68ab | 47a2 c202 | 0000 8bb2 
  0x000002c2837fb860: cc00 0000 | 83c6 0289 | b2cc 0000 | 0081 e6fe | ff1f 0083 | fe00 0f84 | df7a 0000 | 488b d048 
  0x000002c2837fb880: be68 ab47 | a2c2 0200 | 0048 8386 | 1001 0000 | 0148 baf8 | ec29 a2c2 | 0200 008b | b2cc 0000 
  0x000002c2837fb8a0: 0083 c602 | 89b2 cc00 | 0000 81e6 | feff 1f00 | 83fe 000f | 84c3 7a00 | 0048 8bd0 | 48be f8ec 
  0x000002c2837fb8c0: 29a2 c202 | 0000 4883 | 8610 0100 | 0001 48ba | c884 24a2 | c202 0000 | 8bb2 cc00 | 0000 83c6 
  0x000002c2837fb8e0: 0289 b2cc | 0000 0081 | e6fe ff1f | 0083 fe00 | 0f84 a77a | 0000 410f | be57 3883 | fa00 0f85 
  0x000002c2837fb900: ba7a 0000 | 49ba d01b | 8080 0600 | 0000 49c1 | ea03 4489 | 5014 48ba | d01b 8080 | 0600 0000 
  0x000002c2837fb920: 488b f048 | 33f2 48c1 | ee16 4883 | fe00 0f85 | a97a 0000 | 48ba a038 | 0500 0800 | 0000 4889 
  0x000002c2837fb940: 8424 2801 | 0000 498b | 8708 0100 | 0048 8d78 | 1849 3bbf | 1801 0000 | 0f87 977a | 0000 4989 
  0x000002c2837fb960: bf08 0100 | 0048 c700 | 0100 0000 | 488b ca49 | ba00 0000 | 0008 0000 | 0049 2bca | 8948 0848 
  0x000002c2837fb980: 33c9 8948 | 0c48 33c9 | 4889 4810 | 488b d048 | bea8 cbcd | a2c2 0200 | 0048 8386 | e003 0000 
  0x000002c2837fb9a0: 0148 ba10 | 8da0 a2c2 | 0200 008b | b2cc 0000 | 0083 c602 | 89b2 cc00 | 0000 81e6 | feff 1f00 
  0x000002c2837fb9c0: 83fe 000f | 8439 7a00 | 0048 8bd0 | 48be 108d | a0a2 c202 | 0000 4883 | 8610 0100 | 0001 48ba 
  0x000002c2837fb9e0: 68ab 47a2 | c202 0000 | 8bb2 cc00 | 0000 83c6 | 0289 b2cc | 0000 0081 | e6fe ff1f | 0083 fe00 
  0x000002c2837fba00: 0f84 1d7a | 0000 488b | d048 be68 | ab47 a2c2 | 0200 0048 | 8386 1001 | 0000 0148 | baf8 ec29 
  0x000002c2837fba20: a2c2 0200 | 008b b2cc | 0000 0083 | c602 89b2 | cc00 0000 | 81e6 feff | 1f00 83fe | 000f 8401 
  0x000002c2837fba40: 7a00 0048 | 8bd0 48be | f8ec 29a2 | c202 0000 | 4883 8610 | 0100 0001 | 48ba c884 | 24a2 c202 
  0x000002c2837fba60: 0000 8bb2 | cc00 0000 | 83c6 0289 | b2cc 0000 | 0081 e6fe | ff1f 0083 | fe00 0f84 | e579 0000 
  0x000002c2837fba80: 410f be57 | 3883 fa00 | 0f85 f879 | 0000 49ba | d01b 8080 | 0600 0000 | 49c1 ea03 | 4489 5014 
  0x000002c2837fbaa0: 48ba d01b | 8080 0600 | 0000 488b | f048 33f2 | 48c1 ee16 | 4883 fe00 | 0f85 e779 | 0000 48ba 
  0x000002c2837fbac0: a038 0500 | 0800 0000 | 4889 8424 | 2001 0000 | 498b 8708 | 0100 0048 | 8d78 1849 | 3bbf 1801 
  0x000002c2837fbae0: 0000 0f87 | d579 0000 | 4989 bf08 | 0100 0048 | c700 0100 | 0000 488b | ca49 ba00 | 0000 0008 
  0x000002c2837fbb00: 0000 0049 | 2bca 8948 | 0848 33c9 | 8948 0c48 | 33c9 4889 | 4810 488b | d048 bea8 | cbcd a2c2 
  0x000002c2837fbb20: 0200 0048 | 8386 f003 | 0000 0148 | ba10 8da0 | a2c2 0200 | 008b b2cc | 0000 0083 | c602 89b2 
  0x000002c2837fbb40: cc00 0000 | 81e6 feff | 1f00 83fe | 000f 8477 | 7900 0048 | 8bd0 48be | 108d a0a2 | c202 0000 
  0x000002c2837fbb60: 4883 8610 | 0100 0001 | 48ba 68ab | 47a2 c202 | 0000 8bb2 | cc00 0000 | 83c6 0289 | b2cc 0000 
  0x000002c2837fbb80: 0081 e6fe | ff1f 0083 | fe00 0f84 | 5b79 0000 | 488b d048 | be68 ab47 | a2c2 0200 | 0048 8386 
  0x000002c2837fbba0: 1001 0000 | 0148 baf8 | ec29 a2c2 | 0200 008b | b2cc 0000 | 0083 c602 | 89b2 cc00 | 0000 81e6 
  0x000002c2837fbbc0: feff 1f00 | 83fe 000f | 843f 7900 | 0048 8bd0 | 48be f8ec | 29a2 c202 | 0000 4883 | 8610 0100 
  0x000002c2837fbbe0: 0001 48ba | c884 24a2 | c202 0000 | 8bb2 cc00 | 0000 83c6 | 0289 b2cc | 0000 0081 | e6fe ff1f 
  0x000002c2837fbc00: 0083 fe00 | 0f84 2379 | 0000 410f | be57 3883 | fa00 0f85 | 3679 0000 | 49ba d01b | 8080 0600 
  0x000002c2837fbc20: 0000 49c1 | ea03 4489 | 5014 48ba | d01b 8080 | 0600 0000 | 488b f048 | 33f2 48c1 | ee16 4883 
  0x000002c2837fbc40: fe00 0f85 | 2579 0000 | 48ba a038 | 0500 0800 | 0000 4889 | 8424 1801 | 0000 498b | 8708 0100 
  0x000002c2837fbc60: 0048 8d78 | 1849 3bbf | 1801 0000 | 0f87 1379 | 0000 4989 | bf08 0100 | 0048 c700 | 0100 0000 
  0x000002c2837fbc80: 488b ca49 | ba00 0000 | 0008 0000 | 0049 2bca | 8948 0848 | 33c9 8948 | 0c48 33c9 | 4889 4810 
  0x000002c2837fbca0: 488b f048 | bfa8 cbcd | a2c2 0200 | 0048 8387 | 0004 0000 | 0148 be10 | 8da0 a2c2 | 0200 008b 
  0x000002c2837fbcc0: becc 0000 | 0083 c702 | 89be cc00 | 0000 81e7 | feff 1f00 | 83ff 000f | 84b5 7800 | 0048 8bf0 
  0x000002c2837fbce0: 48bf 108d | a0a2 c202 | 0000 4883 | 8710 0100 | 0001 48be | 68ab 47a2 | c202 0000 | 8bbe cc00 
  0x000002c2837fbd00: 0000 83c7 | 0289 becc | 0000 0081 | e7fe ff1f | 0083 ff00 | 0f84 9978 | 0000 488b | f048 bf68 
  0x000002c2837fbd20: ab47 a2c2 | 0200 0048 | 8387 1001 | 0000 0148 | bef8 ec29 | a2c2 0200 | 008b becc | 0000 0083 
  0x000002c2837fbd40: c702 89be | cc00 0000 | 81e7 feff | 1f00 83ff | 000f 847d | 7800 0048 | 8bf0 48bf | f8ec 29a2 
  0x000002c2837fbd60: c202 0000 | 4883 8710 | 0100 0001 | 48be c884 | 24a2 c202 | 0000 8bbe | cc00 0000 | 83c7 0289 
  0x000002c2837fbd80: becc 0000 | 0081 e7fe | ff1f 0083 | ff00 0f84 | 6178 0000 | 410f be77 | 3883 fe00 | 0f85 7478 
  0x000002c2837fbda0: 0000 49ba | d01b 8080 | 0600 0000 | 49c1 ea03 | 4489 5014 | 48be d01b | 8080 0600 | 0000 488b 
  0x000002c2837fbdc0: f848 33fe | 48c1 ef16 | 4883 ff00 | 0f85 6378 | 0000 48be | a8cb cda2 | c202 0000 | 4883 8610 
  0x000002c2837fbde0: 0400 0001 | 4889 8424 | 1001 0000 | 49ba d02a | e0d2 ff7f | 0000 41ff | d248 8984 | 2450 0100 
  0x000002c2837fbe00: 0048 baf8 | 140b 0008 | 0000 0049 | 8b87 0801 | 0000 488d | 7818 493b | bf18 0100 | 000f 872a 
  0x000002c2837fbe20: 7800 0049 | 89bf 0801 | 0000 48c7 | 0001 0000 | 0048 8bca | 49ba 0000 | 0000 0800 | 0000 492b 
  0x000002c2837fbe40: ca89 4808 | 4833 c989 | 480c 4833 | c948 8948 | 1048 8984 | 2440 0100 | 0048 8bd0 | 48be a8cb 
  0x000002c2837fbe60: cda2 c202 | 0000 4883 | 8620 0400 | 0001 48ba | 1076 a5a2 | c202 0000 | 8bb2 cc00 | 0000 83c6 
  0x000002c2837fbe80: 0289 b2cc | 0000 0081 | e6fe ff1f | 0083 fe00 | 0f84 c477 | 0000 48ba | f870 0600 | 0800 0000 
  0x000002c2837fbea0: 498b 8708 | 0100 0048 | 8d78 2049 | 3bbf 1801 | 0000 0f87 | c377 0000 | 4989 bf08 | 0100 0048 
  0x000002c2837fbec0: c700 0100 | 0000 488b | ca49 ba00 | 0000 0008 | 0000 0049 | 2bca 8948 | 0848 33c9 | 8948 0c48 
  0x000002c2837fbee0: 33c9 4889 | 4810 4889 | 4818 4889 | 8424 4801 | 0000 4c8b | c048 ba10 | 76a5 a2c2 | 0200 0048 
  0x000002c2837fbf00: 8382 1001 | 0000 014c | 8b84 2408 | 0100 0048 | 8bd0 0f1f | 4400 00e8 | 6454 3707 | 488b 8424 
  0x000002c2837fbf20: 4001 0000 | 48be 1076 | a5a2 c202 | 0000 4883 | 8620 0100 | 0001 48be | e87a a5a2 | c202 0000 
  0x000002c2837fbf40: 8bbe cc00 | 0000 83c7 | 0289 becc | 0000 0081 | e7fe ff1f | 0083 ff00 | 0f84 2a77 | 0000 488b 
  0x000002c2837fbf60: 8424 4001 | 0000 48be | e87a a5a2 | c202 0000 | 4883 8610 | 0100 0001 | 48be 707c | a5a2 c202 
  0x000002c2837fbf80: 0000 8bbe | cc00 0000 | 83c7 0289 | becc 0000 | 0081 e7fe | ff1f 0083 | ff00 0f84 | 0977 0000 
  0x000002c2837fbfa0: 488b 8424 | 4001 0000 | 48be 707c | a5a2 c202 | 0000 4883 | 8610 0100 | 0001 48be | c884 24a2 
  0x000002c2837fbfc0: c202 0000 | 8bbe cc00 | 0000 83c7 | 0289 becc | 0000 0081 | e7fe ff1f | 0083 ff00 | 0f84 e876 
  0x000002c2837fbfe0: 0000 410f | be77 3883 | fe00 488b | 8424 4001 | 0000 0f85 | f376 0000 | c740 1000 | 0000 0048 
  0x000002c2837fc000: be70 7ca5 | a2c2 0200 | 00ff 8620 | 0100 0048 | 8bb4 2448 | 0100 0041 | 0fbe 7f38 | 83ff 000f 
  0x000002c2837fc020: 85e5 7600 | 004c 8bd6 | 49c1 ea03 | 4489 500c | 488b f848 | 33fe 48c1 | ef16 4883 | ff00 0f85 
  0x000002c2837fc040: e576 0000 | 48bf e87a | a5a2 c202 | 0000 4883 | 8720 0100 | 0001 90e8 | 2459 3707 | 48ba e87a 
  0x000002c2837fc060: a5a2 c202 | 0000 4883 | 8230 0100 | 0001 488b | 9424 4801 | 0000 4c8b | 8424 4001 | 0000 4c8b 
  0x000002c2837fc080: c866 0f1f | 4400 00e8 | f458 3707 | 410f be57 | 3883 fa00 | 488b 9c24 | 4001 0000 | 0f85 9f76 
  0x000002c2837fc0a0: 0000 4c8b | d049 c1ea | 0344 8953 | 1448 8bd3 | 4833 d048 | c1ea 1648 | 83fa 000f | 859f 7600 
  0x000002c2837fc0c0: 0048 ba28 | 3801 0008 | 0000 0049 | 8b87 0801 | 0000 488d | 7830 493b | bf18 0100 | 000f 8795 
  0x000002c2837fc0e0: 7600 0049 | 89bf 0801 | 0000 48c7 | 0001 0000 | 0048 8bca | 49ba 0000 | 0000 0800 | 0000 492b 
  0x000002c2837fc100: ca89 4808 | 4833 c989 | 480c 4833 | c948 8948 | 1048 8948 | 1848 8948 | 2048 8948 | 284c 8bc0 
  0x000002c2837fc120: 49b9 a8cb | cda2 c202 | 0000 4983 | 8130 0400 | 0001 49b8 | 3881 a5a2 | c202 0000 | 458b 88cc 
  0x000002c2837fc140: 0000 0041 | 83c1 0245 | 8988 cc00 | 0000 4181 | e1fe ff1f | 0041 83f9 | 000f 8426 | 7600 0049 
  0x000002c2837fc160: b880 8580 | 8006 0000 | 0045 8b48 | 784c 8bc0 | 48ba 3881 | a5a2 c202 | 0000 4883 | 8210 0100 
  0x000002c2837fc180: 0001 4c8b | c348 8bd0 | 4889 8424 | 5801 0000 | 0f1f 8000 | 0000 00e8 | e451 3707 | 488b 8424 
  0x000002c2837fc1a0: 5801 0000 | 4c8b 8424 | 4001 0000 | 4c8b 8c24 | 5001 0000 | 488b 9424 | 1001 0000 | 488b b424 
  0x000002c2837fc1c0: 1801 0000 | 488b bc24 | 2001 0000 | 488b 9c24 | 2801 0000 | 488b 8c24 | 3001 0000 | 4c8b 9c24 
  0x000002c2837fc1e0: 3801 0000 | 4c8b ac24 | 0801 0000 | 49be a8cb | cda2 c202 | 0000 41ff | 8640 0400 | 004d 8bf0 
  0x000002c2837fc200: 4c8b 8424 | e000 0000 | 4889 8424 | 6001 0000 | 488b 8424 | d800 0000 | 4889 b424 | 6801 0000 
  0x000002c2837fc220: 48be 0000 | 0000 0000 | 0000 c5f8 | 57c0 4c89 | b424 9001 | 0000 4889 | b424 8001 | 0000 4c89 
  0x000002c2837fc240: 8c24 9801 | 0000 c5fa | 1184 2460 | 0400 0048 | 8994 24a0 | 0100 0048 | 89bc 2488 | 0100 0048 
  0x000002c2837fc260: 899c 24a8 | 0100 0048 | 898c 24b0 | 0100 004c | 899c 24b8 | 0100 004c | 89ac 24c0 | 0100 004c 
  0x000002c2837fc280: 8984 2470 | 0100 0048 | 8984 2478 | 0100 0048 | 8b84 2460 | 0100 0090 | 483b 0048 | 8bf0 48bf 
  0x000002c2837fc2a0: a8cb cda2 | c202 0000 | 4883 8790 | 0700 0001 | 48be a049 | 76a2 c202 | 0000 8bbe | cc00 0000 
  0x000002c2837fc2c0: 83c7 0289 | becc 0000 | 0081 e7fe | ff1f 0083 | ff00 0f84 | d374 0000 | 488b f048 | bfa0 4976 
  0x000002c2837fc2e0: a2c2 0200 | 0048 8387 | 2801 0000 | 0141 b800 | 0000 0049 | b900 0000 | 0000 0000 | 0048 8bd0 
  0x000002c2837fc300: 4889 8424 | 6001 0000 | 0f1f 8000 | 0000 00e8 | 2cc6 8f07 | 4883 f800 | ba02 0000 | 000f 8505 
  0x000002c2837fc320: 0000 00ba | 0000 0000 | 48b9 a8cb | cda2 c202 | 0000 8bb1 | d000 0000 | 03f2 89b1 | d000 0000 
  0x000002c2837fc340: 83fa 000f | 8505 0000 | 00be 0200 | 0000 81e6 | fe3f 0000 | 83fe 000f | 846f 7400 | 004d 8b97 
  0x000002c2837fc360: 4803 0000 | 4185 0248 | 83f8 0048 | baa8 cbcd | a2c2 0200 | 0048 b9c0 | 0700 0000 | 0000 000f 
  0x000002c2837fc380: 840a 0000 | 0048 b9b0 | 0700 0000 | 0000 0048 | 8b34 0a48 | 8d76 0148 | 8934 0a0f | 84ea 0d00 
  0x000002c2837fc3a0: 0048 8bb4 | 2460 0100 | 004c 8bb4 | 2490 0100 | 0048 8bbc | 2480 0100 | 004c 8b8c | 2498 0100 
  0x000002c2837fc3c0: 00c5 fa10 | 8424 6004 | 0000 488b | 9424 a001 | 0000 488b | 9c24 6801 | 0000 488b | 8c24 8801 
  0x000002c2837fc3e0: 0000 4c8b | 8424 a801 | 0000 4c8b | 9c24 b001 | 0000 4c8b | ac24 b801 | 0000 4c89 | ac24 c801 
  0x000002c2837fc400: 0000 4c8b | ac24 c001 | 0000 4c89 | ac24 d001 | 0000 4c8b | ac24 7001 | 0000 4c89 | ac24 d801 
  0x000002c2837fc420: 0000 4c8b | ac24 7801 | 0000 4889 | b424 5002 | 0000 4889 | bc24 5802 | 0000 4889 | 9c24 6002 
  0x000002c2837fc440: 0000 483b | 0048 8bf0 | 48bf a8cb | cda2 c202 | 0000 4883 | 8758 0400 | 0001 48be | 4024 a3a2 
  0x000002c2837fc460: c202 0000 | 8bbe cc00 | 0000 83c7 | 0289 becc | 0000 0081 | e7fe ff1f | 0083 ff00 | 0f84 7073 
  0x000002c2837fc480: 0000 488b | f048 bf40 | 24a3 a2c2 | 0200 0048 | 8387 1001 | 0000 0148 | be88 4a29 | a2c2 0200 
  0x000002c2837fc4a0: 008b becc | 0000 0083 | c702 89be | cc00 0000 | 81e7 feff | 1f00 83ff | 000f 8454 | 7300 0048 
  0x000002c2837fc4c0: be88 4a29 | a2c2 0200 | 00ff 8620 | 0100 000f | be70 1083 | fe00 48be | 884a 29a2 | c202 0000 
  0x000002c2837fc4e0: 48bf 3001 | 0000 0000 | 0000 0f85 | 0a00 0000 | 48bf 4001 | 0000 0000 | 0000 488b | 1c3e 488d 
  0x000002c2837fc500: 5b01 4889 | 1c3e 0f85 | 1a00 0000 | 48be 884a | 29a2 c202 | 0000 ff86 | 5001 0000 | be01 0000 
  0x000002c2837fc520: 00e9 0500 | 0000 be00 | 0000 0083 | e601 83fe | 0048 be40 | 24a3 a2c2 | 0200 0048 | bf48 0100 
  0x000002c2837fc540: 0000 0000 | 000f 840a | 0000 0048 | bf58 0100 | 0000 0000 | 0048 8b1c | 3e48 8d5b | 0148 891c 
  0x000002c2837fc560: 3e4c 89b4 | 2478 0200 | 004c 898c | 2480 0200 | 00c5 fa11 | 8424 6804 | 0000 4889 | 9424 8802 
  0x000002c2837fc580: 0000 4889 | 8c24 9002 | 0000 4c89 | 8424 9802 | 0000 4c89 | 9c24 a002 | 0000 4c89 | ac24 6802 
  0x000002c2837fc5a0: 0000 0f84 | 4100 0000 | 8b70 1448 | c1e6 0348 | bf40 24a3 | a2c2 0200 | 0048 8387 | 6801 0000 
  0x000002c2837fc5c0: 0148 8bd6 | 4889 8424 | 7002 0000 | 6666 90e8 | 2c6b 9007 | 48ba 4024 | a3a2 c202 | 0000 ff82 
  0x000002c2837fc5e0: 7801 0000 | e92b 0000 | 008b 5014 | 48c1 e203 | 48be 4024 | a3a2 c202 | 0000 4883 | 8690 0100 
  0x000002c2837fc600: 0001 4889 | 8424 7002 | 0000 0f1f | 4400 00e8 | 6c53 3707 | 4883 f800 | 49b8 4024 | a3a2 c202 
  0x000002c2837fc620: 0000 49b9 | a001 0000 | 0000 0000 | 0f85 0a00 | 0000 49b9 | b001 0000 | 0000 0000 | 4b8b 1408 
  0x000002c2837fc640: 488d 5201 | 4b89 1408 | 0f85 1900 | 0000 488b | 8424 7002 | 0000 49b8 | 4024 a3a2 | c202 0000 
  0x000002c2837fc660: 41ff 80c0 | 0100 0048 | 3b00 4c8b | c049 b9a8 | cbcd a2c2 | 0200 0049 | 8381 9004 | 0000 0149 
  0x000002c2837fc680: b8e0 854c | a2c2 0200 | 0045 8b88 | cc00 0000 | 4183 c102 | 4589 88cc | 0000 0041 | 81e1 feff 
  0x000002c2837fc6a0: 1f00 4183 | f900 0f84 | 8d71 0000 | 4c8b c049 | b9e0 854c | a2c2 0200 | 0049 8381 | 1001 0000 
  0x000002c2837fc6c0: 0149 b868 | 6c97 8006 | 0000 0041 | b900 0000 | 0048 8bd0 | 4889 8424 | a802 0000 | 6666 90e8 
  0x000002c2837fc6e0: 5cfc 8e07 | 83e0 0183 | f800 48ba | a8cb cda2 | c202 0000 | 48be c804 | 0000 0000 | 0000 0f84 
  0x000002c2837fc700: 0a00 0000 | 48be d804 | 0000 0000 | 0000 488b | 3c32 488d | 7f01 4889 | 3c32 0f84 | bd00 0000 
  0x000002c2837fc720: 48ba a8cb | cda2 c202 | 0000 4883 | 82e8 0400 | 0001 488b | 9424 a802 | 0000 0f1f | 4400 00e8 
  0x000002c2837fc740: 3c52 3707 | 483b 0048 | 8bd0 48be | a8cb cda2 | c202 0000 | 4883 8610 | 0500 0001 | 488b d048 
  0x000002c2837fc760: 8984 24b0 | 0200 00e8 | 144c 3707 | c5fa 108c | 2468 0400 | 00c5 f82e | c141 b8ff | ffff ff0f 
  0x000002c2837fc780: 8a15 0000 | 000f 820f | 0000 0041 | b800 0000 | 000f 8403 | 0000 0049 | ffc0 4183 | f800 49b8 
  0x000002c2837fc7a0: a8cb cda2 | c202 0000 | 49b9 4005 | 0000 0000 | 0000 0f8f | 0a00 0000 | 49b9 3005 | 0000 0000 
  0x000002c2837fc7c0: 0000 4b8b | 1408 488d | 5201 4b89 | 1408 0f8f | f007 0000 | c5f8 28c1 | e9e7 0700 | 0048 8b84 
  0x000002c2837fc7e0: 24a8 0200 | 0049 b8a8 | cbcd a2c2 | 0200 0049 | 8380 a005 | 0000 0149 | b8e0 854c | a2c2 0200 
  0x000002c2837fc800: 0045 8b88 | cc00 0000 | 4183 c102 | 4589 88cc | 0000 0041 | 81e1 feff | 1f00 4183 | f900 0f84 
  0x000002c2837fc820: 3b70 0000 | 488b 8424 | a802 0000 | 49b8 e085 | 4ca2 c202 | 0000 4983 | 8010 0100 | 0001 49b8 
  0x000002c2837fc840: 386c 9780 | 0600 0000 | 41b9 0000 | 0000 488b | 9424 a802 | 0000 90e8 | e4fa 8e07 | 83e0 0183 
  0x000002c2837fc860: f800 49b8 | a8cb cda2 | c202 0000 | 49b9 e805 | 0000 0000 | 0000 0f85 | 0a00 0000 | 49b9 d805 
  0x000002c2837fc880: 0000 0000 | 0000 4b8b | 1408 488d | 5201 4b89 | 1408 488b | 8424 a802 | 0000 0f85 | 4b05 0000 
  0x000002c2837fc8a0: 49b8 a8cb | cda2 c202 | 0000 4983 | 8058 0600 | 0001 49b8 | e085 4ca2 | c202 0000 | 458b 88cc 
  0x000002c2837fc8c0: 0000 0041 | 83c1 0245 | 8988 cc00 | 0000 4181 | e1fe ff1f | 0041 83f9 | 000f 84a1 | 6f00 0048 
  0x000002c2837fc8e0: 8b84 24a8 | 0200 0049 | b8e0 854c | a2c2 0200 | 0049 8380 | 1001 0000 | 0149 b890 | 3b97 8006 
  0x000002c2837fc900: 0000 0041 | b900 0000 | 0048 8b94 | 24a8 0200 | 0066 0f1f | 4400 00e8 | 24fa 8e07 | 83e0 0183 
  0x000002c2837fc920: f800 49b8 | a8cb cda2 | c202 0000 | 49b9 a006 | 0000 0000 | 0000 0f85 | 0a00 0000 | 49b9 9006 
  0x000002c2837fc940: 0000 0000 | 0000 4b8b | 1408 488d | 5201 4b89 | 1408 0f85 | bb02 0000 | 488b 8424 | a802 0000 
  0x000002c2837fc960: 49b8 a8cb | cda2 c202 | 0000 4983 | 8010 0700 | 0001 49b8 | e085 4ca2 | c202 0000 | 458b 88cc 
  0x000002c2837fc980: 0000 0041 | 83c1 0245 | 8988 cc00 | 0000 4181 | e1fe ff1f | 0041 83f9 | 000f 8402 | 6f00 0048 
  0x000002c2837fc9a0: 8b84 24a8 | 0200 0049 | b8e0 854c | a2c2 0200 | 0049 8380 | 1001 0000 | 0149 b860 | 3b97 8006 
  0x000002c2837fc9c0: 0000 0041 | b900 0000 | 0048 8b94 | 24a8 0200 | 0066 0f1f | 4400 00e8 | 64f9 8e07 | 83e0 0183 
  0x000002c2837fc9e0: f800 48ba | a8cb cda2 | c202 0000 | 49b8 5807 | 0000 0000 | 0000 0f85 | 0a00 0000 | 49b8 4807 
  0x000002c2837fca00: 0000 0000 | 0000 4e8b | 0c02 4d8d | 4901 4e89 | 0c02 0f85 | df00 0000 | 488b 8424 | 5002 0000 
  0x000002c2837fca20: 4c8b b424 | 7802 0000 | 488b b424 | 5802 0000 | 4c8b 8c24 | 8002 0000 | c5fa 1084 | 2468 0400 
  0x000002c2837fca40: 0048 8b94 | 2488 0200 | 0048 8bbc | 2460 0200 | 0048 8b9c | 2490 0200 | 0048 8b8c | 2498 0200 
  0x000002c2837fca60: 004c 8b84 | 24a0 0200 | 004c 8b9c | 24c8 0100 | 004c 8bac | 24d0 0100 | 0048 89b4 | 2480 0100 
  0x000002c2837fca80: 0048 8bb4 | 24d8 0100 | 0048 89b4 | 2470 0100 | 0048 8bb4 | 2468 0200 | 004c 89b4 | 2490 0100 
  0x000002c2837fcaa0: 004c 898c | 2498 0100 | 00c5 fa11 | 8424 6004 | 0000 4889 | 9424 a001 | 0000 4889 | bc24 6801 
  0x000002c2837fcac0: 0000 4889 | 9c24 8801 | 0000 4889 | 8c24 a801 | 0000 4c89 | 8424 b001 | 0000 4c89 | 9c24 b801 
  0x000002c2837fcae0: 0000 4c89 | ac24 c001 | 0000 4889 | b424 7801 | 0000 e9a1 | f7ff ff48 | baa8 cbcd | a2c2 0200 
  0x000002c2837fcb00: 0048 8382 | 6807 0000 | 0148 8b94 | 24a8 0200 | 004c 8b84 | 2490 0200 | 004c 8b8c | 2460 0200 
  0x000002c2837fcb20: 0048 8bbc | 2488 0200 | 0066 0f1f | 4400 00e8 | 8cb3 f8ff | 488b 8424 | 5002 0000 | 4c8b b424 
  0x000002c2837fcb40: 7802 0000 | 488b b424 | 5802 0000 | 4c8b 8c24 | 8002 0000 | c5fa 1084 | 2468 0400 | 0048 8b94 
  0x000002c2837fcb60: 2488 0200 | 0048 8bbc | 2460 0200 | 0048 8b9c | 2490 0200 | 0048 8b8c | 2498 0200 | 004c 8b84 
  0x000002c2837fcb80: 24a0 0200 | 004c 8b9c | 24c8 0100 | 004c 8bac | 24d0 0100 | 0048 89bc | 2468 0100 | 0048 8bbc 
  0x000002c2837fcba0: 24d8 0100 | 0048 89b4 | 2480 0100 | 0048 8bb4 | 2468 0200 | 004c 89b4 | 2490 0100 | 004c 898c 
  0x000002c2837fcbc0: 2498 0100 | 00c5 fa11 | 8424 6004 | 0000 4889 | 9424 a001 | 0000 4889 | 9c24 8801 | 0000 4889 
  0x000002c2837fcbe0: 8c24 a801 | 0000 4c89 | 8424 b001 | 0000 4c89 | 9c24 b801 | 0000 4c89 | ac24 c001 | 0000 4889 
  0x000002c2837fcc00: bc24 7001 | 0000 4889 | b424 7801 | 0000 e985 | f6ff ff48 | baa8 cbcd | a2c2 0200 | 0048 8382 
  0x000002c2837fcc20: b006 0000 | 0148 8b94 | 24a8 0200 | 0066 90e8 | 4c4d 3707 | 4c8b 8424 | 9802 0000 | 493b 0049 
  0x000002c2837fcc40: 8bd0 48be | a8cb cda2 | c202 0000 | 8b52 0849 | ba00 0000 | 0008 0000 | 0049 03d2 | 483b 96d0 
  0x000002c2837fcc60: 0600 0075 | 0d48 8386 | d806 0000 | 01e9 6600 | 0000 483b | 96e0 0600 | 0075 0d48 | 8386 e806 
  0x000002c2837fcc80: 0000 01e9 | 5000 0000 | 4881 bed0 | 0600 0000 | 0000 0075 | 1748 8996 | d006 0000 | 48c7 86d8 
  0x000002c2837fcca0: 0600 0001 | 0000 00e9 | 2c00 0000 | 4881 bee0 | 0600 0000 | 0000 0075 | 1748 8996 | e006 0000 
  0x000002c2837fccc0: 48c7 86e8 | 0600 0001 | 0000 00e9 | 0800 0000 | 4883 86c0 | 0600 0001 | 498b f04c | 8bc0 488b 
  0x000002c2837fcce0: d648 89b4 | 2498 0200 | 000f 1f40 | 0048 b8ff | ffff ffff | ffff ffe8 | 8449 3707 | 48ba a8cb 
  0x000002c2837fcd00: cda2 c202 | 0000 ff82 | f806 0000 | 488b 8424 | 5002 0000 | 4c8b b424 | 7802 0000 | 488b b424 
  0x000002c2837fcd20: 5802 0000 | 4c8b 8c24 | 8002 0000 | c5fa 1084 | 2468 0400 | 0048 8b94 | 2488 0200 | 0048 8bbc 
  0x000002c2837fcd40: 2460 0200 | 0048 8b9c | 2490 0200 | 0048 8b8c | 2498 0200 | 004c 8b84 | 24a0 0200 | 004c 8b9c 
  0x000002c2837fcd60: 24c8 0100 | 004c 8bac | 24d0 0100 | 0048 89bc | 2468 0100 | 0048 8bbc | 24d8 0100 | 0048 89b4 
  0x000002c2837fcd80: 2480 0100 | 0048 8bb4 | 2468 0200 | 004c 89b4 | 2490 0100 | 004c 898c | 2498 0100 | 00c5 fa11 
  0x000002c2837fcda0: 8424 6004 | 0000 4889 | 9424 a001 | 0000 4889 | 9c24 8801 | 0000 4889 | 8c24 a801 | 0000 4c89 
  0x000002c2837fcdc0: 8424 b001 | 0000 4c89 | 9c24 b801 | 0000 4c89 | ac24 c001 | 0000 4889 | bc24 7001 | 0000 4889 
  0x000002c2837fcde0: b424 7801 | 0000 e9ad | f4ff ff48 | baa8 cbcd | a2c2 0200 | 0048 8382 | f805 0000 | 0148 8bd0 
  0x000002c2837fce00: 0f1f 8000 | 0000 00e8 | 744b 3707 | 4c8b 9c24 | a002 0000 | 493b 034d | 8bc3 48ba | a8cb cda2 
  0x000002c2837fce20: c202 0000 | 458b 4008 | 49ba 0000 | 0000 0800 | 0000 4d03 | c24c 3b82 | 1806 0000 | 750d 4883 
  0x000002c2837fce40: 8220 0600 | 0001 e966 | 0000 004c | 3b82 2806 | 0000 750d | 4883 8230 | 0600 0001 | e950 0000 
  0x000002c2837fce60: 0048 81ba | 1806 0000 | 0000 0000 | 7517 4c89 | 8218 0600 | 0048 c782 | 2006 0000 | 0100 0000 
  0x000002c2837fce80: e92c 0000 | 0048 81ba | 2806 0000 | 0000 0000 | 7517 4c89 | 8228 0600 | 0048 c782 | 3006 0000 
  0x000002c2837fcea0: 0100 0000 | e908 0000 | 0048 8382 | 0806 0000 | 014c 8bc0 | 498b d34c | 899c 24a0 | 0200 0066 
  0x000002c2837fcec0: 0f1f 4400 | 0048 b8ff | ffff ffff | ffff ffe8 | ac47 3707 | 49b8 a8cb | cda2 c202 | 0000 41ff 
  0x000002c2837fcee0: 8040 0600 | 0048 8b84 | 2450 0200 | 004c 8bb4 | 2478 0200 | 0048 8bb4 | 2458 0200 | 004c 8b8c 
  0x000002c2837fcf00: 2480 0200 | 00c5 fa10 | 8424 6804 | 0000 488b | 9424 8802 | 0000 488b | bc24 6002 | 0000 488b 
  0x000002c2837fcf20: 9c24 9002 | 0000 488b | 8c24 9802 | 0000 4c8b | 8424 a002 | 0000 4c8b | 9c24 c801 | 0000 4c8b 
  0x000002c2837fcf40: ac24 d001 | 0000 4889 | bc24 6801 | 0000 488b | bc24 d801 | 0000 4889 | b424 8001 | 0000 488b 
  0x000002c2837fcf60: b424 6802 | 0000 4c89 | b424 9001 | 0000 4c89 | 8c24 9801 | 0000 c5fa | 1184 2460 | 0400 0048 
  0x000002c2837fcf80: 8994 24a0 | 0100 0048 | 899c 2488 | 0100 0048 | 898c 24a8 | 0100 004c | 8984 24b0 | 0100 004c 
  0x000002c2837fcfa0: 899c 24b8 | 0100 004c | 89ac 24c0 | 0100 0048 | 89bc 2470 | 0100 0048 | 89b4 2478 | 0100 00e9 
  0x000002c2837fcfc0: d4f2 ffff | c5fa 1184 | 246c 0400 | 0048 8b84 | 24b0 0200 | 004c 8bac | 24c8 0100 | 0049 3b45 
  0x000002c2837fcfe0: 0049 8bf5 | 48bf a8cb | cda2 c202 | 0000 8b76 | 0849 ba00 | 0000 0008 | 0000 0049 | 03f2 483b 
  0x000002c2837fd000: b760 0500 | 0075 0d48 | 8387 6805 | 0000 01e9 | 6600 0000 | 483b b770 | 0500 0075 | 0d48 8387 
  0x000002c2837fd020: 7805 0000 | 01e9 5000 | 0000 4881 | bf60 0500 | 0000 0000 | 0075 1748 | 89b7 6005 | 0000 48c7 
  0x000002c2837fd040: 8768 0500 | 0001 0000 | 00e9 2c00 | 0000 4881 | bf70 0500 | 0000 0000 | 0075 1748 | 89b7 7005 
  0x000002c2837fd060: 0000 48c7 | 8778 0500 | 0001 0000 | 00e9 0800 | 0000 4883 | 8750 0500 | 0001 4c8b | c049 8bd5 
  0x000002c2837fd080: 4c89 ac24 | c801 0000 | 0f1f 4400 | 0048 b8ff | ffff ffff | ffff ffe8 | e445 3707 | 48ba a8cb 
  0x000002c2837fd0a0: cda2 c202 | 0000 ff82 | 8805 0000 | 488b 8424 | 5002 0000 | 4c8b b424 | 7802 0000 | 488b b424 
  0x000002c2837fd0c0: 5802 0000 | 4c8b 8c24 | 8002 0000 | c5fa 1084 | 246c 0400 | 0048 8b94 | 2488 0200 | 0048 8bbc 
  0x000002c2837fd0e0: 2460 0200 | 0048 8b9c | 2490 0200 | 0048 8b8c | 2498 0200 | 004c 8b84 | 24a0 0200 | 004c 8b9c 
  0x000002c2837fd100: 24c8 0100 | 004c 8bac | 24d0 0100 | 0048 89bc | 2468 0100 | 0048 8bbc | 24d8 0100 | 0048 89b4 
  0x000002c2837fd120: 2480 0100 | 0048 8bb4 | 2468 0200 | 004c 89b4 | 2490 0100 | 004c 898c | 2498 0100 | 00c5 fa11 
  0x000002c2837fd140: 8424 6004 | 0000 4889 | 9424 a001 | 0000 4889 | 9c24 8801 | 0000 4889 | 8c24 a801 | 0000 4c89 
  0x000002c2837fd160: 8424 b001 | 0000 4c89 | 9c24 b801 | 0000 4c89 | ac24 c001 | 0000 4889 | bc24 7001 | 0000 4889 
  0x000002c2837fd180: b424 7801 | 0000 e90d | f1ff ff48 | 8b84 2460 | 0100 004c | 8bb4 2490 | 0100 004c | 8b8c 2498 
  0x000002c2837fd1a0: 0100 00c5 | fa10 8424 | 6004 0000 | 488b 9c24 | 8801 0000 | 4c8b 8424 | b001 0000 | 4c8b 9c24 
  0x000002c2837fd1c0: b801 0000 | 4c8b ac24 | c001 0000 | 488b bc24 | 7001 0000 | 488b b424 | 7801 0000 | 4883 f800 
  0x000002c2837fd1e0: 48ba a8cb | cda2 c202 | 0000 48b9 | e007 0000 | 0000 0000 | 0f85 0a00 | 0000 48b9 | d007 0000 
  0x000002c2837fd200: 0000 0000 | 4889 8424 | 6001 0000 | 488b 040a | 488d 4001 | 4889 040a | 0f85 4600 | 0000 4c89 
  0x000002c2837fd220: 8c24 9801 | 0000 c5fa | 1184 2460 | 0400 0048 | 899c 2488 | 0100 004c | 8984 24b0 | 0100 004c 
  0x000002c2837fd240: 899c 24b8 | 0100 004c | 89ac 24c0 | 0100 0048 | 89bc 2470 | 0100 0048 | 89b4 2478 | 0100 00e9 
  0x000002c2837fd260: 9800 0000 | 488b 8424 | 6001 0000 | 4c89 b424 | 9001 0000 | 4c89 8c24 | 9801 0000 | c5fa 1184 
  0x000002c2837fd280: 2460 0400 | 0048 899c | 2488 0100 | 004c 8984 | 24b0 0100 | 004c 899c | 24b8 0100 | 004c 89ac 
  0x000002c2837fd2a0: 24c0 0100 | 0048 89bc | 2470 0100 | 0048 89b4 | 2478 0100 | 0048 8bf0 | 48bf a8cb | cda2 c202 
  0x000002c2837fd2c0: 0000 49ba | 2838 0100 | 0800 0000 | 4c89 9700 | 0800 0048 | 8387 0808 | 0000 0148 | 8bd0 90e8 
  0x000002c2837fd2e0: e183 0000 | 48ba a8cb | cda2 c202 | 0000 ff82 | 2808 0000 | 4c8b b424 | 9001 0000 | 4983 fe00 
  0x000002c2837fd300: 48ba a8cb | cda2 c202 | 0000 48be | 9808 0000 | 0000 0000 | 0f84 0a00 | 0000 48be | a808 0000 
  0x000002c2837fd320: 0000 0000 | 488b 3c32 | 488d 7f01 | 4889 3c32 | 0f84 0e01 | 0000 493b | 0649 8bd6 | 48bf a8cb 
  0x000002c2837fd340: cda2 c202 | 0000 8b52 | 0849 ba00 | 0000 0008 | 0000 0049 | 03d2 483b | 97c8 0800 | 0075 0d48 
  0x000002c2837fd360: 8387 d008 | 0000 01e9 | 6600 0000 | 483b 97d8 | 0800 0075 | 0d48 8387 | e008 0000 | 01e9 5000 
  0x000002c2837fd380: 0000 4881 | bfc8 0800 | 0000 0000 | 0075 1748 | 8997 c808 | 0000 48c7 | 87d0 0800 | 0001 0000 
  0x000002c2837fd3a0: 00e9 2c00 | 0000 4881 | bfd8 0800 | 0000 0000 | 0075 1748 | 8997 d808 | 0000 48c7 | 87e0 0800 
  0x000002c2837fd3c0: 0001 0000 | 00e9 0800 | 0000 4883 | 87b8 0800 | 0001 48ba | 0086 a5a2 | c202 0000 | 8bba cc00 
  0x000002c2837fd3e0: 0000 83c7 | 0289 bacc | 0000 0081 | e7fe ff1f | 0083 ff00 | 0f84 dc64 | 0000 418b | 5614 48c1 
  0x000002c2837fd400: e203 483b | 0248 8bfa | 48bb 0086 | a5a2 c202 | 0000 49ba | a03d 0100 | 0800 0000 | 4c89 9320 
  0x000002c2837fd420: 0100 0048 | 8383 2801 | 0000 010f | 1f40 00e8 | a182 0000 | 48be a8cb | cda2 c202 | 0000 ff86 
  0x000002c2837fd440: f008 0000 | 48be a8cb | cda2 c202 | 0000 4883 | 8648 0b00 | 0001 49ba | d02a e0d2 | ff7f 0000 
  0x000002c2837fd460: 41ff d248 | 8984 24b8 | 0200 0048 | bea8 cbcd | a2c2 0200 | 0048 8386 | 580b 0000 | 0149 bad0 
  0x000002c2837fd480: 2ae0 d2ff | 7f00 0041 | ffd2 4889 | 8424 c002 | 0000 488b | bc24 8801 | 0000 483b | 0748 8bd7 
  0x000002c2837fd4a0: 48be a8cb | cda2 c202 | 0000 8b52 | 0849 ba00 | 0000 0008 | 0000 0049 | 03d2 483b | 9678 0b00 
  0x000002c2837fd4c0: 0075 0d48 | 8386 800b | 0000 01e9 | 6600 0000 | 483b 9688 | 0b00 0075 | 0d48 8386 | 900b 0000 
  0x000002c2837fd4e0: 01e9 5000 | 0000 4881 | be78 0b00 | 0000 0000 | 0075 1748 | 8996 780b | 0000 48c7 | 8680 0b00 
  0x000002c2837fd500: 0001 0000 | 00e9 2c00 | 0000 4881 | be88 0b00 | 0000 0000 | 0075 1748 | 8996 880b | 0000 48c7 
  0x000002c2837fd520: 8690 0b00 | 0001 0000 | 00e9 0800 | 0000 4883 | 8668 0b00 | 0001 488b | d748 89bc | 2488 0100 
  0x000002c2837fd540: 000f 1f40 | 0048 b8a0 | 3805 0008 | 0000 00e8 | ccb0 8c07 | 8984 24cc | 0200 0048 | 8bd8 48ba 
  0x000002c2837fd560: d0a3 0f00 | 0800 0000 | 4c8b c848 | 63db 488b | fb48 81fb | ffff ff00 | 0f87 8363 | 0000 48be 
  0x000002c2837fd580: 1700 0000 | 0000 0000 | 488d 349e | 4883 e6f8 | 498b 8708 | 0100 0048 | 8d34 3049 | 3bb7 1801 
  0x000002c2837fd5a0: 0000 0f87 | 5963 0000 | 4989 b708 | 0100 0048 | 2bf0 48c7 | 0001 0000 | 0048 8bca | 49ba 0000 
  0x000002c2837fd5c0: 0000 0800 | 0000 492b | ca89 4808 | 8958 0c48 | 83ee 100f | 841a 0000 | 0048 85f6 | 0f84 1100 
  0x000002c2837fd5e0: 0000 4833 | db48 c1ee | 0348 895c | f008 48ff | ce75 f648 | 8984 24d0 | 0200 0049 | b8a8 cbcd 
  0x000002c2837fd600: a2c2 0200 | 0041 ff80 | a00b 0000 | be00 0000 | 000f 1f80 | 0000 0000 | 488b bc24 | 8801 0000 
  0x000002c2837fd620: 413b f141 | b802 0000 | 000f 8c06 | 0000 0041 | b800 0000 | 0048 baa8 | cbcd a2c2 | 0200 0044 
  0x000002c2837fd640: 8baa d000 | 0000 4503 | e844 89aa | d000 0000 | 4183 f800 | 0f85 0600 | 0000 41bd | 0200 0000 
  0x000002c2837fd660: 4181 e5fe | 3f00 0041 | 83fd 000f | 849a 6200 | 004d 8b97 | 4803 0000 | 4185 0241 | 3bf1 49b8 
  0x000002c2837fd680: a8cb cda2 | c202 0000 | 48ba f00e | 0000 0000 | 0000 0f8d | 0a00 0000 | 48ba e00e | 0000 0000 
  0x000002c2837fd6a0: 0000 4d8b | 2c10 4d8d | 6d01 4d89 | 2c10 0f8d | 2e0c 0000 | 4c8b c748 | baa8 cbcd | a2c2 0200 
  0x000002c2837fd6c0: 0045 8b40 | 0849 ba00 | 0000 0008 | 0000 004d | 03c2 4c3b | 82c8 0b00 | 0075 0d48 | 8382 d00b 
  0x000002c2837fd6e0: 0000 01e9 | 6600 0000 | 4c3b 82d8 | 0b00 0075 | 0d48 8382 | e00b 0000 | 01e9 5000 | 0000 4881 
  0x000002c2837fd700: bac8 0b00 | 0000 0000 | 0075 174c | 8982 c80b | 0000 48c7 | 82d0 0b00 | 0001 0000 | 00e9 2c00 
  0x000002c2837fd720: 0000 4881 | bad8 0b00 | 0000 0000 | 0075 174c | 8982 d80b | 0000 48c7 | 82e0 0b00 | 0001 0000 
  0x000002c2837fd740: 00e9 0800 | 0000 4883 | 82b8 0b00 | 0001 4c8b | c648 8bd7 | 4889 bc24 | 8801 0000 | 89b4 24c8 
  0x000002c2837fd760: 0200 0066 | 9048 b8a0 | 3805 0008 | 0000 00e8 | 0c8b 8f07 | 4883 f800 | 7516 48be | a8cb cda2 
  0x000002c2837fd780: c202 0000 | 808e e90b | 0000 01e9 | d200 0000 | 48bf a862 | 0500 0800 | 0000 8b50 | 0849 ba00 
  0x000002c2837fd7a0: 0000 0008 | 0000 0049 | 03d2 483b | fa0f 8593 | 0000 0048 | bea8 cbcd | a2c2 0200 | 008b 7808 
  0x000002c2837fd7c0: 49ba 0000 | 0000 0800 | 0000 4903 | fa48 3bbe | 000c 0000 | 750d 4883 | 8608 0c00 | 0001 e97f 
  0x000002c2837fd7e0: 0000 0048 | 3bbe 100c | 0000 750d | 4883 8618 | 0c00 0001 | e969 0000 | 0048 81be | 000c 0000 
  0x000002c2837fd800: 0000 0000 | 7517 4889 | be00 0c00 | 0048 c786 | 080c 0000 | 0100 0000 | e945 0000 | 0048 81be 
  0x000002c2837fd820: 100c 0000 | 0000 0000 | 7517 4889 | be10 0c00 | 0048 c786 | 180c 0000 | 0100 0000 | e921 0000 
  0x000002c2837fd840: 00e9 1c00 | 0000 48be | a8cb cda2 | c202 0000 | 4883 aef0 | 0b00 0001 | e9cf 6000 | 00e9 0000 
  0x000002c2837fd860: 0000 4c8b | c049 3b00 | 498b d048 | bea8 cbcd | a2c2 0200 | 0048 8386 | 280c 0000 | 0145 8b40 
  0x000002c2837fd880: 0c41 ffc8 | 488b b424 | 6801 0000 | 483b 0648 | 8bd6 48bf | a8cb cda2 | c202 0000 | 8b52 0849 
  0x000002c2837fd8a0: ba00 0000 | 0008 0000 | 0049 03d2 | 483b 9770 | 0c00 0075 | 0d48 8387 | 780c 0000 | 01e9 6600 
  0x000002c2837fd8c0: 0000 483b | 9780 0c00 | 0075 0d48 | 8387 880c | 0000 01e9 | 5000 0000 | 4881 bf70 | 0c00 0000 
  0x000002c2837fd8e0: 0000 0075 | 1748 8997 | 700c 0000 | 48c7 8778 | 0c00 0001 | 0000 00e9 | 2c00 0000 | 4881 bf80 
  0x000002c2837fd900: 0c00 0000 | 0000 0075 | 1748 8997 | 800c 0000 | 48c7 8788 | 0c00 0001 | 0000 00e9 | 0800 0000 
  0x000002c2837fd920: 4883 8760 | 0c00 0001 | 4489 8424 | d802 0000 | 448b 8424 | c802 0000 | 488b d648 | 89b4 2468 
  0x000002c2837fd940: 0100 0066 | 9048 b8a0 | 3805 0008 | 0000 00e8 | 2c89 8f07 | 4883 f800 | 7516 48be | a8cb cda2 
  0x000002c2837fd960: c202 0000 | 808e 910c | 0000 01e9 | d200 0000 | 48bf a862 | 0500 0800 | 0000 8b50 | 0849 ba00 
  0x000002c2837fd980: 0000 0008 | 0000 0049 | 03d2 483b | fa0f 8593 | 0000 0048 | bea8 cbcd | a2c2 0200 | 008b 7808 
  0x000002c2837fd9a0: 49ba 0000 | 0000 0800 | 0000 4903 | fa48 3bbe | a80c 0000 | 750d 4883 | 86b0 0c00 | 0001 e97f 
  0x000002c2837fd9c0: 0000 0048 | 3bbe b80c | 0000 750d | 4883 86c0 | 0c00 0001 | e969 0000 | 0048 81be | a80c 0000 
  0x000002c2837fd9e0: 0000 0000 | 7517 4889 | bea8 0c00 | 0048 c786 | b00c 0000 | 0100 0000 | e945 0000 | 0048 81be 
  0x000002c2837fda00: b80c 0000 | 0000 0000 | 7517 4889 | beb8 0c00 | 0048 c786 | c00c 0000 | 0100 0000 | e921 0000 
  0x000002c2837fda20: 00e9 1c00 | 0000 48be | a8cb cda2 | c202 0000 | 4883 ae98 | 0c00 0001 | e902 5f00 | 00e9 0000 
  0x000002c2837fda40: 0000 4c8b | c049 3b00 | 498b d048 | bea8 cbcd | a2c2 0200 | 0048 8386 | d00c 0000 | 0145 8b40 
  0x000002c2837fda60: 0c41 ffc8 | 4489 8424 | dc02 0000 | 4c8b 9c24 | b801 0000 | 493b 0349 | 8bd3 48be | a8cb cda2 
  0x000002c2837fda80: c202 0000 | 8b52 0849 | ba00 0000 | 0008 0000 | 0049 03d2 | 483b 9618 | 0d00 0075 | 0d48 8386 
  0x000002c2837fdaa0: 200d 0000 | 01e9 6600 | 0000 483b | 9628 0d00 | 0075 0d48 | 8386 300d | 0000 01e9 | 5000 0000 
  0x000002c2837fdac0: 4881 be18 | 0d00 0000 | 0000 0075 | 1748 8996 | 180d 0000 | 48c7 8620 | 0d00 0001 | 0000 00e9 
  0x000002c2837fdae0: 2c00 0000 | 4881 be28 | 0d00 0000 | 0000 0075 | 1748 8996 | 280d 0000 | 48c7 8630 | 0d00 0001 
  0x000002c2837fdb00: 0000 00e9 | 0800 0000 | 4883 8608 | 0d00 0001 | 448b 8424 | d802 0000 | 498b d34c | 899c 24b8 
  0x000002c2837fdb20: 0100 0066 | 9048 b8a0 | 3805 0008 | 0000 00e8 | 4c87 8f07 | 4883 f800 | 7516 48bf | a8cb cda2 
  0x000002c2837fdb40: c202 0000 | 808f 390d | 0000 01e9 | d200 0000 | 48bb f00e | 0e00 0800 | 0000 8b50 | 0849 ba00 
  0x000002c2837fdb60: 0000 0008 | 0000 0049 | 03d2 483b | da0f 8593 | 0000 0048 | bfa8 cbcd | a2c2 0200 | 008b 5808 
  0x000002c2837fdb80: 49ba 0000 | 0000 0800 | 0000 4903 | da48 3b9f | 500d 0000 | 750d 4883 | 8758 0d00 | 0001 e97f 
  0x000002c2837fdba0: 0000 0048 | 3b9f 600d | 0000 750d | 4883 8768 | 0d00 0001 | e969 0000 | 0048 81bf | 500d 0000 
  0x000002c2837fdbc0: 0000 0000 | 7517 4889 | 9f50 0d00 | 0048 c787 | 580d 0000 | 0100 0000 | e945 0000 | 0048 81bf 
  0x000002c2837fdbe0: 600d 0000 | 0000 0000 | 7517 4889 | 9f60 0d00 | 0048 c787 | 680d 0000 | 0100 0000 | e921 0000 
  0x000002c2837fdc00: 00e9 1c00 | 0000 48bf | a8cb cda2 | c202 0000 | 4883 af40 | 0d00 0001 | e935 5d00 | 00e9 0000 
  0x000002c2837fdc20: 0000 488b | f044 8b84 | 24dc 0200 | 0041 83f8 | 0048 baa8 | cbcd a2c2 | 0200 0048 | bf78 0d00 
  0x000002c2837fdc40: 0000 0000 | 000f 8c0a | 0000 0048 | bf88 0d00 | 0000 0000 | 0048 8b1c | 3a48 8d5b | 0148 891c 
  0x000002c2837fdc60: 3a48 89b4 | 24e0 0200 | 000f 8c06 | 0100 0048 | 8b8c 24b0 | 0100 0048 | 3b01 488b | d148 bfa8 
  0x000002c2837fdc80: cbcd a2c2 | 0200 008b | 5208 49ba | 0000 0000 | 0800 0000 | 4903 d248 | 3b97 a80d | 0000 750d 
  0x000002c2837fdca0: 4883 87b0 | 0d00 0001 | e966 0000 | 0048 3b97 | b80d 0000 | 750d 4883 | 87c0 0d00 | 0001 e950 
  0x000002c2837fdcc0: 0000 0048 | 81bf a80d | 0000 0000 | 0000 7517 | 4889 97a8 | 0d00 0048 | c787 b00d | 0000 0100 
  0x000002c2837fdce0: 0000 e92c | 0000 0048 | 81bf b80d | 0000 0000 | 0000 7517 | 4889 97b8 | 0d00 0048 | c787 c00d 
  0x000002c2837fdd00: 0000 0100 | 0000 e908 | 0000 0048 | 8387 980d | 0000 0148 | 8bd1 4889 | 8c24 b001 | 0000 0f1f 
  0x000002c2837fdd20: 8000 0000 | 0048 b8a0 | 3805 0008 | 0000 00e8 | eca8 8c07 | 448b 8424 | dc02 0000 | 443b c048 
  0x000002c2837fdd40: baa8 cbcd | a2c2 0200 | 0048 bee0 | 0d00 0000 | 0000 000f | 8c0a 0000 | 0048 bed0 | 0d00 0000 
  0x000002c2837fdd60: 0000 0048 | 8b3c 3248 | 8d7f 0148 | 893c 320f | 8cd6 0000 | 0048 baf0 | 230e 0008 | 0000 0049 
  0x000002c2837fdd80: 8b87 0801 | 0000 488d | 7818 493b | bf18 0100 | 000f 87c9 | 5b00 0049 | 89bf 0801 | 0000 48c7 
  0x000002c2837fdda0: 0001 0000 | 0048 8bca | 49ba 0000 | 0000 0800 | 0000 492b | ca89 4808 | 4833 c989 | 480c 4833 
  0x000002c2837fddc0: c948 8948 | 104c 8bc0 | 48ba a8cb | cda2 c202 | 0000 4883 | 8278 0e00 | 0001 49b8 | 409c cda2 
  0x000002c2837fdde0: c202 0000 | 418b 90cc | 0000 0083 | c202 4189 | 90cc 0000 | 0081 e2fe | ff1f 0083 | fa00 0f84 
  0x000002c2837fde00: 695b 0000 | 4c8b c048 | ba40 9ccd | a2c2 0200 | 0048 8382 | 1001 0000 | 0149 b8c8 | 8424 a2c2 
  0x000002c2837fde20: 0200 0041 | 8b90 cc00 | 0000 83c2 | 0241 8990 | cc00 0000 | 81e2 feff | 1f00 83fa | 000f 844b 
  0x000002c2837fde40: 5b00 0048 | 8bd8 e9bd | 0100 0048 | 8b8c 24b0 | 0100 0048 | baa8 cbcd | a2c2 0200 | 008b 4908 
  0x000002c2837fde60: 49ba 0000 | 0000 0800 | 0000 4903 | ca48 3b8a | 000e 0000 | 750d 4883 | 8208 0e00 | 0001 e966 
  0x000002c2837fde80: 0000 0048 | 3b8a 100e | 0000 750d | 4883 8218 | 0e00 0001 | e950 0000 | 0048 81ba | 000e 0000 
  0x000002c2837fdea0: 0000 0000 | 7517 4889 | 8a00 0e00 | 0048 c782 | 080e 0000 | 0100 0000 | e92c 0000 | 0048 81ba 
  0x000002c2837fdec0: 100e 0000 | 0000 0000 | 7517 4889 | 8a10 0e00 | 0048 c782 | 180e 0000 | 0100 0000 | e908 0000 
  0x000002c2837fdee0: 0048 8382 | f00d 0000 | 0148 8b94 | 24b0 0100 | 000f 1f40 | 0048 b8a0 | 3805 0008 | 0000 00e8 
  0x000002c2837fdf00: 7c83 8f07 | 4883 f800 | 7516 48bf | a8cb cda2 | c202 0000 | 808f 210e | 0000 01e9 | d200 0000 
  0x000002c2837fdf20: 48ba f023 | 0e00 0800 | 0000 8b70 | 0849 ba00 | 0000 0008 | 0000 0049 | 03f2 483b | d60f 8593 
  0x000002c2837fdf40: 0000 0048 | bfa8 cbcd | a2c2 0200 | 008b 5008 | 49ba 0000 | 0000 0800 | 0000 4903 | d248 3b97 
  0x000002c2837fdf60: 380e 0000 | 750d 4883 | 8740 0e00 | 0001 e97f | 0000 0048 | 3b97 480e | 0000 750d | 4883 8750 
  0x000002c2837fdf80: 0e00 0001 | e969 0000 | 0048 81bf | 380e 0000 | 0000 0000 | 7517 4889 | 9738 0e00 | 0048 c787 
  0x000002c2837fdfa0: 400e 0000 | 0100 0000 | e945 0000 | 0048 81bf | 480e 0000 | 0000 0000 | 7517 4889 | 9748 0e00 
  0x000002c2837fdfc0: 0048 c787 | 500e 0000 | 0100 0000 | e921 0000 | 00e9 1c00 | 0000 48bf | a8cb cda2 | c202 0000 
  0x000002c2837fdfe0: 4883 af28 | 0e00 0001 | e9c2 5900 | 00e9 0000 | 0000 488b | d048 bea8 | cbcd a2c2 | 0200 00ff 
  0x000002c2837fe000: 8660 0e00 | 0048 8bda | 4c8b 8c24 | e002 0000 | 448b 8424 | d802 0000 | 48ba c8a1 | 0f00 0800 
  0x000002c2837fe020: 0000 498b | 8708 0100 | 0048 8d78 | 2049 3bbf | 1801 0000 | 0f87 7e59 | 0000 4989 | bf08 0100 
  0x000002c2837fe040: 0048 c700 | 0100 0000 | 488b ca49 | ba00 0000 | 0008 0000 | 0049 2bca | 8948 0848 | 33c9 8948 
  0x000002c2837fe060: 0c48 33c9 | 4889 4810 | 4889 4818 | 48ba f00e | 0e00 0800 | 0000 4c8b | f049 8b87 | 0801 0000 
  0x000002c2837fe080: 488d 7818 | 493b bf18 | 0100 000f | 8734 5900 | 0049 89bf | 0801 0000 | 48c7 0001 | 0000 0048 
  0x000002c2837fe0a0: 8bca 49ba | 0000 0000 | 0800 0000 | 492b ca89 | 4808 4833 | c989 480c | 4833 c948 | 8948 1048 
  0x000002c2837fe0c0: 8bf8 48be | a8cb cda2 | c202 0000 | 4883 8688 | 0e00 0001 | 48bf 2099 | cda2 c202 | 0000 8bb7 
  0x000002c2837fe0e0: cc00 0000 | 83c6 0289 | b7cc 0000 | 0081 e6fe | ff1f 0083 | fe00 0f84 | d658 0000 | 488b f848 
  0x000002c2837fe100: be20 99cd | a2c2 0200 | 0048 8386 | 1001 0000 | 0148 bfc8 | 8424 a2c2 | 0200 008b | b7cc 0000 
  0x000002c2837fe120: 0083 c602 | 89b7 cc00 | 0000 81e6 | feff 1f00 | 83fe 000f | 84ba 5800 | 0049 8bfe | 48be a8cb 
  0x000002c2837fe140: cda2 c202 | 0000 4883 | 8698 0e00 | 0001 488b | fb48 8bf0 | 498b d64c | 89b4 24e8 | 0200 00e8 
  0x000002c2837fe160: 7c61 f7ff | 488b 8424 | d002 0000 | 8bb4 24c8 | 0200 003b | 700c 0f83 | 9858 0000 | 488b bc24 
  0x000002c2837fe180: e802 0000 | 4883 ff00 | 7516 48ba | a8cb cda2 | c202 0000 | 808a a10e | 0000 01e9 | ff00 0000 
  0x000002c2837fe1a0: 8b58 0849 | ba00 0000 | 0008 0000 | 0049 03da | 8b57 0849 | ba00 0000 | 0008 0000 | 0049 03d2 
  0x000002c2837fe1c0: 488b 9be0 | 0000 0048 | 3bd3 0f84 | 2800 0000 | 8b4b 1448 | 3b1c 0a0f | 841b 0000 | 0083 f920 
  0x000002c2837fe1e0: 0f85 a200 | 0000 5253 | e893 7f41 | 075a 5b83 | fb00 0f84 | 9000 0000 | 48ba a8cb | cda2 c202 
  0x000002c2837fe200: 0000 8b5f | 0849 ba00 | 0000 0008 | 0000 0049 | 03da 483b | 9ab8 0e00 | 0075 0d48 | 8382 c00e 
  0x000002c2837fe220: 0000 01e9 | 7700 0000 | 483b 9ac8 | 0e00 0075 | 0d48 8382 | d00e 0000 | 01e9 6100 | 0000 4881 
  0x000002c2837fe240: bab8 0e00 | 0000 0000 | 0075 1748 | 899a b80e | 0000 48c7 | 82c0 0e00 | 0001 0000 | 00e9 3d00 
  0x000002c2837fe260: 0000 4881 | bac8 0e00 | 0000 0000 | 0075 1748 | 899a c80e | 0000 48c7 | 82d0 0e00 | 0001 0000 
  0x000002c2837fe280: 00e9 1900 | 0000 eb17 | 48ba a8cb | cda2 c202 | 0000 4883 | aaa8 0e00 | 0001 e988 | 5700 0048 
  0x000002c2837fe2a0: 63de 488d | 5c98 1041 | 0fbe 5738 | 83fa 000f | 857b 5700 | 004c 8bd7 | 49c1 ea03 | 4489 1348 
  0x000002c2837fe2c0: 8bd3 4833 | d748 c1ea | 1648 83fa | 000f 857b | 5700 00ff | c644 8b8c | 24cc 0200 | 00e9 36f3 
  0x000002c2837fe2e0: ffff 48be | a8cb cda2 | c202 0000 | 4883 8600 | 0f00 0001 | 49ba d02a | e0d2 ff7f | 0000 41ff 
  0x000002c2837fe300: d248 8984 | 24f0 0200 | 0048 bea8 | cbcd a2c2 | 0200 0048 | 8386 100f | 0000 0149 | bad0 2ae0 
  0x000002c2837fe320: d2ff 7f00 | 0041 ffd2 | 4889 8424 | 0003 0000 | 48ba a8cb | cda2 c202 | 0000 ff82 | 200f 0000 
  0x000002c2837fe340: be00 0000 | 00e9 7c00 | 0000 660f | 1f44 0000 | 3b70 0c0f | 830d 5700 | 0048 63d6 | 8b54 9010 
  0x000002c2837fe360: 48c1 e203 | 4c8b c641 | ffc0 443b | 400c 0f83 | 0057 0000 | 4d63 c046 | 8b44 8010 | 49c1 e003 
  0x000002c2837fe380: 4c8b ce41 | 83c1 0244 | 3b48 0c0f | 83f1 5600 | 004d 63c9 | 468b 4c88 | 1049 c1e1 | 0348 bba8 
  0x000002c2837fe3a0: cbcd a2c2 | 0200 0048 | 8383 380f | 0000 0189 | b424 f802 | 0000 90e8 | 24bc f8ff | 8bb4 24f8 
  0x000002c2837fe3c0: 0200 0083 | c603 488b | 8424 d002 | 0000 3bb4 | 24cc 0200 | 00ba 0200 | 0000 0f8c | 0500 0000 
  0x000002c2837fe3e0: ba00 0000 | 0049 b8a8 | cbcd a2c2 | 0200 0045 | 8b88 d000 | 0000 4403 | ca45 8988 | d000 0000 
  0x000002c2837fe400: 83fa 000f | 8506 0000 | 0041 b902 | 0000 0041 | 81e1 fe3f | 0000 4183 | f900 0f84 | 7056 0000 
  0x000002c2837fe420: 4d8b 9748 | 0300 0041 | 8502 3bb4 | 24cc 0200 | 0048 baa8 | cbcd a2c2 | 0200 0049 | b848 0f00 
  0x000002c2837fe440: 0000 0000 | 000f 8c0a | 0000 0049 | b858 0f00 | 0000 0000 | 004e 8b0c | 024d 8d49 | 014e 890c 
  0x000002c2837fe460: 020f 8ce9 | feff ff48 | bea8 cbcd | a2c2 0200 | 0048 8386 | 680f 0000 | 0149 bad0 | 2ae0 d2ff 
  0x000002c2837fe480: 7f00 0041 | ffd2 4889 | 8424 0803 | 0000 48be | a8cb cda2 | c202 0000 | 4883 8678 | 0f00 0001 
  0x000002c2837fe4a0: 49ba d02a | e0d2 ff7f | 0000 41ff | d248 8984 | 2410 0300 | 004c 8b9c | 24b8 0100 | 0049 3b03 
  0x000002c2837fe4c0: 498b d348 | bea8 cbcd | a2c2 0200 | 008b 5208 | 49ba 0000 | 0000 0800 | 0000 4903 | d248 3b96 
  0x000002c2837fe4e0: 980f 0000 | 750d 4883 | 86a0 0f00 | 0001 e966 | 0000 0048 | 3b96 a80f | 0000 750d | 4883 86b0 
  0x000002c2837fe500: 0f00 0001 | e950 0000 | 0048 81be | 980f 0000 | 0000 0000 | 7517 4889 | 9698 0f00 | 0048 c786 
  0x000002c2837fe520: a00f 0000 | 0100 0000 | e92c 0000 | 0048 81be | a80f 0000 | 0000 0000 | 7517 4889 | 96a8 0f00 
  0x000002c2837fe540: 0048 c786 | b00f 0000 | 0100 0000 | e908 0000 | 0048 8386 | 880f 0000 | 0149 8bd3 | 9048 b8a0 
  0x000002c2837fe560: 3805 0008 | 0000 00e8 | b4a0 8c07 | 488b d848 | bab0 a70f | 0008 0000 | 0048 63db | 488b fb48 
  0x000002c2837fe580: 81fb ffff | ff00 0f87 | 2a55 0000 | 48be 1700 | 0000 0000 | 0000 488d | 349e 4883 | e6f8 498b 
  0x000002c2837fe5a0: 8708 0100 | 0048 8d34 | 3049 3bb7 | 1801 0000 | 0f87 0055 | 0000 4989 | b708 0100 | 0048 2bf0 
  0x000002c2837fe5c0: 48c7 0001 | 0000 0048 | 8bca 49ba | 0000 0000 | 0800 0000 | 492b ca89 | 4808 8958 | 0c48 83ee 
  0x000002c2837fe5e0: 100f 841a | 0000 0048 | 85f6 0f84 | 1100 0000 | 4833 db48 | c1ee 0348 | 895c f008 | 48ff ce75 
  0x000002c2837fe600: f648 8984 | 2428 0300 | 0048 baa8 | cbcd a2c2 | 0200 00ff | 82c0 0f00 | 0041 b800 | 0000 00e9 
  0x000002c2837fe620: 3002 0000 | 0f1f 4000 | 48ba f00e | 0e00 0800 | 0000 488b | d849 8b87 | 0801 0000 | 488d 7818 
  0x000002c2837fe640: 493b bf18 | 0100 000f | 8773 5400 | 0049 89bf | 0801 0000 | 48c7 0001 | 0000 0048 | 8bca 49ba 
  0x000002c2837fe660: 0000 0000 | 0800 0000 | 492b ca89 | 4808 4833 | c989 480c | 4833 c948 | 8948 1048 | 8bd0 48be 
  0x000002c2837fe680: a8cb cda2 | c202 0000 | 4883 86d8 | 0f00 0001 | 48ba 2099 | cda2 c202 | 0000 8bb2 | cc00 0000 
  0x000002c2837fe6a0: 83c6 0289 | b2cc 0000 | 0081 e6fe | ff1f 0083 | fe00 0f84 | 1554 0000 | 488b d048 | be20 99cd 
  0x000002c2837fe6c0: a2c2 0200 | 0048 8386 | 1001 0000 | 0148 bac8 | 8424 a2c2 | 0200 008b | b2cc 0000 | 0083 c602 
  0x000002c2837fe6e0: 89b2 cc00 | 0000 81e6 | feff 1f00 | 83fe 000f | 84f9 5300 | 0044 3b43 | 0c0f 8310 | 5400 0048 
  0x000002c2837fe700: 83f8 0075 | 1648 bea8 | cbcd a2c2 | 0200 0080 | 8ee1 0f00 | 0001 e9ff | 0000 008b | 5308 49ba 
  0x000002c2837fe720: 0000 0000 | 0800 0000 | 4903 d28b | 7008 49ba | 0000 0000 | 0800 0000 | 4903 f248 | 8b92 e000 
  0x000002c2837fe740: 0000 483b | f20f 8428 | 0000 008b | 7a14 483b | 143e 0f84 | 1b00 0000 | 83ff 200f | 85a2 0000 
  0x000002c2837fe760: 0056 52e8 | 187a 4107 | 5e5a 83fa | 000f 8490 | 0000 0048 | bea8 cbcd | a2c2 0200 | 008b 5008 
  0x000002c2837fe780: 49ba 0000 | 0000 0800 | 0000 4903 | d248 3b96 | f80f 0000 | 750d 4883 | 8600 1000 | 0001 e977 
  0x000002c2837fe7a0: 0000 0048 | 3b96 0810 | 0000 750d | 4883 8610 | 1000 0001 | e961 0000 | 0048 81be | f80f 0000 
  0x000002c2837fe7c0: 0000 0000 | 7517 4889 | 96f8 0f00 | 0048 c786 | 0010 0000 | 0100 0000 | e93d 0000 | 0048 81be 
  0x000002c2837fe7e0: 0810 0000 | 0000 0000 | 7517 4889 | 9608 1000 | 0048 c786 | 1010 0000 | 0100 0000 | e919 0000 
  0x000002c2837fe800: 00eb 1748 | bea8 cbcd | a2c2 0200 | 0048 83ae | e80f 0000 | 01e9 0853 | 0000 4963 | d048 8d54 
  0x000002c2837fe820: 9310 410f | be77 3883 | fe00 0f85 | fb52 0000 | 4c8b d049 | c1ea 0344 | 8912 488b | f248 33f0 
  0x000002c2837fe840: 48c1 ee16 | 4883 fe00 | 0f85 fb52 | 0000 41ff | c048 8bc3 | 8b50 0c44 | 3bc2 be02 | 0000 000f 
  0x000002c2837fe860: 8c05 0000 | 00be 0000 | 0000 48bf | a8cb cda2 | c202 0000 | 8b8f d000 | 0000 03ce | 898f d000 
  0x000002c2837fe880: 0000 83fe | 000f 8505 | 0000 00b9 | 0200 0000 | 81e1 fe3f | 0000 83f9 | 000f 84c2 | 5200 004d 
  0x000002c2837fe8a0: 8b97 4803 | 0000 4185 | 0244 3bc2 | 48ba a8cb | cda2 c202 | 0000 48be | 2010 0000 | 0000 0000 
  0x000002c2837fe8c0: 0f8c 0a00 | 0000 48be | 3010 0000 | 0000 0000 | 488b 3c32 | 488d 7f01 | 4889 3c32 | 0f8c 46fd 
  0x000002c2837fe8e0: ffff 488b | d848 baa8 | cbcd a2c2 | 0200 00ff | 8240 1000 | 0041 bb00 | 0000 00e9 | 7007 0000 
  0x000002c2837fe900: 443b 580c | 0f83 7852 | 0000 4963 | d344 8b6c | 9010 49c1 | e503 4c89 | ac24 2003 | 0000 498b 
  0x000002c2837fe920: d3ff c23b | 500c 0f83 | 6452 0000 | 4863 d244 | 8b74 9010 | 49c1 e603 | 498b d383 | c202 3b50 
  0x000002c2837fe940: 0c0f 8357 | 5200 0048 | 63d2 448b | 4c90 1049 | c1e1 034c | 898c 2418 | 0300 0048 | baf0 0e0e 
  0x000002c2837fe960: 0008 0000 | 0049 8b87 | 0801 0000 | 488d 7818 | 493b bf18 | 0100 000f | 872f 5200 | 0049 89bf 
  0x000002c2837fe980: 0801 0000 | 48c7 0001 | 0000 0048 | 8bca 49ba | 0000 0000 | 0800 0000 | 492b ca89 | 4808 4833 
  0x000002c2837fe9a0: c989 480c | 4833 c948 | 8948 1041 | 8b56 1048 | c1e2 0348 | 8bf0 48bf | a8cb cda2 | c202 0000 
  0x000002c2837fe9c0: 4883 8758 | 1000 0001 | 48be 80bb | cda2 c202 | 0000 8bbe | cc00 0000 | 83c7 0289 | becc 0000 
  0x000002c2837fe9e0: 0081 e7fe | ff1f 0083 | ff00 0f84 | ce51 0000 | 488b f048 | bf80 bbcd | a2c2 0200 | 0048 8387 
  0x000002c2837fea00: 1001 0000 | 0148 bec8 | 8424 a2c2 | 0200 008b | becc 0000 | 0083 c702 | 89be cc00 | 0000 81e7 
  0x000002c2837fea20: feff 1f00 | 83ff 000f | 84b2 5100 | 0048 3b02 | 488b f248 | bf80 bbcd | a2c2 0200 | 0048 8387 
  0x000002c2837fea40: 3801 0000 | 01c5 fa10 | 420c c5fa | 1140 0c48 | 8bf2 48bf | 80bb cda2 | c202 0000 | 4883 8770 
  0x000002c2837fea60: 0100 0001 | c5fa 1042 | 10c5 fa11 | 4010 488b | f248 bf80 | bbcd a2c2 | 0200 0048 | 8387 a801 
  0x000002c2837fea80: 0000 01c5 | fa10 4214 | c5fa 1140 | 1441 8b55 | 1048 c1e2 | 0348 8bf0 | 48bf a8cb | cda2 c202 
  0x000002c2837feaa0: 0000 49ba | f00e 0e00 | 0800 0000 | 4c89 9778 | 1000 0048 | 8387 8010 | 0000 0148 | be68 aecd 
  0x000002c2837feac0: a2c2 0200 | 008b becc | 0000 0083 | c702 89be | cc00 0000 | 81e7 feff | 1f00 83ff | 000f 8427 
  0x000002c2837feae0: 5100 0048 | 8bf0 48bf | 68ae cda2 | c202 0000 | 4883 8728 | 0100 0001 | 4c8b c24c | 8bc8 488b 
  0x000002c2837feb00: d044 899c | 24fc 0200 | 004c 89b4 | 2430 0300 | 0066 0f1f | 4400 00e8 | c434 f7ff | 48ba f00e 
  0x000002c2837feb20: 0e00 0800 | 0000 4889 | 8424 3803 | 0000 498b | 8708 0100 | 0048 8d78 | 1849 3bbf | 1801 0000 
  0x000002c2837feb40: 0f87 e550 | 0000 4989 | bf08 0100 | 0048 c700 | 0100 0000 | 488b ca49 | ba00 0000 | 0008 0000 
  0x000002c2837feb60: 0049 2bca | 8948 0848 | 33c9 8948 | 0c48 33c9 | 4889 4810 | 4c8b 8c24 | 1803 0000 | 458b 4110 
  0x000002c2837feb80: 49c1 e003 | 488b d048 | bea8 cbcd | a2c2 0200 | 0048 8386 | a010 0000 | 0148 ba80 | bbcd a2c2 
  0x000002c2837feba0: 0200 008b | b2cc 0000 | 0083 c602 | 89b2 cc00 | 0000 81e6 | feff 1f00 | 83fe 000f | 847c 5000 
  0x000002c2837febc0: 0048 8bd0 | 48be 80bb | cda2 c202 | 0000 4883 | 8610 0100 | 0001 48ba | c884 24a2 | c202 0000 
  0x000002c2837febe0: 8bb2 cc00 | 0000 83c6 | 0289 b2cc | 0000 0081 | e6fe ff1f | 0083 fe00 | 0f84 6050 | 0000 493b 
  0x000002c2837fec00: 0049 8bd0 | 48be 80bb | cda2 c202 | 0000 4883 | 8638 0100 | 0001 c4c1 | 7a10 400c | c5fa 1140 
  0x000002c2837fec20: 0c49 8bd0 | 48be 80bb | cda2 c202 | 0000 4883 | 8670 0100 | 0001 c4c1 | 7a10 4010 | c5fa 1140 
  0x000002c2837fec40: 1049 8bd0 | 48be 80bb | cda2 c202 | 0000 4883 | 86a8 0100 | 0001 c4c1 | 7a10 4014 | c5fa 1140 
  0x000002c2837fec60: 144c 8bac | 2420 0300 | 0045 8b45 | 1049 c1e0 | 0348 8bd0 | 48be a8cb | cda2 c202 | 0000 49ba 
  0x000002c2837fec80: f00e 0e00 | 0800 0000 | 4c89 96c0 | 1000 0048 | 8386 c810 | 0000 0148 | ba68 aecd | a2c2 0200 
  0x000002c2837feca0: 008b b2cc | 0000 0083 | c602 89b2 | cc00 0000 | 81e6 feff | 1f00 83fe | 000f 84c5 | 4f00 0048 
  0x000002c2837fecc0: 8bd0 48be | 68ae cda2 | c202 0000 | 4883 8628 | 0100 0001 | 4c8b c848 | 8bd0 0f1f | 4400 00e8 
  0x000002c2837fece0: fc32 f7ff | 4c8b c048 | baf0 0e0e | 0008 0000 | 0049 8b87 | 0801 0000 | 488d 7818 | 493b bf18 
  0x000002c2837fed00: 0100 000f | 879c 4f00 | 0049 89bf | 0801 0000 | 48c7 0001 | 0000 0048 | 8bca 49ba | 0000 0000 
  0x000002c2837fed20: 0800 0000 | 492b ca89 | 4808 4833 | c989 480c | 4833 c948 | 8948 104c | 8bc8 48ba | a8cb cda2 
  0x000002c2837fed40: c202 0000 | 4883 82e8 | 1000 0001 | 49b9 78c0 | cda2 c202 | 0000 418b | 91cc 0000 | 0083 c202 
  0x000002c2837fed60: 4189 91cc | 0000 0081 | e2fe ff1f | 0083 fa00 | 0f84 3c4f | 0000 4c8b | c848 ba78 | c0cd a2c2 
  0x000002c2837fed80: 0200 0048 | 8382 1001 | 0000 0149 | b9c8 8424 | a2c2 0200 | 0041 8b91 | cc00 0000 | 83c2 0241 
  0x000002c2837feda0: 8991 cc00 | 0000 81e2 | feff 1f00 | 83fa 000f | 841e 4f00 | 0048 8b94 | 2438 0300 | 0048 3b02 
  0x000002c2837fedc0: 4c8b ca48 | bea8 cbcd | a2c2 0200 | 0049 baf0 | 0e0e 0008 | 0000 004c | 8996 0811 | 0000 4883 
  0x000002c2837fede0: 8610 1100 | 0001 4c8b | c866 0f1f | 4400 00e8 | 2cc8 f8ff | 483b 004c | 8bc0 48ba | a8cb cda2 
  0x000002c2837fee00: c202 0000 | 49ba f00e | 0e00 0800 | 0000 4c89 | 9240 1100 | 0048 8382 | 4811 0000 | 0149 b8b8 
  0x000002c2837fee20: c1cd a2c2 | 0200 0041 | 8b90 cc00 | 0000 83c2 | 0241 8990 | cc00 0000 | 81e2 feff | 1f00 83fa 
  0x000002c2837fee40: 000f 84b7 | 4e00 004c | 8bc0 48ba | b8c1 cda2 | c202 0000 | 4883 8228 | 0100 0001 | 4c8b c048 
  0x000002c2837fee60: 8bd0 0f1f | 4400 00e8 | 94e9 f6ff | 4c8b ac24 | 2003 0000 | 458b 450c | 488b b424 | 2803 0000 
  0x000002c2837fee80: 443b 460c | 0f83 954e | 0000 4d63 | c042 8b54 | 8610 48c1 | e203 483b | 024c 8bc2 | 49b9 a8cb 
  0x000002c2837feea0: cda2 c202 | 0000 49ba | f00e 0e00 | 0800 0000 | 4d89 9178 | 1100 0049 | 8381 8011 | 0000 0149 
  0x000002c2837feec0: b8b0 a8cd | a2c2 0200 | 0045 8b88 | cc00 0000 | 4183 c102 | 4589 88cc | 0000 0041 | 81e1 feff 
  0x000002c2837feee0: 1f00 4183 | f900 0f84 | 464e 0000 | 4c8b c249 | b9b0 a8cd | a2c2 0200 | 0049 8381 | 2801 0000 
  0x000002c2837fef00: 014c 8bc0 | 4c8b ca48 | 8984 2440 | 0300 00e8 | ccd8 f6ff | 4c8b b424 | 3003 0000 | 458b 460c 
  0x000002c2837fef20: 488b 8424 | 2803 0000 | 443b 400c | 0f83 214e | 0000 4d63 | c042 8b54 | 8010 48c1 | e203 483b 
  0x000002c2837fef40: 024c 8bc2 | 49b9 a8cb | cda2 c202 | 0000 49ba | f00e 0e00 | 0800 0000 | 4d89 91b0 | 1100 0049 
  0x000002c2837fef60: 8381 b811 | 0000 0149 | b8b0 a8cd | a2c2 0200 | 0045 8b88 | cc00 0000 | 4183 c102 | 4589 88cc 
  0x000002c2837fef80: 0000 0041 | 81e1 feff | 1f00 4183 | f900 0f84 | d24d 0000 | 4c8b c249 | b9b0 a8cd | a2c2 0200 
  0x000002c2837fefa0: 0049 8381 | 2801 0000 | 014c 8b84 | 2440 0300 | 004c 8bca | 6666 90e8 | 24d8 f6ff | 4c8b 8c24 
  0x000002c2837fefc0: 1803 0000 | 458b 410c | 488b 8424 | 2803 0000 | 443b 400c | 0f83 ad4d | 0000 4d63 | c042 8b54 
  0x000002c2837fefe0: 8010 48c1 | e203 483b | 024c 8bc2 | 49b9 a8cb | cda2 c202 | 0000 49ba | f00e 0e00 | 0800 0000 
  0x000002c2837ff000: 4d89 91e8 | 1100 0049 | 8381 f011 | 0000 0149 | b8b0 a8cd | a2c2 0200 | 0045 8b88 | cc00 0000 
  0x000002c2837ff020: 4183 c102 | 4589 88cc | 0000 0041 | 81e1 feff | 1f00 4183 | f900 0f84 | 5e4d 0000 | 4c8b c249 
  0x000002c2837ff040: b9b0 a8cd | a2c2 0200 | 0049 8381 | 2801 0000 | 014c 8b84 | 2440 0300 | 004c 8bca | 6666 90e8 
  0x000002c2837ff060: 7cd7 f6ff | 448b 9c24 | fc02 0000 | 4183 c303 | 488b 8424 | d002 0000 | 443b 9c24 | cc02 0000 
  0x000002c2837ff080: ba02 0000 | 000f 8c05 | 0000 00ba | 0000 0000 | 48be a8cb | cda2 c202 | 0000 8bbe | d000 0000 
  0x000002c2837ff0a0: 03fa 89be | d000 0000 | 83fa 000f | 8505 0000 | 00bf 0200 | 0000 81e7 | fe3f 0000 | 83ff 000f 
  0x000002c2837ff0c0: 84f6 4c00 | 004d 8b97 | 4803 0000 | 4185 0244 | 3b9c 24cc | 0200 0048 | baa8 cbcd | a2c2 0200 
  0x000002c2837ff0e0: 0048 be10 | 1200 0000 | 0000 000f | 8c0a 0000 | 0048 be20 | 1200 0000 | 0000 0048 | 8b3c 3248 
  0x000002c2837ff100: 8d7f 0148 | 893c 320f | 8cf3 f7ff | ff8b 580c | 899c 2454 | 0300 0048 | baa8 cbcd | a2c2 0200 
  0x000002c2837ff120: 00ff 8230 | 1200 0041 | b900 0000 | 004c 8b9c | 2428 0300 | 00e9 ac01 | 0000 660f | 1f44 0000 
  0x000002c2837ff140: 443b 480c | 0f83 924c | 0000 4963 | d18b 5490 | 1048 c1e2 | 0344 8b6a | 1849 c1e5 | 038b 520c 
  0x000002c2837ff160: 413b 530c | 0f83 854c | 0000 4863 | d245 8b74 | 9310 49c1 | e603 48ba | f00e 0e00 | 0800 0000 
  0x000002c2837ff180: 498b 8708 | 0100 0048 | 8d78 1849 | 3bbf 1801 | 0000 0f87 | 654c 0000 | 4989 bf08 | 0100 0048 
  0x000002c2837ff1a0: c700 0100 | 0000 488b | ca49 ba00 | 0000 0008 | 0000 0049 | 2bca 8948 | 0848 33c9 | 8948 0c48 
  0x000002c2837ff1c0: 33c9 4889 | 4810 488b | d048 bea8 | cbcd a2c2 | 0200 0048 | 8386 4812 | 0000 0148 | ba78 c0cd 
  0x000002c2837ff1e0: a2c2 0200 | 008b b2cc | 0000 0083 | c602 89b2 | cc00 0000 | 81e6 feff | 1f00 83fe | 000f 8407 
  0x000002c2837ff200: 4c00 0048 | 8bd0 48be | 78c0 cda2 | c202 0000 | 4883 8610 | 0100 0001 | 48ba c884 | 24a2 c202 
  0x000002c2837ff220: 0000 8bb2 | cc00 0000 | 83c6 0289 | b2cc 0000 | 0081 e6fe | ff1f 0083 | fe00 0f84 | eb4b 0000 
  0x000002c2837ff240: 493b 0649 | 8bd6 48be | a8cb cda2 | c202 0000 | 49ba f00e | 0e00 0800 | 0000 4c89 | 9668 1200 
  0x000002c2837ff260: 0048 8386 | 7012 0000 | 014c 8bc0 | 498b d644 | 898c 2450 | 0300 004c | 89ac 2448 | 0300 00e8 
  0x000002c2837ff280: 7ce5 f6ff | 4c8b ac24 | 4803 0000 | 493b 4500 | 4d8b c548 | baa8 cbcd | a2c2 0200 | 0049 baf0 
  0x000002c2837ff2a0: 0e0e 0008 | 0000 004c | 8992 a012 | 0000 4883 | 82a8 1200 | 0001 4c8b | c049 8bd5 | 6666 90e8 
  0x000002c2837ff2c0: 9c97 f6ff | 448b 8c24 | 5003 0000 | 41ff c18b | 9c24 5403 | 0000 4c8b | 9c24 2803 | 0000 488b 
  0x000002c2837ff2e0: 8424 d002 | 0000 443b | cbba 0200 | 0000 0f8c | 0500 0000 | ba00 0000 | 0048 bea8 | cbcd a2c2 
  0x000002c2837ff300: 0200 008b | bed0 0000 | 0003 fa89 | bed0 0000 | 0083 fa00 | 0f85 0500 | 0000 bf02 | 0000 0081 
  0x000002c2837ff320: e7fe 3f00 | 0083 ff00 | 0f84 284b | 0000 4d8b | 9748 0300 | 0041 8502 | 443b cb48 | baa8 cbcd 
  0x000002c2837ff340: a2c2 0200 | 0048 bec8 | 1200 0000 | 0000 000f | 8c0a 0000 | 0048 bed8 | 1200 0000 | 0000 0048 
  0x000002c2837ff360: 8b3c 3248 | 8d7f 0148 | 893c 320f | 8ccf fdff | ff48 bea8 | cbcd a2c2 | 0200 0048 | 8386 e812 
  0x000002c2837ff380: 0000 0149 | bad0 2ae0 | d2ff 7f00 | 0041 ffd2 | 4889 8424 | 5803 0000 | 48be a8cb | cda2 c202 
  0x000002c2837ff3a0: 0000 4883 | 86f8 1200 | 0001 49ba | d02a e0d2 | ff7f 0000 | 41ff d248 | 8984 2478 | 0300 00bb 
  0x000002c2837ff3c0: 0b00 0000 | 8b94 24cc | 0200 000f | afd3 488b | da48 bae0 | 0304 0008 | 0000 0048 | 63db 488b 
  0x000002c2837ff3e0: fb48 81fb | ffff ff00 | 0f87 894a | 0000 48be | 1700 0000 | 0000 0000 | 488d 349e | 4883 e6f8 
  0x000002c2837ff400: 498b 8708 | 0100 0048 | 8d34 3049 | 3bb7 1801 | 0000 0f87 | 5f4a 0000 | 4989 b708 | 0100 0048 
  0x000002c2837ff420: 2bf0 48c7 | 0001 0000 | 0048 8bca | 49ba 0000 | 0000 0800 | 0000 492b | ca89 4808 | 8958 0c48 
  0x000002c2837ff440: 83ee 100f | 841a 0000 | 0048 85f6 | 0f84 1100 | 0000 4833 | db48 c1ee | 0348 895c | f008 48ff 
  0x000002c2837ff460: ce75 f648 | 8984 2470 | 0300 0049 | b8a8 cbcd | a2c2 0200 | 0041 ff80 | 0813 0000 | be00 0000 
  0x000002c2837ff480: 00bf 0000 | 0000 e912 | 0200 000f | 1f44 0000 | 3b73 0c0f | 83e8 4900 | 004c 63c6 | 468b 4c83 
  0x000002c2837ff4a0: 1049 c1e1 | 0345 8b41 | 1049 c1e0 | 03c4 c17a | 1040 0c3b | 780c 0f83 | dd49 0000 | 4863 d7c5 
  0x000002c2837ff4c0: fa11 4490 | 10c4 c17a | 1040 10ff | c73b 780c | 0f83 d149 | 0000 4863 | d7c5 fa11 | 4490 10c4 
  0x000002c2837ff4e0: c17a 1040 | 14ff c73b | 780c 0f83 | c549 0000 | 4c63 c7c4 | a17a 1144 | 8010 458b | 4114 49c1 
  0x000002c2837ff500: e003 c4c1 | 7a10 400c | ffc7 3b78 | 0c0f 83b5 | 4900 0048 | 63d7 c5fa | 1144 9010 | c4c1 7a10 
  0x000002c2837ff520: 4010 ffc7 | 3b78 0c0f | 83a9 4900 | 004c 63c7 | c4a1 7a11 | 4480 1045 | 8b41 1849 | c1e0 03c4 
  0x000002c2837ff540: c17a 1040 | 0cff c73b | 780c 0f83 | 9949 0000 | 4863 d7c5 | fa11 4490 | 10c4 c17a | 1040 10ff 
  0x000002c2837ff560: c73b 780c | 0f83 8d49 | 0000 4863 | d7c5 fa11 | 4490 10c4 | c17a 1040 | 14ff c73b | 780c 0f83 
  0x000002c2837ff580: 8149 0000 | 4c63 c7c4 | a17a 1144 | 8010 418b | 511c 48c1 | e203 483b | 024c 8bc2 | 49bb a8cb 
  0x000002c2837ff5a0: cda2 c202 | 0000 49ba | f00e 0e00 | 0800 0000 | 4d89 9330 | 1300 0049 | 8383 3813 | 0000 01ff 
  0x000002c2837ff5c0: c749 b8b8 | c1cd a2c2 | 0200 0045 | 8b98 cc00 | 0000 4183 | c302 4589 | 98cc 0000 | 0041 81e3 
  0x000002c2837ff5e0: feff 1f00 | 4183 fb00 | 0f84 2a49 | 0000 4c8b | c249 bbb8 | c1cd a2c2 | 0200 0049 | 8383 2801 
  0x000002c2837ff600: 0000 014c | 8bc2 89b4 | 246c 0300 | 0089 bc24 | 6803 0000 | 4c89 8c24 | 6003 0000 | 6666 90e8 
  0x000002c2837ff620: dce1 f6ff | 4c8b 8c24 | 6003 0000 | 418b 711c | 48c1 e603 | c5fa 1046 | 0c8b bc24 | 6803 0000 
  0x000002c2837ff640: 488b 8424 | 7003 0000 | 3b78 0c0f | 83ed 4800 | 0048 63df | c5fa 1144 | 9810 c5fa | 1046 10ff 
  0x000002c2837ff660: c73b 780c | 0f83 e248 | 0000 4863 | dfc5 fa11 | 4498 10ff | c748 8bdf | ffc3 c5fa | 1046 143b 
  0x000002c2837ff680: 780c 0f83 | d248 0000 | 4863 ffc5 | fa11 44b8 | 108b b424 | 6c03 0000 | ffc6 488b | fb48 8b9c 
  0x000002c2837ff6a0: 24d0 0200 | 003b b424 | cc02 0000 | 41b8 0200 | 0000 0f8c | 0600 0000 | 41b8 0000 | 0000 48ba 
  0x000002c2837ff6c0: a8cb cda2 | c202 0000 | 448b 8ad0 | 0000 0045 | 03c8 4489 | 8ad0 0000 | 0041 83f8 | 000f 8506 
  0x000002c2837ff6e0: 0000 0041 | b902 0000 | 0041 81e1 | fe3f 0000 | 4183 f900 | 0f84 6e48 | 0000 4d8b | 9748 0300 
  0x000002c2837ff700: 0041 8502 | 3bb4 24cc | 0200 0049 | b8a8 cbcd | a2c2 0200 | 0048 ba58 | 1300 0000 | 0000 000f 
  0x000002c2837ff720: 8c0a 0000 | 0048 ba68 | 1300 0000 | 0000 004d | 8b0c 104d | 8d49 014d | 890c 100f | 8c4f fdff 
  0x000002c2837ff740: ff48 bea8 | cbcd a2c2 | 0200 0048 | 8386 7813 | 0000 0149 | bad0 2ae0 | d2ff 7f00 | 0041 ffd2 
  0x000002c2837ff760: 4889 8424 | 8003 0000 | 48bb a8cb | cda2 c202 | 0000 4883 | 8388 1300 | 0001 c5fa | 1084 2460 
  0x000002c2837ff780: 0400 00c5 | fa5a c0c5 | fb51 c0c5 | fb5a c044 | 8b84 24cc | 0200 0049 | 8bd8 41c1 | e002 442b 
  0x000002c2837ff7a0: c349 8bd8 | 48ba e003 | 0400 0800 | 0000 4863 | db48 8bfb | 4881 fbff | ffff 000f | 87c8 4700 
  0x000002c2837ff7c0: 0048 be17 | 0000 0000 | 0000 0048 | 8d34 9e48 | 83e6 f849 | 8b87 0801 | 0000 488d | 3430 493b 
  0x000002c2837ff7e0: b718 0100 | 000f 879e | 4700 0049 | 89b7 0801 | 0000 482b | f048 c700 | 0100 0000 | 488b ca49 
  0x000002c2837ff800: ba00 0000 | 0008 0000 | 0049 2bca | 8948 0889 | 580c 4883 | ee10 0f84 | 1a00 0000 | 4885 f60f 
  0x000002c2837ff820: 8411 0000 | 0048 33db | 48c1 ee03 | 4889 5cf0 | 0848 ffce | 75f6 4c8b | d84c 899c | 2488 0300 
  0x000002c2837ff840: 0049 8bd8 | 48ba e003 | 0400 0800 | 0000 4863 | db48 8bfb | 4881 fbff | ffff 000f | 8732 4700 
  0x000002c2837ff860: 0048 be17 | 0000 0000 | 0000 0048 | 8d34 9e48 | 83e6 f849 | 8b87 0801 | 0000 488d | 3430 493b 
  0x000002c2837ff880: b718 0100 | 000f 8708 | 4700 0049 | 89b7 0801 | 0000 482b | f048 c700 | 0100 0000 | 488b ca49 
  0x000002c2837ff8a0: ba00 0000 | 0008 0000 | 0049 2bca | 8948 0889 | 580c 4883 | ee10 0f84 | 1a00 0000 | 4885 f60f 
  0x000002c2837ff8c0: 8411 0000 | 0048 33db | 48c1 ee03 | 4889 5cf0 | 0848 ffce | 75f6 4c8b | e84c 89ac | 2490 0300 
  0x000002c2837ff8e0: 008b 8424 | cc02 0000 | d1e0 488b | d848 bae0 | 0304 0008 | 0000 0048 | 63db 488b | fb48 81fb 
  0x000002c2837ff900: ffff ff00 | 0f87 9346 | 0000 48be | 1700 0000 | 0000 0000 | 488d 349e | 4883 e6f8 | 498b 8708 
  0x000002c2837ff920: 0100 0048 | 8d34 3049 | 3bb7 1801 | 0000 0f87 | 6946 0000 | 4989 b708 | 0100 0048 | 2bf0 48c7 
  0x000002c2837ff940: 0001 0000 | 0048 8bca | 49ba 0000 | 0000 0800 | 0000 492b | ca89 4808 | 8958 0c48 | 83ee 100f 
  0x000002c2837ff960: 841a 0000 | 0048 85f6 | 0f84 1100 | 0000 4833 | db48 c1ee | 0348 895c | f008 48ff | ce75 f64c 
  0x000002c2837ff980: 8bf0 8b9c | 24cc 0200 | 0048 baa0 | 0b04 0008 | 0000 0048 | 63db 488b | fb48 81fb | ffff ff00 
  0x000002c2837ff9a0: 0f87 0146 | 0000 48be | 1700 0000 | 0000 0000 | 488d 349e | 4883 e6f8 | 498b 8708 | 0100 0048 
  0x000002c2837ff9c0: 8d34 3049 | 3bb7 1801 | 0000 0f87 | d745 0000 | 4989 b708 | 0100 0048 | 2bf0 48c7 | 0001 0000 
  0x000002c2837ff9e0: 0048 8bca | 49ba 0000 | 0000 0800 | 0000 492b | ca89 4808 | 8958 0c48 | 83ee 100f | 841a 0000 
  0x000002c2837ffa00: 0048 85f6 | 0f84 1100 | 0000 4833 | db48 c1ee | 0348 895c | f008 48ff | ce75 f649 | 8bd8 48ba 
  0x000002c2837ffa20: a00b 0400 | 0800 0000 | 4c8b c048 | 63db 488b | fb48 81fb | ffff ff00 | 0f87 7345 | 0000 48be 
  0x000002c2837ffa40: 1700 0000 | 0000 0000 | 488d 349e | 4883 e6f8 | 498b 8708 | 0100 0048 | 8d34 3049 | 3bb7 1801 
  0x000002c2837ffa60: 0000 0f87 | 4945 0000 | 4989 b708 | 0100 0048 | 2bf0 48c7 | 0001 0000 | 0048 8bca | 49ba 0000 
  0x000002c2837ffa80: 0000 0800 | 0000 492b | ca89 4808 | 8958 0c48 | 83ee 100f | 841a 0000 | 0048 85f6 | 0f84 1100 
  0x000002c2837ffaa0: 0000 4833 | db48 c1ee | 0348 895c | f008 48ff | ce75 f648 | 8bd8 48ba | a8cb cda2 | c202 0000 
  0x000002c2837ffac0: ff82 9813 | 0000 ba00 | 0000 00e9 | cf01 0000 | 3b50 0c0f | 83e2 4400 | 0048 63f2 | 8b74 b010 
  0x000002c2837ffae0: 48c1 e603 | 8b7e 1048 | c1e7 03c5 | fa10 4f0c | 488b ca4c | 8bc9 c1e1 | 0241 2bc9 | 413b 4b0c 
  0x000002c2837ffb00: 0f83 cd44 | 0000 4c63 | c9c4 817a | 114c 8b10 | c5fa 104f | 104c 8bc9 | 41ff c145 | 3b4b 0c0f 
  0x000002c2837ffb20: 83bc 4400 | 0049 63c1 | c4c1 7a11 | 4c83 10c5 | fa10 4f14 | 488b f983 | c702 413b | 7b0c 0f83 
  0x000002c2837ffb40: ab44 0000 | 4863 c7c4 | c17a 114c | 8310 8b46 | 1848 c1e0 | 03c5 fa10 | 480c 413b | 4d0c 0f83 
  0x000002c2837ffb60: 9e44 0000 | 4c63 d9c4 | 817a 114c | 9d10 c5fa | 1048 1045 | 3b4d 0c0f | 8393 4400 | 004d 63d9 
  0x000002c2837ffb80: c481 7a11 | 4c9d 10c5 | fa10 4814 | 413b 7d0c | 0f83 8844 | 0000 4863 | c7c4 c17a | 114c 8510 
  0x000002c2837ffba0: 8b46 1448 | c1e0 03c5 | fa10 480c | 4c8b da41 | d1e3 453b | 5e0c 0f83 | 7544 0000 | 4d63 ebc4 
  0x000002c2837ffbc0: 817a 114c | ae10 c5fa | 1048 1041 | ffc3 453b | 5e0c 0f83 | 6744 0000 | 4d63 dbc4 | 817a 114c 
  0x000002c2837ffbe0: 9e10 413b | 500c 0f83 | 6144 0000 | 4863 c241 | 8954 8010 | 8b76 1c48 | c1e6 03c5 | fa10 4e0c 
  0x000002c2837ffc00: c5fa 2cc1 | 81f8 0000 | 0080 750f | 4883 ec08 | c5fa 110c | 24e8 d914 | 3207 583b | 4b0c 0f83 
  0x000002c2837ffc20: 3c44 0000 | 4863 c989 | 448b 10c5 | fa10 4e10 | c5fa 2cc1 | 81f8 0000 | 0080 750f | 4883 ec08 
  0x000002c2837ffc40: c5fa 110c | 24e8 a914 | 3207 5844 | 3b4b 0c0f | 8319 4400 | 004d 63c9 | 4289 448b | 10c5 fa10 
  0x000002c2837ffc60: 4e14 c5fa | 2cf1 81fe | 0000 0080 | 750f 4883 | ec08 c5fa | 110c 24e8 | 7714 3207 | 5e3b 7b0c 
  0x000002c2837ffc80: 0f83 f643 | 0000 4863 | ff89 74bb | 10ff c24c | 8bac 2490 | 0300 004c | 8b9c 2488 | 0300 0048 
  0x000002c2837ffca0: 8b84 24d0 | 0200 003b | 9424 cc02 | 0000 be02 | 0000 000f | 8c05 0000 | 00be 0000 | 0000 48bf 
  0x000002c2837ffcc0: a8cb cda2 | c202 0000 | 8b8f d000 | 0000 03ce | 898f d000 | 0000 83fe | 000f 8505 | 0000 00b9 
  0x000002c2837ffce0: 0200 0000 | 81e1 fe3f | 0000 83f9 | 000f 8497 | 4300 004d | 8b97 4803 | 0000 4185 | 023b 9424 
  0x000002c2837ffd00: cc02 0000 | 48be a8cb | cda2 c202 | 0000 48bf | b013 0000 | 0000 0000 | 0f8c 0a00 | 0000 48bf 
  0x000002c2837ffd20: c013 0000 | 0000 0000 | 488b 0c3e | 488d 4901 | 4889 0c3e | 0f8c 96fd | ffff 488b | 8424 7003 
  0x000002c2837ffd40: 0000 48ba | a0a9 0f00 | 0800 0000 | 4c8b c849 | 8b87 0801 | 0000 488d | 7830 493b | bf18 0100 
  0x000002c2837ffd60: 000f 8744 | 4300 0049 | 89bf 0801 | 0000 48c7 | 0001 0000 | 0048 8bca | 49ba 0000 | 0000 0800 
  0x000002c2837ffd80: 0000 492b | ca89 4808 | 4833 c989 | 480c 4833 | c948 8948 | 1048 8948 | 1848 8948 | 2048 8948 
  0x000002c2837ffda0: 2848 8bf0 | 48bf a8cb | cda2 c202 | 0000 4883 | 87d0 1300 | 0001 48be | 08e6 cda2 | c202 0000 
  0x000002c2837ffdc0: 8bbe cc00 | 0000 83c7 | 0289 becc | 0000 0081 | e7fe ff1f | 0083 ff00 | 0f84 da42 | 0000 488b 
  0x000002c2837ffde0: f048 bf08 | e6cd a2c2 | 0200 0048 | 8387 1001 | 0000 0148 | bec8 8424 | a2c2 0200 | 008b becc 
  0x000002c2837ffe00: 0000 0083 | c702 89be | cc00 0000 | 81e7 feff | 1f00 83ff | 000f 84be | 4200 0041 | 0fbe 7738 
  0x000002c2837ffe20: 83fe 000f | 85d1 4200 | 004d 8bd3 | 49c1 ea03 | 4489 5014 | 488b f049 | 33f3 48c1 | ee16 4883 
  0x000002c2837ffe40: fe00 0f85 | d142 0000 | 410f be77 | 3883 fe00 | 0f85 db42 | 0000 4d8b | d549 c1ea | 0344 8950 
  0x000002c2837ffe60: 1848 8bf0 | 4933 f548 | c1ee 1648 | 83fe 000f | 85db 4200 | 0041 0fbe | 7738 83fe | 000f 85e5 
  0x000002c2837ffe80: 4200 004d | 8bd6 49c1 | ea03 4489 | 501c 488b | f049 33f6 | 48c1 ee16 | 4883 fe00 | 0f85 e542 
  0x000002c2837ffea0: 0000 410f | be77 3883 | fe00 0f85 | ef42 0000 | 4d8b d049 | c1ea 0344 | 8950 2048 | 8bf0 4933 
  0x000002c2837ffec0: f048 c1ee | 1648 83fe | 000f 85ef | 4200 0041 | 0fbe 7738 | 83fe 000f | 85f9 4200 | 004c 8bd3 
  0x000002c2837ffee0: 49c1 ea03 | 4489 5024 | 488b f048 | 33f3 48c1 | ee16 4883 | fe00 0f85 | f942 0000 | 410f be77 
  0x000002c2837fff00: 3883 fe00 | 0f85 0343 | 0000 4d8b | d149 c1ea | 0344 8950 | 2848 8bf0 | 4933 f148 | c1ee 1648 
  0x000002c2837fff20: 83fe 000f | 8503 4300 | 008b b424 | cc02 0000 | 8970 0cc5 | fa11 4010 | 48bf a8cb | cda2 c202 
  0x000002c2837fff40: 0000 4883 | 87e0 1300 | 0001 4889 | 8424 9803 | 0000 c5fa | 1184 2470 | 0400 0049 | bad0 2ae0 
  0x000002c2837fff60: d2ff 7f00 | 0041 ffd2 | 48be a8cb | cda2 c202 | 0000 4883 | 86f0 1300 | 0001 48be | 48e7 cda2 
  0x000002c2837fff80: c202 0000 | 8bbe cc00 | 0000 83c7 | 0289 becc | 0000 0081 | e7fe ff1f | 0083 ff00 | 0f84 a242 
  0x000002c2837fffa0: 0000 48be | 48e7 cda2 | c202 0000 | 4883 8610 | 0100 0001 | 4889 8424 | a003 0000 | 6666 90e8 
  0x000002c2837fffc0: bc19 3707 | 48ba a8cb | cda2 c202 | 0000 4883 | 8200 1400 | 0001 48ba | 30eb cda2 | c202 0000 
  0x000002c2837fffe0: 8bb2 cc00 | 0000 83c6 | 0289 b2cc | 0000 0081 | e6fe ff1f | 0083 fe00 | 0f84 6742 | 0000 48ba 
  0x000002c283800000: 30eb cda2 | c202 0000 | 4883 8210 | 0100 0001 | 488b d089 | 8424 a803 | 0000 0f1f | 4400 00e8 
  0x000002c283800020: 5c19 3707 | 48be a8cb | cda2 c202 | 0000 4883 | 8610 1400 | 0001 48be | 90ec cda2 | c202 0000 
  0x000002c283800040: 8bbe cc00 | 0000 83c7 | 0289 becc | 0000 0081 | e7fe ff1f | 0083 ff00 | 0f84 2842 | 0000 48be 
  0x000002c283800060: 90ec cda2 | c202 0000 | 4883 8610 | 0100 0001 | 0f1f 8000 | 0000 00e8 | 0419 3707 | 48ba a8cb 
  0x000002c283800080: cda2 c202 | 0000 4883 | 8220 1400 | 0001 48ba | 78f0 cda2 | c202 0000 | 448b 82cc | 0000 0041 
  0x000002c2838000a0: 83c0 0244 | 8982 cc00 | 0000 4181 | e0fe ff1f | 0041 83f8 | 000f 84ec | 4100 0048 | ba78 f0cd 
  0x000002c2838000c0: a2c2 0200 | 0048 8382 | 1001 0000 | 01ba 9288 | 0000 4c8b | c066 90e8 | a418 3707 | 488b 8424 
  0x000002c2838000e0: 7003 0000 | 8b58 0c48 | baa8 cbcd | a2c2 0200 | 0048 8382 | 3014 0000 | 014c 8bc3 | 41c1 e002 
  0x000002c283800100: 48ba 6089 | a5a2 c202 | 0000 8bb2 | cc00 0000 | 83c6 0289 | b2cc 0000 | 0081 e6fe | ff1f 0083 
  0x000002c283800120: fe00 0f84 | a041 0000 | 48ba 30d8 | 0300 0800 | 0000 498b | 8708 0100 | 0048 8d78 | 4049 3bbf 
  0x000002c283800140: 1801 0000 | 0f87 9f41 | 0000 4989 | bf08 0100 | 0048 c700 | 0100 0000 | 488b ca49 | ba00 0000 
  0x000002c283800160: 0008 0000 | 0049 2bca | 8948 0848 | 33c9 8948 | 0c48 33c9 | 48bf 0600 | 0000 0000 | 0000 4889 
  0x000002c283800180: 4cf8 0848 | ffcf 75f6 | 488b d048 | be60 89a5 | a2c2 0200 | 0048 8386 | 1001 0000 | 0148 8bd0 
  0x000002c2838001a0: 899c 24ac | 0300 0048 | 8984 24b0 | 0300 00e8 | cc11 3707 | 49b8 a8cb | cda2 c202 | 0000 4983 
  0x000002c2838001c0: 8040 1400 | 0001 49b8 | 7009 7ba2 | c202 0000 | 418b 90cc | 0000 0083 | c202 4189 | 90cc 0000 
  0x000002c2838001e0: 0081 e2fe | ff1f 0083 | fa00 0f84 | 0641 0000 | 488b 8424 | b003 0000 | 49b8 a8cb | cda2 c202 
  0x000002c283800200: 0000 4983 | 8050 1400 | 0001 49b8 | 783d 9480 | 0600 0000 | 488b 9424 | b003 0000 | 6666 90e8 
  0x000002c283800220: 5c11 3707 | 483b 0048 | 8bd0 48be | a8cb cda2 | c202 0000 | 8b52 0849 | ba00 0000 | 0008 0000 
  0x000002c283800240: 0049 03d2 | 483b 9698 | 1400 0075 | 0d48 8386 | a014 0000 | 01e9 6600 | 0000 483b | 96a8 1400 
  0x000002c283800260: 0075 0d48 | 8386 b014 | 0000 01e9 | 5000 0000 | 4881 be98 | 1400 0000 | 0000 0075 | 1748 8996 
  0x000002c283800280: 9814 0000 | 48c7 86a0 | 1400 0001 | 0000 00e9 | 2c00 0000 | 4881 bea8 | 1400 0000 | 0000 0075 
  0x000002c2838002a0: 1748 8996 | a814 0000 | 48c7 86b0 | 1400 0001 | 0000 00e9 | 0800 0000 | 4883 8688 | 1400 0001 
  0x000002c2838002c0: 488b d066 | 9048 b8ff | ffff ffff | ffff ffe8 | ac13 3707 | 483b 004c | 8bc0 49b9 | a8cb cda2 
  0x000002c2838002e0: c202 0000 | 4983 81c0 | 1400 0001 | 49b8 908d | a5a2 c202 | 0000 458b | 88cc 0000 | 0041 83c1 
  0x000002c283800300: 0245 8988 | cc00 0000 | 4181 e1fe | ff1f 0041 | 83f9 000f | 8408 4000 | 004c 8bc0 | 49b9 908d 
  0x000002c283800320: a5a2 c202 | 0000 458b | 4008 49ba | 0000 0000 | 0800 0000 | 4d03 c24d | 3b81 2001 | 0000 750d 
  0x000002c283800340: 4983 8128 | 0100 0001 | e966 0000 | 004d 3b81 | 3001 0000 | 750d 4983 | 8138 0100 | 0001 e950 
  0x000002c283800360: 0000 0049 | 81b9 2001 | 0000 0000 | 0000 7517 | 4d89 8120 | 0100 0049 | c781 2801 | 0000 0100 
  0x000002c283800380: 0000 e92c | 0000 0049 | 81b9 3001 | 0000 0000 | 0000 7517 | 4d89 8130 | 0100 0049 | c781 3801 
  0x000002c2838003a0: 0000 0100 | 0000 e908 | 0000 0049 | 8381 1001 | 0000 014c | 8b84 2470 | 0300 0041 | b900 0000 
  0x000002c2838003c0: 008b bc24 | ac03 0000 | 488b d048 | 8984 24b8 | 0300 000f | 1f40 00e8 | a40f 3707 | 483b 0048 
  0x000002c2838003e0: 8bd0 49b8 | a8cb cda2 | c202 0000 | 4983 80f8 | 1400 0001 | 48ba 1092 | a5a2 c202 | 0000 448b 
  0x000002c283800400: 82cc 0000 | 0041 83c0 | 0244 8982 | cc00 0000 | 4181 e0fe | ff1f 0041 | 83f8 000f | 8426 3f00 
  0x000002c283800420: 0048 8bd0 | 49b8 1092 | a5a2 c202 | 0000 4983 | 8010 0100 | 0001 48ba | 48af 76a2 | c202 0000 
  0x000002c283800440: 448b 82cc | 0000 0041 | 83c0 0244 | 8982 cc00 | 0000 4181 | e0fe ff1f | 0041 83f8 | 000f 8405 
  0x000002c283800460: 3f00 008b | 5018 8950 | 1cc7 4018 | 0000 0000 | c740 0cff | ffff ff48 | baa8 cbcd | a2c2 0200 
  0x000002c283800480: 0048 8382 | 3015 0000 | 0148 bae0 | f1cd a2c2 | 0200 0044 | 8b82 cc00 | 0000 4183 | c002 4489 
  0x000002c2838004a0: 82cc 0000 | 0041 81e0 | feff 1f00 | 4183 f800 | 0f84 d33e | 0000 48ba | e0f1 cda2 | c202 0000 
  0x000002c2838004c0: 4883 8210 | 0100 0001 | ba92 8800 | 004c 8b84 | 24b8 0300 | 0041 b9e4 | 8800 000f | 1f40 00e8 
  0x000002c2838004e0: 9c14 3707 | 48ba a8cb | cda2 c202 | 0000 4883 | 8240 1500 | 0001 ba00 | 0000 0041 | b803 0000 
  0x000002c283800500: 0041 b906 | 1400 00bf | 0000 0000 | be2c 0000 | 0048 b900 | 0000 0000 | 0000 000f | 1f40 00e8 
  0x000002c283800520: 5c14 3707 | 48ba a8cb | cda2 c202 | 0000 4883 | 8250 1500 | 0001 48ba | a8f6 cda2 | c202 0000 
  0x000002c283800540: 8bb2 cc00 | 0000 83c6 | 0289 b2cc | 0000 0081 | e6fe ff1f | 0083 fe00 | 0f84 4c3e | 0000 48ba 
  0x000002c283800560: a8f6 cda2 | c202 0000 | 4883 8210 | 0100 0001 | ba00 0000 | 0066 90e8 | 0414 3707 | 48ba a8cb 
  0x000002c283800580: cda2 c202 | 0000 4883 | 8260 1500 | 0001 ba01 | 0000 0041 | b802 0000 | 0041 b906 | 1400 00bf 
  0x000002c2838005a0: 0000 0000 | be2c 0000 | 0048 b90c | 0000 0000 | 0000 000f | 1f40 00e8 | c413 3707 | 48ba a8cb 
  0x000002c2838005c0: cda2 c202 | 0000 4883 | 8270 1500 | 0001 48ba | a8f6 cda2 | c202 0000 | 8bb2 cc00 | 0000 83c6 
  0x000002c2838005e0: 0289 b2cc | 0000 0081 | e6fe ff1f | 0083 fe00 | 0f84 d53d | 0000 48ba | a8f6 cda2 | c202 0000 
  0x000002c283800600: 4883 8210 | 0100 0001 | ba01 0000 | 0066 90e8 | 6c13 3707 | 48ba a8cb | cda2 c202 | 0000 4883 
  0x000002c283800620: 8280 1500 | 0001 ba02 | 0000 0041 | b803 0000 | 0041 b906 | 1400 00bf | 0000 0000 | be2c 0000 
  0x000002c283800640: 0048 b914 | 0000 0000 | 0000 000f | 1f40 00e8 | 2c13 3707 | 48ba a8cb | cda2 c202 | 0000 4883 
  0x000002c283800660: 8290 1500 | 0001 48ba | a8f6 cda2 | c202 0000 | 8bb2 cc00 | 0000 83c6 | 0289 b2cc | 0000 0081 
  0x000002c283800680: e6fe ff1f | 0083 fe00 | 0f84 5e3d | 0000 48ba | a8f6 cda2 | c202 0000 | 4883 8210 | 0100 0001 
  0x000002c2838006a0: ba02 0000 | 0066 90e8 | d412 3707 | 48ba a8cb | cda2 c202 | 0000 4883 | 82a0 1500 | 0001 ba03 
  0x000002c2838006c0: 0000 0041 | b803 0000 | 0041 b906 | 1400 00bf | 0000 0000 | be2c 0000 | 0048 b920 | 0000 0000 
  0x000002c2838006e0: 0000 000f | 1f40 00e8 | 9412 3707 | 48ba a8cb | cda2 c202 | 0000 4883 | 82b0 1500 | 0001 48ba 
  0x000002c283800700: a8f6 cda2 | c202 0000 | 8bb2 cc00 | 0000 83c6 | 0289 b2cc | 0000 0081 | e6fe ff1f | 0083 fe00 
  0x000002c283800720: 0f84 e73c | 0000 48ba | a8f6 cda2 | c202 0000 | 4883 8210 | 0100 0001 | ba03 0000 | 0066 90e8 
  0x000002c283800740: 3c12 3707 | 48ba a8cb | cda2 c202 | 0000 4883 | 82c0 1500 | 0001 48ba | 30eb cda2 | c202 0000 
  0x000002c283800760: 8bb2 cc00 | 0000 83c6 | 0289 b2cc | 0000 0081 | e6fe ff1f | 0083 fe00 | 0f84 b03c | 0000 48ba 
  0x000002c283800780: 30eb cda2 | c202 0000 | 4883 8210 | 0100 0001 | ba00 0000 | 0066 90e8 | e411 3707 | 48be a8cb 
  0x000002c2838007a0: cda2 c202 | 0000 4883 | 86d0 1500 | 0001 49ba | d02a e0d2 | ff7f 0000 | 41ff d248 | ba28 ac0f 
  0x000002c2838007c0: 0008 0000 | 0048 8984 | 24c0 0300 | 0049 8b87 | 0801 0000 | 488d 7820 | 493b bf18 | 0100 000f 
  0x000002c2838007e0: 876a 3c00 | 0049 89bf | 0801 0000 | 48c7 0001 | 0000 0048 | 8bca 49ba | 0000 0000 | 0800 0000 
  0x000002c283800800: 492b ca89 | 4808 4833 | c989 480c | 4833 c948 | 8948 1048 | 8948 1848 | 8984 24c8 | 0300 004c 
  0x000002c283800820: 8bc0 49b9 | a8cb cda2 | c202 0000 | 4983 81e0 | 1500 0001 | 49b8 08f8 | cda2 c202 | 0000 458b 
  0x000002c283800840: 88cc 0000 | 0041 83c1 | 0245 8988 | cc00 0000 | 4181 e1fe | ff1f 0041 | 83f9 000f | 84fb 3b00 
  0x000002c283800860: 004c 8bc0 | 49b9 08f8 | cda2 c202 | 0000 4983 | 8110 0100 | 0001 49b8 | c884 24a2 | c202 0000 
  0x000002c283800880: 458b 88cc | 0000 0041 | 83c1 0245 | 8988 cc00 | 0000 4181 | e1fe ff1f | 0041 83f9 | 000f 84da 
  0x000002c2838008a0: 3b00 0044 | 8b84 24a8 | 0300 0044 | 8940 0c44 | 8b84 24cc | 0200 0044 | 8940 10c5 | fa10 8424 
  0x000002c2838008c0: 7004 0000 | c5fa 1140 | 1445 0fbe | 4738 4183 | f800 0f85 | c63b 0000 | 4c8b 8424 | 9803 0000 
  0x000002c2838008e0: 4d8b d049 | c1ea 0344 | 8950 184c | 8bc8 4d33 | c849 c1e9 | 1649 83f9 | 000f 85bf | 3b00 0049 
  0x000002c283800900: b8c8 b497 | 8006 0000 | 0041 8b90 | 9000 0000 | 48c1 e203 | 483b 024c | 8bc2 49b9 | a8cb cda2 
  0x000002c283800920: c202 0000 | 458b 4008 | 49ba 0000 | 0000 0800 | 0000 4d03 | c24d 3b81 | 0016 0000 | 750d 4983 
  0x000002c283800940: 8108 1600 | 0001 e966 | 0000 004d | 3b81 1016 | 0000 750d | 4983 8118 | 1600 0001 | e950 0000 
  0x000002c283800960: 0049 81b9 | 0016 0000 | 0000 0000 | 7517 4d89 | 8100 1600 | 0049 c781 | 0816 0000 | 0100 0000 
  0x000002c283800980: e92c 0000 | 0049 81b9 | 1016 0000 | 0000 0000 | 7517 4d89 | 8110 1600 | 0049 c781 | 1816 0000 
  0x000002c2838009a0: 0100 0000 | e908 0000 | 0049 8381 | f015 0000 | 014c 8b84 | 2478 0100 | 004c 8bc8 | 9048 b8ff 
  0x000002c2838009c0: ffff ffff | ffff ffe8 | b40c 3707 | 48be a8cb | cda2 c202 | 0000 4883 | 8628 1600 | 0001 49ba 
  0x000002c2838009e0: d02a e0d2 | ff7f 0000 | 41ff d24c | 8bc0 bb08 | 0000 0048 | ba20 7605 | 0008 0000 | 0048 63db 
  0x000002c283800a00: 488b fb48 | 81fb ffff | ff00 0f87 | cb3a 0000 | 48be 1700 | 0000 0000 | 0000 488d | 349e 4883 
  0x000002c283800a20: e6f8 498b | 8708 0100 | 0048 8d34 | 3049 3bb7 | 1801 0000 | 0f87 a13a | 0000 4989 | b708 0100 
  0x000002c283800a40: 0048 2bf0 | 48c7 0001 | 0000 0048 | 8bca 49ba | 0000 0000 | 0800 0000 | 492b ca89 | 4808 8958 
  0x000002c283800a60: 0c48 83ee | 100f 841a | 0000 0048 | 85f6 0f84 | 1100 0000 | 4833 db48 | c1ee 0348 | 895c f008 
  0x000002c283800a80: 48ff ce75 | f648 8b94 | 2478 0100 | 0048 83fa | 0075 1648 | bfa8 cbcd | a2c2 0200 | 0080 8f31 
  0x000002c283800aa0: 1600 0001 | e9ff 0000 | 008b 7008 | 49ba 0000 | 0000 0800 | 0000 4903 | f28b 7a08 | 49ba 0000 
  0x000002c283800ac0: 0000 0800 | 0000 4903 | fa48 8bb6 | e000 0000 | 483b fe0f | 8428 0000 | 008b 4e14 | 483b 340f 
  0x000002c283800ae0: 0f84 1b00 | 0000 83f9 | 200f 85a2 | 0000 0057 | 56e8 8a56 | 4107 5f5e | 83fe 000f | 8490 0000 
  0x000002c283800b00: 0048 bfa8 | cbcd a2c2 | 0200 008b | 7208 49ba | 0000 0000 | 0800 0000 | 4903 f248 | 3bb7 4816 
  0x000002c283800b20: 0000 750d | 4883 8750 | 1600 0001 | e977 0000 | 0048 3bb7 | 5816 0000 | 750d 4883 | 8760 1600 
  0x000002c283800b40: 0001 e961 | 0000 0048 | 81bf 4816 | 0000 0000 | 0000 7517 | 4889 b748 | 1600 0048 | c787 5016 
  0x000002c283800b60: 0000 0100 | 0000 e93d | 0000 0048 | 81bf 5816 | 0000 0000 | 0000 7517 | 4889 b758 | 1600 0048 
  0x000002c283800b80: c787 6016 | 0000 0100 | 0000 e919 | 0000 00eb | 1748 bfa8 | cbcd a2c2 | 0200 0048 | 83af 3816 
  0x000002c283800ba0: 0000 01e9 | 4239 0000 | 488d 7010 | 410f be7f | 3883 ff00 | 0f85 3939 | 0000 4c8b | d249 c1ea 
  0x000002c283800bc0: 0344 8916 | 488b fe48 | 33fa 48c1 | ef16 4883 | ff00 0f85 | 3939 0000 | 48ba a8cb | cda2 c202 
  0x000002c283800be0: 0000 4883 | 8270 1600 | 0001 488b | 9424 b802 | 0000 4c8b | 8c24 9801 | 0000 492b | d1c4 e1fb 
  0x000002c283800c00: 2ac2 c5fb | 5e05 169e | ffff 48ba | 5893 a5a2 | c202 0000 | 8bb2 cc00 | 0000 83c6 | 0289 b2cc 
  0x000002c283800c20: 0000 0081 | e6fe ff1f | 0083 fe00 | 0f84 f738 | 0000 48ba | 705b 0500 | 0800 0000 | 488b d849 
  0x000002c283800c40: 8b87 0801 | 0000 488d | 7818 493b | bf18 0100 | 000f 87f3 | 3800 0049 | 89bf 0801 | 0000 48c7 
  0x000002c283800c60: 0001 0000 | 0048 8bca | 49ba 0000 | 0000 0800 | 0000 492b | ca89 4808 | 4833 c989 | 480c 4833 
  0x000002c283800c80: c948 8948 | 1048 8bd0 | 48be 5893 | a5a2 c202 | 0000 4883 | 8610 0100 | 0001 48ba | a094 a5a2 
  0x000002c283800ca0: c202 0000 | 8bb2 cc00 | 0000 83c6 | 0289 b2cc | 0000 0081 | e6fe ff1f | 0083 fe00 | 0f84 9538 
  0x000002c283800cc0: 0000 488b | d048 bea0 | 94a5 a2c2 | 0200 0048 | 8386 1001 | 0000 0148 | ba48 8da4 | a2c2 0200 
  0x000002c283800ce0: 008b b2cc | 0000 0083 | c602 89b2 | cc00 0000 | 81e6 feff | 1f00 83fe | 000f 8479 | 3800 0048 
  0x000002c283800d00: 8bd0 48be | 488d a4a2 | c202 0000 | 4883 8610 | 0100 0001 | 48ba c884 | 24a2 c202 | 0000 8bb2 
  0x000002c283800d20: cc00 0000 | 83c6 0289 | b2cc 0000 | 0081 e6fe | ff1f 0083 | fe00 0f84 | 5d38 0000 | c5fb 1140 
  0x000002c283800d40: 1048 83f8 | 0075 1648 | bea8 cbcd | a2c2 0200 | 0080 8e79 | 1600 0001 | e9ff 0000 | 008b 5308 
  0x000002c283800d60: 49ba 0000 | 0000 0800 | 0000 4903 | d28b 7008 | 49ba 0000 | 0000 0800 | 0000 4903 | f248 8b92 
  0x000002c283800d80: e000 0000 | 483b f20f | 8428 0000 | 008b 7a14 | 483b 143e | 0f84 1b00 | 0000 83ff | 200f 85a2 
  0x000002c283800da0: 0000 0056 | 52e8 d653 | 4107 5e5a | 83fa 000f | 8490 0000 | 0048 bea8 | cbcd a2c2 | 0200 008b 
  0x000002c283800dc0: 5008 49ba | 0000 0000 | 0800 0000 | 4903 d248 | 3b96 9016 | 0000 750d | 4883 8698 | 1600 0001 
  0x000002c283800de0: e977 0000 | 0048 3b96 | a016 0000 | 750d 4883 | 86a8 1600 | 0001 e961 | 0000 0048 | 81be 9016 
  0x000002c283800e00: 0000 0000 | 0000 7517 | 4889 9690 | 1600 0048 | c786 9816 | 0000 0100 | 0000 e93d | 0000 0048 
  0x000002c283800e20: 81be a016 | 0000 0000 | 0000 7517 | 4889 96a0 | 1600 0048 | c786 a816 | 0000 0100 | 0000 e919 
  0x000002c283800e40: 0000 00eb | 1748 bea8 | cbcd a2c2 | 0200 0048 | 83ae 8016 | 0000 01e9 | 6337 0000 | 488d 5314 
  0x000002c283800e60: 410f be77 | 3883 fe00 | 0f85 5a37 | 0000 4c8b | d049 c1ea | 0344 8912 | 488b f248 | 33f0 48c1 
  0x000002c283800e80: ee16 4883 | fe00 0f85 | 5a37 0000 | 48ba a8cb | cda2 c202 | 0000 4883 | 82b8 1600 | 0001 488b 
  0x000002c283800ea0: 8424 f002 | 0000 488b | 9424 c002 | 0000 482b | c2c4 e1fb | 2ac0 c5fb | 5e05 6a9b | ffff 48ba 
  0x000002c283800ec0: 5893 a5a2 | c202 0000 | 8bb2 cc00 | 0000 83c6 | 0289 b2cc | 0000 0081 | e6fe ff1f | 0083 fe00 
  0x000002c283800ee0: 0f84 1837 | 0000 48ba | 705b 0500 | 0800 0000 | 498b 8708 | 0100 0048 | 8d78 1849 | 3bbf 1801 
  0x000002c283800f00: 0000 0f87 | 1737 0000 | 4989 bf08 | 0100 0048 | c700 0100 | 0000 488b | ca49 ba00 | 0000 0008 
  0x000002c283800f20: 0000 0049 | 2bca 8948 | 0848 33c9 | 8948 0c48 | 33c9 4889 | 4810 488b | d048 be58 | 93a5 a2c2 
  0x000002c283800f40: 0200 0048 | 8386 1001 | 0000 0148 | baa0 94a5 | a2c2 0200 | 008b b2cc | 0000 0083 | c602 89b2 
  0x000002c283800f60: cc00 0000 | 81e6 feff | 1f00 83fe | 000f 84b9 | 3600 0048 | 8bd0 48be | a094 a5a2 | c202 0000 
  0x000002c283800f80: 4883 8610 | 0100 0001 | 48ba 488d | a4a2 c202 | 0000 8bb2 | cc00 0000 | 83c6 0289 | b2cc 0000 
  0x000002c283800fa0: 0081 e6fe | ff1f 0083 | fe00 0f84 | 9d36 0000 | 488b d048 | be48 8da4 | a2c2 0200 | 0048 8386 
  0x000002c283800fc0: 1001 0000 | 0148 bac8 | 8424 a2c2 | 0200 008b | b2cc 0000 | 0083 c602 | 89b2 cc00 | 0000 81e6 
  0x000002c283800fe0: feff 1f00 | 83fe 000f | 8481 3600 | 00c5 fb11 | 4010 4883 | f800 7516 | 48be a8cb | cda2 c202 
  0x000002c283801000: 0000 808e | c116 0000 | 01e9 ff00 | 0000 8b53 | 0849 ba00 | 0000 0008 | 0000 0049 | 03d2 8b70 
  0x000002c283801020: 0849 ba00 | 0000 0008 | 0000 0049 | 03f2 488b | 92e0 0000 | 0048 3bf2 | 0f84 2800 | 0000 8b7a 
  0x000002c283801040: 1448 3b14 | 3e0f 841b | 0000 0083 | ff20 0f85 | a200 0000 | 5652 e825 | 5141 075e | 5a83 fa00 
  0x000002c283801060: 0f84 9000 | 0000 48be | a8cb cda2 | c202 0000 | 8b50 0849 | ba00 0000 | 0008 0000 | 0049 03d2 
  0x000002c283801080: 483b 96d8 | 1600 0075 | 0d48 8386 | e016 0000 | 01e9 7700 | 0000 483b | 96e8 1600 | 0075 0d48 
  0x000002c2838010a0: 8386 f016 | 0000 01e9 | 6100 0000 | 4881 bed8 | 1600 0000 | 0000 0075 | 1748 8996 | d816 0000 
  0x000002c2838010c0: 48c7 86e0 | 1600 0001 | 0000 00e9 | 3d00 0000 | 4881 bee8 | 1600 0000 | 0000 0075 | 1748 8996 
  0x000002c2838010e0: e816 0000 | 48c7 86f0 | 1600 0001 | 0000 00e9 | 1900 0000 | eb17 48be | a8cb cda2 | c202 0000 
  0x000002c283801100: 4883 aec8 | 1600 0001 | e987 3500 | 0048 8d53 | 1841 0fbe | 7738 83fe | 000f 857e | 3500 004c 
  0x000002c283801120: 8bd0 49c1 | ea03 4489 | 1248 8bf2 | 4833 f048 | c1ee 1648 | 83fe 000f | 857e 3500 | 0048 baa8 
  0x000002c283801140: cbcd a2c2 | 0200 0048 | 8382 0017 | 0000 0148 | 8b84 2408 | 0300 0048 | 8b94 2400 | 0300 0048 
  0x000002c283801160: 2bc2 c4e1 | fb2a c0c5 | fb5e 05c1 | 98ff ff48 | ba58 93a5 | a2c2 0200 | 008b b2cc | 0000 0083 
  0x000002c283801180: c602 89b2 | cc00 0000 | 81e6 feff | 1f00 83fe | 000f 843c | 3500 0048 | ba70 5b05 | 0008 0000 
  0x000002c2838011a0: 0049 8b87 | 0801 0000 | 488d 7818 | 493b bf18 | 0100 000f | 873b 3500 | 0049 89bf | 0801 0000 
  0x000002c2838011c0: 48c7 0001 | 0000 0048 | 8bca 49ba | 0000 0000 | 0800 0000 | 492b ca89 | 4808 4833 | c989 480c 
  0x000002c2838011e0: 4833 c948 | 8948 1048 | 8bd0 48be | 5893 a5a2 | c202 0000 | 4883 8610 | 0100 0001 | 48ba a094 
  0x000002c283801200: a5a2 c202 | 0000 8bb2 | cc00 0000 | 83c6 0289 | b2cc 0000 | 0081 e6fe | ff1f 0083 | fe00 0f84 
  0x000002c283801220: dd34 0000 | 488b d048 | bea0 94a5 | a2c2 0200 | 0048 8386 | 1001 0000 | 0148 ba48 | 8da4 a2c2 
  0x000002c283801240: 0200 008b | b2cc 0000 | 0083 c602 | 89b2 cc00 | 0000 81e6 | feff 1f00 | 83fe 000f | 84c1 3400 
  0x000002c283801260: 0048 8bd0 | 48be 488d | a4a2 c202 | 0000 4883 | 8610 0100 | 0001 48ba | c884 24a2 | c202 0000 
  0x000002c283801280: 8bb2 cc00 | 0000 83c6 | 0289 b2cc | 0000 0081 | e6fe ff1f | 0083 fe00 | 0f84 a534 | 0000 c5fb 
  0x000002c2838012a0: 1140 1048 | 83f8 0075 | 1648 bea8 | cbcd a2c2 | 0200 0080 | 8e09 1700 | 0001 e9ff | 0000 008b 
  0x000002c2838012c0: 5308 49ba | 0000 0000 | 0800 0000 | 4903 d28b | 7008 49ba | 0000 0000 | 0800 0000 | 4903 f248 
  0x000002c2838012e0: 8b92 e000 | 0000 483b | f20f 8428 | 0000 008b | 7a14 483b | 143e 0f84 | 1b00 0000 | 83ff 200f 
  0x000002c283801300: 85a2 0000 | 0056 52e8 | 744e 4107 | 5e5a 83fa | 000f 8490 | 0000 0048 | bea8 cbcd | a2c2 0200 
  0x000002c283801320: 008b 5008 | 49ba 0000 | 0000 0800 | 0000 4903 | d248 3b96 | 2017 0000 | 750d 4883 | 8628 1700 
  0x000002c283801340: 0001 e977 | 0000 0048 | 3b96 3017 | 0000 750d | 4883 8638 | 1700 0001 | e961 0000 | 0048 81be 
  0x000002c283801360: 2017 0000 | 0000 0000 | 7517 4889 | 9620 1700 | 0048 c786 | 2817 0000 | 0100 0000 | e93d 0000 
  0x000002c283801380: 0048 81be | 3017 0000 | 0000 0000 | 7517 4889 | 9630 1700 | 0048 c786 | 3817 0000 | 0100 0000 
  0x000002c2838013a0: e919 0000 | 00eb 1748 | bea8 cbcd | a2c2 0200 | 0048 83ae | 1017 0000 | 01e9 ab33 | 0000 488d 
  0x000002c2838013c0: 531c 410f | be77 3883 | fe00 0f85 | a233 0000 | 4c8b d049 | c1ea 0344 | 8912 488b | f248 33f0 
  0x000002c2838013e0: 48c1 ee16 | 4883 fe00 | 0f85 a233 | 0000 48ba | a8cb cda2 | c202 0000 | 4883 8248 | 1700 0001 
  0x000002c283801400: 488b 8424 | 5803 0000 | 488b 9424 | 1003 0000 | 482b c2c4 | e1fb 2ac0 | c5fb 5e05 | 1896 ffff 
  0x000002c283801420: 48ba 5893 | a5a2 c202 | 0000 8bb2 | cc00 0000 | 83c6 0289 | b2cc 0000 | 0081 e6fe | ff1f 0083 
  0x000002c283801440: fe00 0f84 | 6033 0000 | 48ba 705b | 0500 0800 | 0000 498b | 8708 0100 | 0048 8d78 | 1849 3bbf 
  0x000002c283801460: 1801 0000 | 0f87 5f33 | 0000 4989 | bf08 0100 | 0048 c700 | 0100 0000 | 488b ca49 | ba00 0000 
  0x000002c283801480: 0008 0000 | 0049 2bca | 8948 0848 | 33c9 8948 | 0c48 33c9 | 4889 4810 | 488b d048 | be58 93a5 
  0x000002c2838014a0: a2c2 0200 | 0048 8386 | 1001 0000 | 0148 baa0 | 94a5 a2c2 | 0200 008b | b2cc 0000 | 0083 c602 
  0x000002c2838014c0: 89b2 cc00 | 0000 81e6 | feff 1f00 | 83fe 000f | 8401 3300 | 0048 8bd0 | 48be a094 | a5a2 c202 
  0x000002c2838014e0: 0000 4883 | 8610 0100 | 0001 48ba | 488d a4a2 | c202 0000 | 8bb2 cc00 | 0000 83c6 | 0289 b2cc 
  0x000002c283801500: 0000 0081 | e6fe ff1f | 0083 fe00 | 0f84 e532 | 0000 488b | d048 be48 | 8da4 a2c2 | 0200 0048 
  0x000002c283801520: 8386 1001 | 0000 0148 | bac8 8424 | a2c2 0200 | 008b b2cc | 0000 0083 | c602 89b2 | cc00 0000 
  0x000002c283801540: 81e6 feff | 1f00 83fe | 000f 84c9 | 3200 00c5 | fb11 4010 | 4883 f800 | 7516 48be | a8cb cda2 
  0x000002c283801560: c202 0000 | 808e 5117 | 0000 01e9 | ff00 0000 | 8b53 0849 | ba00 0000 | 0008 0000 | 0049 03d2 
  0x000002c283801580: 8b70 0849 | ba00 0000 | 0008 0000 | 0049 03f2 | 488b 92e0 | 0000 0048 | 3bf2 0f84 | 2800 0000 
  0x000002c2838015a0: 8b7a 1448 | 3b14 3e0f | 841b 0000 | 0083 ff20 | 0f85 a200 | 0000 5652 | e8c3 4b41 | 075e 5a83 
  0x000002c2838015c0: fa00 0f84 | 9000 0000 | 48be a8cb | cda2 c202 | 0000 8b50 | 0849 ba00 | 0000 0008 | 0000 0049 
  0x000002c2838015e0: 03d2 483b | 9668 1700 | 0075 0d48 | 8386 7017 | 0000 01e9 | 7700 0000 | 483b 9678 | 1700 0075 
  0x000002c283801600: 0d48 8386 | 8017 0000 | 01e9 6100 | 0000 4881 | be68 1700 | 0000 0000 | 0075 1748 | 8996 6817 
  0x000002c283801620: 0000 48c7 | 8670 1700 | 0001 0000 | 00e9 3d00 | 0000 4881 | be78 1700 | 0000 0000 | 0075 1748 
  0x000002c283801640: 8996 7817 | 0000 48c7 | 8680 1700 | 0001 0000 | 00e9 1900 | 0000 eb17 | 48be a8cb | cda2 c202 
  0x000002c283801660: 0000 4883 | ae58 1700 | 0001 e9cf | 3100 0048 | 8d53 2041 | 0fbe 7738 | 83fe 000f | 85c6 3100 
  0x000002c283801680: 004c 8bd0 | 49c1 ea03 | 4489 1248 | 8bf2 4833 | f048 c1ee | 1648 83fe | 000f 85c6 | 3100 0048 
  0x000002c2838016a0: baa8 cbcd | a2c2 0200 | 0048 8382 | 9017 0000 | 0148 8b84 | 2480 0300 | 0048 8b94 | 2478 0300 
  0x000002c2838016c0: 0048 2bc2 | c4e1 fb2a | c0c5 fb5e | 056f 93ff | ff48 ba58 | 93a5 a2c2 | 0200 008b | b2cc 0000 
  0x000002c2838016e0: 0083 c602 | 89b2 cc00 | 0000 81e6 | feff 1f00 | 83fe 000f | 8484 3100 | 0048 ba70 | 5b05 0008 
  0x000002c283801700: 0000 0049 | 8b87 0801 | 0000 488d | 7818 493b | bf18 0100 | 000f 8783 | 3100 0049 | 89bf 0801 
  0x000002c283801720: 0000 48c7 | 0001 0000 | 0048 8bca | 49ba 0000 | 0000 0800 | 0000 492b | ca89 4808 | 4833 c989 
  0x000002c283801740: 480c 4833 | c948 8948 | 1048 8bd0 | 48be 5893 | a5a2 c202 | 0000 4883 | 8610 0100 | 0001 48ba 
  0x000002c283801760: a094 a5a2 | c202 0000 | 8bb2 cc00 | 0000 83c6 | 0289 b2cc | 0000 0081 | e6fe ff1f | 0083 fe00 
  0x000002c283801780: 0f84 2531 | 0000 488b | d048 bea0 | 94a5 a2c2 | 0200 0048 | 8386 1001 | 0000 0148 | ba48 8da4 
  0x000002c2838017a0: a2c2 0200 | 008b b2cc | 0000 0083 | c602 89b2 | cc00 0000 | 81e6 feff | 1f00 83fe | 000f 8409 
  0x000002c2838017c0: 3100 0048 | 8bd0 48be | 488d a4a2 | c202 0000 | 4883 8610 | 0100 0001 | 48ba c884 | 24a2 c202 
  0x000002c2838017e0: 0000 8bb2 | cc00 0000 | 83c6 0289 | b2cc 0000 | 0081 e6fe | ff1f 0083 | fe00 0f84 | ed30 0000 
  0x000002c283801800: c5fb 1140 | 1048 83f8 | 0075 1648 | bea8 cbcd | a2c2 0200 | 0080 8e99 | 1700 0001 | e9ff 0000 
  0x000002c283801820: 008b 5308 | 49ba 0000 | 0000 0800 | 0000 4903 | d28b 7008 | 49ba 0000 | 0000 0800 | 0000 4903 
  0x000002c283801840: f248 8b92 | e000 0000 | 483b f20f | 8428 0000 | 008b 7a14 | 483b 143e | 0f84 1b00 | 0000 83ff 
  0x000002c283801860: 200f 85a2 | 0000 0056 | 52e8 1249 | 4107 5e5a | 83fa 000f | 8490 0000 | 0048 bea8 | cbcd a2c2 
  0x000002c283801880: 0200 008b | 5008 49ba | 0000 0000 | 0800 0000 | 4903 d248 | 3b96 b017 | 0000 750d | 4883 86b8 
  0x000002c2838018a0: 1700 0001 | e977 0000 | 0048 3b96 | c017 0000 | 750d 4883 | 86c8 1700 | 0001 e961 | 0000 0048 
  0x000002c2838018c0: 81be b017 | 0000 0000 | 0000 7517 | 4889 96b0 | 1700 0048 | c786 b817 | 0000 0100 | 0000 e93d 
  0x000002c2838018e0: 0000 0048 | 81be c017 | 0000 0000 | 0000 7517 | 4889 96c0 | 1700 0048 | c786 c817 | 0000 0100 
  0x000002c283801900: 0000 e919 | 0000 00eb | 1748 bea8 | cbcd a2c2 | 0200 0048 | 83ae a017 | 0000 01e9 | f32f 0000 
  0x000002c283801920: 488d 5324 | 410f be77 | 3883 fe00 | 0f85 ea2f | 0000 4c8b | d049 c1ea | 0344 8912 | 488b f248 
  0x000002c283801940: 33f0 48c1 | ee16 4883 | fe00 0f85 | ea2f 0000 | 48ba a8cb | cda2 c202 | 0000 4883 | 82d8 1700 
  0x000002c283801960: 0001 488b | 8424 c003 | 0000 488b | 9424 a003 | 0000 482b | c2c4 e1fb | 2ac0 c5fb | 5e05 c690 
  0x000002c283801980: ffff 48ba | 5893 a5a2 | c202 0000 | 8bb2 cc00 | 0000 83c6 | 0289 b2cc | 0000 0081 | e6fe ff1f 
  0x000002c2838019a0: 0083 fe00 | 0f84 a82f | 0000 48ba | 705b 0500 | 0800 0000 | 498b 8708 | 0100 0048 | 8d78 1849 
  0x000002c2838019c0: 3bbf 1801 | 0000 0f87 | a72f 0000 | 4989 bf08 | 0100 0048 | c700 0100 | 0000 488b | ca49 ba00 
  0x000002c2838019e0: 0000 0008 | 0000 0049 | 2bca 8948 | 0848 33c9 | 8948 0c48 | 33c9 4889 | 4810 488b | d048 be58 
  0x000002c283801a00: 93a5 a2c2 | 0200 0048 | 8386 1001 | 0000 0148 | baa0 94a5 | a2c2 0200 | 008b b2cc | 0000 0083 
  0x000002c283801a20: c602 89b2 | cc00 0000 | 81e6 feff | 1f00 83fe | 000f 8449 | 2f00 0048 | 8bd0 48be | a094 a5a2 
  0x000002c283801a40: c202 0000 | 4883 8610 | 0100 0001 | 48ba 488d | a4a2 c202 | 0000 8bb2 | cc00 0000 | 83c6 0289 
  0x000002c283801a60: b2cc 0000 | 0081 e6fe | ff1f 0083 | fe00 0f84 | 2d2f 0000 | 488b d048 | be48 8da4 | a2c2 0200 
  0x000002c283801a80: 0048 8386 | 1001 0000 | 0148 bac8 | 8424 a2c2 | 0200 008b | b2cc 0000 | 0083 c602 | 89b2 cc00 
  0x000002c283801aa0: 0000 81e6 | feff 1f00 | 83fe 000f | 8411 2f00 | 00c5 fb11 | 4010 4883 | f800 7516 | 48be a8cb 
  0x000002c283801ac0: cda2 c202 | 0000 808e | e117 0000 | 01e9 ff00 | 0000 8b53 | 0849 ba00 | 0000 0008 | 0000 0049 
  0x000002c283801ae0: 03d2 8b70 | 0849 ba00 | 0000 0008 | 0000 0049 | 03f2 488b | 92e0 0000 | 0048 3bf2 | 0f84 2800 
  0x000002c283801b00: 0000 8b7a | 1448 3b14 | 3e0f 841b | 0000 0083 | ff20 0f85 | a200 0000 | 5652 e861 | 4641 075e 
  0x000002c283801b20: 5a83 fa00 | 0f84 9000 | 0000 48be | a8cb cda2 | c202 0000 | 8b50 0849 | ba00 0000 | 0008 0000 
  0x000002c283801b40: 0049 03d2 | 483b 96f8 | 1700 0075 | 0d48 8386 | 0018 0000 | 01e9 7700 | 0000 483b | 9608 1800 
  0x000002c283801b60: 0075 0d48 | 8386 1018 | 0000 01e9 | 6100 0000 | 4881 bef8 | 1700 0000 | 0000 0075 | 1748 8996 
  0x000002c283801b80: f817 0000 | 48c7 8600 | 1800 0001 | 0000 00e9 | 3d00 0000 | 4881 be08 | 1800 0000 | 0000 0075 
  0x000002c283801ba0: 1748 8996 | 0818 0000 | 48c7 8610 | 1800 0001 | 0000 00e9 | 1900 0000 | eb17 48be | a8cb cda2 
  0x000002c283801bc0: c202 0000 | 4883 aee8 | 1700 0001 | e917 2e00 | 0048 8d53 | 2841 0fbe | 7738 83fe | 000f 850e 
  0x000002c283801be0: 2e00 004c | 8bd0 49c1 | ea03 4489 | 1248 8bf2 | 4833 f048 | c1ee 1648 | 83fe 000f | 850e 2e00 
  0x000002c283801c00: 0048 baa8 | cbcd a2c2 | 0200 0048 | 8382 2018 | 0000 0148 | 8b94 2470 | 0100 004c | 2bc2 c4c1 
  0x000002c283801c20: fb2a c0c5 | fb5e 0525 | 8eff ff48 | ba58 93a5 | a2c2 0200 | 008b b2cc | 0000 0083 | c602 89b2 
  0x000002c283801c40: cc00 0000 | 81e6 feff | 1f00 83fe | 000f 84d4 | 2d00 0048 | ba70 5b05 | 0008 0000 | 0049 8b87 
  0x000002c283801c60: 0801 0000 | 488d 7818 | 493b bf18 | 0100 000f | 87d3 2d00 | 0049 89bf | 0801 0000 | 48c7 0001 
  0x000002c283801c80: 0000 0048 | 8bca 49ba | 0000 0000 | 0800 0000 | 492b ca89 | 4808 4833 | c989 480c | 4833 c948 
  0x000002c283801ca0: 8948 1048 | 8bd0 48be | 5893 a5a2 | c202 0000 | 4883 8610 | 0100 0001 | 48ba a094 | a5a2 c202 
  0x000002c283801cc0: 0000 8bb2 | cc00 0000 | 83c6 0289 | b2cc 0000 | 0081 e6fe | ff1f 0083 | fe00 0f84 | 752d 0000 
  0x000002c283801ce0: 488b d048 | bea0 94a5 | a2c2 0200 | 0048 8386 | 1001 0000 | 0148 ba48 | 8da4 a2c2 | 0200 008b 
  0x000002c283801d00: b2cc 0000 | 0083 c602 | 89b2 cc00 | 0000 81e6 | feff 1f00 | 83fe 000f | 8459 2d00 | 0048 8bd0 
  0x000002c283801d20: 48be 488d | a4a2 c202 | 0000 4883 | 8610 0100 | 0001 48ba | c884 24a2 | c202 0000 | 8bb2 cc00 
  0x000002c283801d40: 0000 83c6 | 0289 b2cc | 0000 0081 | e6fe ff1f | 0083 fe00 | 0f84 3d2d | 0000 c5fb | 1140 1048 
  0x000002c283801d60: 83f8 0075 | 1648 bea8 | cbcd a2c2 | 0200 0080 | 8e29 1800 | 0001 e9ff | 0000 008b | 5308 49ba 
  0x000002c283801d80: 0000 0000 | 0800 0000 | 4903 d28b | 7008 49ba | 0000 0000 | 0800 0000 | 4903 f248 | 8b92 e000 
  0x000002c283801da0: 0000 483b | f20f 8428 | 0000 008b | 7a14 483b | 143e 0f84 | 1b00 0000 | 83ff 200f | 85a2 0000 
  0x000002c283801dc0: 0056 52e8 | b843 4107 | 5e5a 83fa | 000f 8490 | 0000 0048 | bea8 cbcd | a2c2 0200 | 008b 5008 
  0x000002c283801de0: 49ba 0000 | 0000 0800 | 0000 4903 | d248 3b96 | 4018 0000 | 750d 4883 | 8648 1800 | 0001 e977 
  0x000002c283801e00: 0000 0048 | 3b96 5018 | 0000 750d | 4883 8658 | 1800 0001 | e961 0000 | 0048 81be | 4018 0000 
  0x000002c283801e20: 0000 0000 | 7517 4889 | 9640 1800 | 0048 c786 | 4818 0000 | 0100 0000 | e93d 0000 | 0048 81be 
  0x000002c283801e40: 5018 0000 | 0000 0000 | 7517 4889 | 9650 1800 | 0048 c786 | 5818 0000 | 0100 0000 | e919 0000 
  0x000002c283801e60: 00eb 1748 | bea8 cbcd | a2c2 0200 | 0048 83ae | 3018 0000 | 01e9 432c | 0000 488d | 532c 410f 
  0x000002c283801e80: be77 3883 | fe00 0f85 | 3a2c 0000 | 4c8b d049 | c1ea 0344 | 8912 488b | f248 33f0 | 48c1 ee16 
  0x000002c283801ea0: 4883 fe00 | 0f85 3a2c | 0000 48ba | a8cb cda2 | c202 0000 | 4883 8268 | 1800 0001 | 48ba 0096 
  0x000002c283801ec0: a5a2 c202 | 0000 8bb2 | cc00 0000 | 83c6 0289 | b2cc 0000 | 0081 e6fe | ff1f 0083 | fe00 0f84 
  0x000002c283801ee0: 182c 0000 | 48ba 3077 | 0900 0800 | 0000 498b | 8708 0100 | 0048 8d78 | 2049 3bbf | 1801 0000 
  0x000002c283801f00: 0f87 172c | 0000 4989 | bf08 0100 | 0048 c700 | 0100 0000 | 488b ca49 | ba00 0000 | 0008 0000 
  0x000002c283801f20: 0049 2bca | 8948 0848 | 33c9 8948 | 0c48 33c9 | 4889 4810 | 4889 4818 | 488b d048 | be00 96a5 
  0x000002c283801f40: a2c2 0200 | 0048 8386 | 1001 0000 | 0148 bad8 | 97a5 a2c2 | 0200 008b | b2cc 0000 | 0083 c602 
  0x000002c283801f60: 89b2 cc00 | 0000 81e6 | feff 1f00 | 83fe 000f | 84b5 2b00 | 0048 bad8 | 97a5 a2c2 | 0200 0048 
  0x000002c283801f80: 8382 1001 | 0000 0148 | ba98 30a9 | 8006 0000 | 0048 899c | 24d8 0300 | 0048 8984 | 24d0 0300 
  0x000002c283801fa0: 0066 0f1f | 4400 00e8 | d4f9 3607 | 48ba b8f7 | 0400 0800 | 0000 4889 | 8424 e803 | 0000 498b 
  0x000002c283801fc0: 8708 0100 | 0048 8d78 | 1849 3bbf | 1801 0000 | 0f87 752b | 0000 4989 | bf08 0100 | 0048 c700 
  0x000002c283801fe0: 0100 0000 | 488b ca49 | ba00 0000 | 0008 0000 | 0049 2bca | 8948 0848 | 33c9 8948 | 0c48 33c9 
  0x000002c283802000: 4889 4810 | 4c8b c048 | bad8 97a5 | a2c2 0200 | 0048 8382 | 2001 0000 | 0149 b838 | 853f a2c2 
  0x000002c283802020: 0200 0041 | 8b90 cc00 | 0000 83c2 | 0241 8990 | cc00 0000 | 81e2 feff | 1f00 83fa | 000f 8415 
  0x000002c283802040: 2b00 004c | 8bc0 48ba | 3885 3fa2 | c202 0000 | 4883 8210 | 0100 0001 | 41b8 1000 | 0000 488b 
  0x000002c283802060: d048 8984 | 24e0 0300 | 0066 0f1f | 4400 00e8 | 0cf3 3607 | 488b 8424 | d003 0000 | 49b8 d897 
  0x000002c283802080: a5a2 c202 | 0000 4983 | 8030 0100 | 0001 49b8 | 889b a5a2 | c202 0000 | 458b 88cc | 0000 0041 
  0x000002c2838020a0: 83c1 0245 | 8988 cc00 | 0000 4181 | e1fe ff1f | 0041 83f9 | 000f 84be | 2a00 0048 | 8b84 24d0 
  0x000002c2838020c0: 0300 0049 | b888 9ba5 | a2c2 0200 | 0049 8380 | 1001 0000 | 0149 b8c8 | 8424 a2c2 | 0200 0045 
  0x000002c2838020e0: 8b88 cc00 | 0000 4183 | c102 4589 | 88cc 0000 | 0041 81e1 | feff 1f00 | 4183 f900 | 0f84 982a 
  0x000002c283802100: 0000 41b8 | feff 0000 | 488b 8424 | d003 0000 | 6644 8940 | 0c45 0fbe | 4738 4183 | f800 0f85 
  0x000002c283802120: 972a 0000 | 4c8b 8424 | e003 0000 | 4d8b d049 | c1ea 0344 | 8950 104c | 8bc8 4d33 | c849 c1e9 
  0x000002c283802140: 1649 83f9 | 000f 8590 | 2a00 0045 | 0fbe 4738 | 4183 f800 | 0f85 992a | 0000 4c8b | 8424 e803 
  0x000002c283802160: 0000 4d8b | d049 c1ea | 0344 8950 | 144c 8bc8 | 4d33 c849 | c1e9 1649 | 83f9 000f | 8592 2a00 
  0x000002c283802180: 004c 8bc8 | 48bf 0096 | a5a2 c202 | 0000 4883 | 8720 0100 | 0001 49b9 | e89c a5a2 | c202 0000 
  0x000002c2838021a0: 418b b9cc | 0000 0083 | c702 4189 | b9cc 0000 | 0081 e7fe | ff1f 0083 | ff00 0f84 | 6b2a 0000 
  0x000002c2838021c0: 4c8b c848 | bfe8 9ca5 | a2c2 0200 | 0048 8387 | 1001 0000 | 0149 b9a8 | 3a97 8006 | 0000 0048 
  0x000002c2838021e0: 8bbc 24d8 | 0300 0048 | 8bd0 0f1f | 4400 00e8 | 8cf1 3607 | 483b 0048 | 8bd0 48be | 0096 a5a2 
  0x000002c283802200: c202 0000 | 4883 8658 | 0100 0001 | 48ba 60a5 | a5a2 c202 | 0000 8bb2 | cc00 0000 | 83c6 0289 
  0x000002c283802220: b2cc 0000 | 0081 e6fe | ff1f 0083 | fe00 0f84 | 1d2a 0000 | 488b d048 | be60 a5a5 | a2c2 0200 
  0x000002c283802240: 0048 8386 | 1001 0000 | 0148 ba20 | a7a5 a2c2 | 0200 008b | b2cc 0000 | 0083 c602 | 89b2 cc00 
  0x000002c283802260: 0000 81e6 | feff 1f00 | 83fe 000f | 8401 2a00 | 008b 5010 | 48c1 e203 | 4883 fa00 | 48be 20a7 
  0x000002c283802280: a5a2 c202 | 0000 48bf | 2001 0000 | 0000 0000 | 0f84 0a00 | 0000 48bf | 1001 0000 | 0000 0000 
  0x000002c2838022a0: 488b 1c3e | 488d 5b01 | 4889 1c3e | 0f84 270b | 0000 483b | 0248 8bf2 | 48bf 60a5 | a5a2 c202 
  0x000002c2838022c0: 0000 8b76 | 0849 ba00 | 0000 0008 | 0000 0049 | 03f2 483b | b758 0100 | 0075 0d48 | 8387 6001 
  0x000002c2838022e0: 0000 01e9 | 6600 0000 | 483b b768 | 0100 0075 | 0d48 8387 | 7001 0000 | 01e9 5000 | 0000 4881 
  0x000002c283802300: bf58 0100 | 0000 0000 | 0075 1748 | 89b7 5801 | 0000 48c7 | 8760 0100 | 0001 0000 | 00e9 2c00 
  0x000002c283802320: 0000 4881 | bf68 0100 | 0000 0000 | 0075 1748 | 89b7 6801 | 0000 48c7 | 8770 0100 | 0001 0000 
  0x000002c283802340: 00e9 0800 | 0000 4883 | 8748 0100 | 0001 0f1f | 8000 0000 | 0048 b8ff | ffff ffff | ffff ffe8 
  0x000002c283802360: 1cf3 3607 | e95d 0000 | 0049 8b87 | d003 0000 | 4d33 d24d | 8997 d003 | 0000 4d33 | d24d 8997 
  0x000002c283802380: d803 0000 | 4883 fb00 | 49b8 a8cb | cda2 c202 | 0000 48ba | 5008 0000 | 0000 0000 | 0f85 0a00 
  0x000002c2838023a0: 0000 48ba | 4008 0000 | 0000 0000 | 498b 0c10 | 488d 4901 | 4989 0c10 | 0f85 3a02 | 0000 4c8b 
  0x000002c2838023c0: c0e9 7602 | 0000 49b8 | 0084 8080 | 0600 0000 | 418b 5074 | 48c1 e203 | 483b 024c | 8bc2 48be 
  0x000002c2838023e0: a8cb cda2 | c202 0000 | 49ba 1089 | 0600 0800 | 0000 4c89 | 9688 1800 | 0048 8386 | 9018 0000 
  0x000002c283802400: 014c 8bc0 | 6666 90e8 | 74ef 3607 | 488b 8424 | c803 0000 | 4881 c480 | 0400 005d | 493b a740 
  0x000002c283802420: 0300 000f | 8774 2800 | 00c3 49b8 | c8b4 9780 | 0600 0000 | 418b b090 | 0000 0048 | c1e6 0348 
  0x000002c283802440: 3b06 4c8b | c648 bfa8 | cbcd a2c2 | 0200 0045 | 8b40 0849 | ba00 0000 | 0008 0000 | 004d 03c2 
  0x000002c283802460: 4c3b 8788 | 0100 0075 | 0d48 8387 | 9001 0000 | 01e9 6600 | 0000 4c3b | 8798 0100 | 0075 0d48 
  0x000002c283802480: 8387 a001 | 0000 01e9 | 5000 0000 | 4881 bf88 | 0100 0000 | 0000 0075 | 174c 8987 | 8801 0000 
  0x000002c2838024a0: 48c7 8790 | 0100 0001 | 0000 00e9 | 2c00 0000 | 4881 bf98 | 0100 0000 | 0000 0075 | 174c 8987 
  0x000002c2838024c0: 9801 0000 | 48c7 87a0 | 0100 0001 | 0000 00e9 | 0800 0000 | 4883 8778 | 0100 0001 | 4c8b c248 
  0x000002c2838024e0: 8bd6 6666 | 9048 b8ff | ffff ffff | ffff ffe8 | 8cf1 3607 | 4883 f800 | 7516 48be | a8cb cda2 
  0x000002c283802500: c202 0000 | 808e a901 | 0000 01e9 | d200 0000 | 48bf 28ac | 0f00 0800 | 0000 8b50 | 0849 ba00 
  0x000002c283802520: 0000 0008 | 0000 0049 | 03d2 483b | fa0f 8593 | 0000 0048 | bea8 cbcd | a2c2 0200 | 008b 7808 
  0x000002c283802540: 49ba 0000 | 0000 0800 | 0000 4903 | fa48 3bbe | c001 0000 | 750d 4883 | 86c8 0100 | 0001 e97f 
  0x000002c283802560: 0000 0048 | 3bbe d001 | 0000 750d | 4883 86d8 | 0100 0001 | e969 0000 | 0048 81be | c001 0000 
  0x000002c283802580: 0000 0000 | 7517 4889 | bec0 0100 | 0048 c786 | c801 0000 | 0100 0000 | e945 0000 | 0048 81be 
  0x000002c2838025a0: d001 0000 | 0000 0000 | 7517 4889 | bed0 0100 | 0048 c786 | d801 0000 | 0100 0000 | e921 0000 
  0x000002c2838025c0: 00e9 1c00 | 0000 48be | a8cb cda2 | c202 0000 | 4883 aeb0 | 0100 0001 | e9db 2600 | 00e9 0000 
  0x000002c2838025e0: 0000 4881 | c480 0400 | 005d 493b | a740 0300 | 000f 87ca | 2600 00c3 | 4889 8424 | f003 0000 
  0x000002c283802600: 483b 0348 | 8bd3 48b9 | a8cb cda2 | c202 0000 | 49ba 2838 | 0100 0800 | 0000 4c89 | 9170 0800 
  0x000002c283802620: 0048 8381 | 7808 0000 | 0148 8bd3 | 6666 90e8 | 4ced 3607 | 4c8b 8424 | f003 0000 | 488b b424 
  0x000002c283802640: 0004 0000 | 488b bc24 | f803 0000 | 498b c048 | ba4f 2680 | 83c2 0200 | 00e8 222c | 4107 9049 
  0x000002c283802660: 8b87 d003 | 0000 4d33 | d24d 8997 | d003 0000 | 4d33 d24d | 8997 d803 | 0000 4883 | ff00 49b8 
  0x000002c283802680: a8cb cda2 | c202 0000 | 48ba 0809 | 0000 0000 | 0000 0f85 | 0a00 0000 | 48ba 1809 | 0000 0000 
  0x000002c2838026a0: 0000 498b | 0c10 488d | 4901 4989 | 0c10 0f85 | 1600 0000 | 49b8 a8cb | cda2 c202 | 0000 41ff 
  0x000002c2838026c0: 8028 0900 | 00e9 7a00 | 0000 483b | f849 b8a8 | cbcd a2c2 | 0200 0048 | ba50 0900 | 0000 0000 
  0x000002c2838026e0: 000f 850a | 0000 0048 | ba40 0900 | 0000 0000 | 0049 8b0c | 1048 8d49 | 0149 890c | 100f 8508 
  0x000002c283802700: 0000 0048 | 8bc7 e939 | 0000 0048 | 3b07 4c8b | c748 baa8 | cbcd a2c2 | 0200 0048 | 8382 6009 
  0x000002c283802720: 0000 014c | 8bc0 488b | d748 89bc | 2408 0400 | 0066 0f1f | 4400 00e8 | 44ec 3607 | 488b 8424 
  0x000002c283802740: 0804 0000 | 488b 9424 | 1004 0000 | 4883 fa00 | 48be a8cb | cda2 c202 | 0000 48bf | a809 0000 
  0x000002c283802760: 0000 0000 | 0f85 0a00 | 0000 48bf | 9809 0000 | 0000 0000 | 488b 1c3e | 488d 5b01 | 4889 1c3e 
  0x000002c283802780: 0f85 0800 | 0000 4c8b | c0e9 0e01 | 0000 4889 | 8424 2004 | 0000 483b | 0248 8bf2 | 48bf a8cb 
  0x000002c2838027a0: cda2 c202 | 0000 8b76 | 0849 ba00 | 0000 0008 | 0000 0049 | 03f2 483b | b7c8 0900 | 0075 0d48 
  0x000002c2838027c0: 8387 d009 | 0000 01e9 | 6600 0000 | 483b b7d8 | 0900 0075 | 0d48 8387 | e009 0000 | 01e9 5000 
  0x000002c2838027e0: 0000 4881 | bfc8 0900 | 0000 0000 | 0075 1748 | 89b7 c809 | 0000 48c7 | 87d0 0900 | 0001 0000 
  0x000002c283802800: 00e9 2c00 | 0000 4881 | bfd8 0900 | 0000 0000 | 0075 1748 | 89b7 d809 | 0000 48c7 | 87e0 0900 
  0x000002c283802820: 0001 0000 | 00e9 0800 | 0000 4883 | 87b8 0900 | 0001 48be | 0086 a5a2 | c202 0000 | 8bbe cc00 
  0x000002c283802840: 0000 83c7 | 0289 becc | 0000 0081 | e7fe ff1f | 0083 ff00 | 0f84 8c24 | 0000 8b52 | 1448 c1e2 
  0x000002c283802860: 0348 3b02 | 488b f248 | bf00 86a5 | a2c2 0200 | 0049 baa0 | 3d01 0008 | 0000 004c | 8997 2001 
  0x000002c283802880: 0000 4883 | 8728 0100 | 0001 0f1f | 4400 00e8 | ecea 3607 | 4c8b 8424 | 2004 0000 | 488b b424 
  0x000002c2838028a0: 1804 0000 | 493b 0049 | 8bc0 48ba | aa28 8083 | c202 0000 | e8c7 2941 | 0790 498b | 87d0 0300 
  0x000002c2838028c0: 004d 33d2 | 4d89 97d0 | 0300 004d | 33d2 4d89 | 97d8 0300 | 0048 83ff | 0049 b8a8 | cbcd a2c2 
  0x000002c2838028e0: 0200 0048 | ba00 0a00 | 0000 0000 | 000f 840a | 0000 0048 | baf0 0900 | 0000 0000 | 0049 8b1c 
  0x000002c283802900: 1048 8d5b | 0149 891c | 100f 8472 | 0000 0048 | 3bf8 49b8 | a8cb cda2 | c202 0000 | 48ba 280a 
  0x000002c283802920: 0000 0000 | 0000 0f84 | 0a00 0000 | 48ba 380a | 0000 0000 | 0000 498b | 1c10 488d | 5b01 4989 
  0x000002c283802940: 1c10 0f84 | 4c00 0000 | 483b 074c | 8bc7 48ba | a8cb cda2 | c202 0000 | 4883 8248 | 0a00 0001 
  0x000002c283802960: 4c8b c048 | 8bd7 4889 | bc24 2804 | 0000 90e8 | 0cea 3607 | 488b bc24 | 2804 0000 | e913 0000 
  0x000002c283802980: 0048 baa8 | cbcd a2c2 | 0200 00ff | 8210 0a00 | 0048 8bf8 | 483b 0748 | 8bc7 48ba | 9a29 8083 
  0x000002c2838029a0: c202 0000 | e8d7 2841 | 0790 498b | 87d0 0300 | 004d 33d2 | 4d89 97d0 | 0300 004d | 33d2 4d89 
  0x000002c2838029c0: 97d8 0300 | 0066 6690 | e95d 2300 | 0000 0000 | 0000 4889 | 8424 4804 | 0000 498b | 8708 0100 
  0x000002c2838029e0: 0048 8d78 | 2849 3bbf | 1801 0000 | 0f87 4223 | 0000 4989 | bf08 0100 | 0048 c700 | 0100 0000 
  0x000002c283802a00: 488b ca49 | ba00 0000 | 0008 0000 | 0049 2bca | 8948 0848 | 33c9 8948 | 0c48 33c9 | 4889 4810 
  0x000002c283802a20: 4889 4818 | 4889 4820 | 4889 8424 | 4004 0000 | 48ba b8f7 | 0400 0800 | 0000 498b | 8708 0100 
  0x000002c283802a40: 0048 8d78 | 1849 3bbf | 1801 0000 | 0f87 ef22 | 0000 4989 | bf08 0100 | 0048 c700 | 0100 0000 
  0x000002c283802a60: 488b ca49 | ba00 0000 | 0008 0000 | 0049 2bca | 8948 0848 | 33c9 8948 | 0c48 33c9 | 4889 4810 
  0x000002c283802a80: 4c8b c048 | baa8 cbcd | a2c2 0200 | 0048 8382 | 800a 0000 | 0149 b830 | 70a5 a2c2 | 0200 0041 
  0x000002c283802aa0: 8b90 cc00 | 0000 83c2 | 0241 8990 | cc00 0000 | 81e2 feff | 1f00 83fa | 000f 848f | 2200 004c 
  0x000002c283802ac0: 8bc0 48ba | 3070 a5a2 | c202 0000 | 4883 8210 | 0100 0001 | 49b8 d07e | 818a 0600 | 0000 488b 
  0x000002c283802ae0: d048 8984 | 2438 0400 | 0066 0f1f | 4400 00e8 | 8ce8 3607 | 4c8b 8424 | 3004 0000 | 493b 0049 
  0x000002c283802b00: 8bd0 48be | a8cb cda2 | c202 0000 | 49ba b800 | 0700 0800 | 0000 4c89 | 96a0 0a00 | 0048 8386 
  0x000002c283802b20: a80a 0000 | 0148 ba38 | aba5 a2c2 | 0200 008b | b2cc 0000 | 0083 c602 | 89b2 cc00 | 0000 81e6 
  0x000002c283802b40: feff 1f00 | 83fe 000f | 8427 2200 | 0048 ba50 | 3684 8006 | 0000 0048 | 8bf2 48bf | 38ab a5a2 
  0x000002c283802b60: c202 0000 | 49ba 3009 | 0700 0800 | 0000 4c89 | 9720 0100 | 0048 8387 | 2801 0000 | 0166 90e8 
  0x000002c283802b80: fce7 3607 | 4c8b 8424 | 3804 0000 | 48ba a8cb | cda2 c202 | 0000 4883 | 82c8 0a00 | 0001 49b8 
  0x000002c283802ba0: 6093 3fa2 | c202 0000 | 418b 90cc | 0000 0083 | c202 4189 | 90cc 0000 | 0081 e2fe | ff1f 0083 
  0x000002c283802bc0: fa00 0f84 | cd21 0000 | 4c8b 8424 | 3804 0000 | 48ba 6093 | 3fa2 c202 | 0000 4883 | 8210 0100 
  0x000002c283802be0: 0001 4c8b | c048 8b94 | 2438 0400 | 0066 90e8 | 8ce7 3607 | 488b 8424 | 3804 0000 | 48ba a8cb 
  0x000002c283802c00: cda2 c202 | 0000 4883 | 8200 0b00 | 0001 48ba | 789f 3fa2 | c202 0000 | 448b 82cc | 0000 0041 
  0x000002c283802c20: 83c0 0244 | 8982 cc00 | 0000 4181 | e0fe ff1f | 0041 83f8 | 000f 847b | 2100 0048 | 8b84 2438 
  0x000002c283802c40: 0400 0048 | ba78 9f3f | a2c2 0200 | 0048 8382 | 1001 0000 | 0148 ba30 | 1435 a2c2 | 0200 0044 
  0x000002c283802c60: 8b82 cc00 | 0000 4183 | c002 4489 | 82cc 0000 | 0041 81e0 | feff 1f00 | 4183 f800 | 0f84 5521 
  0x000002c283802c80: 0000 48ba | 3014 35a2 | c202 0000 | ff82 2001 | 0000 488b | 8424 3804 | 0000 0fbe | 5010 83fa 
  0x000002c283802ca0: 0048 ba30 | 1435 a2c2 | 0200 0049 | b830 0100 | 0000 0000 | 000f 850a | 0000 0049 | b840 0100 
  0x000002c283802cc0: 0000 0000 | 004e 8b0c | 024d 8d49 | 014e 890c | 020f 851a | 0000 0048 | ba30 1435 | a2c2 0200 
  0x000002c283802ce0: 00ff 8250 | 0100 00ba | 0100 0000 | e905 0000 | 00ba 0000 | 0000 83e2 | 0183 fa00 | 48ba 789f 
  0x000002c283802d00: 3fa2 c202 | 0000 49b8 | 4801 0000 | 0000 0000 | 0f84 0a00 | 0000 49b8 | 5801 0000 | 0000 0000 
  0x000002c283802d20: 4e8b 0c02 | 4d8d 4901 | 4e89 0c02 | 0f84 3f00 | 0000 8b50 | 1448 c1e2 | 0344 8b48 | 0c49 b878 
  0x000002c283802d40: 9f3f a2c2 | 0200 0049 | 8380 6801 | 0000 0141 | b800 0000 | 0066 90e8 | 24ec 3607 | 48ba 789f 
  0x000002c283802d60: 3fa2 c202 | 0000 ff82 | 7801 0000 | e92b 0000 | 008b 5014 | 48c1 e203 | 448b 480c | 49b8 789f 
  0x000002c283802d80: 3fa2 c202 | 0000 4983 | 8090 0100 | 0001 41b8 | 0000 0000 | 6666 90e8 | e4eb 3607 | 488b b424 
  0x000002c283802da0: 4004 0000 | 4c8b 8c24 | 4804 0000 | 4c8b c648 | baa8 cbcd | a2c2 0200 | 0048 8382 | 380b 0000 
  0x000002c283802dc0: 014c 8bc0 | 488b d6e8 | b4e5 3607 | 488b 8424 | 4004 0000 | e9c5 2600 | 0048 8984 | 2458 0400 
  0x000002c283802de0: 000f 1f80 | 0000 0000 | e91a 2000 | 0000 0000 | 0000 e91a | 2000 0048 | 8bd0 48bb | 20a7 a5a2 
  0x000002c283802e00: c202 0000 | 4883 8330 | 0100 0001 | 488b d048 | 8984 2450 | 0400 00e8 | 64e5 3607 | 488b 8424 
  0x000002c283802e20: 5004 0000 | e975 2600 | 0089 8424 | 0090 ffff | 5548 81ec | 8004 0000 | 488b b2b0 | 0100 0048 
  0x000002c283802e40: 89b4 24e0 | 0100 0048 | 8bba a001 | 0000 488b | 9a98 0100 | 0048 8b82 | 9001 0000 | 4c8b 8288 
  0x000002c283802e60: 0100 004c | 8b8a 8001 | 0000 4c8b | 9a78 0100 | 004c 8baa | 7001 0000 | 4c8b b268 | 0100 00c5 
  0x000002c283802e80: fa10 8260 | 0100 0048 | 8b8a 5001 | 0000 488b | b248 0100 | 0048 89b4 | 24e8 0100 | 0048 8bb2 
  0x000002c283802ea0: 3801 0000 | 4889 b424 | f001 0000 | 488b b230 | 0100 0048 | 89b4 24f8 | 0100 0048 | 8bb2 2801 
  0x000002c283802ec0: 0000 4889 | 8c24 0002 | 0000 488b | ca48 89bc | 2448 0200 | 0048 899c | 2440 0200 | 0048 8984 
  0x000002c283802ee0: 2438 0200 | 004c 8984 | 2430 0200 | 004c 898c | 2428 0200 | 004c 899c | 2420 0200 | 004c 89ac 
  0x000002c283802f00: 2418 0200 | 004c 89b4 | 2410 0200 | 0048 89b4 | 2408 0200 | 00c5 fa11 | 8424 6404 | 0000 49ba 
  0x000002c283802f20: 10c1 83d2 | ff7f 0000 | 41ff d248 | 8bb4 2408 | 0200 0048 | 8bc6 488b | b424 f801 | 0000 488b 
  0x000002c283802f40: 9424 f001 | 0000 4c8b | f248 8b94 | 24e8 0100 | 0048 8bfa | 488b 8c24 | 0002 0000 | 4c8b c9c5 
  0x000002c283802f60: fa10 8424 | 6404 0000 | 488b 9424 | 1002 0000 | 4c8b ac24 | 1802 0000 | 498b dd4c | 8b9c 2420 
  0x000002c283802f80: 0200 0049 | 8bcb 4c8b | 8424 2802 | 0000 4c8b | 9c24 3002 | 0000 4c8b | ac24 3802 | 0000 4c89 
  0x000002c283802fa0: ac24 c801 | 0000 4c8b | ac24 4002 | 0000 4c89 | ac24 d001 | 0000 4c8b | ac24 4802 | 0000 4c89 
  0x000002c283802fc0: ac24 d801 | 0000 4c8b | ac24 e001 | 0000 e957 | 94ff ff49 | ba48 1ecd | a2c2 0200 | 004c 8954 
  0x000002c283802fe0: 2408 48c7 | 0424 ffff | ffff e891 | 6441 07e9 | ab7a ffff | e8a7 0741 | 07e8 a207 | 4107 49ba 
  0x000002c283803000: 78bf 00a2 | c202 0000 | 4c89 5424 | 0848 c704 | 24ff ffff | ffe8 6664 | 4107 e9f8 | 7bff ff49 
  0x000002c283803020: ba80 dc00 | a2c2 0200 | 004c 8954 | 2408 48c7 | 0424 ffff | ffff e845 | 6441 07e9 | 2f7c ffff 
  0x000002c283803040: 488b d2e8 | 3810 4107 | e92f 7dff | ff48 8bd2 | e82b 1041 | 07e9 7a7d | ffff 49ba | 6852 0ba2 
  0x000002c283803060: c202 0000 | 4c89 5424 | 0848 c704 | 24ff ffff | ffe8 0a64 | 4107 e998 | 7dff ff49 | ba40 550b 
  0x000002c283803080: a2c2 0200 | 004c 8954 | 2408 48c7 | 0424 ffff | ffff e8e9 | 6341 07e9 | ec7d ffff | 49ba c86d 
  0x000002c2838030a0: 0ba2 c202 | 0000 4c89 | 5424 0848 | c704 24ff | ffff ffe8 | c863 4107 | e946 7eff | ff49 ba18 
  0x000002c2838030c0: 2d0b a2c2 | 0200 004c | 8954 2408 | 48c7 0424 | ffff ffff | e8a7 6341 | 07e9 6c7e | ffff 488b 
  0x000002c2838030e0: d2e8 9a0f | 4107 e912 | 80ff ff48 | 8bd2 e88d | 0f41 07e9 | 5d80 ffff | 49ba 6852 | 0ba2 c202 
  0x000002c283803100: 0000 4c89 | 5424 0848 | c704 24ff | ffff ffe8 | 6c63 4107 | e97b 80ff | ff49 ba40 | 550b a2c2 
  0x000002c283803120: 0200 004c | 8954 2408 | 48c7 0424 | ffff ffff | e84b 6341 | 07e9 ce80 | ffff 49ba | 4055 0ba2 
  0x000002c283803140: c202 0000 | 4c89 5424 | 0848 c704 | 24ff ffff | ffe8 2a63 | 4107 e925 | 81ff ff49 | bac8 6d0b 
  0x000002c283803160: a2c2 0200 | 004c 8954 | 2408 48c7 | 0424 ffff | ffff e809 | 6341 07e9 | 7f81 ffff | 49ba 182d 
  0x000002c283803180: 0ba2 c202 | 0000 4c89 | 5424 0848 | c704 24ff | ffff ffe8 | e862 4107 | e9a5 81ff | ff48 8bd2 
  0x000002c2838031a0: e8db 0e41 | 07e9 3a83 | ffff 49ba | b0d0 0fa2 | c202 0000 | 4c89 5424 | 0848 c704 | 24ff ffff 
  0x000002c2838031c0: ffe8 ba62 | 4107 e956 | 83ff ff49 | ba68 1210 | a2c2 0200 | 004c 8954 | 2408 48c7 | 0424 ffff 
  0x000002c2838031e0: ffff e899 | 6241 07e9 | 7283 ffff | 49ba 982a | 10a2 c202 | 0000 4c89 | 5424 0848 | c704 24ff 
  0x000002c283803200: ffff ffe8 | 7862 4107 | e98e 83ff | ff49 ba10 | 0500 a2c2 | 0200 004c | 8954 2408 | 48c7 0424 
  0x000002c283803220: ffff ffff | e857 6241 | 07e9 aa83 | ffff 8b50 | 1448 c1e2 | 0348 83fa | 000f 84b1 | 83ff ff48 
  0x000002c283803240: 8914 24e8 | 3868 4107 | e9a3 83ff | ff48 83fa | 000f 84c9 | 83ff ff48 | 8904 24e8 | 206b 4107 
  0x000002c283803260: e9bb 83ff | ff48 8bd2 | e813 0e41 | 07e9 0684 | ffff 49ba | b0d0 0fa2 | c202 0000 | 4c89 5424 
  0x000002c283803280: 0848 c704 | 24ff ffff | ffe8 f261 | 4107 e922 | 84ff ff49 | ba68 1210 | a2c2 0200 | 004c 8954 
  0x000002c2838032a0: 2408 48c7 | 0424 ffff | ffff e8d1 | 6141 07e9 | 3e84 ffff | 49ba 982a | 10a2 c202 | 0000 4c89 
  0x000002c2838032c0: 5424 0848 | c704 24ff | ffff ffe8 | b061 4107 | e95a 84ff | ff49 ba10 | 0500 a2c2 | 0200 004c 
  0x000002c2838032e0: 8954 2408 | 48c7 0424 | ffff ffff | e88f 6141 | 07e9 7684 | ffff 8b50 | 1448 c1e2 | 0348 83fa 
  0x000002c283803300: 000f 8473 | 84ff ff48 | 8914 24e8 | 7067 4107 | e965 84ff | ff48 83fa | 000f 848b | 84ff ff48 
  0x000002c283803320: 8904 24e8 | 586a 4107 | e97d 84ff | ff48 8bd2 | e84b 0d41 | 07e9 c884 | ffff 49ba | b0d0 0fa2 
  0x000002c283803340: c202 0000 | 4c89 5424 | 0848 c704 | 24ff ffff | ffe8 2a61 | 4107 e9e4 | 84ff ff49 | ba68 1210 
  0x000002c283803360: a2c2 0200 | 004c 8954 | 2408 48c7 | 0424 ffff | ffff e809 | 6141 07e9 | 0085 ffff | 49ba 982a 
  0x000002c283803380: 10a2 c202 | 0000 4c89 | 5424 0848 | c704 24ff | ffff ffe8 | e860 4107 | e91c 85ff | ff49 ba10 
  0x000002c2838033a0: 0500 a2c2 | 0200 004c | 8954 2408 | 48c7 0424 | ffff ffff | e8c7 6041 | 07e9 3885 | ffff 8b50 
  0x000002c2838033c0: 1448 c1e2 | 0348 83fa | 000f 8435 | 85ff ff48 | 8914 24e8 | a866 4107 | e927 85ff | ff48 83fa 
  0x000002c2838033e0: 000f 844d | 85ff ff48 | 8904 24e8 | 9069 4107 | e93f 85ff | ff48 8bd2 | e883 0c41 | 07e9 8a85 
  0x000002c283803400: ffff 49ba | b0d0 0fa2 | c202 0000 | 4c89 5424 | 0848 c704 | 24ff ffff | ffe8 6260 | 4107 e9a6 
  0x000002c283803420: 85ff ff49 | ba68 1210 | a2c2 0200 | 004c 8954 | 2408 48c7 | 0424 ffff | ffff e841 | 6041 07e9 
  0x000002c283803440: c285 ffff | 49ba 982a | 10a2 c202 | 0000 4c89 | 5424 0848 | c704 24ff | ffff ffe8 | 2060 4107 
  0x000002c283803460: e9de 85ff | ff49 ba10 | 0500 a2c2 | 0200 004c | 8954 2408 | 48c7 0424 | ffff ffff | e8ff 5f41 
  0x000002c283803480: 07e9 fa85 | ffff 8b50 | 1448 c1e2 | 0348 83fa | 000f 84f7 | 85ff ff48 | 8914 24e8 | e065 4107 
  0x000002c2838034a0: e9e9 85ff | ff48 83fa | 000f 840f | 86ff ff48 | 8904 24e8 | c868 4107 | e901 86ff | ff48 8bd2 
  0x000002c2838034c0: e8bb 0b41 | 07e9 4c86 | ffff 49ba | b0d0 0fa2 | c202 0000 | 4c89 5424 | 0848 c704 | 24ff ffff 
  0x000002c2838034e0: ffe8 9a5f | 4107 e968 | 86ff ff49 | ba68 1210 | a2c2 0200 | 004c 8954 | 2408 48c7 | 0424 ffff 
  0x000002c283803500: ffff e879 | 5f41 07e9 | 8486 ffff | 49ba 982a | 10a2 c202 | 0000 4c89 | 5424 0848 | c704 24ff 
  0x000002c283803520: ffff ffe8 | 585f 4107 | e9a0 86ff | ff49 ba10 | 0500 a2c2 | 0200 004c | 8954 2408 | 48c7 0424 
  0x000002c283803540: ffff ffff | e837 5f41 | 07e9 bc86 | ffff 8b50 | 1448 c1e2 | 0348 83fa | 000f 84b9 | 86ff ff48 
  0x000002c283803560: 8914 24e8 | 1865 4107 | e9ab 86ff | ff48 83fa | 000f 84d1 | 86ff ff48 | 8904 24e8 | 0068 4107 
  0x000002c283803580: e9c3 86ff | ff48 8bd2 | e8f3 0a41 | 07e9 0e87 | ffff 49ba | b0d0 0fa2 | c202 0000 | 4c89 5424 
  0x000002c2838035a0: 0848 c704 | 24ff ffff | ffe8 d25e | 4107 e92a | 87ff ff49 | ba68 1210 | a2c2 0200 | 004c 8954 
  0x000002c2838035c0: 2408 48c7 | 0424 ffff | ffff e8b1 | 5e41 07e9 | 4687 ffff | 49ba 982a | 10a2 c202 | 0000 4c89 
  0x000002c2838035e0: 5424 0848 | c704 24ff | ffff ffe8 | 905e 4107 | e962 87ff | ff49 ba10 | 0500 a2c2 | 0200 004c 
  0x000002c283803600: 8954 2408 | 48c7 0424 | ffff ffff | e86f 5e41 | 07e9 7e87 | ffff 8b70 | 1448 c1e6 | 0348 83fe 
  0x000002c283803620: 000f 847b | 87ff ff48 | 8934 24e8 | 5064 4107 | e96d 87ff | ff48 83fe | 000f 8493 | 87ff ff48 
  0x000002c283803640: 8904 24e8 | 3867 4107 | e985 87ff | ff48 8bd2 | e82b 0a41 | 07e9 f787 | ffff 49ba | b09e a1a2 
  0x000002c283803660: c202 0000 | 4c89 5424 | 0848 c704 | 24ff ffff | ffe8 0a5e | 4107 e91b | 88ff ff48 | 8bd2 e8fd 
  0x000002c283803680: 0941 07e9 | 6288 ffff | 49ba a873 | 54a2 c202 | 0000 4c89 | 5424 0848 | c704 24ff | ffff ffe8 
  0x000002c2838036a0: dc5d 4107 | e9b5 88ff | ff49 ba20 | 5d54 a2c2 | 0200 004c | 8954 2408 | 48c7 0424 | ffff ffff 
  0x000002c2838036c0: e8bb 5d41 | 07e9 d688 | ffff 49ba | 1005 00a2 | c202 0000 | 4c89 5424 | 0848 c704 | 24ff ffff 
  0x000002c2838036e0: ffe8 9a5d | 4107 e9f7 | 88ff ff8b | 7010 48c1 | e603 4883 | fe00 0f84 | fc88 ffff | 4889 3424 
  0x000002c283803700: e87b 6341 | 07e9 ee88 | ffff 8b78 | 0c48 c1e7 | 0348 83ff | 000f 840a | 89ff ff48 | 893c 24e8 
  0x000002c283803720: 5c63 4107 | e9fc 88ff | ff48 83fe | 000f 8411 | 89ff ff48 | 8904 24e8 | 4466 4107 | e903 89ff 
  0x000002c283803740: ff8b 5314 | 48c1 e203 | 4883 fa00 | 0f84 5089 | ffff 4889 | 1424 e825 | 6341 07e9 | 4289 ffff 
  0x000002c283803760: 4883 f800 | 0f84 5789 | ffff 4889 | 1c24 e80d | 6641 07e9 | 4989 ffff | 488b d2e8 | 0009 4107 
  0x000002c283803780: e998 89ff | ff49 bab0 | 4154 a2c2 | 0200 004c | 8954 2408 | 48c7 0424 | ffff ffff | e8df 5c41 
  0x000002c2838037a0: 07e9 b989 | ffff e8f5 | ff40 0749 | bab8 4b54 | a2c2 0200 | 004c 8954 | 2408 48c7 | 0424 ffff 
  0x000002c2838037c0: ffff e8b9 | 5c41 07e9 | 0c8b ffff | 49ba 481e | cda2 c202 | 0000 4c89 | 5424 0848 | c704 2443 
  0x000002c2838037e0: 0100 00e8 | 985c 4107 | e970 8bff | ffe8 aeff | 4007 49ba | 40cf 00a2 | c202 0000 | 4c89 5424 
  0x000002c283803800: 0848 c704 | 24ff ffff | ffe8 725c | 4107 e96f | 8cff ff49 | ba10 f200 | a2c2 0200 | 004c 8954 
  0x000002c283803820: 2408 48c7 | 0424 ffff | ffff e851 | 5c41 07e9 | 8b8c ffff | e867 ff40 | 0749 bae0 | ae00 a2c2 
  0x000002c283803840: 0200 004c | 8954 2408 | 48c7 0424 | ffff ffff | e82b 5c41 | 07e9 528e | ffff e841 | ff40 0749 
  0x000002c283803860: bae0 ae00 | a2c2 0200 | 004c 8954 | 2408 48c7 | 0424 ffff | ffff e805 | 5c41 07e9 | a48f ffff 
  0x000002c283803880: 49ba e0ae | 00a2 c202 | 0000 4c89 | 5424 0848 | c704 24ff | ffff ffe8 | e45b 4107 | e93e 90ff 
  0x000002c2838038a0: ff49 bae0 | ae00 a2c2 | 0200 004c | 8954 2408 | 48c7 0424 | ffff ffff | e8c3 5b41 | 07e9 dd90 
  0x000002c2838038c0: ffff e8d9 | fe40 07e8 | d4fe 4007 | e8cf fe40 | 07e8 cafe | 4007 49ba | 607a 54a2 | c202 0000 
  0x000002c2838038e0: 4c89 5424 | 0848 c704 | 24ff ffff | ffe8 8e5b | 4107 e903 | 9bff ffe8 | a4fe 4007 | e89f fe40 
  0x000002c283803900: 07e8 7a10 | 4107 e9e8 | 9cff ff49 | ba48 1ecd | a2c2 0200 | 004c 8954 | 2408 48c7 | 0424 7802 
  0x000002c283803920: 0000 e859 | 5b41 07e9 | 459d ffff | 4889 0424 | e86b 2241 | 07e8 66fe | 4007 e861 | fe40 0748 
  0x000002c283803940: 8904 24e8 | 5822 4107 | e853 fe40 | 07e8 4efe | 4007 4889 | 0424 e845 | 2241 07e8 | 40fe 4007 
  0x000002c283803960: 488b d2e8 | 1807 4107 | e958 a4ff | ff49 ba88 | 31c2 a2c2 | 0200 004c | 8954 2408 | 48c7 0424 
  0x000002c283803980: ffff ffff | e8f7 5a41 | 07e9 76a4 | ffff 49ba | 1005 00a2 | c202 0000 | 4c89 5424 | 0848 c704 
  0x000002c2838039a0: 24ff ffff | ffe8 d65a | 4107 e994 | a4ff ff48 | 8904 24e8 | e821 4107 | 488b d2e8 | c006 4107 
  0x000002c2838039c0: e9a7 a6ff | ff48 8bd2 | e8b3 0641 | 07e9 eda6 | ffff 49ba | a89d c0a2 | c202 0000 | 4c89 5424 
  0x000002c2838039e0: 0848 c704 | 24ff ffff | ffe8 925a | 4107 e909 | a7ff ff49 | ba10 0500 | a2c2 0200 | 004c 8954 
  0x000002c283803a00: 2408 48c7 | 0424 ffff | ffff e871 | 5a41 07e9 | 25a7 ffff | 4889 3424 | 4889 4424 | 08e8 7ef4 
  0x000002c283803a20: 4007 e879 | fd40 0748 | 893c 24e8 | 701e 4107 | 8b13 48c1 | e203 4883 | fa00 0f84 | 75a8 ffff 
  0x000002c283803a40: 4889 1424 | e837 6041 | 07e9 67a8 | ffff 4883 | ff00 0f84 | 7ba8 ffff | 4889 1c24 | e81f 6341 
  0x000002c283803a60: 07e9 6da8 | ffff 4889 | 3424 4889 | 4424 08e8 | 2cf4 4007 | 4c89 0424 | 4889 4424 | 08e8 1ef4 
  0x000002c283803a80: 4007 4c89 | 0c24 4889 | 4424 08e8 | 10f4 4007 | 49ba 481e | cda2 c202 | 0000 4c89 | 5424 0848 
  0x000002c283803aa0: c704 24a8 | 0200 00e8 | d459 4107 | e96f a9ff | ffe8 eafc | 4007 e8c5 | 0e41 07e9 | 41ab ffff 
  0x000002c283803ac0: 488b d2e8 | b805 4107 | e9ae abff | ff49 baa8 | 9dc0 a2c2 | 0200 004c | 8954 2408 | 48c7 0424 
  0x000002c283803ae0: ffff ffff | e897 5941 | 07e9 caab | ffff 49ba | 1005 00a2 | c202 0000 | 4c89 5424 | 0848 c704 
  0x000002c283803b00: 24ff ffff | ffe8 7659 | 4107 e9e6 | abff ff4c | 8904 2448 | 895c 2408 | e883 f340 | 07e8 7efc 
  0x000002c283803b20: 4007 4889 | 0424 e875 | 1d41 078b | 3248 c1e6 | 0348 83fe | 000f 84f5 | acff ff48 | 8934 24e8 
  0x000002c283803b40: 3c5f 4107 | e9e7 acff | ff48 83f8 | 000f 84fb | acff ff48 | 8914 24e8 | 2462 4107 | e9ed acff 
  0x000002c283803b60: ff49 ba48 | 1ecd a2c2 | 0200 004c | 8954 2408 | 48c7 0424 | de02 0000 | e803 5941 | 07e9 1dad 
  0x000002c283803b80: ffff 4c89 | 1c24 4889 | 4424 08e8 | 10f3 4007 | 4889 1424 | 4889 4424 | 08e8 02f3 | 4007 4889 
  0x000002c283803ba0: 1424 4889 | 4424 08e8 | f4f2 4007 | 488b d2e8 | cc04 4107 | e9f2 adff | ffe8 e2fb | 4007 49ba 
  0x000002c283803bc0: 789e c0a2 | c202 0000 | 4c89 5424 | 0848 c704 | 24ff ffff | ffe8 a658 | 4107 e911 | aeff ff49 
  0x000002c283803be0: ba10 0500 | a2c2 0200 | 004c 8954 | 2408 48c7 | 0424 ffff | ffff e885 | 5841 07e9 | 2dae ffff 
  0x000002c283803c00: e89b fb40 | 07e8 96fb | 4007 49ba | 88bd c0a2 | c202 0000 | 4c89 5424 | 0848 c704 | 24ff ffff 
  0x000002c283803c20: ffe8 5a58 | 4107 e9b8 | aeff ff48 | 8bd2 e84d | 0441 07e9 | 3caf ffff | e863 fb40 | 0749 ba78 
  0x000002c283803c40: 9ec0 a2c2 | 0200 004c | 8954 2408 | 48c7 0424 | ffff ffff | e827 5841 | 07e9 63af | ffff 49ba 
  0x000002c283803c60: 1005 00a2 | c202 0000 | 4c89 5424 | 0848 c704 | 24ff ffff | ffe8 0658 | 4107 e97f | afff ffe8 
  0x000002c283803c80: 1cfb 4007 | 49ba 88bd | c0a2 c202 | 0000 4c89 | 5424 0848 | c704 24ff | ffff ffe8 | e057 4107 
  0x000002c283803ca0: e91a b0ff | ff48 8bd2 | e8d3 0341 | 07e9 85b0 | ffff 49ba | 109c c0a2 | c202 0000 | 4c89 5424 
  0x000002c283803cc0: 0848 c704 | 24ff ffff | ffe8 b257 | 4107 e9a3 | b0ff ff49 | ba10 0500 | a2c2 0200 | 004c 8954 
  0x000002c283803ce0: 2408 48c7 | 0424 ffff | ffff e891 | 5741 07e9 | c1b0 ffff | e8a7 fa40 | 07e8 a2fa | 4007 49ba 
  0x000002c283803d00: 0820 c1a2 | c202 0000 | 4c89 5424 | 0848 c704 | 24ff ffff | ffe8 6657 | 4107 e928 | b1ff ff4c 
  0x000002c283803d20: 8904 2448 | 8974 2408 | e873 f140 | 07e8 6efa | 4007 49ba | e0c0 c0a2 | c202 0000 | 4c89 5424 
  0x000002c283803d40: 0848 c704 | 24ff ffff | ffe8 3257 | 4107 e999 | b1ff ff4c | 8904 2448 | 8944 2408 | e83f f140 
  0x000002c283803d60: 07e8 3afa | 4007 49ba | e0c0 c0a2 | c202 0000 | 4c89 5424 | 0848 c704 | 24ff ffff | ffe8 fe56 
  0x000002c283803d80: 4107 e90d | b2ff ff4c | 8904 2448 | 8944 2408 | e80b f140 | 07e8 06fa | 4007 49ba | e0c0 c0a2 
  0x000002c283803da0: c202 0000 | 4c89 5424 | 0848 c704 | 24ff ffff | ffe8 ca56 | 4107 e981 | b2ff ff49 | ba48 1ecd 
  0x000002c283803dc0: a2c2 0200 | 004c 8954 | 2408 48c7 | 0424 7003 | 0000 e8a9 | 5641 07e9 | e9b2 ffff | 4c89 0c24 
  0x000002c283803de0: 4889 4424 | 08e8 b6f0 | 4007 e8b1 | f940 0748 | 8914 244c | 895c 2408 | e8a3 f040 | 0748 8bd2 
  0x000002c283803e00: e87b 0241 | 07e9 bcb3 | ffff 49ba | 109c c0a2 | c202 0000 | 4c89 5424 | 0848 c704 | 24ff ffff 
  0x000002c283803e20: ffe8 5a56 | 4107 e9d8 | b3ff ff49 | ba10 0500 | a2c2 0200 | 004c 8954 | 2408 48c7 | 0424 ffff 
  0x000002c283803e40: ffff e839 | 5641 07e9 | f4b3 ffff | e84f f940 | 07e8 4af9 | 4007 49ba | 481e cda2 | c202 0000 
  0x000002c283803e60: 4c89 5424 | 0848 c704 | 24aa 0300 | 00e8 0e56 | 4107 e9b7 | b4ff ffe8 | 0408 4107 | e9e2 b5ff 
  0x000002c283803e80: ff48 8934 | 2448 895c | 2408 e811 | f040 07e8 | 0cf9 4007 | e807 f940 | 0748 893c | 2448 8944 
  0x000002c283803ea0: 2408 e8f9 | ef40 0748 | 893c 2448 | 8944 2408 | e8eb ef40 | 0748 893c | 2448 8944 | 2408 e8dd 
  0x000002c283803ec0: ef40 07e8 | d8f8 4007 | 4889 3c24 | 4889 4424 | 08e8 caef | 4007 4889 | 3c24 4889 | 4424 08e8 
  0x000002c283803ee0: bcef 4007 | e8b7 f840 | 0748 893c | 2448 8944 | 2408 e8a9 | ef40 0748 | 893c 2448 | 8944 2408 
  0x000002c283803f00: e89b ef40 | 0748 893c | 2448 8944 | 2408 e88d | ef40 07e8 | 88f8 4007 | 49ba 0820 | c1a2 c202 
  0x000002c283803f20: 0000 4c89 | 5424 0848 | c704 24ff | ffff ffe8 | 4c55 4107 | e9b5 b6ff | ffe8 62f8 | 4007 4889 
  0x000002c283803f40: 3c24 4889 | 4424 08e8 | 54ef 4007 | 4889 3c24 | 4889 4424 | 08e8 46ef | 4007 4889 | 3c24 4889 
  0x000002c283803f60: 4424 08e8 | 38ef 4007 | 49ba 481e | cda2 c202 | 0000 4c89 | 5424 0848 | c704 2490 | 0400 00e8 
  0x000002c283803f80: fc54 4107 | e971 b7ff | ffe8 f206 | 4107 e9a3 | b8ff ffe8 | e806 4107 | e939 b9ff | ffe8 de06 
  0x000002c283803fa0: 4107 e9d8 | b9ff ffe8 | d406 4107 | e96a baff | ffe8 ca06 | 4107 e9f8 | baff ff48 | 8914 2448 
  0x000002c283803fc0: 8944 2408 | e8d7 ee40 | 07e8 d2f7 | 4007 e8cd | f740 0748 | 890c 244c | 895c 2408 | e8bf ee40 
  0x000002c283803fe0: 074c 890c | 244c 895c | 2408 e8b1 | ee40 0748 | 893c 244c | 895c 2408 | e8a3 ee40 | 07e8 9ef7 
  0x000002c283804000: 4007 4889 | 0c24 4c89 | 6c24 08e8 | 90ee 4007 | 4c89 0c24 | 4c89 6c24 | 08e8 82ee | 4007 4889 
  0x000002c283804020: 3c24 4c89 | 6c24 08e8 | 74ee 4007 | e86f f740 | 074c 891c | 244c 8974 | 2408 e861 | ee40 074c 
  0x000002c283804040: 891c 244c | 8974 2408 | e853 ee40 | 0748 8914 | 244c 8944 | 2408 e845 | ee40 07e8 | 40f7 4007 
  0x000002c283804060: 4889 0c24 | 4889 5c24 | 08e8 32ee | 4007 4c89 | 0c24 4889 | 5c24 08e8 | 24ee 4007 | 4889 3c24 
  0x000002c283804080: 4889 5c24 | 08e8 16ee | 4007 49ba | 481e cda2 | c202 0000 | 4c89 5424 | 0848 c704 | 2498 0500 
  0x000002c2838040a0: 00e8 da53 | 4107 e948 | bcff ff48 | 8bd2 e8cd | ff40 07e9 | e9bc ffff | 49ba c86c | cda2 c202 
  0x000002c2838040c0: 0000 4c89 | 5424 0848 | c704 24ff | ffff ffe8 | ac53 4107 | e905 bdff | ff49 ba10 | 0500 a2c2 
  0x000002c2838040e0: 0200 004c | 8954 2408 | 48c7 0424 | ffff ffff | e88b 5341 | 07e9 21bd | ffff 8b70 | 1448 c1e6 
  0x000002c283804100: 0348 83fe | 000f 841e | bdff ff48 | 8934 24e8 | 6c59 4107 | e910 bdff | ff49 83fb | 000f 8425 
  0x000002c283804120: bdff ff48 | 8904 24e8 | 545c 4107 | e917 bdff | ff8b 7018 | 48c1 e603 | 4883 fe00 | 0f84 14bd 
  0x000002c283804140: ffff 4889 | 3424 e835 | 5941 07e9 | 06bd ffff | 4983 fd00 | 0f84 1bbd | ffff 4889 | 0424 e81d 
  0x000002c283804160: 5c41 07e9 | 0dbd ffff | 8b70 1c48 | c1e6 0348 | 83fe 000f | 840a bdff | ff48 8934 | 24e8 fe58 
  0x000002c283804180: 4107 e9fc | bcff ff49 | 83fe 000f | 8411 bdff | ff48 8904 | 24e8 e65b | 4107 e903 | bdff ff8b 
  0x000002c2838041a0: 7020 48c1 | e603 4883 | fe00 0f84 | 00bd ffff | 4889 3424 | e8c7 5841 | 07e9 f2bc | ffff 4983 
  0x000002c2838041c0: f800 0f84 | 07bd ffff | 4889 0424 | e8af 5b41 | 07e9 f9bc | ffff 8b70 | 2448 c1e6 | 0348 83fe 
  0x000002c2838041e0: 000f 84f6 | bcff ff48 | 8934 24e8 | 9058 4107 | e9e8 bcff | ff48 83fb | 000f 84fd | bcff ff48 
  0x000002c283804200: 8904 24e8 | 785b 4107 | e9ef bcff | ff8b 7028 | 48c1 e603 | 4883 fe00 | 0f84 ecbc | ffff 4889 
  0x000002c283804220: 3424 e859 | 5841 07e9 | debc ffff | 4983 f900 | 0f84 f3bc | ffff 4889 | 0424 e841 | 5b41 07e9 
  0x000002c283804240: e5bc ffff | 49ba d88d | 8ba2 c202 | 0000 4c89 | 5424 0848 | c704 24ff | ffff ffe8 | 2052 4107 
  0x000002c283804260: e93d bdff | ff49 ba68 | 898b a2c2 | 0200 004c | 8954 2408 | 48c7 0424 | ffff ffff | e8ff 5141 
  0x000002c283804280: 07e9 78bd | ffff 49ba | b0b9 86a2 | c202 0000 | 4c89 5424 | 0848 c704 | 24ff ffff | ffe8 de51 
  0x000002c2838042a0: 4107 e9b7 | bdff ff49 | ba38 b586 | a2c2 0200 | 004c 8954 | 2408 48c7 | 0424 ffff | ffff e8bd 
  0x000002c2838042c0: 5141 07e9 | f3bd ffff | 49ba c07c | 20a2 c202 | 0000 4c89 | 5424 0848 | c704 24ff | ffff ffe8 
  0x000002c2838042e0: 9c51 4107 | e93f beff | ff48 8bd2 | e88f fd40 | 07e9 92be | ffff 49ba | 4058 23a2 | c202 0000 
  0x000002c283804300: 4c89 5424 | 0848 c704 | 24ff ffff | ffe8 6e51 | 4107 e9d9 | beff ffe8 | 84f4 4007 | e87f f440 
  0x000002c283804320: 0749 bae8 | 7c56 a2c2 | 0200 004c | 8954 2408 | 48c7 0424 | ffff ffff | e843 5141 | 07e9 d7bf 
  0x000002c283804340: ffff e859 | f440 0749 | bad0 8656 | a2c2 0200 | 004c 8954 | 2408 48c7 | 0424 ffff | ffff e81d 
  0x000002c283804360: 5141 07e9 | b9c0 ffff | 49ba b06d | 10a2 c202 | 0000 4c89 | 5424 0848 | c704 24ff | ffff ffe8 
  0x000002c283804380: fc50 4107 | e9da c0ff | ff49 ba18 | c186 a2c2 | 0200 004c | 8954 2408 | 48c7 0424 | ffff ffff 
  0x000002c2838043a0: e8db 5041 | 07e9 0cc1 | ffff 49ba | a85c 86a2 | c202 0000 | 4c89 5424 | 0848 c704 | 24ff ffff 
  0x000002c2838043c0: ffe8 ba50 | 4107 e993 | c1ff ff49 | baa8 5c86 | a2c2 0200 | 004c 8954 | 2408 48c7 | 0424 ffff 
  0x000002c2838043e0: ffff e899 | 5041 07e9 | 0ac2 ffff | 49ba a85c | 86a2 c202 | 0000 4c89 | 5424 0848 | c704 24ff 
  0x000002c283804400: ffff ffe8 | 7850 4107 | e981 c2ff | ff49 baa8 | 5c86 a2c2 | 0200 004c | 8954 2408 | 48c7 0424 
  0x000002c283804420: ffff ffff | e857 5041 | 07e9 f8c2 | ffff 49ba | 6889 8ba2 | c202 0000 | 4c89 5424 | 0848 c704 
  0x000002c283804440: 24ff ffff | ffe8 3650 | 4107 e92f | c3ff ff48 | 8bd2 e829 | fc40 07e9 | bbc3 ffff | 49ba 4089 
  0x000002c283804460: cda2 c202 | 0000 4c89 | 5424 0848 | c704 24ff | ffff ffe8 | 0850 4107 | e9e4 c3ff | ff49 ba10 
  0x000002c283804480: 0500 a2c2 | 0200 004c | 8954 2408 | 48c7 0424 | ffff ffff | e8e7 4f41 | 07e9 05c4 | ffff 448b 
  0x000002c2838044a0: 4018 49c1 | e003 4983 | f800 0f84 | 28c4 ffff | 4c89 0424 | e8c7 5541 | 07e9 1ac4 | ffff 4983 
  0x000002c2838044c0: f800 0f84 | 37c4 ffff | 4889 0424 | e8af 5841 | 07e9 29c4 | ffff e8c5 | f240 07e8 | a004 4107 
  0x000002c2838044e0: e9a0 c5ff | ffe8 b6f2 | 4007 4889 | 1424 e8ad | 1341 078b | 3e48 c1e7 | 0348 83ff | 000f 84b7 
  0x000002c283804500: c6ff ff48 | 893c 24e8 | 7455 4107 | e9a9 c6ff | ff48 83fa | 000f 84bd | c6ff ff48 | 8934 24e8 
  0x000002c283804520: 5c58 4107 | e9af c6ff | ff49 bab8 | a311 a2c2 | 0200 004c | 8954 2408 | 48c7 0424 | ffff ffff 
  0x000002c283804540: e83b 4f41 | 07e9 e8c6 | ffff 488b | d2e8 2efb | 4007 e92e | c7ff ff49 | ba40 a711 | a2c2 0200 
  0x000002c283804560: 004c 8954 | 2408 48c7 | 0424 ffff | ffff e80d | 4f41 07e9 | 4ac7 ffff | 49ba a88f | 11a2 c202 
  0x000002c283804580: 0000 4c89 | 5424 0848 | c704 24ff | ffff ffe8 | ec4e 4107 | e966 c7ff | ff49 ba10 | 0500 a2c2 
  0x000002c2838045a0: 0200 004c | 8954 2408 | 48c7 0424 | ffff ffff | e8cb 4e41 | 07e9 82c7 | ffff e8e1 | f140 0748 
  0x000002c2838045c0: 8904 24e8 | d812 4107 | 8b32 48c1 | e603 4883 | fe00 0f84 | 96c8 ffff | 4889 3424 | e89f 5441 
  0x000002c2838045e0: 07e9 88c8 | ffff 4883 | f800 0f84 | 9cc8 ffff | 4889 1424 | e887 5741 | 07e9 8ec8 | ffff 49ba 
  0x000002c283804600: b8a3 11a2 | c202 0000 | 4c89 5424 | 0848 c704 | 24ff ffff | ffe8 664e | 4107 e9c7 | c8ff ff48 
  0x000002c283804620: 8bd2 e859 | fa40 07e9 | 0ac9 ffff | 49ba 40a7 | 11a2 c202 | 0000 4c89 | 5424 0848 | c704 24ff 
  0x000002c283804640: ffff ffe8 | 384e 4107 | e926 c9ff | ff49 baa8 | 8f11 a2c2 | 0200 004c | 8954 2408 | 48c7 0424 
  0x000002c283804660: ffff ffff | e817 4e41 | 07e9 42c9 | ffff 49ba | 1005 00a2 | c202 0000 | 4c89 5424 | 0848 c704 
  0x000002c283804680: 24ff ffff | ffe8 f64d | 4107 e95e | c9ff ffe8 | 0cf1 4007 | 4889 0424 | e803 1241 | 078b 3248 
  0x000002c2838046a0: c1e6 0348 | 83fe 000f | 8472 caff | ff48 8934 | 24e8 ca53 | 4107 e964 | caff ff48 | 83f8 000f 
  0x000002c2838046c0: 8478 caff | ff48 8914 | 24e8 b256 | 4107 e96a | caff ff49 | bab8 a311 | a2c2 0200 | 004c 8954 
  0x000002c2838046e0: 2408 48c7 | 0424 ffff | ffff e891 | 4d41 07e9 | a3ca ffff | 488b d2e8 | 84f9 4007 | e9e6 caff 
  0x000002c283804700: ff49 ba40 | a711 a2c2 | 0200 004c | 8954 2408 | 48c7 0424 | ffff ffff | e863 4d41 | 07e9 02cb 
  0x000002c283804720: ffff 49ba | a88f 11a2 | c202 0000 | 4c89 5424 | 0848 c704 | 24ff ffff | ffe8 424d | 4107 e91e 
  0x000002c283804740: cbff ff49 | ba10 0500 | a2c2 0200 | 004c 8954 | 2408 48c7 | 0424 ffff | ffff e821 | 4d41 07e9 
  0x000002c283804760: 3acb ffff | e837 f040 | 0748 8904 | 24e8 2e11 | 4107 8b32 | 48c1 e603 | 4883 fe00 | 0f84 4ecc 
  0x000002c283804780: ffff 4889 | 3424 e8f5 | 5241 07e9 | 40cc ffff | 4883 f800 | 0f84 54cc | ffff 4889 | 1424 e8dd 
  0x000002c2838047a0: 5541 07e9 | 46cc ffff | 49ba b8a3 | 11a2 c202 | 0000 4c89 | 5424 0848 | c704 24ff | ffff ffe8 
  0x000002c2838047c0: bc4c 4107 | e97f ccff | ff48 8bd2 | e8af f840 | 07e9 c2cc | ffff 49ba | 40a7 11a2 | c202 0000 
  0x000002c2838047e0: 4c89 5424 | 0848 c704 | 24ff ffff | ffe8 8e4c | 4107 e9de | ccff ff49 | baa8 8f11 | a2c2 0200 
  0x000002c283804800: 004c 8954 | 2408 48c7 | 0424 ffff | ffff e86d | 4c41 07e9 | facc ffff | 49ba 1005 | 00a2 c202 
  0x000002c283804820: 0000 4c89 | 5424 0848 | c704 24ff | ffff ffe8 | 4c4c 4107 | e916 cdff | ffe8 62ef | 4007 4889 
  0x000002c283804840: 0424 e859 | 1041 078b | 3248 c1e6 | 0348 83fe | 000f 842a | ceff ff48 | 8934 24e8 | 2052 4107 
  0x000002c283804860: e91c ceff | ff48 83f8 | 000f 8430 | ceff ff48 | 8914 24e8 | 0855 4107 | e922 ceff | ff49 bab8 
  0x000002c283804880: a311 a2c2 | 0200 004c | 8954 2408 | 48c7 0424 | ffff ffff | e8e7 4b41 | 07e9 5bce | ffff 488b 
  0x000002c2838048a0: d2e8 daf7 | 4007 e99e | ceff ff49 | ba40 a711 | a2c2 0200 | 004c 8954 | 2408 48c7 | 0424 ffff 
  0x000002c2838048c0: ffff e8b9 | 4b41 07e9 | bace ffff | 49ba a88f | 11a2 c202 | 0000 4c89 | 5424 0848 | c704 24ff 
  0x000002c2838048e0: ffff ffe8 | 984b 4107 | e9d6 ceff | ff49 ba10 | 0500 a2c2 | 0200 004c | 8954 2408 | 48c7 0424 
  0x000002c283804900: ffff ffff | e877 4b41 | 07e9 f2ce | ffff e88d | ee40 0748 | 8904 24e8 | 840f 4107 | 8b32 48c1 
  0x000002c283804920: e603 4883 | fe00 0f84 | 06d0 ffff | 4889 3424 | e84b 5141 | 07e9 f8cf | ffff 4883 | f800 0f84 
  0x000002c283804940: 0cd0 ffff | 4889 1424 | e833 5441 | 07e9 fecf | ffff 49ba | b8a3 11a2 | c202 0000 | 4c89 5424 
  0x000002c283804960: 0848 c704 | 24ff ffff | ffe8 124b | 4107 e937 | d0ff ff48 | 8bd2 e805 | f740 07e9 | 7ad0 ffff 
  0x000002c283804980: 49ba 40a7 | 11a2 c202 | 0000 4c89 | 5424 0848 | c704 24ff | ffff ffe8 | e44a 4107 | e996 d0ff 
  0x000002c2838049a0: ff49 baa8 | 8f11 a2c2 | 0200 004c | 8954 2408 | 48c7 0424 | ffff ffff | e8c3 4a41 | 07e9 b2d0 
  0x000002c2838049c0: ffff 49ba | 1005 00a2 | c202 0000 | 4c89 5424 | 0848 c704 | 24ff ffff | ffe8 a24a | 4107 e9ce 
  0x000002c2838049e0: d0ff ffe8 | b8ed 4007 | 4889 0424 | e8af 0e41 | 078b 3248 | c1e6 0348 | 83fe 000f | 84e2 d1ff 
  0x000002c283804a00: ff48 8934 | 24e8 7650 | 4107 e9d4 | d1ff ff48 | 83f8 000f | 84e8 d1ff | ff48 8914 | 24e8 5e53 
  0x000002c283804a20: 4107 e9da | d1ff ff49 | bab8 a311 | a2c2 0200 | 004c 8954 | 2408 48c7 | 0424 ffff | ffff e83d 
  0x000002c283804a40: 4a41 07e9 | 0bd2 ffff | 488b d2e8 | 30f6 4007 | e94e d2ff | ff49 ba40 | a711 a2c2 | 0200 004c 
  0x000002c283804a60: 8954 2408 | 48c7 0424 | ffff ffff | e80f 4a41 | 07e9 6ad2 | ffff 49ba | a88f 11a2 | c202 0000 
  0x000002c283804a80: 4c89 5424 | 0848 c704 | 24ff ffff | ffe8 ee49 | 4107 e986 | d2ff ff49 | ba10 0500 | a2c2 0200 
  0x000002c283804aa0: 004c 8954 | 2408 48c7 | 0424 ffff | ffff e8cd | 4941 07e9 | a2d2 ffff | e8e3 ec40 | 0748 8904 
  0x000002c283804ac0: 24e8 da0d | 4107 8b32 | 48c1 e603 | 4883 fe00 | 0f84 b6d3 | ffff 4889 | 3424 e8a1 | 4f41 07e9 
  0x000002c283804ae0: a8d3 ffff | 4883 f800 | 0f84 bcd3 | ffff 4889 | 1424 e889 | 5241 07e9 | aed3 ffff | 49ba 90df 
  0x000002c283804b00: 00a2 c202 | 0000 4c89 | 5424 0848 | c704 24ff | ffff ffe8 | 6849 4107 | e9c7 d3ff | ff48 8bd2 
  0x000002c283804b20: e85b f540 | 07e9 0ed4 | ffff 49ba | b0d1 79a2 | c202 0000 | 4c89 5424 | 0848 c704 | 24ff ffff 
  0x000002c283804b40: ffe8 3a49 | 4107 e92a | d4ff ff48 | 8bd2 e82d | f540 07e9 | acd4 ffff | 49ba d850 | 0ba2 c202 
  0x000002c283804b60: 0000 4c89 | 5424 0848 | c704 24ff | ffff ffe8 | 0c49 4107 | e9ca d4ff | ff49 ba18 | d079 a2c2 
  0x000002c283804b80: 0200 004c | 8954 2408 | 48c7 0424 | ffff ffff | e8eb 4841 | 07e9 21d5 | ffff 49ba | 1005 00a2 
  0x000002c283804ba0: c202 0000 | 4c89 5424 | 0848 c704 | 24ff ffff | ffe8 ca48 | 4107 e947 | d5ff ff44 | 8b40 1049 
  0x000002c283804bc0: c1e0 0349 | 83f8 000f | 8457 d5ff | ff4c 8904 | 24e8 aa4e | 4107 e949 | d5ff ff49 | 83f8 000f 
  0x000002c283804be0: 8466 d5ff | ff48 8904 | 24e8 9251 | 4107 e958 | d5ff ff44 | 8b40 1449 | c1e0 0349 | 83f8 000f 
  0x000002c283804c00: 8455 d5ff | ff4c 8904 | 24e8 724e | 4107 e947 | d5ff ff49 | 83f8 000f | 8464 d5ff | ff48 8904 
  0x000002c283804c20: 24e8 5a51 | 4107 e956 | d5ff ff49 | ba70 e579 | a2c2 0200 | 004c 8954 | 2408 48c7 | 0424 ffff 
  0x000002c283804c40: ffff e839 | 4841 07e9 | 74d5 ffff | e84f eb40 | 0749 ba70 | e179 a2c2 | 0200 004c | 8954 2408 
  0x000002c283804c60: 48c7 0424 | ffff ffff | e813 4841 | 07e9 c2d5 | ffff 49ba | 10e4 79a2 | c202 0000 | 4c89 5424 
  0x000002c283804c80: 0848 c704 | 24ff ffff | ffe8 f247 | 4107 e9de | d5ff ffe8 | 08eb 4007 | e803 eb40 | 0749 ba1c 
  0x000002c283804ca0: 2480 83c2 | 0200 004d | 8997 5803 | 0000 e94d | 2d37 07e8 | e8ea 4007 | 4889 0424 | e8df 0e41 
  0x000002c283804cc0: 0749 baea | 2580 83c2 | 0200 004d | 8997 5803 | 0000 e929 | 2d37 07e8 | c4ea 4007 | e8bf ea40 
  0x000002c283804ce0: 07e8 baea | 4007 49ba | 607a 54a2 | c202 0000 | 4c89 5424 | 0848 c704 | 24ff ffff | ffe8 7e47 
  0x000002c283804d00: 4107 e953 | dbff ffe8 | 94ea 4007 | e88f ea40 | 07e8 8aea | 4007 e885 | ea40 0748 | ba00 0000 
  0x000002c283804d20: 0000 0000 | 00b8 000f | 050a e8d1 | 3641 07e9 | 94dc ffff | 488b d2e8 | 44f3 4007 | e9e7 dcff 
  0x000002c283804d40: ff48 8bd2 | e837 f340 | 07e9 32dd | ffff 49ba | 6852 0ba2 | c202 0000 | 4c89 5424 | 0848 c704 
  0x000002c283804d60: 24ff ffff | ffe8 1647 | 4107 e950 | ddff ffe8 | 2cea 4007 | 49ba 28ff | 25a2 c202 | 0000 4c89 
  0x000002c283804d80: 5424 0848 | c704 24ff | ffff ffe8 | f046 4107 | e9b8 ddff | ff49 ba40 | 550b a2c2 | 0200 004c 
  0x000002c283804da0: 8954 2408 | 48c7 0424 | ffff ffff | e8cf 4641 | 07e9 12de | ffff 49ba | c86d 0ba2 | c202 0000 
  0x000002c283804dc0: 4c89 5424 | 0848 c704 | 24ff ffff | ffe8 ae46 | 4107 e964 | deff ff49 | ba18 2d0b | a2c2 0200 
  0x000002c283804de0: 004c 8954 | 2408 48c7 | 0424 ffff | ffff e88d | 4641 07e9 | 8ade ffff | 48ba 0000 | 0000 0000 
  0x000002c283804e00: 0000 b800 | 0f05 0ae8 | f435 4107 | e9d7 dfff | ff48 8bd2 | e867 ef40 | 07e9 d9df | ffff 48bf 
  0x000002c283804e20: 0000 0000 | 0000 0000 | 48ff b424 | 0801 0000 | 488f 8424 | 3004 0000 | e97d daff | ff48 bf00 
  0x000002c283804e40: 0000 0000 | 0000 0048 | ffb4 2408 | 0100 0048 | 8f84 2430 | 0400 00e9 | 5eda ffff | 48bf 0000 
  0x000002c283804e60: 0000 0000 | 0000 48ff | b424 0801 | 0000 488f | 8424 3004 | 0000 e93f | daff ff48 | ffb4 2440 
  0x000002c283804e80: 0100 0048 | 8f84 2410 | 0400 0048 | bf00 0000 | 0000 0000 | 0048 ffb4 | 2408 0100 | 0048 8f84 
  0x000002c283804ea0: 2418 0400 | 00e9 b5d7 | ffff 488b | 9c24 6001 | 0000 48ff | b424 9001 | 0000 488f | 8424 0004 
  0x000002c283804ec0: 0000 48ff | b424 c001 | 0000 488f | 8424 f803 | 0000 e992 | d4ff ff48 | 8b9c 2450 | 0200 0048 
  0x000002c283804ee0: ffb4 2478 | 0200 0048 | 8f84 2400 | 0400 0048 | ffb4 24d0 | 0100 0048 | 8f84 24f8 | 0300 00e9 
  0x000002c283804f00: 65d4 ffff | 488b 9c24 | 5002 0000 | 48ff b424 | 7802 0000 | 488f 8424 | 0004 0000 | 48ff b424 
  0x000002c283804f20: d001 0000 | 488f 8424 | f803 0000 | e938 d4ff | ff48 8b9c | 2450 0200 | 0048 ffb4 | 2478 0200 
  0x000002c283804f40: 0048 8f84 | 2400 0400 | 0048 ffb4 | 24d0 0100 | 0048 8f84 | 24f8 0300 | 00e9 0bd4 | ffff 488b 
  0x000002c283804f60: 9c24 5002 | 0000 48ff | b424 7802 | 0000 488f | 8424 0004 | 0000 48ff | b424 d001 | 0000 488f 
  0x000002c283804f80: 8424 f803 | 0000 e9de | d3ff ff48 | 8b9c 2450 | 0200 0048 | ffb4 2478 | 0200 0048 | 8f84 2400 
  0x000002c283804fa0: 0400 0048 | ffb4 24d0 | 0100 0048 | 8f84 24f8 | 0300 00e9 | b1d3 ffff | 488b 9c24 | 5002 0000 
  0x000002c283804fc0: 48ff b424 | 7802 0000 | 488f 8424 | 0004 0000 | 48ff b424 | d001 0000 | 488f 8424 | f803 0000 
  0x000002c283804fe0: e984 d3ff | ff48 8b9c | 2450 0200 | 0048 ffb4 | 2478 0200 | 0048 8f84 | 2400 0400 | 0048 ffb4 
  0x000002c283805000: 24d0 0100 | 0048 8f84 | 24f8 0300 | 00e9 57d3 | ffff 488b | 9c24 5002 | 0000 48ff | b424 7802 
  0x000002c283805020: 0000 488f | 8424 0004 | 0000 48ff | b424 d001 | 0000 488f | 8424 f803 | 0000 e92a | d3ff ff48 
  0x000002c283805040: 8b9c 2450 | 0200 0048 | ffb4 2478 | 0200 0048 | 8f84 2400 | 0400 0048 | ffb4 24d0 | 0100 0048 
  0x000002c283805060: 8f84 24f8 | 0300 00e9 | fdd2 ffff | 488b 9c24 | 5002 0000 | 48ff b424 | 7802 0000 | 488f 8424 
  0x000002c283805080: 0004 0000 | 48ff b424 | d001 0000 | 488f 8424 | f803 0000 | e9d0 d2ff | ff48 8b9c | 2450 0200 
  0x000002c2838050a0: 0048 ffb4 | 2478 0200 | 0048 8f84 | 2400 0400 | 0048 ffb4 | 24d0 0100 | 0048 8f84 | 24f8 0300 
  0x000002c2838050c0: 00e9 a3d2 | ffff 488b | 9c24 5002 | 0000 48ff | b424 7802 | 0000 488f | 8424 0004 | 0000 48ff 
  0x000002c2838050e0: b424 d001 | 0000 488f | 8424 f803 | 0000 e976 | d2ff ff48 | 8b9c 2450 | 0200 0048 | ffb4 2478 
  0x000002c283805100: 0200 0048 | 8f84 2400 | 0400 0048 | ffb4 24d0 | 0100 0048 | 8f84 24f8 | 0300 00e9 | 49d2 ffff 
  0x000002c283805120: 488b 9c24 | 5002 0000 | 48ff b424 | 7802 0000 | 488f 8424 | 0004 0000 | 48ff b424 | d001 0000 
  0x000002c283805140: 488f 8424 | f803 0000 | e91c d2ff | ff48 ffb4 | 2490 0100 | 0048 8f84 | 2410 0400 | 0048 8bbc 
  0x000002c283805160: 2480 0100 | 0048 ffb4 | 24c0 0100 | 0048 8f84 | 2418 0400 | 00e9 e5d4 | ffff 488b | bc24 8001 
  0x000002c283805180: 0000 48ff | b424 c001 | 0000 488f | 8424 3004 | 0000 e923 | d7ff ff48 | ffb4 2400 | 0400 0048 
  0x000002c2838051a0: 8f84 2410 | 0400 0048 | 8bbc 24f0 | 0300 0048 | ffb4 24f8 | 0300 0048 | 8f84 2418 | 0400 00e9 
  0x000002c2838051c0: 9bd4 ffff | 4889 b424 | 1004 0000 | 4889 bc24 | 1804 0000 | 498b f8e9 | 83d4 ffff | 488b bc24 
  0x000002c2838051e0: 0804 0000 | 48ff b424 | 1804 0000 | 488f 8424 | 3004 0000 | e9c1 d6ff | ff48 8bbc | 2420 0400 
  0x000002c283805200: 0048 ffb4 | 2418 0400 | 0048 8f84 | 2430 0400 | 00e9 a4d6 | ffff 498b | f848 89b4 | 2430 0400 
  0x000002c283805220: 00e9 94d6 | ffff 48bf | 0000 0000 | 0000 0000 | 48ff b424 | 0801 0000 | 488f 8424 | 3004 0000 
  0x000002c283805240: e975 d6ff | ff48 bf00 | 0000 0000 | 0000 0048 | ffb4 2408 | 0100 0048 | 8f84 2430 | 0400 00e9 
  0x000002c283805260: 56d6 ffff | 4889 9c24 | 1004 0000 | 48bf 0000 | 0000 0000 | 0000 48ff | b424 0801 | 0000 488f 
  0x000002c283805280: 8424 1804 | 0000 e9d4 | d3ff ff48 | 8bd8 48ff | b424 9001 | 0000 488f | 8424 0004 | 0000 48ff 
  0x000002c2838052a0: b424 c001 | 0000 488f | 8424 f803 | 0000 e9b6 | d0ff ff48 | 8b9c 2450 | 0200 004c | 89b4 2400 
  0x000002c2838052c0: 0400 0048 | ffb4 24d0 | 0100 0048 | 8f84 24f8 | 0300 00e9 | 91d0 ffff | 488b 9c24 | 5002 0000 
  0x000002c2838052e0: 48ff b424 | 7802 0000 | 488f 8424 | 0004 0000 | 48ff b424 | d001 0000 | 488f 8424 | f803 0000 
  0x000002c283805300: e964 d0ff | ff48 8b9c | 2450 0200 | 0048 ffb4 | 2478 0200 | 0048 8f84 | 2400 0400 | 0048 ffb4 
  0x000002c283805320: 24d0 0100 | 0048 8f84 | 24f8 0300 | 00e9 37d0 | ffff 488b | 9c24 5002 | 0000 48ff | b424 7802 
  0x000002c283805340: 0000 488f | 8424 0004 | 0000 48ff | b424 d001 | 0000 488f | 8424 f803 | 0000 e90a | d0ff ff48 
  0x000002c283805360: 8b9c 2450 | 0200 0048 | ffb4 2478 | 0200 0048 | 8f84 2400 | 0400 0048 | ffb4 24d0 | 0100 0048 
  0x000002c283805380: 8f84 24f8 | 0300 00e9 | ddcf ffff | 488b 9c24 | 5002 0000 | 48ff b424 | 7802 0000 | 488f 8424 
  0x000002c2838053a0: 0004 0000 | 48ff b424 | d001 0000 | 488f 8424 | f803 0000 | e9b0 cfff | ff48 8bbc | 2480 0100 
  0x000002c2838053c0: 0048 ffb4 | 24c0 0100 | 0048 8f84 | 2430 0400 | 00e9 e4d4 | ffff 488b | bc24 8001 | 0000 48ff 
  0x000002c2838053e0: b424 c001 | 0000 488f | 8424 3004 | 0000 e9c7 | d4ff ff48 | ffb4 2400 | 0400 0048 | 8f84 2410 
  0x000002c283805400: 0400 0048 | 8bbc 24f0 | 0300 0048 | ffb4 24f8 | 0300 0048 | 8f84 2418 | 0400 00e9 | 3fd2 ffff 
  0x000002c283805420: 48ff b424 | 1804 0000 | 488f 8424 | 3004 0000 | e985 d4ff | ff48 8bbc | 2420 0400 | 0048 ffb4 
  0x000002c283805440: 2418 0400 | 0048 8f84 | 2430 0400 | 00e9 68d4 | ffff 488b | bc24 2004 | 0000 48ff | b424 1804 
  0x000002c283805460: 0000 488f | 8424 3004 | 0000 e94b | d4ff ff49 | 8bf8 4889 | b424 3004 | 0000 e93b | d4ff ff90 
  0x000002c283805480: 9049 8b87 | d003 0000 | 49c7 87d0 | 0300 0000 | 0000 0049 | c787 d803 | 0000 0000 | 0000 4881 
  0x000002c2838054a0: c480 0400 | 005d e955 | 0338 07f4 | f4f4 f4f4 | f4f4 f4f4 | f4f4 f4f4 | f4f4 f4f4 | f4f4 f4f4 
  0x000002c2838054c0: 0f1f 4400 | 0048 bb00 | 0000 0000 | 0000 00e9 | fbff ffff | 9048 bb00 | 0000 0000 | 0000 00e9 
  0x000002c2838054e0: fbff ffff | 9048 bb00 | 0000 0000 | 0000 00e9 | fbff ffff | 9048 bb00 | 0000 0000 | 0000 00e9 
  0x000002c283805500: fbff ffff | 9048 bb00 | 0000 0000 | 0000 00e9 | fbff ffff | 9048 bb00 | 0000 0000 | 0000 00e9 
  0x000002c283805520: fbff ffff | 9048 bb00 | 0000 0000 | 0000 00e9 | fbff ffff | 9048 bb00 | 0000 0000 | 0000 00e9 
  0x000002c283805540: fbff ffff | 9048 bb00 | 0000 0000 | 0000 00e9 | fbff ffff | 9048 bb00 | 0000 0000 | 0000 00e9 
  0x000002c283805560: fbff ffff | 9048 bb00 | 0000 0000 | 0000 00e9 | fbff ffff | 9048 bb00 | 0000 0000 | 0000 00e9 
  0x000002c283805580: fbff ffff | 9048 bb00 | 0000 0000 | 0000 00e9 | fbff ffff | 9048 bb00 | 0000 0000 | 0000 00e9 
  0x000002c2838055a0: fbff ffff | 9048 bb00 | 0000 0000 | 0000 00e9 | fbff ffff | 9048 bb00 | 0000 0000 | 0000 00e9 
  0x000002c2838055c0: fbff ffff | 9048 bb00 | 0000 0000 | 0000 00e9 | fbff ffff | 9048 bb00 | 0000 0000 | 0000 00e9 
  0x000002c2838055e0: fbff ffff | 9048 bb00 | 0000 0000 | 0000 00e9 | fbff ffff | 9048 bb00 | 0000 0000 | 0000 00e9 
  0x000002c283805600: fbff ffff | 9048 bb00 | 0000 0000 | 0000 00e9 | fbff ffff | 9048 bb00 | 0000 0000 | 0000 00e9 
  0x000002c283805620: fbff ffff | 9048 bb00 | 0000 0000 | 0000 00e9 | fbff ffff | 9048 bb00 | 0000 0000 | 0000 00e9 
  0x000002c283805640: fbff ffff | 9048 bb00 | 0000 0000 | 0000 00e9 | fbff ffff | 9048 bb00 | 0000 0000 | 0000 00e9 
  0x000002c283805660: fbff ffff | 9048 bb00 | 0000 0000 | 0000 00e9 | fbff ffff | 9048 bb00 | 0000 0000 | 0000 00e9 
  0x000002c283805680: fbff ffff | 9048 bb00 | 0000 0000 | 0000 00e9 | fbff ffff | 9048 bb00 | 0000 0000 | 0000 00e9 
  0x000002c2838056a0: fbff ffff | 9048 bb00 | 0000 0000 | 0000 00e9 | fbff ffff | 9048 bb00 | 0000 0000 | 0000 00e9 
  0x000002c2838056c0: fbff ffff | 9048 bb38 | 5254 a2c2 | 0200 00e9 | 8506 3707 | 9048 bb18 | 9554 a2c2 | 0200 00e9 
  0x000002c2838056e0: 7506 3707 | 9048 bb00 | 0000 0000 | 0000 00e9 | fbff ffff | 9048 bb00 | 0000 0000 | 0000 00e9 
  0x000002c283805700: fbff ffff | 9048 bb00 | 0000 0000 | 0000 00e9 | fbff ffff | 9048 bb00 | 0000 0000 | 0000 00e9 
  0x000002c283805720: fbff ffff | 9048 bb00 | 0000 0000 | 0000 00e9 | fbff ffff | 9048 bb00 | 0000 0000 | 0000 00e9 
  0x000002c283805740: fbff ffff | 9048 bb00 | 0000 0000 | 0000 00e9 | fbff ffff | 9048 bb00 | 0000 0000 | 0000 00e9 
  0x000002c283805760: fbff ffff | 9048 bb00 | 0000 0000 | 0000 00e9 | fbff ffff | 9048 bb00 | 0000 0000 | 0000 00e9 
  0x000002c283805780: fbff ffff | 9048 bb00 | 0000 0000 | 0000 00e9 | fbff ffff | 9048 bb00 | 0000 0000 | 0000 00e9 
  0x000002c2838057a0: fbff ffff | 9048 bb00 | 0000 0000 | 0000 00e9 | fbff ffff | 9048 bb00 | 0000 0000 | 0000 00e9 
  0x000002c2838057c0: fbff ffff | 9048 bb00 | 0000 0000 | 0000 00e9 | fbff ffff | 9048 bb00 | 0000 0000 | 0000 00e9 
  0x000002c2838057e0: fbff ffff | 9048 bb00 | 0000 0000 | 0000 00e9 | fbff ffff | 9048 bb00 | 0000 0000 | 0000 00e9 
  0x000002c283805800: fbff ffff | 9048 bb00 | 0000 0000 | 0000 00e9 | fbff ffff | 9048 bb00 | 0000 0000 | 0000 00e9 
  0x000002c283805820: fbff ffff | 9048 bb00 | 0000 0000 | 0000 00e9 | fbff ffff | 9048 bb00 | 0000 0000 | 0000 00e9 
  0x000002c283805840: fbff ffff | 9048 bb00 | 0000 0000 | 0000 00e9 | fbff ffff | 9048 bb00 | 0000 0000 | 0000 00e9 
  0x000002c283805860: fbff ffff | 9048 bb00 | 0000 0000 | 0000 00e9 | fbff ffff | 9048 bb00 | 0000 0000 | 0000 00e9 
  0x000002c283805880: fbff ffff | 9048 bb00 | 0000 0000 | 0000 00e9 | fbff ffff | 9048 bb00 | 0000 0000 | 0000 00e9 
  0x000002c2838058a0: fbff ffff | 9048 bb00 | 0000 0000 | 0000 00e9 | fbff ffff | 9048 bb00 | 0000 0000 | 0000 00e9 
  0x000002c2838058c0: fbff ffff | 9048 bb00 | 0000 0000 | 0000 00e9 | fbff ffff | 9048 bb00 | 0000 0000 | 0000 00e9 
  0x000002c2838058e0: fbff ffff | 9048 bb00 | 0000 0000 | 0000 00e9 | fbff ffff | 9048 bb00 | 0000 0000 | 0000 00e9 
  0x000002c283805900: fbff ffff | 9048 bb00 | 0000 0000 | 0000 00e9 | fbff ffff | 9048 bb00 | 0000 0000 | 0000 00e9 
  0x000002c283805920: fbff ffff | 9048 bb00 | 0000 0000 | 0000 00e9 | fbff ffff | 9048 bb00 | 0000 0000 | 0000 00e9 
  0x000002c283805940: fbff ffff | 9048 bb00 | 0000 0000 | 0000 00e9 | fbff ffff | 9048 bb00 | 0000 0000 | 0000 00e9 
  0x000002c283805960: fbff ffff | 9048 bb00 | 0000 0000 | 0000 00e9 | fbff ffff | 9048 bb00 | 0000 0000 | 0000 00e9 
  0x000002c283805980: fbff ffff | 9048 bb00 | 0000 0000 | 0000 00e9 | fbff ffff | 9048 bb00 | 0000 0000 | 0000 00e9 
  0x000002c2838059a0: fbff ffff | 9048 bb00 | 0000 0000 | 0000 00e9 | fbff ffff | 9048 bb00 | 0000 0000 | 0000 00e9 
  0x000002c2838059c0: fbff ffff | 9048 bb00 | 0000 0000 | 0000 00e9 | fbff ffff | 9048 bb00 | 0000 0000 | 0000 00e9 
  0x000002c2838059e0: fbff ffff | 9048 bb00 | 0000 0000 | 0000 00e9 | fbff ffff | 9048 bb00 | 0000 0000 | 0000 00e9 
  0x000002c283805a00: fbff ffff | 9048 bb00 | 0000 0000 | 0000 00e9 | fbff ffff | 9048 bb00 | 0000 0000 | 0000 00e9 
  0x000002c283805a20: fbff ffff | 9048 bb00 | 0000 0000 | 0000 00e9 | fbff ffff | 9048 bb00 | 0000 0000 | 0000 00e9 
  0x000002c283805a40: fbff ffff | 9048 bb00 | 0000 0000 | 0000 00e9 | fbff ffff | e827 fb40 | 0748 b978 | 880b d3ff 
  0x000002c283805a60: 7f00 0048 | 83e4 f049 | ba30 dbd3 | d2ff 7f00 | 0041 ffd2 | f449 ba75 | 5a80 83c2 | 0200 0041 
  0x000002c283805a80: 52e9 1a12 | 3707 f4f4 
[/MachCode]
--------------------------------------------------------------------------------


---------------  P R O C E S S  ---------------

Threads class SMR info:
_java_thread_list=0x000002c2a18c84e0, length=14, elements={
0x000002c2fd82b820, 0x000002c2a11e5420, 0x000002c2a11e7b60, 0x000002c2a123c740,
0x000002c2a123e920, 0x000002c2a1241990, 0x000002c2a12429f0, 0x000002c2a1244320,
0x000002c2a124f6c0, 0x000002c2a12527b0, 0x000002c2a13c5160, 0x000002c2a13c5630,
0x000002c2ac60fc80, 0x000002c2ac34a630
}

Java Threads: ( => current thread )
=>0x000002c2fd82b820 JavaThread "main" [_thread_in_Java, id=45608, stack(0x000000cfc3c00000,0x000000cfc3d00000)]
  0x000002c2a11e5420 JavaThread "Reference Handler" daemon [_thread_blocked, id=43472, stack(0x000000cfc4300000,0x000000cfc4400000)]
  0x000002c2a11e7b60 JavaThread "Finalizer" daemon [_thread_blocked, id=7252, stack(0x000000cfc4400000,0x000000cfc4500000)]
  0x000002c2a123c740 JavaThread "Signal Dispatcher" daemon [_thread_blocked, id=28020, stack(0x000000cfc4500000,0x000000cfc4600000)]
  0x000002c2a123e920 JavaThread "Attach Listener" daemon [_thread_blocked, id=34364, stack(0x000000cfc4600000,0x000000cfc4700000)]
  0x000002c2a1241990 JavaThread "Service Thread" daemon [_thread_blocked, id=13560, stack(0x000000cfc4700000,0x000000cfc4800000)]
  0x000002c2a12429f0 JavaThread "Monitor Deflation Thread" daemon [_thread_blocked, id=34300, stack(0x000000cfc4800000,0x000000cfc4900000)]
  0x000002c2a1244320 JavaThread "C2 CompilerThread0" daemon [_thread_blocked, id=40908, stack(0x000000cfc4900000,0x000000cfc4a00000)]
  0x000002c2a124f6c0 JavaThread "C1 CompilerThread0" daemon [_thread_blocked, id=11192, stack(0x000000cfc4a00000,0x000000cfc4b00000)]
  0x000002c2a12527b0 JavaThread "Sweeper thread" daemon [_thread_blocked, id=43320, stack(0x000000cfc4b00000,0x000000cfc4c00000)]
  0x000002c2a13c5160 JavaThread "Notification Thread" daemon [_thread_blocked, id=37032, stack(0x000000cfc4c00000,0x000000cfc4d00000)]
  0x000002c2a13c5630 JavaThread "Common-Cleaner" daemon [_thread_blocked, id=40408, stack(0x000000cfc4e00000,0x000000cfc4f00000)]
  0x000002c2ac60fc80 JavaThread "C2 CompilerThread1" daemon [_thread_blocked, id=36840, stack(0x000000cfc5500000,0x000000cfc5600000)]
  0x000002c2ac34a630 JavaThread "C2 CompilerThread2" daemon [_thread_blocked, id=34572, stack(0x000000cfc5d00000,0x000000cfc5e00000)]

Other Threads:
  0x000002c2a11e4760 VMThread "VM Thread" [stack: 0x000000cfc4200000,0x000000cfc4300000] [id=19744]
  0x000002c2a13ca2c0 WatcherThread [stack: 0x000000cfc4d00000,0x000000cfc4e00000] [id=36236]
  0x000002c2fd8b8140 GCTaskThread "GC Thread#0" [stack: 0x000000cfc3d00000,0x000000cfc3e00000] [id=27744]
  0x000002c2ac593e70 GCTaskThread "GC Thread#1" [stack: 0x000000cfc5600000,0x000000cfc5700000] [id=38184]
  0x000002c2ac68c660 GCTaskThread "GC Thread#2" [stack: 0x000000cfc5700000,0x000000cfc5800000] [id=30992]
  0x000002c2ac68c910 GCTaskThread "GC Thread#3" [stack: 0x000000cfc5800000,0x000000cfc5900000] [id=39496]
  0x000002c2ac68cfd0 GCTaskThread "GC Thread#4" [stack: 0x000000cfc5900000,0x000000cfc5a00000] [id=33628]
  0x000002c2ac57ef70 GCTaskThread "GC Thread#5" [stack: 0x000000cfc5a00000,0x000000cfc5b00000] [id=17152]
  0x000002c2ac57fa30 GCTaskThread "GC Thread#6" [stack: 0x000000cfc5b00000,0x000000cfc5c00000] [id=39980]
  0x000002c2ac6ee5f0 GCTaskThread "GC Thread#7" [stack: 0x000000cfc5c00000,0x000000cfc5d00000] [id=12096]
  0x000002c2fd8c56f0 ConcurrentGCThread "G1 Main Marker" [stack: 0x000000cfc3e00000,0x000000cfc3f00000] [id=21732]
  0x000002c2fd8c6010 ConcurrentGCThread "G1 Conc#0" [stack: 0x000000cfc3f00000,0x000000cfc4000000] [id=31776]
  0x000002c2ffd27630 ConcurrentGCThread "G1 Refine#0" [stack: 0x000000cfc4000000,0x000000cfc4100000] [id=34236]
  0x000002c2ffd27f60 ConcurrentGCThread "G1 Service" [stack: 0x000000cfc4100000,0x000000cfc4200000] [id=32756]

Threads with active compile tasks:

VM state: not at safepoint (normal execution)

VM Mutex/Monitor currently owned by a thread: None

Heap address: 0x0000000680800000, size: 6136 MB, Compressed Oops mode: Zero based, Oop shift amount: 3

CDS archive(s) not mapped
Compressed class space mapped at: 0x0000000800000000-0x0000000840000000, reserved size: 1073741824
Narrow klass base: 0x0000000800000000, Narrow klass shift: 0, Narrow klass range: 0x40000000

GC Precious Log:
 CPUs: 8 total, 8 available
 Memory: 24540M
 Large Page Support: Disabled
 NUMA Support: Disabled
 Compressed Oops: Enabled (Zero based)
 Heap Region Size: 4M
 Heap Min Capacity: 8M
 Heap Initial Capacity: 384M
 Heap Max Capacity: 6136M
 Pre-touch: Disabled
 Parallel Workers: 8
 Concurrent Workers: 2
 Concurrent Refinement Workers: 8
 Periodic GC: Disabled

Heap:
 garbage-first heap   total 393216K, used 200348K [0x0000000680800000, 0x0000000800000000)
  region size 4096K, 47 young (192512K), 5 survivors (20480K)
 Metaspace       used 13446K, committed 13568K, reserved 1114112K
  class space    used 931K, committed 1024K, reserved 1048576K

Heap Regions: E=young(eden), S=young(survivor), O=old, HS=humongous(starts), HC=humongous(continues), CS=collection set, F=free, OA=open archive, CA=closed archive, TAMS=top-at-mark-start (previous, next)
|   0|0x0000000680800000, 0x0000000680ae7c00, 0x0000000680c00000| 72%| O|  |TAMS 0x0000000680800000, 0x0000000680800000| Untracked 
|   1|0x0000000680c00000, 0x0000000681000000, 0x0000000681000000|100%|HS|  |TAMS 0x0000000680c00000, 0x0000000680c00000| Complete 
|   2|0x0000000681000000, 0x0000000681400000, 0x0000000681400000|100%|HC|  |TAMS 0x0000000681000000, 0x0000000681000000| Complete 
|   3|0x0000000681400000, 0x0000000681800000, 0x0000000681800000|100%|HC|  |TAMS 0x0000000681400000, 0x0000000681400000| Complete 
|   4|0x0000000681800000, 0x0000000681c00000, 0x0000000681c00000|100%|HC|  |TAMS 0x0000000681800000, 0x0000000681800000| Complete 
|   5|0x0000000681c00000, 0x0000000681c00000, 0x0000000682000000|  0%| F|  |TAMS 0x0000000681c00000, 0x0000000681c00000| Untracked 
|   6|0x0000000682000000, 0x0000000682000000, 0x0000000682400000|  0%| F|  |TAMS 0x0000000682000000, 0x0000000682000000| Untracked 
|   7|0x0000000682400000, 0x0000000682400000, 0x0000000682800000|  0%| F|  |TAMS 0x0000000682400000, 0x0000000682400000| Untracked 
|   8|0x0000000682800000, 0x0000000682800000, 0x0000000682c00000|  0%| F|  |TAMS 0x0000000682800000, 0x0000000682800000| Untracked 
|   9|0x0000000682c00000, 0x0000000682c00000, 0x0000000683000000|  0%| F|  |TAMS 0x0000000682c00000, 0x0000000682c00000| Untracked 
|  10|0x0000000683000000, 0x0000000683000000, 0x0000000683400000|  0%| F|  |TAMS 0x0000000683000000, 0x0000000683000000| Untracked 
|  11|0x0000000683400000, 0x0000000683400000, 0x0000000683800000|  0%| F|  |TAMS 0x0000000683400000, 0x0000000683400000| Untracked 
|  12|0x0000000683800000, 0x0000000683800000, 0x0000000683c00000|  0%| F|  |TAMS 0x0000000683800000, 0x0000000683800000| Untracked 
|  13|0x0000000683c00000, 0x0000000683c00000, 0x0000000684000000|  0%| F|  |TAMS 0x0000000683c00000, 0x0000000683c00000| Untracked 
|  14|0x0000000684000000, 0x0000000684000000, 0x0000000684400000|  0%| F|  |TAMS 0x0000000684000000, 0x0000000684000000| Untracked 
|  15|0x0000000684400000, 0x0000000684400000, 0x0000000684800000|  0%| F|  |TAMS 0x0000000684400000, 0x0000000684400000| Untracked 
|  16|0x0000000684800000, 0x0000000684800000, 0x0000000684c00000|  0%| F|  |TAMS 0x0000000684800000, 0x0000000684800000| Untracked 
|  17|0x0000000684c00000, 0x0000000684c00000, 0x0000000685000000|  0%| F|  |TAMS 0x0000000684c00000, 0x0000000684c00000| Untracked 
|  18|0x0000000685000000, 0x0000000685000000, 0x0000000685400000|  0%| F|  |TAMS 0x0000000685000000, 0x0000000685000000| Untracked 
|  19|0x0000000685400000, 0x0000000685400000, 0x0000000685800000|  0%| F|  |TAMS 0x0000000685400000, 0x0000000685400000| Untracked 
|  20|0x0000000685800000, 0x0000000685800000, 0x0000000685c00000|  0%| F|  |TAMS 0x0000000685800000, 0x0000000685800000| Untracked 
|  21|0x0000000685c00000, 0x0000000685c00000, 0x0000000686000000|  0%| F|  |TAMS 0x0000000685c00000, 0x0000000685c00000| Untracked 
|  22|0x0000000686000000, 0x0000000686000000, 0x0000000686400000|  0%| F|  |TAMS 0x0000000686000000, 0x0000000686000000| Untracked 
|  23|0x0000000686400000, 0x0000000686400000, 0x0000000686800000|  0%| F|  |TAMS 0x0000000686400000, 0x0000000686400000| Untracked 
|  24|0x0000000686800000, 0x0000000686800000, 0x0000000686c00000|  0%| F|  |TAMS 0x0000000686800000, 0x0000000686800000| Untracked 
|  25|0x0000000686c00000, 0x0000000686c00000, 0x0000000687000000|  0%| F|  |TAMS 0x0000000686c00000, 0x0000000686c00000| Untracked 
|  26|0x0000000687000000, 0x0000000687000000, 0x0000000687400000|  0%| F|  |TAMS 0x0000000687000000, 0x0000000687000000| Untracked 
|  27|0x0000000687400000, 0x0000000687400000, 0x0000000687800000|  0%| F|  |TAMS 0x0000000687400000, 0x0000000687400000| Untracked 
|  28|0x0000000687800000, 0x0000000687800000, 0x0000000687c00000|  0%| F|  |TAMS 0x0000000687800000, 0x0000000687800000| Untracked 
|  29|0x0000000687c00000, 0x0000000687c00000, 0x0000000688000000|  0%| F|  |TAMS 0x0000000687c00000, 0x0000000687c00000| Untracked 
|  30|0x0000000688000000, 0x0000000688000000, 0x0000000688400000|  0%| F|  |TAMS 0x0000000688000000, 0x0000000688000000| Untracked 
|  31|0x0000000688400000, 0x0000000688400000, 0x0000000688800000|  0%| F|  |TAMS 0x0000000688400000, 0x0000000688400000| Untracked 
|  32|0x0000000688800000, 0x0000000688800000, 0x0000000688c00000|  0%| F|  |TAMS 0x0000000688800000, 0x0000000688800000| Untracked 
|  33|0x0000000688c00000, 0x0000000688c00000, 0x0000000689000000|  0%| F|  |TAMS 0x0000000688c00000, 0x0000000688c00000| Untracked 
|  34|0x0000000689000000, 0x00000006890bf680, 0x0000000689400000| 18%| S|CS|TAMS 0x0000000689000000, 0x0000000689000000| Complete 
|  35|0x0000000689400000, 0x0000000689800000, 0x0000000689800000|100%| S|CS|TAMS 0x0000000689400000, 0x0000000689400000| Complete 
|  36|0x0000000689800000, 0x0000000689c00000, 0x0000000689c00000|100%| S|CS|TAMS 0x0000000689800000, 0x0000000689800000| Complete 
|  37|0x0000000689c00000, 0x0000000689c00000, 0x000000068a000000|  0%| F|  |TAMS 0x0000000689c00000, 0x0000000689c00000| Untracked 
|  38|0x000000068a000000, 0x000000068a000000, 0x000000068a400000|  0%| F|  |TAMS 0x000000068a000000, 0x000000068a000000| Untracked 
|  39|0x000000068a400000, 0x000000068a800000, 0x000000068a800000|100%| S|CS|TAMS 0x000000068a400000, 0x000000068a400000| Complete 
|  40|0x000000068a800000, 0x000000068ac00000, 0x000000068ac00000|100%| S|CS|TAMS 0x000000068a800000, 0x000000068a800000| Complete 
|  41|0x000000068ac00000, 0x000000068ac00000, 0x000000068b000000|  0%| F|  |TAMS 0x000000068ac00000, 0x000000068ac00000| Untracked 
|  42|0x000000068b000000, 0x000000068b000000, 0x000000068b400000|  0%| F|  |TAMS 0x000000068b000000, 0x000000068b000000| Untracked 
|  43|0x000000068b400000, 0x000000068b400000, 0x000000068b800000|  0%| F|  |TAMS 0x000000068b400000, 0x000000068b400000| Untracked 
|  44|0x000000068b800000, 0x000000068b800000, 0x000000068bc00000|  0%| F|  |TAMS 0x000000068b800000, 0x000000068b800000| Untracked 
|  45|0x000000068bc00000, 0x000000068bc00000, 0x000000068c000000|  0%| F|  |TAMS 0x000000068bc00000, 0x000000068bc00000| Untracked 
|  46|0x000000068c000000, 0x000000068c000000, 0x000000068c400000|  0%| F|  |TAMS 0x000000068c000000, 0x000000068c000000| Untracked 
|  47|0x000000068c400000, 0x000000068c400000, 0x000000068c800000|  0%| F|  |TAMS 0x000000068c400000, 0x000000068c400000| Untracked 
|  48|0x000000068c800000, 0x000000068c800000, 0x000000068cc00000|  0%| F|  |TAMS 0x000000068c800000, 0x000000068c800000| Untracked 
|  49|0x000000068cc00000, 0x000000068cc00000, 0x000000068d000000|  0%| F|  |TAMS 0x000000068cc00000, 0x000000068cc00000| Untracked 
|  50|0x000000068d000000, 0x000000068d000000, 0x000000068d400000|  0%| F|  |TAMS 0x000000068d000000, 0x000000068d000000| Untracked 
|  51|0x000000068d400000, 0x000000068d400000, 0x000000068d800000|  0%| F|  |TAMS 0x000000068d400000, 0x000000068d400000| Untracked 
|  52|0x000000068d800000, 0x000000068d800000, 0x000000068dc00000|  0%| F|  |TAMS 0x000000068d800000, 0x000000068d800000| Untracked 
|  53|0x000000068dc00000, 0x000000068dc00000, 0x000000068e000000|  0%| F|  |TAMS 0x000000068dc00000, 0x000000068dc00000| Untracked 
|  54|0x000000068e000000, 0x000000068e400000, 0x000000068e400000|100%| E|  |TAMS 0x000000068e000000, 0x000000068e000000| Complete 
|  55|0x000000068e400000, 0x000000068e800000, 0x000000068e800000|100%| E|CS|TAMS 0x000000068e400000, 0x000000068e400000| Complete 
|  56|0x000000068e800000, 0x000000068ec00000, 0x000000068ec00000|100%| E|CS|TAMS 0x000000068e800000, 0x000000068e800000| Complete 
|  57|0x000000068ec00000, 0x000000068f000000, 0x000000068f000000|100%| E|CS|TAMS 0x000000068ec00000, 0x000000068ec00000| Complete 
|  58|0x000000068f000000, 0x000000068f400000, 0x000000068f400000|100%| E|CS|TAMS 0x000000068f000000, 0x000000068f000000| Complete 
|  59|0x000000068f400000, 0x000000068f800000, 0x000000068f800000|100%| E|CS|TAMS 0x000000068f400000, 0x000000068f400000| Complete 
|  60|0x000000068f800000, 0x000000068fc00000, 0x000000068fc00000|100%| E|CS|TAMS 0x000000068f800000, 0x000000068f800000| Complete 
|  61|0x000000068fc00000, 0x0000000690000000, 0x0000000690000000|100%| E|CS|TAMS 0x000000068fc00000, 0x000000068fc00000| Complete 
|  62|0x0000000690000000, 0x0000000690400000, 0x0000000690400000|100%| E|CS|TAMS 0x0000000690000000, 0x0000000690000000| Complete 
|  63|0x0000000690400000, 0x0000000690800000, 0x0000000690800000|100%| E|CS|TAMS 0x0000000690400000, 0x0000000690400000| Complete 
|  64|0x0000000690800000, 0x0000000690c00000, 0x0000000690c00000|100%| E|CS|TAMS 0x0000000690800000, 0x0000000690800000| Complete 
|  65|0x0000000690c00000, 0x0000000691000000, 0x0000000691000000|100%| E|CS|TAMS 0x0000000690c00000, 0x0000000690c00000| Complete 
|  66|0x0000000691000000, 0x0000000691400000, 0x0000000691400000|100%| E|CS|TAMS 0x0000000691000000, 0x0000000691000000| Complete 
|  67|0x0000000691400000, 0x0000000691800000, 0x0000000691800000|100%| E|CS|TAMS 0x0000000691400000, 0x0000000691400000| Complete 
|  68|0x0000000691800000, 0x0000000691c00000, 0x0000000691c00000|100%| E|CS|TAMS 0x0000000691800000, 0x0000000691800000| Complete 
|  69|0x0000000691c00000, 0x0000000692000000, 0x0000000692000000|100%| E|CS|TAMS 0x0000000691c00000, 0x0000000691c00000| Complete 
|  70|0x0000000692000000, 0x0000000692400000, 0x0000000692400000|100%| E|CS|TAMS 0x0000000692000000, 0x0000000692000000| Complete 
|  71|0x0000000692400000, 0x0000000692800000, 0x0000000692800000|100%| E|CS|TAMS 0x0000000692400000, 0x0000000692400000| Complete 
|  72|0x0000000692800000, 0x0000000692c00000, 0x0000000692c00000|100%| E|CS|TAMS 0x0000000692800000, 0x0000000692800000| Complete 
|  73|0x0000000692c00000, 0x0000000693000000, 0x0000000693000000|100%| E|CS|TAMS 0x0000000692c00000, 0x0000000692c00000| Complete 
|  74|0x0000000693000000, 0x0000000693400000, 0x0000000693400000|100%| E|CS|TAMS 0x0000000693000000, 0x0000000693000000| Complete 
|  75|0x0000000693400000, 0x0000000693800000, 0x0000000693800000|100%| E|CS|TAMS 0x0000000693400000, 0x0000000693400000| Complete 
|  76|0x0000000693800000, 0x0000000693c00000, 0x0000000693c00000|100%| E|CS|TAMS 0x0000000693800000, 0x0000000693800000| Complete 
|  77|0x0000000693c00000, 0x0000000694000000, 0x0000000694000000|100%| E|CS|TAMS 0x0000000693c00000, 0x0000000693c00000| Complete 
|  78|0x0000000694000000, 0x0000000694400000, 0x0000000694400000|100%| E|CS|TAMS 0x0000000694000000, 0x0000000694000000| Complete 
|  79|0x0000000694400000, 0x0000000694800000, 0x0000000694800000|100%| E|  |TAMS 0x0000000694400000, 0x0000000694400000| Complete 
|  80|0x0000000694800000, 0x0000000694c00000, 0x0000000694c00000|100%| E|CS|TAMS 0x0000000694800000, 0x0000000694800000| Complete 
|  81|0x0000000694c00000, 0x0000000695000000, 0x0000000695000000|100%| E|CS|TAMS 0x0000000694c00000, 0x0000000694c00000| Complete 
|  82|0x0000000695000000, 0x0000000695400000, 0x0000000695400000|100%| E|CS|TAMS 0x0000000695000000, 0x0000000695000000| Complete 
|  83|0x0000000695400000, 0x0000000695800000, 0x0000000695800000|100%| E|CS|TAMS 0x0000000695400000, 0x0000000695400000| Complete 
|  84|0x0000000695800000, 0x0000000695c00000, 0x0000000695c00000|100%| E|CS|TAMS 0x0000000695800000, 0x0000000695800000| Complete 
|  85|0x0000000695c00000, 0x0000000696000000, 0x0000000696000000|100%| E|CS|TAMS 0x0000000695c00000, 0x0000000695c00000| Complete 
|  86|0x0000000696000000, 0x0000000696400000, 0x0000000696400000|100%| E|CS|TAMS 0x0000000696000000, 0x0000000696000000| Complete 
|  87|0x0000000696400000, 0x0000000696800000, 0x0000000696800000|100%| E|CS|TAMS 0x0000000696400000, 0x0000000696400000| Complete 
|  88|0x0000000696800000, 0x0000000696c00000, 0x0000000696c00000|100%| E|CS|TAMS 0x0000000696800000, 0x0000000696800000| Complete 
|  89|0x0000000696c00000, 0x0000000697000000, 0x0000000697000000|100%| E|CS|TAMS 0x0000000696c00000, 0x0000000696c00000| Complete 
|  90|0x0000000697000000, 0x0000000697400000, 0x0000000697400000|100%| E|CS|TAMS 0x0000000697000000, 0x0000000697000000| Complete 
|  91|0x0000000697400000, 0x0000000697800000, 0x0000000697800000|100%| E|CS|TAMS 0x0000000697400000, 0x0000000697400000| Complete 
|  92|0x0000000697800000, 0x0000000697c00000, 0x0000000697c00000|100%| E|CS|TAMS 0x0000000697800000, 0x0000000697800000| Complete 
|  93|0x0000000697c00000, 0x0000000698000000, 0x0000000698000000|100%| E|CS|TAMS 0x0000000697c00000, 0x0000000697c00000| Complete 
|  94|0x0000000698000000, 0x0000000698400000, 0x0000000698400000|100%| E|CS|TAMS 0x0000000698000000, 0x0000000698000000| Complete 
|  95|0x0000000698400000, 0x0000000698800000, 0x0000000698800000|100%| E|CS|TAMS 0x0000000698400000, 0x0000000698400000| Complete 

Card table byte_map: [0x000002c2fe820000,0x000002c2ff420000] _byte_map_base: 0x000002c2fb41c000

Marking Bits (Prev, Next): (CMBitMap*) 0x000002c2fd8b8660, (CMBitMap*) 0x000002c2fd8b86a0
 Prev Bits: [0x000002c2931f0000, 0x000002c2991d0000)
 Next Bits: [0x000002c2991d0000, 0x000002c29f1b0000)

Polling page: 0x000002c2fb7c0000

Metaspace:

Usage:
  Non-class:     12.22 MB used.
      Class:    931.88 KB used.
       Both:     13.13 MB used.

Virtual space:
  Non-class space:       64.00 MB reserved,      12.25 MB ( 19%) committed,  1 nodes.
      Class space:        1.00 GB reserved,       1.00 MB ( <1%) committed,  1 nodes.
             Both:        1.06 GB reserved,      13.25 MB (  1%) committed. 

Chunk freelists:
   Non-Class:  3.12 MB
       Class:  15.02 MB
        Both:  18.14 MB

MaxMetaspaceSize: unlimited
CompressedClassSpaceSize: 1.00 GB
Initial GC threshold: 21.00 MB
Current GC threshold: 21.00 MB
CDS: off
MetaspaceReclaimPolicy: balanced
 - commit_granule_bytes: 65536.
 - commit_granule_words: 8192.
 - virtual_space_node_default_size: 8388608.
 - enlarge_chunks_in_place: 1.
 - new_chunks_are_fully_committed: 0.
 - uncommit_free_chunks: 1.
 - use_allocation_guard: 0.
 - handle_deallocations: 1.


Internal statistics:

num_allocs_failed_limit: 0.
num_arena_births: 66.
num_arena_deaths: 0.
num_vsnodes_births: 2.
num_vsnodes_deaths: 0.
num_space_committed: 210.
num_space_uncommitted: 0.
num_chunks_returned_to_freelist: 0.
num_chunks_taken_from_freelist: 265.
num_chunk_merges: 0.
num_chunk_splits: 191.
num_chunks_enlarged: 147.
num_inconsistent_stats: 0.

CodeHeap 'non-profiled nmethods': size=120000Kb used=614Kb max_used=614Kb free=119385Kb
 bounds [0x000002c28b0c0000, 0x000002c28b330000, 0x000002c2925f0000]
CodeHeap 'profiled nmethods': size=120000Kb used=2162Kb max_used=2162Kb free=117837Kb
 bounds [0x000002c2835f0000, 0x000002c283860000, 0x000002c28ab20000]
CodeHeap 'non-nmethods': size=5760Kb used=1690Kb max_used=1764Kb free=4069Kb
 bounds [0x000002c28ab20000, 0x000002c28ad90000, 0x000002c28b0c0000]
 total_blobs=2157 nmethods=1007 adapters=1063
 compilation: enabled
              stopped_count=0, restarted_count=0
 full_count=0

Compilation events (20 events):
Event: 8.810 Thread 0x000002c2a1244320 nmethod 986 0x000002c28b135190 code [0x000002c28b135300, 0x000002c28b1353d8]
Event: 8.831 Thread 0x000002c2a1244320  987 % !   4       loaders.ObjLoader::loadObj @ 186 (1827 bytes)
Event: 8.846 Thread 0x000002c2a124f6c0  988   !   3       java.nio.charset.CharsetDecoder::decode (275 bytes)
Event: 8.847 Thread 0x000002c2a124f6c0 nmethod 988 0x000002c2837ef910 code [0x000002c2837efc40, 0x000002c2837f1188]
Event: 8.847 Thread 0x000002c2a124f6c0  989       3       java.lang.System$2::decodeASCII (11 bytes)
Event: 8.847 Thread 0x000002c2a124f6c0 nmethod 989 0x000002c2837f1810 code [0x000002c2837f19a0, 0x000002c2837f1ae8]
Event: 8.847 Thread 0x000002c2a124f6c0  990       3       sun.nio.cs.UTF_8$Decoder::decodeLoop (28 bytes)
Event: 8.848 Thread 0x000002c2a124f6c0 nmethod 990 0x000002c2837f1b90 code [0x000002c2837f1d60, 0x000002c2837f2178]
Event: 8.848 Thread 0x000002c2a124f6c0  991       3       java.lang.String::decodeASCII (64 bytes)
Event: 8.848 Thread 0x000002c2a124f6c0 nmethod 991 0x000002c2837f2310 code [0x000002c2837f24e0, 0x000002c2837f2838]
Event: 8.862 Thread 0x000002c2a124f6c0  994       3       sun.nio.cs.UTF_8$Decoder::decodeArrayLoop (688 bytes)
Event: 8.864 Thread 0x000002c2a124f6c0 nmethod 994 0x000002c2837f2a10 code [0x000002c2837f3240, 0x000002c2837f83b8]
Event: 8.879 Thread 0x000002c2a1244320 nmethod 987% 0x000002c28b135510 code [0x000002c28b135940, 0x000002c28b139250]
Event: 8.879 Thread 0x000002c2a1244320  993       4       loaders.ObjLoader::parseFace (138 bytes)
Event: 8.897 Thread 0x000002c2a124f6c0  995 % !   3       loaders.ObjLoader::loadObj @ 186 (1827 bytes)
Event: 8.913 Thread 0x000002c2a124f6c0 nmethod 995% 0x000002c2837f9b10 code [0x000002c2837faa60, 0x000002c283805a88]
Event: 8.913 Thread 0x000002c2a124f6c0  996       3       java.lang.StringBuilder::append (10 bytes)
Event: 8.913 Thread 0x000002c2a124f6c0 nmethod 996 0x000002c28380c110 code [0x000002c28380c2a0, 0x000002c28380c3e8]
Event: 8.913 Thread 0x000002c2a124f6c0  997       3       java.lang.AbstractStringBuilder::append (33 bytes)
Event: 8.913 Thread 0x000002c2a124f6c0 nmethod 997 0x000002c28380c490 code [0x000002c28380c640, 0x000002c28380c828]

GC Heap History (8 events):
Event: 2.871 GC heap before
{Heap before GC invocations=0 (full 0):
 garbage-first heap   total 393216K, used 20480K [0x0000000680800000, 0x0000000800000000)
  region size 4096K, 5 young (20480K), 0 survivors (0K)
 Metaspace       used 13369K, committed 13504K, reserved 1114112K
  class space    used 931K, committed 1024K, reserved 1048576K
}
Event: 2.873 GC heap after
{Heap after GC invocations=1 (full 0):
 garbage-first heap   total 393216K, used 3152K [0x0000000680800000, 0x0000000800000000)
  region size 4096K, 1 young (4096K), 1 survivors (4096K)
 Metaspace       used 13369K, committed 13504K, reserved 1114112K
  class space    used 931K, committed 1024K, reserved 1048576K
}
Event: 8.557 GC heap before
{Heap before GC invocations=1 (full 0):
 garbage-first heap   total 393216K, used 27728K [0x0000000680800000, 0x0000000800000000)
  region size 4096K, 7 young (28672K), 1 survivors (4096K)
 Metaspace       used 13395K, committed 13568K, reserved 1114112K
  class space    used 931K, committed 1024K, reserved 1048576K
}
Event: 8.559 GC heap after
{Heap after GC invocations=2 (full 0):
 garbage-first heap   total 393216K, used 3756K [0x0000000680800000, 0x0000000800000000)
  region size 4096K, 1 young (4096K), 1 survivors (4096K)
 Metaspace       used 13395K, committed 13568K, reserved 1114112K
  class space    used 931K, committed 1024K, reserved 1048576K
}
Event: 8.778 GC heap before
{Heap before GC invocations=2 (full 0):
 garbage-first heap   total 393216K, used 233132K [0x0000000680800000, 0x0000000800000000)
  region size 4096K, 57 young (233472K), 1 survivors (4096K)
 Metaspace       used 13446K, committed 13568K, reserved 1114112K
  class space    used 931K, committed 1024K, reserved 1048576K
}
Event: 8.782 GC heap after
{Heap after GC invocations=3 (full 0):
 garbage-first heap   total 393216K, used 8751K [0x0000000680800000, 0x0000000800000000)
  region size 4096K, 2 young (8192K), 2 survivors (8192K)
 Metaspace       used 13446K, committed 13568K, reserved 1114112K
  class space    used 931K, committed 1024K, reserved 1048576K
}
Event: 8.900 GC heap before
{Heap before GC invocations=3 (full 0):
 garbage-first heap   total 393216K, used 234031K [0x0000000680800000, 0x0000000800000000)
  region size 4096K, 57 young (233472K), 2 survivors (8192K)
 Metaspace       used 13446K, committed 13568K, reserved 1114112K
  class space    used 931K, committed 1024K, reserved 1048576K
}
Event: 8.910 GC heap after
{Heap after GC invocations=4 (full 0):
 garbage-first heap   total 393216K, used 20124K [0x0000000680800000, 0x0000000800000000)
  region size 4096K, 5 young (20480K), 5 survivors (20480K)
 Metaspace       used 13446K, committed 13568K, reserved 1114112K
  class space    used 931K, committed 1024K, reserved 1048576K
}

Dll operation events (9 events):
Event: 0.007 Loaded shared library C:\Users\alex\.p2\pool\plugins\org.eclipse.justj.openjdk.hotspot.jre.full.win32.x86_64_17.0.7.v20230425-1502\jre\bin\java.dll
Event: 0.117 Loaded shared library C:\Users\alex\.p2\pool\plugins\org.eclipse.justj.openjdk.hotspot.jre.full.win32.x86_64_17.0.7.v20230425-1502\jre\bin\net.dll
Event: 0.118 Loaded shared library C:\Users\alex\.p2\pool\plugins\org.eclipse.justj.openjdk.hotspot.jre.full.win32.x86_64_17.0.7.v20230425-1502\jre\bin\nio.dll
Event: 0.125 Loaded shared library C:\Users\alex\.p2\pool\plugins\org.eclipse.justj.openjdk.hotspot.jre.full.win32.x86_64_17.0.7.v20230425-1502\jre\bin\zip.dll
Event: 0.184 Loaded shared library C:\Users\alex\.p2\pool\plugins\org.eclipse.justj.openjdk.hotspot.jre.full.win32.x86_64_17.0.7.v20230425-1502\jre\bin\jimage.dll
Event: 0.206 Loaded shared library C:\Users\alex\AppData\Local\Temp\lwjgl_alex\3.3.4+7\x64\lwjgl.dll
Event: 0.602 Loaded shared library C:\Users\alex\AppData\Local\Temp\lwjgl_alex\3.3.4+7\x64\lwjgl_opengl.dll
Event: 0.695 Loaded shared library C:\Users\alex\AppData\Local\Temp\lwjgl_alex\3.3.4+7\x64\lwjgl_stb.dll
Event: 0.721 Loaded shared library C:\Users\alex\.p2\pool\plugins\org.eclipse.justj.openjdk.hotspot.jre.full.win32.x86_64_17.0.7.v20230425-1502\jre\bin\verify.dll

Deoptimization events (20 events):
Event: 8.589 Thread 0x000002c2fd82b820 DEOPT PACKING pc=0x000002c28379aa68 sp=0x000000cfc3cfe750
Event: 8.589 Thread 0x000002c2fd82b820 DEOPT UNPACKING pc=0x000002c28ab77143 sp=0x000000cfc3cfdb78 mode 0
Event: 8.673 Thread 0x000002c2fd82b820 DEOPT PACKING pc=0x000002c2837a87b0 sp=0x000000cfc3cfeb80
Event: 8.673 Thread 0x000002c2fd82b820 DEOPT UNPACKING pc=0x000002c28ab77143 sp=0x000000cfc3cfe2c0 mode 0
Event: 8.679 Thread 0x000002c2fd82b820 Uncommon trap: trap_request=0xffffff45 fr.pc=0x000002c28b125268 relative=0x00000000000012a8
Event: 8.679 Thread 0x000002c2fd82b820 Uncommon trap: reason=unstable_if action=reinterpret pc=0x000002c28b125268 method=loaders.ObjLoader.loadObj(Ljava/lang/String;)Ltoolbox/Mesh; @ 222 c2
Event: 8.679 Thread 0x000002c2fd82b820 DEOPT PACKING pc=0x000002c28b125268 sp=0x000000cfc3cfef10
Event: 8.679 Thread 0x000002c2fd82b820 DEOPT UNPACKING pc=0x000002c28ab769a3 sp=0x000000cfc3cfedd0 mode 2
Event: 8.766 Thread 0x000002c2fd82b820 DEOPT PACKING pc=0x000002c2837d49e8 sp=0x000000cfc3cfeb80
Event: 8.766 Thread 0x000002c2fd82b820 DEOPT UNPACKING pc=0x000002c28ab77143 sp=0x000000cfc3cfe2c0 mode 0
Event: 8.801 Thread 0x000002c2fd82b820 Uncommon trap: trap_request=0xffffff45 fr.pc=0x000002c28b13237c relative=0x0000000000001b7c
Event: 8.801 Thread 0x000002c2fd82b820 Uncommon trap: reason=unstable_if action=reinterpret pc=0x000002c28b13237c method=loaders.ObjLoader.loadObj(Ljava/lang/String;)Ltoolbox/Mesh; @ 249 c2
Event: 8.801 Thread 0x000002c2fd82b820 DEOPT PACKING pc=0x000002c28b13237c sp=0x000000cfc3cfef00
Event: 8.801 Thread 0x000002c2fd82b820 DEOPT UNPACKING pc=0x000002c28ab769a3 sp=0x000000cfc3cfedd0 mode 2
Event: 8.893 Thread 0x000002c2fd82b820 DEOPT PACKING pc=0x000002c2837e6fe8 sp=0x000000cfc3cfeb80
Event: 8.893 Thread 0x000002c2fd82b820 DEOPT UNPACKING pc=0x000002c28ab77143 sp=0x000000cfc3cfe2c0 mode 0
Event: 8.895 Thread 0x000002c2fd82b820 Uncommon trap: trap_request=0xffffff45 fr.pc=0x000002c28b1380fc relative=0x00000000000027bc
Event: 8.895 Thread 0x000002c2fd82b820 Uncommon trap: reason=unstable_if action=reinterpret pc=0x000002c28b1380fc method=loaders.ObjLoader.loadObj(Ljava/lang/String;)Ltoolbox/Mesh; @ 275 c2
Event: 8.895 Thread 0x000002c2fd82b820 DEOPT PACKING pc=0x000002c28b1380fc sp=0x000000cfc3cfef00
Event: 8.895 Thread 0x000002c2fd82b820 DEOPT UNPACKING pc=0x000002c28ab769a3 sp=0x000000cfc3cfedd0 mode 2

Classes unloaded (0 events):
No events

Classes redefined (0 events):
No events

Internal exceptions (20 events):
Event: 0.176 Thread 0x000002c2fd82b820 Exception <a 'java/lang/NoSuchMethodError'{0x00000006986d8158}: 'java.lang.Object java.lang.invoke.DirectMethodHandle$Holder.invokeStatic(java.lang.Object, java.lang.Object, int)'> (0x00000006986d8158) 
thrown [s\src\hotspot\share\interpreter\linkResolver.cpp, line 759]
Event: 0.177 Thread 0x000002c2fd82b820 Exception <a 'java/lang/NoSuchMethodError'{0x00000006986e3ec8}: 'void java.lang.invoke.DelegatingMethodHandle$Holder.delegate(java.lang.Object, java.lang.Object, int, java.lang.Object)'> (0x00000006986e3ec8) 
thrown [s\src\hotspot\share\interpreter\linkResolver.cpp, line 759]
Event: 0.178 Thread 0x000002c2fd82b820 Exception <a 'java/lang/NoSuchMethodError'{0x00000006986e8108}: 'int java.lang.invoke.DirectMethodHandle$Holder.invokeSpecial(java.lang.Object, java.lang.Object, java.lang.Object)'> (0x00000006986e8108) 
thrown [s\src\hotspot\share\interpreter\linkResolver.cpp, line 759]
Event: 0.210 Thread 0x000002c2fd82b820 Exception <a 'sun/nio/fs/WindowsException'{0x0000000698767a28}> (0x0000000698767a28) 
thrown [s\src\hotspot\share\prims\jni.cpp, line 516]
Event: 0.211 Thread 0x000002c2fd82b820 Exception <a 'sun/nio/fs/WindowsException'{0x0000000698767f68}> (0x0000000698767f68) 
thrown [s\src\hotspot\share\prims\jni.cpp, line 516]
Event: 0.228 Thread 0x000002c2fd82b820 Exception <a 'sun/nio/fs/WindowsException'{0x0000000698053970}> (0x0000000698053970) 
thrown [s\src\hotspot\share\prims\jni.cpp, line 516]
Event: 0.228 Thread 0x000002c2fd82b820 Exception <a 'sun/nio/fs/WindowsException'{0x0000000698053cc8}> (0x0000000698053cc8) 
thrown [s\src\hotspot\share\prims\jni.cpp, line 516]
Event: 0.232 Thread 0x000002c2fd82b820 Exception <a 'java/lang/NoSuchMethodError'{0x0000000698086088}: 'java.lang.Object java.lang.invoke.DirectMethodHandle$Holder.invokeStaticInit(java.lang.Object)'> (0x0000000698086088) 
thrown [s\src\hotspot\share\interpreter\linkResolver.cpp, line 759]
Event: 0.236 Thread 0x000002c2fd82b820 Exception <a 'java/lang/NoSuchMethodError'{0x00000006980a3260}: 'int java.lang.invoke.DirectMethodHandle$Holder.invokeStaticInit(java.lang.Object, java.lang.Object, int, long)'> (0x00000006980a3260) 
thrown [s\src\hotspot\share\interpreter\linkResolver.cpp, line 759]
Event: 0.236 Thread 0x000002c2fd82b820 Exception <a 'java/lang/NoSuchMethodError'{0x00000006980a8b28}: 'java.lang.Object java.lang.invoke.DirectMethodHandle$Holder.newInvokeSpecial(java.lang.Object, java.lang.Object, int)'> (0x00000006980a8b28) 
thrown [s\src\hotspot\share\interpreter\linkResolver.cpp, line 759]
Event: 0.237 Thread 0x000002c2fd82b820 Exception <a 'java/lang/NoSuchMethodError'{0x00000006980b7aa8}: 'int java.lang.invoke.DirectMethodHandle$Holder.invokeStaticInit(java.lang.Object, java.lang.Object, long, long)'> (0x00000006980b7aa8) 
thrown [s\src\hotspot\share\interpreter\linkResolver.cpp, line 759]
Event: 0.238 Thread 0x000002c2fd82b820 Exception <a 'java/lang/NoSuchMethodError'{0x00000006980bdbb8}: 'java.lang.Object java.lang.invoke.DirectMethodHandle$Holder.newInvokeSpecial(java.lang.Object, java.lang.Object, long)'> (0x00000006980bdbb8) 
thrown [s\src\hotspot\share\interpreter\linkResolver.cpp, line 759]
Event: 0.238 Thread 0x000002c2fd82b820 Exception <a 'java/lang/NoSuchMethodError'{0x00000006980c1f98}: 'java.lang.Object java.lang.invoke.Invokers$Holder.linkToTargetMethod(java.lang.Object, long, java.lang.Object)'> (0x00000006980c1f98) 
thrown [s\src\hotspot\share\interpreter\linkResolver.cpp, line 759]
Event: 0.239 Thread 0x000002c2fd82b820 Exception <a 'java/lang/NoSuchMethodError'{0x00000006980c96b0}: 'int java.lang.invoke.DirectMethodHandle$Holder.invokeStaticInit(java.lang.Object, java.lang.Object, java.lang.Object, long)'> (0x00000006980c96b0) 
thrown [s\src\hotspot\share\interpreter\linkResolver.cpp, line 759]
Event: 0.600 Thread 0x000002c2fd82b820 Exception <a 'sun/nio/fs/WindowsException'{0x00000006981661e8}> (0x00000006981661e8) 
thrown [s\src\hotspot\share\prims\jni.cpp, line 516]
Event: 0.600 Thread 0x000002c2fd82b820 Exception <a 'sun/nio/fs/WindowsException'{0x0000000698166578}> (0x0000000698166578) 
thrown [s\src\hotspot\share\prims\jni.cpp, line 516]
Event: 0.604 Thread 0x000002c2fd82b820 Exception <a 'sun/nio/fs/WindowsException'{0x0000000698173688}> (0x0000000698173688) 
thrown [s\src\hotspot\share\prims\jni.cpp, line 516]
Event: 0.604 Thread 0x000002c2fd82b820 Exception <a 'sun/nio/fs/WindowsException'{0x0000000698173958}> (0x0000000698173958) 
thrown [s\src\hotspot\share\prims\jni.cpp, line 516]
Event: 0.694 Thread 0x000002c2fd82b820 Exception <a 'sun/nio/fs/WindowsException'{0x0000000697c34e80}> (0x0000000697c34e80) 
thrown [s\src\hotspot\share\prims\jni.cpp, line 516]
Event: 0.694 Thread 0x000002c2fd82b820 Exception <a 'sun/nio/fs/WindowsException'{0x0000000697c351f0}> (0x0000000697c351f0) 
thrown [s\src\hotspot\share\prims\jni.cpp, line 516]

VM Operations (18 events):
Event: 0.130 Executing VM operation: HandshakeAllThreads
Event: 0.130 Executing VM operation: HandshakeAllThreads done
Event: 1.144 Executing VM operation: Cleanup
Event: 1.144 Executing VM operation: Cleanup done
Event: 2.149 Executing VM operation: Cleanup
Event: 2.149 Executing VM operation: Cleanup done
Event: 2.870 Executing VM operation: G1CollectForAllocation
Event: 2.873 Executing VM operation: G1CollectForAllocation done
Event: 3.881 Executing VM operation: Cleanup
Event: 3.882 Executing VM operation: Cleanup done
Event: 5.897 Executing VM operation: Cleanup
Event: 5.897 Executing VM operation: Cleanup done
Event: 8.557 Executing VM operation: G1CollectForAllocation
Event: 8.559 Executing VM operation: G1CollectForAllocation done
Event: 8.778 Executing VM operation: G1CollectForAllocation
Event: 8.782 Executing VM operation: G1CollectForAllocation done
Event: 8.900 Executing VM operation: G1CollectForAllocation
Event: 8.910 Executing VM operation: G1CollectForAllocation done

Events (20 events):
Event: 0.877 loading class java/lang/NumberFormatException
Event: 0.877 loading class java/lang/NumberFormatException done
Event: 0.877 loading class java/math/BigInteger
Event: 0.878 loading class java/math/BigInteger done
Event: 1.735 Thread 0x000002c2ac45ed00 Thread added: 0x000002c2ac45ed00
Event: 1.742 Thread 0x000002c2ac7b9820 Thread added: 0x000002c2ac7b9820
Event: 2.130 Thread 0x000002c2ac7b9820 Thread exited: 0x000002c2ac7b9820
Event: 2.130 Thread 0x000002c2ac45ed00 Thread exited: 0x000002c2ac45ed00
Event: 2.427 Thread 0x000002c2ac7b9820 Thread added: 0x000002c2ac7b9820
Event: 2.560 Thread 0x000002c2ac7b9820 Thread exited: 0x000002c2ac7b9820
Event: 2.870 Thread 0x000002c2ac62ecd0 Thread added: 0x000002c2ac62ecd0
Event: 2.877 Thread 0x000002c2ac733540 Thread added: 0x000002c2ac733540
Event: 3.009 Thread 0x000002c2ac733540 Thread exited: 0x000002c2ac733540
Event: 3.151 Thread 0x000002c2ac62ecd0 Thread exited: 0x000002c2ac62ecd0
Event: 3.458 Thread 0x000002c2ac7b9820 Thread added: 0x000002c2ac7b9820
Event: 3.988 Thread 0x000002c2ac7b9820 Thread exited: 0x000002c2ac7b9820
Event: 8.544 Thread 0x000002c2ac733540 Thread added: 0x000002c2ac733540
Event: 8.544 Thread 0x000002c2ac5a4640 Thread added: 0x000002c2ac5a4640
Event: 8.802 Thread 0x000002c2ac5a4640 Thread exited: 0x000002c2ac5a4640
Event: 8.802 Thread 0x000002c2ac733540 Thread exited: 0x000002c2ac733540


Dynamic libraries:
0x00007ff7a7750000 - 0x00007ff7a775e000 	C:\Users\alex\.p2\pool\plugins\org.eclipse.justj.openjdk.hotspot.jre.full.win32.x86_64_17.0.7.v20230425-1502\jre\bin\javaw.exe
0x00007ff839150000 - 0x00007ff839348000 	C:\WINDOWS\SYSTEM32\ntdll.dll
0x00007ff837f10000 - 0x00007ff837fd2000 	C:\WINDOWS\System32\KERNEL32.DLL
0x00007ff836d10000 - 0x00007ff837006000 	C:\WINDOWS\System32\KERNELBASE.dll
0x00007ff836960000 - 0x00007ff836a60000 	C:\WINDOWS\System32\ucrtbase.dll
0x00007ff833290000 - 0x00007ff8332a7000 	C:\Users\alex\.p2\pool\plugins\org.eclipse.justj.openjdk.hotspot.jre.full.win32.x86_64_17.0.7.v20230425-1502\jre\bin\jli.dll
0x00007ff833260000 - 0x00007ff833279000 	C:\Users\alex\.p2\pool\plugins\org.eclipse.justj.openjdk.hotspot.jre.full.win32.x86_64_17.0.7.v20230425-1502\jre\bin\VCRUNTIME140.dll
0x00007ff837270000 - 0x00007ff837411000 	C:\WINDOWS\System32\USER32.dll
0x00007ff836a90000 - 0x00007ff836ab2000 	C:\WINDOWS\System32\win32u.dll
0x00007ff820410000 - 0x00007ff8206ab000 	C:\WINDOWS\WinSxS\amd64_microsoft.windows.common-controls_6595b64144ccf1df_6.0.19041.6456_none_60b8a6cb71f64256\COMCTL32.dll
0x00007ff839080000 - 0x00007ff8390ab000 	C:\WINDOWS\System32\GDI32.dll
0x00007ff837d10000 - 0x00007ff837dae000 	C:\WINDOWS\System32\msvcrt.dll
0x00007ff837010000 - 0x00007ff837129000 	C:\WINDOWS\System32\gdi32full.dll
0x00007ff836ac0000 - 0x00007ff836b5d000 	C:\WINDOWS\System32\msvcp_win.dll
0x00007ff838d70000 - 0x00007ff838d9f000 	C:\WINDOWS\System32\IMM32.DLL
0x00007ff8332e0000 - 0x00007ff8332ec000 	C:\Users\alex\.p2\pool\plugins\org.eclipse.justj.openjdk.hotspot.jre.full.win32.x86_64_17.0.7.v20230425-1502\jre\bin\vcruntime140_1.dll
0x00007ffff88b0000 - 0x00007ffff8941000 	C:\Users\alex\.p2\pool\plugins\org.eclipse.justj.openjdk.hotspot.jre.full.win32.x86_64_17.0.7.v20230425-1502\jre\bin\msvcp140.dll
0x00007fffd2790000 - 0x00007fffd33d8000 	C:\Users\alex\.p2\pool\plugins\org.eclipse.justj.openjdk.hotspot.jre.full.win32.x86_64_17.0.7.v20230425-1502\jre\bin\server\jvm.dll
0x00007ff838430000 - 0x00007ff8384e1000 	C:\WINDOWS\System32\ADVAPI32.dll
0x00007ff838fe0000 - 0x00007ff83907f000 	C:\WINDOWS\System32\sechost.dll
0x00007ff8382a0000 - 0x00007ff8383c0000 	C:\WINDOWS\System32\RPCRT4.dll
0x00007ff836a60000 - 0x00007ff836a87000 	C:\WINDOWS\System32\bcrypt.dll
0x00007ff826f90000 - 0x00007ff826fb7000 	C:\WINDOWS\SYSTEM32\WINMM.dll
0x00007ff821010000 - 0x00007ff821019000 	C:\WINDOWS\SYSTEM32\WSOCK32.dll
0x00007ff82e0a0000 - 0x00007ff82e0aa000 	C:\WINDOWS\SYSTEM32\VERSION.dll
0x00007ff8383c0000 - 0x00007ff83842b000 	C:\WINDOWS\System32\WS2_32.dll
0x00007ff834720000 - 0x00007ff834732000 	C:\WINDOWS\SYSTEM32\kernel.appcore.dll
0x00007ff831d90000 - 0x00007ff831d9a000 	C:\Users\alex\.p2\pool\plugins\org.eclipse.justj.openjdk.hotspot.jre.full.win32.x86_64_17.0.7.v20230425-1502\jre\bin\jimage.dll
0x00007ff8237e0000 - 0x00007ff8239e1000 	C:\WINDOWS\SYSTEM32\DBGHELP.DLL
0x00007ffffe0b0000 - 0x00007ffffe0e4000 	C:\WINDOWS\SYSTEM32\dbgcore.DLL
0x00007ff8368d0000 - 0x00007ff836952000 	C:\WINDOWS\System32\bcryptPrimitives.dll
0x00007ff82ca80000 - 0x00007ff82caa5000 	C:\Users\alex\.p2\pool\plugins\org.eclipse.justj.openjdk.hotspot.jre.full.win32.x86_64_17.0.7.v20230425-1502\jre\bin\java.dll
0x00007ff81dc90000 - 0x00007ff81dca8000 	C:\Users\alex\.p2\pool\plugins\org.eclipse.justj.openjdk.hotspot.jre.full.win32.x86_64_17.0.7.v20230425-1502\jre\bin\zip.dll
0x00007ff8385a0000 - 0x00007ff838d10000 	C:\WINDOWS\System32\SHELL32.dll
0x00007ff834920000 - 0x00007ff8350c5000 	C:\WINDOWS\SYSTEM32\windows.storage.dll
0x00007ff837420000 - 0x00007ff837774000 	C:\WINDOWS\System32\combase.dll
0x00007ff836220000 - 0x00007ff83624b000 	C:\WINDOWS\SYSTEM32\Wldp.dll
0x00007ff837e30000 - 0x00007ff837efd000 	C:\WINDOWS\System32\OLEAUT32.dll
0x00007ff8381f0000 - 0x00007ff83829d000 	C:\WINDOWS\System32\SHCORE.dll
0x00007ff838f60000 - 0x00007ff838fbb000 	C:\WINDOWS\System32\shlwapi.dll
0x00007ff836800000 - 0x00007ff836824000 	C:\WINDOWS\SYSTEM32\profapi.dll
0x00007ff81d4b0000 - 0x00007ff81d4c9000 	C:\Users\alex\.p2\pool\plugins\org.eclipse.justj.openjdk.hotspot.jre.full.win32.x86_64_17.0.7.v20230425-1502\jre\bin\net.dll
0x00007ff82e340000 - 0x00007ff82e44a000 	C:\WINDOWS\SYSTEM32\WINHTTP.dll
0x00007ff836000000 - 0x00007ff83606a000 	C:\WINDOWS\system32\mswsock.dll
0x00007ff81d3e0000 - 0x00007ff81d3f5000 	C:\Users\alex\.p2\pool\plugins\org.eclipse.justj.openjdk.hotspot.jre.full.win32.x86_64_17.0.7.v20230425-1502\jre\bin\nio.dll
0x00007ffff8790000 - 0x00007ffff880b000 	C:\Users\alex\AppData\Local\Temp\lwjgl_alex\3.3.4+7\x64\lwjgl.dll
0x00007fffe2e50000 - 0x00007fffe2ed5000 	C:\Users\alex\AppData\Local\Temp\lwjgl_alex\3.3.4+7\x64\glfw.dll
0x00007ff80a130000 - 0x00007ff80a175000 	C:\WINDOWS\SYSTEM32\dinput8.dll
0x00007ff820920000 - 0x00007ff820931000 	C:\WINDOWS\SYSTEM32\xinput1_4.dll
0x00007ff836b60000 - 0x00007ff836bae000 	C:\WINDOWS\System32\cfgmgr32.dll
0x00007ff836660000 - 0x00007ff836693000 	C:\WINDOWS\SYSTEM32\DEVOBJ.dll
0x00007ff834340000 - 0x00007ff83436e000 	C:\WINDOWS\SYSTEM32\dwmapi.dll
0x00007ff82b5d0000 - 0x00007ff82b722000 	C:\WINDOWS\SYSTEM32\inputhost.dll
0x00007ff832550000 - 0x00007ff8326a7000 	C:\WINDOWS\SYSTEM32\wintypes.dll
0x00007ff8339d0000 - 0x00007ff833ac2000 	C:\WINDOWS\SYSTEM32\CoreMessaging.dll
0x00007ff831b60000 - 0x00007ff831c54000 	C:\WINDOWS\SYSTEM32\PROPSYS.dll
0x00007ff833670000 - 0x00007ff8339cb000 	C:\WINDOWS\SYSTEM32\CoreUIComponents.dll
0x00007ff835b20000 - 0x00007ff835b53000 	C:\WINDOWS\SYSTEM32\ntmarta.dll
0x00007ff834210000 - 0x00007ff8342ae000 	C:\WINDOWS\system32\uxtheme.dll
0x00007ff837780000 - 0x00007ff837895000 	C:\WINDOWS\System32\MSCTF.dll
0x00007fffdde00000 - 0x00007fffddf28000 	C:\WINDOWS\SYSTEM32\opengl32.dll
0x00007ff8097c0000 - 0x00007ff8097ec000 	C:\WINDOWS\SYSTEM32\GLU32.dll
0x00007ff8384f0000 - 0x00007ff838599000 	C:\WINDOWS\System32\clbcatq.dll
0x00007fff706d0000 - 0x00007fff7368f000 	C:\WINDOWS\System32\DriverStore\FileRepository\nvgbdi.inf_amd64_4a2574804558c4b2\nvoglv64.dll
0x00007ff8378a0000 - 0x00007ff837d10000 	C:\WINDOWS\System32\SETUPAPI.dll
0x00007ff837fe0000 - 0x00007ff83810b000 	C:\WINDOWS\System32\ole32.dll
0x00007ff831e40000 - 0x00007ff831e54000 	C:\WINDOWS\SYSTEM32\WTSAPI32.dll
0x00007ff836190000 - 0x00007ff83619c000 	C:\WINDOWS\SYSTEM32\CRYPTBASE.DLL
0x00007ff836490000 - 0x00007ff8364a2000 	C:\WINDOWS\SYSTEM32\msasn1.dll
0x00007ff82e0b0000 - 0x00007ff82e0e1000 	C:\WINDOWS\SYSTEM32\cryptnet.dll
0x00007ff836bb0000 - 0x00007ff836d0d000 	C:\WINDOWS\System32\CRYPT32.dll
0x00007ff82b1a0000 - 0x00007ff82b2e7000 	C:\WINDOWS\SYSTEM32\drvstore.dll
0x00007ff837130000 - 0x00007ff8371a3000 	C:\WINDOWS\System32\WINTRUST.dll
0x00007ff830ce0000 - 0x00007ff830d1b000 	C:\WINDOWS\SYSTEM32\dxcore.dll
0x00007fffa5530000 - 0x00007fffa57f5000 	C:\WINDOWS\system32\nvspcap64.dll
0x00007ff835dc0000 - 0x00007ff835e0b000 	C:\WINDOWS\SYSTEM32\powrprof.dll
0x00007ff835c90000 - 0x00007ff835ca2000 	C:\WINDOWS\SYSTEM32\UMPDC.dll
0x00007ff835650000 - 0x00007ff8356b3000 	C:\WINDOWS\SYSTEM32\WINSTA.dll
0x00007ff82b8f0000 - 0x00007ff82b9e9000 	C:\WINDOWS\SYSTEM32\textinputframework.dll
0x00007ff807560000 - 0x00007ff8075c6000 	C:\WINDOWS\system32\Oleacc.dll
0x00007ffff8720000 - 0x00007ffff8781000 	C:\Users\alex\AppData\Local\Temp\lwjgl_alex\3.3.4+7\x64\lwjgl_opengl.dll
0x00007fffdf9e0000 - 0x00007fffdfa80000 	C:\Users\alex\AppData\Local\Temp\lwjgl_alex\3.3.4+7\x64\lwjgl_stb.dll
0x00007ff8312c0000 - 0x00007ff8312d0000 	C:\Users\alex\.p2\pool\plugins\org.eclipse.justj.openjdk.hotspot.jre.full.win32.x86_64_17.0.7.v20230425-1502\jre\bin\verify.dll

dbghelp: loaded successfully - version: 4.0.5 - missing functions: none
symbol engine: initialized successfully - sym options: 0x614 - pdb path: .;C:\Users\alex\.p2\pool\plugins\org.eclipse.justj.openjdk.hotspot.jre.full.win32.x86_64_17.0.7.v20230425-1502\jre\bin;C:\WINDOWS\SYSTEM32;C:\WINDOWS\WinSxS\amd64_microsoft.windows.common-controls_6595b64144ccf1df_6.0.19041.6456_none_60b8a6cb71f64256;C:\Users\alex\.p2\pool\plugins\org.eclipse.justj.openjdk.hotspot.jre.full.win32.x86_64_17.0.7.v20230425-1502\jre\bin\server;C:\Users\alex\AppData\Local\Temp\lwjgl_alex\3.3.4+7\x64;C:\WINDOWS\System32\DriverStore\FileRepository\nvgbdi.inf_amd64_4a2574804558c4b2

VM Arguments:
jvm_args: -Dfile.encoding=UTF-8 -XX:+ShowCodeDetailsInExceptionMessages 
java_command: main.Main
java_class_path (initial): D:\Code Space\Java\CurrentRenderingPipeline\bin;D:\Code Space\Java\CurrentRenderingPipeline\lib\jars\jbullet.jar;D:\Code Space\Java\CurrentRenderingPipeline\lib\jars\jinput-2.0.10.jar;D:\Code Space\Java\CurrentRenderingPipeline\lib\jars\joml-1.10.7.jar;D:\Code Space\Java\CurrentRenderingPipeline\lib\jars\joml-1.10.7-javadoc.jar;D:\Code Space\Java\CurrentRenderingPipeline\lib\jars\joml-1.10.7-sources.jar;D:\Code Space\Java\CurrentRenderingPipeline\lib\jars\lwjgl_util.jar;D:\Code Space\Java\CurrentRenderingPipeline\lib\jars\lwjgl.jar;D:\Code Space\Java\CurrentRenderingPipeline\lib\jars\lwjgl-assimp.jar;D:\Code Space\Java\CurrentRenderingPipeline\lib\jars\lwjgl-assimp-javadoc.jar;D:\Code Space\Java\CurrentRenderingPipeline\lib\jars\lwjgl-assimp-natives-windows.jar;D:\Code Space\Java\CurrentRenderingPipeline\lib\jars\lwjgl-assimp-sources.jar;D:\Code Space\Java\CurrentRenderingPipeline\lib\jars\lwjgl-glfw.jar;D:\Code Space\Java\CurrentRenderingPipeline\lib\jars\lwjgl-glfw-javadoc.jar;D:\Code Space\Java\CurrentRenderingPipeline\lib\jars\lwjgl-glfw-natives-windows.jar;D:\Code Space\Java\CurrentRenderingPipeline\lib\jars\lwjgl-glfw-sources.jar;D:\Code Space\Java\CurrentRenderingPipeline\lib\jars\lwjgl-javadoc.jar;D:\Code Space\Java\CurrentRenderingPipeline\lib\jars\lwjgl-natives-windows.jar;D:\Code Space\Java\CurrentRenderingPipeline\lib\jars\lwjgl-openal.jar;D:\Code Space\Java\CurrentRenderingPipeline\lib\jars\lwjgl-openal-javadoc.jar;D:\Code Space\Java\CurrentRenderingPipeline\lib\jars\lwjgl-openal-natives-windows.jar;D:\Code Space\Java\CurrentRenderingPipeline\lib\jars\lwjgl-openal-sources.jar;D:\Code Space\Java\CurrentRenderingPipeline\lib\jars\lwjgl-opengl.jar;D:\Code Space\Java\CurrentRenderingPipeline\lib\jars\lwjgl-opengl-javadoc.jar;D:\Code Space\Java\CurrentRenderingPipeline\lib\jars\lwjgl-opengl-natives-windows.jar;D:\Code Space\Java\CurrentRenderingPipeline\lib\jars\lwjgl-opengl-sources.jar;D:\Code Space\Java\CurrentRenderingPipeline
Launcher Type: SUN_STANDARD

[Global flags]
     intx CICompilerCount                          = 4                                         {product} {ergonomic}
     uint ConcGCThreads                            = 2                                         {product} {ergonomic}
     uint G1ConcRefinementThreads                  = 8                                         {product} {ergonomic}
   size_t G1HeapRegionSize                         = 4194304                                   {product} {ergonomic}
    uintx GCDrainStackTargetSize                   = 64                                        {product} {ergonomic}
   size_t InitialHeapSize                          = 402653184                                 {product} {ergonomic}
   size_t MarkStackSize                            = 4194304                                   {product} {ergonomic}
   size_t MaxHeapSize                              = 6434062336                                {product} {ergonomic}
   size_t MaxNewSize                               = 3858759680                                {product} {ergonomic}
   size_t MinHeapDeltaBytes                        = 4194304                                   {product} {ergonomic}
   size_t MinHeapSize                              = 8388608                                   {product} {ergonomic}
    uintx NonNMethodCodeHeapSize                   = 5839372                                {pd product} {ergonomic}
    uintx NonProfiledCodeHeapSize                  = 122909434                              {pd product} {ergonomic}
    uintx ProfiledCodeHeapSize                     = 122909434                              {pd product} {ergonomic}
    uintx ReservedCodeCacheSize                    = 251658240                              {pd product} {ergonomic}
     bool SegmentedCodeCache                       = true                                      {product} {ergonomic}
     bool ShowCodeDetailsInExceptionMessages       = true                                   {manageable} {command line}
   size_t SoftMaxHeapSize                          = 6434062336                             {manageable} {ergonomic}
     bool UseCompressedClassPointers               = true                           {product lp64_product} {ergonomic}
     bool UseCompressedOops                        = true                           {product lp64_product} {ergonomic}
     bool UseG1GC                                  = true                                      {product} {ergonomic}
     bool UseLargePagesIndividualAllocation        = false                                  {pd product} {ergonomic}

Logging:
Log output configuration:
 #0: stdout all=warning uptime,level,tags
 #1: stderr all=off uptime,level,tags

Environment Variables:
JAVA_HOME=C:\Program Files\Java\jre1.8.0_281\lib
CLASSPATH=C:\Users\Sunbond\Documents\apache-tomcat-8.5.65\lib\servlet-api.jar
PATH=C:/Users/alex/.p2/pool/plugins/org.eclipse.justj.openjdk.hotspot.jre.full.win32.x86_64_17.0.7.v20230425-1502/jre/bin/server;C:/Users/alex/.p2/pool/plugins/org.eclipse.justj.openjdk.hotspot.jre.full.win32.x86_64_17.0.7.v20230425-1502/jre/bin;C:\Python312\Scripts\;C:\Python312\;C:\Program Files\Eclipse Adoptium\jdk-21.0.1.12-hotspot\bin;C:\Python311\Scripts\;C:\Python311\;C:\Program Files\Zulu\zulu-17\bin\;C:\Program Files\Eclipse Foundation\jdk-8.0.302.8-hotspot\bin;C:\PROGRAM FILES (X86)\COMMON FILES\ORACLE\JAVA\JAVAPATH;C:\WINDOWS\SYSTEM32;C:\WINDOWS;C:\WINDOWS\SYSTEM32\WBEM;C:\WINDOWS\SYSTEM32\WINDOWSPOWERSHELL\V1.0\;C:\WINDOWS\SYSTEM32\OPENSSH\;C:\PROGRAM FILES\NVIDIA CORPORATION\NVIDIA NVDLISR;C:\PROGRAM FILES (X86)\NVIDIA CORPORATION\PHYSX\COMMON;C:\PROGRAM FILES\DOTNET\;C:\USERDATA\GIT\CMD;C:\PROGRAM FILES\MICROSOFT SQL SERVER\130\TOOLS\BINN\;C:\PROGRAM FILES\MICROSOFT SQL SERVER\CLIENT SDK\ODBC\170\TOOLS\BINN\;C:\PROGRAM FILES\AZURE DATA STUDIO\BIN;C:\PROGRAM FILES (X86)\MICROSOFT SQL SERVER\150\DTS\BINN\;C:\PROGRAM FILES (X86)\MICROSOFT SQL SERVER\150\TOOLS\BINN\;C:\PROGRAM FILES\MICROSOFT SQL SERVER\150\TOOLS\BINN\;C:\PROGRAM FILES\MICROSOFT SQL SERVER\150\DTS\BINN\;C:\PROGRAM FILES\MICROSOFT SQL SERVER\120\TOOLS\BINN\;C:\MAMP\BIN\PHP\PHP7.4.1\PHP.EXE;C:\MAMP\BIN\PHP\PHP7.4.1\;C:\ProgramData\chocolatey\bin;C:\UserData\Git\cmd;C:\Program Files\sfdx\bin;C:\Program Files\Java\jdk1.8.0_281\lib;C:\Program Files\Java\jre1.8.0_281\lib;C:\MinGW\bin;D:\Code Space\NodeJS\;D:\Android Studio\SDKs\platform-tools;D:\Android Studio\SDKs\emulator;;C:\Program Files\Docker\Docker\resources\bin;C:\Users\alex\AppData\Local\Microsoft\WindowsApps;C:\Users\alex\AppData\Local\Programs\Microsoft VS Code\bin;C:\Users\alex\AppData\Local\GitHubDesktop\bin;C:\Users\alex\.dotnet\tools;C:\Program Files\Java\jre1.8.0_281\lib;C:\Program Files\Java\jdk1.8.0_281\lib;C:\MinGW\bin;C:\Program Files\heroku\bin;C:\Progra~1\sf\bin;C:\Users\alex\AppData\Local\Microsoft\WinGet\Links;C:\Users\alex\
USERNAME=alex
OS=Windows_NT
PROCESSOR_IDENTIFIER=Intel64 Family 6 Model 158 Stepping 9, GenuineIntel
TMP=C:\Users\alex\AppData\Local\Temp
TEMP=C:\Users\alex\AppData\Local\Temp



---------------  S Y S T E M  ---------------

OS:
 Windows 10 , 64 bit Build 19041 (10.0.19041.5915)
OS uptime: 13 days 4:55 hours
Hyper-V role detected

CPU: total 8 (initial active 8) (4 cores per cpu, 2 threads per core) family 6 model 158 stepping 9 microcode 0xb4, cx8, cmov, fxsr, ht, mmx, 3dnowpref, sse, sse2, sse3, ssse3, sse4.1, sse4.2, popcnt, lzcnt, tsc, tscinvbit, avx, avx2, aes, erms, clmul, bmi1, bmi2, rtm, adx, fma, vzeroupper, clflush, clflushopt, hv

Memory: 4k page, system-wide physical 24540M (8809M free)
TotalPageFile size 88028M (AvailPageFile size 52423M)
current process WorkingSet (physical memory assigned to process): 423M, peak: 427M
current process commit charge ("private bytes"): 1860M, peak: 1899M

vm_info: OpenJDK 64-Bit Server VM (17.0.7+7) for windows-amd64 JRE (17.0.7+7), built on Apr 18 2023 22:10:42 by "temurin" with MS VC++ 16.7 (VS2019)

END.
