#
# There is insufficient memory for the Java Runtime Environment to continue.
# Native memory allocation (mmap) failed to map 725614592 bytes for G1 virtual space
# Possible reasons:
#   The system is out of physical RAM or swap space
#   The process is running with CompressedOops enabled, and the Java Heap may be blocking the growth of the native heap
# Possible solutions:
#   Reduce memory load on the system
#   Increase physical memory or swap space
#   Check if swap backing store is full
#   Decrease Java heap size (-Xmx/-Xms)
#   Decrease number of Java threads
#   Decrease Java thread stack sizes (-Xss)
#   Set larger code cache with -XX:ReservedCodeCacheSize=
#   JVM is running with Zero Based Compressed Oops mode in which the Java heap is
#     placed in the first 32GB address space. The Java Heap base address is the
#     maximum limit for the native heap growth. Please use -XX:HeapBaseMinAddress
#     to set the Java Heap base and to place the Java Heap above 32GB virtual address.
# This output file may be truncated or incomplete.
#
#  Out of Memory Error (os_windows.cpp:3559), pid=18632, tid=13848
#
# JRE version: OpenJDK Runtime Environment Temurin-17.0.7+7 (17.0.7+7) (build 17.0.7+7)
# Java VM: OpenJDK 64-Bit Server VM Temurin-17.0.7+7 (17.0.7+7, mixed mode, tiered, compressed oops, compressed class ptrs, g1 gc, windows-amd64)
# No core dump will be written. Minidumps are not enabled by default on client versions of Windows
#

---------------  S U M M A R Y ------------

Command Line: -Dfile.encoding=UTF-8 -XX:+ShowCodeDetailsInExceptionMessages main.Main

Host: Intel(R) Core(TM) i7-7700 CPU @ 3.60GHz, 8 cores, 23G,  Windows 10 , 64 bit Build 19041 (10.0.19041.5915)
Time: Wed Nov 26 16:41:47 2025 US Mountain Standard Time elapsed time: 12.443172 seconds (0d 0h 0m 12s)

---------------  T H R E A D  ---------------

Current thread (0x00000183a102e4e0):  VMThread "VM Thread" [stack: 0x00000007d0500000,0x00000007d0600000] [id=13848]

Stack: [0x00000007d0500000,0x00000007d0600000]
Native frames: (J=compiled Java code, j=interpreted, Vv=VM code, C=native code)
V  [jvm.dll+0x67754a]
V  [jvm.dll+0x834304]
V  [jvm.dll+0x835aae]
V  [jvm.dll+0x836113]
V  [jvm.dll+0x24696f]
V  [jvm.dll+0x6743f9]
V  [jvm.dll+0x668c8a]
V  [jvm.dll+0x3061bb]
V  [jvm.dll+0x30d6a6]
V  [jvm.dll+0x35cece]
V  [jvm.dll+0x35d0ff]
V  [jvm.dll+0x2dd048]
V  [jvm.dll+0x2db20c]
V  [jvm.dll+0x2da7dc]
V  [jvm.dll+0x31e6db]
V  [jvm.dll+0x83a5bb]
V  [jvm.dll+0x83b2f4]
V  [jvm.dll+0x83b80c]
V  [jvm.dll+0x83bbe4]
V  [jvm.dll+0x83bcb0]
V  [jvm.dll+0x7e4e7a]
V  [jvm.dll+0x676395]
C  [ucrtbase.dll+0x21bb2]
C  [KERNEL32.DLL+0x17374]
C  [ntdll.dll+0x4cc91]

VM_Operation (0x00000007d2afeac0): G1CollectForAllocation, mode: safepoint, requested by thread 0x00000183a154e060


---------------  P R O C E S S  ---------------

Threads class SMR info:
_java_thread_list=0x00000183a8ae9940, length=20, elements={
0x00000183f8957f00, 0x00000183a1052020, 0x00000183a1053630, 0x00000183a1075290,
0x00000183a1078d70, 0x00000183a107bed0, 0x00000183a107d020, 0x00000183a1082140,
0x00000183a1083380, 0x00000183a1086560, 0x00000183a1214320, 0x00000183a1227840,
0x00000183a8cc1ad0, 0x00000183a8cc1fa0, 0x00000183a8cc3480, 0x00000183a8cc3950,
0x00000183a154b510, 0x00000183a154db90, 0x00000183a154e060, 0x00000183a154b040
}

Java Threads: ( => current thread )
  0x00000183f8957f00 JavaThread "main" [_thread_blocked, id=35384, stack(0x00000007cff00000,0x00000007d0000000)]
  0x00000183a1052020 JavaThread "Reference Handler" daemon [_thread_blocked, id=28444, stack(0x00000007d0600000,0x00000007d0700000)]
  0x00000183a1053630 JavaThread "Finalizer" daemon [_thread_blocked, id=2516, stack(0x00000007d0700000,0x00000007d0800000)]
  0x00000183a1075290 JavaThread "Signal Dispatcher" daemon [_thread_blocked, id=36804, stack(0x00000007d0800000,0x00000007d0900000)]
  0x00000183a1078d70 JavaThread "Attach Listener" daemon [_thread_blocked, id=776, stack(0x00000007d0900000,0x00000007d0a00000)]
  0x00000183a107bed0 JavaThread "Service Thread" daemon [_thread_blocked, id=35288, stack(0x00000007d0a00000,0x00000007d0b00000)]
  0x00000183a107d020 JavaThread "Monitor Deflation Thread" daemon [_thread_blocked, id=2752, stack(0x00000007d0b00000,0x00000007d0c00000)]
  0x00000183a1082140 JavaThread "C2 CompilerThread0" daemon [_thread_blocked, id=15356, stack(0x00000007d0c00000,0x00000007d0d00000)]
  0x00000183a1083380 JavaThread "C1 CompilerThread0" daemon [_thread_blocked, id=14196, stack(0x00000007d0d00000,0x00000007d0e00000)]
  0x00000183a1086560 JavaThread "Sweeper thread" daemon [_thread_blocked, id=2228, stack(0x00000007d0e00000,0x00000007d0f00000)]
  0x00000183a1214320 JavaThread "Notification Thread" daemon [_thread_blocked, id=32784, stack(0x00000007d0f00000,0x00000007d1000000)]
  0x00000183a1227840 JavaThread "Common-Cleaner" daemon [_thread_blocked, id=12744, stack(0x00000007d1100000,0x00000007d1200000)]
  0x00000183a8cc1ad0 JavaThread "pool-1-thread-1" [_thread_blocked, id=30788, stack(0x00000007d2400000,0x00000007d2500000)]
  0x00000183a8cc1fa0 JavaThread "pool-1-thread-2" [_thread_blocked, id=12416, stack(0x00000007d2500000,0x00000007d2600000)]
  0x00000183a8cc3480 JavaThread "pool-1-thread-3" [_thread_blocked, id=20000, stack(0x00000007d2600000,0x00000007d2700000)]
  0x00000183a8cc3950 JavaThread "pool-1-thread-4" [_thread_blocked, id=10316, stack(0x00000007d2700000,0x00000007d2800000)]
  0x00000183a154b510 JavaThread "pool-1-thread-5" [_thread_blocked, id=35768, stack(0x00000007d2800000,0x00000007d2900000)]
  0x00000183a154db90 JavaThread "pool-1-thread-6" [_thread_blocked, id=18936, stack(0x00000007d2900000,0x00000007d2a00000)]
  0x00000183a154e060 JavaThread "pool-1-thread-7" [_thread_blocked, id=4480, stack(0x00000007d2a00000,0x00000007d2b00000)]
  0x00000183a154b040 JavaThread "pool-1-thread-8" [_thread_blocked, id=36828, stack(0x00000007d2b00000,0x00000007d2c00000)]

Other Threads:
=>0x00000183a102e4e0 VMThread "VM Thread" [stack: 0x00000007d0500000,0x00000007d0600000] [id=13848]
  0x00000183f89f9060 WatcherThread [stack: 0x00000007d1000000,0x00000007d1100000] [id=30236]
  0x00000183f89e39b0 GCTaskThread "GC Thread#0" [stack: 0x00000007d0000000,0x00000007d0100000] [id=32968]
  0x00000183a8689250 GCTaskThread "GC Thread#1" [stack: 0x00000007d1900000,0x00000007d1a00000] [id=31704]
  0x00000183a86a4250 GCTaskThread "GC Thread#2" [stack: 0x00000007d1a00000,0x00000007d1b00000] [id=34912]
  0x00000183a86a4a60 GCTaskThread "GC Thread#3" [stack: 0x00000007d1b00000,0x00000007d1c00000] [id=34964]
  0x00000183a86a4d10 GCTaskThread "GC Thread#4" [stack: 0x00000007d1c00000,0x00000007d1d00000] [id=7672]
  0x00000183a86a47b0 GCTaskThread "GC Thread#5" [stack: 0x00000007d1d00000,0x00000007d1e00000] [id=14060]
  0x00000183a86a4fc0 GCTaskThread "GC Thread#6" [stack: 0x00000007d1e00000,0x00000007d1f00000] [id=24948]
  0x00000183a86a5270 GCTaskThread "GC Thread#7" [stack: 0x00000007d1f00000,0x00000007d2000000] [id=27056]
  0x00000183f89f1050 ConcurrentGCThread "G1 Main Marker" [stack: 0x00000007d0100000,0x00000007d0200000] [id=33696]
  0x00000183f89f1a60 ConcurrentGCThread "G1 Conc#0" [stack: 0x00000007d0200000,0x00000007d0300000] [id=25128]
  0x00000183ff062590 ConcurrentGCThread "G1 Refine#0" [stack: 0x00000007d0300000,0x00000007d0400000] [id=7408]
  0x00000183a8a89210 ConcurrentGCThread "G1 Refine#1" [stack: 0x00000007d1800000,0x00000007d1900000] [id=14600]
  0x00000183f5470590 ConcurrentGCThread "G1 Refine#2" [stack: 0x00000007d2000000,0x00000007d2100000] [id=33304]
  0x00000183a8587ad0 ConcurrentGCThread "G1 Refine#3" [stack: 0x00000007d2100000,0x00000007d2200000] [id=34536]
  0x00000183a87d5150 ConcurrentGCThread "G1 Refine#4" [stack: 0x00000007d2200000,0x00000007d2300000] [id=31588]
  0x00000183a8ae78b0 ConcurrentGCThread "G1 Refine#5" [stack: 0x00000007d2300000,0x00000007d2400000] [id=35568]
  0x00000183f4d5fcd0 ConcurrentGCThread "G1 Refine#6" [stack: 0x00000007d2c00000,0x00000007d2d00000] [id=35464]
  0x00000183a8587230 ConcurrentGCThread "G1 Refine#7" [stack: 0x00000007d2d00000,0x00000007d2e00000] [id=32940]
  0x00000183ff062ec0 ConcurrentGCThread "G1 Service" [stack: 0x00000007d0400000,0x00000007d0500000] [id=34412]

Threads with active compile tasks:

VM state: at safepoint (normal execution)

VM Mutex/Monitor currently owned by a thread:  ([mutex/lock_event])
[0x00000183f8952dc0] Threads_lock - owner thread: 0x00000183a102e4e0
[0x00000183f8953cf0] Heap_lock - owner thread: 0x00000183a154e060

Heap address: 0x0000000480400000, size: 6136 MB, Compressed Oops mode: Zero based, Oop shift amount: 3

CDS archive(s) not mapped
Compressed class space mapped at: 0x0000000600000000-0x0000000640000000, reserved size: 1073741824
Narrow klass base: 0x0000000000000000, Narrow klass shift: 3, Narrow klass range: 0x640000000

GC Precious Log:
 CPUs: 8 total, 8 available
 Memory: 24540M
 Large Page Support: Disabled
 NUMA Support: Disabled
 Compressed Oops: Enabled (Zero based)
 Heap Region Size: 4M
 Heap Min Capacity: 8M
 Heap Initial Capacity: 384M
 Heap Max Capacity: 6136M
 Pre-touch: Disabled
 Parallel Workers: 8
 Concurrent Workers: 2
 Concurrent Refinement Workers: 8
 Periodic GC: Disabled

Heap:
 garbage-first heap   total 2744320K, used 390392K [0x0000000480400000, 0x00000005ffc00000)
  region size 4096K, 20 young (81920K), 20 survivors (81920K)
 Metaspace       used 14310K, committed 14464K, reserved 1114112K
  class space    used 995K, committed 1088K, reserved 1048576K

Heap Regions: E=young(eden), S=young(survivor), O=old, HS=humongous(starts), HC=humongous(continues), CS=collection set, F=free, OA=open archive, CA=closed archive, TAMS=top-at-mark-start (previous, next)
|   0|0x0000000480400000, 0x0000000480800000, 0x0000000480800000|100%|HS|  |TAMS 0x0000000480400000, 0x0000000480400000| Complete 
|   1|0x0000000480800000, 0x0000000480c00000, 0x0000000480c00000|100%|HC|  |TAMS 0x0000000480800000, 0x0000000480800000| Complete 
|   2|0x0000000480c00000, 0x0000000481000000, 0x0000000481000000|100%|HC|  |TAMS 0x0000000480c00000, 0x0000000480c00000| Complete 
|   3|0x0000000481000000, 0x0000000481400000, 0x0000000481400000|100%| O|  |TAMS 0x0000000481000000, 0x0000000481000000| Untracked 
|   4|0x0000000481400000, 0x0000000481800000, 0x0000000481800000|100%|HS|  |TAMS 0x0000000481400000, 0x0000000481400000| Complete 
|   5|0x0000000481800000, 0x0000000481c00000, 0x0000000481c00000|100%|HC|  |TAMS 0x0000000481800000, 0x0000000481800000| Complete 
|   6|0x0000000481c00000, 0x0000000482000000, 0x0000000482000000|100%|HC|  |TAMS 0x0000000481c00000, 0x0000000481c00000| Complete 
|   7|0x0000000482000000, 0x0000000482400000, 0x0000000482400000|100%|HC|  |TAMS 0x0000000482000000, 0x0000000482000000| Complete 
|   8|0x0000000482400000, 0x0000000482800000, 0x0000000482800000|100%|HS|  |TAMS 0x0000000482400000, 0x0000000482400000| Complete 
|   9|0x0000000482800000, 0x0000000482c00000, 0x0000000482c00000|100%|HS|  |TAMS 0x0000000482800000, 0x0000000482800000| Complete 
|  10|0x0000000482c00000, 0x0000000483000000, 0x0000000483000000|100%|HS|  |TAMS 0x0000000482c00000, 0x0000000482c00000| Complete 
|  11|0x0000000483000000, 0x0000000483400000, 0x0000000483400000|100%|HS|  |TAMS 0x0000000483000000, 0x0000000483000000| Complete 
|  12|0x0000000483400000, 0x0000000483800000, 0x0000000483800000|100%|HS|  |TAMS 0x0000000483400000, 0x0000000483400000| Complete 
|  13|0x0000000483800000, 0x0000000483c00000, 0x0000000483c00000|100%|HS|  |TAMS 0x0000000483800000, 0x0000000483800000| Complete 
|  14|0x0000000483c00000, 0x0000000484000000, 0x0000000484000000|100%|HS|  |TAMS 0x0000000483c00000, 0x0000000483c00000| Complete 
|  15|0x0000000484000000, 0x0000000484400000, 0x0000000484400000|100%| O|  |TAMS 0x0000000484000000, 0x0000000484000000| Untracked 
|  16|0x0000000484400000, 0x0000000484800000, 0x0000000484800000|100%| O|  |TAMS 0x0000000484400000, 0x0000000484400000| Untracked 
|  17|0x0000000484800000, 0x0000000484c00000, 0x0000000484c00000|100%| O|  |TAMS 0x0000000484800000, 0x0000000484800000| Untracked 
|  18|0x0000000484c00000, 0x0000000485000000, 0x0000000485000000|100%| O|  |TAMS 0x0000000484c00000, 0x0000000484c00000| Untracked 
|  19|0x0000000485000000, 0x0000000485400000, 0x0000000485400000|100%| O|  |TAMS 0x0000000485000000, 0x0000000485000000| Untracked 
|  20|0x0000000485400000, 0x0000000485800000, 0x0000000485800000|100%| O|  |TAMS 0x0000000485400000, 0x0000000485400000| Untracked 
|  21|0x0000000485800000, 0x0000000485c00000, 0x0000000485c00000|100%| O|  |TAMS 0x0000000485800000, 0x0000000485800000| Untracked 
|  22|0x0000000485c00000, 0x0000000486000000, 0x0000000486000000|100%| O|  |TAMS 0x0000000485c00000, 0x0000000485c00000| Untracked 
|  23|0x0000000486000000, 0x0000000486400000, 0x0000000486400000|100%| O|  |TAMS 0x0000000486000000, 0x0000000486000000| Untracked 
|  24|0x0000000486400000, 0x0000000486800000, 0x0000000486800000|100%| O|  |TAMS 0x0000000486400000, 0x0000000486400000| Untracked 
|  25|0x0000000486800000, 0x0000000486c00000, 0x0000000486c00000|100%| O|  |TAMS 0x0000000486800000, 0x0000000486800000| Untracked 
|  26|0x0000000486c00000, 0x0000000487000000, 0x0000000487000000|100%| O|  |TAMS 0x0000000486c00000, 0x0000000486c00000| Untracked 
|  27|0x0000000487000000, 0x0000000487400000, 0x0000000487400000|100%|HS|  |TAMS 0x0000000487000000, 0x0000000487000000| Complete 
|  28|0x0000000487400000, 0x0000000487800000, 0x0000000487800000|100%|HS|  |TAMS 0x0000000487400000, 0x0000000487400000| Complete 
|  29|0x0000000487800000, 0x0000000487c00000, 0x0000000487c00000|100%|HS|  |TAMS 0x0000000487800000, 0x0000000487800000| Complete 
|  30|0x0000000487c00000, 0x0000000488000000, 0x0000000488000000|100%|HS|  |TAMS 0x0000000487c00000, 0x0000000487c00000| Complete 
|  31|0x0000000488000000, 0x0000000488400000, 0x0000000488400000|100%|HS|  |TAMS 0x0000000488000000, 0x0000000488000000| Complete 
|  32|0x0000000488400000, 0x0000000488800000, 0x0000000488800000|100%|HS|  |TAMS 0x0000000488400000, 0x0000000488400000| Complete 
|  33|0x0000000488800000, 0x0000000488c00000, 0x0000000488c00000|100%|HS|  |TAMS 0x0000000488800000, 0x0000000488800000| Complete 
|  34|0x0000000488c00000, 0x0000000489000000, 0x0000000489000000|100%|HS|  |TAMS 0x0000000488c00000, 0x0000000488c00000| Complete 
|  35|0x0000000489000000, 0x0000000489400000, 0x0000000489400000|100%| O|  |TAMS 0x0000000489000000, 0x0000000489000000| Untracked 
|  36|0x0000000489400000, 0x0000000489800000, 0x0000000489800000|100%| O|  |TAMS 0x0000000489400000, 0x0000000489400000| Untracked 
|  37|0x0000000489800000, 0x0000000489c00000, 0x0000000489c00000|100%| O|  |TAMS 0x0000000489800000, 0x0000000489800000| Untracked 
|  38|0x0000000489c00000, 0x000000048a000000, 0x000000048a000000|100%| O|  |TAMS 0x0000000489c00000, 0x0000000489c00000| Untracked 
|  39|0x000000048a000000, 0x000000048a400000, 0x000000048a400000|100%| O|  |TAMS 0x000000048a000000, 0x000000048a000000| Untracked 
|  40|0x000000048a400000, 0x000000048a800000, 0x000000048a800000|100%| O|  |TAMS 0x000000048a400000, 0x000000048a400000| Untracked 
|  41|0x000000048a800000, 0x000000048ac00000, 0x000000048ac00000|100%| O|  |TAMS 0x000000048a800000, 0x000000048a800000| Untracked 
|  42|0x000000048ac00000, 0x000000048b000000, 0x000000048b000000|100%|HS|  |TAMS 0x000000048ac00000, 0x000000048ac00000| Complete 
|  43|0x000000048b000000, 0x000000048b400000, 0x000000048b400000|100%|HS|  |TAMS 0x000000048b000000, 0x000000048b000000| Complete 
|  44|0x000000048b400000, 0x000000048b800000, 0x000000048b800000|100%|HS|  |TAMS 0x000000048b400000, 0x000000048b400000| Complete 
|  45|0x000000048b800000, 0x000000048bc00000, 0x000000048bc00000|100%|HS|  |TAMS 0x000000048b800000, 0x000000048b800000| Complete 
|  46|0x000000048bc00000, 0x000000048c000000, 0x000000048c000000|100%| O|  |TAMS 0x000000048bc00000, 0x000000048bc00000| Untracked 
|  47|0x000000048c000000, 0x000000048c400000, 0x000000048c400000|100%|HS|  |TAMS 0x000000048c000000, 0x000000048c000000| Complete 
|  48|0x000000048c400000, 0x000000048c800000, 0x000000048c800000|100%|HS|  |TAMS 0x000000048c400000, 0x000000048c400000| Complete 
|  49|0x000000048c800000, 0x000000048cc00000, 0x000000048cc00000|100%|HS|  |TAMS 0x000000048c800000, 0x000000048c800000| Complete 
|  50|0x000000048cc00000, 0x000000048d000000, 0x000000048d000000|100%|HS|  |TAMS 0x000000048cc00000, 0x000000048cc00000| Complete 
|  51|0x000000048d000000, 0x000000048d400000, 0x000000048d400000|100%| O|  |TAMS 0x000000048d000000, 0x000000048d000000| Untracked 
|  52|0x000000048d400000, 0x000000048d800000, 0x000000048d800000|100%| O|  |TAMS 0x000000048d400000, 0x000000048d400000| Untracked 
|  53|0x000000048d800000, 0x000000048dc00000, 0x000000048dc00000|100%| O|  |TAMS 0x000000048d800000, 0x000000048d800000| Untracked 
|  54|0x000000048dc00000, 0x000000048e000000, 0x000000048e000000|100%| O|  |TAMS 0x000000048dc00000, 0x000000048dc00000| Untracked 
|  55|0x000000048e000000, 0x000000048e400000, 0x000000048e400000|100%| O|  |TAMS 0x000000048e000000, 0x000000048e000000| Untracked 
|  56|0x000000048e400000, 0x000000048e800000, 0x000000048e800000|100%| O|  |TAMS 0x000000048e400000, 0x000000048e400000| Untracked 
|  57|0x000000048e800000, 0x000000048ec00000, 0x000000048ec00000|100%| O|  |TAMS 0x000000048e800000, 0x000000048e800000| Untracked 
|  58|0x000000048ec00000, 0x000000048f000000, 0x000000048f000000|100%| O|  |TAMS 0x000000048ec00000, 0x000000048ec00000| Untracked 
|  59|0x000000048f000000, 0x000000048f400000, 0x000000048f400000|100%| O|  |TAMS 0x000000048f000000, 0x000000048f000000| Untracked 
|  60|0x000000048f400000, 0x000000048f800000, 0x000000048f800000|100%| O|  |TAMS 0x000000048f400000, 0x000000048f400000| Untracked 
|  61|0x000000048f800000, 0x000000048fc00000, 0x000000048fc00000|100%| O|  |TAMS 0x000000048f800000, 0x000000048f800000| Untracked 
|  62|0x000000048fc00000, 0x0000000490000000, 0x0000000490000000|100%| O|  |TAMS 0x000000048fc00000, 0x000000048fc00000| Untracked 
|  63|0x0000000490000000, 0x0000000490381400, 0x0000000490400000| 87%| O|  |TAMS 0x0000000490000000, 0x0000000490000000| Untracked 
|  64|0x0000000490400000, 0x0000000490800000, 0x0000000490800000|100%|HS|  |TAMS 0x0000000490400000, 0x0000000490400000| Complete 
|  65|0x0000000490800000, 0x0000000490c00000, 0x0000000490c00000|100%|HS|  |TAMS 0x0000000490800000, 0x0000000490800000| Complete 
|  66|0x0000000490c00000, 0x0000000491000000, 0x0000000491000000|100%|HS|  |TAMS 0x0000000490c00000, 0x0000000490c00000| Complete 
|  67|0x0000000491000000, 0x0000000491400000, 0x0000000491400000|100%|HS|  |TAMS 0x0000000491000000, 0x0000000491000000| Complete 
|  68|0x0000000491400000, 0x0000000491800000, 0x0000000491800000|100%|HS|  |TAMS 0x0000000491400000, 0x0000000491400000| Complete 
|  69|0x0000000491800000, 0x0000000491c00000, 0x0000000491c00000|100%|HS|  |TAMS 0x0000000491800000, 0x0000000491800000| Complete 
|  70|0x0000000491c00000, 0x0000000492000000, 0x0000000492000000|100%|HS|  |TAMS 0x0000000491c00000, 0x0000000491c00000| Complete 
|  71|0x0000000492000000, 0x0000000492400000, 0x0000000492400000|100%|HS|  |TAMS 0x0000000492000000, 0x0000000492000000| Complete 
|  72|0x0000000492400000, 0x0000000492800000, 0x0000000492800000|100%|HS|  |TAMS 0x0000000492400000, 0x0000000492400000| Complete 
|  73|0x0000000492800000, 0x0000000492c00000, 0x0000000492c00000|100%|HS|  |TAMS 0x0000000492800000, 0x0000000492800000| Complete 
|  74|0x0000000492c00000, 0x0000000493000000, 0x0000000493000000|100%|HS|  |TAMS 0x0000000492c00000, 0x0000000492c00000| Complete 
|  75|0x0000000493000000, 0x0000000493400000, 0x0000000493400000|100%|HS|  |TAMS 0x0000000493000000, 0x0000000493000000| Complete 
|  76|0x0000000493400000, 0x0000000493400000, 0x0000000493800000|  0%| F|  |TAMS 0x0000000493400000, 0x0000000493400000| Untracked 
|  77|0x0000000493800000, 0x0000000493800000, 0x0000000493c00000|  0%| F|  |TAMS 0x0000000493800000, 0x0000000493800000| Untracked 
|  78|0x0000000493c00000, 0x0000000493c00000, 0x0000000494000000|  0%| F|  |TAMS 0x0000000493c00000, 0x0000000493c00000| Untracked 
|  79|0x0000000494000000, 0x0000000494000000, 0x0000000494400000|  0%| F|  |TAMS 0x0000000494000000, 0x0000000494000000| Untracked 
|  80|0x0000000494400000, 0x0000000494400000, 0x0000000494800000|  0%| F|  |TAMS 0x0000000494400000, 0x0000000494400000| Untracked 
|  81|0x0000000494800000, 0x0000000494800000, 0x0000000494c00000|  0%| F|  |TAMS 0x0000000494800000, 0x0000000494800000| Untracked 
|  82|0x0000000494c00000, 0x0000000494c00000, 0x0000000495000000|  0%| F|  |TAMS 0x0000000494c00000, 0x0000000494c00000| Untracked 
|  83|0x0000000495000000, 0x0000000495000000, 0x0000000495400000|  0%| F|  |TAMS 0x0000000495000000, 0x0000000495000000| Untracked 
|  84|0x0000000495400000, 0x0000000495400000, 0x0000000495800000|  0%| F|  |TAMS 0x0000000495400000, 0x0000000495400000| Untracked 
|  85|0x0000000495800000, 0x0000000495800000, 0x0000000495c00000|  0%| F|  |TAMS 0x0000000495800000, 0x0000000495800000| Untracked 
|  86|0x0000000495c00000, 0x0000000495c00000, 0x0000000496000000|  0%| F|  |TAMS 0x0000000495c00000, 0x0000000495c00000| Untracked 
|  87|0x0000000496000000, 0x0000000496000000, 0x0000000496400000|  0%| F|  |TAMS 0x0000000496000000, 0x0000000496000000| Untracked 
|  88|0x0000000496400000, 0x0000000496400000, 0x0000000496800000|  0%| F|  |TAMS 0x0000000496400000, 0x0000000496400000| Untracked 
|  89|0x0000000496800000, 0x0000000496800000, 0x0000000496c00000|  0%| F|  |TAMS 0x0000000496800000, 0x0000000496800000| Untracked 
|  90|0x0000000496c00000, 0x0000000496c00000, 0x0000000497000000|  0%| F|  |TAMS 0x0000000496c00000, 0x0000000496c00000| Untracked 
|  91|0x0000000497000000, 0x0000000497000000, 0x0000000497400000|  0%| F|  |TAMS 0x0000000497000000, 0x0000000497000000| Untracked 
|  92|0x0000000497400000, 0x0000000497400000, 0x0000000497800000|  0%| F|  |TAMS 0x0000000497400000, 0x0000000497400000| Untracked 
|  93|0x0000000497800000, 0x0000000497800000, 0x0000000497c00000|  0%| F|  |TAMS 0x0000000497800000, 0x0000000497800000| Untracked 
|  94|0x0000000497c00000, 0x0000000497c00000, 0x0000000498000000|  0%| F|  |TAMS 0x0000000497c00000, 0x0000000497c00000| Untracked 
|  95|0x0000000498000000, 0x0000000498000000, 0x0000000498400000|  0%| F|  |TAMS 0x0000000498000000, 0x0000000498000000| Untracked 
|  96|0x0000000498400000, 0x0000000498400000, 0x0000000498800000|  0%| F|  |TAMS 0x0000000498400000, 0x0000000498400000| Untracked 
|  97|0x0000000498800000, 0x0000000498800000, 0x0000000498c00000|  0%| F|  |TAMS 0x0000000498800000, 0x0000000498800000| Untracked 
|  98|0x0000000498c00000, 0x0000000498c00000, 0x0000000499000000|  0%| F|  |TAMS 0x0000000498c00000, 0x0000000498c00000| Untracked 
|  99|0x0000000499000000, 0x0000000499000000, 0x0000000499400000|  0%| F|  |TAMS 0x0000000499000000, 0x0000000499000000| Untracked 
| 100|0x0000000499400000, 0x0000000499400000, 0x0000000499800000|  0%| F|  |TAMS 0x0000000499400000, 0x0000000499400000| Untracked 
| 101|0x0000000499800000, 0x0000000499800000, 0x0000000499c00000|  0%| F|  |TAMS 0x0000000499800000, 0x0000000499800000| Untracked 
| 102|0x0000000499c00000, 0x0000000499c00000, 0x000000049a000000|  0%| F|  |TAMS 0x0000000499c00000, 0x0000000499c00000| Untracked 
| 103|0x000000049a000000, 0x000000049a000000, 0x000000049a400000|  0%| F|  |TAMS 0x000000049a000000, 0x000000049a000000| Untracked 
| 104|0x000000049a400000, 0x000000049a400000, 0x000000049a800000|  0%| F|  |TAMS 0x000000049a400000, 0x000000049a400000| Untracked 
| 105|0x000000049a800000, 0x000000049a800000, 0x000000049ac00000|  0%| F|  |TAMS 0x000000049a800000, 0x000000049a800000| Untracked 
| 106|0x000000049ac00000, 0x000000049ac00000, 0x000000049b000000|  0%| F|  |TAMS 0x000000049ac00000, 0x000000049ac00000| Untracked 
| 107|0x000000049b000000, 0x000000049b000000, 0x000000049b400000|  0%| F|  |TAMS 0x000000049b000000, 0x000000049b000000| Untracked 
| 108|0x000000049b400000, 0x000000049b400000, 0x000000049b800000|  0%| F|  |TAMS 0x000000049b400000, 0x000000049b400000| Untracked 
| 109|0x000000049b800000, 0x000000049b800000, 0x000000049bc00000|  0%| F|  |TAMS 0x000000049b800000, 0x000000049b800000| Untracked 
| 110|0x000000049bc00000, 0x000000049bc00000, 0x000000049c000000|  0%| F|  |TAMS 0x000000049bc00000, 0x000000049bc00000| Untracked 
| 111|0x000000049c000000, 0x000000049c000000, 0x000000049c400000|  0%| F|  |TAMS 0x000000049c000000, 0x000000049c000000| Untracked 
| 112|0x000000049c400000, 0x000000049c400000, 0x000000049c800000|  0%| F|  |TAMS 0x000000049c400000, 0x000000049c400000| Untracked 
| 113|0x000000049c800000, 0x000000049c800000, 0x000000049cc00000|  0%| F|  |TAMS 0x000000049c800000, 0x000000049c800000| Untracked 
| 114|0x000000049cc00000, 0x000000049cc00000, 0x000000049d000000|  0%| F|  |TAMS 0x000000049cc00000, 0x000000049cc00000| Untracked 
| 115|0x000000049d000000, 0x000000049d000000, 0x000000049d400000|  0%| F|  |TAMS 0x000000049d000000, 0x000000049d000000| Untracked 
| 116|0x000000049d400000, 0x000000049d400000, 0x000000049d800000|  0%| F|  |TAMS 0x000000049d400000, 0x000000049d400000| Untracked 
| 117|0x000000049d800000, 0x000000049d800000, 0x000000049dc00000|  0%| F|  |TAMS 0x000000049d800000, 0x000000049d800000| Untracked 
| 118|0x000000049dc00000, 0x000000049dc00000, 0x000000049e000000|  0%| F|  |TAMS 0x000000049dc00000, 0x000000049dc00000| Untracked 
| 119|0x000000049e000000, 0x000000049e000000, 0x000000049e400000|  0%| F|  |TAMS 0x000000049e000000, 0x000000049e000000| Untracked 
| 120|0x000000049e400000, 0x000000049e400000, 0x000000049e800000|  0%| F|  |TAMS 0x000000049e400000, 0x000000049e400000| Untracked 
| 121|0x000000049e800000, 0x000000049e800000, 0x000000049ec00000|  0%| F|  |TAMS 0x000000049e800000, 0x000000049e800000| Untracked 
| 122|0x000000049ec00000, 0x000000049ec00000, 0x000000049f000000|  0%| F|  |TAMS 0x000000049ec00000, 0x000000049ec00000| Untracked 
| 123|0x000000049f000000, 0x000000049f000000, 0x000000049f400000|  0%| F|  |TAMS 0x000000049f000000, 0x000000049f000000| Untracked 
| 124|0x000000049f400000, 0x000000049f400000, 0x000000049f800000|  0%| F|  |TAMS 0x000000049f400000, 0x000000049f400000| Untracked 
| 125|0x000000049f800000, 0x000000049f800000, 0x000000049fc00000|  0%| F|  |TAMS 0x000000049f800000, 0x000000049f800000| Untracked 
| 126|0x000000049fc00000, 0x000000049fc00000, 0x00000004a0000000|  0%| F|  |TAMS 0x000000049fc00000, 0x000000049fc00000| Untracked 
| 127|0x00000004a0000000, 0x00000004a0000000, 0x00000004a0400000|  0%| F|  |TAMS 0x00000004a0000000, 0x00000004a0000000| Untracked 
| 128|0x00000004a0400000, 0x00000004a0400000, 0x00000004a0800000|  0%| F|  |TAMS 0x00000004a0400000, 0x00000004a0400000| Untracked 
| 129|0x00000004a0800000, 0x00000004a0800000, 0x00000004a0c00000|  0%| F|  |TAMS 0x00000004a0800000, 0x00000004a0800000| Untracked 
| 130|0x00000004a0c00000, 0x00000004a0c00000, 0x00000004a1000000|  0%| F|  |TAMS 0x00000004a0c00000, 0x00000004a0c00000| Untracked 
| 131|0x00000004a1000000, 0x00000004a1000000, 0x00000004a1400000|  0%| F|  |TAMS 0x00000004a1000000, 0x00000004a1000000| Untracked 
| 132|0x00000004a1400000, 0x00000004a1400000, 0x00000004a1800000|  0%| F|  |TAMS 0x00000004a1400000, 0x00000004a1400000| Untracked 
| 133|0x00000004a1800000, 0x00000004a1800000, 0x00000004a1c00000|  0%| F|  |TAMS 0x00000004a1800000, 0x00000004a1800000| Untracked 
| 134|0x00000004a1c00000, 0x00000004a1c00000, 0x00000004a2000000|  0%| F|  |TAMS 0x00000004a1c00000, 0x00000004a1c00000| Untracked 
| 135|0x00000004a2000000, 0x00000004a2000000, 0x00000004a2400000|  0%| F|  |TAMS 0x00000004a2000000, 0x00000004a2000000| Untracked 
| 136|0x00000004a2400000, 0x00000004a2400000, 0x00000004a2800000|  0%| F|  |TAMS 0x00000004a2400000, 0x00000004a2400000| Untracked 
| 137|0x00000004a2800000, 0x00000004a2800000, 0x00000004a2c00000|  0%| F|  |TAMS 0x00000004a2800000, 0x00000004a2800000| Untracked 
| 138|0x00000004a2c00000, 0x00000004a2c00000, 0x00000004a3000000|  0%| F|  |TAMS 0x00000004a2c00000, 0x00000004a2c00000| Untracked 
| 139|0x00000004a3000000, 0x00000004a3000000, 0x00000004a3400000|  0%| F|  |TAMS 0x00000004a3000000, 0x00000004a3000000| Untracked 
| 140|0x00000004a3400000, 0x00000004a3400000, 0x00000004a3800000|  0%| F|  |TAMS 0x00000004a3400000, 0x00000004a3400000| Untracked 
| 141|0x00000004a3800000, 0x00000004a3800000, 0x00000004a3c00000|  0%| F|  |TAMS 0x00000004a3800000, 0x00000004a3800000| Untracked 
| 142|0x00000004a3c00000, 0x00000004a3c00000, 0x00000004a4000000|  0%| F|  |TAMS 0x00000004a3c00000, 0x00000004a3c00000| Untracked 
| 143|0x00000004a4000000, 0x00000004a4000000, 0x00000004a4400000|  0%| F|  |TAMS 0x00000004a4000000, 0x00000004a4000000| Untracked 
| 144|0x00000004a4400000, 0x00000004a4400000, 0x00000004a4800000|  0%| F|  |TAMS 0x00000004a4400000, 0x00000004a4400000| Untracked 
| 145|0x00000004a4800000, 0x00000004a4800000, 0x00000004a4c00000|  0%| F|  |TAMS 0x00000004a4800000, 0x00000004a4800000| Untracked 
| 146|0x00000004a4c00000, 0x00000004a4c00000, 0x00000004a5000000|  0%| F|  |TAMS 0x00000004a4c00000, 0x00000004a4c00000| Untracked 
| 147|0x00000004a5000000, 0x00000004a5000000, 0x00000004a5400000|  0%| F|  |TAMS 0x00000004a5000000, 0x00000004a5000000| Untracked 
| 148|0x00000004a5400000, 0x00000004a5400000, 0x00000004a5800000|  0%| F|  |TAMS 0x00000004a5400000, 0x00000004a5400000| Untracked 
| 149|0x00000004a5800000, 0x00000004a5800000, 0x00000004a5c00000|  0%| F|  |TAMS 0x00000004a5800000, 0x00000004a5800000| Untracked 
| 150|0x00000004a5c00000, 0x00000004a5c00000, 0x00000004a6000000|  0%| F|  |TAMS 0x00000004a5c00000, 0x00000004a5c00000| Untracked 
| 151|0x00000004a6000000, 0x00000004a6000000, 0x00000004a6400000|  0%| F|  |TAMS 0x00000004a6000000, 0x00000004a6000000| Untracked 
| 152|0x00000004a6400000, 0x00000004a6400000, 0x00000004a6800000|  0%| F|  |TAMS 0x00000004a6400000, 0x00000004a6400000| Untracked 
| 153|0x00000004a6800000, 0x00000004a6800000, 0x00000004a6c00000|  0%| F|  |TAMS 0x00000004a6800000, 0x00000004a6800000| Untracked 
| 154|0x00000004a6c00000, 0x00000004a6c00000, 0x00000004a7000000|  0%| F|  |TAMS 0x00000004a6c00000, 0x00000004a6c00000| Untracked 
| 155|0x00000004a7000000, 0x00000004a7000000, 0x00000004a7400000|  0%| F|  |TAMS 0x00000004a7000000, 0x00000004a7000000| Untracked 
| 156|0x00000004a7400000, 0x00000004a7400000, 0x00000004a7800000|  0%| F|  |TAMS 0x00000004a7400000, 0x00000004a7400000| Untracked 
| 157|0x00000004a7800000, 0x00000004a7800000, 0x00000004a7c00000|  0%| F|  |TAMS 0x00000004a7800000, 0x00000004a7800000| Untracked 
| 158|0x00000004a7c00000, 0x00000004a7c00000, 0x00000004a8000000|  0%| F|  |TAMS 0x00000004a7c00000, 0x00000004a7c00000| Untracked 
| 159|0x00000004a8000000, 0x00000004a8000000, 0x00000004a8400000|  0%| F|  |TAMS 0x00000004a8000000, 0x00000004a8000000| Untracked 
| 160|0x00000004a8400000, 0x00000004a8400000, 0x00000004a8800000|  0%| F|  |TAMS 0x00000004a8400000, 0x00000004a8400000| Untracked 
| 161|0x00000004a8800000, 0x00000004a8800000, 0x00000004a8c00000|  0%| F|  |TAMS 0x00000004a8800000, 0x00000004a8800000| Untracked 
| 162|0x00000004a8c00000, 0x00000004a8c00000, 0x00000004a9000000|  0%| F|  |TAMS 0x00000004a8c00000, 0x00000004a8c00000| Untracked 
| 163|0x00000004a9000000, 0x00000004a9000000, 0x00000004a9400000|  0%| F|  |TAMS 0x00000004a9000000, 0x00000004a9000000| Untracked 
| 164|0x00000004a9400000, 0x00000004a9400000, 0x00000004a9800000|  0%| F|  |TAMS 0x00000004a9400000, 0x00000004a9400000| Untracked 
| 165|0x00000004a9800000, 0x00000004a9800000, 0x00000004a9c00000|  0%| F|  |TAMS 0x00000004a9800000, 0x00000004a9800000| Untracked 
| 166|0x00000004a9c00000, 0x00000004a9c00000, 0x00000004aa000000|  0%| F|  |TAMS 0x00000004a9c00000, 0x00000004a9c00000| Untracked 
| 167|0x00000004aa000000, 0x00000004aa000000, 0x00000004aa400000|  0%| F|  |TAMS 0x00000004aa000000, 0x00000004aa000000| Untracked 
| 168|0x00000004aa400000, 0x00000004aa400000, 0x00000004aa800000|  0%| F|  |TAMS 0x00000004aa400000, 0x00000004aa400000| Untracked 
| 169|0x00000004aa800000, 0x00000004aa800000, 0x00000004aac00000|  0%| F|  |TAMS 0x00000004aa800000, 0x00000004aa800000| Untracked 
| 170|0x00000004aac00000, 0x00000004aac00000, 0x00000004ab000000|  0%| F|  |TAMS 0x00000004aac00000, 0x00000004aac00000| Untracked 
| 171|0x00000004ab000000, 0x00000004ab000000, 0x00000004ab400000|  0%| F|  |TAMS 0x00000004ab000000, 0x00000004ab000000| Untracked 
| 172|0x00000004ab400000, 0x00000004ab400000, 0x00000004ab800000|  0%| F|  |TAMS 0x00000004ab400000, 0x00000004ab400000| Untracked 
| 173|0x00000004ab800000, 0x00000004ab800000, 0x00000004abc00000|  0%| F|  |TAMS 0x00000004ab800000, 0x00000004ab800000| Untracked 
| 174|0x00000004abc00000, 0x00000004abc00000, 0x00000004ac000000|  0%| F|  |TAMS 0x00000004abc00000, 0x00000004abc00000| Untracked 
| 175|0x00000004ac000000, 0x00000004ac000000, 0x00000004ac400000|  0%| F|  |TAMS 0x00000004ac000000, 0x00000004ac000000| Untracked 
| 176|0x00000004ac400000, 0x00000004ac400000, 0x00000004ac800000|  0%| F|  |TAMS 0x00000004ac400000, 0x00000004ac400000| Untracked 
| 177|0x00000004ac800000, 0x00000004ac800000, 0x00000004acc00000|  0%| F|  |TAMS 0x00000004ac800000, 0x00000004ac800000| Untracked 
| 178|0x00000004acc00000, 0x00000004acc00000, 0x00000004ad000000|  0%| F|  |TAMS 0x00000004acc00000, 0x00000004acc00000| Untracked 
| 179|0x00000004ad000000, 0x00000004ad000000, 0x00000004ad400000|  0%| F|  |TAMS 0x00000004ad000000, 0x00000004ad000000| Untracked 
| 180|0x00000004ad400000, 0x00000004ad400000, 0x00000004ad800000|  0%| F|  |TAMS 0x00000004ad400000, 0x00000004ad400000| Untracked 
| 181|0x00000004ad800000, 0x00000004ad800000, 0x00000004adc00000|  0%| F|  |TAMS 0x00000004ad800000, 0x00000004ad800000| Untracked 
| 182|0x00000004adc00000, 0x00000004adc00000, 0x00000004ae000000|  0%| F|  |TAMS 0x00000004adc00000, 0x00000004adc00000| Untracked 
| 183|0x00000004ae000000, 0x00000004ae000000, 0x00000004ae400000|  0%| F|  |TAMS 0x00000004ae000000, 0x00000004ae000000| Untracked 
| 184|0x00000004ae400000, 0x00000004ae400000, 0x00000004ae800000|  0%| F|  |TAMS 0x00000004ae400000, 0x00000004ae400000| Untracked 
| 185|0x00000004ae800000, 0x00000004ae800000, 0x00000004aec00000|  0%| F|  |TAMS 0x00000004ae800000, 0x00000004ae800000| Untracked 
| 186|0x00000004aec00000, 0x00000004aec00000, 0x00000004af000000|  0%| F|  |TAMS 0x00000004aec00000, 0x00000004aec00000| Untracked 
| 187|0x00000004af000000, 0x00000004af000000, 0x00000004af400000|  0%| F|  |TAMS 0x00000004af000000, 0x00000004af000000| Untracked 
| 188|0x00000004af400000, 0x00000004af400000, 0x00000004af800000|  0%| F|  |TAMS 0x00000004af400000, 0x00000004af400000| Untracked 
| 189|0x00000004af800000, 0x00000004af800000, 0x00000004afc00000|  0%| F|  |TAMS 0x00000004af800000, 0x00000004af800000| Untracked 
| 190|0x00000004afc00000, 0x00000004afc00000, 0x00000004b0000000|  0%| F|  |TAMS 0x00000004afc00000, 0x00000004afc00000| Untracked 
| 191|0x00000004b0000000, 0x00000004b0000000, 0x00000004b0400000|  0%| F|  |TAMS 0x00000004b0000000, 0x00000004b0000000| Untracked 
| 192|0x00000004b0400000, 0x00000004b0400000, 0x00000004b0800000|  0%| F|  |TAMS 0x00000004b0400000, 0x00000004b0400000| Untracked 
| 193|0x00000004b0800000, 0x00000004b0800000, 0x00000004b0c00000|  0%| F|  |TAMS 0x00000004b0800000, 0x00000004b0800000| Untracked 
| 194|0x00000004b0c00000, 0x00000004b0c00000, 0x00000004b1000000|  0%| F|  |TAMS 0x00000004b0c00000, 0x00000004b0c00000| Untracked 
| 195|0x00000004b1000000, 0x00000004b1000000, 0x00000004b1400000|  0%| F|  |TAMS 0x00000004b1000000, 0x00000004b1000000| Untracked 
| 196|0x00000004b1400000, 0x00000004b1400000, 0x00000004b1800000|  0%| F|  |TAMS 0x00000004b1400000, 0x00000004b1400000| Untracked 
| 197|0x00000004b1800000, 0x00000004b1800000, 0x00000004b1c00000|  0%| F|  |TAMS 0x00000004b1800000, 0x00000004b1800000| Untracked 
| 198|0x00000004b1c00000, 0x00000004b1c00000, 0x00000004b2000000|  0%| F|  |TAMS 0x00000004b1c00000, 0x00000004b1c00000| Untracked 
| 199|0x00000004b2000000, 0x00000004b2000000, 0x00000004b2400000|  0%| F|  |TAMS 0x00000004b2000000, 0x00000004b2000000| Untracked 
| 200|0x00000004b2400000, 0x00000004b2400000, 0x00000004b2800000|  0%| F|  |TAMS 0x00000004b2400000, 0x00000004b2400000| Untracked 
| 201|0x00000004b2800000, 0x00000004b2800000, 0x00000004b2c00000|  0%| F|  |TAMS 0x00000004b2800000, 0x00000004b2800000| Untracked 
| 202|0x00000004b2c00000, 0x00000004b2c00000, 0x00000004b3000000|  0%| F|  |TAMS 0x00000004b2c00000, 0x00000004b2c00000| Untracked 
| 203|0x00000004b3000000, 0x00000004b3000000, 0x00000004b3400000|  0%| F|  |TAMS 0x00000004b3000000, 0x00000004b3000000| Untracked 
| 204|0x00000004b3400000, 0x00000004b3400000, 0x00000004b3800000|  0%| F|  |TAMS 0x00000004b3400000, 0x00000004b3400000| Untracked 
| 205|0x00000004b3800000, 0x00000004b3800000, 0x00000004b3c00000|  0%| F|  |TAMS 0x00000004b3800000, 0x00000004b3800000| Untracked 
| 206|0x00000004b3c00000, 0x00000004b3c00000, 0x00000004b4000000|  0%| F|  |TAMS 0x00000004b3c00000, 0x00000004b3c00000| Untracked 
| 207|0x00000004b4000000, 0x00000004b4000000, 0x00000004b4400000|  0%| F|  |TAMS 0x00000004b4000000, 0x00000004b4000000| Untracked 
| 208|0x00000004b4400000, 0x00000004b4400000, 0x00000004b4800000|  0%| F|  |TAMS 0x00000004b4400000, 0x00000004b4400000| Untracked 
| 209|0x00000004b4800000, 0x00000004b4800000, 0x00000004b4c00000|  0%| F|  |TAMS 0x00000004b4800000, 0x00000004b4800000| Untracked 
| 210|0x00000004b4c00000, 0x00000004b4c00000, 0x00000004b5000000|  0%| F|  |TAMS 0x00000004b4c00000, 0x00000004b4c00000| Untracked 
| 211|0x00000004b5000000, 0x00000004b5000000, 0x00000004b5400000|  0%| F|  |TAMS 0x00000004b5000000, 0x00000004b5000000| Untracked 
| 212|0x00000004b5400000, 0x00000004b5400000, 0x00000004b5800000|  0%| F|  |TAMS 0x00000004b5400000, 0x00000004b5400000| Untracked 
| 213|0x00000004b5800000, 0x00000004b5800000, 0x00000004b5c00000|  0%| F|  |TAMS 0x00000004b5800000, 0x00000004b5800000| Untracked 
| 214|0x00000004b5c00000, 0x00000004b5c00000, 0x00000004b6000000|  0%| F|  |TAMS 0x00000004b5c00000, 0x00000004b5c00000| Untracked 
| 215|0x00000004b6000000, 0x00000004b6000000, 0x00000004b6400000|  0%| F|  |TAMS 0x00000004b6000000, 0x00000004b6000000| Untracked 
| 216|0x00000004b6400000, 0x00000004b6400000, 0x00000004b6800000|  0%| F|  |TAMS 0x00000004b6400000, 0x00000004b6400000| Untracked 
| 217|0x00000004b6800000, 0x00000004b6800000, 0x00000004b6c00000|  0%| F|  |TAMS 0x00000004b6800000, 0x00000004b6800000| Untracked 
| 218|0x00000004b6c00000, 0x00000004b6c00000, 0x00000004b7000000|  0%| F|  |TAMS 0x00000004b6c00000, 0x00000004b6c00000| Untracked 
| 219|0x00000004b7000000, 0x00000004b7000000, 0x00000004b7400000|  0%| F|  |TAMS 0x00000004b7000000, 0x00000004b7000000| Untracked 
| 220|0x00000004b7400000, 0x00000004b7400000, 0x00000004b7800000|  0%| F|  |TAMS 0x00000004b7400000, 0x00000004b7400000| Untracked 
| 221|0x00000004b7800000, 0x00000004b7800000, 0x00000004b7c00000|  0%| F|  |TAMS 0x00000004b7800000, 0x00000004b7800000| Untracked 
| 222|0x00000004b7c00000, 0x00000004b7c00000, 0x00000004b8000000|  0%| F|  |TAMS 0x00000004b7c00000, 0x00000004b7c00000| Untracked 
| 223|0x00000004b8000000, 0x00000004b8000000, 0x00000004b8400000|  0%| F|  |TAMS 0x00000004b8000000, 0x00000004b8000000| Untracked 
| 224|0x00000004b8400000, 0x00000004b8400000, 0x00000004b8800000|  0%| F|  |TAMS 0x00000004b8400000, 0x00000004b8400000| Untracked 
| 225|0x00000004b8800000, 0x00000004b8800000, 0x00000004b8c00000|  0%| F|  |TAMS 0x00000004b8800000, 0x00000004b8800000| Untracked 
| 226|0x00000004b8c00000, 0x00000004b8c00000, 0x00000004b9000000|  0%| F|  |TAMS 0x00000004b8c00000, 0x00000004b8c00000| Untracked 
| 227|0x00000004b9000000, 0x00000004b9000000, 0x00000004b9400000|  0%| F|  |TAMS 0x00000004b9000000, 0x00000004b9000000| Untracked 
| 228|0x00000004b9400000, 0x00000004b9400000, 0x00000004b9800000|  0%| F|  |TAMS 0x00000004b9400000, 0x00000004b9400000| Untracked 
| 229|0x00000004b9800000, 0x00000004b9800000, 0x00000004b9c00000|  0%| F|  |TAMS 0x00000004b9800000, 0x00000004b9800000| Untracked 
| 230|0x00000004b9c00000, 0x00000004b9c00000, 0x00000004ba000000|  0%| F|  |TAMS 0x00000004b9c00000, 0x00000004b9c00000| Untracked 
| 231|0x00000004ba000000, 0x00000004ba000000, 0x00000004ba400000|  0%| F|  |TAMS 0x00000004ba000000, 0x00000004ba000000| Untracked 
| 232|0x00000004ba400000, 0x00000004ba400000, 0x00000004ba800000|  0%| F|  |TAMS 0x00000004ba400000, 0x00000004ba400000| Untracked 
| 233|0x00000004ba800000, 0x00000004ba800000, 0x00000004bac00000|  0%| F|  |TAMS 0x00000004ba800000, 0x00000004ba800000| Untracked 
| 234|0x00000004bac00000, 0x00000004bac00000, 0x00000004bb000000|  0%| F|  |TAMS 0x00000004bac00000, 0x00000004bac00000| Untracked 
| 235|0x00000004bb000000, 0x00000004bb000000, 0x00000004bb400000|  0%| F|  |TAMS 0x00000004bb000000, 0x00000004bb000000| Untracked 
| 236|0x00000004bb400000, 0x00000004bb400000, 0x00000004bb800000|  0%| F|  |TAMS 0x00000004bb400000, 0x00000004bb400000| Untracked 
| 237|0x00000004bb800000, 0x00000004bb800000, 0x00000004bbc00000|  0%| F|  |TAMS 0x00000004bb800000, 0x00000004bb800000| Untracked 
| 238|0x00000004bbc00000, 0x00000004bbc00000, 0x00000004bc000000|  0%| F|  |TAMS 0x00000004bbc00000, 0x00000004bbc00000| Untracked 
| 239|0x00000004bc000000, 0x00000004bc000000, 0x00000004bc400000|  0%| F|  |TAMS 0x00000004bc000000, 0x00000004bc000000| Untracked 
| 240|0x00000004bc400000, 0x00000004bc400000, 0x00000004bc800000|  0%| F|  |TAMS 0x00000004bc400000, 0x00000004bc400000| Untracked 
| 241|0x00000004bc800000, 0x00000004bc800000, 0x00000004bcc00000|  0%| F|  |TAMS 0x00000004bc800000, 0x00000004bc800000| Untracked 
| 242|0x00000004bcc00000, 0x00000004bcc00000, 0x00000004bd000000|  0%| F|  |TAMS 0x00000004bcc00000, 0x00000004bcc00000| Untracked 
| 243|0x00000004bd000000, 0x00000004bd000000, 0x00000004bd400000|  0%| F|  |TAMS 0x00000004bd000000, 0x00000004bd000000| Untracked 
| 244|0x00000004bd400000, 0x00000004bd400000, 0x00000004bd800000|  0%| F|  |TAMS 0x00000004bd400000, 0x00000004bd400000| Untracked 
| 245|0x00000004bd800000, 0x00000004bd800000, 0x00000004bdc00000|  0%| F|  |TAMS 0x00000004bd800000, 0x00000004bd800000| Untracked 
| 246|0x00000004bdc00000, 0x00000004bdc00000, 0x00000004be000000|  0%| F|  |TAMS 0x00000004bdc00000, 0x00000004bdc00000| Untracked 
| 247|0x00000004be000000, 0x00000004be000000, 0x00000004be400000|  0%| F|  |TAMS 0x00000004be000000, 0x00000004be000000| Untracked 
| 248|0x00000004be400000, 0x00000004be400000, 0x00000004be800000|  0%| F|  |TAMS 0x00000004be400000, 0x00000004be400000| Untracked 
| 249|0x00000004be800000, 0x00000004be800000, 0x00000004bec00000|  0%| F|  |TAMS 0x00000004be800000, 0x00000004be800000| Untracked 
| 250|0x00000004bec00000, 0x00000004bec00000, 0x00000004bf000000|  0%| F|  |TAMS 0x00000004bec00000, 0x00000004bec00000| Untracked 
| 251|0x00000004bf000000, 0x00000004bf000000, 0x00000004bf400000|  0%| F|  |TAMS 0x00000004bf000000, 0x00000004bf000000| Untracked 
| 252|0x00000004bf400000, 0x00000004bf400000, 0x00000004bf800000|  0%| F|  |TAMS 0x00000004bf400000, 0x00000004bf400000| Untracked 
| 253|0x00000004bf800000, 0x00000004bf800000, 0x00000004bfc00000|  0%| F|  |TAMS 0x00000004bf800000, 0x00000004bf800000| Untracked 
| 254|0x00000004bfc00000, 0x00000004bfc00000, 0x00000004c0000000|  0%| F|  |TAMS 0x00000004bfc00000, 0x00000004bfc00000| Untracked 
| 255|0x00000004c0000000, 0x00000004c0000000, 0x00000004c0400000|  0%| F|  |TAMS 0x00000004c0000000, 0x00000004c0000000| Untracked 
| 256|0x00000004c0400000, 0x00000004c05bce58, 0x00000004c0800000| 43%| S|CS|TAMS 0x00000004c0400000, 0x00000004c0400000| Complete 
| 257|0x00000004c0800000, 0x00000004c0c00000, 0x00000004c0c00000|100%| S|CS|TAMS 0x00000004c0800000, 0x00000004c0800000| Complete 
| 258|0x00000004c0c00000, 0x00000004c1000000, 0x00000004c1000000|100%| S|CS|TAMS 0x00000004c0c00000, 0x00000004c0c00000| Complete 
| 259|0x00000004c1000000, 0x00000004c1000000, 0x00000004c1400000|  0%| F|  |TAMS 0x00000004c1000000, 0x00000004c1000000| Untracked 
| 260|0x00000004c1400000, 0x00000004c1400000, 0x00000004c1800000|  0%| F|  |TAMS 0x00000004c1400000, 0x00000004c1400000| Untracked 
| 261|0x00000004c1800000, 0x00000004c1800000, 0x00000004c1c00000|  0%| F|  |TAMS 0x00000004c1800000, 0x00000004c1800000| Untracked 
| 262|0x00000004c1c00000, 0x00000004c1c00000, 0x00000004c2000000|  0%| F|  |TAMS 0x00000004c1c00000, 0x00000004c1c00000| Untracked 
| 263|0x00000004c2000000, 0x00000004c2000000, 0x00000004c2400000|  0%| F|  |TAMS 0x00000004c2000000, 0x00000004c2000000| Untracked 
| 264|0x00000004c2400000, 0x00000004c2400000, 0x00000004c2800000|  0%| F|  |TAMS 0x00000004c2400000, 0x00000004c2400000| Untracked 
| 265|0x00000004c2800000, 0x00000004c2800000, 0x00000004c2c00000|  0%| F|  |TAMS 0x00000004c2800000, 0x00000004c2800000| Untracked 
| 266|0x00000004c2c00000, 0x00000004c2c00000, 0x00000004c3000000|  0%| F|  |TAMS 0x00000004c2c00000, 0x00000004c2c00000| Untracked 
| 267|0x00000004c3000000, 0x00000004c3000000, 0x00000004c3400000|  0%| F|  |TAMS 0x00000004c3000000, 0x00000004c3000000| Untracked 
| 268|0x00000004c3400000, 0x00000004c3400000, 0x00000004c3800000|  0%| F|  |TAMS 0x00000004c3400000, 0x00000004c3400000| Untracked 
| 269|0x00000004c3800000, 0x00000004c3800000, 0x00000004c3c00000|  0%| F|  |TAMS 0x00000004c3800000, 0x00000004c3800000| Untracked 
| 270|0x00000004c3c00000, 0x00000004c3c00000, 0x00000004c4000000|  0%| F|  |TAMS 0x00000004c3c00000, 0x00000004c3c00000| Untracked 
| 271|0x00000004c4000000, 0x00000004c4000000, 0x00000004c4400000|  0%| F|  |TAMS 0x00000004c4000000, 0x00000004c4000000| Untracked 
| 272|0x00000004c4400000, 0x00000004c4800000, 0x00000004c4800000|100%| S|CS|TAMS 0x00000004c4400000, 0x00000004c4400000| Complete 
| 273|0x00000004c4800000, 0x00000004c4c00000, 0x00000004c4c00000|100%| S|CS|TAMS 0x00000004c4800000, 0x00000004c4800000| Complete 
| 274|0x00000004c4c00000, 0x00000004c5000000, 0x00000004c5000000|100%| S|CS|TAMS 0x00000004c4c00000, 0x00000004c4c00000| Complete 
| 275|0x00000004c5000000, 0x00000004c5400000, 0x00000004c5400000|100%| S|CS|TAMS 0x00000004c5000000, 0x00000004c5000000| Complete 
| 276|0x00000004c5400000, 0x00000004c5800000, 0x00000004c5800000|100%| S|CS|TAMS 0x00000004c5400000, 0x00000004c5400000| Complete 
| 277|0x00000004c5800000, 0x00000004c5c00000, 0x00000004c5c00000|100%| S|CS|TAMS 0x00000004c5800000, 0x00000004c5800000| Complete 
| 278|0x00000004c5c00000, 0x00000004c6000000, 0x00000004c6000000|100%| S|CS|TAMS 0x00000004c5c00000, 0x00000004c5c00000| Complete 
| 279|0x00000004c6000000, 0x00000004c6400000, 0x00000004c6400000|100%| S|CS|TAMS 0x00000004c6000000, 0x00000004c6000000| Complete 
| 280|0x00000004c6400000, 0x00000004c6800000, 0x00000004c6800000|100%| S|CS|TAMS 0x00000004c6400000, 0x00000004c6400000| Complete 
| 281|0x00000004c6800000, 0x00000004c6c00000, 0x00000004c6c00000|100%| S|CS|TAMS 0x00000004c6800000, 0x00000004c6800000| Complete 
| 282|0x00000004c6c00000, 0x00000004c7000000, 0x00000004c7000000|100%| S|CS|TAMS 0x00000004c6c00000, 0x00000004c6c00000| Complete 
| 283|0x00000004c7000000, 0x00000004c7400000, 0x00000004c7400000|100%| S|CS|TAMS 0x00000004c7000000, 0x00000004c7000000| Complete 
| 284|0x00000004c7400000, 0x00000004c7800000, 0x00000004c7800000|100%| S|CS|TAMS 0x00000004c7400000, 0x00000004c7400000| Complete 
| 285|0x00000004c7800000, 0x00000004c7c00000, 0x00000004c7c00000|100%| S|CS|TAMS 0x00000004c7800000, 0x00000004c7800000| Complete 
| 286|0x00000004c7c00000, 0x00000004c8000000, 0x00000004c8000000|100%| S|CS|TAMS 0x00000004c7c00000, 0x00000004c7c00000| Complete 
| 287|0x00000004c8000000, 0x00000004c8400000, 0x00000004c8400000|100%| S|CS|TAMS 0x00000004c8000000, 0x00000004c8000000| Complete 
| 288|0x00000004c8400000, 0x00000004c8800000, 0x00000004c8800000|100%| S|CS|TAMS 0x00000004c8400000, 0x00000004c8400000| Complete 
| 289|0x00000004c8800000, 0x00000004c8800000, 0x00000004c8c00000|  0%| F|  |TAMS 0x00000004c8800000, 0x00000004c8800000| Untracked 
| 290|0x00000004c8c00000, 0x00000004c8c00000, 0x00000004c9000000|  0%| F|  |TAMS 0x00000004c8c00000, 0x00000004c8c00000| Untracked 
| 291|0x00000004c9000000, 0x00000004c9000000, 0x00000004c9400000|  0%| F|  |TAMS 0x00000004c9000000, 0x00000004c9000000| Untracked 
| 292|0x00000004c9400000, 0x00000004c9400000, 0x00000004c9800000|  0%| F|  |TAMS 0x00000004c9400000, 0x00000004c9400000| Untracked 
| 293|0x00000004c9800000, 0x00000004c9800000, 0x00000004c9c00000|  0%| F|  |TAMS 0x00000004c9800000, 0x00000004c9800000| Untracked 
| 294|0x00000004c9c00000, 0x00000004c9c00000, 0x00000004ca000000|  0%| F|  |TAMS 0x00000004c9c00000, 0x00000004c9c00000| Untracked 
| 295|0x00000004ca000000, 0x00000004ca000000, 0x00000004ca400000|  0%| F|  |TAMS 0x00000004ca000000, 0x00000004ca000000| Untracked 
| 296|0x00000004ca400000, 0x00000004ca400000, 0x00000004ca800000|  0%| F|  |TAMS 0x00000004ca400000, 0x00000004ca400000| Untracked 
| 297|0x00000004ca800000, 0x00000004ca800000, 0x00000004cac00000|  0%| F|  |TAMS 0x00000004ca800000, 0x00000004ca800000| Untracked 
| 298|0x00000004cac00000, 0x00000004cac00000, 0x00000004cb000000|  0%| F|  |TAMS 0x00000004cac00000, 0x00000004cac00000| Untracked 
| 299|0x00000004cb000000, 0x00000004cb000000, 0x00000004cb400000|  0%| F|  |TAMS 0x00000004cb000000, 0x00000004cb000000| Untracked 
| 300|0x00000004cb400000, 0x00000004cb400000, 0x00000004cb800000|  0%| F|  |TAMS 0x00000004cb400000, 0x00000004cb400000| Untracked 
| 301|0x00000004cb800000, 0x00000004cb800000, 0x00000004cbc00000|  0%| F|  |TAMS 0x00000004cb800000, 0x00000004cb800000| Untracked 
| 302|0x00000004cbc00000, 0x00000004cbc00000, 0x00000004cc000000|  0%| F|  |TAMS 0x00000004cbc00000, 0x00000004cbc00000| Untracked 
| 303|0x00000004cc000000, 0x00000004cc000000, 0x00000004cc400000|  0%| F|  |TAMS 0x00000004cc000000, 0x00000004cc000000| Untracked 
| 304|0x00000004cc400000, 0x00000004cc400000, 0x00000004cc800000|  0%| F|  |TAMS 0x00000004cc400000, 0x00000004cc400000| Untracked 
| 305|0x00000004cc800000, 0x00000004cc800000, 0x00000004ccc00000|  0%| F|  |TAMS 0x00000004cc800000, 0x00000004cc800000| Untracked 
| 306|0x00000004ccc00000, 0x00000004ccc00000, 0x00000004cd000000|  0%| F|  |TAMS 0x00000004ccc00000, 0x00000004ccc00000| Untracked 
| 307|0x00000004cd000000, 0x00000004cd000000, 0x00000004cd400000|  0%| F|  |TAMS 0x00000004cd000000, 0x00000004cd000000| Untracked 
| 308|0x00000004cd400000, 0x00000004cd400000, 0x00000004cd800000|  0%| F|  |TAMS 0x00000004cd400000, 0x00000004cd400000| Untracked 
| 309|0x00000004cd800000, 0x00000004cd800000, 0x00000004cdc00000|  0%| F|  |TAMS 0x00000004cd800000, 0x00000004cd800000| Untracked 
| 310|0x00000004cdc00000, 0x00000004cdc00000, 0x00000004ce000000|  0%| F|  |TAMS 0x00000004cdc00000, 0x00000004cdc00000| Untracked 
| 311|0x00000004ce000000, 0x00000004ce000000, 0x00000004ce400000|  0%| F|  |TAMS 0x00000004ce000000, 0x00000004ce000000| Untracked 
| 312|0x00000004ce400000, 0x00000004ce400000, 0x00000004ce800000|  0%| F|  |TAMS 0x00000004ce400000, 0x00000004ce400000| Untracked 
| 313|0x00000004ce800000, 0x00000004ce800000, 0x00000004cec00000|  0%| F|  |TAMS 0x00000004ce800000, 0x00000004ce800000| Untracked 
| 314|0x00000004cec00000, 0x00000004cec00000, 0x00000004cf000000|  0%| F|  |TAMS 0x00000004cec00000, 0x00000004cec00000| Untracked 
| 315|0x00000004cf000000, 0x00000004cf000000, 0x00000004cf400000|  0%| F|  |TAMS 0x00000004cf000000, 0x00000004cf000000| Untracked 
| 316|0x00000004cf400000, 0x00000004cf400000, 0x00000004cf800000|  0%| F|  |TAMS 0x00000004cf400000, 0x00000004cf400000| Untracked 
| 317|0x00000004cf800000, 0x00000004cf800000, 0x00000004cfc00000|  0%| F|  |TAMS 0x00000004cf800000, 0x00000004cf800000| Untracked 
| 318|0x00000004cfc00000, 0x00000004cfc00000, 0x00000004d0000000|  0%| F|  |TAMS 0x00000004cfc00000, 0x00000004cfc00000| Untracked 
| 319|0x00000004d0000000, 0x00000004d0000000, 0x00000004d0400000|  0%| F|  |TAMS 0x00000004d0000000, 0x00000004d0000000| Untracked 
| 320|0x00000004d0400000, 0x00000004d0400000, 0x00000004d0800000|  0%| F|  |TAMS 0x00000004d0400000, 0x00000004d0400000| Untracked 
| 321|0x00000004d0800000, 0x00000004d0800000, 0x00000004d0c00000|  0%| F|  |TAMS 0x00000004d0800000, 0x00000004d0800000| Untracked 
| 322|0x00000004d0c00000, 0x00000004d0c00000, 0x00000004d1000000|  0%| F|  |TAMS 0x00000004d0c00000, 0x00000004d0c00000| Untracked 
| 323|0x00000004d1000000, 0x00000004d1000000, 0x00000004d1400000|  0%| F|  |TAMS 0x00000004d1000000, 0x00000004d1000000| Untracked 
| 324|0x00000004d1400000, 0x00000004d1400000, 0x00000004d1800000|  0%| F|  |TAMS 0x00000004d1400000, 0x00000004d1400000| Untracked 
| 325|0x00000004d1800000, 0x00000004d1800000, 0x00000004d1c00000|  0%| F|  |TAMS 0x00000004d1800000, 0x00000004d1800000| Untracked 
| 326|0x00000004d1c00000, 0x00000004d1c00000, 0x00000004d2000000|  0%| F|  |TAMS 0x00000004d1c00000, 0x00000004d1c00000| Untracked 
| 327|0x00000004d2000000, 0x00000004d2000000, 0x00000004d2400000|  0%| F|  |TAMS 0x00000004d2000000, 0x00000004d2000000| Untracked 
| 328|0x00000004d2400000, 0x00000004d2400000, 0x00000004d2800000|  0%| F|  |TAMS 0x00000004d2400000, 0x00000004d2400000| Untracked 
| 329|0x00000004d2800000, 0x00000004d2800000, 0x00000004d2c00000|  0%| F|  |TAMS 0x00000004d2800000, 0x00000004d2800000| Untracked 
| 330|0x00000004d2c00000, 0x00000004d2c00000, 0x00000004d3000000|  0%| F|  |TAMS 0x00000004d2c00000, 0x00000004d2c00000| Untracked 
| 331|0x00000004d3000000, 0x00000004d3000000, 0x00000004d3400000|  0%| F|  |TAMS 0x00000004d3000000, 0x00000004d3000000| Untracked 
| 332|0x00000004d3400000, 0x00000004d3400000, 0x00000004d3800000|  0%| F|  |TAMS 0x00000004d3400000, 0x00000004d3400000| Untracked 
| 333|0x00000004d3800000, 0x00000004d3800000, 0x00000004d3c00000|  0%| F|  |TAMS 0x00000004d3800000, 0x00000004d3800000| Untracked 
| 334|0x00000004d3c00000, 0x00000004d3c00000, 0x00000004d4000000|  0%| F|  |TAMS 0x00000004d3c00000, 0x00000004d3c00000| Untracked 
| 335|0x00000004d4000000, 0x00000004d4000000, 0x00000004d4400000|  0%| F|  |TAMS 0x00000004d4000000, 0x00000004d4000000| Untracked 
| 336|0x00000004d4400000, 0x00000004d4400000, 0x00000004d4800000|  0%| F|  |TAMS 0x00000004d4400000, 0x00000004d4400000| Untracked 
| 337|0x00000004d4800000, 0x00000004d4800000, 0x00000004d4c00000|  0%| F|  |TAMS 0x00000004d4800000, 0x00000004d4800000| Untracked 
| 338|0x00000004d4c00000, 0x00000004d4c00000, 0x00000004d5000000|  0%| F|  |TAMS 0x00000004d4c00000, 0x00000004d4c00000| Untracked 
| 339|0x00000004d5000000, 0x00000004d5000000, 0x00000004d5400000|  0%| F|  |TAMS 0x00000004d5000000, 0x00000004d5000000| Untracked 
| 340|0x00000004d5400000, 0x00000004d5400000, 0x00000004d5800000|  0%| F|  |TAMS 0x00000004d5400000, 0x00000004d5400000| Untracked 
| 341|0x00000004d5800000, 0x00000004d5800000, 0x00000004d5c00000|  0%| F|  |TAMS 0x00000004d5800000, 0x00000004d5800000| Untracked 
| 342|0x00000004d5c00000, 0x00000004d5c00000, 0x00000004d6000000|  0%| F|  |TAMS 0x00000004d5c00000, 0x00000004d5c00000| Untracked 
| 343|0x00000004d6000000, 0x00000004d6000000, 0x00000004d6400000|  0%| F|  |TAMS 0x00000004d6000000, 0x00000004d6000000| Untracked 
| 344|0x00000004d6400000, 0x00000004d6400000, 0x00000004d6800000|  0%| F|  |TAMS 0x00000004d6400000, 0x00000004d6400000| Untracked 
| 345|0x00000004d6800000, 0x00000004d6800000, 0x00000004d6c00000|  0%| F|  |TAMS 0x00000004d6800000, 0x00000004d6800000| Untracked 
| 346|0x00000004d6c00000, 0x00000004d6c00000, 0x00000004d7000000|  0%| F|  |TAMS 0x00000004d6c00000, 0x00000004d6c00000| Untracked 
| 347|0x00000004d7000000, 0x00000004d7000000, 0x00000004d7400000|  0%| F|  |TAMS 0x00000004d7000000, 0x00000004d7000000| Untracked 
| 348|0x00000004d7400000, 0x00000004d7400000, 0x00000004d7800000|  0%| F|  |TAMS 0x00000004d7400000, 0x00000004d7400000| Untracked 
| 349|0x00000004d7800000, 0x00000004d7800000, 0x00000004d7c00000|  0%| F|  |TAMS 0x00000004d7800000, 0x00000004d7800000| Untracked 
| 350|0x00000004d7c00000, 0x00000004d7c00000, 0x00000004d8000000|  0%| F|  |TAMS 0x00000004d7c00000, 0x00000004d7c00000| Untracked 
| 351|0x00000004d8000000, 0x00000004d8000000, 0x00000004d8400000|  0%| F|  |TAMS 0x00000004d8000000, 0x00000004d8000000| Untracked 
| 352|0x00000004d8400000, 0x00000004d8400000, 0x00000004d8800000|  0%| F|  |TAMS 0x00000004d8400000, 0x00000004d8400000| Untracked 
| 353|0x00000004d8800000, 0x00000004d8800000, 0x00000004d8c00000|  0%| F|  |TAMS 0x00000004d8800000, 0x00000004d8800000| Untracked 
| 354|0x00000004d8c00000, 0x00000004d8c00000, 0x00000004d9000000|  0%| F|  |TAMS 0x00000004d8c00000, 0x00000004d8c00000| Untracked 
| 355|0x00000004d9000000, 0x00000004d9000000, 0x00000004d9400000|  0%| F|  |TAMS 0x00000004d9000000, 0x00000004d9000000| Untracked 
| 356|0x00000004d9400000, 0x00000004d9400000, 0x00000004d9800000|  0%| F|  |TAMS 0x00000004d9400000, 0x00000004d9400000| Untracked 
| 357|0x00000004d9800000, 0x00000004d9800000, 0x00000004d9c00000|  0%| F|  |TAMS 0x00000004d9800000, 0x00000004d9800000| Untracked 
| 358|0x00000004d9c00000, 0x00000004d9c00000, 0x00000004da000000|  0%| F|  |TAMS 0x00000004d9c00000, 0x00000004d9c00000| Untracked 
| 359|0x00000004da000000, 0x00000004da000000, 0x00000004da400000|  0%| F|  |TAMS 0x00000004da000000, 0x00000004da000000| Untracked 
| 360|0x00000004da400000, 0x00000004da400000, 0x00000004da800000|  0%| F|  |TAMS 0x00000004da400000, 0x00000004da400000| Untracked 
| 361|0x00000004da800000, 0x00000004da800000, 0x00000004dac00000|  0%| F|  |TAMS 0x00000004da800000, 0x00000004da800000| Untracked 
| 362|0x00000004dac00000, 0x00000004dac00000, 0x00000004db000000|  0%| F|  |TAMS 0x00000004dac00000, 0x00000004dac00000| Untracked 
| 363|0x00000004db000000, 0x00000004db000000, 0x00000004db400000|  0%| F|  |TAMS 0x00000004db000000, 0x00000004db000000| Untracked 
| 364|0x00000004db400000, 0x00000004db400000, 0x00000004db800000|  0%| F|  |TAMS 0x00000004db400000, 0x00000004db400000| Untracked 
| 365|0x00000004db800000, 0x00000004db800000, 0x00000004dbc00000|  0%| F|  |TAMS 0x00000004db800000, 0x00000004db800000| Untracked 
| 366|0x00000004dbc00000, 0x00000004dbc00000, 0x00000004dc000000|  0%| F|  |TAMS 0x00000004dbc00000, 0x00000004dbc00000| Untracked 
| 367|0x00000004dc000000, 0x00000004dc000000, 0x00000004dc400000|  0%| F|  |TAMS 0x00000004dc000000, 0x00000004dc000000| Untracked 
| 368|0x00000004dc400000, 0x00000004dc400000, 0x00000004dc800000|  0%| F|  |TAMS 0x00000004dc400000, 0x00000004dc400000| Untracked 
| 369|0x00000004dc800000, 0x00000004dc800000, 0x00000004dcc00000|  0%| F|  |TAMS 0x00000004dc800000, 0x00000004dc800000| Untracked 
| 370|0x00000004dcc00000, 0x00000004dcc00000, 0x00000004dd000000|  0%| F|  |TAMS 0x00000004dcc00000, 0x00000004dcc00000| Untracked 
| 371|0x00000004dd000000, 0x00000004dd000000, 0x00000004dd400000|  0%| F|  |TAMS 0x00000004dd000000, 0x00000004dd000000| Untracked 
| 372|0x00000004dd400000, 0x00000004dd400000, 0x00000004dd800000|  0%| F|  |TAMS 0x00000004dd400000, 0x00000004dd400000| Untracked 
| 373|0x00000004dd800000, 0x00000004dd800000, 0x00000004ddc00000|  0%| F|  |TAMS 0x00000004dd800000, 0x00000004dd800000| Untracked 
| 374|0x00000004ddc00000, 0x00000004ddc00000, 0x00000004de000000|  0%| F|  |TAMS 0x00000004ddc00000, 0x00000004ddc00000| Untracked 
| 375|0x00000004de000000, 0x00000004de000000, 0x00000004de400000|  0%| F|  |TAMS 0x00000004de000000, 0x00000004de000000| Untracked 
| 376|0x00000004de400000, 0x00000004de400000, 0x00000004de800000|  0%| F|  |TAMS 0x00000004de400000, 0x00000004de400000| Untracked 
| 377|0x00000004de800000, 0x00000004de800000, 0x00000004dec00000|  0%| F|  |TAMS 0x00000004de800000, 0x00000004de800000| Untracked 
| 378|0x00000004dec00000, 0x00000004dec00000, 0x00000004df000000|  0%| F|  |TAMS 0x00000004dec00000, 0x00000004dec00000| Untracked 
| 379|0x00000004df000000, 0x00000004df000000, 0x00000004df400000|  0%| F|  |TAMS 0x00000004df000000, 0x00000004df000000| Untracked 
| 380|0x00000004df400000, 0x00000004df400000, 0x00000004df800000|  0%| F|  |TAMS 0x00000004df400000, 0x00000004df400000| Untracked 
| 381|0x00000004df800000, 0x00000004df800000, 0x00000004dfc00000|  0%| F|  |TAMS 0x00000004df800000, 0x00000004df800000| Untracked 
| 382|0x00000004dfc00000, 0x00000004dfc00000, 0x00000004e0000000|  0%| F|  |TAMS 0x00000004dfc00000, 0x00000004dfc00000| Untracked 
| 383|0x00000004e0000000, 0x00000004e0000000, 0x00000004e0400000|  0%| F|  |TAMS 0x00000004e0000000, 0x00000004e0000000| Untracked 
| 384|0x00000004e0400000, 0x00000004e0400000, 0x00000004e0800000|  0%| F|  |TAMS 0x00000004e0400000, 0x00000004e0400000| Untracked 
| 385|0x00000004e0800000, 0x00000004e0800000, 0x00000004e0c00000|  0%| F|  |TAMS 0x00000004e0800000, 0x00000004e0800000| Untracked 
| 386|0x00000004e0c00000, 0x00000004e0c00000, 0x00000004e1000000|  0%| F|  |TAMS 0x00000004e0c00000, 0x00000004e0c00000| Untracked 
| 387|0x00000004e1000000, 0x00000004e1000000, 0x00000004e1400000|  0%| F|  |TAMS 0x00000004e1000000, 0x00000004e1000000| Untracked 
| 388|0x00000004e1400000, 0x00000004e1400000, 0x00000004e1800000|  0%| F|  |TAMS 0x00000004e1400000, 0x00000004e1400000| Untracked 
| 389|0x00000004e1800000, 0x00000004e1800000, 0x00000004e1c00000|  0%| F|  |TAMS 0x00000004e1800000, 0x00000004e1800000| Untracked 
| 390|0x00000004e1c00000, 0x00000004e1c00000, 0x00000004e2000000|  0%| F|  |TAMS 0x00000004e1c00000, 0x00000004e1c00000| Untracked 
| 391|0x00000004e2000000, 0x00000004e2000000, 0x00000004e2400000|  0%| F|  |TAMS 0x00000004e2000000, 0x00000004e2000000| Untracked 
| 392|0x00000004e2400000, 0x00000004e2400000, 0x00000004e2800000|  0%| F|  |TAMS 0x00000004e2400000, 0x00000004e2400000| Untracked 
| 393|0x00000004e2800000, 0x00000004e2800000, 0x00000004e2c00000|  0%| F|  |TAMS 0x00000004e2800000, 0x00000004e2800000| Untracked 
| 394|0x00000004e2c00000, 0x00000004e2c00000, 0x00000004e3000000|  0%| F|  |TAMS 0x00000004e2c00000, 0x00000004e2c00000| Untracked 
| 395|0x00000004e3000000, 0x00000004e3000000, 0x00000004e3400000|  0%| F|  |TAMS 0x00000004e3000000, 0x00000004e3000000| Untracked 
| 396|0x00000004e3400000, 0x00000004e3400000, 0x00000004e3800000|  0%| F|  |TAMS 0x00000004e3400000, 0x00000004e3400000| Untracked 
| 397|0x00000004e3800000, 0x00000004e3800000, 0x00000004e3c00000|  0%| F|  |TAMS 0x00000004e3800000, 0x00000004e3800000| Untracked 
| 398|0x00000004e3c00000, 0x00000004e3c00000, 0x00000004e4000000|  0%| F|  |TAMS 0x00000004e3c00000, 0x00000004e3c00000| Untracked 
| 399|0x00000004e4000000, 0x00000004e4000000, 0x00000004e4400000|  0%| F|  |TAMS 0x00000004e4000000, 0x00000004e4000000| Untracked 
| 400|0x00000004e4400000, 0x00000004e4400000, 0x00000004e4800000|  0%| F|  |TAMS 0x00000004e4400000, 0x00000004e4400000| Untracked 
| 401|0x00000004e4800000, 0x00000004e4800000, 0x00000004e4c00000|  0%| F|  |TAMS 0x00000004e4800000, 0x00000004e4800000| Untracked 
| 402|0x00000004e4c00000, 0x00000004e4c00000, 0x00000004e5000000|  0%| F|  |TAMS 0x00000004e4c00000, 0x00000004e4c00000| Untracked 
| 403|0x00000004e5000000, 0x00000004e5000000, 0x00000004e5400000|  0%| F|  |TAMS 0x00000004e5000000, 0x00000004e5000000| Untracked 
| 404|0x00000004e5400000, 0x00000004e5400000, 0x00000004e5800000|  0%| F|  |TAMS 0x00000004e5400000, 0x00000004e5400000| Untracked 
| 405|0x00000004e5800000, 0x00000004e5800000, 0x00000004e5c00000|  0%| F|  |TAMS 0x00000004e5800000, 0x00000004e5800000| Untracked 
| 406|0x00000004e5c00000, 0x00000004e5c00000, 0x00000004e6000000|  0%| F|  |TAMS 0x00000004e5c00000, 0x00000004e5c00000| Untracked 
| 407|0x00000004e6000000, 0x00000004e6000000, 0x00000004e6400000|  0%| F|  |TAMS 0x00000004e6000000, 0x00000004e6000000| Untracked 
| 408|0x00000004e6400000, 0x00000004e6400000, 0x00000004e6800000|  0%| F|  |TAMS 0x00000004e6400000, 0x00000004e6400000| Untracked 
| 409|0x00000004e6800000, 0x00000004e6800000, 0x00000004e6c00000|  0%| F|  |TAMS 0x00000004e6800000, 0x00000004e6800000| Untracked 
| 410|0x00000004e6c00000, 0x00000004e6c00000, 0x00000004e7000000|  0%| F|  |TAMS 0x00000004e6c00000, 0x00000004e6c00000| Untracked 
| 411|0x00000004e7000000, 0x00000004e7000000, 0x00000004e7400000|  0%| F|  |TAMS 0x00000004e7000000, 0x00000004e7000000| Untracked 
| 412|0x00000004e7400000, 0x00000004e7400000, 0x00000004e7800000|  0%| F|  |TAMS 0x00000004e7400000, 0x00000004e7400000| Untracked 
| 413|0x00000004e7800000, 0x00000004e7800000, 0x00000004e7c00000|  0%| F|  |TAMS 0x00000004e7800000, 0x00000004e7800000| Untracked 
| 414|0x00000004e7c00000, 0x00000004e7c00000, 0x00000004e8000000|  0%| F|  |TAMS 0x00000004e7c00000, 0x00000004e7c00000| Untracked 
| 415|0x00000004e8000000, 0x00000004e8000000, 0x00000004e8400000|  0%| F|  |TAMS 0x00000004e8000000, 0x00000004e8000000| Untracked 
| 416|0x00000004e8400000, 0x00000004e8400000, 0x00000004e8800000|  0%| F|  |TAMS 0x00000004e8400000, 0x00000004e8400000| Untracked 
| 417|0x00000004e8800000, 0x00000004e8800000, 0x00000004e8c00000|  0%| F|  |TAMS 0x00000004e8800000, 0x00000004e8800000| Untracked 
| 418|0x00000004e8c00000, 0x00000004e8c00000, 0x00000004e9000000|  0%| F|  |TAMS 0x00000004e8c00000, 0x00000004e8c00000| Untracked 
| 419|0x00000004e9000000, 0x00000004e9000000, 0x00000004e9400000|  0%| F|  |TAMS 0x00000004e9000000, 0x00000004e9000000| Untracked 
| 420|0x00000004e9400000, 0x00000004e9400000, 0x00000004e9800000|  0%| F|  |TAMS 0x00000004e9400000, 0x00000004e9400000| Untracked 
| 421|0x00000004e9800000, 0x00000004e9800000, 0x00000004e9c00000|  0%| F|  |TAMS 0x00000004e9800000, 0x00000004e9800000| Untracked 
| 422|0x00000004e9c00000, 0x00000004e9c00000, 0x00000004ea000000|  0%| F|  |TAMS 0x00000004e9c00000, 0x00000004e9c00000| Untracked 
| 423|0x00000004ea000000, 0x00000004ea000000, 0x00000004ea400000|  0%| F|  |TAMS 0x00000004ea000000, 0x00000004ea000000| Untracked 
| 424|0x00000004ea400000, 0x00000004ea400000, 0x00000004ea800000|  0%| F|  |TAMS 0x00000004ea400000, 0x00000004ea400000| Untracked 
| 425|0x00000004ea800000, 0x00000004ea800000, 0x00000004eac00000|  0%| F|  |TAMS 0x00000004ea800000, 0x00000004ea800000| Untracked 
| 426|0x00000004eac00000, 0x00000004eac00000, 0x00000004eb000000|  0%| F|  |TAMS 0x00000004eac00000, 0x00000004eac00000| Untracked 
| 427|0x00000004eb000000, 0x00000004eb000000, 0x00000004eb400000|  0%| F|  |TAMS 0x00000004eb000000, 0x00000004eb000000| Untracked 
| 428|0x00000004eb400000, 0x00000004eb400000, 0x00000004eb800000|  0%| F|  |TAMS 0x00000004eb400000, 0x00000004eb400000| Untracked 
| 429|0x00000004eb800000, 0x00000004eb800000, 0x00000004ebc00000|  0%| F|  |TAMS 0x00000004eb800000, 0x00000004eb800000| Untracked 
| 430|0x00000004ebc00000, 0x00000004ebc00000, 0x00000004ec000000|  0%| F|  |TAMS 0x00000004ebc00000, 0x00000004ebc00000| Untracked 
| 431|0x00000004ec000000, 0x00000004ec000000, 0x00000004ec400000|  0%| F|  |TAMS 0x00000004ec000000, 0x00000004ec000000| Untracked 
| 432|0x00000004ec400000, 0x00000004ec400000, 0x00000004ec800000|  0%| F|  |TAMS 0x00000004ec400000, 0x00000004ec400000| Untracked 
| 433|0x00000004ec800000, 0x00000004ec800000, 0x00000004ecc00000|  0%| F|  |TAMS 0x00000004ec800000, 0x00000004ec800000| Untracked 
| 434|0x00000004ecc00000, 0x00000004ecc00000, 0x00000004ed000000|  0%| F|  |TAMS 0x00000004ecc00000, 0x00000004ecc00000| Untracked 
| 435|0x00000004ed000000, 0x00000004ed000000, 0x00000004ed400000|  0%| F|  |TAMS 0x00000004ed000000, 0x00000004ed000000| Untracked 
| 436|0x00000004ed400000, 0x00000004ed400000, 0x00000004ed800000|  0%| F|  |TAMS 0x00000004ed400000, 0x00000004ed400000| Untracked 
| 437|0x00000004ed800000, 0x00000004ed800000, 0x00000004edc00000|  0%| F|  |TAMS 0x00000004ed800000, 0x00000004ed800000| Untracked 
| 438|0x00000004edc00000, 0x00000004edc00000, 0x00000004ee000000|  0%| F|  |TAMS 0x00000004edc00000, 0x00000004edc00000| Untracked 
| 439|0x00000004ee000000, 0x00000004ee000000, 0x00000004ee400000|  0%| F|  |TAMS 0x00000004ee000000, 0x00000004ee000000| Untracked 
| 440|0x00000004ee400000, 0x00000004ee400000, 0x00000004ee800000|  0%| F|  |TAMS 0x00000004ee400000, 0x00000004ee400000| Untracked 
| 441|0x00000004ee800000, 0x00000004ee800000, 0x00000004eec00000|  0%| F|  |TAMS 0x00000004ee800000, 0x00000004ee800000| Untracked 
| 442|0x00000004eec00000, 0x00000004eec00000, 0x00000004ef000000|  0%| F|  |TAMS 0x00000004eec00000, 0x00000004eec00000| Untracked 
| 443|0x00000004ef000000, 0x00000004ef000000, 0x00000004ef400000|  0%| F|  |TAMS 0x00000004ef000000, 0x00000004ef000000| Untracked 
| 444|0x00000004ef400000, 0x00000004ef400000, 0x00000004ef800000|  0%| F|  |TAMS 0x00000004ef400000, 0x00000004ef400000| Untracked 
| 445|0x00000004ef800000, 0x00000004ef800000, 0x00000004efc00000|  0%| F|  |TAMS 0x00000004ef800000, 0x00000004ef800000| Untracked 
| 446|0x00000004efc00000, 0x00000004efc00000, 0x00000004f0000000|  0%| F|  |TAMS 0x00000004efc00000, 0x00000004efc00000| Untracked 
| 447|0x00000004f0000000, 0x00000004f0000000, 0x00000004f0400000|  0%| F|  |TAMS 0x00000004f0000000, 0x00000004f0000000| Untracked 
| 448|0x00000004f0400000, 0x00000004f0400000, 0x00000004f0800000|  0%| F|  |TAMS 0x00000004f0400000, 0x00000004f0400000| Untracked 
| 449|0x00000004f0800000, 0x00000004f0800000, 0x00000004f0c00000|  0%| F|  |TAMS 0x00000004f0800000, 0x00000004f0800000| Untracked 
| 450|0x00000004f0c00000, 0x00000004f0c00000, 0x00000004f1000000|  0%| F|  |TAMS 0x00000004f0c00000, 0x00000004f0c00000| Untracked 
| 451|0x00000004f1000000, 0x00000004f1000000, 0x00000004f1400000|  0%| F|  |TAMS 0x00000004f1000000, 0x00000004f1000000| Untracked 
| 452|0x00000004f1400000, 0x00000004f1400000, 0x00000004f1800000|  0%| F|  |TAMS 0x00000004f1400000, 0x00000004f1400000| Untracked 
| 453|0x00000004f1800000, 0x00000004f1800000, 0x00000004f1c00000|  0%| F|  |TAMS 0x00000004f1800000, 0x00000004f1800000| Untracked 
| 454|0x00000004f1c00000, 0x00000004f1c00000, 0x00000004f2000000|  0%| F|  |TAMS 0x00000004f1c00000, 0x00000004f1c00000| Untracked 
| 455|0x00000004f2000000, 0x00000004f2000000, 0x00000004f2400000|  0%| F|  |TAMS 0x00000004f2000000, 0x00000004f2000000| Untracked 
| 456|0x00000004f2400000, 0x00000004f2400000, 0x00000004f2800000|  0%| F|  |TAMS 0x00000004f2400000, 0x00000004f2400000| Untracked 
| 457|0x00000004f2800000, 0x00000004f2800000, 0x00000004f2c00000|  0%| F|  |TAMS 0x00000004f2800000, 0x00000004f2800000| Untracked 
| 458|0x00000004f2c00000, 0x00000004f2c00000, 0x00000004f3000000|  0%| F|  |TAMS 0x00000004f2c00000, 0x00000004f2c00000| Untracked 
| 459|0x00000004f3000000, 0x00000004f3000000, 0x00000004f3400000|  0%| F|  |TAMS 0x00000004f3000000, 0x00000004f3000000| Untracked 
| 460|0x00000004f3400000, 0x00000004f3400000, 0x00000004f3800000|  0%| F|  |TAMS 0x00000004f3400000, 0x00000004f3400000| Untracked 
| 461|0x00000004f3800000, 0x00000004f3800000, 0x00000004f3c00000|  0%| F|  |TAMS 0x00000004f3800000, 0x00000004f3800000| Untracked 
| 462|0x00000004f3c00000, 0x00000004f3c00000, 0x00000004f4000000|  0%| F|  |TAMS 0x00000004f3c00000, 0x00000004f3c00000| Untracked 
| 463|0x00000004f4000000, 0x00000004f4000000, 0x00000004f4400000|  0%| F|  |TAMS 0x00000004f4000000, 0x00000004f4000000| Untracked 
| 464|0x00000004f4400000, 0x00000004f4400000, 0x00000004f4800000|  0%| F|  |TAMS 0x00000004f4400000, 0x00000004f4400000| Untracked 
| 465|0x00000004f4800000, 0x00000004f4800000, 0x00000004f4c00000|  0%| F|  |TAMS 0x00000004f4800000, 0x00000004f4800000| Untracked 
| 466|0x00000004f4c00000, 0x00000004f4c00000, 0x00000004f5000000|  0%| F|  |TAMS 0x00000004f4c00000, 0x00000004f4c00000| Untracked 
| 467|0x00000004f5000000, 0x00000004f5000000, 0x00000004f5400000|  0%| F|  |TAMS 0x00000004f5000000, 0x00000004f5000000| Untracked 
| 468|0x00000004f5400000, 0x00000004f5400000, 0x00000004f5800000|  0%| F|  |TAMS 0x00000004f5400000, 0x00000004f5400000| Untracked 
| 469|0x00000004f5800000, 0x00000004f5800000, 0x00000004f5c00000|  0%| F|  |TAMS 0x00000004f5800000, 0x00000004f5800000| Untracked 
| 470|0x00000004f5c00000, 0x00000004f5c00000, 0x00000004f6000000|  0%| F|  |TAMS 0x00000004f5c00000, 0x00000004f5c00000| Untracked 
| 471|0x00000004f6000000, 0x00000004f6000000, 0x00000004f6400000|  0%| F|  |TAMS 0x00000004f6000000, 0x00000004f6000000| Untracked 
| 472|0x00000004f6400000, 0x00000004f6400000, 0x00000004f6800000|  0%| F|  |TAMS 0x00000004f6400000, 0x00000004f6400000| Untracked 
| 473|0x00000004f6800000, 0x00000004f6800000, 0x00000004f6c00000|  0%| F|  |TAMS 0x00000004f6800000, 0x00000004f6800000| Untracked 
| 474|0x00000004f6c00000, 0x00000004f6c00000, 0x00000004f7000000|  0%| F|  |TAMS 0x00000004f6c00000, 0x00000004f6c00000| Untracked 
| 475|0x00000004f7000000, 0x00000004f7000000, 0x00000004f7400000|  0%| F|  |TAMS 0x00000004f7000000, 0x00000004f7000000| Untracked 
| 476|0x00000004f7400000, 0x00000004f7400000, 0x00000004f7800000|  0%| F|  |TAMS 0x00000004f7400000, 0x00000004f7400000| Untracked 
| 477|0x00000004f7800000, 0x00000004f7800000, 0x00000004f7c00000|  0%| F|  |TAMS 0x00000004f7800000, 0x00000004f7800000| Untracked 
| 478|0x00000004f7c00000, 0x00000004f7c00000, 0x00000004f8000000|  0%| F|  |TAMS 0x00000004f7c00000, 0x00000004f7c00000| Untracked 
| 479|0x00000004f8000000, 0x00000004f8000000, 0x00000004f8400000|  0%| F|  |TAMS 0x00000004f8000000, 0x00000004f8000000| Untracked 
| 480|0x00000004f8400000, 0x00000004f8400000, 0x00000004f8800000|  0%| F|  |TAMS 0x00000004f8400000, 0x00000004f8400000| Untracked 
| 481|0x00000004f8800000, 0x00000004f8800000, 0x00000004f8c00000|  0%| F|  |TAMS 0x00000004f8800000, 0x00000004f8800000| Untracked 
| 482|0x00000004f8c00000, 0x00000004f8c00000, 0x00000004f9000000|  0%| F|  |TAMS 0x00000004f8c00000, 0x00000004f8c00000| Untracked 
| 483|0x00000004f9000000, 0x00000004f9000000, 0x00000004f9400000|  0%| F|  |TAMS 0x00000004f9000000, 0x00000004f9000000| Untracked 
| 484|0x00000004f9400000, 0x00000004f9400000, 0x00000004f9800000|  0%| F|  |TAMS 0x00000004f9400000, 0x00000004f9400000| Untracked 
| 485|0x00000004f9800000, 0x00000004f9800000, 0x00000004f9c00000|  0%| F|  |TAMS 0x00000004f9800000, 0x00000004f9800000| Untracked 
| 486|0x00000004f9c00000, 0x00000004f9c00000, 0x00000004fa000000|  0%| F|  |TAMS 0x00000004f9c00000, 0x00000004f9c00000| Untracked 
| 487|0x00000004fa000000, 0x00000004fa000000, 0x00000004fa400000|  0%| F|  |TAMS 0x00000004fa000000, 0x00000004fa000000| Untracked 
| 488|0x00000004fa400000, 0x00000004fa400000, 0x00000004fa800000|  0%| F|  |TAMS 0x00000004fa400000, 0x00000004fa400000| Untracked 
| 489|0x00000004fa800000, 0x00000004fa800000, 0x00000004fac00000|  0%| F|  |TAMS 0x00000004fa800000, 0x00000004fa800000| Untracked 
| 490|0x00000004fac00000, 0x00000004fac00000, 0x00000004fb000000|  0%| F|  |TAMS 0x00000004fac00000, 0x00000004fac00000| Untracked 
| 491|0x00000004fb000000, 0x00000004fb000000, 0x00000004fb400000|  0%| F|  |TAMS 0x00000004fb000000, 0x00000004fb000000| Untracked 
| 492|0x00000004fb400000, 0x00000004fb400000, 0x00000004fb800000|  0%| F|  |TAMS 0x00000004fb400000, 0x00000004fb400000| Untracked 
| 493|0x00000004fb800000, 0x00000004fb800000, 0x00000004fbc00000|  0%| F|  |TAMS 0x00000004fb800000, 0x00000004fb800000| Untracked 
| 494|0x00000004fbc00000, 0x00000004fbc00000, 0x00000004fc000000|  0%| F|  |TAMS 0x00000004fbc00000, 0x00000004fbc00000| Untracked 
| 495|0x00000004fc000000, 0x00000004fc000000, 0x00000004fc400000|  0%| F|  |TAMS 0x00000004fc000000, 0x00000004fc000000| Untracked 
| 496|0x00000004fc400000, 0x00000004fc400000, 0x00000004fc800000|  0%| F|  |TAMS 0x00000004fc400000, 0x00000004fc400000| Untracked 
| 497|0x00000004fc800000, 0x00000004fc800000, 0x00000004fcc00000|  0%| F|  |TAMS 0x00000004fc800000, 0x00000004fc800000| Untracked 
| 498|0x00000004fcc00000, 0x00000004fcc00000, 0x00000004fd000000|  0%| F|  |TAMS 0x00000004fcc00000, 0x00000004fcc00000| Untracked 
| 499|0x00000004fd000000, 0x00000004fd000000, 0x00000004fd400000|  0%| F|  |TAMS 0x00000004fd000000, 0x00000004fd000000| Untracked 
| 500|0x00000004fd400000, 0x00000004fd400000, 0x00000004fd800000|  0%| F|  |TAMS 0x00000004fd400000, 0x00000004fd400000| Untracked 
| 501|0x00000004fd800000, 0x00000004fd800000, 0x00000004fdc00000|  0%| F|  |TAMS 0x00000004fd800000, 0x00000004fd800000| Untracked 
| 502|0x00000004fdc00000, 0x00000004fdc00000, 0x00000004fe000000|  0%| F|  |TAMS 0x00000004fdc00000, 0x00000004fdc00000| Untracked 
| 503|0x00000004fe000000, 0x00000004fe000000, 0x00000004fe400000|  0%| F|  |TAMS 0x00000004fe000000, 0x00000004fe000000| Untracked 
| 504|0x00000004fe400000, 0x00000004fe400000, 0x00000004fe800000|  0%| F|  |TAMS 0x00000004fe400000, 0x00000004fe400000| Untracked 
| 505|0x00000004fe800000, 0x00000004fe800000, 0x00000004fec00000|  0%| F|  |TAMS 0x00000004fe800000, 0x00000004fe800000| Untracked 
| 506|0x00000004fec00000, 0x00000004fec00000, 0x00000004ff000000|  0%| F|  |TAMS 0x00000004fec00000, 0x00000004fec00000| Untracked 
| 507|0x00000004ff000000, 0x00000004ff000000, 0x00000004ff400000|  0%| F|  |TAMS 0x00000004ff000000, 0x00000004ff000000| Untracked 
| 508|0x00000004ff400000, 0x00000004ff400000, 0x00000004ff800000|  0%| F|  |TAMS 0x00000004ff400000, 0x00000004ff400000| Untracked 
| 509|0x00000004ff800000, 0x00000004ff800000, 0x00000004ffc00000|  0%| F|  |TAMS 0x00000004ff800000, 0x00000004ff800000| Untracked 
| 510|0x00000004ffc00000, 0x00000004ffc00000, 0x0000000500000000|  0%| F|  |TAMS 0x00000004ffc00000, 0x00000004ffc00000| Untracked 
| 511|0x0000000500000000, 0x0000000500000000, 0x0000000500400000|  0%| F|  |TAMS 0x0000000500000000, 0x0000000500000000| Untracked 
| 512|0x0000000500400000, 0x0000000500400000, 0x0000000500800000|  0%| F|  |TAMS 0x0000000500400000, 0x0000000500400000| Untracked 
| 513|0x0000000500800000, 0x0000000500800000, 0x0000000500c00000|  0%| F|  |TAMS 0x0000000500800000, 0x0000000500800000| Untracked 
| 514|0x0000000500c00000, 0x0000000500c00000, 0x0000000501000000|  0%| F|  |TAMS 0x0000000500c00000, 0x0000000500c00000| Untracked 
| 515|0x0000000501000000, 0x0000000501000000, 0x0000000501400000|  0%| F|  |TAMS 0x0000000501000000, 0x0000000501000000| Untracked 
| 516|0x0000000501400000, 0x0000000501400000, 0x0000000501800000|  0%| F|  |TAMS 0x0000000501400000, 0x0000000501400000| Untracked 
| 517|0x0000000501800000, 0x0000000501800000, 0x0000000501c00000|  0%| F|  |TAMS 0x0000000501800000, 0x0000000501800000| Untracked 
| 518|0x0000000501c00000, 0x0000000501c00000, 0x0000000502000000|  0%| F|  |TAMS 0x0000000501c00000, 0x0000000501c00000| Untracked 
| 519|0x0000000502000000, 0x0000000502000000, 0x0000000502400000|  0%| F|  |TAMS 0x0000000502000000, 0x0000000502000000| Untracked 
| 520|0x0000000502400000, 0x0000000502400000, 0x0000000502800000|  0%| F|  |TAMS 0x0000000502400000, 0x0000000502400000| Untracked 
| 521|0x0000000502800000, 0x0000000502800000, 0x0000000502c00000|  0%| F|  |TAMS 0x0000000502800000, 0x0000000502800000| Untracked 
| 522|0x0000000502c00000, 0x0000000502c00000, 0x0000000503000000|  0%| F|  |TAMS 0x0000000502c00000, 0x0000000502c00000| Untracked 
| 523|0x0000000503000000, 0x0000000503000000, 0x0000000503400000|  0%| F|  |TAMS 0x0000000503000000, 0x0000000503000000| Untracked 
| 524|0x0000000503400000, 0x0000000503400000, 0x0000000503800000|  0%| F|  |TAMS 0x0000000503400000, 0x0000000503400000| Untracked 
| 525|0x0000000503800000, 0x0000000503800000, 0x0000000503c00000|  0%| F|  |TAMS 0x0000000503800000, 0x0000000503800000| Untracked 
| 526|0x0000000503c00000, 0x0000000503c00000, 0x0000000504000000|  0%| F|  |TAMS 0x0000000503c00000, 0x0000000503c00000| Untracked 
| 527|0x0000000504000000, 0x0000000504000000, 0x0000000504400000|  0%| F|  |TAMS 0x0000000504000000, 0x0000000504000000| Untracked 
| 528|0x0000000504400000, 0x0000000504400000, 0x0000000504800000|  0%| F|  |TAMS 0x0000000504400000, 0x0000000504400000| Untracked 
| 529|0x0000000504800000, 0x0000000504800000, 0x0000000504c00000|  0%| F|  |TAMS 0x0000000504800000, 0x0000000504800000| Untracked 
| 530|0x0000000504c00000, 0x0000000504c00000, 0x0000000505000000|  0%| F|  |TAMS 0x0000000504c00000, 0x0000000504c00000| Untracked 
| 531|0x0000000505000000, 0x0000000505000000, 0x0000000505400000|  0%| F|  |TAMS 0x0000000505000000, 0x0000000505000000| Untracked 
| 532|0x0000000505400000, 0x0000000505400000, 0x0000000505800000|  0%| F|  |TAMS 0x0000000505400000, 0x0000000505400000| Untracked 
| 533|0x0000000505800000, 0x0000000505800000, 0x0000000505c00000|  0%| F|  |TAMS 0x0000000505800000, 0x0000000505800000| Untracked 
| 534|0x0000000505c00000, 0x0000000505c00000, 0x0000000506000000|  0%| F|  |TAMS 0x0000000505c00000, 0x0000000505c00000| Untracked 
| 535|0x0000000506000000, 0x0000000506000000, 0x0000000506400000|  0%| F|  |TAMS 0x0000000506000000, 0x0000000506000000| Untracked 
| 536|0x0000000506400000, 0x0000000506400000, 0x0000000506800000|  0%| F|  |TAMS 0x0000000506400000, 0x0000000506400000| Untracked 
| 537|0x0000000506800000, 0x0000000506800000, 0x0000000506c00000|  0%| F|  |TAMS 0x0000000506800000, 0x0000000506800000| Untracked 
| 538|0x0000000506c00000, 0x0000000506c00000, 0x0000000507000000|  0%| F|  |TAMS 0x0000000506c00000, 0x0000000506c00000| Untracked 
| 539|0x0000000507000000, 0x0000000507000000, 0x0000000507400000|  0%| F|  |TAMS 0x0000000507000000, 0x0000000507000000| Untracked 
| 540|0x0000000507400000, 0x0000000507400000, 0x0000000507800000|  0%| F|  |TAMS 0x0000000507400000, 0x0000000507400000| Untracked 
| 541|0x0000000507800000, 0x0000000507800000, 0x0000000507c00000|  0%| F|  |TAMS 0x0000000507800000, 0x0000000507800000| Untracked 
| 542|0x0000000507c00000, 0x0000000507c00000, 0x0000000508000000|  0%| F|  |TAMS 0x0000000507c00000, 0x0000000507c00000| Untracked 
| 543|0x0000000508000000, 0x0000000508000000, 0x0000000508400000|  0%| F|  |TAMS 0x0000000508000000, 0x0000000508000000| Untracked 
| 544|0x0000000508400000, 0x0000000508400000, 0x0000000508800000|  0%| F|  |TAMS 0x0000000508400000, 0x0000000508400000| Untracked 
| 545|0x0000000508800000, 0x0000000508800000, 0x0000000508c00000|  0%| F|  |TAMS 0x0000000508800000, 0x0000000508800000| Untracked 
| 546|0x0000000508c00000, 0x0000000508c00000, 0x0000000509000000|  0%| F|  |TAMS 0x0000000508c00000, 0x0000000508c00000| Untracked 
| 547|0x0000000509000000, 0x0000000509000000, 0x0000000509400000|  0%| F|  |TAMS 0x0000000509000000, 0x0000000509000000| Untracked 
| 548|0x0000000509400000, 0x0000000509400000, 0x0000000509800000|  0%| F|  |TAMS 0x0000000509400000, 0x0000000509400000| Untracked 
| 549|0x0000000509800000, 0x0000000509800000, 0x0000000509c00000|  0%| F|  |TAMS 0x0000000509800000, 0x0000000509800000| Untracked 
| 550|0x0000000509c00000, 0x0000000509c00000, 0x000000050a000000|  0%| F|  |TAMS 0x0000000509c00000, 0x0000000509c00000| Untracked 
| 551|0x000000050a000000, 0x000000050a000000, 0x000000050a400000|  0%| F|  |TAMS 0x000000050a000000, 0x000000050a000000| Untracked 
| 552|0x000000050a400000, 0x000000050a400000, 0x000000050a800000|  0%| F|  |TAMS 0x000000050a400000, 0x000000050a400000| Untracked 
| 553|0x000000050a800000, 0x000000050a800000, 0x000000050ac00000|  0%| F|  |TAMS 0x000000050a800000, 0x000000050a800000| Untracked 
| 554|0x000000050ac00000, 0x000000050ac00000, 0x000000050b000000|  0%| F|  |TAMS 0x000000050ac00000, 0x000000050ac00000| Untracked 
| 555|0x000000050b000000, 0x000000050b000000, 0x000000050b400000|  0%| F|  |TAMS 0x000000050b000000, 0x000000050b000000| Untracked 
| 556|0x000000050b400000, 0x000000050b400000, 0x000000050b800000|  0%| F|  |TAMS 0x000000050b400000, 0x000000050b400000| Untracked 
| 557|0x000000050b800000, 0x000000050b800000, 0x000000050bc00000|  0%| F|  |TAMS 0x000000050b800000, 0x000000050b800000| Untracked 
| 558|0x000000050bc00000, 0x000000050bc00000, 0x000000050c000000|  0%| F|  |TAMS 0x000000050bc00000, 0x000000050bc00000| Untracked 
| 559|0x000000050c000000, 0x000000050c000000, 0x000000050c400000|  0%| F|  |TAMS 0x000000050c000000, 0x000000050c000000| Untracked 
| 560|0x000000050c400000, 0x000000050c400000, 0x000000050c800000|  0%| F|  |TAMS 0x000000050c400000, 0x000000050c400000| Untracked 
| 561|0x000000050c800000, 0x000000050c800000, 0x000000050cc00000|  0%| F|  |TAMS 0x000000050c800000, 0x000000050c800000| Untracked 
| 562|0x000000050cc00000, 0x000000050cc00000, 0x000000050d000000|  0%| F|  |TAMS 0x000000050cc00000, 0x000000050cc00000| Untracked 
| 563|0x000000050d000000, 0x000000050d000000, 0x000000050d400000|  0%| F|  |TAMS 0x000000050d000000, 0x000000050d000000| Untracked 
| 564|0x000000050d400000, 0x000000050d400000, 0x000000050d800000|  0%| F|  |TAMS 0x000000050d400000, 0x000000050d400000| Untracked 
| 565|0x000000050d800000, 0x000000050d800000, 0x000000050dc00000|  0%| F|  |TAMS 0x000000050d800000, 0x000000050d800000| Untracked 
| 566|0x000000050dc00000, 0x000000050dc00000, 0x000000050e000000|  0%| F|  |TAMS 0x000000050dc00000, 0x000000050dc00000| Untracked 
| 567|0x000000050e000000, 0x000000050e000000, 0x000000050e400000|  0%| F|  |TAMS 0x000000050e000000, 0x000000050e000000| Untracked 
| 568|0x000000050e400000, 0x000000050e400000, 0x000000050e800000|  0%| F|  |TAMS 0x000000050e400000, 0x000000050e400000| Untracked 
| 569|0x000000050e800000, 0x000000050e800000, 0x000000050ec00000|  0%| F|  |TAMS 0x000000050e800000, 0x000000050e800000| Untracked 
| 570|0x000000050ec00000, 0x000000050ec00000, 0x000000050f000000|  0%| F|  |TAMS 0x000000050ec00000, 0x000000050ec00000| Untracked 
| 571|0x000000050f000000, 0x000000050f000000, 0x000000050f400000|  0%| F|  |TAMS 0x000000050f000000, 0x000000050f000000| Untracked 
| 572|0x000000050f400000, 0x000000050f400000, 0x000000050f800000|  0%| F|  |TAMS 0x000000050f400000, 0x000000050f400000| Untracked 
| 573|0x000000050f800000, 0x000000050f800000, 0x000000050fc00000|  0%| F|  |TAMS 0x000000050f800000, 0x000000050f800000| Untracked 
| 574|0x000000050fc00000, 0x000000050fc00000, 0x0000000510000000|  0%| F|  |TAMS 0x000000050fc00000, 0x000000050fc00000| Untracked 
| 575|0x0000000510000000, 0x0000000510000000, 0x0000000510400000|  0%| F|  |TAMS 0x0000000510000000, 0x0000000510000000| Untracked 
| 576|0x0000000510400000, 0x0000000510400000, 0x0000000510800000|  0%| F|  |TAMS 0x0000000510400000, 0x0000000510400000| Untracked 
| 577|0x0000000510800000, 0x0000000510800000, 0x0000000510c00000|  0%| F|  |TAMS 0x0000000510800000, 0x0000000510800000| Untracked 
| 578|0x0000000510c00000, 0x0000000510c00000, 0x0000000511000000|  0%| F|  |TAMS 0x0000000510c00000, 0x0000000510c00000| Untracked 
| 579|0x0000000511000000, 0x0000000511000000, 0x0000000511400000|  0%| F|  |TAMS 0x0000000511000000, 0x0000000511000000| Untracked 
| 580|0x0000000511400000, 0x0000000511400000, 0x0000000511800000|  0%| F|  |TAMS 0x0000000511400000, 0x0000000511400000| Untracked 
| 581|0x0000000511800000, 0x0000000511800000, 0x0000000511c00000|  0%| F|  |TAMS 0x0000000511800000, 0x0000000511800000| Untracked 
| 582|0x0000000511c00000, 0x0000000511c00000, 0x0000000512000000|  0%| F|  |TAMS 0x0000000511c00000, 0x0000000511c00000| Untracked 
| 583|0x0000000512000000, 0x0000000512000000, 0x0000000512400000|  0%| F|  |TAMS 0x0000000512000000, 0x0000000512000000| Untracked 
| 584|0x0000000512400000, 0x0000000512400000, 0x0000000512800000|  0%| F|  |TAMS 0x0000000512400000, 0x0000000512400000| Untracked 
| 585|0x0000000512800000, 0x0000000512800000, 0x0000000512c00000|  0%| F|  |TAMS 0x0000000512800000, 0x0000000512800000| Untracked 
| 586|0x0000000512c00000, 0x0000000512c00000, 0x0000000513000000|  0%| F|  |TAMS 0x0000000512c00000, 0x0000000512c00000| Untracked 
| 587|0x0000000513000000, 0x0000000513000000, 0x0000000513400000|  0%| F|  |TAMS 0x0000000513000000, 0x0000000513000000| Untracked 
| 588|0x0000000513400000, 0x0000000513400000, 0x0000000513800000|  0%| F|  |TAMS 0x0000000513400000, 0x0000000513400000| Untracked 
| 589|0x0000000513800000, 0x0000000513800000, 0x0000000513c00000|  0%| F|  |TAMS 0x0000000513800000, 0x0000000513800000| Untracked 
| 590|0x0000000513c00000, 0x0000000513c00000, 0x0000000514000000|  0%| F|  |TAMS 0x0000000513c00000, 0x0000000513c00000| Untracked 
| 591|0x0000000514000000, 0x0000000514000000, 0x0000000514400000|  0%| F|  |TAMS 0x0000000514000000, 0x0000000514000000| Untracked 
| 592|0x0000000514400000, 0x0000000514400000, 0x0000000514800000|  0%| F|  |TAMS 0x0000000514400000, 0x0000000514400000| Untracked 
| 593|0x0000000514800000, 0x0000000514800000, 0x0000000514c00000|  0%| F|  |TAMS 0x0000000514800000, 0x0000000514800000| Untracked 
| 594|0x0000000514c00000, 0x0000000514c00000, 0x0000000515000000|  0%| F|  |TAMS 0x0000000514c00000, 0x0000000514c00000| Untracked 
| 595|0x0000000515000000, 0x0000000515000000, 0x0000000515400000|  0%| F|  |TAMS 0x0000000515000000, 0x0000000515000000| Untracked 
| 596|0x0000000515400000, 0x0000000515400000, 0x0000000515800000|  0%| F|  |TAMS 0x0000000515400000, 0x0000000515400000| Untracked 
| 597|0x0000000515800000, 0x0000000515800000, 0x0000000515c00000|  0%| F|  |TAMS 0x0000000515800000, 0x0000000515800000| Untracked 
| 598|0x0000000515c00000, 0x0000000515c00000, 0x0000000516000000|  0%| F|  |TAMS 0x0000000515c00000, 0x0000000515c00000| Untracked 
| 599|0x0000000516000000, 0x0000000516000000, 0x0000000516400000|  0%| F|  |TAMS 0x0000000516000000, 0x0000000516000000| Untracked 
| 600|0x0000000516400000, 0x0000000516400000, 0x0000000516800000|  0%| F|  |TAMS 0x0000000516400000, 0x0000000516400000| Untracked 
| 601|0x0000000516800000, 0x0000000516800000, 0x0000000516c00000|  0%| F|  |TAMS 0x0000000516800000, 0x0000000516800000| Untracked 
| 602|0x0000000516c00000, 0x0000000516c00000, 0x0000000517000000|  0%| F|  |TAMS 0x0000000516c00000, 0x0000000516c00000| Untracked 
| 603|0x0000000517000000, 0x0000000517000000, 0x0000000517400000|  0%| F|  |TAMS 0x0000000517000000, 0x0000000517000000| Untracked 
| 604|0x0000000517400000, 0x0000000517400000, 0x0000000517800000|  0%| F|  |TAMS 0x0000000517400000, 0x0000000517400000| Untracked 
| 605|0x0000000517800000, 0x0000000517800000, 0x0000000517c00000|  0%| F|  |TAMS 0x0000000517800000, 0x0000000517800000| Untracked 
| 606|0x0000000517c00000, 0x0000000517c00000, 0x0000000518000000|  0%| F|  |TAMS 0x0000000517c00000, 0x0000000517c00000| Untracked 
| 607|0x0000000518000000, 0x0000000518000000, 0x0000000518400000|  0%| F|  |TAMS 0x0000000518000000, 0x0000000518000000| Untracked 
| 608|0x0000000518400000, 0x0000000518400000, 0x0000000518800000|  0%| F|  |TAMS 0x0000000518400000, 0x0000000518400000| Untracked 
| 609|0x0000000518800000, 0x0000000518800000, 0x0000000518c00000|  0%| F|  |TAMS 0x0000000518800000, 0x0000000518800000| Untracked 
| 610|0x0000000518c00000, 0x0000000518c00000, 0x0000000519000000|  0%| F|  |TAMS 0x0000000518c00000, 0x0000000518c00000| Untracked 
| 611|0x0000000519000000, 0x0000000519000000, 0x0000000519400000|  0%| F|  |TAMS 0x0000000519000000, 0x0000000519000000| Untracked 
| 612|0x0000000519400000, 0x0000000519400000, 0x0000000519800000|  0%| F|  |TAMS 0x0000000519400000, 0x0000000519400000| Untracked 
| 613|0x0000000519800000, 0x0000000519800000, 0x0000000519c00000|  0%| F|  |TAMS 0x0000000519800000, 0x0000000519800000| Untracked 
| 614|0x0000000519c00000, 0x0000000519c00000, 0x000000051a000000|  0%| F|  |TAMS 0x0000000519c00000, 0x0000000519c00000| Untracked 
| 615|0x000000051a000000, 0x000000051a000000, 0x000000051a400000|  0%| F|  |TAMS 0x000000051a000000, 0x000000051a000000| Untracked 
| 616|0x000000051a400000, 0x000000051a400000, 0x000000051a800000|  0%| F|  |TAMS 0x000000051a400000, 0x000000051a400000| Untracked 
| 617|0x000000051a800000, 0x000000051a800000, 0x000000051ac00000|  0%| F|  |TAMS 0x000000051a800000, 0x000000051a800000| Untracked 
| 618|0x000000051ac00000, 0x000000051ac00000, 0x000000051b000000|  0%| F|  |TAMS 0x000000051ac00000, 0x000000051ac00000| Untracked 
| 619|0x000000051b000000, 0x000000051b000000, 0x000000051b400000|  0%| F|  |TAMS 0x000000051b000000, 0x000000051b000000| Untracked 
| 620|0x000000051b400000, 0x000000051b400000, 0x000000051b800000|  0%| F|  |TAMS 0x000000051b400000, 0x000000051b400000| Untracked 
| 621|0x000000051b800000, 0x000000051b800000, 0x000000051bc00000|  0%| F|  |TAMS 0x000000051b800000, 0x000000051b800000| Untracked 
| 622|0x000000051bc00000, 0x000000051bc00000, 0x000000051c000000|  0%| F|  |TAMS 0x000000051bc00000, 0x000000051bc00000| Untracked 
| 623|0x000000051c000000, 0x000000051c000000, 0x000000051c400000|  0%| F|  |TAMS 0x000000051c000000, 0x000000051c000000| Untracked 
| 624|0x000000051c400000, 0x000000051c400000, 0x000000051c800000|  0%| F|  |TAMS 0x000000051c400000, 0x000000051c400000| Untracked 
| 625|0x000000051c800000, 0x000000051c800000, 0x000000051cc00000|  0%| F|  |TAMS 0x000000051c800000, 0x000000051c800000| Untracked 
| 626|0x000000051cc00000, 0x000000051cc00000, 0x000000051d000000|  0%| F|  |TAMS 0x000000051cc00000, 0x000000051cc00000| Untracked 
| 627|0x000000051d000000, 0x000000051d000000, 0x000000051d400000|  0%| F|  |TAMS 0x000000051d000000, 0x000000051d000000| Untracked 
| 628|0x000000051d400000, 0x000000051d400000, 0x000000051d800000|  0%| F|  |TAMS 0x000000051d400000, 0x000000051d400000| Untracked 
| 629|0x000000051d800000, 0x000000051d800000, 0x000000051dc00000|  0%| F|  |TAMS 0x000000051d800000, 0x000000051d800000| Untracked 
| 630|0x000000051dc00000, 0x000000051dc00000, 0x000000051e000000|  0%| F|  |TAMS 0x000000051dc00000, 0x000000051dc00000| Untracked 
| 631|0x000000051e000000, 0x000000051e000000, 0x000000051e400000|  0%| F|  |TAMS 0x000000051e000000, 0x000000051e000000| Untracked 
| 632|0x000000051e400000, 0x000000051e400000, 0x000000051e800000|  0%| F|  |TAMS 0x000000051e400000, 0x000000051e400000| Untracked 
| 633|0x000000051e800000, 0x000000051e800000, 0x000000051ec00000|  0%| F|  |TAMS 0x000000051e800000, 0x000000051e800000| Untracked 
| 634|0x000000051ec00000, 0x000000051ec00000, 0x000000051f000000|  0%| F|  |TAMS 0x000000051ec00000, 0x000000051ec00000| Untracked 
| 635|0x000000051f000000, 0x000000051f000000, 0x000000051f400000|  0%| F|  |TAMS 0x000000051f000000, 0x000000051f000000| Untracked 
| 636|0x000000051f400000, 0x000000051f400000, 0x000000051f800000|  0%| F|  |TAMS 0x000000051f400000, 0x000000051f400000| Untracked 
| 637|0x000000051f800000, 0x000000051f800000, 0x000000051fc00000|  0%| F|  |TAMS 0x000000051f800000, 0x000000051f800000| Untracked 
| 638|0x000000051fc00000, 0x000000051fc00000, 0x0000000520000000|  0%| F|  |TAMS 0x000000051fc00000, 0x000000051fc00000| Untracked 
| 639|0x0000000520000000, 0x0000000520000000, 0x0000000520400000|  0%| F|  |TAMS 0x0000000520000000, 0x0000000520000000| Untracked 
| 640|0x0000000520400000, 0x0000000520400000, 0x0000000520800000|  0%| F|  |TAMS 0x0000000520400000, 0x0000000520400000| Untracked 
| 641|0x0000000520800000, 0x0000000520800000, 0x0000000520c00000|  0%| F|  |TAMS 0x0000000520800000, 0x0000000520800000| Untracked 
| 642|0x0000000520c00000, 0x0000000520c00000, 0x0000000521000000|  0%| F|  |TAMS 0x0000000520c00000, 0x0000000520c00000| Untracked 
| 643|0x0000000521000000, 0x0000000521000000, 0x0000000521400000|  0%| F|  |TAMS 0x0000000521000000, 0x0000000521000000| Untracked 
| 644|0x0000000521400000, 0x0000000521400000, 0x0000000521800000|  0%| F|  |TAMS 0x0000000521400000, 0x0000000521400000| Untracked 
| 645|0x0000000521800000, 0x0000000521800000, 0x0000000521c00000|  0%| F|  |TAMS 0x0000000521800000, 0x0000000521800000| Untracked 
| 646|0x0000000521c00000, 0x0000000521c00000, 0x0000000522000000|  0%| F|  |TAMS 0x0000000521c00000, 0x0000000521c00000| Untracked 
| 647|0x0000000522000000, 0x0000000522000000, 0x0000000522400000|  0%| F|  |TAMS 0x0000000522000000, 0x0000000522000000| Untracked 
| 648|0x0000000522400000, 0x0000000522400000, 0x0000000522800000|  0%| F|  |TAMS 0x0000000522400000, 0x0000000522400000| Untracked 
| 649|0x0000000522800000, 0x0000000522800000, 0x0000000522c00000|  0%| F|  |TAMS 0x0000000522800000, 0x0000000522800000| Untracked 
| 650|0x0000000522c00000, 0x0000000522c00000, 0x0000000523000000|  0%| F|  |TAMS 0x0000000522c00000, 0x0000000522c00000| Untracked 
| 651|0x0000000523000000, 0x0000000523000000, 0x0000000523400000|  0%| F|  |TAMS 0x0000000523000000, 0x0000000523000000| Untracked 
| 652|0x0000000523400000, 0x0000000523400000, 0x0000000523800000|  0%| F|  |TAMS 0x0000000523400000, 0x0000000523400000| Untracked 
| 653|0x0000000523800000, 0x0000000523800000, 0x0000000523c00000|  0%| F|  |TAMS 0x0000000523800000, 0x0000000523800000| Untracked 
| 654|0x0000000523c00000, 0x0000000523c00000, 0x0000000524000000|  0%| F|  |TAMS 0x0000000523c00000, 0x0000000523c00000| Untracked 
| 655|0x0000000524000000, 0x0000000524000000, 0x0000000524400000|  0%| F|  |TAMS 0x0000000524000000, 0x0000000524000000| Untracked 
| 656|0x0000000524400000, 0x0000000524400000, 0x0000000524800000|  0%| F|  |TAMS 0x0000000524400000, 0x0000000524400000| Untracked 
| 657|0x0000000524800000, 0x0000000524800000, 0x0000000524c00000|  0%| F|  |TAMS 0x0000000524800000, 0x0000000524800000| Untracked 
| 658|0x0000000524c00000, 0x0000000524c00000, 0x0000000525000000|  0%| F|  |TAMS 0x0000000524c00000, 0x0000000524c00000| Untracked 
| 659|0x0000000525000000, 0x0000000525000000, 0x0000000525400000|  0%| F|  |TAMS 0x0000000525000000, 0x0000000525000000| Untracked 
| 660|0x0000000525400000, 0x0000000525400000, 0x0000000525800000|  0%| F|  |TAMS 0x0000000525400000, 0x0000000525400000| Untracked 
| 661|0x0000000525800000, 0x0000000525800000, 0x0000000525c00000|  0%| F|  |TAMS 0x0000000525800000, 0x0000000525800000| Untracked 
| 662|0x0000000525c00000, 0x0000000525c00000, 0x0000000526000000|  0%| F|  |TAMS 0x0000000525c00000, 0x0000000525c00000| Untracked 
| 663|0x0000000526000000, 0x0000000526000000, 0x0000000526400000|  0%| F|  |TAMS 0x0000000526000000, 0x0000000526000000| Untracked 
| 664|0x0000000526400000, 0x0000000526400000, 0x0000000526800000|  0%| F|  |TAMS 0x0000000526400000, 0x0000000526400000| Untracked 
| 665|0x0000000526800000, 0x0000000526800000, 0x0000000526c00000|  0%| F|  |TAMS 0x0000000526800000, 0x0000000526800000| Untracked 
| 666|0x0000000526c00000, 0x0000000526c00000, 0x0000000527000000|  0%| F|  |TAMS 0x0000000526c00000, 0x0000000526c00000| Untracked 
| 667|0x0000000527000000, 0x0000000527000000, 0x0000000527400000|  0%| F|  |TAMS 0x0000000527000000, 0x0000000527000000| Untracked 
| 668|0x0000000527400000, 0x0000000527400000, 0x0000000527800000|  0%| F|  |TAMS 0x0000000527400000, 0x0000000527400000| Untracked 
| 669|0x0000000527800000, 0x0000000527800000, 0x0000000527c00000|  0%| F|  |TAMS 0x0000000527800000, 0x0000000527800000| Untracked 

Card table byte_map: [0x00000183fcf40000,0x00000183fdb40000] _byte_map_base: 0x00000183fab3e000

Marking Bits (Prev, Next): (CMBitMap*) 0x00000183f89e3fc0, (CMBitMap*) 0x00000183f89e4000
 Prev Bits: [0x000001838f000000, 0x0000018394fe0000)
 Next Bits: [0x0000018394fe0000, 0x000001839afc0000)

Polling page: 0x00000183f68e0000

Metaspace:

Usage:
  Non-class:     13.00 MB used.
      Class:    995.43 KB used.
       Both:     13.97 MB used.

Virtual space:
  Non-class space:       64.00 MB reserved,      13.06 MB ( 20%) committed,  1 nodes.
      Class space:        1.00 GB reserved,       1.06 MB ( <1%) committed,  1 nodes.
             Both:        1.06 GB reserved,      14.12 MB (  1%) committed. 

Chunk freelists:
   Non-Class:  2.70 MB
       Class:  14.97 MB
        Both:  17.67 MB

MaxMetaspaceSize: unlimited
CompressedClassSpaceSize: 1.00 GB
Initial GC threshold: 21.00 MB
Current GC threshold: 21.00 MB
CDS: off
MetaspaceReclaimPolicy: balanced
 - commit_granule_bytes: 65536.
 - commit_granule_words: 8192.
 - virtual_space_node_default_size: 8388608.
 - enlarge_chunks_in_place: 1.
 - new_chunks_are_fully_committed: 0.
 - uncommit_free_chunks: 1.
 - use_allocation_guard: 0.
 - handle_deallocations: 1.


Internal statistics:

num_allocs_failed_limit: 0.
num_arena_births: 68.
num_arena_deaths: 0.
num_vsnodes_births: 2.
num_vsnodes_deaths: 0.
num_space_committed: 224.
num_space_uncommitted: 0.
num_chunks_returned_to_freelist: 0.
num_chunks_taken_from_freelist: 283.
num_chunk_merges: 0.
num_chunk_splits: 206.
num_chunks_enlarged: 167.
num_inconsistent_stats: 0.

CodeHeap 'non-profiled nmethods': size=120000Kb used=1131Kb max_used=1131Kb free=118868Kb
 bounds [0x0000018387ad0000, 0x0000018387d40000, 0x000001838f000000]
CodeHeap 'profiled nmethods': size=120000Kb used=3083Kb max_used=3083Kb free=116917Kb
 bounds [0x0000018380000000, 0x0000018380310000, 0x0000018387530000]
CodeHeap 'non-nmethods': size=5760Kb used=1709Kb max_used=1763Kb free=4050Kb
 bounds [0x0000018387530000, 0x00000183877a0000, 0x0000018387ad0000]
 total_blobs=2628 nmethods=1454 adapters=1087
 compilation: enabled
              stopped_count=0, restarted_count=0
 full_count=0

Compilation events (20 events):
Event: 10.992 Thread 0x00000183a1083380 nmethod 1444 0x00000183802ee890 code [0x00000183802eeb00, 0x00000183802ef498]
Event: 10.992 Thread 0x00000183a1083380 1445   !   3       java.io.PrintStream::write (69 bytes)
Event: 10.992 Thread 0x00000183a1083380 nmethod 1445 0x00000183802ef810 code [0x00000183802efa20, 0x00000183802f00d8]
Event: 10.992 Thread 0x00000183a1083380 1446  s    3       java.io.BufferedOutputStream::write (67 bytes)
Event: 10.993 Thread 0x00000183a1083380 nmethod 1446 0x00000183802f0410 code [0x00000183802f0620, 0x00000183802f0d78]
Event: 11.026 Thread 0x00000183a1083380 1447       3       org.lwjgl.system.MemoryUtil::memSet (92 bytes)
Event: 11.026 Thread 0x00000183a1083380 nmethod 1447 0x00000183802f0f90 code [0x00000183802f1140, 0x00000183802f1358]
Event: 11.284 Thread 0x00000183a1082140 nmethod 1437% 0x0000018387bd2a90 code [0x0000018387bd30a0, 0x0000018387bda388]
Event: 11.677 Thread 0x00000183a1083380 1449 %     3       loaders.ObjLoader::parseMeshDataFromLines @ 420 (1229 bytes)
Event: 11.682 Thread 0x00000183a1083380 nmethod 1449% 0x00000183802f1410 code [0x00000183802f1ba0, 0x00000183802f6d78]
Event: 11.682 Thread 0x00000183a1083380 1450       3       loaders.ObjLoader::parseMeshDataFromLines (1229 bytes)
Event: 11.687 Thread 0x00000183a1083380 nmethod 1450 0x00000183802f9210 code [0x00000183802f9aa0, 0x00000183802ff808]
Event: 11.695 Thread 0x00000183a1082140 1451       4       loaders.ObjLoader::parseMeshDataFromLines (1229 bytes)
Event: 11.795 Thread 0x00000183a1083380 1452       3       java.lang.StringBuilder::<init> (6 bytes)
Event: 11.795 Thread 0x00000183a1083380 nmethod 1452 0x0000018380302490 code [0x0000018380302620, 0x0000018380302768]
Event: 12.065 Thread 0x00000183a1082140 nmethod 1451 0x0000018387bddf10 code [0x0000018387bde4c0, 0x0000018387be58b0]
Event: 12.374 Thread 0x00000183a1083380 1453       3       java.lang.Thread::interrupted (23 bytes)
Event: 12.375 Thread 0x00000183a1083380 nmethod 1453 0x0000018380302810 code [0x00000183803029c0, 0x0000018380302b48]
Event: 12.383 Thread 0x00000183a1082140 1454       4       java.nio.Buffer::flip (20 bytes)
Event: 12.384 Thread 0x00000183a1082140 nmethod 1454 0x0000018387beaa90 code [0x0000018387beac00, 0x0000018387beac98]

GC Heap History (20 events):
Event: 10.365 GC heap after
{Heap after GC invocations=10 (full 0):
 garbage-first heap   total 786432K, used 187296K [0x0000000480400000, 0x00000005ffc00000)
  region size 4096K, 7 young (28672K), 7 survivors (28672K)
 Metaspace       used 14290K, committed 14464K, reserved 1114112K
  class space    used 995K, committed 1088K, reserved 1048576K
}
Event: 10.421 GC heap before
{Heap before GC invocations=10 (full 0):
 garbage-first heap   total 786432K, used 629664K [0x0000000480400000, 0x00000005ffc00000)
  region size 4096K, 115 young (471040K), 7 survivors (28672K)
 Metaspace       used 14290K, committed 14464K, reserved 1114112K
  class space    used 995K, committed 1088K, reserved 1048576K
}
Event: 10.435 GC heap after
{Heap after GC invocations=11 (full 0):
 garbage-first heap   total 786432K, used 198975K [0x0000000480400000, 0x00000005ffc00000)
  region size 4096K, 10 young (40960K), 10 survivors (40960K)
 Metaspace       used 14290K, committed 14464K, reserved 1114112K
  class space    used 995K, committed 1088K, reserved 1048576K
}
Event: 10.494 GC heap before
{Heap before GC invocations=11 (full 0):
 garbage-first heap   total 786432K, used 624959K [0x0000000480400000, 0x00000005ffc00000)
  region size 4096K, 115 young (471040K), 10 survivors (40960K)
 Metaspace       used 14290K, committed 14464K, reserved 1114112K
  class space    used 995K, committed 1088K, reserved 1048576K
}
Event: 10.514 GC heap after
{Heap after GC invocations=12 (full 0):
 garbage-first heap   total 1572864K, used 210131K [0x0000000480400000, 0x00000005ffc00000)
  region size 4096K, 9 young (36864K), 9 survivors (36864K)
 Metaspace       used 14290K, committed 14464K, reserved 1114112K
  class space    used 995K, committed 1088K, reserved 1048576K
}
Event: 10.742 GC heap before
{Heap before GC invocations=12 (full 0):
 garbage-first heap   total 1572864K, used 1115347K [0x0000000480400000, 0x00000005ffc00000)
  region size 4096K, 230 young (942080K), 9 survivors (36864K)
 Metaspace       used 14290K, committed 14464K, reserved 1114112K
  class space    used 995K, committed 1088K, reserved 1048576K
}
Event: 10.766 GC heap after
{Heap after GC invocations=13 (full 0):
 garbage-first heap   total 1572864K, used 231484K [0x0000000480400000, 0x00000005ffc00000)
  region size 4096K, 15 young (61440K), 15 survivors (61440K)
 Metaspace       used 14290K, committed 14464K, reserved 1114112K
  class space    used 995K, committed 1088K, reserved 1048576K
}
Event: 10.890 GC heap before
{Heap before GC invocations=13 (full 0):
 garbage-first heap   total 1572864K, used 1116220K [0x0000000480400000, 0x00000005ffc00000)
  region size 4096K, 230 young (942080K), 15 survivors (61440K)
 Metaspace       used 14295K, committed 14464K, reserved 1114112K
  class space    used 995K, committed 1088K, reserved 1048576K
}
Event: 10.921 GC heap after
{Heap after GC invocations=14 (full 0):
 garbage-first heap   total 1572864K, used 258523K [0x0000000480400000, 0x00000005ffc00000)
  region size 4096K, 19 young (77824K), 19 survivors (77824K)
 Metaspace       used 14295K, committed 14464K, reserved 1114112K
  class space    used 995K, committed 1088K, reserved 1048576K
}
Event: 11.052 GC heap before
{Heap before GC invocations=14 (full 0):
 garbage-first heap   total 1572864K, used 1143259K [0x0000000480400000, 0x00000005ffc00000)
  region size 4096K, 230 young (942080K), 19 survivors (77824K)
 Metaspace       used 14309K, committed 14464K, reserved 1114112K
  class space    used 995K, committed 1088K, reserved 1048576K
}
Event: 11.088 GC heap after
{Heap after GC invocations=15 (full 0):
 garbage-first heap   total 1572864K, used 306934K [0x0000000480400000, 0x00000005ffc00000)
  region size 4096K, 21 young (86016K), 21 survivors (86016K)
 Metaspace       used 14309K, committed 14464K, reserved 1114112K
  class space    used 995K, committed 1088K, reserved 1048576K
}
Event: 11.209 GC heap before
{Heap before GC invocations=15 (full 0):
 garbage-first heap   total 1572864K, used 1158902K [0x0000000480400000, 0x00000005ffc00000)
  region size 4096K, 230 young (942080K), 21 survivors (86016K)
 Metaspace       used 14309K, committed 14464K, reserved 1114112K
  class space    used 995K, committed 1088K, reserved 1048576K
}
Event: 11.252 GC heap after
{Heap after GC invocations=16 (full 0):
 garbage-first heap   total 2744320K, used 328899K [0x0000000480400000, 0x00000005ffc00000)
  region size 4096K, 17 young (69632K), 17 survivors (69632K)
 Metaspace       used 14309K, committed 14464K, reserved 1114112K
  class space    used 995K, committed 1088K, reserved 1048576K
}
Event: 11.601 GC heap before
{Heap before GC invocations=16 (full 0):
 garbage-first heap   total 2744320K, used 1901763K [0x0000000480400000, 0x00000005ffc00000)
  region size 4096K, 402 young (1646592K), 17 survivors (69632K)
 Metaspace       used 14309K, committed 14464K, reserved 1114112K
  class space    used 995K, committed 1088K, reserved 1048576K
}
Event: 11.644 GC heap after
{Heap after GC invocations=17 (full 0):
 garbage-first heap   total 2744320K, used 367134K [0x0000000480400000, 0x00000005ffc00000)
  region size 4096K, 26 young (106496K), 26 survivors (106496K)
 Metaspace       used 14309K, committed 14464K, reserved 1114112K
  class space    used 995K, committed 1088K, reserved 1048576K
}
Event: 11.891 GC heap before
{Heap before GC invocations=17 (full 0):
 garbage-first heap   total 2744320K, used 1935902K [0x0000000480400000, 0x00000005ffc00000)
  region size 4096K, 402 young (1646592K), 26 survivors (106496K)
 Metaspace       used 14309K, committed 14464K, reserved 1114112K
  class space    used 995K, committed 1088K, reserved 1048576K
}
Event: 11.913 GC heap after
{Heap after GC invocations=18 (full 0):
 garbage-first heap   total 2744320K, used 345605K [0x0000000480400000, 0x00000005ffc00000)
  region size 4096K, 13 young (53248K), 13 survivors (53248K)
 Metaspace       used 14309K, committed 14464K, reserved 1114112K
  class space    used 995K, committed 1088K, reserved 1048576K
}
Event: 12.157 GC heap before
{Heap before GC invocations=18 (full 0):
 garbage-first heap   total 2744320K, used 1938949K [0x0000000480400000, 0x00000005ffc00000)
  region size 4096K, 402 young (1646592K), 13 survivors (53248K)
 Metaspace       used 14309K, committed 14464K, reserved 1114112K
  class space    used 995K, committed 1088K, reserved 1048576K
}
Event: 12.197 GC heap after
{Heap after GC invocations=19 (full 0):
 garbage-first heap   total 2744320K, used 380421K [0x0000000480400000, 0x00000005ffc00000)
  region size 4096K, 21 young (86016K), 21 survivors (86016K)
 Metaspace       used 14309K, committed 14464K, reserved 1114112K
  class space    used 995K, committed 1088K, reserved 1048576K
}
Event: 12.412 GC heap before
{Heap before GC invocations=19 (full 0):
 garbage-first heap   total 2744320K, used 1953285K [0x0000000480400000, 0x00000005ffc00000)
  region size 4096K, 402 young (1646592K), 21 survivors (86016K)
 Metaspace       used 14310K, committed 14464K, reserved 1114112K
  class space    used 995K, committed 1088K, reserved 1048576K
}

Dll operation events (9 events):
Event: 0.007 Loaded shared library C:\Users\alex\.p2\pool\plugins\org.eclipse.justj.openjdk.hotspot.jre.full.win32.x86_64_17.0.7.v20230425-1502\jre\bin\java.dll
Event: 0.119 Loaded shared library C:\Users\alex\.p2\pool\plugins\org.eclipse.justj.openjdk.hotspot.jre.full.win32.x86_64_17.0.7.v20230425-1502\jre\bin\net.dll
Event: 0.121 Loaded shared library C:\Users\alex\.p2\pool\plugins\org.eclipse.justj.openjdk.hotspot.jre.full.win32.x86_64_17.0.7.v20230425-1502\jre\bin\nio.dll
Event: 0.127 Loaded shared library C:\Users\alex\.p2\pool\plugins\org.eclipse.justj.openjdk.hotspot.jre.full.win32.x86_64_17.0.7.v20230425-1502\jre\bin\zip.dll
Event: 0.198 Loaded shared library C:\Users\alex\.p2\pool\plugins\org.eclipse.justj.openjdk.hotspot.jre.full.win32.x86_64_17.0.7.v20230425-1502\jre\bin\jimage.dll
Event: 0.226 Loaded shared library C:\Users\alex\AppData\Local\Temp\lwjgl_alex\3.3.4+7\x64\lwjgl.dll
Event: 0.604 Loaded shared library C:\Users\alex\AppData\Local\Temp\lwjgl_alex\3.3.4+7\x64\lwjgl_opengl.dll
Event: 0.697 Loaded shared library C:\Users\alex\AppData\Local\Temp\lwjgl_alex\3.3.4+7\x64\lwjgl_stb.dll
Event: 0.724 Loaded shared library C:\Users\alex\.p2\pool\plugins\org.eclipse.justj.openjdk.hotspot.jre.full.win32.x86_64_17.0.7.v20230425-1502\jre\bin\verify.dll

Deoptimization events (20 events):
Event: 11.769 Thread 0x00000183a8cc3950 DEOPT PACKING pc=0x0000018387bcca9c sp=0x00000007d27fed20
Event: 11.769 Thread 0x00000183a8cc3950 DEOPT UNPACKING pc=0x00000183875869a3 sp=0x00000007d27fecd8 mode 2
Event: 11.769 Thread 0x00000183a8cc1ad0 DEOPT PACKING pc=0x00000183802fe663 sp=0x00000007d24ff300
Event: 11.769 Thread 0x00000183a8cc1ad0 DEOPT UNPACKING pc=0x0000018387587143 sp=0x00000007d24fe8b8 mode 0
Event: 11.773 Thread 0x00000183a154e060 Uncommon trap: trap_request=0xffffff45 fr.pc=0x0000018387bcca9c relative=0x00000000000023fc
Event: 11.773 Thread 0x00000183a154e060 Uncommon trap: reason=unstable_if action=reinterpret pc=0x0000018387bcca9c method=loaders.ObjLoader.parseMeshDataFromLines(Ljava/util/List;)Ltoolbox/MeshData; @ 164 c2
Event: 11.773 Thread 0x00000183a154e060 DEOPT PACKING pc=0x0000018387bcca9c sp=0x00000007d2aff000
Event: 11.773 Thread 0x00000183a154e060 DEOPT UNPACKING pc=0x00000183875869a3 sp=0x00000007d2afefb8 mode 2
Event: 11.780 Thread 0x00000183a154e060 DEOPT PACKING pc=0x00000183802fe663 sp=0x00000007d2afeef0
Event: 11.780 Thread 0x00000183a154e060 DEOPT UNPACKING pc=0x0000018387587143 sp=0x00000007d2afe4a8 mode 0
Event: 11.786 Thread 0x00000183a154db90 Uncommon trap: trap_request=0xffffff45 fr.pc=0x0000018387bcca9c relative=0x00000000000023fc
Event: 11.786 Thread 0x00000183a154db90 Uncommon trap: reason=unstable_if action=reinterpret pc=0x0000018387bcca9c method=loaders.ObjLoader.parseMeshDataFromLines(Ljava/util/List;)Ltoolbox/MeshData; @ 164 c2
Event: 11.786 Thread 0x00000183a154db90 DEOPT PACKING pc=0x0000018387bcca9c sp=0x00000007d29ff1f0
Event: 11.786 Thread 0x00000183a154db90 DEOPT UNPACKING pc=0x00000183875869a3 sp=0x00000007d29ff1a8 mode 2
Event: 11.801 Thread 0x00000183a154db90 DEOPT PACKING pc=0x00000183802fe663 sp=0x00000007d29ff0e0
Event: 11.801 Thread 0x00000183a154db90 DEOPT UNPACKING pc=0x0000018387587143 sp=0x00000007d29fe698 mode 0
Event: 11.808 Thread 0x00000183a8cc3950 DEOPT PACKING pc=0x00000183802fe663 sp=0x00000007d27fec10
Event: 11.808 Thread 0x00000183a8cc3950 DEOPT UNPACKING pc=0x0000018387587143 sp=0x00000007d27fe1c8 mode 0
Event: 11.819 Thread 0x00000183a8cc3480 DEOPT PACKING pc=0x00000183802fe663 sp=0x00000007d26ff0c0
Event: 11.819 Thread 0x00000183a8cc3480 DEOPT UNPACKING pc=0x0000018387587143 sp=0x00000007d26fe678 mode 0

Classes unloaded (0 events):
No events

Classes redefined (0 events):
No events

Internal exceptions (20 events):
Event: 0.189 Thread 0x00000183f8957f00 Exception <a 'java/lang/NoSuchMethodError'{0x00000004982dafe0}: 'java.lang.Object java.lang.invoke.DirectMethodHandle$Holder.invokeStatic(java.lang.Object, java.lang.Object, int)'> (0x00000004982dafe0) 
thrown [s\src\hotspot\share\interpreter\linkResolver.cpp, line 759]
Event: 0.190 Thread 0x00000183f8957f00 Exception <a 'java/lang/NoSuchMethodError'{0x00000004982e6d50}: 'void java.lang.invoke.DelegatingMethodHandle$Holder.delegate(java.lang.Object, java.lang.Object, int, java.lang.Object)'> (0x00000004982e6d50) 
thrown [s\src\hotspot\share\interpreter\linkResolver.cpp, line 759]
Event: 0.190 Thread 0x00000183f8957f00 Exception <a 'java/lang/NoSuchMethodError'{0x00000004982eb1e0}: 'int java.lang.invoke.DirectMethodHandle$Holder.invokeSpecial(java.lang.Object, java.lang.Object, java.lang.Object)'> (0x00000004982eb1e0) 
thrown [s\src\hotspot\share\interpreter\linkResolver.cpp, line 759]
Event: 0.231 Thread 0x00000183f8957f00 Exception <a 'sun/nio/fs/WindowsException'{0x000000049836aa10}> (0x000000049836aa10) 
thrown [s\src\hotspot\share\prims\jni.cpp, line 516]
Event: 0.231 Thread 0x00000183f8957f00 Exception <a 'sun/nio/fs/WindowsException'{0x000000049836af50}> (0x000000049836af50) 
thrown [s\src\hotspot\share\prims\jni.cpp, line 516]
Event: 0.248 Thread 0x00000183f8957f00 Exception <a 'sun/nio/fs/WindowsException'{0x0000000497c57708}> (0x0000000497c57708) 
thrown [s\src\hotspot\share\prims\jni.cpp, line 516]
Event: 0.248 Thread 0x00000183f8957f00 Exception <a 'sun/nio/fs/WindowsException'{0x0000000497c57a60}> (0x0000000497c57a60) 
thrown [s\src\hotspot\share\prims\jni.cpp, line 516]
Event: 0.253 Thread 0x00000183f8957f00 Exception <a 'java/lang/NoSuchMethodError'{0x0000000497c75c48}: 'java.lang.Object java.lang.invoke.DirectMethodHandle$Holder.invokeStaticInit(java.lang.Object)'> (0x0000000497c75c48) 
thrown [s\src\hotspot\share\interpreter\linkResolver.cpp, line 759]
Event: 0.257 Thread 0x00000183f8957f00 Exception <a 'java/lang/NoSuchMethodError'{0x0000000497ca6cb0}: 'int java.lang.invoke.DirectMethodHandle$Holder.invokeStaticInit(java.lang.Object, java.lang.Object, int, long)'> (0x0000000497ca6cb0) 
thrown [s\src\hotspot\share\interpreter\linkResolver.cpp, line 759]
Event: 0.257 Thread 0x00000183f8957f00 Exception <a 'java/lang/NoSuchMethodError'{0x0000000497cac578}: 'java.lang.Object java.lang.invoke.DirectMethodHandle$Holder.newInvokeSpecial(java.lang.Object, java.lang.Object, int)'> (0x0000000497cac578) 
thrown [s\src\hotspot\share\interpreter\linkResolver.cpp, line 759]
Event: 0.259 Thread 0x00000183f8957f00 Exception <a 'java/lang/NoSuchMethodError'{0x0000000497cbb5d0}: 'int java.lang.invoke.DirectMethodHandle$Holder.invokeStaticInit(java.lang.Object, java.lang.Object, long, long)'> (0x0000000497cbb5d0) 
thrown [s\src\hotspot\share\interpreter\linkResolver.cpp, line 759]
Event: 0.259 Thread 0x00000183f8957f00 Exception <a 'java/lang/NoSuchMethodError'{0x0000000497cc17d0}: 'java.lang.Object java.lang.invoke.DirectMethodHandle$Holder.newInvokeSpecial(java.lang.Object, java.lang.Object, long)'> (0x0000000497cc17d0) 
thrown [s\src\hotspot\share\interpreter\linkResolver.cpp, line 759]
Event: 0.260 Thread 0x00000183f8957f00 Exception <a 'java/lang/NoSuchMethodError'{0x0000000497cc5b28}: 'java.lang.Object java.lang.invoke.Invokers$Holder.linkToTargetMethod(java.lang.Object, long, java.lang.Object)'> (0x0000000497cc5b28) 
thrown [s\src\hotspot\share\interpreter\linkResolver.cpp, line 759]
Event: 0.260 Thread 0x00000183f8957f00 Exception <a 'java/lang/NoSuchMethodError'{0x0000000497ccd240}: 'int java.lang.invoke.DirectMethodHandle$Holder.invokeStaticInit(java.lang.Object, java.lang.Object, java.lang.Object, long)'> (0x0000000497ccd240) 
thrown [s\src\hotspot\share\interpreter\linkResolver.cpp, line 759]
Event: 0.602 Thread 0x00000183f8957f00 Exception <a 'sun/nio/fs/WindowsException'{0x0000000497d6a0d8}> (0x0000000497d6a0d8) 
thrown [s\src\hotspot\share\prims\jni.cpp, line 516]
Event: 0.602 Thread 0x00000183f8957f00 Exception <a 'sun/nio/fs/WindowsException'{0x0000000497d6a468}> (0x0000000497d6a468) 
thrown [s\src\hotspot\share\prims\jni.cpp, line 516]
Event: 0.607 Thread 0x00000183f8957f00 Exception <a 'sun/nio/fs/WindowsException'{0x0000000497d777c8}> (0x0000000497d777c8) 
thrown [s\src\hotspot\share\prims\jni.cpp, line 516]
Event: 0.607 Thread 0x00000183f8957f00 Exception <a 'sun/nio/fs/WindowsException'{0x0000000497d77a98}> (0x0000000497d77a98) 
thrown [s\src\hotspot\share\prims\jni.cpp, line 516]
Event: 0.696 Thread 0x00000183f8957f00 Exception <a 'sun/nio/fs/WindowsException'{0x0000000497832540}> (0x0000000497832540) 
thrown [s\src\hotspot\share\prims\jni.cpp, line 516]
Event: 0.696 Thread 0x00000183f8957f00 Exception <a 'sun/nio/fs/WindowsException'{0x00000004978328b0}> (0x00000004978328b0) 
thrown [s\src\hotspot\share\prims\jni.cpp, line 516]

VM Operations (20 events):
Event: 10.435 Executing VM operation: G1CollectForAllocation done
Event: 10.494 Executing VM operation: G1CollectForAllocation
Event: 10.514 Executing VM operation: G1CollectForAllocation done
Event: 10.742 Executing VM operation: G1CollectForAllocation
Event: 10.766 Executing VM operation: G1CollectForAllocation done
Event: 10.868 Executing VM operation: HandshakeAllThreads
Event: 10.869 Executing VM operation: HandshakeAllThreads done
Event: 10.889 Executing VM operation: G1CollectForAllocation
Event: 10.921 Executing VM operation: G1CollectForAllocation done
Event: 11.052 Executing VM operation: G1CollectForAllocation
Event: 11.088 Executing VM operation: G1CollectForAllocation done
Event: 11.209 Executing VM operation: G1CollectForAllocation
Event: 11.252 Executing VM operation: G1CollectForAllocation done
Event: 11.601 Executing VM operation: G1CollectForAllocation
Event: 11.644 Executing VM operation: G1CollectForAllocation done
Event: 11.891 Executing VM operation: G1CollectForAllocation
Event: 11.913 Executing VM operation: G1CollectForAllocation done
Event: 12.157 Executing VM operation: G1CollectForAllocation
Event: 12.197 Executing VM operation: G1CollectForAllocation done
Event: 12.411 Executing VM operation: G1CollectForAllocation

Events (20 events):
Event: 10.015 loading class java/lang/invoke/VarHandleReferences$FieldInstanceReadOnly done
Event: 10.015 loading class java/lang/invoke/VarHandleReferences$FieldInstanceReadWrite done
Event: 10.015 loading class java/util/concurrent/FutureTask$WaitNode
Event: 10.015 loading class java/util/concurrent/FutureTask$WaitNode done
Event: 10.015 loading class java/util/concurrent/ThreadPoolExecutor$Worker
Event: 10.015 loading class java/util/concurrent/ThreadPoolExecutor$Worker done
Event: 10.015 loading class java/lang/Thread$State
Event: 10.015 loading class java/lang/Thread$State done
Event: 10.015 Thread 0x00000183a8cc1ad0 Thread added: 0x00000183a8cc1ad0
Event: 10.016 Thread 0x00000183a8cc1fa0 Thread added: 0x00000183a8cc1fa0
Event: 10.016 Thread 0x00000183a8cc3480 Thread added: 0x00000183a8cc3480
Event: 10.016 loading class java/lang/invoke/VarHandle$AccessDescriptor
Event: 10.016 Thread 0x00000183a8cc3950 Thread added: 0x00000183a8cc3950
Event: 10.016 loading class java/lang/invoke/VarHandle$AccessDescriptor done
Event: 10.016 Thread 0x00000183a154b510 Thread added: 0x00000183a154b510
Event: 10.016 Thread 0x00000183a154db90 Thread added: 0x00000183a154db90
Event: 10.016 Thread 0x00000183a154e060 Thread added: 0x00000183a154e060
Event: 10.060 Thread 0x00000183a154b040 Thread added: 0x00000183a154b040
Event: 10.081 Thread 0x00000183a1551820 Thread added: 0x00000183a1551820
Event: 10.869 Thread 0x00000183a1551820 Thread exited: 0x00000183a1551820


Dynamic libraries:
0x00007ff6d7190000 - 0x00007ff6d719e000 	C:\Users\alex\.p2\pool\plugins\org.eclipse.justj.openjdk.hotspot.jre.full.win32.x86_64_17.0.7.v20230425-1502\jre\bin\javaw.exe
0x00007ffe0f350000 - 0x00007ffe0f548000 	C:\WINDOWS\SYSTEM32\ntdll.dll
0x00007ffe0e260000 - 0x00007ffe0e322000 	C:\WINDOWS\System32\KERNEL32.DLL
0x00007ffe0ccb0000 - 0x00007ffe0cfa6000 	C:\WINDOWS\System32\KERNELBASE.dll
0x00007ffe0d2c0000 - 0x00007ffe0d3c0000 	C:\WINDOWS\System32\ucrtbase.dll
0x00007ffe04570000 - 0x00007ffe04589000 	C:\Users\alex\.p2\pool\plugins\org.eclipse.justj.openjdk.hotspot.jre.full.win32.x86_64_17.0.7.v20230425-1502\jre\bin\VCRUNTIME140.dll
0x00007ffe04550000 - 0x00007ffe04567000 	C:\Users\alex\.p2\pool\plugins\org.eclipse.justj.openjdk.hotspot.jre.full.win32.x86_64_17.0.7.v20230425-1502\jre\bin\jli.dll
0x00007ffe0df20000 - 0x00007ffe0e0c1000 	C:\WINDOWS\System32\USER32.dll
0x00007ffe0d1b0000 - 0x00007ffe0d1d2000 	C:\WINDOWS\System32\win32u.dll
0x00007ffdf9ba0000 - 0x00007ffdf9e3b000 	C:\WINDOWS\WinSxS\amd64_microsoft.windows.common-controls_6595b64144ccf1df_6.0.19041.6456_none_60b8a6cb71f64256\COMCTL32.dll
0x00007ffe0ef20000 - 0x00007ffe0ef4b000 	C:\WINDOWS\System32\GDI32.dll
0x00007ffe0d460000 - 0x00007ffe0d4fe000 	C:\WINDOWS\System32\msvcrt.dll
0x00007ffe0d000000 - 0x00007ffe0d119000 	C:\WINDOWS\System32\gdi32full.dll
0x00007ffe0d3c0000 - 0x00007ffe0d45d000 	C:\WINDOWS\System32\msvcp_win.dll
0x00007ffe0d770000 - 0x00007ffe0d79f000 	C:\WINDOWS\System32\IMM32.DLL
0x00007ffe04540000 - 0x00007ffe0454c000 	C:\Users\alex\.p2\pool\plugins\org.eclipse.justj.openjdk.hotspot.jre.full.win32.x86_64_17.0.7.v20230425-1502\jre\bin\vcruntime140_1.dll
0x00007ffdc8540000 - 0x00007ffdc85d1000 	C:\Users\alex\.p2\pool\plugins\org.eclipse.justj.openjdk.hotspot.jre.full.win32.x86_64_17.0.7.v20230425-1502\jre\bin\msvcp140.dll
0x00007ffd90010000 - 0x00007ffd90c58000 	C:\Users\alex\.p2\pool\plugins\org.eclipse.justj.openjdk.hotspot.jre.full.win32.x86_64_17.0.7.v20230425-1502\jre\bin\server\jvm.dll
0x00007ffe0d5e0000 - 0x00007ffe0d691000 	C:\WINDOWS\System32\ADVAPI32.dll
0x00007ffe0e3f0000 - 0x00007ffe0e48f000 	C:\WINDOWS\System32\sechost.dll
0x00007ffe0e0d0000 - 0x00007ffe0e1f0000 	C:\WINDOWS\System32\RPCRT4.dll
0x00007ffe0d1e0000 - 0x00007ffe0d207000 	C:\WINDOWS\System32\bcrypt.dll
0x00007ffe014e0000 - 0x00007ffe01507000 	C:\WINDOWS\SYSTEM32\WINMM.dll
0x00007ffe063b0000 - 0x00007ffe063ba000 	C:\WINDOWS\SYSTEM32\VERSION.dll
0x00007ffe09200000 - 0x00007ffe09209000 	C:\WINDOWS\SYSTEM32\WSOCK32.dll
0x00007ffe0e1f0000 - 0x00007ffe0e25b000 	C:\WINDOWS\System32\WS2_32.dll
0x00007ffe0a920000 - 0x00007ffe0a932000 	C:\WINDOWS\SYSTEM32\kernel.appcore.dll
0x00007ffe05c20000 - 0x00007ffe05c2a000 	C:\Users\alex\.p2\pool\plugins\org.eclipse.justj.openjdk.hotspot.jre.full.win32.x86_64_17.0.7.v20230425-1502\jre\bin\jimage.dll
0x00007ffdff970000 - 0x00007ffdffb71000 	C:\WINDOWS\SYSTEM32\DBGHELP.DLL
0x00007ffdd8ec0000 - 0x00007ffdd8ef4000 	C:\WINDOWS\SYSTEM32\dbgcore.DLL
0x00007ffe0d120000 - 0x00007ffe0d1a2000 	C:\WINDOWS\System32\bcryptPrimitives.dll
0x00007ffdddf70000 - 0x00007ffdddf95000 	C:\Users\alex\.p2\pool\plugins\org.eclipse.justj.openjdk.hotspot.jre.full.win32.x86_64_17.0.7.v20230425-1502\jre\bin\java.dll
0x00007ffddde90000 - 0x00007ffdddea8000 	C:\Users\alex\.p2\pool\plugins\org.eclipse.justj.openjdk.hotspot.jre.full.win32.x86_64_17.0.7.v20230425-1502\jre\bin\zip.dll
0x00007ffe0e490000 - 0x00007ffe0ec00000 	C:\WINDOWS\System32\SHELL32.dll
0x00007ffe0ab20000 - 0x00007ffe0b2c5000 	C:\WINDOWS\SYSTEM32\windows.storage.dll
0x00007ffe0efb0000 - 0x00007ffe0f304000 	C:\WINDOWS\System32\combase.dll
0x00007ffe0c420000 - 0x00007ffe0c44b000 	C:\WINDOWS\SYSTEM32\Wldp.dll
0x00007ffe0d6a0000 - 0x00007ffe0d76d000 	C:\WINDOWS\System32\OLEAUT32.dll
0x00007ffe0ee60000 - 0x00007ffe0ef0d000 	C:\WINDOWS\System32\SHCORE.dll
0x00007ffe0e390000 - 0x00007ffe0e3eb000 	C:\WINDOWS\System32\shlwapi.dll
0x00007ffe0ca00000 - 0x00007ffe0ca24000 	C:\WINDOWS\SYSTEM32\profapi.dll
0x00007ffddd890000 - 0x00007ffddd8a9000 	C:\Users\alex\.p2\pool\plugins\org.eclipse.justj.openjdk.hotspot.jre.full.win32.x86_64_17.0.7.v20230425-1502\jre\bin\net.dll
0x00007ffe04e20000 - 0x00007ffe04f2a000 	C:\WINDOWS\SYSTEM32\WINHTTP.dll
0x00007ffe0c200000 - 0x00007ffe0c26a000 	C:\WINDOWS\system32\mswsock.dll
0x00007ffddc720000 - 0x00007ffddc735000 	C:\Users\alex\.p2\pool\plugins\org.eclipse.justj.openjdk.hotspot.jre.full.win32.x86_64_17.0.7.v20230425-1502\jre\bin\nio.dll
0x00007ffdc7d10000 - 0x00007ffdc7d8b000 	C:\Users\alex\AppData\Local\Temp\lwjgl_alex\3.3.4+7\x64\lwjgl.dll
0x00007ffdc7c80000 - 0x00007ffdc7d05000 	C:\Users\alex\AppData\Local\Temp\lwjgl_alex\3.3.4+7\x64\glfw.dll
0x00007ffdde0c0000 - 0x00007ffdde105000 	C:\WINDOWS\SYSTEM32\dinput8.dll
0x00007ffdde830000 - 0x00007ffdde841000 	C:\WINDOWS\SYSTEM32\xinput1_4.dll
0x00007ffe0cfb0000 - 0x00007ffe0cffe000 	C:\WINDOWS\System32\cfgmgr32.dll
0x00007ffe0c860000 - 0x00007ffe0c893000 	C:\WINDOWS\SYSTEM32\DEVOBJ.dll
0x00007ffe0a740000 - 0x00007ffe0a76e000 	C:\WINDOWS\SYSTEM32\dwmapi.dll
0x00007ffdd67b0000 - 0x00007ffdd6902000 	C:\WINDOWS\SYSTEM32\inputhost.dll
0x00007ffe08780000 - 0x00007ffe088d7000 	C:\WINDOWS\SYSTEM32\wintypes.dll
0x00007ffe09740000 - 0x00007ffe09832000 	C:\WINDOWS\SYSTEM32\CoreMessaging.dll
0x00007ffe085f0000 - 0x00007ffe086e4000 	C:\WINDOWS\SYSTEM32\PROPSYS.dll
0x00007ffe07060000 - 0x00007ffe073bb000 	C:\WINDOWS\SYSTEM32\CoreUIComponents.dll
0x00007ffe0bd20000 - 0x00007ffe0bd53000 	C:\WINDOWS\SYSTEM32\ntmarta.dll
0x00007ffe0a390000 - 0x00007ffe0a42e000 	C:\WINDOWS\system32\uxtheme.dll
0x00007ffe0ec00000 - 0x00007ffe0ed15000 	C:\WINDOWS\System32\MSCTF.dll
0x00007ffda5d10000 - 0x00007ffda5e38000 	C:\WINDOWS\SYSTEM32\opengl32.dll
0x00007ffdddce0000 - 0x00007ffdddd0c000 	C:\WINDOWS\SYSTEM32\GLU32.dll
0x00007ffe0d830000 - 0x00007ffe0d8d9000 	C:\WINDOWS\System32\clbcatq.dll
0x00007ffd5ab40000 - 0x00007ffd5daff000 	C:\WINDOWS\System32\DriverStore\FileRepository\nvgbdi.inf_amd64_4a2574804558c4b2\nvoglv64.dll
0x00007ffe0da90000 - 0x00007ffe0df00000 	C:\WINDOWS\System32\SETUPAPI.dll
0x00007ffe0ed20000 - 0x00007ffe0ee4b000 	C:\WINDOWS\System32\ole32.dll
0x00007ffe07d90000 - 0x00007ffe07da4000 	C:\WINDOWS\SYSTEM32\WTSAPI32.dll
0x00007ffe0c390000 - 0x00007ffe0c39c000 	C:\WINDOWS\SYSTEM32\CRYPTBASE.DLL
0x00007ffe0c690000 - 0x00007ffe0c6a2000 	C:\WINDOWS\SYSTEM32\msasn1.dll
0x00007ffe059a0000 - 0x00007ffe059d1000 	C:\WINDOWS\SYSTEM32\cryptnet.dll
0x00007ffe0cad0000 - 0x00007ffe0cc2d000 	C:\WINDOWS\System32\CRYPT32.dll
0x00007ffe01600000 - 0x00007ffe01747000 	C:\WINDOWS\SYSTEM32\drvstore.dll
0x00007ffe0cc30000 - 0x00007ffe0cca3000 	C:\WINDOWS\System32\WINTRUST.dll
0x00007ffe093a0000 - 0x00007ffe093db000 	C:\WINDOWS\SYSTEM32\dxcore.dll
0x00007ffd7b950000 - 0x00007ffd7bc15000 	C:\WINDOWS\system32\nvspcap64.dll
0x00007ffe0bfd0000 - 0x00007ffe0c01b000 	C:\WINDOWS\SYSTEM32\powrprof.dll
0x00007ffe0be90000 - 0x00007ffe0bea2000 	C:\WINDOWS\SYSTEM32\UMPDC.dll
0x00007ffe0b740000 - 0x00007ffe0b7a3000 	C:\WINDOWS\SYSTEM32\WINSTA.dll
0x00007ffddee70000 - 0x00007ffddef69000 	C:\WINDOWS\SYSTEM32\textinputframework.dll
0x00007ffdc7c10000 - 0x00007ffdc7c71000 	C:\Users\alex\AppData\Local\Temp\lwjgl_alex\3.3.4+7\x64\lwjgl_opengl.dll
0x00007ffdc7130000 - 0x00007ffdc71d0000 	C:\Users\alex\AppData\Local\Temp\lwjgl_alex\3.3.4+7\x64\lwjgl_stb.dll
0x00007ffe045f0000 - 0x00007ffe04600000 	C:\Users\alex\.p2\pool\plugins\org.eclipse.justj.openjdk.hotspot.jre.full.win32.x86_64_17.0.7.v20230425-1502\jre\bin\verify.dll

dbghelp: loaded successfully - version: 4.0.5 - missing functions: none
symbol engine: initialized successfully - sym options: 0x614 - pdb path: .;C:\Users\alex\.p2\pool\plugins\org.eclipse.justj.openjdk.hotspot.jre.full.win32.x86_64_17.0.7.v20230425-1502\jre\bin;C:\WINDOWS\SYSTEM32;C:\WINDOWS\WinSxS\amd64_microsoft.windows.common-controls_6595b64144ccf1df_6.0.19041.6456_none_60b8a6cb71f64256;C:\Users\alex\.p2\pool\plugins\org.eclipse.justj.openjdk.hotspot.jre.full.win32.x86_64_17.0.7.v20230425-1502\jre\bin\server;C:\Users\alex\AppData\Local\Temp\lwjgl_alex\3.3.4+7\x64;C:\WINDOWS\System32\DriverStore\FileRepository\nvgbdi.inf_amd64_4a2574804558c4b2

VM Arguments:
jvm_args: -Dfile.encoding=UTF-8 -XX:+ShowCodeDetailsInExceptionMessages 
java_command: main.Main
java_class_path (initial): D:\Code Space\Java\CurrentRenderingPipeline\bin;D:\Code Space\Java\CurrentRenderingPipeline\lib\jars\jbullet.jar;D:\Code Space\Java\CurrentRenderingPipeline\lib\jars\jinput-2.0.10.jar;D:\Code Space\Java\CurrentRenderingPipeline\lib\jars\joml-1.10.7.jar;D:\Code Space\Java\CurrentRenderingPipeline\lib\jars\joml-1.10.7-javadoc.jar;D:\Code Space\Java\CurrentRenderingPipeline\lib\jars\joml-1.10.7-sources.jar;D:\Code Space\Java\CurrentRenderingPipeline\lib\jars\lwjgl_util.jar;D:\Code Space\Java\CurrentRenderingPipeline\lib\jars\lwjgl.jar;D:\Code Space\Java\CurrentRenderingPipeline\lib\jars\lwjgl-assimp.jar;D:\Code Space\Java\CurrentRenderingPipeline\lib\jars\lwjgl-assimp-javadoc.jar;D:\Code Space\Java\CurrentRenderingPipeline\lib\jars\lwjgl-assimp-natives-windows.jar;D:\Code Space\Java\CurrentRenderingPipeline\lib\jars\lwjgl-assimp-sources.jar;D:\Code Space\Java\CurrentRenderingPipeline\lib\jars\lwjgl-glfw.jar;D:\Code Space\Java\CurrentRenderingPipeline\lib\jars\lwjgl-glfw-javadoc.jar;D:\Code Space\Java\CurrentRenderingPipeline\lib\jars\lwjgl-glfw-natives-windows.jar;D:\Code Space\Java\CurrentRenderingPipeline\lib\jars\lwjgl-glfw-sources.jar;D:\Code Space\Java\CurrentRenderingPipeline\lib\jars\lwjgl-javadoc.jar;D:\Code Space\Java\CurrentRenderingPipeline\lib\jars\lwjgl-natives-windows.jar;D:\Code Space\Java\CurrentRenderingPipeline\lib\jars\lwjgl-openal.jar;D:\Code Space\Java\CurrentRenderingPipeline\lib\jars\lwjgl-openal-javadoc.jar;D:\Code Space\Java\CurrentRenderingPipeline\lib\jars\lwjgl-openal-natives-windows.jar;D:\Code Space\Java\CurrentRenderingPipeline\lib\jars\lwjgl-openal-sources.jar;D:\Code Space\Java\CurrentRenderingPipeline\lib\jars\lwjgl-opengl.jar;D:\Code Space\Java\CurrentRenderingPipeline\lib\jars\lwjgl-opengl-javadoc.jar;D:\Code Space\Java\CurrentRenderingPipeline\lib\jars\lwjgl-opengl-natives-windows.jar;D:\Code Space\Java\CurrentRenderingPipeline\lib\jars\lwjgl-opengl-sources.jar;D:\Code Space\Java\CurrentRenderingPipeline
Launcher Type: SUN_STANDARD

[Global flags]
     intx CICompilerCount                          = 4                                         {product} {ergonomic}
     uint ConcGCThreads                            = 2                                         {product} {ergonomic}
     uint G1ConcRefinementThreads                  = 8                                         {product} {ergonomic}
   size_t G1HeapRegionSize                         = 4194304                                   {product} {ergonomic}
    uintx GCDrainStackTargetSize                   = 64                                        {product} {ergonomic}
   size_t InitialHeapSize                          = 402653184                                 {product} {ergonomic}
   size_t MarkStackSize                            = 4194304                                   {product} {ergonomic}
   size_t MaxHeapSize                              = 6434062336                                {product} {ergonomic}
   size_t MaxNewSize                               = 3858759680                                {product} {ergonomic}
   size_t MinHeapDeltaBytes                        = 4194304                                   {product} {ergonomic}
   size_t MinHeapSize                              = 8388608                                   {product} {ergonomic}
    uintx NonNMethodCodeHeapSize                   = 5839372                                {pd product} {ergonomic}
    uintx NonProfiledCodeHeapSize                  = 122909434                              {pd product} {ergonomic}
    uintx ProfiledCodeHeapSize                     = 122909434                              {pd product} {ergonomic}
    uintx ReservedCodeCacheSize                    = 251658240                              {pd product} {ergonomic}
     bool SegmentedCodeCache                       = true                                      {product} {ergonomic}
     bool ShowCodeDetailsInExceptionMessages       = true                                   {manageable} {command line}
   size_t SoftMaxHeapSize                          = 6434062336                             {manageable} {ergonomic}
     bool UseCompressedClassPointers               = true                           {product lp64_product} {ergonomic}
     bool UseCompressedOops                        = true                           {product lp64_product} {ergonomic}
     bool UseG1GC                                  = true                                      {product} {ergonomic}
     bool UseLargePagesIndividualAllocation        = false                                  {pd product} {ergonomic}

Logging:
Log output configuration:
 #0: stdout all=warning uptime,level,tags
 #1: stderr all=off uptime,level,tags

Environment Variables:
JAVA_HOME=C:\Program Files\Java\jre1.8.0_281\lib
CLASSPATH=C:\Users\Sunbond\Documents\apache-tomcat-8.5.65\lib\servlet-api.jar
PATH=C:/Users/alex/.p2/pool/plugins/org.eclipse.justj.openjdk.hotspot.jre.full.win32.x86_64_17.0.7.v20230425-1502/jre/bin/server;C:/Users/alex/.p2/pool/plugins/org.eclipse.justj.openjdk.hotspot.jre.full.win32.x86_64_17.0.7.v20230425-1502/jre/bin;C:\Python312\Scripts\;C:\Python312\;C:\Program Files\Eclipse Adoptium\jdk-21.0.1.12-hotspot\bin;C:\Python311\Scripts\;C:\Python311\;C:\Program Files\Zulu\zulu-17\bin\;C:\Program Files\Eclipse Foundation\jdk-8.0.302.8-hotspot\bin;C:\PROGRAM FILES (X86)\COMMON FILES\ORACLE\JAVA\JAVAPATH;C:\WINDOWS\SYSTEM32;C:\WINDOWS;C:\WINDOWS\SYSTEM32\WBEM;C:\WINDOWS\SYSTEM32\WINDOWSPOWERSHELL\V1.0\;C:\WINDOWS\SYSTEM32\OPENSSH\;C:\PROGRAM FILES\NVIDIA CORPORATION\NVIDIA NVDLISR;C:\PROGRAM FILES (X86)\NVIDIA CORPORATION\PHYSX\COMMON;C:\PROGRAM FILES\DOTNET\;C:\USERDATA\GIT\CMD;C:\PROGRAM FILES\MICROSOFT SQL SERVER\130\TOOLS\BINN\;C:\PROGRAM FILES\MICROSOFT SQL SERVER\CLIENT SDK\ODBC\170\TOOLS\BINN\;C:\PROGRAM FILES\AZURE DATA STUDIO\BIN;C:\PROGRAM FILES (X86)\MICROSOFT SQL SERVER\150\DTS\BINN\;C:\PROGRAM FILES (X86)\MICROSOFT SQL SERVER\150\TOOLS\BINN\;C:\PROGRAM FILES\MICROSOFT SQL SERVER\150\TOOLS\BINN\;C:\PROGRAM FILES\MICROSOFT SQL SERVER\150\DTS\BINN\;C:\PROGRAM FILES\MICROSOFT SQL SERVER\120\TOOLS\BINN\;C:\MAMP\BIN\PHP\PHP7.4.1\PHP.EXE;C:\MAMP\BIN\PHP\PHP7.4.1\;C:\ProgramData\chocolatey\bin;C:\UserData\Git\cmd;C:\Program Files\sfdx\bin;C:\Program Files\Java\jdk1.8.0_281\lib;C:\Program Files\Java\jre1.8.0_281\lib;C:\MinGW\bin;D:\Code Space\NodeJS\;D:\Android Studio\SDKs\platform-tools;D:\Android Studio\SDKs\emulator;;C:\Program Files\Docker\Docker\resources\bin;C:\Users\alex\AppData\Local\Microsoft\WindowsApps;C:\Users\alex\AppData\Local\Programs\Microsoft VS Code\bin;C:\Users\alex\AppData\Local\GitHubDesktop\bin;C:\Users\alex\.dotnet\tools;C:\Program Files\Java\jre1.8.0_281\lib;C:\Program Files\Java\jdk1.8.0_281\lib;C:\MinGW\bin;C:\Program Files\heroku\bin;C:\Progra~1\sf\bin;C:\Users\alex\AppData\Local\Microsoft\WinGet\Links;C:\Users\alex\
USERNAME=alex
OS=Windows_NT
PROCESSOR_IDENTIFIER=Intel64 Family 6 Model 158 Stepping 9, GenuineIntel
TMP=C:\Users\alex\AppData\Local\Temp
TEMP=C:\Users\alex\AppData\Local\Temp



---------------  S Y S T E M  ---------------

OS:
 Windows 10 , 64 bit Build 19041 (10.0.19041.5915)
OS uptime: 1 days 1:04 hours
Hyper-V role detected

CPU: total 8 (initial active 8) (4 cores per cpu, 2 threads per core) family 6 model 158 stepping 9 microcode 0xb4, cx8, cmov, fxsr, ht, mmx, 3dnowpref, sse, sse2, sse3, ssse3, sse4.1, sse4.2, popcnt, lzcnt, tsc, tscinvbit, avx, avx2, aes, erms, clmul, bmi1, bmi2, rtm, adx, fma, vzeroupper, clflush, clflushopt, hv

Memory: 4k page, system-wide physical 24540M (2367M free)
TotalPageFile size 98268M (AvailPageFile size 662M)
current process WorkingSet (physical memory assigned to process): 2822M, peak: 2828M
current process commit charge ("private bytes"): 6135M, peak: 6827M

vm_info: OpenJDK 64-Bit Server VM (17.0.7+7) for windows-amd64 JRE (17.0.7+7), built on Apr 18 2023 22:10:42 by "temurin" with MS VC++ 16.7 (VS2019)

END.
