#
# A fatal error has been detected by the Java Runtime Environment:
#
#  EXCEPTION_ACCESS_VIOLATION (0xc0000005) at pc=0x00007ff8f6079db0, pid=23232, tid=22680
#
# JRE version: OpenJDK Runtime Environment Temurin-17.0.7+7 (17.0.7+7) (build 17.0.7+7)
# Java VM: OpenJDK 64-Bit Server VM Temurin-17.0.7+7 (17.0.7+7, mixed mode, tiered, compressed oops, compressed class ptrs, g1 gc, windows-amd64)
# Problematic frame:
# V  [jvm.dll+0x369db0]
#
# No core dump will be written. Minidumps are not enabled by default on client versions of Windows
#
# If you would like to submit a bug report, please visit:
#   https://github.com/adoptium/adoptium-support/issues
#

---------------  S U M M A R Y ------------

Command Line: -XX:+ShowCodeDetailsInExceptionMessages -agentlib:jdwp=transport=dt_socket,suspend=y,address=localhost:1677 -javaagent:D:\Eclipse\eclipse\configuration\org.eclipse.osgi\231\0\.cp\lib\javaagent-shaded.jar -Dfile.encoding=UTF-8 main.Main

Host: Intel(R) Core(TM) i7-7700 CPU @ 3.60GHz, 8 cores, 23G,  Windows 10 , 64 bit Build 19041 (10.0.19041.5915)
Time: Tue Dec 30 11:10:47 2025 US Mountain Standard Time elapsed time: 25.143976 seconds (0d 0h 0m 25s)

---------------  T H R E A D  ---------------

Current thread (0x000002124008ef50):  JavaThread "C2 CompilerThread0" daemon [_thread_in_native, id=22680, stack(0x0000002e14c00000,0x0000002e14d00000)]


Current CompileTask:
C2:  25144 2584   !   4       com.bulletphysics.collision.narrowphase.GjkPairDetector::getClosestPoints (1109 bytes)

Stack: [0x0000002e14c00000,0x0000002e14d00000],  sp=0x0000002e14cfba10,  free space=1006k
Native frames: (J=compiled Java code, j=interpreted, Vv=VM code, C=native code)
V  [jvm.dll+0x369db0]
V  [jvm.dll+0x3631f1]
V  [jvm.dll+0x1bce25]
V  [jvm.dll+0x219799]
V  [jvm.dll+0x218a61]
V  [jvm.dll+0x1a4d8d]
V  [jvm.dll+0x2284da]
V  [jvm.dll+0x226615]
V  [jvm.dll+0x7ea90b]
V  [jvm.dll+0x7e4e7a]
V  [jvm.dll+0x676395]
C  [ucrtbase.dll+0x21bb2]
C  [KERNEL32.DLL+0x17374]
C  [ntdll.dll+0x4cc91]


siginfo: EXCEPTION_ACCESS_VIOLATION (0xc0000005), reading address 0x0000023249221800


Register to memory mapping:

RIP=0x00007ff8f6079db0 jvm.dll
RAX=0x0 is NULL
RBX=0x0000002e14cfba60 is pointing into the stack for thread: 0x000002124008ef50
RCX=0x0 is NULL
RDX=0x0000023249221800 is an unknown value
RSP=0x0000002e14cfba10 is pointing into the stack for thread: 0x000002124008ef50
RBP=0x0000002e14cfbb70 is pointing into the stack for thread: 0x000002124008ef50
RSI=0x00007ff8f687bf48 jvm.dll
RDI=0x0000000000000004 is an unknown value
R8 =524288 is a compressed pointer to class: 0x0000000800080000
jdk.internal.loader.Resource {0x0000000800080008}
 - instance size:     2
 - klass size:        76
 - access:            public synchronized abstract 
 - state:             fully_initialized
 - name:              'jdk/internal/loader/Resource'
 - super:             'java/lang/Object'
 - sub:               'jdk/internal/loader/URLClassPath$FileLoader$1'   'sun/net/www/protocol/jrt/JavaRuntimeURLConnection$1'   'jdk/internal/loader/URLClassPath$JarLoader$2'   
 - arrays:            NULL
 - methods:           Array<T>(0x000002123c555050)
 - method ordering:   Array<T>(0x000002123c555ad8)
 - default_methods:   Array<T>(0x0000000000000000)
 - local interfaces:  Array<T>(0x000002123c000058)
 - trans. interfaces: Array<T>(0x000002123c000058)
 - constants:         constant pool [117] {0x000002123c554be0} for 'jdk/internal/loader/Resource' cache=0x000002123c555b40
 - class loader data:  loader data: 0x000002123bb0a050 of 'bootstrap'
 - source file:       'Resource.java'
 - class annotations:       Array<T>(0x0000000000000000)
 - class type annotations:  Array<T>(0x0000000000000000)
 - field annotations:       Array<T>(0x0000000000000000)
 - field type annotations:  Array<T>(0x0000000000000000)
 - inner classes:     Array<T>(0x000002123c000028)
 - nest members:     Array<T>(0x000002123c000028)
 - permitted subclasses:     Array<T>(0x000002123c000028)
 - java mirror:       a 'java/lang/Class'{0x0000000680a259b8} = 'jdk/internal/loader/Resource'
 - vtable length      16  (start addr: 0x00000008000801c8)
 - itable length      2 (start addr: 0x0000000800080248)
 - ---- static fields (0 words):
 - ---- non-static fields (1 words):
 - private 'cis' 'Ljava/io/InputStream;' @12 
 - non-static oop maps: 12-12 
R9 =0x000002120331e3a0 points into unknown readable memory: 0xfffffffffffffff0 | f0 ff ff ff ff ff ff ff
R10=0x0000000000000003 is an unknown value
R11=0x0000021249221920 points into unknown readable memory: 0x0000000000000000 | 00 00 00 00 00 00 00 00
R12=0x0 is NULL
R13=0x000002123bc2ad20 points into unknown readable memory: 0x0000000000000000 | 00 00 00 00 00 00 00 00
R14=0x0000000000000013 is an unknown value
R15=0x00007ff8f687bf48 jvm.dll


Registers:
RAX=0x0000000000000000, RBX=0x0000002e14cfba60, RCX=0x0000000000000000, RDX=0x0000023249221800
RSP=0x0000002e14cfba10, RBP=0x0000002e14cfbb70, RSI=0x00007ff8f687bf48, RDI=0x0000000000000004
R8 =0x0000000000080000, R9 =0x000002120331e3a0, R10=0x0000000000000003, R11=0x0000021249221920
R12=0x0000000000000000, R13=0x000002123bc2ad20, R14=0x0000000000000013, R15=0x00007ff8f687bf48
RIP=0x00007ff8f6079db0, EFLAGS=0x0000000000010246

Top of Stack: (sp=0x0000002e14cfba10)
0x0000002e14cfba10:   00000212400854f0 0000021242fdef00
0x0000002e14cfba20:   00000000002e05e0 00007ff8f6671918
0x0000002e14cfba30:   0000021205c7b250 00007ff8f60731f1
0x0000002e14cfba40:   0000000000002093 0000000000002093
0x0000002e14cfba50:   0000021240085400 0000000000000000
0x0000002e14cfba60:   0000000000000000 00000004000003d0
0x0000002e14cfba70:   0000002100000004 0000023249221800
0x0000002e14cfba80:   0000021202fe5d10 0000021205d9ac30
0x0000002e14cfba90:   00000000000003d8 0000000000000000
0x0000002e14cfbaa0:   0000002e14cfbbb0 00007ff8f5ecce25
0x0000002e14cfbab0:   0000002e14cfbf10 0000002e14cfbff0
0x0000002e14cfbac0:   00000212402296e0 00000212402296d0
0x0000002e14cfbad0:   0000000000000000 0000002e14cfbb90
0x0000002e14cfbae0:   0000000000000006 00000212402296d0
0x0000002e14cfbaf0:   0000021203318650 000002120331ec60
0x0000002e14cfbb00:   0000021203320638 0000000000f42780 

Instructions: (pc=0x00007ff8f6079db0)
0x00007ff8f6079cb0:   48 8b a8 80 00 00 00 48 8b 8d d0 08 00 00 48 85
0x00007ff8f6079cc0:   c9 75 0c e8 e8 0b 00 00 48 8b 8d d0 08 00 00 48
0x00007ff8f6079cd0:   8b 01 0f 57 c0 48 89 85 d0 08 00 00 0f 11 01 0f
0x00007ff8f6079ce0:   11 41 10 41 0f 10 06 0f 11 01 41 0f 10 4e 10 0f
0x00007ff8f6079cf0:   11 49 10 48 8b 43 08 48 89 0c 06 ff c7 ba 50 00
0x00007ff8f6079d00:   00 00 3b bb 90 00 00 00 0f 82 62 ff ff ff 4c 8b
0x00007ff8f6079d10:   74 24 60 4c 8b 6c 24 58 4c 8b 64 24 50 48 8b c3
0x00007ff8f6079d20:   48 83 c4 20 41 5f 5f 5e 5d 5b c3 cc cc cc cc cc
0x00007ff8f6079d30:   40 53 48 83 ec 20 8b 51 0c 48 8b d9 83 fa 04 73
0x00007ff8f6079d40:   2a 4c 8b 59 18 66 66 66 0f 1f 84 00 00 00 00 00
0x00007ff8f6079d50:   44 8b d2 44 8d 4a 01 4b 83 3c d3 00 0f 85 8f 00
0x00007ff8f6079d60:   00 00 41 8b d1 41 83 f9 04 72 e5 48 89 74 24 30
0x00007ff8f6079d70:   48 89 7c 24 38 8b 79 10 3b 79 14 73 62 48 8d 35
0x00007ff8f6079d80:   c4 21 80 00 0f 1f 40 00 0f 1f 84 00 00 00 00 00
0x00007ff8f6079d90:   48 8b 43 20 8b cf 48 8b 14 c8 48 3b d6 74 39 33
0x00007ff8f6079da0:   c0 48 89 53 18 33 c9 66 0f 1f 84 00 00 00 00 00
0x00007ff8f6079db0:   48 83 3c 11 00 44 8d 48 01 75 6f 48 83 c1 08 41
0x00007ff8f6079dc0:   8b c1 41 83 f9 04 72 e8 48 8b 4b 28 48 85 c9 74
0x00007ff8f6079dd0:   07 8b d7 e8 58 01 00 00 ff c7 3b 7b 14 72 b1 48
0x00007ff8f6079de0:   8b 74 24 30 33 c0 48 8b 7c 24 38 48 83 c4 20 5b
0x00007ff8f6079df0:   c3 8b 41 10 44 8d 04 82 41 c1 e0 06 41 81 c0 00
0x00007ff8f6079e00:   ff ff ff 44 89 41 08 4b 8b 14 d3 48 0f bc c2 44
0x00007ff8f6079e10:   89 49 0c 8b c8 48 d3 ea 48 ff ca 41 03 c0 48 89
0x00007ff8f6079e20:   13 89 43 08 48 83 c4 20 5b c3 48 8b 74 24 30 44
0x00007ff8f6079e30:   8d 04 b8 8b c8 8d 47 01 48 8b 7c 24 38 41 c1 e0
0x00007ff8f6079e40:   06 44 89 43 08 48 8b 14 ca 89 43 10 48 0f bc c2
0x00007ff8f6079e50:   44 89 4b 0c 8b c8 48 d3 ea 48 ff ca 41 03 c0 48
0x00007ff8f6079e60:   89 13 89 43 08 48 83 c4 20 5b c3 cc cc cc cc cc
0x00007ff8f6079e70:   40 53 48 83 ec 20 65 48 8b 04 25 58 00 00 00 8b
0x00007ff8f6079e80:   0d 33 0b 84 00 48 8b 1c c8 b8 50 00 00 00 80 3c
0x00007ff8f6079e90:   18 00 75 05 e8 e7 50 52 00 b8 20 00 00 00 48 8b
0x00007ff8f6079ea0:   04 18 48 8b 88 d0 04 00 00 48 8b 99 80 00 00 00 


Stack slot to memory mapping:
stack at sp + 0 slots: 0x00000212400854f0 points into unknown readable memory: 0x4c29492800000006 | 06 00 00 00 28 49 29 4c
stack at sp + 1 slots: 0x0000021242fdef00 points into unknown readable memory: 0x0000000000000000 | 00 00 00 00 00 00 00 00
stack at sp + 2 slots: 0x00000000002e05e0 is an unknown value
stack at sp + 3 slots: 0x00007ff8f6671918 jvm.dll
stack at sp + 4 slots: 0x0000021205c7b250 points into unknown readable memory: 0x00000021000006f5 | f5 06 00 00 21 00 00 00
stack at sp + 5 slots: 0x00007ff8f60731f1 jvm.dll
stack at sp + 6 slots: 0x0000000000002093 is an unknown value
stack at sp + 7 slots: 0x0000000000002093 is an unknown value


---------------  P R O C E S S  ---------------

Threads class SMR info:
_java_thread_list=0x0000021248d15470, length=17, elements={
0x0000021218439430, 0x00000212400583d0, 0x0000021240059380, 0x0000021240044700,
0x00000212400451b0, 0x0000021240045b60, 0x0000021240084520, 0x000002124008ef50,
0x000002124008f9f0, 0x00000212400995e0, 0x00000212402280f0, 0x0000021240388f60,
0x0000021240339300, 0x000002124033ca20, 0x0000021240cc7920, 0x000002124958a3d0,
0x00000212495899b0
}

Java Threads: ( => current thread )
  0x0000021218439430 JavaThread "main" [_thread_in_Java, id=22748, stack(0x0000002e13f00000,0x0000002e14000000)]
  0x00000212400583d0 JavaThread "Reference Handler" daemon [_thread_blocked, id=11652, stack(0x0000002e14600000,0x0000002e14700000)]
  0x0000021240059380 JavaThread "Finalizer" daemon [_thread_blocked, id=8292, stack(0x0000002e14700000,0x0000002e14800000)]
  0x0000021240044700 JavaThread "Signal Dispatcher" daemon [_thread_blocked, id=12348, stack(0x0000002e14800000,0x0000002e14900000)]
  0x00000212400451b0 JavaThread "Attach Listener" daemon [_thread_blocked, id=14532, stack(0x0000002e14900000,0x0000002e14a00000)]
  0x0000021240045b60 JavaThread "Service Thread" daemon [_thread_blocked, id=23784, stack(0x0000002e14a00000,0x0000002e14b00000)]
  0x0000021240084520 JavaThread "Monitor Deflation Thread" daemon [_thread_blocked, id=16452, stack(0x0000002e14b00000,0x0000002e14c00000)]
=>0x000002124008ef50 JavaThread "C2 CompilerThread0" daemon [_thread_in_native, id=22680, stack(0x0000002e14c00000,0x0000002e14d00000)]
  0x000002124008f9f0 JavaThread "C1 CompilerThread0" daemon [_thread_blocked, id=12112, stack(0x0000002e14d00000,0x0000002e14e00000)]
  0x00000212400995e0 JavaThread "Sweeper thread" daemon [_thread_blocked, id=23864, stack(0x0000002e14e00000,0x0000002e14f00000)]
  0x00000212402280f0 JavaThread "Common-Cleaner" daemon [_thread_blocked, id=8748, stack(0x0000002e14f00000,0x0000002e15000000)]
  0x0000021240388f60 JavaThread "JDWP Transport Listener: dt_socket" daemon [_thread_blocked, id=24504, stack(0x0000002e15000000,0x0000002e15100000)]
  0x0000021240339300 JavaThread "JDWP Event Helper Thread" daemon [_thread_blocked, id=2416, stack(0x0000002e15100000,0x0000002e15200000)]
  0x000002124033ca20 JavaThread "JDWP Command Reader" daemon [_thread_in_native, id=6984, stack(0x0000002e15200000,0x0000002e15300000)]
  0x0000021240cc7920 JavaThread "Notification Thread" daemon [_thread_blocked, id=2812, stack(0x0000002e15400000,0x0000002e15500000)]
  0x000002124958a3d0 JavaThread "C2 CompilerThread1" daemon [_thread_in_native, id=22660, stack(0x0000002e16900000,0x0000002e16a00000)]
  0x00000212495899b0 JavaThread "C2 CompilerThread2" daemon [_thread_in_native, id=24564, stack(0x0000002e16a00000,0x0000002e16b00000)]

Other Threads:
  0x0000021240034040 VMThread "VM Thread" [stack: 0x0000002e14500000,0x0000002e14600000] [id=19368]
  0x0000021240b2ec50 WatcherThread [stack: 0x0000002e15500000,0x0000002e15600000] [id=24216]
  0x00000212184c2c20 GCTaskThread "GC Thread#0" [stack: 0x0000002e14000000,0x0000002e14100000] [id=3204]
  0x0000021242db8380 GCTaskThread "GC Thread#1" [stack: 0x0000002e15300000,0x0000002e15400000] [id=7404]
  0x0000021242dab290 GCTaskThread "GC Thread#2" [stack: 0x0000002e15c00000,0x0000002e15d00000] [id=3984]
  0x0000021242d52f30 GCTaskThread "GC Thread#3" [stack: 0x0000002e15d00000,0x0000002e15e00000] [id=148]
  0x0000021242d75010 GCTaskThread "GC Thread#4" [stack: 0x0000002e15e00000,0x0000002e15f00000] [id=16936]
  0x0000021242e28af0 GCTaskThread "GC Thread#5" [stack: 0x0000002e15f00000,0x0000002e16000000] [id=23096]
  0x0000021242d75ad0 GCTaskThread "GC Thread#6" [stack: 0x0000002e16000000,0x0000002e16100000] [id=12760]
  0x0000021242d76190 GCTaskThread "GC Thread#7" [stack: 0x0000002e16100000,0x0000002e16200000] [id=19596]
  0x00000212184d0340 ConcurrentGCThread "G1 Main Marker" [stack: 0x0000002e14100000,0x0000002e14200000] [id=22976]
  0x00000212184d1d00 ConcurrentGCThread "G1 Conc#0" [stack: 0x0000002e14200000,0x0000002e14300000] [id=2680]
  0x00000212184fe350 ConcurrentGCThread "G1 Refine#0" [stack: 0x0000002e14300000,0x0000002e14400000] [id=23276]
  0x000002124335c820 ConcurrentGCThread "G1 Refine#1" [stack: 0x0000002e16200000,0x0000002e16300000] [id=24228]
  0x000002124335cb00 ConcurrentGCThread "G1 Refine#2" [stack: 0x0000002e16300000,0x0000002e16400000] [id=7640]
  0x000002124335e200 ConcurrentGCThread "G1 Refine#3" [stack: 0x0000002e16400000,0x0000002e16500000] [id=24332]
  0x000002124335cde0 ConcurrentGCThread "G1 Refine#4" [stack: 0x0000002e16500000,0x0000002e16600000] [id=23344]
  0x000002124335d0c0 ConcurrentGCThread "G1 Refine#5" [stack: 0x0000002e16600000,0x0000002e16700000] [id=22784]
  0x000002124335d960 ConcurrentGCThread "G1 Refine#6" [stack: 0x0000002e16700000,0x0000002e16800000] [id=19076]
  0x000002124335c260 ConcurrentGCThread "G1 Refine#7" [stack: 0x0000002e16800000,0x0000002e16900000] [id=9240]
  0x000002123baf61c0 ConcurrentGCThread "G1 Service" [stack: 0x0000002e14400000,0x0000002e14500000] [id=20140]

Threads with active compile tasks:
C2 CompilerThread0    25260 2584   !   4       com.bulletphysics.collision.narrowphase.GjkPairDetector::getClosestPoints (1109 bytes)
C2 CompilerThread1    25260 2601       4       com.bulletphysics.collision.broadphase.Dbvt::collideTT (493 bytes)
C2 CompilerThread2    25260 2621 % !   4       renderer.MasterRenderer::render @ 877 (938 bytes)

VM state: not at safepoint (normal execution)

VM Mutex/Monitor currently owned by a thread: None

Heap address: 0x0000000680800000, size: 6136 MB, Compressed Oops mode: Zero based, Oop shift amount: 3

CDS archive(s) not mapped
Compressed class space mapped at: 0x0000000800000000-0x0000000840000000, reserved size: 1073741824
Narrow klass base: 0x0000000800000000, Narrow klass shift: 0, Narrow klass range: 0x40000000

GC Precious Log:
 CPUs: 8 total, 8 available
 Memory: 24540M
 Large Page Support: Disabled
 NUMA Support: Disabled
 Compressed Oops: Enabled (Zero based)
 Heap Region Size: 4M
 Heap Min Capacity: 8M
 Heap Initial Capacity: 384M
 Heap Max Capacity: 6136M
 Pre-touch: Disabled
 Parallel Workers: 8
 Concurrent Workers: 2
 Concurrent Refinement Workers: 8
 Periodic GC: Disabled

Heap:
 garbage-first heap   total 1466368K, used 806912K [0x0000000680800000, 0x0000000800000000)
  region size 4096K, 51 young (208896K), 5 survivors (20480K)
 Metaspace       used 18732K, committed 18880K, reserved 1114112K
  class space    used 1335K, committed 1408K, reserved 1048576K

Heap Regions: E=young(eden), S=young(survivor), O=old, HS=humongous(starts), HC=humongous(continues), CS=collection set, F=free, OA=open archive, CA=closed archive, TAMS=top-at-mark-start (previous, next)
|   0|0x0000000680800000, 0x0000000680c00000, 0x0000000680c00000|100%| O|  |TAMS 0x0000000680800000, 0x0000000680800000| Untracked 
|   1|0x0000000680c00000, 0x0000000681000000, 0x0000000681000000|100%|HS|  |TAMS 0x0000000680c00000, 0x0000000680c00000| Complete 
|   2|0x0000000681000000, 0x0000000681400000, 0x0000000681400000|100%|HS|  |TAMS 0x0000000681000000, 0x0000000681000000| Complete 
|   3|0x0000000681400000, 0x0000000681800000, 0x0000000681800000|100%| O|  |TAMS 0x0000000681400000, 0x0000000681400000| Untracked 
|   4|0x0000000681800000, 0x0000000681c00000, 0x0000000681c00000|100%| O|  |TAMS 0x0000000681800000, 0x0000000681800000| Untracked 
|   5|0x0000000681c00000, 0x0000000682000000, 0x0000000682000000|100%|HS|  |TAMS 0x0000000681c00000, 0x0000000681c00000| Complete 
|   6|0x0000000682000000, 0x0000000682400000, 0x0000000682400000|100%|HC|  |TAMS 0x0000000682000000, 0x0000000682000000| Complete 
|   7|0x0000000682400000, 0x0000000682800000, 0x0000000682800000|100%|HC|  |TAMS 0x0000000682400000, 0x0000000682400000| Complete 
|   8|0x0000000682800000, 0x0000000682c00000, 0x0000000682c00000|100%|HC|  |TAMS 0x0000000682800000, 0x0000000682800000| Complete 
|   9|0x0000000682c00000, 0x0000000683000000, 0x0000000683000000|100%|HS|  |TAMS 0x0000000682c00000, 0x0000000682c00000| Complete 
|  10|0x0000000683000000, 0x0000000683400000, 0x0000000683400000|100%|HS|  |TAMS 0x0000000683000000, 0x0000000683000000| Complete 
|  11|0x0000000683400000, 0x0000000683800000, 0x0000000683800000|100%|HS|  |TAMS 0x0000000683400000, 0x0000000683400000| Complete 
|  12|0x0000000683800000, 0x0000000683c00000, 0x0000000683c00000|100%|HS|  |TAMS 0x0000000683800000, 0x0000000683800000| Complete 
|  13|0x0000000683c00000, 0x0000000684000000, 0x0000000684000000|100%| O|  |TAMS 0x0000000683c00000, 0x0000000683c00000| Untracked 
|  14|0x0000000684000000, 0x0000000684400000, 0x0000000684400000|100%|HS|  |TAMS 0x0000000684000000, 0x0000000684000000| Complete 
|  15|0x0000000684400000, 0x0000000684800000, 0x0000000684800000|100%| O|  |TAMS 0x0000000684400000, 0x0000000684400000| Untracked 
|  16|0x0000000684800000, 0x0000000684c00000, 0x0000000684c00000|100%| O|  |TAMS 0x0000000684800000, 0x0000000684800000| Untracked 
|  17|0x0000000684c00000, 0x0000000685000000, 0x0000000685000000|100%| O|  |TAMS 0x0000000684c00000, 0x0000000684c00000| Untracked 
|  18|0x0000000685000000, 0x0000000685400000, 0x0000000685400000|100%|HS|  |TAMS 0x0000000685000000, 0x0000000685000000| Complete 
|  19|0x0000000685400000, 0x0000000685800000, 0x0000000685800000|100%|HS|  |TAMS 0x0000000685400000, 0x0000000685400000| Complete 
|  20|0x0000000685800000, 0x0000000685c00000, 0x0000000685c00000|100%|HS|  |TAMS 0x0000000685800000, 0x0000000685800000| Complete 
|  21|0x0000000685c00000, 0x0000000686000000, 0x0000000686000000|100%|HS|  |TAMS 0x0000000685c00000, 0x0000000685c00000| Complete 
|  22|0x0000000686000000, 0x0000000686400000, 0x0000000686400000|100%|HS|  |TAMS 0x0000000686000000, 0x0000000686000000| Complete 
|  23|0x0000000686400000, 0x0000000686800000, 0x0000000686800000|100%|HS|  |TAMS 0x0000000686400000, 0x0000000686400000| Complete 
|  24|0x0000000686800000, 0x0000000686c00000, 0x0000000686c00000|100%|HS|  |TAMS 0x0000000686800000, 0x0000000686800000| Complete 
|  25|0x0000000686c00000, 0x0000000687000000, 0x0000000687000000|100%| O|  |TAMS 0x0000000686c00000, 0x0000000686c00000| Untracked 
|  26|0x0000000687000000, 0x0000000687400000, 0x0000000687400000|100%| O|  |TAMS 0x0000000687000000, 0x0000000687000000| Untracked 
|  27|0x0000000687400000, 0x0000000687800000, 0x0000000687800000|100%| O|  |TAMS 0x0000000687400000, 0x0000000687400000| Untracked 
|  28|0x0000000687800000, 0x0000000687c00000, 0x0000000687c00000|100%|HS|  |TAMS 0x0000000687800000, 0x0000000687800000| Complete 
|  29|0x0000000687c00000, 0x0000000688000000, 0x0000000688000000|100%|HC|  |TAMS 0x0000000687c00000, 0x0000000687c00000| Complete 
|  30|0x0000000688000000, 0x0000000688400000, 0x0000000688400000|100%|HS|  |TAMS 0x0000000688000000, 0x0000000688000000| Complete 
|  31|0x0000000688400000, 0x0000000688800000, 0x0000000688800000|100%|HC|  |TAMS 0x0000000688400000, 0x0000000688400000| Complete 
|  32|0x0000000688800000, 0x0000000688c00000, 0x0000000688c00000|100%|HS|  |TAMS 0x0000000688800000, 0x0000000688800000| Complete 
|  33|0x0000000688c00000, 0x0000000689000000, 0x0000000689000000|100%|HC|  |TAMS 0x0000000688c00000, 0x0000000688c00000| Complete 
|  34|0x0000000689000000, 0x0000000689400000, 0x0000000689400000|100%|HS|  |TAMS 0x0000000689000000, 0x0000000689000000| Complete 
|  35|0x0000000689400000, 0x0000000689800000, 0x0000000689800000|100%|HC|  |TAMS 0x0000000689400000, 0x0000000689400000| Complete 
|  36|0x0000000689800000, 0x0000000689c00000, 0x0000000689c00000|100%|HS|  |TAMS 0x0000000689800000, 0x0000000689800000| Complete 
|  37|0x0000000689c00000, 0x000000068a000000, 0x000000068a000000|100%|HC|  |TAMS 0x0000000689c00000, 0x0000000689c00000| Complete 
|  38|0x000000068a000000, 0x000000068a400000, 0x000000068a400000|100%|HS|  |TAMS 0x000000068a000000, 0x000000068a000000| Complete 
|  39|0x000000068a400000, 0x000000068a800000, 0x000000068a800000|100%|HC|  |TAMS 0x000000068a400000, 0x000000068a400000| Complete 
|  40|0x000000068a800000, 0x000000068ac00000, 0x000000068ac00000|100%| O|  |TAMS 0x000000068a800000, 0x000000068a800000| Untracked 
|  41|0x000000068ac00000, 0x000000068b000000, 0x000000068b000000|100%| O|  |TAMS 0x000000068ac00000, 0x000000068ac00000| Untracked 
|  42|0x000000068b000000, 0x000000068b400000, 0x000000068b400000|100%| O|  |TAMS 0x000000068b000000, 0x000000068b000000| Untracked 
|  43|0x000000068b400000, 0x000000068b800000, 0x000000068b800000|100%| O|  |TAMS 0x000000068b400000, 0x000000068b400000| Untracked 
|  44|0x000000068b800000, 0x000000068bc00000, 0x000000068bc00000|100%| O|  |TAMS 0x000000068b800000, 0x000000068b800000| Untracked 
|  45|0x000000068bc00000, 0x000000068c000000, 0x000000068c000000|100%| O|  |TAMS 0x000000068bc00000, 0x000000068bc00000| Untracked 
|  46|0x000000068c000000, 0x000000068c400000, 0x000000068c400000|100%|HS|  |TAMS 0x000000068c000000, 0x000000068c000000| Complete 
|  47|0x000000068c400000, 0x000000068c800000, 0x000000068c800000|100%|HC|  |TAMS 0x000000068c400000, 0x000000068c400000| Complete 
|  48|0x000000068c800000, 0x000000068cc00000, 0x000000068cc00000|100%|HS|  |TAMS 0x000000068c800000, 0x000000068c800000| Complete 
|  49|0x000000068cc00000, 0x000000068d000000, 0x000000068d000000|100%|HC|  |TAMS 0x000000068cc00000, 0x000000068cc00000| Complete 
|  50|0x000000068d000000, 0x000000068d400000, 0x000000068d400000|100%|HC|  |TAMS 0x000000068d000000, 0x000000068d000000| Complete 
|  51|0x000000068d400000, 0x000000068d800000, 0x000000068d800000|100%|HC|  |TAMS 0x000000068d400000, 0x000000068d400000| Complete 
|  52|0x000000068d800000, 0x000000068dc00000, 0x000000068dc00000|100%|HC|  |TAMS 0x000000068d800000, 0x000000068d800000| Complete 
|  53|0x000000068dc00000, 0x000000068e000000, 0x000000068e000000|100%|HC|  |TAMS 0x000000068dc00000, 0x000000068dc00000| Complete 
|  54|0x000000068e000000, 0x000000068e400000, 0x000000068e400000|100%|HC|  |TAMS 0x000000068e000000, 0x000000068e000000| Complete 
|  55|0x000000068e400000, 0x000000068e800000, 0x000000068e800000|100%|HC|  |TAMS 0x000000068e400000, 0x000000068e400000| Complete 
|  56|0x000000068e800000, 0x000000068ec00000, 0x000000068ec00000|100%|HC|  |TAMS 0x000000068e800000, 0x000000068e800000| Complete 
|  57|0x000000068ec00000, 0x000000068f000000, 0x000000068f000000|100%|HC|  |TAMS 0x000000068ec00000, 0x000000068ec00000| Complete 
|  58|0x000000068f000000, 0x000000068f400000, 0x000000068f400000|100%|HC|  |TAMS 0x000000068f000000, 0x000000068f000000| Complete 
|  59|0x000000068f400000, 0x000000068f800000, 0x000000068f800000|100%|HC|  |TAMS 0x000000068f400000, 0x000000068f400000| Complete 
|  60|0x000000068f800000, 0x000000068fc00000, 0x000000068fc00000|100%|HC|  |TAMS 0x000000068f800000, 0x000000068f800000| Complete 
|  61|0x000000068fc00000, 0x0000000690000000, 0x0000000690000000|100%|HC|  |TAMS 0x000000068fc00000, 0x000000068fc00000| Complete 
|  62|0x0000000690000000, 0x0000000690400000, 0x0000000690400000|100%|HS|  |TAMS 0x0000000690000000, 0x0000000690000000| Complete 
|  63|0x0000000690400000, 0x0000000690800000, 0x0000000690800000|100%|HS|  |TAMS 0x0000000690400000, 0x0000000690400000| Complete 
|  64|0x0000000690800000, 0x0000000690c00000, 0x0000000690c00000|100%| O|  |TAMS 0x0000000690800000, 0x0000000690800000| Untracked 
|  65|0x0000000690c00000, 0x0000000691000000, 0x0000000691000000|100%| O|  |TAMS 0x0000000690c00000, 0x0000000690c00000| Untracked 
|  66|0x0000000691000000, 0x0000000691400000, 0x0000000691400000|100%| O|  |TAMS 0x0000000691000000, 0x0000000691000000| Untracked 
|  67|0x0000000691400000, 0x0000000691800000, 0x0000000691800000|100%| O|  |TAMS 0x0000000691400000, 0x0000000691400000| Untracked 
|  68|0x0000000691800000, 0x0000000691c00000, 0x0000000691c00000|100%| O|  |TAMS 0x0000000691800000, 0x0000000691800000| Untracked 
|  69|0x0000000691c00000, 0x0000000692000000, 0x0000000692000000|100%| O|  |TAMS 0x0000000691c00000, 0x0000000691c00000| Untracked 
|  70|0x0000000692000000, 0x0000000692400000, 0x0000000692400000|100%| O|  |TAMS 0x0000000692000000, 0x0000000692000000| Untracked 
|  71|0x0000000692400000, 0x0000000692800000, 0x0000000692800000|100%|HS|  |TAMS 0x0000000692400000, 0x0000000692400000| Complete 
|  72|0x0000000692800000, 0x0000000692c00000, 0x0000000692c00000|100%|HC|  |TAMS 0x0000000692800000, 0x0000000692800000| Complete 
|  73|0x0000000692c00000, 0x0000000693000000, 0x0000000693000000|100%|HC|  |TAMS 0x0000000692c00000, 0x0000000692c00000| Complete 
|  74|0x0000000693000000, 0x0000000693400000, 0x0000000693400000|100%|HC|  |TAMS 0x0000000693000000, 0x0000000693000000| Complete 
|  75|0x0000000693400000, 0x0000000693800000, 0x0000000693800000|100%|HS|  |TAMS 0x0000000693400000, 0x0000000693400000| Complete 
|  76|0x0000000693800000, 0x0000000693c00000, 0x0000000693c00000|100%|HC|  |TAMS 0x0000000693800000, 0x0000000693800000| Complete 
|  77|0x0000000693c00000, 0x0000000694000000, 0x0000000694000000|100%|HC|  |TAMS 0x0000000693c00000, 0x0000000693c00000| Complete 
|  78|0x0000000694000000, 0x0000000694400000, 0x0000000694400000|100%| O|  |TAMS 0x0000000694000000, 0x0000000694000000| Untracked 
|  79|0x0000000694400000, 0x0000000694800000, 0x0000000694800000|100%| O|  |TAMS 0x0000000694400000, 0x0000000694400000| Untracked 
|  80|0x0000000694800000, 0x0000000694c00000, 0x0000000694c00000|100%|HS|  |TAMS 0x0000000694800000, 0x0000000694800000| Complete 
|  81|0x0000000694c00000, 0x0000000695000000, 0x0000000695000000|100%|HC|  |TAMS 0x0000000694c00000, 0x0000000694c00000| Complete 
|  82|0x0000000695000000, 0x0000000695400000, 0x0000000695400000|100%|HS|  |TAMS 0x0000000695000000, 0x0000000695000000| Complete 
|  83|0x0000000695400000, 0x0000000695800000, 0x0000000695800000|100%| O|  |TAMS 0x0000000695400000, 0x0000000695400000| Untracked 
|  84|0x0000000695800000, 0x0000000695c00000, 0x0000000695c00000|100%| O|  |TAMS 0x0000000695800000, 0x0000000695800000| Untracked 
|  85|0x0000000695c00000, 0x0000000696000000, 0x0000000696000000|100%| O|  |TAMS 0x0000000695c00000, 0x0000000695c00000| Untracked 
|  86|0x0000000696000000, 0x0000000696400000, 0x0000000696400000|100%| O|  |TAMS 0x0000000696000000, 0x0000000696000000| Untracked 
|  87|0x0000000696400000, 0x0000000696800000, 0x0000000696800000|100%|HS|  |TAMS 0x0000000696400000, 0x0000000696400000| Complete 
|  88|0x0000000696800000, 0x0000000696c00000, 0x0000000696c00000|100%|HC|  |TAMS 0x0000000696800000, 0x0000000696800000| Complete 
|  89|0x0000000696c00000, 0x0000000697000000, 0x0000000697000000|100%|HC|  |TAMS 0x0000000696c00000, 0x0000000696c00000| Complete 
|  90|0x0000000697000000, 0x0000000697400000, 0x0000000697400000|100%|HC|  |TAMS 0x0000000697000000, 0x0000000697000000| Complete 
|  91|0x0000000697400000, 0x0000000697800000, 0x0000000697800000|100%|HS|  |TAMS 0x0000000697400000, 0x0000000697400000| Complete 
|  92|0x0000000697800000, 0x0000000697c00000, 0x0000000697c00000|100%|HC|  |TAMS 0x0000000697800000, 0x0000000697800000| Complete 
|  93|0x0000000697c00000, 0x0000000698000000, 0x0000000698000000|100%|HC|  |TAMS 0x0000000697c00000, 0x0000000697c00000| Complete 
|  94|0x0000000698000000, 0x0000000698400000, 0x0000000698400000|100%|HC|  |TAMS 0x0000000698000000, 0x0000000698000000| Complete 
|  95|0x0000000698400000, 0x0000000698800000, 0x0000000698800000|100%|HS|  |TAMS 0x0000000698400000, 0x0000000698400000| Complete 
|  96|0x0000000698800000, 0x0000000698c00000, 0x0000000698c00000|100%|HC|  |TAMS 0x0000000698800000, 0x0000000698800000| Complete 
|  97|0x0000000698c00000, 0x0000000699000000, 0x0000000699000000|100%|HS|  |TAMS 0x0000000698c00000, 0x0000000698c00000| Complete 
|  98|0x0000000699000000, 0x0000000699400000, 0x0000000699400000|100%|HC|  |TAMS 0x0000000699000000, 0x0000000699000000| Complete 
|  99|0x0000000699400000, 0x0000000699800000, 0x0000000699800000|100%|HS|  |TAMS 0x0000000699400000, 0x0000000699400000| Complete 
| 100|0x0000000699800000, 0x0000000699c00000, 0x0000000699c00000|100%|HC|  |TAMS 0x0000000699800000, 0x0000000699800000| Complete 
| 101|0x0000000699c00000, 0x000000069a000000, 0x000000069a000000|100%|HC|  |TAMS 0x0000000699c00000, 0x0000000699c00000| Complete 
| 102|0x000000069a000000, 0x000000069a400000, 0x000000069a400000|100%|HS|  |TAMS 0x000000069a000000, 0x000000069a000000| Complete 
| 103|0x000000069a400000, 0x000000069a800000, 0x000000069a800000|100%|HS|  |TAMS 0x000000069a400000, 0x000000069a400000| Complete 
| 104|0x000000069a800000, 0x000000069ac00000, 0x000000069ac00000|100%|HC|  |TAMS 0x000000069a800000, 0x000000069a800000| Complete 
| 105|0x000000069ac00000, 0x000000069b000000, 0x000000069b000000|100%|HS|  |TAMS 0x000000069ac00000, 0x000000069ac00000| Complete 
| 106|0x000000069b000000, 0x000000069b400000, 0x000000069b400000|100%|HC|  |TAMS 0x000000069b000000, 0x000000069b000000| Complete 
| 107|0x000000069b400000, 0x000000069b800000, 0x000000069b800000|100%|HC|  |TAMS 0x000000069b400000, 0x000000069b400000| Complete 
| 108|0x000000069b800000, 0x000000069bc00000, 0x000000069bc00000|100%|HS|  |TAMS 0x000000069b800000, 0x000000069b800000| Complete 
| 109|0x000000069bc00000, 0x000000069c000000, 0x000000069c000000|100%| O|  |TAMS 0x000000069bc00000, 0x000000069bc00000| Untracked 
| 110|0x000000069c000000, 0x000000069c400000, 0x000000069c400000|100%| O|  |TAMS 0x000000069c000000, 0x000000069c000000| Untracked 
| 111|0x000000069c400000, 0x000000069c800000, 0x000000069c800000|100%| O|  |TAMS 0x000000069c400000, 0x000000069c400000| Untracked 
| 112|0x000000069c800000, 0x000000069cc00000, 0x000000069cc00000|100%|HS|  |TAMS 0x000000069c800000, 0x000000069c800000| Complete 
| 113|0x000000069cc00000, 0x000000069d000000, 0x000000069d000000|100%|HC|  |TAMS 0x000000069cc00000, 0x000000069cc00000| Complete 
| 114|0x000000069d000000, 0x000000069d400000, 0x000000069d400000|100%|HC|  |TAMS 0x000000069d000000, 0x000000069d000000| Complete 
| 115|0x000000069d400000, 0x000000069d800000, 0x000000069d800000|100%|HS|  |TAMS 0x000000069d400000, 0x000000069d400000| Complete 
| 116|0x000000069d800000, 0x000000069dc00000, 0x000000069dc00000|100%|HC|  |TAMS 0x000000069d800000, 0x000000069d800000| Complete 
| 117|0x000000069dc00000, 0x000000069e000000, 0x000000069e000000|100%|HC|  |TAMS 0x000000069dc00000, 0x000000069dc00000| Complete 
| 118|0x000000069e000000, 0x000000069e400000, 0x000000069e400000|100%|HC|  |TAMS 0x000000069e000000, 0x000000069e000000| Complete 
| 119|0x000000069e400000, 0x000000069e800000, 0x000000069e800000|100%| O|  |TAMS 0x000000069e400000, 0x000000069e400000| Untracked 
| 120|0x000000069e800000, 0x000000069ec00000, 0x000000069ec00000|100%| O|  |TAMS 0x000000069e800000, 0x000000069e800000| Untracked 
| 121|0x000000069ec00000, 0x000000069f000000, 0x000000069f000000|100%| O|  |TAMS 0x000000069ec00000, 0x000000069ec00000| Untracked 
| 122|0x000000069f000000, 0x000000069f400000, 0x000000069f400000|100%| O|  |TAMS 0x000000069f000000, 0x000000069f000000| Untracked 
| 123|0x000000069f400000, 0x000000069f800000, 0x000000069f800000|100%| O|  |TAMS 0x000000069f400000, 0x000000069f400000| Untracked 
| 124|0x000000069f800000, 0x000000069fc00000, 0x000000069fc00000|100%| O|  |TAMS 0x000000069f800000, 0x000000069f800000| Untracked 
| 125|0x000000069fc00000, 0x00000006a0000000, 0x00000006a0000000|100%| O|  |TAMS 0x000000069fc00000, 0x000000069fc00000| Untracked 
| 126|0x00000006a0000000, 0x00000006a0400000, 0x00000006a0400000|100%| O|  |TAMS 0x00000006a0000000, 0x00000006a0000000| Untracked 
| 127|0x00000006a0400000, 0x00000006a0400000, 0x00000006a0800000|  0%| F|  |TAMS 0x00000006a0400000, 0x00000006a0400000| Untracked 
| 128|0x00000006a0800000, 0x00000006a0800000, 0x00000006a0c00000|  0%| F|  |TAMS 0x00000006a0800000, 0x00000006a0800000| Untracked 
| 129|0x00000006a0c00000, 0x00000006a0c00000, 0x00000006a1000000|  0%| F|  |TAMS 0x00000006a0c00000, 0x00000006a0c00000| Untracked 
| 130|0x00000006a1000000, 0x00000006a1000000, 0x00000006a1400000|  0%| F|  |TAMS 0x00000006a1000000, 0x00000006a1000000| Untracked 
| 131|0x00000006a1400000, 0x00000006a1400000, 0x00000006a1800000|  0%| F|  |TAMS 0x00000006a1400000, 0x00000006a1400000| Untracked 
| 132|0x00000006a1800000, 0x00000006a1800000, 0x00000006a1c00000|  0%| F|  |TAMS 0x00000006a1800000, 0x00000006a1800000| Untracked 
| 133|0x00000006a1c00000, 0x00000006a1c00000, 0x00000006a2000000|  0%| F|  |TAMS 0x00000006a1c00000, 0x00000006a1c00000| Untracked 
| 134|0x00000006a2000000, 0x00000006a2000000, 0x00000006a2400000|  0%| F|  |TAMS 0x00000006a2000000, 0x00000006a2000000| Untracked 
| 135|0x00000006a2400000, 0x00000006a2400000, 0x00000006a2800000|  0%| F|  |TAMS 0x00000006a2400000, 0x00000006a2400000| Untracked 
| 136|0x00000006a2800000, 0x00000006a2800000, 0x00000006a2c00000|  0%| F|  |TAMS 0x00000006a2800000, 0x00000006a2800000| Untracked 
| 137|0x00000006a2c00000, 0x00000006a2c00000, 0x00000006a3000000|  0%| F|  |TAMS 0x00000006a2c00000, 0x00000006a2c00000| Untracked 
| 138|0x00000006a3000000, 0x00000006a3000000, 0x00000006a3400000|  0%| F|  |TAMS 0x00000006a3000000, 0x00000006a3000000| Untracked 
| 139|0x00000006a3400000, 0x00000006a3400000, 0x00000006a3800000|  0%| F|  |TAMS 0x00000006a3400000, 0x00000006a3400000| Untracked 
| 140|0x00000006a3800000, 0x00000006a3800000, 0x00000006a3c00000|  0%| F|  |TAMS 0x00000006a3800000, 0x00000006a3800000| Untracked 
| 141|0x00000006a3c00000, 0x00000006a3c00000, 0x00000006a4000000|  0%| F|  |TAMS 0x00000006a3c00000, 0x00000006a3c00000| Untracked 
| 142|0x00000006a4000000, 0x00000006a4000000, 0x00000006a4400000|  0%| F|  |TAMS 0x00000006a4000000, 0x00000006a4000000| Untracked 
| 143|0x00000006a4400000, 0x00000006a4400000, 0x00000006a4800000|  0%| F|  |TAMS 0x00000006a4400000, 0x00000006a4400000| Untracked 
| 144|0x00000006a4800000, 0x00000006a4800000, 0x00000006a4c00000|  0%| F|  |TAMS 0x00000006a4800000, 0x00000006a4800000| Untracked 
| 145|0x00000006a4c00000, 0x00000006a4c00000, 0x00000006a5000000|  0%| F|  |TAMS 0x00000006a4c00000, 0x00000006a4c00000| Untracked 
| 146|0x00000006a5000000, 0x00000006a5000000, 0x00000006a5400000|  0%| F|  |TAMS 0x00000006a5000000, 0x00000006a5000000| Untracked 
| 147|0x00000006a5400000, 0x00000006a5400000, 0x00000006a5800000|  0%| F|  |TAMS 0x00000006a5400000, 0x00000006a5400000| Untracked 
| 148|0x00000006a5800000, 0x00000006a5800000, 0x00000006a5c00000|  0%| F|  |TAMS 0x00000006a5800000, 0x00000006a5800000| Untracked 
| 149|0x00000006a5c00000, 0x00000006a5c00000, 0x00000006a6000000|  0%| F|  |TAMS 0x00000006a5c00000, 0x00000006a5c00000| Untracked 
| 150|0x00000006a6000000, 0x00000006a6000000, 0x00000006a6400000|  0%| F|  |TAMS 0x00000006a6000000, 0x00000006a6000000| Untracked 
| 151|0x00000006a6400000, 0x00000006a6400000, 0x00000006a6800000|  0%| F|  |TAMS 0x00000006a6400000, 0x00000006a6400000| Untracked 
| 152|0x00000006a6800000, 0x00000006a6800000, 0x00000006a6c00000|  0%| F|  |TAMS 0x00000006a6800000, 0x00000006a6800000| Untracked 
| 153|0x00000006a6c00000, 0x00000006a6c00000, 0x00000006a7000000|  0%| F|  |TAMS 0x00000006a6c00000, 0x00000006a6c00000| Untracked 
| 154|0x00000006a7000000, 0x00000006a7400000, 0x00000006a7400000|100%| O|  |TAMS 0x00000006a7000000, 0x00000006a7000000| Untracked 
| 155|0x00000006a7400000, 0x00000006a7800000, 0x00000006a7800000|100%| O|  |TAMS 0x00000006a7400000, 0x00000006a7400000| Untracked 
| 156|0x00000006a7800000, 0x00000006a7c00000, 0x00000006a7c00000|100%| O|  |TAMS 0x00000006a7800000, 0x00000006a7800000| Untracked 
| 157|0x00000006a7c00000, 0x00000006a8000000, 0x00000006a8000000|100%| O|  |TAMS 0x00000006a7c00000, 0x00000006a7c00000| Untracked 
| 158|0x00000006a8000000, 0x00000006a8400000, 0x00000006a8400000|100%| O|  |TAMS 0x00000006a8000000, 0x00000006a8000000| Untracked 
| 159|0x00000006a8400000, 0x00000006a8800000, 0x00000006a8800000|100%| O|  |TAMS 0x00000006a8400000, 0x00000006a8400000| Untracked 
| 160|0x00000006a8800000, 0x00000006a8c00000, 0x00000006a8c00000|100%| O|  |TAMS 0x00000006a8800000, 0x00000006a8800000| Untracked 
| 161|0x00000006a8c00000, 0x00000006a9000000, 0x00000006a9000000|100%| O|  |TAMS 0x00000006a8c00000, 0x00000006a8c00000| Untracked 
| 162|0x00000006a9000000, 0x00000006a9400000, 0x00000006a9400000|100%| O|  |TAMS 0x00000006a9000000, 0x00000006a9000000| Untracked 
| 163|0x00000006a9400000, 0x00000006a9800000, 0x00000006a9800000|100%| O|  |TAMS 0x00000006a9400000, 0x00000006a9400000| Untracked 
| 164|0x00000006a9800000, 0x00000006a9c00000, 0x00000006a9c00000|100%| O|  |TAMS 0x00000006a9800000, 0x00000006a9800000| Untracked 
| 165|0x00000006a9c00000, 0x00000006aa000000, 0x00000006aa000000|100%| O|  |TAMS 0x00000006a9c00000, 0x00000006a9c00000| Untracked 
| 166|0x00000006aa000000, 0x00000006aa000000, 0x00000006aa400000|  0%| F|  |TAMS 0x00000006aa000000, 0x00000006aa000000| Untracked 
| 167|0x00000006aa400000, 0x00000006aa400000, 0x00000006aa800000|  0%| F|  |TAMS 0x00000006aa400000, 0x00000006aa400000| Untracked 
| 168|0x00000006aa800000, 0x00000006aa800000, 0x00000006aac00000|  0%| F|  |TAMS 0x00000006aa800000, 0x00000006aa800000| Untracked 
| 169|0x00000006aac00000, 0x00000006aac00000, 0x00000006ab000000|  0%| F|  |TAMS 0x00000006aac00000, 0x00000006aac00000| Untracked 
| 170|0x00000006ab000000, 0x00000006ab000000, 0x00000006ab400000|  0%| F|  |TAMS 0x00000006ab000000, 0x00000006ab000000| Untracked 
| 171|0x00000006ab400000, 0x00000006ab400000, 0x00000006ab800000|  0%| F|  |TAMS 0x00000006ab400000, 0x00000006ab400000| Untracked 
| 172|0x00000006ab800000, 0x00000006ab800000, 0x00000006abc00000|  0%| F|  |TAMS 0x00000006ab800000, 0x00000006ab800000| Untracked 
| 173|0x00000006abc00000, 0x00000006abc00000, 0x00000006ac000000|  0%| F|  |TAMS 0x00000006abc00000, 0x00000006abc00000| Untracked 
| 174|0x00000006ac000000, 0x00000006ac000000, 0x00000006ac400000|  0%| F|  |TAMS 0x00000006ac000000, 0x00000006ac000000| Untracked 
| 175|0x00000006ac400000, 0x00000006ac400000, 0x00000006ac800000|  0%| F|  |TAMS 0x00000006ac400000, 0x00000006ac400000| Untracked 
| 176|0x00000006ac800000, 0x00000006ac800000, 0x00000006acc00000|  0%| F|  |TAMS 0x00000006ac800000, 0x00000006ac800000| Untracked 
| 177|0x00000006acc00000, 0x00000006acc00000, 0x00000006ad000000|  0%| F|  |TAMS 0x00000006acc00000, 0x00000006acc00000| Untracked 
| 178|0x00000006ad000000, 0x00000006ad000000, 0x00000006ad400000|  0%| F|  |TAMS 0x00000006ad000000, 0x00000006ad000000| Untracked 
| 179|0x00000006ad400000, 0x00000006ad400000, 0x00000006ad800000|  0%| F|  |TAMS 0x00000006ad400000, 0x00000006ad400000| Untracked 
| 180|0x00000006ad800000, 0x00000006ad800000, 0x00000006adc00000|  0%| F|  |TAMS 0x00000006ad800000, 0x00000006ad800000| Untracked 
| 181|0x00000006adc00000, 0x00000006adc00000, 0x00000006ae000000|  0%| F|  |TAMS 0x00000006adc00000, 0x00000006adc00000| Untracked 
| 182|0x00000006ae000000, 0x00000006ae000000, 0x00000006ae400000|  0%| F|  |TAMS 0x00000006ae000000, 0x00000006ae000000| Untracked 
| 183|0x00000006ae400000, 0x00000006ae400000, 0x00000006ae800000|  0%| F|  |TAMS 0x00000006ae400000, 0x00000006ae400000| Untracked 
| 184|0x00000006ae800000, 0x00000006ae800000, 0x00000006aec00000|  0%| F|  |TAMS 0x00000006ae800000, 0x00000006ae800000| Untracked 
| 185|0x00000006aec00000, 0x00000006aec00000, 0x00000006af000000|  0%| F|  |TAMS 0x00000006aec00000, 0x00000006aec00000| Untracked 
| 186|0x00000006af000000, 0x00000006af000000, 0x00000006af400000|  0%| F|  |TAMS 0x00000006af000000, 0x00000006af000000| Untracked 
| 187|0x00000006af400000, 0x00000006af400000, 0x00000006af800000|  0%| F|  |TAMS 0x00000006af400000, 0x00000006af400000| Untracked 
| 188|0x00000006af800000, 0x00000006af800000, 0x00000006afc00000|  0%| F|  |TAMS 0x00000006af800000, 0x00000006af800000| Untracked 
| 189|0x00000006afc00000, 0x00000006afc00000, 0x00000006b0000000|  0%| F|  |TAMS 0x00000006afc00000, 0x00000006afc00000| Untracked 
| 190|0x00000006b0000000, 0x00000006b0000000, 0x00000006b0400000|  0%| F|  |TAMS 0x00000006b0000000, 0x00000006b0000000| Untracked 
| 191|0x00000006b0400000, 0x00000006b0400000, 0x00000006b0800000|  0%| F|  |TAMS 0x00000006b0400000, 0x00000006b0400000| Untracked 
| 192|0x00000006b0800000, 0x00000006b0800000, 0x00000006b0c00000|  0%| F|  |TAMS 0x00000006b0800000, 0x00000006b0800000| Untracked 
| 193|0x00000006b0c00000, 0x00000006b0c00000, 0x00000006b1000000|  0%| F|  |TAMS 0x00000006b0c00000, 0x00000006b0c00000| Untracked 
| 194|0x00000006b1000000, 0x00000006b1000000, 0x00000006b1400000|  0%| F|  |TAMS 0x00000006b1000000, 0x00000006b1000000| Untracked 
| 195|0x00000006b1400000, 0x00000006b1800000, 0x00000006b1800000|100%| S|CS|TAMS 0x00000006b1400000, 0x00000006b1400000| Complete 
| 196|0x00000006b1800000, 0x00000006b1c00000, 0x00000006b1c00000|100%| S|CS|TAMS 0x00000006b1800000, 0x00000006b1800000| Complete 
| 197|0x00000006b1c00000, 0x00000006b2000000, 0x00000006b2000000|100%| S|CS|TAMS 0x00000006b1c00000, 0x00000006b1c00000| Complete 
| 198|0x00000006b2000000, 0x00000006b2400000, 0x00000006b2400000|100%| S|CS|TAMS 0x00000006b2000000, 0x00000006b2000000| Complete 
| 199|0x00000006b2400000, 0x00000006b2800000, 0x00000006b2800000|100%| S|CS|TAMS 0x00000006b2400000, 0x00000006b2400000| Complete 
| 200|0x00000006b2800000, 0x00000006b2800000, 0x00000006b2c00000|  0%| F|  |TAMS 0x00000006b2800000, 0x00000006b2800000| Untracked 
| 201|0x00000006b2c00000, 0x00000006b2c00000, 0x00000006b3000000|  0%| F|  |TAMS 0x00000006b2c00000, 0x00000006b2c00000| Untracked 
| 202|0x00000006b3000000, 0x00000006b3000000, 0x00000006b3400000|  0%| F|  |TAMS 0x00000006b3000000, 0x00000006b3000000| Untracked 
| 203|0x00000006b3400000, 0x00000006b3400000, 0x00000006b3800000|  0%| F|  |TAMS 0x00000006b3400000, 0x00000006b3400000| Untracked 
| 204|0x00000006b3800000, 0x00000006b3800000, 0x00000006b3c00000|  0%| F|  |TAMS 0x00000006b3800000, 0x00000006b3800000| Untracked 
| 205|0x00000006b3c00000, 0x00000006b3c00000, 0x00000006b4000000|  0%| F|  |TAMS 0x00000006b3c00000, 0x00000006b3c00000| Untracked 
| 206|0x00000006b4000000, 0x00000006b4000000, 0x00000006b4400000|  0%| F|  |TAMS 0x00000006b4000000, 0x00000006b4000000| Untracked 
| 207|0x00000006b4400000, 0x00000006b4400000, 0x00000006b4800000|  0%| F|  |TAMS 0x00000006b4400000, 0x00000006b4400000| Untracked 
| 208|0x00000006b4800000, 0x00000006b4800000, 0x00000006b4c00000|  0%| F|  |TAMS 0x00000006b4800000, 0x00000006b4800000| Untracked 
| 209|0x00000006b4c00000, 0x00000006b4c00000, 0x00000006b5000000|  0%| F|  |TAMS 0x00000006b4c00000, 0x00000006b4c00000| Untracked 
| 210|0x00000006b5000000, 0x00000006b5000000, 0x00000006b5400000|  0%| F|  |TAMS 0x00000006b5000000, 0x00000006b5000000| Untracked 
| 211|0x00000006b5400000, 0x00000006b5400000, 0x00000006b5800000|  0%| F|  |TAMS 0x00000006b5400000, 0x00000006b5400000| Untracked 
| 212|0x00000006b5800000, 0x00000006b5800000, 0x00000006b5c00000|  0%| F|  |TAMS 0x00000006b5800000, 0x00000006b5800000| Untracked 
| 213|0x00000006b5c00000, 0x00000006b5c00000, 0x00000006b6000000|  0%| F|  |TAMS 0x00000006b5c00000, 0x00000006b5c00000| Untracked 
| 214|0x00000006b6000000, 0x00000006b6000000, 0x00000006b6400000|  0%| F|  |TAMS 0x00000006b6000000, 0x00000006b6000000| Untracked 
| 215|0x00000006b6400000, 0x00000006b6400000, 0x00000006b6800000|  0%| F|  |TAMS 0x00000006b6400000, 0x00000006b6400000| Untracked 
| 216|0x00000006b6800000, 0x00000006b6800000, 0x00000006b6c00000|  0%| F|  |TAMS 0x00000006b6800000, 0x00000006b6800000| Untracked 
| 217|0x00000006b6c00000, 0x00000006b6c00000, 0x00000006b7000000|  0%| F|  |TAMS 0x00000006b6c00000, 0x00000006b6c00000| Untracked 
| 218|0x00000006b7000000, 0x00000006b7000000, 0x00000006b7400000|  0%| F|  |TAMS 0x00000006b7000000, 0x00000006b7000000| Untracked 
| 219|0x00000006b7400000, 0x00000006b7400000, 0x00000006b7800000|  0%| F|  |TAMS 0x00000006b7400000, 0x00000006b7400000| Untracked 
| 220|0x00000006b7800000, 0x00000006b7800000, 0x00000006b7c00000|  0%| F|  |TAMS 0x00000006b7800000, 0x00000006b7800000| Untracked 
| 221|0x00000006b7c00000, 0x00000006b7c00000, 0x00000006b8000000|  0%| F|  |TAMS 0x00000006b7c00000, 0x00000006b7c00000| Untracked 
| 222|0x00000006b8000000, 0x00000006b8000000, 0x00000006b8400000|  0%| F|  |TAMS 0x00000006b8000000, 0x00000006b8000000| Untracked 
| 223|0x00000006b8400000, 0x00000006b8400000, 0x00000006b8800000|  0%| F|  |TAMS 0x00000006b8400000, 0x00000006b8400000| Untracked 
| 224|0x00000006b8800000, 0x00000006b8800000, 0x00000006b8c00000|  0%| F|  |TAMS 0x00000006b8800000, 0x00000006b8800000| Untracked 
| 225|0x00000006b8c00000, 0x00000006b8c00000, 0x00000006b9000000|  0%| F|  |TAMS 0x00000006b8c00000, 0x00000006b8c00000| Untracked 
| 226|0x00000006b9000000, 0x00000006b9000000, 0x00000006b9400000|  0%| F|  |TAMS 0x00000006b9000000, 0x00000006b9000000| Untracked 
| 227|0x00000006b9400000, 0x00000006b9400000, 0x00000006b9800000|  0%| F|  |TAMS 0x00000006b9400000, 0x00000006b9400000| Untracked 
| 228|0x00000006b9800000, 0x00000006b9800000, 0x00000006b9c00000|  0%| F|  |TAMS 0x00000006b9800000, 0x00000006b9800000| Untracked 
| 229|0x00000006b9c00000, 0x00000006b9c00000, 0x00000006ba000000|  0%| F|  |TAMS 0x00000006b9c00000, 0x00000006b9c00000| Untracked 
| 230|0x00000006ba000000, 0x00000006ba000000, 0x00000006ba400000|  0%| F|  |TAMS 0x00000006ba000000, 0x00000006ba000000| Untracked 
| 231|0x00000006ba400000, 0x00000006ba400000, 0x00000006ba800000|  0%| F|  |TAMS 0x00000006ba400000, 0x00000006ba400000| Untracked 
| 232|0x00000006ba800000, 0x00000006ba800000, 0x00000006bac00000|  0%| F|  |TAMS 0x00000006ba800000, 0x00000006ba800000| Untracked 
| 233|0x00000006bac00000, 0x00000006bac00000, 0x00000006bb000000|  0%| F|  |TAMS 0x00000006bac00000, 0x00000006bac00000| Untracked 
| 234|0x00000006bb000000, 0x00000006bb000000, 0x00000006bb400000|  0%| F|  |TAMS 0x00000006bb000000, 0x00000006bb000000| Untracked 
| 235|0x00000006bb400000, 0x00000006bb400000, 0x00000006bb800000|  0%| F|  |TAMS 0x00000006bb400000, 0x00000006bb400000| Untracked 
| 236|0x00000006bb800000, 0x00000006bb800000, 0x00000006bbc00000|  0%| F|  |TAMS 0x00000006bb800000, 0x00000006bb800000| Untracked 
| 237|0x00000006bbc00000, 0x00000006bbc00000, 0x00000006bc000000|  0%| F|  |TAMS 0x00000006bbc00000, 0x00000006bbc00000| Untracked 
| 238|0x00000006bc000000, 0x00000006bc000000, 0x00000006bc400000|  0%| F|  |TAMS 0x00000006bc000000, 0x00000006bc000000| Untracked 
| 239|0x00000006bc400000, 0x00000006bc400000, 0x00000006bc800000|  0%| F|  |TAMS 0x00000006bc400000, 0x00000006bc400000| Untracked 
| 240|0x00000006bc800000, 0x00000006bc800000, 0x00000006bcc00000|  0%| F|  |TAMS 0x00000006bc800000, 0x00000006bc800000| Untracked 
| 241|0x00000006bcc00000, 0x00000006bcc00000, 0x00000006bd000000|  0%| F|  |TAMS 0x00000006bcc00000, 0x00000006bcc00000| Untracked 
| 242|0x00000006bd000000, 0x00000006bd000000, 0x00000006bd400000|  0%| F|  |TAMS 0x00000006bd000000, 0x00000006bd000000| Untracked 
| 243|0x00000006bd400000, 0x00000006bd400000, 0x00000006bd800000|  0%| F|  |TAMS 0x00000006bd400000, 0x00000006bd400000| Untracked 
| 244|0x00000006bd800000, 0x00000006bd800000, 0x00000006bdc00000|  0%| F|  |TAMS 0x00000006bd800000, 0x00000006bd800000| Untracked 
| 245|0x00000006bdc00000, 0x00000006bdc00000, 0x00000006be000000|  0%| F|  |TAMS 0x00000006bdc00000, 0x00000006bdc00000| Untracked 
| 246|0x00000006be000000, 0x00000006be000000, 0x00000006be400000|  0%| F|  |TAMS 0x00000006be000000, 0x00000006be000000| Untracked 
| 247|0x00000006be400000, 0x00000006be400000, 0x00000006be800000|  0%| F|  |TAMS 0x00000006be400000, 0x00000006be400000| Untracked 
| 248|0x00000006be800000, 0x00000006be800000, 0x00000006bec00000|  0%| F|  |TAMS 0x00000006be800000, 0x00000006be800000| Untracked 
| 249|0x00000006bec00000, 0x00000006bec00000, 0x00000006bf000000|  0%| F|  |TAMS 0x00000006bec00000, 0x00000006bec00000| Untracked 
| 250|0x00000006bf000000, 0x00000006bf000000, 0x00000006bf400000|  0%| F|  |TAMS 0x00000006bf000000, 0x00000006bf000000| Untracked 
| 251|0x00000006bf400000, 0x00000006bf400000, 0x00000006bf800000|  0%| F|  |TAMS 0x00000006bf400000, 0x00000006bf400000| Untracked 
| 252|0x00000006bf800000, 0x00000006bf800000, 0x00000006bfc00000|  0%| F|  |TAMS 0x00000006bf800000, 0x00000006bf800000| Untracked 
| 253|0x00000006bfc00000, 0x00000006bfc00000, 0x00000006c0000000|  0%| F|  |TAMS 0x00000006bfc00000, 0x00000006bfc00000| Untracked 
| 254|0x00000006c0000000, 0x00000006c0000000, 0x00000006c0400000|  0%| F|  |TAMS 0x00000006c0000000, 0x00000006c0000000| Untracked 
| 255|0x00000006c0400000, 0x00000006c0400000, 0x00000006c0800000|  0%| F|  |TAMS 0x00000006c0400000, 0x00000006c0400000| Untracked 
| 256|0x00000006c0800000, 0x00000006c0800000, 0x00000006c0c00000|  0%| F|  |TAMS 0x00000006c0800000, 0x00000006c0800000| Untracked 
| 257|0x00000006c0c00000, 0x00000006c0c00000, 0x00000006c1000000|  0%| F|  |TAMS 0x00000006c0c00000, 0x00000006c0c00000| Untracked 
| 258|0x00000006c1000000, 0x00000006c1000000, 0x00000006c1400000|  0%| F|  |TAMS 0x00000006c1000000, 0x00000006c1000000| Untracked 
| 259|0x00000006c1400000, 0x00000006c1400000, 0x00000006c1800000|  0%| F|  |TAMS 0x00000006c1400000, 0x00000006c1400000| Untracked 
| 260|0x00000006c1800000, 0x00000006c1800000, 0x00000006c1c00000|  0%| F|  |TAMS 0x00000006c1800000, 0x00000006c1800000| Untracked 
| 261|0x00000006c1c00000, 0x00000006c1c00000, 0x00000006c2000000|  0%| F|  |TAMS 0x00000006c1c00000, 0x00000006c1c00000| Untracked 
| 262|0x00000006c2000000, 0x00000006c2000000, 0x00000006c2400000|  0%| F|  |TAMS 0x00000006c2000000, 0x00000006c2000000| Untracked 
| 263|0x00000006c2400000, 0x00000006c2400000, 0x00000006c2800000|  0%| F|  |TAMS 0x00000006c2400000, 0x00000006c2400000| Untracked 
| 264|0x00000006c2800000, 0x00000006c2800000, 0x00000006c2c00000|  0%| F|  |TAMS 0x00000006c2800000, 0x00000006c2800000| Untracked 
| 265|0x00000006c2c00000, 0x00000006c2c00000, 0x00000006c3000000|  0%| F|  |TAMS 0x00000006c2c00000, 0x00000006c2c00000| Untracked 
| 266|0x00000006c3000000, 0x00000006c3000000, 0x00000006c3400000|  0%| F|  |TAMS 0x00000006c3000000, 0x00000006c3000000| Untracked 
| 267|0x00000006c3400000, 0x00000006c3400000, 0x00000006c3800000|  0%| F|  |TAMS 0x00000006c3400000, 0x00000006c3400000| Untracked 
| 268|0x00000006c3800000, 0x00000006c3800000, 0x00000006c3c00000|  0%| F|  |TAMS 0x00000006c3800000, 0x00000006c3800000| Untracked 
| 269|0x00000006c3c00000, 0x00000006c3c00000, 0x00000006c4000000|  0%| F|  |TAMS 0x00000006c3c00000, 0x00000006c3c00000| Untracked 
| 270|0x00000006c4000000, 0x00000006c4000000, 0x00000006c4400000|  0%| F|  |TAMS 0x00000006c4000000, 0x00000006c4000000| Untracked 
| 271|0x00000006c4400000, 0x00000006c4400000, 0x00000006c4800000|  0%| F|  |TAMS 0x00000006c4400000, 0x00000006c4400000| Untracked 
| 272|0x00000006c4800000, 0x00000006c4800000, 0x00000006c4c00000|  0%| F|  |TAMS 0x00000006c4800000, 0x00000006c4800000| Untracked 
| 273|0x00000006c4c00000, 0x00000006c4c00000, 0x00000006c5000000|  0%| F|  |TAMS 0x00000006c4c00000, 0x00000006c4c00000| Untracked 
| 274|0x00000006c5000000, 0x00000006c5000000, 0x00000006c5400000|  0%| F|  |TAMS 0x00000006c5000000, 0x00000006c5000000| Untracked 
| 275|0x00000006c5400000, 0x00000006c5400000, 0x00000006c5800000|  0%| F|  |TAMS 0x00000006c5400000, 0x00000006c5400000| Untracked 
| 276|0x00000006c5800000, 0x00000006c5800000, 0x00000006c5c00000|  0%| F|  |TAMS 0x00000006c5800000, 0x00000006c5800000| Untracked 
| 277|0x00000006c5c00000, 0x00000006c5c00000, 0x00000006c6000000|  0%| F|  |TAMS 0x00000006c5c00000, 0x00000006c5c00000| Untracked 
| 278|0x00000006c6000000, 0x00000006c6000000, 0x00000006c6400000|  0%| F|  |TAMS 0x00000006c6000000, 0x00000006c6000000| Untracked 
| 279|0x00000006c6400000, 0x00000006c6400000, 0x00000006c6800000|  0%| F|  |TAMS 0x00000006c6400000, 0x00000006c6400000| Untracked 
| 280|0x00000006c6800000, 0x00000006c6800000, 0x00000006c6c00000|  0%| F|  |TAMS 0x00000006c6800000, 0x00000006c6800000| Untracked 
| 281|0x00000006c6c00000, 0x00000006c6c00000, 0x00000006c7000000|  0%| F|  |TAMS 0x00000006c6c00000, 0x00000006c6c00000| Untracked 
| 282|0x00000006c7000000, 0x00000006c7000000, 0x00000006c7400000|  0%| F|  |TAMS 0x00000006c7000000, 0x00000006c7000000| Untracked 
| 283|0x00000006c7400000, 0x00000006c7400000, 0x00000006c7800000|  0%| F|  |TAMS 0x00000006c7400000, 0x00000006c7400000| Untracked 
| 284|0x00000006c7800000, 0x00000006c7800000, 0x00000006c7c00000|  0%| F|  |TAMS 0x00000006c7800000, 0x00000006c7800000| Untracked 
| 285|0x00000006c7c00000, 0x00000006c7c00000, 0x00000006c8000000|  0%| F|  |TAMS 0x00000006c7c00000, 0x00000006c7c00000| Untracked 
| 286|0x00000006c8000000, 0x00000006c8000000, 0x00000006c8400000|  0%| F|  |TAMS 0x00000006c8000000, 0x00000006c8000000| Untracked 
| 287|0x00000006c8400000, 0x00000006c8400000, 0x00000006c8800000|  0%| F|  |TAMS 0x00000006c8400000, 0x00000006c8400000| Untracked 
| 288|0x00000006c8800000, 0x00000006c8800000, 0x00000006c8c00000|  0%| F|  |TAMS 0x00000006c8800000, 0x00000006c8800000| Untracked 
| 289|0x00000006c8c00000, 0x00000006c8c00000, 0x00000006c9000000|  0%| F|  |TAMS 0x00000006c8c00000, 0x00000006c8c00000| Untracked 
| 290|0x00000006c9000000, 0x00000006c9000000, 0x00000006c9400000|  0%| F|  |TAMS 0x00000006c9000000, 0x00000006c9000000| Untracked 
| 291|0x00000006c9400000, 0x00000006c9400000, 0x00000006c9800000|  0%| F|  |TAMS 0x00000006c9400000, 0x00000006c9400000| Untracked 
| 292|0x00000006c9800000, 0x00000006c9800000, 0x00000006c9c00000|  0%| F|  |TAMS 0x00000006c9800000, 0x00000006c9800000| Untracked 
| 293|0x00000006c9c00000, 0x00000006c9c00000, 0x00000006ca000000|  0%| F|  |TAMS 0x00000006c9c00000, 0x00000006c9c00000| Untracked 
| 294|0x00000006ca000000, 0x00000006ca000000, 0x00000006ca400000|  0%| F|  |TAMS 0x00000006ca000000, 0x00000006ca000000| Untracked 
| 295|0x00000006ca400000, 0x00000006ca400000, 0x00000006ca800000|  0%| F|  |TAMS 0x00000006ca400000, 0x00000006ca400000| Untracked 
| 296|0x00000006ca800000, 0x00000006ca800000, 0x00000006cac00000|  0%| F|  |TAMS 0x00000006ca800000, 0x00000006ca800000| Untracked 
| 297|0x00000006cac00000, 0x00000006cac00000, 0x00000006cb000000|  0%| F|  |TAMS 0x00000006cac00000, 0x00000006cac00000| Untracked 
| 298|0x00000006cb000000, 0x00000006cb000000, 0x00000006cb400000|  0%| F|  |TAMS 0x00000006cb000000, 0x00000006cb000000| Untracked 
| 299|0x00000006cb400000, 0x00000006cb400000, 0x00000006cb800000|  0%| F|  |TAMS 0x00000006cb400000, 0x00000006cb400000| Untracked 
| 300|0x00000006cb800000, 0x00000006cb800000, 0x00000006cbc00000|  0%| F|  |TAMS 0x00000006cb800000, 0x00000006cb800000| Untracked 
| 301|0x00000006cbc00000, 0x00000006cbc00000, 0x00000006cc000000|  0%| F|  |TAMS 0x00000006cbc00000, 0x00000006cbc00000| Untracked 
| 302|0x00000006cc000000, 0x00000006cc000000, 0x00000006cc400000|  0%| F|  |TAMS 0x00000006cc000000, 0x00000006cc000000| Untracked 
| 303|0x00000006cc400000, 0x00000006cc400000, 0x00000006cc800000|  0%| F|  |TAMS 0x00000006cc400000, 0x00000006cc400000| Untracked 
| 304|0x00000006cc800000, 0x00000006cca00800, 0x00000006ccc00000| 50%| E|  |TAMS 0x00000006cc800000, 0x00000006cc800000| Complete 
| 305|0x00000006ccc00000, 0x00000006cd000000, 0x00000006cd000000|100%| E|CS|TAMS 0x00000006ccc00000, 0x00000006ccc00000| Complete 
| 306|0x00000006cd000000, 0x00000006cd400000, 0x00000006cd400000|100%| E|CS|TAMS 0x00000006cd000000, 0x00000006cd000000| Complete 
| 307|0x00000006cd400000, 0x00000006cd800000, 0x00000006cd800000|100%| E|CS|TAMS 0x00000006cd400000, 0x00000006cd400000| Complete 
| 308|0x00000006cd800000, 0x00000006cdc00000, 0x00000006cdc00000|100%| E|CS|TAMS 0x00000006cd800000, 0x00000006cd800000| Complete 
| 309|0x00000006cdc00000, 0x00000006ce000000, 0x00000006ce000000|100%| E|CS|TAMS 0x00000006cdc00000, 0x00000006cdc00000| Complete 
| 310|0x00000006ce000000, 0x00000006ce400000, 0x00000006ce400000|100%| E|CS|TAMS 0x00000006ce000000, 0x00000006ce000000| Complete 
| 311|0x00000006ce400000, 0x00000006ce800000, 0x00000006ce800000|100%| E|CS|TAMS 0x00000006ce400000, 0x00000006ce400000| Complete 
| 312|0x00000006ce800000, 0x00000006cec00000, 0x00000006cec00000|100%| E|CS|TAMS 0x00000006ce800000, 0x00000006ce800000| Complete 
| 313|0x00000006cec00000, 0x00000006cf000000, 0x00000006cf000000|100%| E|CS|TAMS 0x00000006cec00000, 0x00000006cec00000| Complete 
| 314|0x00000006cf000000, 0x00000006cf400000, 0x00000006cf400000|100%| E|CS|TAMS 0x00000006cf000000, 0x00000006cf000000| Complete 
| 315|0x00000006cf400000, 0x00000006cf800000, 0x00000006cf800000|100%| E|CS|TAMS 0x00000006cf400000, 0x00000006cf400000| Complete 
| 316|0x00000006cf800000, 0x00000006cfc00000, 0x00000006cfc00000|100%| E|CS|TAMS 0x00000006cf800000, 0x00000006cf800000| Complete 
| 317|0x00000006cfc00000, 0x00000006d0000000, 0x00000006d0000000|100%| E|CS|TAMS 0x00000006cfc00000, 0x00000006cfc00000| Complete 
| 318|0x00000006d0000000, 0x00000006d0400000, 0x00000006d0400000|100%| E|CS|TAMS 0x00000006d0000000, 0x00000006d0000000| Complete 
| 319|0x00000006d0400000, 0x00000006d0800000, 0x00000006d0800000|100%| E|CS|TAMS 0x00000006d0400000, 0x00000006d0400000| Complete 
| 320|0x00000006d0800000, 0x00000006d0c00000, 0x00000006d0c00000|100%| E|CS|TAMS 0x00000006d0800000, 0x00000006d0800000| Complete 
| 321|0x00000006d0c00000, 0x00000006d1000000, 0x00000006d1000000|100%| E|CS|TAMS 0x00000006d0c00000, 0x00000006d0c00000| Complete 
| 322|0x00000006d1000000, 0x00000006d1400000, 0x00000006d1400000|100%| E|CS|TAMS 0x00000006d1000000, 0x00000006d1000000| Complete 
| 323|0x00000006d1400000, 0x00000006d1800000, 0x00000006d1800000|100%| E|CS|TAMS 0x00000006d1400000, 0x00000006d1400000| Complete 
| 324|0x00000006d1800000, 0x00000006d1c00000, 0x00000006d1c00000|100%| E|CS|TAMS 0x00000006d1800000, 0x00000006d1800000| Complete 
| 325|0x00000006d1c00000, 0x00000006d2000000, 0x00000006d2000000|100%| E|CS|TAMS 0x00000006d1c00000, 0x00000006d1c00000| Complete 
| 326|0x00000006d2000000, 0x00000006d2400000, 0x00000006d2400000|100%| E|CS|TAMS 0x00000006d2000000, 0x00000006d2000000| Complete 
| 327|0x00000006d2400000, 0x00000006d2800000, 0x00000006d2800000|100%| E|CS|TAMS 0x00000006d2400000, 0x00000006d2400000| Complete 
| 328|0x00000006d2800000, 0x00000006d2c00000, 0x00000006d2c00000|100%| E|CS|TAMS 0x00000006d2800000, 0x00000006d2800000| Complete 
| 329|0x00000006d2c00000, 0x00000006d3000000, 0x00000006d3000000|100%| E|CS|TAMS 0x00000006d2c00000, 0x00000006d2c00000| Complete 
| 330|0x00000006d3000000, 0x00000006d3400000, 0x00000006d3400000|100%| E|CS|TAMS 0x00000006d3000000, 0x00000006d3000000| Complete 
| 331|0x00000006d3400000, 0x00000006d3800000, 0x00000006d3800000|100%| E|CS|TAMS 0x00000006d3400000, 0x00000006d3400000| Complete 
| 332|0x00000006d3800000, 0x00000006d3c00000, 0x00000006d3c00000|100%| E|CS|TAMS 0x00000006d3800000, 0x00000006d3800000| Complete 
| 333|0x00000006d3c00000, 0x00000006d4000000, 0x00000006d4000000|100%| E|CS|TAMS 0x00000006d3c00000, 0x00000006d3c00000| Complete 
| 334|0x00000006d4000000, 0x00000006d4400000, 0x00000006d4400000|100%| E|CS|TAMS 0x00000006d4000000, 0x00000006d4000000| Complete 
| 335|0x00000006d4400000, 0x00000006d4800000, 0x00000006d4800000|100%| E|CS|TAMS 0x00000006d4400000, 0x00000006d4400000| Complete 
| 336|0x00000006d4800000, 0x00000006d4c00000, 0x00000006d4c00000|100%| E|CS|TAMS 0x00000006d4800000, 0x00000006d4800000| Complete 
| 337|0x00000006d4c00000, 0x00000006d5000000, 0x00000006d5000000|100%| E|CS|TAMS 0x00000006d4c00000, 0x00000006d4c00000| Complete 
| 338|0x00000006d5000000, 0x00000006d5400000, 0x00000006d5400000|100%| E|CS|TAMS 0x00000006d5000000, 0x00000006d5000000| Complete 
| 339|0x00000006d5400000, 0x00000006d5800000, 0x00000006d5800000|100%| E|CS|TAMS 0x00000006d5400000, 0x00000006d5400000| Complete 
| 340|0x00000006d5800000, 0x00000006d5c00000, 0x00000006d5c00000|100%| E|CS|TAMS 0x00000006d5800000, 0x00000006d5800000| Complete 
| 341|0x00000006d5c00000, 0x00000006d6000000, 0x00000006d6000000|100%| E|CS|TAMS 0x00000006d5c00000, 0x00000006d5c00000| Complete 
| 342|0x00000006d6000000, 0x00000006d6400000, 0x00000006d6400000|100%| E|CS|TAMS 0x00000006d6000000, 0x00000006d6000000| Complete 
| 343|0x00000006d6400000, 0x00000006d6800000, 0x00000006d6800000|100%| E|CS|TAMS 0x00000006d6400000, 0x00000006d6400000| Complete 
| 344|0x00000006d6800000, 0x00000006d6c00000, 0x00000006d6c00000|100%| E|CS|TAMS 0x00000006d6800000, 0x00000006d6800000| Complete 
| 345|0x00000006d6c00000, 0x00000006d7000000, 0x00000006d7000000|100%| E|CS|TAMS 0x00000006d6c00000, 0x00000006d6c00000| Complete 
| 346|0x00000006d7000000, 0x00000006d7400000, 0x00000006d7400000|100%| E|CS|TAMS 0x00000006d7000000, 0x00000006d7000000| Complete 
| 347|0x00000006d7400000, 0x00000006d7800000, 0x00000006d7800000|100%| E|CS|TAMS 0x00000006d7400000, 0x00000006d7400000| Complete 
| 348|0x00000006d7800000, 0x00000006d7c00000, 0x00000006d7c00000|100%| E|CS|TAMS 0x00000006d7800000, 0x00000006d7800000| Complete 
| 349|0x00000006d7c00000, 0x00000006d8000000, 0x00000006d8000000|100%| E|CS|TAMS 0x00000006d7c00000, 0x00000006d7c00000| Complete 
|1526|0x00000007fe000000, 0x00000007fe400000, 0x00000007fe400000|100%| O|  |TAMS 0x00000007fe000000, 0x00000007fe000000| Untracked 
|1527|0x00000007fe400000, 0x00000007fe800000, 0x00000007fe800000|100%| O|  |TAMS 0x00000007fe400000, 0x00000007fe400000| Untracked 
|1528|0x00000007fe800000, 0x00000007fec00000, 0x00000007fec00000|100%| O|  |TAMS 0x00000007fe800000, 0x00000007fe800000| Untracked 
|1529|0x00000007fec00000, 0x00000007ff000000, 0x00000007ff000000|100%| O|  |TAMS 0x00000007fec00000, 0x00000007fec00000| Untracked 
|1530|0x00000007ff000000, 0x00000007ff400000, 0x00000007ff400000|100%| O|  |TAMS 0x00000007ff000000, 0x00000007ff000000| Untracked 
|1531|0x00000007ff400000, 0x00000007ff800000, 0x00000007ff800000|100%| O|  |TAMS 0x00000007ff400000, 0x00000007ff400000| Untracked 
|1532|0x00000007ff800000, 0x00000007ffc00000, 0x00000007ffc00000|100%| O|  |TAMS 0x00000007ff800000, 0x00000007ff800000| Untracked 
|1533|0x00000007ffc00000, 0x0000000800000000, 0x0000000800000000|100%| O|  |TAMS 0x00000007ffc00000, 0x00000007ffc00000| Untracked 

Card table byte_map: [0x000002122ba20000,0x000002122c620000] _byte_map_base: 0x000002122861c000

Marking Bits (Prev, Next): (CMBitMap*) 0x00000212184c3240, (CMBitMap*) 0x00000212184c3280
 Prev Bits: [0x000002122d220000, 0x0000021233200000)
 Next Bits: [0x0000021233200000, 0x00000212391e0000)

Polling page: 0x00000212165d0000

Metaspace:

Usage:
  Non-class:     16.99 MB used.
      Class:      1.30 MB used.
       Both:     18.29 MB used.

Virtual space:
  Non-class space:       64.00 MB reserved,      17.06 MB ( 27%) committed,  1 nodes.
      Class space:        1.00 GB reserved,       1.38 MB ( <1%) committed,  1 nodes.
             Both:        1.06 GB reserved,      18.44 MB (  2%) committed. 

Chunk freelists:
   Non-Class:  14.77 MB
       Class:  14.64 MB
        Both:  29.40 MB

MaxMetaspaceSize: unlimited
CompressedClassSpaceSize: 1.00 GB
Initial GC threshold: 21.00 MB
Current GC threshold: 21.00 MB
CDS: off
MetaspaceReclaimPolicy: balanced
 - commit_granule_bytes: 65536.
 - commit_granule_words: 8192.
 - virtual_space_node_default_size: 8388608.
 - enlarge_chunks_in_place: 1.
 - new_chunks_are_fully_committed: 0.
 - uncommit_free_chunks: 1.
 - use_allocation_guard: 0.
 - handle_deallocations: 1.


Internal statistics:

num_allocs_failed_limit: 0.
num_arena_births: 76.
num_arena_deaths: 0.
num_vsnodes_births: 2.
num_vsnodes_deaths: 0.
num_space_committed: 293.
num_space_uncommitted: 0.
num_chunks_returned_to_freelist: 0.
num_chunks_taken_from_freelist: 367.
num_chunk_merges: 0.
num_chunk_splits: 269.
num_chunks_enlarged: 217.
num_inconsistent_stats: 0.

CodeHeap 'non-profiled nmethods': size=120000Kb used=2962Kb max_used=2962Kb free=117037Kb
 bounds [0x00000212235c0000, 0x00000212238b0000, 0x000002122aaf0000]
CodeHeap 'profiled nmethods': size=120000Kb used=5343Kb max_used=5343Kb free=114657Kb
 bounds [0x000002121baf0000, 0x000002121c030000, 0x0000021223020000]
CodeHeap 'non-nmethods': size=5760Kb used=1804Kb max_used=1910Kb free=3955Kb
 bounds [0x0000021223020000, 0x0000021223290000, 0x00000212235c0000]
 total_blobs=3832 nmethods=2624 adapters=1121
 compilation: enabled
              stopped_count=0, restarted_count=0
 full_count=0

Compilation events (20 events):
Event: 25.045 Thread 0x000002124008f9f0 2597       3       com.bulletphysics.collision.dispatch.UnionFind::reset (49 bytes)
Event: 25.046 Thread 0x000002124008f9f0 nmethod 2597 0x000002121c00ee10 code [0x000002121c00f000, 0x000002121c00f588]
Event: 25.046 Thread 0x000002124008f9f0 2598       3       com.bulletphysics.collision.dispatch.SimulationIslandManager::storeIslandActivationState (81 bytes)
Event: 25.046 Thread 0x000002124008f9f0 nmethod 2598 0x000002121c00f810 code [0x000002121c00fa00, 0x000002121c010348]
Event: 25.060 Thread 0x000002124958a3d0 nmethod 2558% 0x0000021223885b10 code [0x0000021223885f40, 0x000002122388e000]
Event: 25.060 Thread 0x000002124958a3d0 2599 %     4       com.bulletphysics.collision.shapes.OptimizedBvh::walkStacklessQuantizedTree @ 45 (195 bytes)
Event: 25.072 Thread 0x000002124958a3d0 nmethod 2599% 0x0000021223890510 code [0x00000212238906c0, 0x0000021223890ea8]
Event: 25.072 Thread 0x000002124958a3d0 2592       4       com.bulletphysics.linearmath.MatrixUtil::absolute (100 bytes)
Event: 25.073 Thread 0x000002124958a3d0 nmethod 2592 0x0000021223891310 code [0x00000212238914e0, 0x0000021223891618]
Event: 25.073 Thread 0x000002124958a3d0 2590       4       com.bulletphysics.collision.dispatch.UnionFind::find (79 bytes)
Event: 25.074 Thread 0x000002124958a3d0 nmethod 2590 0x0000021223891690 code [0x0000021223891820, 0x0000021223891978]
Event: 25.074 Thread 0x000002124958a3d0 2600       4       org.lwjgl.opengl.GL11::glBindTexture (6 bytes)
Event: 25.074 Thread 0x000002124958a3d0 nmethod 2600 0x0000021223891b10 code [0x0000021223891ca0, 0x0000021223891d28]
Event: 25.074 Thread 0x000002124958a3d0 2586   !   4       com.bulletphysics.dynamics.constraintsolver.SequentialImpulseConstraintSolver::resolveSingleFrictionCacheFriendly (229 bytes)
Event: 25.090 Thread 0x000002124958a3d0 nmethod 2586 0x0000021223891e10 code [0x00000212238920c0, 0x0000021223893640]
Event: 25.090 Thread 0x000002124958a3d0 2601       4       com.bulletphysics.collision.broadphase.Dbvt::collideTT (493 bytes)
Event: 25.110 Thread 0x000002124008f9f0 2603       3       skybox.SkyboxRenderer::clamp (10 bytes)
Event: 25.110 Thread 0x000002124008f9f0 nmethod 2603 0x000002121c010610 code [0x000002121c0107c0, 0x000002121c010938]
Event: 25.118 Thread 0x000002124008f9f0 2604       3       java.lang.Float::isNaN (12 bytes)
Event: 25.118 Thread 0x000002124008f9f0 nmethod 2604 0x000002121c010a10 code [0x000002121c010ba0, 0x000002121c010d18]

GC Heap History (20 events):
Event: 12.184 GC heap before
{Heap before GC invocations=7 (full 0):
 garbage-first heap   total 393216K, used 287008K [0x0000000680800000, 0x0000000800000000)
  region size 4096K, 57 young (233472K), 3 survivors (12288K)
 Metaspace       used 17001K, committed 17152K, reserved 1114112K
  class space    used 1240K, committed 1344K, reserved 1048576K
}
Event: 12.196 GC heap after
{Heap after GC invocations=8 (full 0):
 garbage-first heap   total 393216K, used 88780K [0x0000000680800000, 0x0000000800000000)
  region size 4096K, 7 young (28672K), 7 survivors (28672K)
 Metaspace       used 17001K, committed 17152K, reserved 1114112K
  class space    used 1240K, committed 1344K, reserved 1048576K
}
Event: 13.893 GC heap before
{Heap before GC invocations=8 (full 0):
 garbage-first heap   total 393216K, used 289484K [0x0000000680800000, 0x0000000800000000)
  region size 4096K, 57 young (233472K), 7 survivors (28672K)
 Metaspace       used 17005K, committed 17152K, reserved 1114112K
  class space    used 1240K, committed 1344K, reserved 1048576K
}
Event: 13.900 GC heap after
{Heap after GC invocations=9 (full 0):
 garbage-first heap   total 393216K, used 81982K [0x0000000680800000, 0x0000000800000000)
  region size 4096K, 3 young (12288K), 3 survivors (12288K)
 Metaspace       used 17005K, committed 17152K, reserved 1114112K
  class space    used 1240K, committed 1344K, reserved 1048576K
}
Event: 14.005 GC heap before
{Heap before GC invocations=9 (full 0):
 garbage-first heap   total 393216K, used 294974K [0x0000000680800000, 0x0000000800000000)
  region size 4096K, 55 young (225280K), 3 survivors (12288K)
 Metaspace       used 17005K, committed 17152K, reserved 1114112K
  class space    used 1240K, committed 1344K, reserved 1048576K
}
Event: 14.011 GC heap after
{Heap after GC invocations=10 (full 0):
 garbage-first heap   total 393216K, used 86561K [0x0000000680800000, 0x0000000800000000)
  region size 4096K, 4 young (16384K), 4 survivors (16384K)
 Metaspace       used 17005K, committed 17152K, reserved 1114112K
  class space    used 1240K, committed 1344K, reserved 1048576K
}
Event: 14.110 GC heap before
{Heap before GC invocations=10 (full 0):
 garbage-first heap   total 393216K, used 299553K [0x0000000680800000, 0x0000000800000000)
  region size 4096K, 56 young (229376K), 4 survivors (16384K)
 Metaspace       used 17005K, committed 17152K, reserved 1114112K
  class space    used 1240K, committed 1344K, reserved 1048576K
}
Event: 14.118 GC heap after
{Heap after GC invocations=11 (full 0):
 garbage-first heap   total 741376K, used 90232K [0x0000000680800000, 0x0000000800000000)
  region size 4096K, 5 young (20480K), 5 survivors (20480K)
 Metaspace       used 17005K, committed 17152K, reserved 1114112K
  class space    used 1240K, committed 1344K, reserved 1048576K
}
Event: 14.439 GC heap before
{Heap before GC invocations=11 (full 0):
 garbage-first heap   total 741376K, used 516216K [0x0000000680800000, 0x0000000800000000)
  region size 4096K, 108 young (442368K), 5 survivors (20480K)
 Metaspace       used 17005K, committed 17152K, reserved 1114112K
  class space    used 1240K, committed 1344K, reserved 1048576K
}
Event: 14.451 GC heap after
{Heap after GC invocations=12 (full 0):
 garbage-first heap   total 741376K, used 102458K [0x0000000680800000, 0x0000000800000000)
  region size 4096K, 7 young (28672K), 7 survivors (28672K)
 Metaspace       used 17005K, committed 17152K, reserved 1114112K
  class space    used 1240K, committed 1344K, reserved 1048576K
}
Event: 14.662 GC heap before
{Heap before GC invocations=12 (full 0):
 garbage-first heap   total 741376K, used 516154K [0x0000000680800000, 0x0000000800000000)
  region size 4096K, 108 young (442368K), 7 survivors (28672K)
 Metaspace       used 17005K, committed 17152K, reserved 1114112K
  class space    used 1240K, committed 1344K, reserved 1048576K
}
Event: 14.679 GC heap after
{Heap after GC invocations=13 (full 0):
 garbage-first heap   total 741376K, used 116449K [0x0000000680800000, 0x0000000800000000)
  region size 4096K, 10 young (40960K), 10 survivors (40960K)
 Metaspace       used 17005K, committed 17152K, reserved 1114112K
  class space    used 1240K, committed 1344K, reserved 1048576K
}
Event: 14.958 GC heap before
{Heap before GC invocations=13 (full 0):
 garbage-first heap   total 741376K, used 538337K [0x0000000680800000, 0x0000000800000000)
  region size 4096K, 108 young (442368K), 10 survivors (40960K)
 Metaspace       used 17005K, committed 17152K, reserved 1114112K
  class space    used 1240K, committed 1344K, reserved 1048576K
}
Event: 15.018 GC heap after
{Heap after GC invocations=14 (full 0):
 garbage-first heap   total 741376K, used 167823K [0x0000000680800000, 0x0000000800000000)
  region size 4096K, 14 young (57344K), 14 survivors (57344K)
 Metaspace       used 17005K, committed 17152K, reserved 1114112K
  class space    used 1240K, committed 1344K, reserved 1048576K
}
Event: 15.292 GC heap before
{Heap before GC invocations=14 (full 0):
 garbage-first heap   total 741376K, used 601999K [0x0000000680800000, 0x0000000800000000)
  region size 4096K, 108 young (442368K), 14 survivors (57344K)
 Metaspace       used 17005K, committed 17152K, reserved 1114112K
  class space    used 1240K, committed 1344K, reserved 1048576K
}
Event: 15.392 GC heap after
{Heap after GC invocations=15 (full 0):
 garbage-first heap   total 1433600K, used 244683K [0x0000000680800000, 0x0000000800000000)
  region size 4096K, 14 young (57344K), 14 survivors (57344K)
 Metaspace       used 17005K, committed 17152K, reserved 1114112K
  class space    used 1240K, committed 1344K, reserved 1048576K
}
Event: 20.516 GC heap before
{Heap before GC invocations=15 (full 0):
 garbage-first heap   total 1433600K, used 1285067K [0x0000000680800000, 0x0000000800000000)
  region size 4096K, 210 young (860160K), 14 survivors (57344K)
 Metaspace       used 17590K, committed 17792K, reserved 1114112K
  class space    used 1289K, committed 1408K, reserved 1048576K
}
Event: 20.619 GC heap after
{Heap after GC invocations=16 (full 0):
 garbage-first heap   total 1466368K, used 593891K [0x0000000680800000, 0x0000000800000000)
  region size 4096K, 27 young (110592K), 27 survivors (110592K)
 Metaspace       used 17590K, committed 17792K, reserved 1114112K
  class space    used 1289K, committed 1408K, reserved 1048576K
}
Event: 22.733 GC heap before
{Heap before GC invocations=16 (full 0):
 garbage-first heap   total 1466368K, used 1212387K [0x0000000680800000, 0x0000000800000000)
  region size 4096K, 177 young (724992K), 27 survivors (110592K)
 Metaspace       used 17939K, committed 18112K, reserved 1114112K
  class space    used 1306K, committed 1408K, reserved 1048576K
}
Event: 22.799 GC heap after
{Heap after GC invocations=17 (full 0):
 garbage-first heap   total 1466368K, used 622592K [0x0000000680800000, 0x0000000800000000)
  region size 4096K, 5 young (20480K), 5 survivors (20480K)
 Metaspace       used 17939K, committed 18112K, reserved 1114112K
  class space    used 1306K, committed 1408K, reserved 1048576K
}

Dll operation events (11 events):
Event: 0.007 Loaded shared library C:\Users\alex\.p2\pool\plugins\org.eclipse.justj.openjdk.hotspot.jre.full.win32.x86_64_17.0.7.v20230425-1502\jre\bin\java.dll
Event: 0.210 Loaded shared library C:\Users\alex\.p2\pool\plugins\org.eclipse.justj.openjdk.hotspot.jre.full.win32.x86_64_17.0.7.v20230425-1502\jre\bin\zip.dll
Event: 0.214 Loaded shared library C:\Users\alex\.p2\pool\plugins\org.eclipse.justj.openjdk.hotspot.jre.full.win32.x86_64_17.0.7.v20230425-1502\jre\bin\instrument.dll
Event: 0.227 Loaded shared library C:\Users\alex\.p2\pool\plugins\org.eclipse.justj.openjdk.hotspot.jre.full.win32.x86_64_17.0.7.v20230425-1502\jre\bin\net.dll
Event: 0.228 Loaded shared library C:\Users\alex\.p2\pool\plugins\org.eclipse.justj.openjdk.hotspot.jre.full.win32.x86_64_17.0.7.v20230425-1502\jre\bin\nio.dll
Event: 0.235 Loaded shared library C:\Users\alex\.p2\pool\plugins\org.eclipse.justj.openjdk.hotspot.jre.full.win32.x86_64_17.0.7.v20230425-1502\jre\bin\zip.dll
Event: 0.328 Loaded shared library C:\Users\alex\.p2\pool\plugins\org.eclipse.justj.openjdk.hotspot.jre.full.win32.x86_64_17.0.7.v20230425-1502\jre\bin\jimage.dll
Event: 0.378 Loaded shared library C:\Users\alex\.p2\pool\plugins\org.eclipse.justj.openjdk.hotspot.jre.full.win32.x86_64_17.0.7.v20230425-1502\jre\bin\verify.dll
Event: 0.484 Loaded shared library C:\Users\alex\AppData\Local\Temp\lwjgl_alex\3.3.4+7\x64\lwjgl.dll
Event: 0.830 Loaded shared library C:\Users\alex\AppData\Local\Temp\lwjgl_alex\3.3.4+7\x64\lwjgl_opengl.dll
Event: 0.935 Loaded shared library C:\Users\alex\AppData\Local\Temp\lwjgl_alex\3.3.4+7\x64\lwjgl_stb.dll

Deoptimization events (20 events):
Event: 24.430 Thread 0x0000021218439430 DEOPT PACKING pc=0x00000212238304d0 sp=0x0000002e13ffee40
Event: 24.430 Thread 0x0000021218439430 DEOPT UNPACKING pc=0x00000212230769a3 sp=0x0000002e13ffee50 mode 2
Event: 24.435 Thread 0x0000021218439430 Uncommon trap: trap_request=0xffffff45 fr.pc=0x000002122384f604 relative=0x0000000000002224
Event: 24.435 Thread 0x0000021218439430 Uncommon trap: reason=unstable_if action=reinterpret pc=0x000002122384f604 method=com.bulletphysics.collision.narrowphase.GjkPairDetector.getClosestPoints(Lcom/bulletphysics/collision/narrowphase/DiscreteCollisionDetectorInterface$ClosestPointInput;Lcom/b
Event: 24.435 Thread 0x0000021218439430 DEOPT PACKING pc=0x000002122384f604 sp=0x0000002e13ffe800
Event: 24.435 Thread 0x0000021218439430 DEOPT UNPACKING pc=0x00000212230769a3 sp=0x0000002e13ffe7d8 mode 2
Event: 24.736 Thread 0x0000021218439430 Uncommon trap: trap_request=0xffffff45 fr.pc=0x0000021223847910 relative=0x0000000000002670
Event: 24.736 Thread 0x0000021218439430 Uncommon trap: reason=unstable_if action=reinterpret pc=0x0000021223847910 method=com.bulletphysics.collision.narrowphase.VoronoiSimplexSolver.closestPtPointTetrahedron(Ljavax/vecmath/Vector3f;Ljavax/vecmath/Vector3f;Ljavax/vecmath/Vector3f;Ljavax/vecmath
Event: 24.736 Thread 0x0000021218439430 DEOPT PACKING pc=0x0000021223847910 sp=0x0000002e13ffe5c0
Event: 24.736 Thread 0x0000021218439430 DEOPT UNPACKING pc=0x00000212230769a3 sp=0x0000002e13ffe590 mode 2
Event: 24.746 Thread 0x0000021218439430 Uncommon trap: trap_request=0xffffffbe fr.pc=0x000002122387c464 relative=0x0000000000003184
Event: 24.746 Thread 0x0000021218439430 Uncommon trap: reason=profile_predicate action=maybe_recompile pc=0x000002122387c464 method=com.bulletphysics.linearmath.MiscUtil.quickSortInternal(Lcom/bulletphysics/util/ObjectArrayList;Ljava/util/Comparator;II)V @ 17 c2
Event: 24.746 Thread 0x0000021218439430 DEOPT PACKING pc=0x000002122387c464 sp=0x0000002e13ffef50
Event: 24.746 Thread 0x0000021218439430 DEOPT UNPACKING pc=0x00000212230769a3 sp=0x0000002e13ffef70 mode 2
Event: 24.746 Thread 0x0000021218439430 Uncommon trap: trap_request=0xffffffbe fr.pc=0x000002122387c464 relative=0x0000000000003184
Event: 24.746 Thread 0x0000021218439430 Uncommon trap: reason=profile_predicate action=maybe_recompile pc=0x000002122387c464 method=com.bulletphysics.linearmath.MiscUtil.quickSortInternal(Lcom/bulletphysics/util/ObjectArrayList;Ljava/util/Comparator;II)V @ 17 c2
Event: 24.746 Thread 0x0000021218439430 DEOPT PACKING pc=0x000002122387c464 sp=0x0000002e13ffee90
Event: 24.746 Thread 0x0000021218439430 DEOPT UNPACKING pc=0x00000212230769a3 sp=0x0000002e13ffeed0 mode 2
Event: 25.078 Thread 0x0000021218439430 DEOPT PACKING pc=0x000002121bf7d66f sp=0x0000002e13ffefa0
Event: 25.078 Thread 0x0000021218439430 DEOPT UNPACKING pc=0x0000021223077143 sp=0x0000002e13ffe4b0 mode 0

Classes unloaded (0 events):
No events

Classes redefined (0 events):
No events

Internal exceptions (20 events):
Event: 0.454 Thread 0x0000021218439430 Exception <a 'java/lang/NoSuchMethodError'{0x0000000697d84658}: 'java.lang.Object java.lang.invoke.DirectMethodHandle$Holder.invokeStatic(java.lang.Object, java.lang.Object, int)'> (0x0000000697d84658) 
thrown [s\src\hotspot\share\interpreter\linkResolver.cpp, line 759]
Event: 0.455 Thread 0x0000021218439430 Exception <a 'java/lang/NoSuchMethodError'{0x0000000697d903c8}: 'void java.lang.invoke.DelegatingMethodHandle$Holder.delegate(java.lang.Object, java.lang.Object, int, java.lang.Object)'> (0x0000000697d903c8) 
thrown [s\src\hotspot\share\interpreter\linkResolver.cpp, line 759]
Event: 0.456 Thread 0x0000021218439430 Exception <a 'java/lang/NoSuchMethodError'{0x0000000697d94400}: 'int java.lang.invoke.DirectMethodHandle$Holder.invokeSpecial(java.lang.Object, java.lang.Object, java.lang.Object)'> (0x0000000697d94400) 
thrown [s\src\hotspot\share\interpreter\linkResolver.cpp, line 759]
Event: 0.488 Thread 0x0000021218439430 Exception <a 'sun/nio/fs/WindowsException'{0x0000000697e567e8}> (0x0000000697e567e8) 
thrown [s\src\hotspot\share\prims\jni.cpp, line 516]
Event: 0.488 Thread 0x0000021218439430 Exception <a 'sun/nio/fs/WindowsException'{0x0000000697e57e00}> (0x0000000697e57e00) 
thrown [s\src\hotspot\share\prims\jni.cpp, line 516]
Event: 0.501 Thread 0x0000021218439430 Exception <a 'sun/nio/fs/WindowsException'{0x0000000697ed78e8}> (0x0000000697ed78e8) 
thrown [s\src\hotspot\share\prims\jni.cpp, line 516]
Event: 0.501 Thread 0x0000021218439430 Exception <a 'sun/nio/fs/WindowsException'{0x0000000697ed7c40}> (0x0000000697ed7c40) 
thrown [s\src\hotspot\share\prims\jni.cpp, line 516]
Event: 0.506 Thread 0x0000021218439430 Exception <a 'java/lang/NoSuchMethodError'{0x0000000697f77178}: 'java.lang.Object java.lang.invoke.DirectMethodHandle$Holder.invokeStaticInit(java.lang.Object)'> (0x0000000697f77178) 
thrown [s\src\hotspot\share\interpreter\linkResolver.cpp, line 759]
Event: 0.510 Thread 0x0000021218439430 Exception <a 'java/lang/NoSuchMethodError'{0x0000000697fc77e0}: 'int java.lang.invoke.DirectMethodHandle$Holder.invokeStaticInit(java.lang.Object, java.lang.Object, int, long)'> (0x0000000697fc77e0) 
thrown [s\src\hotspot\share\interpreter\linkResolver.cpp, line 759]
Event: 0.510 Thread 0x0000021218439430 Exception <a 'java/lang/NoSuchMethodError'{0x0000000697fcd0a8}: 'java.lang.Object java.lang.invoke.DirectMethodHandle$Holder.newInvokeSpecial(java.lang.Object, java.lang.Object, int)'> (0x0000000697fcd0a8) 
thrown [s\src\hotspot\share\interpreter\linkResolver.cpp, line 759]
Event: 0.512 Thread 0x0000021218439430 Exception <a 'java/lang/NoSuchMethodError'{0x0000000697fe6fb0}: 'int java.lang.invoke.DirectMethodHandle$Holder.invokeStaticInit(java.lang.Object, java.lang.Object, long, long)'> (0x0000000697fe6fb0) 
thrown [s\src\hotspot\share\interpreter\linkResolver.cpp, line 759]
Event: 0.512 Thread 0x0000021218439430 Exception <a 'java/lang/NoSuchMethodError'{0x0000000697fed0c0}: 'java.lang.Object java.lang.invoke.DirectMethodHandle$Holder.newInvokeSpecial(java.lang.Object, java.lang.Object, long)'> (0x0000000697fed0c0) 
thrown [s\src\hotspot\share\interpreter\linkResolver.cpp, line 759]
Event: 0.513 Thread 0x0000021218439430 Exception <a 'java/lang/NoSuchMethodError'{0x0000000697ff13b0}: 'java.lang.Object java.lang.invoke.Invokers$Holder.linkToTargetMethod(java.lang.Object, long, java.lang.Object)'> (0x0000000697ff13b0) 
thrown [s\src\hotspot\share\interpreter\linkResolver.cpp, line 759]
Event: 0.514 Thread 0x0000021218439430 Exception <a 'java/lang/NoSuchMethodError'{0x0000000697ff8ac8}: 'int java.lang.invoke.DirectMethodHandle$Holder.invokeStaticInit(java.lang.Object, java.lang.Object, java.lang.Object, long)'> (0x0000000697ff8ac8) 
thrown [s\src\hotspot\share\interpreter\linkResolver.cpp, line 759]
Event: 0.828 Thread 0x0000021218439430 Exception <a 'sun/nio/fs/WindowsException'{0x0000000697a21370}> (0x0000000697a21370) 
thrown [s\src\hotspot\share\prims\jni.cpp, line 516]
Event: 0.828 Thread 0x0000021218439430 Exception <a 'sun/nio/fs/WindowsException'{0x0000000697a21700}> (0x0000000697a21700) 
thrown [s\src\hotspot\share\prims\jni.cpp, line 516]
Event: 0.833 Thread 0x0000021218439430 Exception <a 'sun/nio/fs/WindowsException'{0x0000000697a31330}> (0x0000000697a31330) 
thrown [s\src\hotspot\share\prims\jni.cpp, line 516]
Event: 0.833 Thread 0x0000021218439430 Exception <a 'sun/nio/fs/WindowsException'{0x0000000697a31600}> (0x0000000697a31600) 
thrown [s\src\hotspot\share\prims\jni.cpp, line 516]
Event: 0.934 Thread 0x0000021218439430 Exception <a 'sun/nio/fs/WindowsException'{0x0000000698731b20}> (0x0000000698731b20) 
thrown [s\src\hotspot\share\prims\jni.cpp, line 516]
Event: 0.934 Thread 0x0000021218439430 Exception <a 'sun/nio/fs/WindowsException'{0x0000000698731e90}> (0x0000000698731e90) 
thrown [s\src\hotspot\share\prims\jni.cpp, line 516]

VM Operations (20 events):
Event: 17.640 Executing VM operation: HandshakeAllThreads
Event: 17.640 Executing VM operation: HandshakeAllThreads done
Event: 18.649 Executing VM operation: Cleanup
Event: 18.649 Executing VM operation: Cleanup done
Event: 19.663 Executing VM operation: Cleanup
Event: 19.663 Executing VM operation: Cleanup done
Event: 20.125 Executing VM operation: HandshakeAllThreads
Event: 20.125 Executing VM operation: HandshakeAllThreads done
Event: 20.516 Executing VM operation: G1CollectForAllocation
Event: 20.619 Executing VM operation: G1CollectForAllocation done
Event: 22.630 Executing VM operation: Cleanup
Event: 22.630 Executing VM operation: Cleanup done
Event: 22.733 Executing VM operation: G1CollectForAllocation
Event: 22.799 Executing VM operation: G1CollectForAllocation done
Event: 23.069 Executing VM operation: HandshakeAllThreads
Event: 23.069 Executing VM operation: HandshakeAllThreads done
Event: 24.082 Executing VM operation: Cleanup
Event: 24.082 Executing VM operation: Cleanup done
Event: 25.089 Executing VM operation: Cleanup
Event: 25.089 Executing VM operation: Cleanup done

Events (20 events):
Event: 17.239 Thread 0x000002124958a8e0 Thread exited: 0x000002124958a8e0
Event: 17.340 Thread 0x000002124958adf0 Thread exited: 0x000002124958adf0
Event: 20.066 Thread 0x00000212495899b0 Thread added: 0x00000212495899b0
Event: 20.069 Thread 0x000002124958a3d0 Thread added: 0x000002124958a3d0
Event: 21.695 Thread 0x000002124958a3d0 Thread exited: 0x000002124958a3d0
Event: 22.525 Thread 0x00000212495899b0 Thread exited: 0x00000212495899b0
Event: 22.582 Thread 0x000002124958a3d0 Thread added: 0x000002124958a3d0
Event: 22.696 loading class jdk/internal/util/random/RandomSupport
Event: 22.696 loading class jdk/internal/util/random/RandomSupport done
Event: 22.696 loading class java/lang/StrictMath
Event: 22.696 loading class java/lang/StrictMath done
Event: 22.943 Thread 0x000002124958a3d0 Thread exited: 0x000002124958a3d0
Event: 23.053 loading class java/util/Stack
Event: 23.053 loading class java/util/Stack done
Event: 23.101 Thread 0x000002124958a3d0 Thread added: 0x000002124958a3d0
Event: 23.475 Thread 0x000002124958a8e0 Thread added: 0x000002124958a8e0
Event: 23.682 Thread 0x000002124958a8e0 Thread exited: 0x000002124958a8e0
Event: 23.801 Thread 0x00000212495899b0 Thread added: 0x00000212495899b0
Event: 23.988 Thread 0x00000212495899b0 Thread exited: 0x00000212495899b0
Event: 24.742 Thread 0x00000212495899b0 Thread added: 0x00000212495899b0


Dynamic libraries:
0x00007ff6370c0000 - 0x00007ff6370ce000 	C:\Users\alex\.p2\pool\plugins\org.eclipse.justj.openjdk.hotspot.jre.full.win32.x86_64_17.0.7.v20230425-1502\jre\bin\javaw.exe
0x00007ff98bc10000 - 0x00007ff98be08000 	C:\WINDOWS\SYSTEM32\ntdll.dll
0x00007ff98ac00000 - 0x00007ff98acc2000 	C:\WINDOWS\System32\KERNEL32.DLL
0x00007ff9899c0000 - 0x00007ff989cb6000 	C:\WINDOWS\System32\KERNELBASE.dll
0x00007ff9893e0000 - 0x00007ff9894e0000 	C:\WINDOWS\System32\ucrtbase.dll
0x00007ff970610000 - 0x00007ff970627000 	C:\Users\alex\.p2\pool\plugins\org.eclipse.justj.openjdk.hotspot.jre.full.win32.x86_64_17.0.7.v20230425-1502\jre\bin\jli.dll
0x00007ff96ffb0000 - 0x00007ff96ffc9000 	C:\Users\alex\.p2\pool\plugins\org.eclipse.justj.openjdk.hotspot.jre.full.win32.x86_64_17.0.7.v20230425-1502\jre\bin\VCRUNTIME140.dll
0x00007ff98b950000 - 0x00007ff98baf1000 	C:\WINDOWS\System32\USER32.dll
0x00007ff9742b0000 - 0x00007ff97454b000 	C:\WINDOWS\WinSxS\amd64_microsoft.windows.common-controls_6595b64144ccf1df_6.0.19041.6456_none_60b8a6cb71f64256\COMCTL32.dll
0x00007ff989990000 - 0x00007ff9899b2000 	C:\WINDOWS\System32\win32u.dll
0x00007ff98b4e0000 - 0x00007ff98b57e000 	C:\WINDOWS\System32\msvcrt.dll
0x00007ff98b380000 - 0x00007ff98b3ab000 	C:\WINDOWS\System32\GDI32.dll
0x00007ff989790000 - 0x00007ff9898a9000 	C:\WINDOWS\System32\gdi32full.dll
0x00007ff9896f0000 - 0x00007ff98978d000 	C:\WINDOWS\System32\msvcp_win.dll
0x00007ff98b210000 - 0x00007ff98b23f000 	C:\WINDOWS\System32\IMM32.DLL
0x00007ff983cc0000 - 0x00007ff983ccc000 	C:\Users\alex\.p2\pool\plugins\org.eclipse.justj.openjdk.hotspot.jre.full.win32.x86_64_17.0.7.v20230425-1502\jre\bin\vcruntime140_1.dll
0x00007ff955160000 - 0x00007ff9551f1000 	C:\Users\alex\.p2\pool\plugins\org.eclipse.justj.openjdk.hotspot.jre.full.win32.x86_64_17.0.7.v20230425-1502\jre\bin\msvcp140.dll
0x00007ff8f5d10000 - 0x00007ff8f6958000 	C:\Users\alex\.p2\pool\plugins\org.eclipse.justj.openjdk.hotspot.jre.full.win32.x86_64_17.0.7.v20230425-1502\jre\bin\server\jvm.dll
0x00007ff98b030000 - 0x00007ff98b0e1000 	C:\WINDOWS\System32\ADVAPI32.dll
0x00007ff98b660000 - 0x00007ff98b6ff000 	C:\WINDOWS\System32\sechost.dll
0x00007ff98acd0000 - 0x00007ff98adf0000 	C:\WINDOWS\System32\RPCRT4.dll
0x00007ff989560000 - 0x00007ff989587000 	C:\WINDOWS\System32\bcrypt.dll
0x00007ff979f10000 - 0x00007ff979f37000 	C:\WINDOWS\SYSTEM32\WINMM.dll
0x00007ff8fac00000 - 0x00007ff8fac09000 	C:\WINDOWS\SYSTEM32\WSOCK32.dll
0x00007ff9811f0000 - 0x00007ff9811fa000 	C:\WINDOWS\SYSTEM32\VERSION.dll
0x00007ff98b2f0000 - 0x00007ff98b35b000 	C:\WINDOWS\System32\WS2_32.dll
0x00007ff987180000 - 0x00007ff987192000 	C:\WINDOWS\SYSTEM32\kernel.appcore.dll
0x00007ff8fabf0000 - 0x00007ff8fabfa000 	C:\Users\alex\.p2\pool\plugins\org.eclipse.justj.openjdk.hotspot.jre.full.win32.x86_64_17.0.7.v20230425-1502\jre\bin\jimage.dll
0x00007ff976980000 - 0x00007ff976b81000 	C:\WINDOWS\SYSTEM32\DBGHELP.DLL
0x00007ff950030000 - 0x00007ff950064000 	C:\WINDOWS\SYSTEM32\dbgcore.DLL
0x00007ff9898b0000 - 0x00007ff989932000 	C:\WINDOWS\System32\bcryptPrimitives.dll
0x00007ff96fe80000 - 0x00007ff96febb000 	C:\Users\alex\.p2\pool\plugins\org.eclipse.justj.openjdk.hotspot.jre.full.win32.x86_64_17.0.7.v20230425-1502\jre\bin\jdwp.dll
0x00007ff970700000 - 0x00007ff97070e000 	C:\Users\alex\.p2\pool\plugins\org.eclipse.justj.openjdk.hotspot.jre.full.win32.x86_64_17.0.7.v20230425-1502\jre\bin\instrument.dll
0x00007ff8fabc0000 - 0x00007ff8fabe5000 	C:\Users\alex\.p2\pool\plugins\org.eclipse.justj.openjdk.hotspot.jre.full.win32.x86_64_17.0.7.v20230425-1502\jre\bin\java.dll
0x00007ff8faba0000 - 0x00007ff8fabb8000 	C:\Users\alex\.p2\pool\plugins\org.eclipse.justj.openjdk.hotspot.jre.full.win32.x86_64_17.0.7.v20230425-1502\jre\bin\zip.dll
0x00007ff989cc0000 - 0x00007ff98a430000 	C:\WINDOWS\System32\SHELL32.dll
0x00007ff987380000 - 0x00007ff987b25000 	C:\WINDOWS\SYSTEM32\windows.storage.dll
0x00007ff98a8a0000 - 0x00007ff98abf4000 	C:\WINDOWS\System32\combase.dll
0x00007ff988c80000 - 0x00007ff988cab000 	C:\WINDOWS\SYSTEM32\Wldp.dll
0x00007ff98bb00000 - 0x00007ff98bbcd000 	C:\WINDOWS\System32\OLEAUT32.dll
0x00007ff98b240000 - 0x00007ff98b2ed000 	C:\WINDOWS\System32\SHCORE.dll
0x00007ff98b890000 - 0x00007ff98b8eb000 	C:\WINDOWS\System32\shlwapi.dll
0x00007ff989260000 - 0x00007ff989284000 	C:\WINDOWS\SYSTEM32\profapi.dll
0x00007ff9611e0000 - 0x00007ff9611ec000 	C:\Users\alex\.p2\pool\plugins\org.eclipse.justj.openjdk.hotspot.jre.full.win32.x86_64_17.0.7.v20230425-1502\jre\bin\dt_socket.dll
0x00007ff988710000 - 0x00007ff98874b000 	C:\WINDOWS\SYSTEM32\IPHLPAPI.DLL
0x00007ff988a60000 - 0x00007ff988aca000 	C:\WINDOWS\system32\mswsock.dll
0x00007ff988750000 - 0x00007ff98881a000 	C:\WINDOWS\SYSTEM32\DNSAPI.dll
0x00007ff98b020000 - 0x00007ff98b028000 	C:\WINDOWS\System32\NSI.dll
0x000000006abd0000 - 0x000000006ac05000 	C:\Program Files\Bonjour\mdnsNSP.dll
0x00007ff979070000 - 0x00007ff97907a000 	C:\Windows\System32\rasadhlp.dll
0x00007ff978800000 - 0x00007ff978880000 	C:\WINDOWS\System32\fwpuclnt.dll
0x00007ff956fd0000 - 0x00007ff956fe9000 	C:\Users\alex\.p2\pool\plugins\org.eclipse.justj.openjdk.hotspot.jre.full.win32.x86_64_17.0.7.v20230425-1502\jre\bin\net.dll
0x00007ff981770000 - 0x00007ff98187a000 	C:\WINDOWS\SYSTEM32\WINHTTP.dll
0x00007ff956fb0000 - 0x00007ff956fc5000 	C:\Users\alex\.p2\pool\plugins\org.eclipse.justj.openjdk.hotspot.jre.full.win32.x86_64_17.0.7.v20230425-1502\jre\bin\nio.dll
0x00007ff956dd0000 - 0x00007ff956de0000 	C:\Users\alex\.p2\pool\plugins\org.eclipse.justj.openjdk.hotspot.jre.full.win32.x86_64_17.0.7.v20230425-1502\jre\bin\verify.dll
0x00007ff9546b0000 - 0x00007ff95472b000 	C:\Users\alex\AppData\Local\Temp\lwjgl_alex\3.3.4+7\x64\lwjgl.dll
0x00007ff94e410000 - 0x00007ff94e495000 	C:\Users\alex\AppData\Local\Temp\lwjgl_alex\3.3.4+7\x64\glfw.dll
0x00007ff955560000 - 0x00007ff9555a5000 	C:\WINDOWS\SYSTEM32\dinput8.dll
0x00007ff9554a0000 - 0x00007ff9554b1000 	C:\WINDOWS\SYSTEM32\xinput1_4.dll
0x00007ff989940000 - 0x00007ff98998e000 	C:\WINDOWS\System32\cfgmgr32.dll
0x00007ff9890c0000 - 0x00007ff9890f3000 	C:\WINDOWS\SYSTEM32\DEVOBJ.dll
0x00007ff986e80000 - 0x00007ff986eae000 	C:\WINDOWS\SYSTEM32\dwmapi.dll
0x00007ff97e170000 - 0x00007ff97e2c2000 	C:\WINDOWS\SYSTEM32\inputhost.dll
0x00007ff985fb0000 - 0x00007ff9860a2000 	C:\WINDOWS\SYSTEM32\CoreMessaging.dll
0x00007ff984fe0000 - 0x00007ff985137000 	C:\WINDOWS\SYSTEM32\wintypes.dll
0x00007ff984260000 - 0x00007ff9845bb000 	C:\WINDOWS\SYSTEM32\CoreUIComponents.dll
0x00007ff984e50000 - 0x00007ff984f44000 	C:\WINDOWS\SYSTEM32\PROPSYS.dll
0x00007ff988580000 - 0x00007ff9885b3000 	C:\WINDOWS\SYSTEM32\ntmarta.dll
0x00007ff986bf0000 - 0x00007ff986c8e000 	C:\WINDOWS\system32\uxtheme.dll
0x00007ff98b0f0000 - 0x00007ff98b205000 	C:\WINDOWS\System32\MSCTF.dll
0x00007ff8faa70000 - 0x00007ff8fab98000 	C:\WINDOWS\SYSTEM32\opengl32.dll
0x00007ff9553b0000 - 0x00007ff9553dc000 	C:\WINDOWS\SYSTEM32\GLU32.dll
0x00007ff98b700000 - 0x00007ff98b7a9000 	C:\WINDOWS\System32\clbcatq.dll
0x00007ff8f22c0000 - 0x00007ff8f527f000 	C:\WINDOWS\System32\DriverStore\FileRepository\nvgbdi.inf_amd64_4a2574804558c4b2\nvoglv64.dll
0x00007ff98a430000 - 0x00007ff98a8a0000 	C:\WINDOWS\System32\SETUPAPI.dll
0x00007ff98b3b0000 - 0x00007ff98b4db000 	C:\WINDOWS\System32\ole32.dll
0x00007ff9845c0000 - 0x00007ff9845d4000 	C:\WINDOWS\SYSTEM32\WTSAPI32.dll
0x00007ff988bf0000 - 0x00007ff988bfc000 	C:\WINDOWS\SYSTEM32\CRYPTBASE.DLL
0x00007ff988ef0000 - 0x00007ff988f02000 	C:\WINDOWS\SYSTEM32\msasn1.dll
0x00007ff9811b0000 - 0x00007ff9811e1000 	C:\WINDOWS\SYSTEM32\cryptnet.dll
0x00007ff989590000 - 0x00007ff9896ed000 	C:\WINDOWS\System32\CRYPT32.dll
0x00007ff97e020000 - 0x00007ff97e167000 	C:\WINDOWS\SYSTEM32\drvstore.dll
0x00007ff9894e0000 - 0x00007ff989553000 	C:\WINDOWS\System32\WINTRUST.dll
0x00007ff984730000 - 0x00007ff98476b000 	C:\WINDOWS\SYSTEM32\dxcore.dll
0x00007ff912af0000 - 0x00007ff912db5000 	C:\WINDOWS\system32\nvspcap64.dll
0x00007ff988880000 - 0x00007ff9888cb000 	C:\WINDOWS\SYSTEM32\powrprof.dll
0x00007ff9886f0000 - 0x00007ff988702000 	C:\WINDOWS\SYSTEM32\UMPDC.dll
0x00007ff987fa0000 - 0x00007ff988003000 	C:\WINDOWS\SYSTEM32\WINSTA.dll
0x00007ff97e2d0000 - 0x00007ff97e3c9000 	C:\WINDOWS\SYSTEM32\textinputframework.dll
0x00007ff94e3a0000 - 0x00007ff94e401000 	C:\Users\alex\AppData\Local\Temp\lwjgl_alex\3.3.4+7\x64\lwjgl_opengl.dll
0x00007ff9372f0000 - 0x00007ff937390000 	C:\Users\alex\AppData\Local\Temp\lwjgl_alex\3.3.4+7\x64\lwjgl_stb.dll

dbghelp: loaded successfully - version: 4.0.5 - missing functions: none
symbol engine: initialized successfully - sym options: 0x614 - pdb path: .;C:\Users\alex\.p2\pool\plugins\org.eclipse.justj.openjdk.hotspot.jre.full.win32.x86_64_17.0.7.v20230425-1502\jre\bin;C:\WINDOWS\SYSTEM32;C:\WINDOWS\WinSxS\amd64_microsoft.windows.common-controls_6595b64144ccf1df_6.0.19041.6456_none_60b8a6cb71f64256;C:\Users\alex\.p2\pool\plugins\org.eclipse.justj.openjdk.hotspot.jre.full.win32.x86_64_17.0.7.v20230425-1502\jre\bin\server;C:\Program Files\Bonjour;C:\Users\alex\AppData\Local\Temp\lwjgl_alex\3.3.4+7\x64;C:\WINDOWS\System32\DriverStore\FileRepository\nvgbdi.inf_amd64_4a2574804558c4b2

VM Arguments:
jvm_args: -XX:+ShowCodeDetailsInExceptionMessages -agentlib:jdwp=transport=dt_socket,suspend=y,address=localhost:1677 -javaagent:D:\Eclipse\eclipse\configuration\org.eclipse.osgi\231\0\.cp\lib\javaagent-shaded.jar -Dfile.encoding=UTF-8 
java_command: main.Main
java_class_path (initial): D:\Code Space\Java\CurrentRenderingPipeline\bin;D:\Code Space\Java\CurrentRenderingPipeline\lib\jars\jbullet.jar;D:\Code Space\Java\CurrentRenderingPipeline\lib\jars\jinput-2.0.10.jar;D:\Code Space\Java\CurrentRenderingPipeline\lib\jars\joml-1.10.7.jar;D:\Code Space\Java\CurrentRenderingPipeline\lib\jars\joml-1.10.7-javadoc.jar;D:\Code Space\Java\CurrentRenderingPipeline\lib\jars\joml-1.10.7-sources.jar;D:\Code Space\Java\CurrentRenderingPipeline\lib\jars\lwjgl_util.jar;D:\Code Space\Java\CurrentRenderingPipeline\lib\jars\lwjgl.jar;D:\Code Space\Java\CurrentRenderingPipeline\lib\jars\lwjgl-assimp.jar;D:\Code Space\Java\CurrentRenderingPipeline\lib\jars\lwjgl-assimp-javadoc.jar;D:\Code Space\Java\CurrentRenderingPipeline\lib\jars\lwjgl-assimp-natives-windows.jar;D:\Code Space\Java\CurrentRenderingPipeline\lib\jars\lwjgl-assimp-sources.jar;D:\Code Space\Java\CurrentRenderingPipeline\lib\jars\lwjgl-glfw.jar;D:\Code Space\Java\CurrentRenderingPipeline\lib\jars\lwjgl-glfw-javadoc.jar;D:\Code Space\Java\CurrentRenderingPipeline\lib\jars\lwjgl-glfw-natives-windows.jar;D:\Code Space\Java\CurrentRenderingPipeline\lib\jars\lwjgl-glfw-sources.jar;D:\Code Space\Java\CurrentRenderingPipeline\lib\jars\lwjgl-javadoc.jar;D:\Code Space\Java\CurrentRenderingPipeline\lib\jars\lwjgl-natives-windows.jar;D:\Code Space\Java\CurrentRenderingPipeline\lib\jars\lwjgl-openal.jar;D:\Code Space\Java\CurrentRenderingPipeline\lib\jars\lwjgl-openal-javadoc.jar;D:\Code Space\Java\CurrentRenderingPipeline\lib\jars\lwjgl-openal-natives-windows.jar;D:\Code Space\Java\CurrentRenderingPipeline\lib\jars\lwjgl-openal-sources.jar;D:\Code Space\Java\CurrentRenderingPipeline\lib\jars\lwjgl-opengl.jar;D:\Code Space\Java\CurrentRenderingPipeline\lib\jars\lwjgl-opengl-javadoc.jar;D:\Code Space\Java\CurrentRenderingPipeline\lib\jars\lwjgl-opengl-natives-windows.jar;D:\Code Space\Java\CurrentRenderingPipeline\lib\jars\lwjgl-opengl-sources.jar;D:\Code Space\Java\CurrentRenderingPipeline
Launcher Type: SUN_STANDARD

[Global flags]
     intx CICompilerCount                          = 4                                         {product} {ergonomic}
     uint ConcGCThreads                            = 2                                         {product} {ergonomic}
     uint G1ConcRefinementThreads                  = 8                                         {product} {ergonomic}
   size_t G1HeapRegionSize                         = 4194304                                   {product} {ergonomic}
    uintx GCDrainStackTargetSize                   = 64                                        {product} {ergonomic}
   size_t InitialHeapSize                          = 402653184                                 {product} {ergonomic}
   size_t MarkStackSize                            = 4194304                                   {product} {ergonomic}
   size_t MaxHeapSize                              = 6434062336                                {product} {ergonomic}
   size_t MaxNewSize                               = 3858759680                                {product} {ergonomic}
   size_t MinHeapDeltaBytes                        = 4194304                                   {product} {ergonomic}
   size_t MinHeapSize                              = 8388608                                   {product} {ergonomic}
    uintx NonNMethodCodeHeapSize                   = 5839372                                {pd product} {ergonomic}
    uintx NonProfiledCodeHeapSize                  = 122909434                              {pd product} {ergonomic}
    uintx ProfiledCodeHeapSize                     = 122909434                              {pd product} {ergonomic}
    uintx ReservedCodeCacheSize                    = 251658240                              {pd product} {ergonomic}
     bool SegmentedCodeCache                       = true                                      {product} {ergonomic}
     bool ShowCodeDetailsInExceptionMessages       = true                                   {manageable} {command line}
   size_t SoftMaxHeapSize                          = 6434062336                             {manageable} {ergonomic}
     bool UseCompressedClassPointers               = true                           {product lp64_product} {ergonomic}
     bool UseCompressedOops                        = true                           {product lp64_product} {ergonomic}
     bool UseG1GC                                  = true                                      {product} {ergonomic}
     bool UseLargePagesIndividualAllocation        = false                                  {pd product} {ergonomic}

Logging:
Log output configuration:
 #0: stdout all=warning uptime,level,tags
 #1: stderr all=off uptime,level,tags

Environment Variables:
JAVA_HOME=C:\Program Files\Java\jre1.8.0_281\lib
CLASSPATH=C:\Users\Sunbond\Documents\apache-tomcat-8.5.65\lib\servlet-api.jar
PATH=C:\Users\alex\.p2\pool\plugins\org.eclipse.justj.openjdk.hotspot.jre.full.win32.x86_64_17.0.7.v20230425-1502\jre\bin;C:/Users/alex/.p2/pool/plugins/org.eclipse.justj.openjdk.hotspot.jre.full.win32.x86_64_17.0.7.v20230425-1502/jre/bin/server;C:/Users/alex/.p2/pool/plugins/org.eclipse.justj.openjdk.hotspot.jre.full.win32.x86_64_17.0.7.v20230425-1502/jre/bin;C:\Python312\Scripts\;C:\Python312\;C:\Program Files\Eclipse Adoptium\jdk-21.0.1.12-hotspot\bin;C:\Python311\Scripts\;C:\Python311\;C:\Program Files\Zulu\zulu-17\bin\;C:\Program Files\Eclipse Foundation\jdk-8.0.302.8-hotspot\bin;C:\PROGRAM FILES (X86)\COMMON FILES\ORACLE\JAVA\JAVAPATH;C:\WINDOWS\SYSTEM32;C:\WINDOWS;C:\WINDOWS\SYSTEM32\WBEM;C:\WINDOWS\SYSTEM32\WINDOWSPOWERSHELL\V1.0\;C:\WINDOWS\SYSTEM32\OPENSSH\;C:\PROGRAM FILES\NVIDIA CORPORATION\NVIDIA NVDLISR;C:\PROGRAM FILES (X86)\NVIDIA CORPORATION\PHYSX\COMMON;C:\PROGRAM FILES\DOTNET\;C:\USERDATA\GIT\CMD;C:\PROGRAM FILES\MICROSOFT SQL SERVER\130\TOOLS\BINN\;C:\PROGRAM FILES\MICROSOFT SQL SERVER\CLIENT SDK\ODBC\170\TOOLS\BINN\;C:\PROGRAM FILES\AZURE DATA STUDIO\BIN;C:\PROGRAM FILES (X86)\MICROSOFT SQL SERVER\150\DTS\BINN\;C:\PROGRAM FILES (X86)\MICROSOFT SQL SERVER\150\TOOLS\BINN\;C:\PROGRAM FILES\MICROSOFT SQL SERVER\150\TOOLS\BINN\;C:\PROGRAM FILES\MICROSOFT SQL SERVER\150\DTS\BINN\;C:\PROGRAM FILES\MICROSOFT SQL SERVER\120\TOOLS\BINN\;C:\MAMP\BIN\PHP\PHP7.4.1\PHP.EXE;C:\MAMP\BIN\PHP\PHP7.4.1\;C:\ProgramData\chocolatey\bin;C:\UserData\Git\cmd;C:\Program Files\sfdx\bin;C:\Program Files\Java\jdk1.8.0_281\lib;C:\Program Files\Java\jre1.8.0_281\lib;C:\MinGW\bin;D:\Code Space\NodeJS\;D:\Android Studio\SDKs\platform-tools;D:\Android Studio\SDKs\emulator;;C:\Program Files\Docker\Docker\resources\bin;C:\Users\alex\AppData\Local\Microsoft\WindowsApps;C:\Users\alex\AppData\Local\Programs\Microsoft VS Code\bin;C:\Users\alex\AppData\Local\GitHubDesktop\bin;C:\Users\alex\.dotnet\tools;C:\Program Files\Java\jre1.8.0_281\lib;C:\Program Files\Java\jdk1.8.0_281\lib;C:\MinGW
USERNAME=alex
OS=Windows_NT
PROCESSOR_IDENTIFIER=Intel64 Family 6 Model 158 Stepping 9, GenuineIntel
TMP=C:\Users\alex\AppData\Local\Temp
TEMP=C:\Users\alex\AppData\Local\Temp



---------------  S Y S T E M  ---------------

OS:
 Windows 10 , 64 bit Build 19041 (10.0.19041.5915)
OS uptime: 0 days 2:23 hours
Hyper-V role detected

CPU: total 8 (initial active 8) (4 cores per cpu, 2 threads per core) family 6 model 158 stepping 9 microcode 0xb4, cx8, cmov, fxsr, ht, mmx, 3dnowpref, sse, sse2, sse3, ssse3, sse4.1, sse4.2, popcnt, lzcnt, tsc, tscinvbit, avx, avx2, aes, erms, clmul, bmi1, bmi2, rtm, adx, fma, vzeroupper, clflush, clflushopt, hv

Memory: 4k page, system-wide physical 24540M (9601M free)
TotalPageFile size 63452M (AvailPageFile size 30071M)
current process WorkingSet (physical memory assigned to process): 1669M, peak: 1744M
current process commit charge ("private bytes"): 8498M, peak: 8763M

vm_info: OpenJDK 64-Bit Server VM (17.0.7+7) for windows-amd64 JRE (17.0.7+7), built on Apr 18 2023 22:10:42 by "temurin" with MS VC++ 16.7 (VS2019)

END.
