# Blender v2.79 (sub 0) OBJ File: ''
# www.blender.org
o CavePlatform2-2
v -12.413000 -4.883337 -20.601000
v -13.249000 -5.507637 -19.400000
v -14.188000 -4.608297 -20.509001
v -15.262000 -5.446387 -19.091999
v -15.720000 -3.564197 -20.274000
v -14.557000 -3.175197 -20.750999
v -13.200000 -3.177397 -21.035999
v -11.331000 -5.565247 -19.188999
v -12.952000 -5.668137 -17.281000
v -16.014000 -5.869007 -16.893002
v -16.881001 -5.139987 -18.382000
v -16.714001 -4.186397 -19.233999
v -15.026000 -2.540897 -20.361000
v -15.684000 -1.518197 -20.124001
v -16.832001 -2.424397 -19.187000
v -14.286000 -1.843897 -20.656000
v -12.022000 -1.900697 -20.815001
v -13.133000 -1.578197 -20.833000
v -11.584000 -3.477397 -20.778000
v -11.108000 -4.516897 -20.372000
v -10.533000 -5.679627 -17.451000
v -9.517000 -5.408397 -18.687000
v -9.950000 -4.296297 -19.909000
v -10.149000 -5.681238 -15.158001
v -14.027000 -5.673928 -14.475001
v -16.729000 -5.705688 -14.909001
v -18.020000 -5.608057 -16.341999
v -17.750000 -5.346237 -17.680000
v -17.827999 -3.683897 -18.228001
v -16.711000 -0.540097 -19.191000
v -15.949000 0.590903 -19.867001
v -14.621000 0.065003 -20.503000
v -13.611000 -0.652097 -20.663000
v -12.534000 -0.243197 -20.850000
v -11.344000 -0.650997 -20.517000
v -10.538000 -2.269497 -20.073999
v -10.811000 -3.656497 -20.249001
v -8.759000 -2.936197 -19.294001
v -8.798000 -4.451396 -19.190001
v -8.775000 -5.721747 -17.209000
v -8.030000 -5.270117 -18.635000
v -16.809999 -5.677988 -12.039001
v -18.502001 -5.718307 -14.746001
v -10.880000 -5.678278 -10.576001
v -6.381000 -5.681238 -13.686001
v -7.621000 -5.704438 -15.856001
v -6.938000 -5.356357 -17.403999
v -7.033000 -4.512997 -18.604000
v -7.868000 -4.128597 -19.103001
v -7.270000 -3.116497 -18.593000
v -6.000000 -3.961697 -18.091999
v -6.200000 -5.634727 -15.955001
v -5.422000 -5.355767 -17.226999
v -6.014000 -5.678129 -9.707001
v -3.433000 -5.678918 -11.752001
v -4.907000 -5.645728 -15.736001
v -3.780000 -5.590737 -17.253000
v -4.635000 -4.465297 -18.343000
v -2.925000 -5.688978 -14.776001
v -1.952000 -5.678099 -8.054001
v -7.827000 -5.678319 -4.367601
v -12.548000 -5.678649 -6.286001
v -14.831000 -5.678059 -8.555001
v -0.252000 -5.691488 -12.534001
v 3.331000 -5.678359 -4.961601
v -1.821000 -5.678249 -1.674501
v 3.155000 -5.678108 -10.537001
v 5.350000 -5.678199 -2.172401
v 3.033000 -5.678250 0.067499
v 8.043500 -5.677179 -4.092601
v 7.763300 -5.682049 -8.941001
v 7.287400 -5.678210 -0.029801
v -0.567000 -5.678211 4.775499
v 12.562200 -5.685949 -2.147901
v 10.204400 -5.678391 3.244589
v 5.166000 -5.678240 4.320099
v 2.706000 -5.678241 9.431899
v 14.461900 -5.678461 2.590019
v 12.744800 -5.678311 6.269999
v 9.100600 -5.676831 8.372399
v 16.407301 -5.679551 6.706299
v 17.605499 -5.674681 3.483709
v 14.056900 -5.672291 9.837199
v 7.892900 -5.682252 12.503999
v 17.523899 -5.663521 10.120199
v 19.216101 -5.658901 5.580199
v 19.749701 -5.684551 8.477599
v 18.807501 -5.823342 12.532699
v 16.448099 -5.780672 12.184499
v 19.675600 -5.760582 10.899399
v 14.400700 -5.716742 12.484199
v 11.720600 -5.702722 12.082699
v 10.920900 -5.709562 14.310999
v 8.991700 -5.658792 14.755999
v 13.729900 -5.649492 14.303999
v 15.938000 -5.589432 13.885999
v 17.720501 -5.430702 13.707999
v 19.027100 -4.939812 13.813999
v 20.035299 -4.938532 13.485999
v 20.625401 -5.340672 12.371199
v 20.843100 -5.608711 6.623899
v 21.126101 -5.658772 7.770499
v 21.954000 -5.753731 8.631399
v 22.059601 -5.504331 7.206599
v 21.709101 -5.723762 10.718899
v 21.027500 -3.834302 13.202299
v 22.032499 -4.585602 12.401299
v 19.697800 -3.422602 13.913999
v 18.335300 -4.202403 14.471999
v 17.157400 -4.991023 14.783999
v 15.805900 -4.991713 15.410999
v 14.293700 -5.139712 15.732999
v 12.697100 -5.278132 15.812999
v 10.483900 -5.385752 15.907999
v 11.832300 -4.601203 16.812000
v 13.155500 -4.441503 16.761000
v 13.967000 -4.714383 16.438000
v 15.119200 -4.434803 16.378000
v 17.410700 -3.554003 15.571999
v 16.221100 -3.924003 16.301001
v 18.671499 -2.443402 14.650000
v 19.621000 -1.796602 13.955000
v 20.799801 -1.475602 13.339000
v 22.179199 -2.677602 12.402000
v 23.068800 -3.854102 11.260099
v 23.362000 -4.711641 9.601999
v 23.159100 -4.789511 7.866999
v 23.551300 -2.817602 9.909900
v 23.528099 -3.194801 8.477299
v 23.182501 -1.717902 11.072100
v 22.334299 -0.360802 12.198800
v 19.840799 -0.849302 13.774000
v 19.027599 -0.699902 14.248000
v 17.591900 -0.831303 15.484000
v 16.533300 -2.557303 16.471001
v 15.631100 -3.484003 16.853001
v 14.362800 -3.699003 17.099001
v 12.844600 -3.391103 17.011999
v 15.337200 -2.353203 16.931999
v 13.990300 -2.109403 16.938999
v 16.122999 -1.062503 16.590000
v 20.030899 0.425798 13.825000
v 23.506500 -1.439902 9.823100
v 23.583700 -1.854601 8.959100
v 23.151699 -1.451901 7.616200
v 22.872299 -3.284701 7.092500
v 22.693600 -4.541801 6.687799
v 22.097900 -1.786501 5.972899
v 22.250999 -3.627101 5.964300
v 23.609699 -0.271301 8.924600
v 23.441200 -0.555902 10.203500
v 23.226400 -0.123202 11.026700
v 21.339600 0.708198 13.181300
v 20.611601 1.708698 13.341000
v 19.621099 2.470798 13.831000
v 18.705799 1.016798 14.520000
v 14.986500 -1.175703 16.941000
v 15.406700 -0.128403 16.865000
v 16.444500 0.569897 16.395000
v 17.635300 2.001797 15.617000
v 18.580500 2.389298 14.654000
v 20.660700 2.723398 12.856500
v 20.018801 3.477598 12.859101
v 18.982800 3.819298 12.997001
v 18.317101 3.210698 13.967001
v 21.380899 1.991498 12.933700
v 22.248400 1.585698 12.416100
v 23.135900 1.224698 11.388600
v 23.686800 0.837298 10.070200
v 23.220100 0.509799 7.477900
v 22.629801 -0.257801 6.574300
v 23.186300 1.928799 7.030301
v 23.827700 1.919899 8.444500
v 22.579800 1.193299 6.341400
v 23.329399 2.605298 10.274800
v 22.631901 2.537098 11.563300
v 21.667400 2.836198 12.210900
v 20.699200 3.560298 11.992401
v 19.687700 3.879198 12.083101
v 17.448299 4.052898 13.044201
v 18.480400 3.935798 11.494601
v 17.397900 3.603498 14.714001
v 18.122101 2.933998 14.869001
v 15.737000 4.134298 14.048001
v 16.221399 3.273197 15.656001
v 16.024300 4.019698 12.291501
v 17.088900 3.826498 11.639701
v 20.139601 3.997698 10.966101
v 19.207600 4.121099 9.971201
v 17.788300 4.000898 10.273201
v 21.813101 3.697798 10.867101
v 22.313900 3.823298 8.755201
v 22.799299 3.088599 7.357400
v 22.311501 2.688799 6.285300
v 21.917200 0.268799 5.574800
v 21.840700 1.955099 5.303600
v 21.259100 3.398399 5.485600
v 21.179501 3.733999 7.035901
v 20.839399 4.111498 8.310301
v 20.707199 4.094499 9.580901
v 19.665199 4.206398 8.664401
v 18.212799 4.155098 8.955901
v 16.509899 4.463099 9.498801
v 16.694599 3.922498 10.752501
v 17.542200 3.835998 11.022001
v 16.212799 3.891998 11.373301
v 14.419300 4.042998 12.629301
v 15.087600 4.115398 10.874301
v 17.388300 5.195098 8.069401
v 15.774600 5.563098 8.333301
v 18.775499 4.487099 7.622001
v 20.064800 4.233398 7.583400
v 19.645599 4.768099 6.316201
v 20.615101 4.227399 5.722100
v 20.639000 4.022599 5.124600
v 20.614700 3.692299 4.691101
v 20.850901 2.617399 4.594000
v 21.101299 1.018599 4.633800
v 20.413000 1.864299 3.603250
v 20.258101 3.559500 3.654581
v 19.946800 4.619099 4.620501
v 17.945900 5.513099 6.520501
v 16.197800 5.671099 6.869801
v 14.768400 5.068099 9.370101
v 14.358200 5.649098 8.209301
v 14.817800 5.746099 7.280601
v 13.185900 4.334798 11.456201
v 13.398000 5.245099 10.203601
v 13.466800 5.568099 8.813901
v 12.856700 5.733099 7.040201
v 14.772300 5.687099 5.929801
v 16.364300 5.668099 5.032801
v 18.431200 5.616099 4.800301
v 18.974100 5.476099 3.453491
v 19.811600 4.761099 3.182861
v 20.088100 4.197400 2.393621
v 20.377199 2.877800 2.385190
v 20.491699 -0.140601 3.730420
v 20.141701 1.216900 2.383640
v 21.277901 -0.530601 4.953900
v 20.168100 -0.736200 2.210200
v 20.310499 2.240300 1.321100
v 20.026800 0.757400 0.942600
v 20.107599 3.873000 0.984601
v 19.165199 5.317100 1.772101
v 17.020100 5.631100 2.663831
v 13.452800 5.609099 3.461521
v 9.443100 5.600099 5.532701
v 12.020100 5.622098 9.089001
v 10.618500 5.630098 7.964701
v 9.343500 5.608099 1.575401
v 19.285400 5.098100 0.007401
v 17.493401 5.649100 -0.158199
v 19.913000 2.419200 0.045000
v 19.771900 3.891900 -0.773199
v 19.561501 0.671200 -0.829300
v 19.460699 2.582200 -1.279899
v 18.665501 4.881100 -1.364899
v 19.097099 3.738900 -2.219499
v 14.950400 5.606100 0.125601
v 17.549500 5.371100 -2.440399
v 15.925300 5.603100 -1.777099
v 11.880100 5.608100 -0.546599
v 6.459100 5.607100 3.263731
v 8.905100 5.608100 -1.608699
v 13.831100 5.608100 -2.914499
v 15.966800 5.607100 -3.564699
v 18.506701 4.693100 -2.393599
v 18.459299 4.368101 -3.445999
v 17.200600 4.981101 -4.044099
v 16.360500 5.370101 -4.764799
v 15.081100 5.580101 -5.367599
v 12.589300 5.600101 -6.080899
v 10.634200 5.608100 -3.909999
v 5.968500 5.608100 -0.284799
v 6.727200 5.608101 -4.646399
v 9.795300 5.608101 -7.415999
v 16.345400 5.115101 -5.639099
v 16.926500 4.730101 -5.050399
v 17.771601 3.689201 -4.765200
v 17.015600 4.270301 -6.025599
v 16.059099 4.970101 -6.873999
v 14.416200 5.631102 -7.643999
v 2.081000 5.608100 -2.517599
v 2.558000 5.608101 -6.790999
v 6.486300 5.590101 -9.831999
v 12.313300 5.637102 -9.205999
v 15.701400 4.553102 -8.639999
v 14.326800 5.215101 -9.384999
v 13.676300 4.751102 -10.663999
v 12.458500 4.938102 -10.895999
v 11.457900 5.019102 -10.756999
v 9.930500 5.673102 -10.531999
v 2.592000 5.606102 -10.708999
v 8.565900 5.632102 -12.153999
v 10.780800 4.640102 -11.734999
v 9.848500 5.160102 -12.160999
v 11.849400 3.926902 -11.491999
v 10.880400 3.099302 -12.330999
v 10.264800 4.222502 -12.739999
v 9.358300 4.717103 -13.221999
v 8.433700 5.381103 -13.679999
v 7.028300 5.722102 -13.138999
v 4.609000 5.588102 -13.124999
v 2.348000 5.500103 -13.220999
v -0.397000 5.608101 -8.889999
v -2.386000 5.608101 -5.044899
v -0.490000 5.600102 -12.586999
v 3.428000 5.110102 -14.205999
v 2.435000 4.871102 -14.370999
v 1.341000 5.295103 -14.446999
v 4.181000 5.296103 -14.318999
v 6.030700 5.489102 -14.744999
v 4.765000 5.272102 -14.705999
v 7.666400 5.051102 -14.753999
v 9.037300 4.333402 -14.589999
v 9.867600 3.065302 -13.770999
v 9.025400 3.138002 -14.761999
v 7.970000 3.147003 -15.560999
v 6.772600 4.516102 -15.959999
v 5.132000 4.215902 -15.797999
v 4.014000 4.566103 -14.970999
v 3.020000 3.722902 -14.845999
v 2.020000 4.176902 -15.142999
v 1.196000 4.625103 -15.556999
v 0.112000 5.465102 -15.288999
v -4.320000 5.608101 -9.376999
v -4.081000 5.607102 -13.668999
v -1.766000 5.610102 -15.308999
v 0.582000 4.245803 -16.504999
v -0.599000 5.215103 -16.867001
v 1.491000 3.333703 -15.978999
v 2.129000 2.594702 -15.090000
v 4.057000 2.658702 -15.220000
v 3.021000 1.647702 -14.403000
v 6.321000 2.895403 -16.007000
v 5.154000 2.455603 -15.771000
v 6.990800 1.769703 -15.912000
v 5.885300 1.126003 -15.872000
v 4.738000 1.250203 -15.386000
v 3.798000 0.476202 -15.030000
v 1.954000 0.679902 -14.937000
v 1.404000 1.702403 -15.811000
v 0.710000 2.246803 -17.141001
v 0.037000 3.915803 -17.766001
v -1.985000 5.366103 -17.052999
v -1.362000 4.147603 -18.209999
v -3.457000 5.630103 -16.372999
v -4.936000 5.603102 -15.665999
v -6.865000 5.665102 -14.678999
v -6.989000 5.607102 -11.566999
v -4.651000 5.501103 -16.921000
v -5.746000 5.459103 -16.722000
v -2.861000 4.856103 -18.159000
v -4.054000 5.282103 -17.833000
v -0.708000 2.546003 -18.132999
v -1.536000 2.815203 -18.568001
v -2.618000 2.806203 -18.934999
v 0.989000 -0.468897 -16.207001
v -0.748000 0.214803 -17.903999
v 4.963000 -0.940497 -15.622000
v -1.702000 1.595203 -18.410000
v -1.781000 0.492103 -18.417000
v -4.124000 3.869603 -18.943001
v -2.740000 0.580303 -18.698999
v -3.658000 2.637903 -18.931999
v -3.487000 1.605903 -18.830000
v -5.059000 4.772103 -17.868999
v -6.243000 4.499103 -17.930000
v -5.371000 3.193603 -18.267000
v -4.278000 2.201503 -18.521000
v -3.438000 0.726003 -18.850000
v -4.043000 0.444203 -18.598000
v 2.022000 -1.072898 -14.894000
v 2.915000 -0.407198 -14.302000
v 3.674000 -1.360898 -14.912000
v 2.782000 -2.466698 -14.398000
v 1.661000 -2.420297 -15.409000
v -1.926000 -0.450497 -18.459999
v -3.427000 0.316403 -18.853001
v -5.051000 -0.655097 -18.181000
v -5.215000 1.218503 -18.125999
v -6.302000 3.306203 -18.090000
v -6.371000 2.147103 -18.004000
v -6.397000 0.158103 -18.009001
v -3.431000 -0.391897 -18.827000
v -2.806000 -1.348197 -18.771999
v -1.515000 -1.938597 -18.419001
v -0.097000 -2.115297 -17.451000
v 0.942000 -2.786997 -16.396999
v 1.366000 -3.430797 -15.668001
v 2.155000 -4.023498 -15.066001
v 4.125000 -3.066998 -15.271001
v 3.312000 -4.167598 -14.535001
v 5.197000 -4.529898 -15.663001
v 4.185000 -4.831028 -14.948001
v 5.313000 -2.937497 -15.909001
v 2.682000 -5.071988 -13.903001
v 3.796000 -5.381517 -13.892001
v 1.123000 -4.455797 -16.146999
v 1.380000 -5.429607 -14.407001
v 0.339000 -3.667897 -17.186001
v -0.681000 -3.815997 -18.294001
v -2.912000 -3.737797 -19.077000
v -3.479000 -1.229097 -18.858000
v -4.036000 -1.087897 -18.635000
v -4.623000 -2.606097 -18.430000
v -6.207000 -1.929597 -18.028000
v -3.626000 -2.015597 -19.000999
v -1.712000 -5.516907 -17.291000
v 0.023000 -4.966097 -17.181999
v -0.306000 -5.659868 -15.486001
v 2.106000 -5.664158 -12.813001
v 3.226000 -5.597968 -12.757001
v 4.338000 -5.640778 -12.609001
v 5.327000 -5.674258 -14.058001
v 6.046900 -5.679408 -11.934001
v 6.981600 -5.769398 -13.565001
v 6.834800 -5.110758 -15.249001
v 8.222200 -5.769948 -12.207001
v 8.404300 -5.507848 -14.263000
v 8.135800 -4.427497 -15.386001
v 6.198300 -3.785797 -16.040001
v 7.292900 -3.578697 -15.927001
v 6.388300 -2.225897 -16.066999
v 7.489900 -2.358997 -15.810000
v 8.217700 -3.087498 -15.346001
v 9.125900 -4.009998 -14.653001
v 9.821700 -4.931998 -13.175001
v 9.918800 -5.637288 -11.354001
v 11.116500 -5.648718 -9.882001
v 11.603700 -5.681479 -6.900001
v 11.179400 -4.836488 -11.548001
v 10.497700 -4.868768 -12.191001
v 10.564600 -3.616098 -12.415001
v 9.758100 -3.271698 -13.661001
v 9.055500 -2.293398 -14.596000
v 8.082100 -1.649297 -15.333000
v 7.231500 -1.221497 -15.794000
v 6.395400 -0.463597 -15.949000
v 7.221800 -0.103397 -15.775000
v 7.818100 -0.459697 -15.448000
v 8.779100 -0.295698 -14.773000
v 10.040300 -1.382898 -13.237000
v 11.624800 -3.436998 -11.391001
v 11.110100 -2.212798 -12.012000
v 12.434900 -4.773278 -11.065001
v 13.220100 -5.665849 -9.533001
v 14.046900 -5.732279 -5.797201
v 14.305000 -5.747499 -7.894001
v 15.089300 -5.309729 -9.645001
v 14.188200 -4.283598 -11.095001
v 12.895400 -3.277098 -11.466001
v 12.139000 -1.896898 -11.167000
v 11.089700 -0.448998 -11.776000
v 10.366500 0.428202 -12.703000
v 7.776400 0.981003 -15.517000
v 8.854300 1.874002 -14.718000
v 9.709100 0.905102 -13.713000
v 12.535200 -0.101898 -11.197000
v 13.029400 -1.253398 -11.389000
v 13.147200 -2.175298 -11.470000
v 13.815000 -2.762198 -11.259000
v 14.846800 -2.393898 -10.654000
v 15.427300 -3.898898 -10.262001
v 15.822600 -5.115209 -8.381001
v 15.931500 -4.241398 -9.339001
v 15.675300 -5.604809 -6.934001
v 15.774200 -5.799279 -4.956101
v 15.801000 -5.743169 -2.778501
v 17.461399 -5.490789 -4.100901
v 17.246401 -4.460699 -5.645801
v 16.656000 -4.950599 -6.535801
v 16.519600 -4.713428 -7.574001
v 16.333799 -3.705799 -8.400001
v 15.741500 -2.819699 -9.421000
v 14.525600 -0.452998 -10.771000
v 15.592000 -0.582998 -9.658000
v 13.813400 -1.604298 -11.129000
v 13.534700 -0.481698 -11.132000
v 11.669000 0.966002 -11.267000
v 10.231300 1.756602 -12.885000
v 10.920500 1.348102 -12.002000
v 13.756100 0.876102 -11.081000
v 16.371300 -1.751499 -8.314000
v 16.797701 -3.324699 -7.029000
v 17.341400 -2.481199 -5.605401
v 18.062000 -3.809099 -4.511600
v 16.829500 -0.924899 -6.905000
v 15.049400 1.315702 -10.334000
v 12.713600 1.697802 -11.301000
v 11.647600 2.391602 -11.322000
v 12.650300 3.002102 -11.488999
v 14.050300 2.874002 -11.253000
v 15.731500 0.964602 -9.390000
v 16.265800 0.531101 -8.314000
v 17.401899 -0.317199 -5.359400
v 18.116800 -1.904999 -4.244700
v 18.353300 0.355601 -3.802100
v 16.898600 1.380701 -6.725300
v 16.115400 2.491102 -9.296000
v 15.240400 2.693502 -10.453000
v 15.190300 4.025102 -10.300999
v 12.993400 4.054902 -11.481999
v 16.924700 3.374901 -7.540999
v 16.534201 1.952701 -7.964000
v 18.923401 -1.668800 -2.840300
v 18.677099 -3.384599 -3.245100
v 19.228600 -3.272400 -1.686900
v 19.405600 -1.610800 -1.178400
v 19.167400 -0.021000 -2.329900
v 17.505501 1.773301 -5.026199
v 17.222900 2.940501 -6.027100
v 18.289000 2.401301 -3.878599
v 19.034599 1.901901 -2.569100
v 19.418400 -2.646900 -1.080900
v 18.998100 -4.732190 -1.459701
v 18.914900 -4.518600 -2.422201
v 18.520500 -4.804450 -3.417301
v 17.728500 -5.603650 -1.875001
v 19.448799 -4.240500 -0.733601
v 18.899599 -5.414500 -0.292201
v 19.561399 -3.042500 -0.366101
v 18.775499 3.201300 -3.269399
v 18.412500 3.440601 -3.903800
v 20.059200 -1.401900 0.535500
v 20.157499 -3.229900 0.876799
v 19.963699 -4.524100 0.374399
v 19.086399 -5.598600 1.602799
v 17.125500 -5.696580 0.800599
v 15.455600 -5.688150 -0.752701
v 19.730499 -5.315761 3.418199
v 20.209400 -4.343300 1.920699
v 20.218300 -2.692900 2.072700
v 20.450899 -2.157501 3.463020
v 20.523100 -3.892700 3.321589
v 20.967600 -4.998971 4.744599
v 21.963699 -4.958691 5.925299
v 21.716700 -4.023901 5.163799
v 21.101200 -3.334401 4.419300
v 21.100800 -1.881901 4.682499
v 21.557301 -2.948201 5.311399
v 6.860300 0.671503 -15.912000
v -7.653000 -0.895197 -18.922001
v -9.334000 -0.924197 -19.395000
v -8.866000 1.441403 -19.322001
v -7.356000 1.399903 -18.761000
v -7.904000 2.358003 -19.146999
v -10.358000 0.301303 -19.950001
v -8.364000 3.133703 -19.323999
v -7.174000 3.351103 -18.672001
v -7.580000 5.166103 -17.990000
v -8.095000 4.503103 -19.157000
v -9.193000 4.076704 -19.461000
v -9.204000 2.892303 -19.363001
v -10.251000 2.817103 -20.014999
v -11.489000 1.130103 -20.582001
v -13.498000 0.483003 -20.733999
v -12.787000 1.537003 -20.879000
v -11.925000 2.936703 -20.754000
v -10.483000 5.016103 -19.452000
v -11.318000 4.354104 -20.426001
v -9.451000 5.565103 -18.082001
v -6.981000 5.544103 -16.745001
v -8.721000 5.806102 -15.959999
v -10.968000 5.607102 -12.171999
v -11.009000 5.692102 -15.705999
v -11.875000 5.776103 -17.628000
v -12.194000 5.564103 -19.527000
v -12.716000 4.539104 -20.766001
v -13.419000 3.029503 -20.931000
v -14.012000 1.647803 -20.607000
v -15.154000 1.666903 -20.285999
v -14.761000 2.879303 -20.563000
v -14.367000 4.395103 -20.665001
v -13.651000 5.401103 -19.812000
v -13.828000 5.631103 -18.063000
v -14.463000 5.615102 -14.819999
v -15.153000 5.454103 -19.356001
v -16.058001 3.695603 -20.125000
v -15.511000 2.629903 -20.245001
v -16.047001 2.154803 -19.832001
v -17.044001 1.407803 -19.004000
v -16.643000 2.692303 -19.416000
v -16.618000 4.947103 -18.832001
v -17.569000 3.464203 -18.875000
v -15.921000 5.624103 -17.372000
v -17.749001 5.574102 -15.520999
v -17.785000 5.168103 -17.607000
v -18.541000 1.817803 -17.931999
v -19.141001 3.759003 -17.534000
v -18.145000 -0.895097 -18.115999
v -19.605000 2.257103 -16.638000
v -19.240000 0.466403 -16.811001
v -19.947001 3.722303 -15.730999
v -18.985001 4.946103 -16.455000
v -9.278000 5.608101 -8.235999
v -18.184000 5.615102 -12.843999
v -19.448000 5.389102 -14.104999
v -19.326000 5.067102 -15.351999
v -20.179001 4.702102 -14.731999
v -20.674000 4.833102 -13.779999
v -6.997000 5.608101 -5.675499
v -17.084000 5.601101 -9.936999
v -14.074000 5.606101 -7.190999
v -11.767000 5.607100 -3.410399
v -6.802000 5.608100 -2.076599
v -6.451000 5.608100 0.520301
v -2.832000 5.608100 0.088901
v -20.003000 5.635102 -10.726999
v -20.364000 5.713101 -8.952999
v -9.637000 5.608100 0.572701
v -14.073000 5.608100 0.586501
v -6.631000 5.608099 3.419131
v -1.978000 5.608099 4.440601
v -15.667000 5.664101 -1.632199
v -16.372999 5.643100 -3.819499
v -18.274000 5.754101 -5.887499
v -20.188999 5.869101 -7.199999
v -18.645000 5.837101 -3.897599
v -20.143000 5.625101 -4.200099
v -20.580000 5.770101 -5.416299
v -17.364000 5.660100 -2.107999
v -18.511000 5.732100 -2.627799
v -16.357000 5.664100 -0.079299
v -17.533001 5.648100 -0.908599
v -12.031000 5.606100 4.371301
v -8.318000 5.604099 7.790501
v -4.595000 5.608099 6.664801
v -1.503000 5.608099 8.079901
v -16.403999 5.655100 1.216801
v -17.780001 5.479100 0.441201
v -18.910999 4.640100 -0.567599
v -18.503000 5.336101 -1.590499
v -19.830999 5.547101 -2.995199
v -19.795000 4.689100 -1.843699
v -19.179001 4.657100 1.043501
v -18.952999 2.852200 -0.001400
v -19.677000 3.421800 -1.114899
v -17.806999 5.563099 2.017101
v -15.899000 5.640100 3.161571
v -4.483000 5.608099 9.896601
v -17.614000 5.394100 3.325691
v -17.061001 5.399099 3.948141
v -19.091999 4.432099 3.184811
v -19.523001 3.080200 1.778100
v -18.802000 3.196100 3.507071
v -18.219999 3.148899 4.609200
v -17.843000 4.823100 4.212371
v -19.389999 2.908999 3.061060
v -16.808001 5.433099 5.112101
v -14.836000 5.625099 5.093001
v -13.749000 5.609099 6.354401
v -12.060000 5.643098 7.975201
v -10.357000 5.584098 10.725001
v -7.194000 5.614098 11.788801
v -3.755000 5.608098 14.001001
v -9.256000 5.580098 13.308001
v -10.866000 5.085098 12.483001
v -11.282000 5.233098 11.597101
v -11.826000 5.224098 11.068901
v -12.181000 5.436099 9.982100
v -13.513000 5.476099 9.313001
v -14.162000 5.644099 7.837901
v -15.447000 5.622099 6.654801
v -16.919001 5.387099 6.750001
v -17.875999 4.299799 6.163800
v -17.921000 4.589099 5.050901
v -18.013000 3.148699 7.358800
v -18.233999 2.753999 6.206100
v -17.406000 4.437099 7.971001
v -16.253000 5.373098 7.721801
v -15.325000 5.492098 8.023601
v -14.726000 5.351099 8.843501
v -14.486000 4.509099 9.779001
v -13.111000 4.365098 10.815501
v -11.907000 4.558098 11.953601
v -10.738000 5.000098 14.094001
v -11.529000 4.032197 13.193201
v -9.532000 5.508098 15.364001
v -7.061000 5.639098 15.621001
v -4.229000 5.606097 17.315001
v -10.864000 4.690098 15.507001
v -11.585000 3.790398 14.676001
v -11.300000 2.553098 13.729000
v -12.309000 2.578398 12.123400
v -13.592000 2.677798 10.839100
v -14.279000 3.394698 10.254101
v -15.307000 3.505798 9.691101
v -15.902000 4.725099 8.969501
v -17.412001 3.165699 8.079001
v -16.639999 2.942698 8.979601
v -14.911000 1.943298 9.873800
v -13.229000 0.997398 10.805500
v -11.280000 0.994598 13.192800
v -12.047000 0.201698 11.980900
v -11.253000 2.388498 15.003000
v -11.278000 1.342598 14.450000
v -11.173000 3.203697 16.285000
v -10.228000 4.816097 16.789000
v -8.858000 5.649097 16.868000
v -6.000000 5.658097 18.296000
v -7.847000 5.615097 18.108000
v -9.505000 5.053097 18.358999
v -10.679000 3.674697 18.128000
v -10.798000 1.681697 17.570999
v -11.017000 0.818197 15.898000
v -11.288000 -0.248302 14.410000
v -14.763000 -0.497202 9.927800
v -12.973000 -1.322402 11.071600
v -11.380000 -0.848802 13.005700
v -11.977000 -1.456502 12.085400
v -10.957000 -0.503803 17.125999
v -10.908000 -0.329103 16.246000
v -9.810000 2.139397 18.905001
v -9.984000 0.205397 18.598000
v -9.508000 3.708797 19.052999
v -8.320000 4.441097 19.804001
v -7.014000 5.451097 19.412001
v -8.130000 3.134997 20.101999
v -7.191000 3.100397 20.566000
v -6.781000 4.692097 20.469999
v -8.818000 2.741397 19.783001
v -8.531000 0.599497 19.809000
v -11.131000 -1.205603 15.729000
v -11.389000 -2.156402 14.089000
v -11.539000 -2.261002 12.722300
v -10.186000 -1.794303 18.389999
v -9.216000 -1.139803 19.306999
v -7.917000 2.166397 20.069000
v -7.001000 1.184397 20.562000
v -7.170000 -0.442203 20.459000
v -11.067000 -2.811603 16.944000
v -11.297000 -2.947303 15.369999
v -11.620000 -3.752902 12.984099
v -11.494000 -3.771302 14.407999
v -12.173000 -2.812202 11.863000
v -14.168000 -2.421702 10.295000
v -13.292000 -3.558002 11.078399
v -12.274000 -4.333602 11.830799
v -10.864000 -4.986103 13.835999
v -10.927000 -5.432862 11.975599
v -11.060000 -4.579803 15.648999
v -10.507000 -4.510703 17.195000
v -10.167000 -3.590903 18.363001
v -9.273000 -2.720303 19.285999
v -8.047000 -1.890703 20.084000
v -5.511000 -0.235803 20.865000
v -5.440000 2.167597 20.884001
v -4.711000 1.026497 20.909000
v -3.794000 0.476197 20.812000
v -3.706000 -1.699603 20.639000
v -6.634000 -1.759803 20.625999
v -8.491000 -3.598603 19.988001
v -6.974000 -3.795903 20.870001
v -9.348000 -4.188303 19.308001
v -9.461000 -5.113463 18.170000
v -9.643000 -5.603563 16.450001
v -9.914000 -5.558093 14.859999
v -9.212000 -5.718132 13.261499
v -8.567000 -5.747842 11.104199
v -9.925000 -5.790082 9.328099
v -12.545000 -5.451782 10.475699
v -13.935000 -4.613202 10.334999
v -11.854000 -5.733252 7.984599
v -14.079000 -5.626462 8.785399
v -5.746000 -5.677052 8.219099
v -9.575000 -5.676131 5.816999
v -6.536000 -5.677892 12.606599
v -8.070000 -5.682962 15.068999
v -7.759000 -5.692543 17.349001
v -8.225000 -5.213353 19.480000
v -4.431000 -4.328703 20.877001
v -5.462000 -2.395903 20.843000
v -6.051000 -5.695433 19.049999
v -2.468000 -4.745214 20.024000
v -2.754000 -3.260803 20.485001
v -3.685000 -5.649553 18.735001
v -4.790000 -5.676003 15.931999
v -13.076000 -5.683301 5.378999
v -2.212000 -5.678192 11.924699
v -1.012000 -5.672503 15.696999
v -2.548000 -5.611643 17.285999
v -1.883000 -5.391613 18.631001
v -1.268000 -3.523703 20.285999
v -0.939000 -4.646103 19.481001
v -0.354000 -5.230663 18.521999
v -1.086000 -5.591513 17.517000
v -14.241000 -5.679030 1.869399
v -15.698000 -5.667671 4.420899
v -10.615000 -5.678020 1.447599
v -6.110000 -5.678250 2.374129
v 0.432000 -5.564593 17.375999
v 1.165000 -5.156373 18.723000
v 1.474000 -5.666372 16.062000
v 1.668000 -5.682552 13.792999
v -1.130000 -5.678221 8.358499
v 2.669000 -5.441303 17.611000
v 3.640000 -5.720152 15.757999
v 0.254000 -5.678251 7.481599
v 4.865000 -5.682432 13.692999
v 4.913000 -5.402343 17.291000
v 6.058700 -5.669512 15.886999
v -13.424000 -5.689710 -2.347701
v -15.920000 -5.681369 -5.642901
v -18.326000 -5.674068 -8.406001
v -19.723000 -5.706968 -10.824001
v -20.680000 -5.718429 -9.349001
v -19.358999 -5.698579 -5.362501
v -17.181999 -5.738840 -3.029901
v -16.601000 -5.754240 -0.196401
v -18.381001 -5.490920 -1.306701
v -19.625999 -5.528629 -2.726101
v -21.489000 -5.171150 -3.737801
v -22.038000 -5.379549 -5.704601
v -21.011000 -5.724938 -7.580001
v -21.586000 -5.499778 -10.648001
v -19.736000 -5.720908 -12.594001
v -21.025000 -5.588358 -11.827001
v -19.167000 -5.580478 -13.652001
v -20.492001 -4.984518 -13.731001
v -21.216999 -5.255988 -12.930001
v -22.181999 -4.499598 -11.881001
v -22.667999 -5.523689 -9.161001
v -22.818001 -4.857928 -10.630001
v -23.018000 -4.993659 -7.259001
v -23.093000 -4.108799 -6.014101
v -22.875999 -3.933799 -4.600000
v -20.846001 -3.740099 -2.229701
v -21.987000 -3.395499 -3.405200
v -19.583000 -4.565500 -1.284301
v -18.194000 -5.326080 -0.112701
v -18.851999 -4.834730 -0.564801
v -18.919001 -3.850400 -0.499501
v -19.554001 -2.993600 -1.408201
v -20.299999 -1.889000 -2.054000
v -21.327999 -1.748299 -2.998800
v -22.336000 -1.942799 -4.305501
v -23.039000 -2.359499 -5.810300
v -23.500000 -3.429599 -6.939001
v -23.827999 -3.641798 -8.443001
v -23.584000 -4.211399 -9.913001
v -22.896999 -3.385798 -10.794001
v -22.233000 -2.441298 -12.049000
v -21.459000 -3.674098 -13.357001
v -21.311001 -1.406598 -13.424000
v -20.799000 -2.746098 -14.064000
v -20.549000 -3.815298 -14.085001
v -22.965000 -1.466598 -10.650000
v -23.728001 -2.680998 -9.809000
v -23.518000 -1.701199 -7.397000
v -23.745001 -1.943299 -8.808000
v -23.146999 -0.917199 -6.271300
v -22.841000 -0.387199 -5.288100
v -22.000000 0.263701 -3.848600
v -19.462000 -1.243400 -1.165800
v -18.874001 -2.462200 -0.338100
v -20.459000 0.375800 -2.160400
v -23.261999 0.802601 -6.882000
v -23.684000 -0.150299 -8.868000
v -23.658001 -1.324898 -9.646000
v -22.316000 -0.484498 -12.123000
v -21.462000 0.608202 -13.198000
v -22.884001 0.528702 -10.765000
v -22.127001 1.199402 -12.100000
v -23.532000 -0.412998 -10.034000
v -18.840000 -1.041000 -0.069300
v -18.900999 0.630700 -0.555800
v -22.184000 1.848101 -4.140299
v -22.785999 1.560801 -5.089700
v -23.608000 0.347802 -9.914000
v -22.671000 2.768902 -11.332000
v -21.507999 2.323602 -13.223000
v -23.672001 1.359302 -9.891000
v -23.614000 1.607501 -8.531000
v -23.600000 2.918001 -7.822999
v -22.552000 3.407401 -4.279600
v -23.216999 3.375801 -6.207500
v -21.547001 2.173600 -3.227800
v -19.620001 2.046300 -1.323300
v -20.563999 2.840000 -2.004900
v -21.275000 4.405100 -2.970999
v -21.658001 5.199100 -4.349299
v -22.024000 5.047101 -5.720499
v -22.438000 5.379101 -7.496999
v -23.483000 4.160501 -7.439000
v -23.759001 3.015301 -9.459999
v -22.054001 4.561102 -11.691999
v -23.046000 4.615102 -10.442999
v -21.636999 5.373102 -10.987000
v -20.673000 5.397102 -12.517999
v -21.834000 4.165002 -13.043999
v -23.421000 4.481102 -8.666999
v -21.993000 5.574101 -9.516999
v -20.841000 3.703902 -14.244999
v -20.479000 2.218302 -14.659000
v -20.864000 1.378102 -13.773000
v -20.047001 2.350703 -15.692000
v -20.476000 0.296002 -14.363000
v -19.832001 1.198702 -15.589000
v -19.823999 -0.576497 -15.668000
v -19.327999 -1.283397 -16.791000
v -20.336000 -1.672898 -14.634000
v -20.340000 -3.120798 -14.708001
v -19.857000 -2.722097 -15.793000
v -19.056000 -2.984897 -17.184000
v -19.452000 -4.676077 -16.225000
v -20.065001 -4.605698 -14.860001
v -18.693001 -4.623897 -17.315001
v -19.364000 1.420000 1.140000
v -19.280001 -0.344000 0.939700
v -19.503000 1.722100 2.560000
v -19.573000 0.143000 2.266900
v -19.593000 -1.259400 1.885800
v -19.257999 -1.905500 0.866400
v -18.933001 -1.391101 3.233390
v -18.941999 0.663299 3.151890
v -18.688999 2.069000 3.411340
v -18.132999 0.549099 4.310600
v -18.097000 -1.461901 4.557800
v -19.667999 -2.732400 1.980200
v -19.268999 -3.373100 0.665199
v -19.419001 -4.479500 1.746999
v -19.077000 -3.566100 3.140399
v -18.225000 -2.943501 4.143060
v -18.148001 -0.777401 5.824300
v -18.215000 -2.569301 5.488200
v -18.165001 1.317599 5.796800
v -18.025999 1.759199 7.030200
v -18.075001 0.221599 6.904900
v -18.075001 -0.952701 6.903200
v -18.164000 -2.098001 6.819399
v -18.325001 -3.897001 6.563700
v -18.230000 -4.160301 5.012700
v -18.290001 -4.270000 3.874919
v -18.528999 -5.235780 2.941289
v -19.028000 -4.729630 0.358599
v -18.221001 -5.571700 1.178899
v -16.778000 -5.704031 2.405939
v -17.540001 -5.269490 4.120049
v -17.357000 -5.366411 5.817399
v -17.676001 -3.125601 7.900800
v -17.391001 -4.947171 7.723599
v -17.462999 -1.024901 7.924300
v -17.576000 0.813499 7.733900
v -17.374001 2.118299 7.960500
v -16.542000 0.763799 8.828100
v -16.209000 -1.162601 9.097200
v -16.639000 -2.613701 8.796400
v -16.944000 -3.972301 8.738599
v -16.056999 -5.094391 8.915199
v -15.591000 -5.688891 6.867699
v -16.097000 -3.703501 9.369299
v -15.050000 -4.130801 9.944599
v -15.351000 -2.479402 9.648200
v -14.659000 -3.143002 10.026799
v -14.161000 -3.569802 10.296499
v 7.249200 -5.676832 14.628999
v 8.429200 -5.405533 16.243000
v 8.667500 -4.149803 17.504999
v 10.222600 -4.527203 17.017000
v 6.905800 -5.064773 17.363001
v 7.123800 -3.631903 17.871000
v 5.624200 -4.463303 18.365999
v 10.232200 -3.010203 17.188000
v 8.560300 -2.419803 17.299000
v 11.465700 -3.511103 17.066000
v 12.123200 -1.740403 17.028999
v 10.213200 -1.472803 17.017000
v 9.039300 -1.057803 16.878000
v 7.749300 -1.144303 16.990000
v 6.767000 -2.270403 17.497999
v 5.735000 -3.171903 18.044001
v 3.998000 -3.391403 18.778999
v 4.108000 -5.008813 18.497999
v 5.155000 -2.052703 17.754999
v 8.676100 -0.105603 16.598000
v 7.227100 0.279297 16.614000
v 6.230000 -1.011303 17.164000
v 10.009300 -0.069703 16.639999
v 11.237300 -0.379503 16.844999
v 13.989800 -0.237403 16.959000
v 12.432600 0.360697 16.863001
v 11.262100 1.061397 16.610001
v 9.384600 1.736397 16.284000
v 7.268600 1.914897 16.035999
v 5.583900 1.140897 16.774000
v 5.910600 -0.065603 16.972000
v 4.665000 -0.478703 17.450001
v 3.679000 -1.677603 18.186001
v 2.727000 -4.865644 19.059999
v 2.313000 -2.118703 19.000999
v 1.961000 -3.750803 19.457001
v 3.869000 1.000197 17.398001
v 5.933300 2.955697 16.153000
v 4.272000 2.550897 16.951000
v 8.260800 2.819497 15.931000
v 12.283800 1.574797 16.927999
v 13.572700 1.797897 17.240999
v 11.910300 3.053297 16.687000
v 10.286900 3.573497 16.322001
v 9.166300 3.639997 15.826001
v 8.261700 3.493697 15.417001
v 7.318500 3.160197 15.506001
v 4.908000 3.844397 16.523001
v 3.884000 3.969597 17.096001
v 3.153000 3.345597 17.469999
v 2.601000 2.032297 17.878000
v 2.410000 -0.114203 18.370001
v 1.416000 1.352297 18.729000
v 1.978000 3.956197 18.198000
v 1.355000 2.560697 18.615999
v 3.041000 4.223097 17.587000
v 4.315000 4.711097 16.464001
v 3.270000 4.964097 17.080999
v 5.707000 4.139198 16.063000
v 5.091000 4.572098 16.094000
v 6.588300 4.196798 15.482001
v 7.728300 4.096797 14.902001
v 8.666000 3.922098 14.961001
v 10.202700 3.865897 15.448001
v 9.576100 3.931898 14.683001
v 11.073600 3.993597 15.734001
v 10.779600 4.067698 14.640001
v 8.562400 4.228598 13.880001
v 7.114200 4.754097 14.940001
v 7.493000 5.072098 14.156001
v 6.349400 5.209097 14.696001
v 5.536000 4.845098 15.419001
v 4.698000 5.158098 15.668001
v 3.638000 5.543097 15.717001
v 2.413000 5.598097 16.205000
v 2.143000 5.287097 17.580999
v 2.679000 4.702097 17.754000
v 1.189000 5.235097 18.146999
v 0.214000 1.996997 19.344000
v 0.693000 3.374197 18.965000
v 0.622000 4.626097 19.122000
v 0.795000 5.686097 16.603001
v -0.077000 5.631097 18.368999
v 2.027000 5.608098 13.680001
v 4.777000 5.659098 14.338001
v 6.473800 5.585098 13.066301
v 8.077300 5.173098 12.714701
v 9.884600 4.235497 13.445001
v 8.883100 4.507098 12.971401
v 11.652600 4.118098 13.468001
v 10.436400 4.028998 12.325001
v 9.273900 4.850098 12.202501
v 7.399300 5.601098 10.758201
v 8.422400 5.325098 11.729901
v 4.619000 5.614098 11.442701
v -0.666000 5.607098 14.665001
v -1.647000 5.619097 17.020000
v -1.266000 5.570097 18.834000
v -0.544000 5.014097 19.395000
v -0.505000 3.578597 19.636999
v -1.711000 4.659097 19.695000
v -2.586000 5.643097 18.827999
v -1.020000 5.608098 11.600901
v -4.269000 5.727097 19.517000
v -2.842000 5.284097 20.171000
v -1.754000 3.276497 20.232000
v -2.744000 3.908697 20.565001
v -3.890000 4.696097 20.773001
v -4.946000 5.088097 20.555000
v -5.799000 5.415097 19.892000
v -5.728000 4.681097 20.665001
v -4.992000 3.971397 20.896000
v -3.943000 3.106197 20.875999
v -2.752000 2.063697 20.722000
v -1.246000 1.949997 20.101000
v -4.111000 1.714097 21.035999
v -6.058000 3.756197 20.900000
v -0.662000 0.688097 19.802999
v -2.031000 0.086297 20.488001
v -0.531000 -0.742503 20.037001
v -1.750000 -1.927803 20.396999
v 0.568000 0.319397 19.306000
v 0.921000 -1.256003 19.438000
v -0.205000 -2.332603 20.030001
v 0.285000 -3.817803 19.851999
v 1.078000 -2.632603 19.660999
v 0.223000 -4.783933 19.297001
v 1.061000 -4.522403 19.417000
v 1.720000 -4.651603 19.246000
v 1.806000 5.608099 9.640501
v 1.202000 5.608099 6.306501
v 2.315000 5.608099 2.498441
v 5.246000 5.607099 7.092201
v 9.017000 5.355099 10.196901
v 8.882800 5.318098 11.187901
v 8.586400 5.656098 8.569201
v 10.282400 5.281098 9.555801
v 10.090600 4.535098 11.000401
v 11.657600 4.189998 11.851801
v 11.758300 5.136098 10.678801
v 12.930700 4.094898 12.761301
v 13.557500 4.164598 14.185001
v 12.098200 4.188097 15.126001
v 14.668400 3.685297 15.472001
v 13.285500 4.008498 15.737001
v 13.788600 3.323997 16.604000
v 15.043300 2.716997 16.629000
v 16.245899 2.050697 16.473000
v 15.212000 1.181597 16.938999
vt 2.943132 2.995688
vt 2.971437 2.918423
vt 3.038502 2.965257
vt 3.076667 2.872948
vt 0.572992 3.268453
vt 0.483487 3.290468
vt 0.502017 3.181923
vt 0.552678 3.333648
vt 0.514002 3.385667
vt 0.426707 3.340193
vt 2.863997 2.934318
vt 2.925112 2.807412
vt 3.086188 2.742558
vt 3.154697 2.811152
vt 0.570272 3.117322
vt 0.591182 3.182178
vt 0.601637 3.326337
vt 0.669468 3.331013
vt 0.675927 3.234113
vt 0.609542 3.382098
vt -1.381668 -2.585327
vt -1.402833 -2.490212
vt -1.441508 -2.572067
vt -1.316558 -2.520387
vt 0.590417 3.432843
vt -1.311288 -2.432582
vt 2.868757 3.001723
vt -1.258418 -2.486812
vt 2.795742 2.851103
vt 2.758087 2.932787
vt 2.799142 2.992968
vt 2.742193 2.731678
vt 2.943557 2.639198
vt 3.096897 2.624323
vt 3.187593 2.683908
vt 3.192012 2.760578
vt 0.663092 3.129732
vt 0.597048 3.059778
vt 0.759482 3.299222
vt 0.778352 3.382608
vt 0.708482 3.428508
vt 0.648132 3.442193
vt 0.637167 3.495488
vt -1.452388 -2.652307
vt -1.380988 -2.667098
vt -1.290803 -2.614312
vt -1.267088 -2.537812
vt -1.203933 -2.532797
vt -1.177498 -2.636837
vt -1.134658 -2.563312
vt -3.131988 1.568112
vt -3.185623 1.622597
vt -3.227868 1.563012
vt 2.696632 2.863003
vt 2.676402 2.951148
vt -3.251158 1.642828
vt 3.060347 2.466902
vt 3.191077 2.590153
vt 2.716607 2.471833
vt 2.516007 2.705328
vt 2.614437 2.805882
vt 2.599392 2.899723
vt -3.314228 1.476652
vt -3.388518 1.513033
vt -3.361488 1.424378
vt -1.066828 -2.549712
vt -1.100062 -2.604113
vt -1.042518 -2.612698
vt -1.092583 -2.674662
vt -1.002228 -2.672112
vt -3.291448 1.544738
vt 2.538532 2.831468
vt 2.514307 2.911793
vt 3.993138 -2.271507
vt 3.953272 -2.182002
vt 3.908222 -2.260627
vt 2.439252 2.493933
vt 2.327902 2.642088
vt 2.465008 2.838013
vt 2.425312 2.936698
vt 3.873882 -2.197217
vt 3.815063 -2.260458
vt 2.343372 2.813958
vt 2.194538 2.461888
vt 2.461862 2.177307
vt 2.746187 2.214453
vt 2.902842 2.305403
vt 2.165892 2.729978
vt 1.862782 2.368813
vt 2.096363 2.116363
vt 1.951862 2.669883
vt 1.713097 2.245818
vt 1.807277 2.090777
vt 1.593757 2.388788
vt 1.678248 2.648718
vt 1.577012 2.156738
vt 1.936053 1.783077
vt 1.320058 2.347308
vt 1.371482 2.020058
vt 1.630478 1.889667
vt 1.691507 1.576272
vt 1.149037 2.116448
vt 1.190007 1.891623
vt 1.358477 1.725107
vt 0.984392 1.920098
vt 0.965097 2.112623
vt 1.067692 1.716098
vt 1.365277 1.482943
vt 0.874912 1.750097
vt 0.847457 2.021417
vt 0.777077 1.871308
vt 0.770617 1.637132
vt 0.903982 1.622428
vt 0.746647 1.738453
vt 1.011252 1.576868
vt 1.162892 1.560548
vt 1.174623 1.427777
vt 1.273307 1.376012
vt 1.021792 1.468152
vt 0.907552 1.522468
vt 0.813033 1.557573
vt 3.726492 2.409868
vt 3.767207 2.358018
vt 3.782422 2.423468
vt 0.673887 1.671728
vt 0.690207 1.602538
vt 3.676428 2.365158
vt 0.744012 1.987842
vt 0.712307 1.929448
vt 0.654933 1.894428
vt 0.669468 1.973392
vt 0.638443 1.777213
vt 3.848977 2.409017
vt 3.824072 2.497163
vt -3.107848 -1.835883
vt -3.195652 -1.836902
vt -3.159103 -1.938648
vt 3.903122 2.469452
vt 3.736947 2.501923
vt 3.666312 2.441062
vt 3.611912 2.382073
vt 0.828332 1.490847
vt 0.893017 1.437383
vt 0.970707 1.398367
vt 1.056472 1.371253
vt 1.175642 1.334532
vt -0.178918 3.268113
vt -0.252443 3.307893
vt -0.245133 3.232753
vt -0.139903 3.360677
vt -0.296218 3.235133
vt -0.333193 3.267858
vt -0.415133 3.237937
vt -0.352658 3.199603
vt 3.530992 2.363883
vt 3.582417 2.464353
vt 3.509658 2.428313
vt 3.463077 2.385388
vt 3.656452 2.541787
vt 3.714337 2.589643
vt 3.783612 2.622963
vt 3.888757 2.575702
vt 3.978178 2.523003
vt -3.034153 -1.896998
vt -3.048773 -1.999167
vt -3.144907 -2.055013
vt -3.056338 -2.093942
vt -3.128078 -2.131002
vt 2.219867 0.077552
vt 2.316257 0.027572
vt 2.307332 0.113167
vt 2.253187 -0.019687
vt 2.158072 0.004622
vt 3.965938 2.641068
vt 2.397518 0.032928
vt 3.876857 2.704223
vt 3.719607 2.644298
vt 3.666227 2.641578
vt 3.563548 2.615483
vt 3.503283 2.507278
vt 3.460612 2.444548
vt 3.397967 2.415648
vt -0.290438 3.164753
vt 2.085737 -2.399177
vt 2.142602 -2.446607
vt 2.133507 -2.361608
vt 2.054032 -2.332027
vt 2.232022 -2.474317
vt 2.221567 -2.398837
vt 3.432477 2.502347
vt 3.464607 2.583353
vt 3.712637 2.716548
vt 2.373972 -0.024448
vt 2.328837 -0.045188
vt 2.297898 -0.121687
vt 2.196152 -0.084202
vt 2.125093 -0.060147
vt 1.225708 -3.195627
vt 1.277897 -3.259632
vt 1.298212 -3.191462
vt 2.216467 -0.194193
vt 2.136652 -0.128573
vt 2.398197 -0.101118
vt 2.424462 -0.040002
vt 3.951827 2.728788
vt 2.467303 -0.023597
vt 3.788967 2.749528
vt 3.740178 2.794322
vt 3.671583 2.822628
vt 3.624237 2.731083
vt 3.403492 2.561848
vt 3.413352 2.624748
vt 3.467412 2.676768
vt 3.530227 2.770862
vt 3.599247 2.804437
vt 3.746722 2.850168
vt -0.661718 0.404038
vt -0.616838 0.413302
vt -0.639193 0.481982
vt -0.563967 0.444497
vt -0.565838 0.515983
vt -0.609783 0.550833
vt 3.784717 2.819993
vt 3.844727 2.809453
vt 3.921483 2.801293
vt 4.024842 1.227942
vt 3.945792 1.241203
vt 3.979452 1.165127
vt 2.485152 -0.090323
vt 2.381282 -0.194447
vt 2.310563 -0.214252
vt 2.429392 -0.262873
vt 2.482772 -0.193937
vt 2.366747 -0.275027
vt 3.879152 1.163767
vt 2.565477 -0.148207
vt 3.878812 2.866233
vt 3.932872 1.101377
vt -0.729973 0.290222
vt -0.692998 0.344368
vt -0.749183 0.352188
vt -0.711868 0.396218
vt -0.627973 0.352273
vt -0.575613 0.380748
vt -0.487298 0.486148
vt -0.503363 0.384913
vt -0.531583 0.572508
vt -0.582413 0.567577
vt 3.565842 2.827982
vt -0.593973 0.627078
vt -0.426863 0.580073
vt -0.503193 0.653513
vt -0.402638 0.489378
vt -0.442248 0.431153
vt -0.569408 0.313512
vt -0.499793 0.289968
vt -0.441143 0.344623
vt -0.652793 0.266337
vt -0.732523 0.208707
vt -0.626103 0.150058
vt 2.756897 -3.017892
vt 2.730633 -2.907987
vt 2.634582 -3.006927
vt 2.624298 -2.914618
vt 2.486258 -0.294917
vt 2.427692 -0.333082
vt 2.292457 -0.284717
vt 2.357482 -0.355607
vt 2.419702 -0.406437
vt 2.583412 -2.864382
vt 2.500027 -2.870078
vt 2.540742 -2.949553
vt -0.539998 0.165868
vt -0.563033 0.230552
vt -0.534302 0.099737
vt -0.490188 0.213893
vt -0.428393 0.268207
vt -0.353593 0.337313
vt -0.401363 0.398343
vt -0.449643 0.389077
vt -0.393118 0.441608
vt -0.333193 0.549217
vt -0.323673 0.446028
vt -0.348918 0.236672
vt -0.270888 0.289373
vt -0.418448 0.185163
vt -0.483983 0.150907
vt -0.424823 0.095657
vt 2.462117 -2.917337
vt -0.467918 0.046698
vt 2.448432 -2.884527
vt 2.442653 -2.855967
vt 2.398792 -0.459308
vt 2.351107 -0.422672
vt 2.284807 -0.361982
vt 2.280217 -0.444432
vt 2.354933 -0.503337
vt 2.399217 -2.813128
vt 2.390463 -2.893198
vt -0.403318 0.007853
vt -0.334128 0.143683
vt -0.255588 0.206498
vt -0.255843 0.372077
vt -0.198723 0.321162
vt -0.197618 0.263023
vt -0.241903 0.523462
vt -0.206118 0.447558
vt -0.171438 0.375477
vt -0.098593 0.305353
vt -0.165658 0.200208
vt -0.221588 0.113932
vt -0.316023 0.046782
vt -0.313898 -0.030993
vt 2.332152 -2.837097
vt 2.292542 -2.885887
vt 2.330877 -2.780402
vt 2.285573 -0.531132
vt 2.340482 -0.580772
vt 2.196408 -0.368527
vt 2.208733 -0.477072
vt 2.228707 -0.292367
vt 2.116932 -0.416297
vt 2.222247 -0.554677
vt 2.140647 -0.523228
vt 2.281153 -0.628288
vt 2.245537 -2.804033
vt 2.292713 -2.708577
vt -0.199488 -0.017137
vt -0.287548 -0.115057
vt -0.047678 0.118947
vt 0.096397 0.327963
vt -0.107603 0.427583
vt -0.014783 0.412027
vt 0.191852 0.140962
vt 2.195217 -2.718012
vt -0.157243 -0.165463
vt -0.257118 -0.200398
vt 2.183997 -0.620127
vt 2.221142 -0.707507
vt 2.293307 -0.723572
vt 2.073752 -0.601258
vt 2.142688 -0.687872
vt 1.750922 -3.224782
vt 1.699498 -3.151002
vt 1.665752 -3.229712
vt 2.159092 -0.772617
vt 2.231513 -0.782563
vt -0.200253 -0.246808
vt -0.043003 -0.081822
vt -0.113043 -0.273328
vt -0.046148 -0.199633
vt 0.119092 -0.030142
vt 0.291047 0.300763
vt 0.285522 0.000372
vt 0.079992 -0.196912
vt -0.007218 -0.286502
vt -1.825623 -1.209262
vt -1.759918 -1.202633
vt -1.834718 -1.151632
vt 2.188077 -0.821493
vt 2.139202 -0.855067
vt -1.825707 -1.270548
vt -0.067143 -0.336227
vt -1.743853 -1.295538
vt -0.003053 -0.352122
vt 0.075827 -0.348382
vt 0.211572 -0.314637
vt 0.255517 -0.157217
vt 0.395597 0.144108
vt 0.459092 -0.085648
vt 0.375792 -0.302228
vt 0.012757 -0.390798
vt -1.731272 -1.354357
vt -1.687583 -1.328942
vt -1.688347 -1.379263
vt -1.803863 -1.358267
vt -1.742323 -1.413857
vt 0.051942 -0.440522
vt -1.670583 -1.447348
vt 0.160572 -0.439842
vt 0.632407 0.143427
vt 0.707292 -0.074342
vt 0.588802 -0.327302
vt 0.296912 -0.457182
vt -1.653753 -1.549092
vt -1.567818 -1.482623
vt -1.563823 -1.581137
vt -1.456893 -1.576717
vt -1.537813 -1.661547
vt -1.472788 -1.677698
vt -1.423743 -1.675913
vt 0.441752 -0.455992
vt -1.333388 -1.660188
vt 0.795267 -0.263043
vt 0.543242 -0.495942
vt -1.395948 -1.739237
vt -1.333473 -1.755303
vt -1.258673 -1.753178
vt -1.469303 -1.736007
vt -2.532568 1.527653
vt -2.451308 1.493993
vt -2.453348 1.560803
vt -2.503922 1.458037
vt -1.376738 -1.803668
vt -1.315878 -1.822963
vt -1.249322 -1.837242
vt 0.640992 -0.502062
vt -1.176138 -1.811998
vt 0.753702 -0.433722
vt 0.862333 -0.375497
vt 0.896502 -0.094147
vt 0.903642 0.144532
vt 0.985327 -0.268567
vt -2.986383 1.355358
vt -2.952213 1.272143
vt -2.872568 1.301468
vt -2.906143 1.236613
vt 0.934582 -0.404482
vt -2.848683 1.225733
vt -2.992163 1.289908
vt 0.720978 -0.549152
vt -3.095438 1.318808
vt -3.030838 1.286253
vt -1.215153 -1.904902
vt -1.124543 -1.905923
vt -1.302533 -1.903542
vt -1.384727 -1.885948
vt -2.588413 1.448943
vt -2.625983 1.386723
vt -2.566652 1.354422
vt -2.667717 1.325267
vt -1.279838 -1.988372
vt -1.180048 -1.984972
vt -3.080393 1.214512
vt -3.166497 1.252932
vt -3.002533 1.235593
vt -2.954252 1.190118
vt -2.906143 1.173712
vt -2.503242 3.640243
vt -2.457258 3.608283
vt -2.444337 3.670758
vt 1.015757 -0.413067
vt -2.397163 3.602163
vt 1.095148 -0.010167
vt 1.181762 -0.222327
vt 1.108747 -0.364277
vt -2.448588 3.543003
vt -2.370133 3.514017
vt 1.081037 -0.466447
vt -2.521263 3.570033
vt -2.585268 3.605223
vt -2.551267 3.673903
vt -2.086913 -2.632417
vt -2.100343 -2.739007
vt -2.035148 -2.682652
vt -2.032342 -2.799953
vt -2.661853 3.636588
vt -2.163667 -2.647717
vt -2.251643 -2.626127
vt -2.234133 -2.718352
vt -2.169703 -2.746572
vt -2.728663 1.263048
vt -2.641537 1.228282
vt -2.762663 1.324758
vt -2.214072 -2.819162
vt -2.270598 -2.779977
vt -2.143693 -2.816103
vt -2.089633 -2.862682
vt -2.679703 3.555498
vt -2.603543 3.531103
vt -2.541068 3.472962
vt -2.433968 3.469987
vt 1.154392 -0.439077
vt -3.347208 2.079557
vt -3.375513 2.153422
vt -3.448103 2.076668
vt -2.386453 3.411508
vt 1.214232 -0.369208
vt 1.268208 -0.294578
vt 1.339012 -0.195212
vt 1.272713 -0.042042
vt 1.281382 -0.361387
vt 1.328387 -0.321438
vt -3.387753 2.007138
vt -3.282013 2.019718
vt -3.334798 1.956137
vt -3.281333 1.945768
vt -2.481228 3.395782
vt -2.443827 3.358298
vt 3.818972 -1.775107
vt 3.757688 -1.696227
vt 3.757942 -1.768647
vt 3.846513 -1.669367
vt -2.697127 3.446527
vt -2.600398 3.342658
vt -2.167153 -2.938247
vt 3.692408 -1.910852
vt 3.757348 -1.838518
vt 3.708642 -1.780122
vt 3.753267 -1.900057
vt 3.911112 -1.728272
vt 3.808007 -1.900738
vt 3.875582 -1.792703
vt 3.857817 -1.849058
vt -3.426768 1.916527
vt -3.334458 1.898592
vt 4.421368 2.754628
vt 4.408193 2.670988
vt 4.464633 2.698188
vt 4.353622 2.744087
vt 3.973758 -1.780378
vt 3.967637 -1.693508
vt 4.031642 -1.717648
vt 3.905843 -1.824663
vt 3.848382 -1.897167
vt 3.879407 -1.919352
vt -2.769293 3.514273
vt -2.763853 3.583718
vt -2.031068 -2.915892
vt -2.086403 -2.966467
vt -2.032513 -3.031832
vt -2.862368 3.522603
vt -2.821058 3.448483
vt 3.754202 -1.953013
vt 3.844643 -1.919692
vt 3.926072 -1.991093
vt 3.949532 -1.889263
vt 4.026117 -1.782843
vt 4.020847 -1.848037
vt -1.113748 -2.944112
vt -1.135253 -2.863277
vt -1.190333 -2.960772
vt -1.054248 -2.856562
vt 3.839287 -1.959048
vt 3.796957 -2.007327
vt 3.719777 -2.032232
vt -2.737333 3.321578
vt -2.683953 3.242103
vt -2.808903 3.378443
vt -2.861263 3.402923
vt -2.916683 3.436752
vt -2.122698 -3.060562
vt -2.068297 -3.125757
vt -2.956123 3.492258
vt -2.191378 -3.139187
vt -2.124568 -3.160012
vt -2.197668 -3.049002
vt -1.675173 4.435418
vt -1.652987 4.367672
vt -1.614483 4.437712
vt -3.170493 -1.171013
vt -3.220047 -1.201442
vt -3.169813 -1.250062
vt -1.724217 4.356963
vt -2.899938 3.350818
vt -1.752863 4.449953
vt -1.721668 -3.471877
vt -1.674663 -3.545232
vt -1.609043 -3.475617
vt -2.828028 3.306363
vt -2.796833 3.227143
vt 3.658493 -2.130237
vt 3.785227 -2.138057
vt 3.835633 -2.005457
vt 3.867167 -2.003672
vt 3.887737 -2.093772
vt -1.067933 -2.766377
vt 3.980302 -2.071842
vt 3.838012 -2.049063
vt 3.700482 -2.239633
vt 3.607832 -2.196197
vt -2.886338 3.262162
vt -1.662763 -3.377612
vt -1.764593 -3.393677
vt 2.103672 2.855268
vt 2.041452 2.778853
vt 2.025727 2.846257
vt 2.210943 2.889948
vt 1.979742 2.791772
vt 1.964867 2.861643
vt 1.917013 2.799592
vt 1.883862 2.892583
vt -3.248013 -1.290777
vt -3.290683 -1.188692
vt 1.814332 2.787268
vt 1.786707 2.889353
vt 1.818753 2.978858
vt -3.357238 -1.263152
vt 1.699837 2.833168
vt 1.719218 2.947662
vt 4.158803 3.199348
vt 4.212862 3.131093
vt 4.234197 3.234197
vt -3.355028 -1.171182
vt 4.144097 3.271258
vt 4.188638 3.315882
vt -2.249178 -3.094137
vt -2.254788 -3.005907
vt -2.303237 -3.079687
vt -2.939888 1.476483
vt -2.946433 1.539042
vt -3.003638 1.504873
vt -3.011373 1.577718
vt -2.965813 1.426588
vt -2.952893 1.621238
vt -3.031857 1.656597
vt 1.626567 2.908477
vt -2.948303 1.720858
vt 1.595287 2.810812
vt 1.509097 2.747828
vt 1.439992 2.592363
vt 2.576272 -3.464822
vt 2.596758 -3.363502
vt 2.507168 -3.416542
vt 2.528503 -3.485052
vt 2.474698 -3.519392
vt -2.853528 1.728167
vt -2.908608 1.772877
vt -2.882768 1.650478
vt -2.873758 1.565902
vt -2.882768 1.489062
vt -2.893138 1.431942
vt -2.881493 1.374398
vt -2.247222 -2.907052
vt -2.841033 1.396582
vt -2.836358 1.438573
vt -2.791478 1.487278
vt -2.779578 1.613247
vt -2.877328 1.815378
vt -2.798278 1.790897
vt -2.766828 1.714737
vt -2.833893 1.871308
vt 2.651667 -3.458532
vt 1.389503 2.758793
vt 2.714057 -3.369112
vt 1.291242 2.567203
vt 1.307053 2.685012
vt 1.289372 2.791518
vt 2.747463 -3.494147
vt 2.813508 -3.405152
vt 4.051618 1.516262
vt 4.004357 1.603473
vt 3.958033 1.530032
vt 3.916637 1.584942
vt 3.877113 1.501812
vt -2.709708 1.766418
vt -2.680638 1.665353
vt -2.676642 1.583583
vt -2.771928 1.389017
vt -2.687863 1.422508
vt -2.691348 1.514138
vt -2.617483 1.721792
vt 3.883232 1.443842
vt 3.820333 1.415537
vt 3.923692 1.476568
vt 3.974863 1.471978
vt 4.005972 1.411628
vt 4.092417 1.445118
vt 2.830678 -3.483012
vt 1.231402 2.733038
vt 1.535192 -0.840447
vt 1.525842 -0.771597
vt 1.467022 -0.828462
vt 1.514113 -0.898332
vt 1.218822 2.652287
vt 1.185162 2.546038
vt 1.152692 2.427888
vt 1.081122 2.523512
vt 1.524482 -3.226567
vt 1.613817 -3.191037
vt 1.553552 -3.111647
vt 1.471017 -3.187977
vt 1.442202 -3.124312
vt 1.411772 -3.195882
vt 1.361962 -3.155507
vt 1.594352 -0.813843
vt 1.578712 -0.741592
vt 1.593163 -0.895867
vt 1.560693 -0.975258
vt 1.638807 -1.052098
vt 1.682753 -0.985457
vt 3.929897 1.424887
vt 3.914937 1.348218
vt 3.874393 1.391227
vt -2.590452 1.656087
vt -2.622073 1.530882
vt -2.606092 1.595228
vt 3.829173 1.328242
vt 1.684282 -0.877337
vt 1.661417 -0.762758
vt 1.603278 -0.687872
vt 1.661332 -0.658973
vt 1.751602 -0.724508
vt 1.737322 -0.622167
vt 1.668047 -0.555358
vt 1.772172 -0.840277
vt 1.738087 -1.087458
vt 3.868952 1.253612
vt 3.754202 1.338188
vt 3.743832 1.407463
vt 3.685522 1.352298
vt -2.525938 1.608148
vt 3.697762 1.290673
vt 3.758878 1.239248
vt 1.761717 -1.025832
vt 1.784072 -0.958002
vt 1.856237 -0.788257
vt 1.830992 -0.676142
vt 1.948547 -0.732497
vt 1.881057 -0.911677
vt 1.837452 -1.069268
vt 1.797843 -1.137437
vt 3.819993 1.192668
vt 3.766528 1.140393
vt -1.606493 -1.732777
vt -1.633523 -1.649222
vt -1.520048 -1.724277
vt 3.668862 1.235593
vt 3.630103 1.285148
vt 3.619308 1.215872
vt 1.861083 -1.177897
vt 1.944552 -1.119162
vt 1.943617 -1.014613
vt 1.861847 -0.988688
vt 1.897122 -0.613753
vt 1.804812 -0.574822
vt 1.867033 -0.505463
vt 1.959342 -0.539123
vt 1.989773 -0.645967
vt 1.960958 -0.845208
vt 1.976852 -0.931737
vt 2.033122 -0.980697
vt -1.753883 -1.512287
vt 2.057772 -0.896802
vt 2.035927 -0.807553
vt 2.065592 -0.724508
vt 1.916757 -0.498917
vt 1.806598 -0.448682
vt 1.784072 -0.497642
vt 1.734262 -0.535128
vt 4.346227 -1.176197
vt 4.267942 -1.121288
vt 4.304663 -1.222097
vt 4.225953 -1.240372
vt 4.357702 -1.121797
vt 1.857683 -0.428708
vt 4.349288 -1.047677
vt 1.812632 -0.377537
vt 1.924067 -0.453187
vt 2.097297 -0.802622
vt 2.082762 -0.842827
vt 2.032273 -0.465088
vt 1.963422 -0.385952
vt 1.887433 -0.365042
vt 3.805202 3.668718
vt 3.770607 3.770633
vt 3.709578 3.709857
vt 0.948523 2.336597
vt 0.911292 2.236128
vt 1.029527 2.251853
vt 1.034797 2.406127
vt 1.142577 2.312628
vt 3.803672 3.559323
vt 3.720798 3.622053
vt 0.850348 2.146452
vt 1.948292 -0.302907
vt 2.026407 -0.353567
vt 2.097893 -0.310472
vt 2.017398 -0.255223
vt 1.947017 -0.213317
vt 0.764072 2.091798
vt 2.019862 -0.150758
vt 0.693012 2.041733
vt 2.086333 -0.156112
vt 2.072563 -0.088283
vt 2.084888 -0.220202
vt 2.157732 -0.259473
vt 2.136652 -0.189517
vt 1.350062 -3.228692
vt -2.816723 1.355273
vt -2.267198 -2.842027
vt 2.313198 2.968148
vt 2.217232 2.986847
vt -1.178518 -2.769012
vt -1.262328 -2.718692
vt -1.306698 -2.846702
vt -1.227138 -2.890223
vt -1.285958 -2.918272
vt -1.353193 -2.745467
vt -1.331858 -2.942072
vt -1.272528 -2.990862
vt -1.249748 -3.079262
vt -1.221443 -3.017977
vt -1.330243 -3.076457
vt -1.355403 -3.017552
vt -1.398498 -2.964853
vt -1.363817 -2.908072
vt -1.420683 -2.869907
vt -1.439128 -2.749292
vt 0.695988 3.485033
vt -1.514693 -2.732038
vt 0.724293 3.546403
vt -1.512993 -2.823922
vt -1.483498 -2.977262
vt -1.519793 -2.912322
vt -2.736823 0.049673
vt -2.818593 -0.029462
vt -2.706053 -0.009232
vt -2.817913 0.070923
vt -2.727727 -0.087007
vt -1.113748 4.378128
vt -1.164323 4.315313
vt -1.030448 4.312762
vt -1.209798 4.383398
vt 1.439397 -0.328747
vt 1.538507 -0.286417
vt 1.459712 -0.207367
vt 4.344357 2.647783
vt 1.389503 -0.289733
vt 1.476712 0.037773
vt 1.561118 -0.131378
vt 1.647987 -0.200738
vt 1.608717 -0.317698
vt 1.702557 -0.280637
vt -2.705798 -2.718352
vt -2.790543 -2.766717
vt -2.696278 -2.798677
vt -2.772268 -2.673387
vt -1.594423 -2.881212
vt -1.586518 -2.787712
vt 0.764497 3.502542
vt 0.806657 3.576832
vt 0.799603 3.456558
vt 0.839807 3.517588
vt -1.663443 -2.832592
vt 0.897778 3.582612
vt -2.853358 -2.710788
vt -2.851573 -2.626892
vt 1.748542 -0.166482
vt 1.775657 -0.252588
vt 1.704343 0.006408
vt 1.838047 -0.190283
vt -2.935808 -2.687753
vt 2.874708 4.113862
vt 2.841048 4.228442
vt 2.773218 4.148883
vt 0.917752 3.488773
vt 0.853152 3.475257
vt 0.853323 3.429188
vt 0.861057 3.345803
vt 0.901347 3.413973
vt 2.929957 4.204473
vt 0.970792 3.391872
vt 1.017372 3.468373
vt 1.832608 -0.076127
vt 1.795462 -1.900652
vt 1.741148 -1.974008
vt 1.829887 -2.015743
vt 1.876637 0.063187
vt 1.741318 -2.066148
vt 1.815267 -2.159222
vt 1.082397 3.397822
vt 0.939257 3.276188
vt 1.051542 3.307043
vt 0.801133 3.206657
vt 1.013463 3.213628
vt 0.918688 3.172743
vt 1.670002 -2.229347
vt 1.723722 -2.158542
vt 1.648753 -2.120377
vt 1.109087 3.220003
vt 1.305948 0.180147
vt 1.837027 0.202927
vt 1.921942 0.179553
vt 1.746843 -2.219657
vt 1.788492 -2.279412
vt 1.721937 -2.277372
vt 1.735537 -2.336277
vt 1.138413 0.240498
vt 1.717772 0.312237
vt 1.511222 0.361452
vt 1.314617 0.479518
vt 1.046867 0.407608
vt 0.970707 0.522442
vt 0.807592 0.402763
vt 1.875957 0.353802
vt 1.854112 0.447812
vt 1.121752 0.612033
vt 1.333402 0.734093
vt 0.912992 0.666263
vt 0.667342 0.587893
vt 1.461412 0.670683
vt 1.544713 0.585427
vt 1.684963 0.537148
vt 1.808722 0.525332
vt 1.658782 0.641698
vt 1.733242 0.670512
vt 1.784667 0.622573
vt 1.553298 0.694397
vt 1.621382 0.700007
vt 1.458863 0.764013
vt 1.533747 0.756617
vt 1.149292 0.859553
vt 0.893613 0.921858
vt 0.741547 0.766052
vt 0.561432 0.749308
vt 1.431322 0.827507
vt 1.511478 0.829973
vt 3.344587 0.043213
vt 3.353002 0.118353
vt 3.259757 0.088518
vt 3.293842 0.153203
vt 1.589677 0.753898
vt 1.689297 0.720577
vt 3.212072 0.160597
vt 3.299282 0.215338
vt 3.229582 0.235653
vt 3.257717 0.001817
vt -1.035973 -2.977687
vt -0.930828 -2.984912
vt -1.003503 -2.891922
vt 2.712527 3.609133
vt 2.637642 3.647298
vt 2.646312 3.560938
vt 2.734627 3.686993
vt 1.478327 0.905197
vt 3.355722 -0.041192
vt 1.362387 0.906982
vt 0.662328 0.917862
vt 1.435912 0.964527
vt 1.395367 0.979148
vt 3.367622 -0.115143
vt 3.268087 -0.118032
vt -0.904392 -2.882742
vt -0.949953 -2.787967
vt 3.191418 2.965173
vt 3.260437 2.991013
vt 3.261203 3.060883
vt 3.168127 3.051702
vt 3.344842 -0.171072
vt 3.277098 2.952168
vt -0.870903 -2.822137
vt 3.397457 -0.150247
vt 1.357373 1.027683
vt 3.417518 -0.213573
vt 1.267187 0.970648
vt 1.186098 1.001588
vt 1.068967 1.032697
vt 0.923617 1.118463
vt 0.748687 1.082593
vt 0.533638 1.094662
vt 0.811842 1.212132
vt 0.898287 1.222247
vt 0.941212 1.189437
vt 0.979123 1.179153
vt 1.024938 1.134443
vt 1.104667 1.138352
vt 1.172582 1.083527
vt 1.260642 1.062277
vt 1.324307 1.109707
vt 3.339317 -0.284632
vt 3.421087 -0.302993
vt 3.339232 -0.219862
vt 3.738647 -0.241452
vt 3.783442 -0.246212
vt 3.750462 -0.155857
vt 3.676682 -0.237032
vt 3.603922 -0.185012
vt 3.663337 -0.150332
vt 3.575787 -0.265678
vt 3.376632 -0.381957
vt 1.269992 1.138183
vt 3.457808 -0.357562
vt 1.221032 1.125943
vt 1.170967 1.150423
vt -0.463838 -2.359822
vt -0.513478 -2.436322
vt -0.412073 -2.422807
vt -0.440803 -2.493698
vt -0.396943 -2.356252
vt -0.499198 -2.523277
vt -0.560568 -2.516647
vt -0.523083 -2.557617
vt -0.569493 -2.588048
vt -0.652113 -2.620517
vt -0.591508 -2.689622
vt -0.634348 -2.540957
vt 0.776737 1.319063
vt 0.655273 1.262368
vt -0.698013 -2.712317
vt 0.480512 1.266448
vt -0.731418 -2.631567
vt -0.715183 -2.558382
vt 3.346712 -1.643782
vt 3.257547 -1.648797
vt 3.312542 -1.703963
vt 3.396608 -1.586578
vt 3.291887 -1.547733
vt 3.414202 -1.496732
vt 3.328097 -1.454147
vt 3.381477 -1.420148
vt 3.450072 -1.412242
vt 3.405277 -1.366427
vt 3.486707 -1.337868
vt -0.424143 -2.287657
vt 1.212362 1.195643
vt 3.461972 -0.435593
vt 3.555642 -0.196742
vt 3.492063 -0.198103
vt 3.500052 -1.243687
vt 3.398137 -1.285337
vt 3.315263 -1.359202
vt 3.235192 -1.434172
vt 3.181812 -1.598307
vt 3.164302 -1.507782
vt 3.229582 -1.703963
vt 3.181983 -1.660442
vt -0.808853 -2.589322
vt 3.253723 -1.777658
vt -0.789983 -2.686987
vt 0.712817 1.371082
vt -0.767203 -2.773857
vt 0.543753 1.361223
vt 0.635468 1.403298
vt 0.698282 1.466878
vt -0.859938 -2.754647
vt -0.887733 -2.658257
vt 3.149852 -1.819563
vt 3.247262 -1.882547
vt 3.130218 -1.723513
vt 3.097492 -1.630693
vt 3.182493 -1.323503
vt 3.104717 -1.413262
vt 3.086782 -1.554958
vt 3.073352 -1.485682
vt 3.040882 -1.757002
vt 3.062728 -1.722322
vt 3.145518 -1.916207
vt 3.048192 -1.863762
vt 3.306678 -1.951737
vt 3.224567 -1.959133
vt 3.241567 -2.040647
vt 0.596962 1.510568
vt 0.562707 1.444778
vt 3.165492 -2.036822
vt 3.148067 -2.084763
vt 3.230857 -2.120377
vt 0.512982 1.497562
vt 3.155632 -1.995258
vt 3.037907 -1.967718
vt 3.025413 -1.677442
vt 3.001017 -1.580118
vt 3.016828 -1.513052
vt 2.946022 -1.813697
vt 2.958518 -1.894702
vt 3.112197 -2.024837
vt 3.043772 -2.056882
vt 2.959792 -2.018972
vt 2.921032 -1.705493
vt 2.939052 -1.626187
vt 2.933953 -1.496393
vt 2.910917 -1.563203
vt 3.005948 -1.446327
vt 3.068507 -1.324097
vt 2.988013 -1.365237
vt 2.925877 -1.415473
vt -2.903337 -2.008517
vt -2.982388 -1.983613
vt -2.976353 -2.062237
vt -2.965728 -2.136867
vt -2.871718 -2.111112
vt 2.845382 -1.617177
vt -2.942098 -1.912637
vt 2.821157 -1.703707
vt 2.850142 -1.781823
vt 2.874792 -1.864612
vt 2.896042 -1.951057
vt 1.913442 -1.227708
vt 1.949227 -1.308288
vt 2.001333 -1.205862
vt 2.077152 -1.267488
vt 2.029298 -1.326818
vt 2.016887 -1.385978
vt 1.905028 -1.431962
vt 1.851562 -1.278962
vt 4.190763 2.773583
vt 4.213798 2.868187
vt 4.136107 2.832488
vt 2.810192 -1.903798
vt 2.772453 -1.984717
vt 4.109162 2.945538
vt 2.796593 -1.837837
vt 2.764802 -1.767713
vt -2.854038 -1.850248
vt -2.937593 -1.820328
vt -2.882173 -1.753093
vt -2.853102 -1.940008
vt 2.301213 1.100697
vt 2.367598 1.142772
vt 2.285742 1.197767
vt 2.397518 1.243243
vt 2.281493 1.324418
vt 2.380687 1.401767
vt 2.506997 1.301808
vt -2.916853 -2.218042
vt 2.888478 -1.327667
vt 2.948402 -1.294688
vt 2.504872 1.447413
vt 2.614608 1.372018
vt 3.706603 3.922613
vt 3.764232 3.839228
vt 3.789477 3.960948
vt 2.169037 1.521703
vt 2.411713 1.597863
vt 2.149403 1.271547
vt 2.197853 1.115657
vt 2.263727 1.017993
vt 2.148382 0.995893
vt 2.229387 0.926787
vt 2.143367 0.873152
vt 2.728677 -1.860958
vt 1.751517 -1.440463
vt 1.836177 -1.350787
vt 1.735962 -1.296813
vt 4.094627 -1.745102
vt 4.236152 -1.810043
vt 4.207848 -1.655088
vt 4.125143 -1.872773
vt 1.771068 -1.557847
vt 1.840342 -1.512033
vt 4.337728 -1.723258
vt 4.322173 -1.612418
vt 2.006943 1.115403
vt 1.906812 0.978553
vt 2.031168 0.927637
vt 2.608572 1.571852
vt 1.923728 1.370402
vt 1.804557 1.182128
vt 1.865503 1.073668
vt 1.810082 1.009918
vt 1.822152 0.925598
vt 1.853857 -1.596608
vt -3.138363 1.746953
vt -3.196503 1.693573
vt -3.108018 1.661613
vt -3.057698 1.734288
vt 1.728482 1.037627
vt 1.746672 0.976938
vt 1.782627 1.081913
vt 2.722132 1.746273
vt 2.764972 1.586558
vt 2.530713 1.820987
vt 2.272142 1.834758
vt 1.701962 1.111238
vt 1.642887 1.048338
vt 1.664052 1.197682
vt 1.685812 1.323993
vt 1.915652 1.580012
vt 1.576842 1.130363
vt 1.550407 1.245113
vt 1.852838 1.647503
vt 1.513177 1.375078
vt 1.459288 1.179747
vt 1.416872 1.272568
vt 2.737772 1.987502
vt 2.920607 2.131407
vt 3.091117 2.247518
vt 3.201617 2.359208
vt 3.232728 2.265198
vt 3.103952 2.067063
vt 2.952057 1.971097
vt 2.880063 1.825068
vt 2.992857 1.860088
vt 3.080832 1.919672
vt 3.196772 1.948063
vt 3.254657 2.047428
vt 3.225502 2.164217
vt 3.300557 2.322998
vt 3.227628 2.455428
vt 3.286788 2.395247
vt 3.211647 2.521133
vt 3.285002 2.506342
vt 3.313053 2.452453
vt 3.975628 -0.860338
vt 3.988717 -0.788343
vt 3.897682 -0.816902
vt 3.925987 -0.903092
vt 3.338297 2.226608
vt 3.927773 -0.746607
vt 3.999342 -0.690423
vt 3.330223 2.117977
vt 0.958722 3.845943
vt 0.998672 3.931623
vt 0.892847 3.892863
vt 0.910868 4.006678
vt 1.043807 3.836253
vt -3.225998 -0.925362
vt -3.330973 -0.871982
vt -3.331568 -0.991152
vt 3.124182 3.574792
vt 3.117212 3.484693
vt 3.215387 3.493703
vt 3.158267 3.406493
vt -3.239598 -1.023622
vt -3.292893 -1.090007
vt 2.965572 1.797783
vt -3.232628 -1.082698
vt -3.243678 -1.133613
vt 3.158523 3.660048
vt 3.165917 3.716488
vt 3.111007 3.710962
vt 3.071313 3.643472
vt 3.017082 3.584398
vt 3.019632 3.510108
vt 3.042752 3.420773
vt 3.077687 3.331098
vt 3.176627 3.332032
vt 3.145772 3.270918
vt 3.232132 3.278652
vt 3.167193 3.189487
vt 4.022122 -0.582218
vt 3.912472 -0.597518
vt 3.900233 -0.682943
vt 0.896757 2.679658
vt 0.962547 2.730572
vt 0.870237 2.753352
vt 0.960507 2.652627
vt 0.962207 2.824243
vt 0.858082 2.852463
vt 0.789233 2.794322
vt 0.766707 2.852803
vt 0.957277 2.933043
vt 0.869388 2.927093
vt 0.813882 2.900913
vt 1.055537 2.785993
vt 1.036583 2.694362
vt 3.205442 3.127097
vt 3.120272 3.117578
vt 3.051847 3.235473
vt 3.073947 3.161438
vt 3.000167 3.295228
vt 2.963788 3.348012
vt 2.915507 3.436328
vt 2.971947 3.645427
vt 3.032468 3.710198
vt 2.892133 3.558897
vt 2.908027 3.249753
vt 2.973902 3.147327
vt 3.043432 3.117832
vt 1.100842 2.735077
vt 1.052477 2.887738
vt 1.058427 2.986167
vt 1.142662 2.857223
vt 1.125832 2.947578
vt 1.131102 2.781657
vt -1.777258 4.508433
vt -1.847893 4.544303
vt -1.825707 4.480213
vt 2.951548 3.714278
vt 2.861192 3.676708
vt 2.829572 3.405898
vt 2.853798 3.345377
vt -1.869058 4.482507
vt 1.170542 2.799932
vt 1.227918 2.955653
vt 1.137732 3.041248
vt 1.218993 2.830023
vt -1.925753 4.477663
vt 2.873687 3.153277
vt 2.895022 3.086213
vt 2.796847 3.179288
vt 2.745253 3.378358
vt 2.760722 3.265988
vt 2.803222 3.465142
vt 2.790132 3.610068
vt 2.754432 3.546318
vt 2.675977 3.468968
vt 2.640957 3.385243
vt 2.658638 3.308913
vt 2.651582 3.207933
vt 2.724852 3.192548
vt 2.800843 3.093522
vt 1.306712 2.866658
vt 1.287588 3.045328
vt 1.341393 2.974012
vt 1.736642 -2.477973
vt 1.798182 -2.492847
vt 1.789937 -2.391443
vt 1.738343 -2.566712
vt 1.693123 -2.410652
vt 1.234037 3.084853
vt 1.771153 -2.661487
vt 1.833798 -2.570878
vt 1.688703 -2.643807
vt 2.713123 3.131008
vt 1.913612 0.578118
vt 4.184982 3.454347
vt 4.233772 3.365013
vt 4.312397 3.480868
vt 1.942257 0.466938
vt 1.869157 -2.679592
vt 4.324042 3.378613
vt 4.280097 3.299477
vt 1.736048 0.773957
vt 1.800903 0.709528
vt 3.127157 0.221202
vt 1.955008 0.388993
vt 1.944382 0.288948
vt 1.162552 3.141377
vt 1.220778 3.167643
vt 1.076532 3.118428
vt 1.181847 3.210908
vt 1.066842 3.049237
vt 1.049332 3.170958
vt 0.994763 3.046093
vt 0.993658 3.136788
vt 0.910103 3.082047
vt 0.840912 3.112393
vt 0.894972 2.995603
vt 0.826888 2.950978
vt 0.809632 3.015493
vt 0.747497 3.078903
vt 0.700577 2.979283
vt 0.748772 2.916468
vt 3.139652 4.135962
vt 3.153847 4.067198
vt 3.219807 4.143528
vt 3.191502 3.992058
vt 3.260777 4.083773
vt 0.660712 3.041418
vt 3.231112 3.929072
vt 3.287892 3.993928
vt 3.299197 3.916578
vt -0.825683 -3.059457
vt -0.830953 -2.951252
vt -0.742893 -2.998597
vt -0.817948 -2.870757
vt -0.740598 -2.917423
vt -0.728783 -3.069572
vt -0.674468 -2.965447
vt -0.662652 -3.034637
vt 3.513907 2.896408
vt 3.518923 2.980303
vt 3.434263 2.912982
vt 3.403577 2.973418
vt 3.344842 2.926753
vt 3.324102 2.991523
vt 3.408082 3.053063
vt 3.520707 3.068532
vt 3.596443 2.900488
vt -0.594993 -2.989927
vt -0.589723 -3.074927
vt -0.659423 -3.112072
vt 3.695383 2.899637
vt 3.641323 2.974438
vt -0.509483 -3.040502
vt 3.604857 3.047028
vt 3.697678 0.097783
vt 3.640812 0.047463
vt 3.734397 -0.010253
vt 3.638857 0.149972
vt 3.704477 0.184313
vt 3.666737 -0.067457
vt 3.605197 -0.105112
vt 3.594912 -0.018922
vt 3.581482 0.045763
vt 3.574257 0.110192
vt 3.569752 0.212787
vt 3.645402 0.242452
vt 3.679913 3.034277
vt 3.671412 3.089358
vt 3.736098 2.984383
vt -0.525973 -3.121167
vt -2.244418 -3.264392
vt -2.237617 -3.184492
vt -2.320918 -3.233623
vt -2.329758 -3.140122
vt -0.589638 -3.148282
vt -0.539743 -3.172592
vt -3.191148 -1.102843
vt -2.186958 -3.237872
vt 2.948658 1.727062
vt 2.852522 1.680907
vt 2.940243 1.626677
vt 2.869607 1.576613
vt 3.736182 3.070402
vt -0.726743 4.164438
vt -0.688408 4.251562
vt -0.792363 4.224022
vt -0.637833 4.169708
vt 3.497247 0.152947
vt 3.480163 0.253333
vt -0.770773 4.324238
vt 3.516288 0.035818
vt 3.549522 -0.062782
vt 3.549012 -0.138093
vt 3.473022 -0.077233
vt 3.430692 0.024173
vt 3.437492 0.109598
vt 3.430437 0.186778
vt 2.720517 1.336658
vt 2.810107 1.382473
vt 2.724257 1.454893
vt 3.034338 -1.145257
vt 3.001187 -1.069862
vt 2.963362 -1.159962
vt 2.835438 1.486767
vt 3.031532 -1.203227
vt 2.990392 -1.252527
vt 3.666822 3.781852
vt 3.651692 3.877733
vt 3.103358 -1.180618
vt 3.086018 -1.259158
vt 3.172547 -1.231957
vt 3.282793 -1.243603
vt 3.038418 -1.284997
vt 3.006967 -1.304377
vt 1.370038 1.358077
vt 1.282743 1.286933
vt 0.001027 3.301603
vt -0.028978 3.398163
vt -0.092388 3.296078
vt 1.349722 1.204228
vt 0.076932 3.382353
vt 0.092572 3.305768
vt 0.170687 3.355153
vt 0.172132 3.444488
vt 2.107072 -2.215662
vt 2.108517 -2.115957
vt 2.017057 -2.151912
vt 2.028362 -2.244392
vt 2.014507 -2.058412
vt 2.102992 -2.290802
vt 2.208137 -2.293012
vt 2.189522 -2.187612
vt 2.192497 -2.119187
vt 2.164702 -2.051953
vt 2.083697 -2.017272
vt 1.940302 -1.991093
vt 2.013317 -1.975453
vt 1.965207 -1.882632
vt 1.884203 -1.920288
vt 0.244382 3.406747
vt 2.065167 -1.926493
vt 2.239077 -2.084507
vt 2.234317 -2.001037
vt 2.143962 -1.968228
vt 2.263557 -2.153782
vt 2.266448 -2.222632
vt 2.320252 -2.364157
vt 2.325947 -2.271847
vt 2.345072 -2.199087
vt 2.351362 -2.090202
vt 2.326627 -1.977323
vt 2.250042 -1.897422
vt 2.190202 -1.935418
vt 2.142602 -1.873878
vt 2.055562 -1.838602
vt 1.862952 -1.840812
vt 1.553042 1.052162
vt 1.485892 1.102482
vt 2.001417 -1.768818
vt 1.905028 -1.776978
vt 2.207457 -1.805112
vt 2.357568 -1.886967
vt 2.300362 -1.801032
vt 2.392417 -2.013702
vt 2.386892 -2.241077
vt 2.418003 -2.302532
vt 2.460757 -2.195942
vt 2.463562 -2.103547
vt 2.452343 -2.047022
vt 2.432792 -2.005117
vt 2.398112 -1.960918
vt 2.383492 -1.813867
vt 2.367258 -1.753348
vt 2.318297 -1.723598
vt 2.235762 -1.715692
vt 2.114637 -1.741618
vt 2.171757 -1.659508
vt 2.323737 -1.645057
vt 2.235507 -1.634858
vt 2.361732 -1.700647
vt 2.419617 -1.767033
vt 2.409418 -1.702773
vt 2.416982 -1.853902
vt 2.428967 -1.813273
vt 2.440527 -1.903542
vt 2.460077 -1.969672
vt -0.113893 0.819603
vt -0.113127 0.857343
vt -0.162938 0.850543
vt -0.064422 0.840513
vt -0.229068 0.844422
vt -0.199488 0.801583
vt -0.150868 0.781352
vt -0.324948 0.823343
vt -0.245218 0.790023
vt -0.204758 0.744802
vt -0.078363 0.767243
vt 2.483877 -1.924962
vt -0.017588 0.800307
vt -0.023453 0.851817
vt 2.496967 -1.878128
vt -0.021328 0.898397
vt 0.027377 0.855982
vt 0.042762 0.916928
vt 0.006467 0.950928
vt 0.043442 0.964442
vt 0.083052 0.948293
vt 0.074722 1.001928
vt 0.139917 0.975322
vt 0.115352 1.057178
vt 0.188367 1.031592
vt 0.163887 1.108432
vt 2.379242 -1.671577
vt 2.402447 -1.633753
vt 2.378138 -1.580373
vt 2.179492 -1.579778
vt 2.263897 -1.582412
vt 2.327393 -1.554532
vt 0.258237 1.093982
vt 0.195592 1.162237
vt 0.258492 1.203038
vt 0.188792 1.231172
vt 0.264782 0.921093
vt 0.119177 0.876807
vt 0.065797 0.770303
vt -0.010618 0.714202
vt -0.131488 0.710208
vt -0.067653 0.711823
vt -0.218783 0.664222
vt -0.136163 0.643737
vt -0.062213 0.660482
vt 0.074637 0.634218
vt -0.001693 0.655892
vt 0.192107 0.742932
vt 0.370862 1.041963
vt 0.364147 1.181533
vt 0.303542 1.258543
vt 0.245657 1.271887
vt 2.248002 -1.510588
vt 2.325352 -1.483897
vt 2.283787 -1.426777
vt 0.287817 1.322038
vt 0.368142 1.293562
vt 0.457903 0.904772
vt 0.434442 1.371678
vt 0.342812 1.368872
vt 2.205162 -1.446073
vt 2.292967 -1.352147
vt 2.218422 -1.379773
vt 0.367972 1.432963
vt 2.238397 -1.303358
vt 0.430872 1.446988
vt 0.493008 1.435002
vt 0.457987 1.478182
vt 2.242987 -1.242157
vt 2.180087 -1.257797
vt 2.206947 -1.207648
vt 2.152632 -1.329113
vt 2.119483 -1.412242
vt 2.144983 -1.498263
vt 2.074772 -1.344753
vt 2.150337 -1.205608
vt 2.191223 -1.153417
vt 2.099167 -1.160473
vt 2.091177 -1.554448
vt 2.029552 -1.488403
vt 2.015697 -1.585983
vt 1.928827 -1.540933
vt 2.097297 -1.629673
vt 2.019012 -1.676337
vt 1.937412 -1.632477
vt 1.868987 -1.687048
vt -3.215628 1.783588
vt 1.947017 -1.708298
vt -3.160038 1.809512
vt 1.685982 1.003543
vt -3.197183 1.842747
vt -3.154853 1.874877
vt 1.849097 -1.744083
vt 1.855217 -1.782417
vt -3.205513 1.880658
vt -3.219877 1.937097
vt 0.367632 0.733582
vt 0.472692 0.590357
vt 0.506522 0.377433
vt 0.261467 0.517343
vt 0.005532 0.565793
vt -0.011468 0.617388
vt 0.069027 0.496263
vt -0.041728 0.501278
vt -0.079723 0.584068
vt -0.180703 0.585852
vt -0.140668 0.516323
vt -0.264088 0.595628
vt -0.325288 0.645947
vt -0.276583 0.730693
vt -0.416918 0.682583
vt -0.350703 0.729502
vt -0.407652 0.764862
vt -0.479733 0.738598
vt 2.497478 -2.367558
vt 2.508102 -2.290462
vt 3.439787 2.754968
vt 3.373317 2.775028
vt 3.387852 2.693682
vt 3.297582 2.705073
vt -0.546288 0.705532
vt 3.347733 2.599503
vt 2.288037 -2.434028
vn 0.0803 -0.5818 -0.8094
vn -0.0636 -0.9346 -0.3500
vn -0.2382 -0.5189 -0.8210
vn -0.2638 -0.8282 -0.4946
vn -0.4920 -0.1530 -0.8570
vn -0.3353 0.0090 -0.9421
vn -0.0507 -0.0447 -0.9977
vn 0.1574 -0.9079 -0.3886
vn 0.0045 -0.9987 -0.0511
vn -0.0859 -0.9872 -0.1347
vn -0.4508 -0.6662 -0.5941
vn -0.6105 -0.3277 -0.7210
vn -0.3826 0.1113 -0.9172
vn -0.4860 0.0358 -0.8732
vn -0.6630 0.0073 -0.7486
vn -0.2707 0.0798 -0.9593
vn 0.2416 0.0476 -0.9692
vn -0.0982 0.0817 -0.9918
vn 0.3596 -0.0683 -0.9306
vn 0.3963 -0.3860 -0.8330
vn 0.0172 -0.9968 -0.0778
vn 0.1610 -0.8467 -0.5071
vn 0.4106 -0.3089 -0.8579
vn -0.0062 -1.0000 0.0045
vn 0.0122 -0.9998 0.0186
vn -0.0202 -0.9997 0.0144
vn -0.3536 -0.9137 -0.2004
vn -0.4515 -0.7033 -0.5490
vn -0.6480 -0.1703 -0.7424
vn -0.6317 0.0050 -0.7752
vn -0.5447 -0.0041 -0.8386
vn -0.2854 0.0172 -0.9582
vn -0.1654 0.0277 -0.9858
vn 0.0432 0.0070 -0.9990
vn 0.3991 0.0093 -0.9169
vn 0.4611 0.0318 -0.8868
vn 0.4723 -0.0087 -0.8814
vn 0.3768 0.0191 -0.9261
vn 0.2692 -0.3509 -0.8969
vn 0.0710 -0.9884 -0.1346
vn 0.2590 -0.7107 -0.6541
vn -0.0012 -1.0000 -0.0009
vn -0.3036 -0.9459 -0.1141
vn -0.0003 -1.0000 0.0001
vn 0.0033 -1.0000 -0.0054
vn 0.0504 -0.9965 -0.0667
vn 0.2499 -0.8788 -0.4066
vn 0.5213 -0.3341 -0.7852
vn 0.3445 -0.1215 -0.9309
vn 0.4556 0.0550 -0.8885
vn 0.1164 -0.2650 -0.9572
vn 0.0253 -0.9913 -0.1290
vn -0.0831 -0.8594 -0.5045
vn 0.0000 -1.0000 0.0003
vn -0.0016 -1.0000 0.0017
vn -0.0271 -0.9960 -0.0853
vn -0.0398 -0.9097 -0.4133
vn -0.2258 -0.4543 -0.8618
vn 0.0024 -0.9996 -0.0274
vn -0.0002 -1.0000 0.0006
vn 0.0005 -1.0000 -0.0002
vn 0.0004 -1.0000 -0.0013
vn -0.0003 -1.0000 -0.0004
vn 0.0217 -0.9995 -0.0243
vn -0.0001 -1.0000 0.0001
vn -0.0000 -1.0000 -0.0000
vn 0.0031 -0.9999 -0.0130
vn 0.0001 -1.0000 -0.0001
vn -0.0006 -1.0000 0.0001
vn 0.0040 -1.0000 0.0041
vn -0.0005 -1.0000 0.0001
vn -0.0102 -0.9999 0.0061
vn -0.0002 -1.0000 0.0005
vn 0.0000 -1.0000 0.0001
vn -0.0001 -1.0000 -0.0005
vn -0.0008 -1.0000 0.0017
vn -0.0001 -1.0000 0.0007
vn -0.0003 -1.0000 -0.0014
vn 0.0013 -1.0000 0.0004
vn 0.0651 -0.9979 -0.0027
vn -0.0033 -0.9999 -0.0120
vn -0.0031 -1.0000 0.0026
vn -0.0107 -0.9994 -0.0315
vn 0.1265 -0.9883 -0.0850
vn -0.0048 -0.9997 -0.0251
vn 0.1310 -0.9559 0.2627
vn -0.0010 -0.9979 0.0655
vn 0.0526 -0.9975 0.0482
vn -0.0049 -0.9995 0.0324
vn 0.0001 -1.0000 0.0006
vn 0.0156 -0.9931 0.1158
vn 0.0094 -0.9931 0.1165
vn 0.0598 -0.9807 0.1864
vn 0.0869 -0.9647 0.2487
vn 0.2016 -0.8554 0.4772
vn 0.2948 -0.5694 0.7674
vn 0.4070 -0.5480 0.7308
vn 0.3451 -0.8150 0.4655
vn 0.1682 -0.9684 -0.1840
vn 0.0383 -0.9950 -0.0925
vn 0.3086 -0.9497 -0.0526
vn 0.4203 -0.8706 -0.2555
vn 0.3717 -0.9000 0.2277
vn 0.5245 -0.2090 0.8254
vn 0.6084 -0.4455 0.6568
vn 0.4621 -0.1152 0.8793
vn 0.4946 -0.4023 0.7704
vn 0.3636 -0.7144 0.5979
vn 0.2789 -0.7999 0.5315
vn 0.1566 -0.8710 0.4656
vn 0.0680 -0.8821 0.4661
vn 0.0571 -0.9067 0.4178
vn 0.0816 -0.5268 0.8461
vn 0.0439 -0.5384 0.8416
vn 0.1300 -0.7161 0.6857
vn 0.2568 -0.6607 0.7054
vn 0.5865 -0.3110 0.7478
vn 0.4812 -0.4832 0.7314
vn 0.5949 -0.0444 0.8026
vn 0.5135 0.0396 0.8572
vn 0.5006 -0.0178 0.8655
vn 0.6903 -0.0093 0.7235
vn 0.8586 -0.2524 0.4461
vn 0.8686 -0.4825 0.1127
vn 0.8516 -0.4546 -0.2611
vn 0.9878 -0.0359 0.1513
vn 0.9759 -0.0552 -0.2113
vn 0.9066 -0.0031 0.4220
vn 0.7257 -0.0395 0.6869
vn 0.4534 -0.0215 0.8910
vn 0.5526 0.0005 0.8334
vn 0.6360 -0.0013 0.7717
vn 0.5346 -0.0554 0.8433
vn 0.3521 -0.2732 0.8952
vn 0.0953 -0.2693 0.9583
vn 0.0105 -0.0968 0.9952
vn 0.2084 0.0362 0.9774
vn 0.0158 0.0302 0.9994
vn 0.4278 0.0268 0.9035
vn 0.4521 0.0065 0.8919
vn 0.9868 0.0105 0.1618
vn 0.9960 0.0050 -0.0893
vn 0.9091 -0.0222 -0.4161
vn 0.8877 0.0101 -0.4603
vn 0.8302 -0.2979 -0.4712
vn 0.8021 -0.0045 -0.5971
vn 0.8157 0.0092 -0.5784
vn 0.9936 -0.0730 -0.0865
vn 0.9751 -0.0677 0.2110
vn 0.8960 -0.0625 0.4397
vn 0.5310 0.0425 0.8463
vn 0.4545 0.2285 0.8609
vn 0.5105 0.3677 0.7773
vn 0.6090 -0.0045 0.7932
vn 0.1335 0.0116 0.9910
vn 0.2500 -0.0017 0.9683
vn 0.4898 0.0004 0.8718
vn 0.5692 0.2171 0.7930
vn 0.6783 0.2997 0.6709
vn 0.4880 0.4893 0.7228
vn 0.4437 0.7063 0.5517
vn 0.2406 0.8693 0.4318
vn 0.5038 0.7149 0.4848
vn 0.4703 0.3239 0.8209
vn 0.6725 0.1790 0.7181
vn 0.8517 0.0743 0.5187
vn 0.9723 -0.0201 0.2329
vn 0.8931 -0.1011 -0.4383
vn 0.8330 -0.0643 -0.5496
vn 0.8371 0.1287 -0.5316
vn 0.9623 0.2243 -0.1537
vn 0.8079 -0.0183 -0.5891
vn 0.8413 0.4652 0.2755
vn 0.7005 0.4599 0.5457
vn 0.5004 0.5717 0.6502
vn 0.3838 0.8091 0.4450
vn 0.1964 0.9570 0.2134
vn 0.1530 0.9819 0.1115
vn -0.0329 0.9983 0.0489
vn 0.3867 0.7720 0.5044
vn 0.6101 0.5304 0.5886
vn 0.0799 0.9798 0.1834
vn 0.3014 0.7039 0.6432
vn 0.0748 0.9943 -0.0765
vn 0.0220 0.9984 -0.0526
vn 0.1207 0.9790 0.1643
vn -0.0121 0.9960 0.0882
vn 0.0088 0.9815 0.1913
vn 0.4190 0.8508 0.3172
vn 0.4888 0.8714 -0.0411
vn 0.6738 0.6434 -0.3635
vn 0.7214 0.4529 -0.5239
vn 0.7639 -0.0629 -0.6422
vn 0.7457 0.1346 -0.6526
vn 0.7586 0.5188 -0.3941
vn 0.4916 0.8584 -0.1465
vn 0.1902 0.9800 -0.0579
vn 0.1256 0.9889 0.0789
vn 0.0688 0.9932 0.0944
vn 0.1739 0.9457 0.2745
vn 0.2240 0.8605 0.4576
vn 0.0880 0.9723 0.2166
vn -0.0398 0.9939 0.1024
vn 0.1304 0.9914 0.0081
vn 0.0433 0.9988 0.0229
vn 0.2027 0.9409 0.2712
vn 0.3420 0.8544 0.3911
vn 0.1525 0.9287 0.3381
vn 0.3147 0.8937 0.3197
vn 0.2645 0.9590 0.1020
vn 0.4452 0.8763 0.1842
vn 0.6646 0.7431 -0.0778
vn 0.7496 0.5832 -0.3131
vn 0.8090 0.4060 -0.4251
vn 0.8103 0.1889 -0.5547
vn 0.7769 0.0078 -0.6296
vn 0.9491 0.0327 -0.3133
vn 0.9473 0.2749 -0.1644
vn 0.7108 0.6950 -0.1086
vn 0.2738 0.9362 0.2204
vn 0.1016 0.9920 0.0746
vn 0.2218 0.8733 0.4337
vn 0.0417 0.9712 0.2345
vn 0.0307 0.9985 0.0464
vn 0.1081 0.9125 0.3945
vn 0.1922 0.8928 0.4075
vn 0.1116 0.9719 0.2072
vn -0.0099 0.9996 0.0257
vn 0.0101 0.9995 -0.0304
vn 0.0242 0.9997 0.0030
vn 0.2899 0.9554 0.0573
vn 0.4323 0.9017 0.0025
vn 0.8172 0.5759 -0.0238
vn 0.9141 0.4020 -0.0528
vn 0.9974 0.0569 -0.0433
vn 0.9151 0.0129 -0.4031
vn 0.9914 -0.0647 -0.1140
vn 0.7903 -0.0244 -0.6122
vn 0.9895 0.0267 -0.1421
vn 0.9878 -0.0545 -0.1456
vn 0.9850 -0.0405 -0.1680
vn 0.9472 0.2895 -0.1377
vn 0.5585 0.8271 -0.0636
vn 0.0520 0.9985 -0.0197
vn -0.0050 0.9999 -0.0154
vn -0.0087 0.9999 -0.0088
vn -0.0220 0.9826 0.1847
vn -0.0250 0.9956 0.0902
vn -0.0001 1.0000 0.0007
vn 0.6490 0.7322 -0.2066
vn 0.1894 0.9784 -0.0826
vn 0.9582 -0.0407 -0.2832
vn 0.9074 0.2515 -0.3368
vn 0.9581 -0.0086 -0.2863
vn 0.9391 -0.0334 -0.3420
vn 0.6294 0.7236 -0.2833
vn 0.9081 0.2571 -0.3305
vn -0.0061 1.0000 -0.0019
vn 0.3992 0.8966 -0.1916
vn 0.0446 0.9987 -0.0244
vn 0.0002 1.0000 -0.0000
vn 0.0006 1.0000 0.0006
vn 0.0000 1.0000 0.0000
vn 0.0015 1.0000 -0.0026
vn 0.1939 0.9780 -0.0764
vn 0.7237 0.6500 -0.2319
vn 0.7716 0.4872 -0.4089
vn 0.5637 0.7576 -0.3292
vn 0.4620 0.8633 -0.2033
vn 0.1776 0.9792 -0.0978
vn 0.0011 1.0000 0.0057
vn 0.0007 1.0000 -0.0006
vn 0.0000 1.0000 0.0001
vn -0.0001 1.0000 -0.0011
vn -0.0033 1.0000 0.0077
vn 0.5490 0.8008 -0.2392
vn 0.7166 0.6416 -0.2734
vn 0.8412 0.2417 -0.4838
vn 0.8279 0.4794 -0.2911
vn 0.5893 0.7668 -0.2546
vn 0.2719 0.9519 -0.1412
vn 0.0010 1.0000 -0.0008
vn -0.0078 0.9999 0.0100
vn 0.1078 0.9662 -0.2341
vn 0.6978 0.6163 -0.3651
vn 0.3869 0.8475 -0.3635
vn 0.3521 0.6828 -0.6401
vn 0.0721 0.7435 -0.6648
vn 0.2184 0.7771 -0.5903
vn 0.2113 0.9500 -0.2298
vn -0.0005 0.9999 -0.0150
vn 0.2498 0.9493 -0.1908
vn 0.5594 0.5955 -0.5765
vn 0.4872 0.7563 -0.4366
vn 0.2347 0.2823 -0.9302
vn 0.7518 0.0445 -0.6579
vn 0.6917 0.4267 -0.5827
vn 0.6368 0.6324 -0.4410
vn 0.4152 0.8473 -0.3311
vn 0.0720 0.9870 -0.1436
vn -0.0869 0.9871 -0.1343
vn 0.0328 0.9635 -0.2656
vn 0.0000 1.0000 -0.0009
vn 0.0315 0.9990 -0.0324
vn -0.2012 0.7745 -0.5998
vn 0.2168 0.6896 -0.6909
vn 0.3240 0.8537 -0.4078
vn -0.2674 0.8579 -0.4388
vn -0.0175 0.8957 -0.4444
vn -0.2382 0.8203 -0.5199
vn 0.3492 0.7443 -0.5693
vn 0.6553 0.4258 -0.6239
vn 0.8007 0.0866 -0.5927
vn 0.6865 -0.0102 -0.7271
vn 0.4838 0.0892 -0.8706
vn 0.1915 0.4409 -0.8769
vn -0.3077 0.3283 -0.8931
vn -0.3998 0.4621 -0.7916
vn 0.0066 0.1892 -0.9819
vn 0.5388 0.3938 -0.7447
vn 0.5613 0.5818 -0.5886
vn 0.3225 0.8975 -0.3007
vn 0.0003 1.0000 -0.0004
vn 0.0051 1.0000 0.0033
vn 0.0662 0.9941 -0.0860
vn 0.6874 0.4848 -0.5408
vn 0.3558 0.8173 -0.4533
vn 0.7559 0.1423 -0.6390
vn 0.6270 -0.0864 -0.7742
vn -0.4570 -0.0211 -0.8892
vn -0.0514 -0.1095 -0.9927
vn 0.0067 -0.0075 -0.9999
vn -0.3423 -0.0681 -0.9371
vn 0.2113 -0.0223 -0.9772
vn -0.1795 -0.0253 -0.9834
vn -0.3947 -0.0397 -0.9179
vn -0.5190 -0.0029 -0.8547
vn 0.6707 -0.0575 -0.7395
vn 0.8203 -0.0908 -0.5647
vn 0.7471 -0.0115 -0.6646
vn 0.5993 0.3200 -0.7338
vn 0.1467 0.9001 -0.4102
vn 0.3139 0.4382 -0.8423
vn 0.0367 0.9844 -0.1720
vn -0.0272 0.9977 -0.0624
vn 0.0326 0.9992 -0.0212
vn 0.0021 1.0000 0.0073
vn -0.1328 0.9456 -0.2970
vn -0.0413 0.9334 -0.3564
vn 0.1702 0.6969 -0.6967
vn -0.0902 0.8360 -0.5413
vn 0.4553 -0.0333 -0.8897
vn 0.3938 0.0090 -0.9192
vn 0.1872 0.0578 -0.9806
vn 0.7753 -0.0180 -0.6313
vn 0.5193 -0.0364 -0.8538
vn -0.3650 0.0422 -0.9301
vn 0.3640 -0.0990 -0.9261
vn 0.3615 -0.0165 -0.9322
vn -0.2255 0.2396 -0.9443
vn 0.2320 -0.0190 -0.9725
vn -0.2335 -0.1156 -0.9655
vn -0.1659 -0.0590 -0.9844
vn -0.2742 0.6346 -0.7225
vn 0.1494 0.5125 -0.8456
vn -0.2667 0.0386 -0.9630
vn -0.3941 -0.1081 -0.9127
vn -0.0879 0.0114 -0.9961
vn -0.3760 -0.0023 -0.9266
vn 0.6780 0.0292 -0.7345
vn -0.0474 -0.0003 -0.9989
vn -0.5419 0.0265 -0.8400
vn 0.1125 0.0622 -0.9917
vn 0.7346 0.0220 -0.6782
vn 0.3420 0.0267 -0.9393
vn -0.0853 -0.0156 -0.9962
vn -0.2745 0.0232 -0.9613
vn -0.2433 -0.0283 -0.9695
vn 0.2015 0.0182 -0.9793
vn 0.2380 -0.0476 -0.9701
vn 0.2544 0.0091 -0.9670
vn -0.0987 0.0120 -0.9950
vn 0.2155 0.0736 -0.9737
vn 0.4121 0.0881 -0.9069
vn 0.6766 0.0808 -0.7319
vn 0.7967 0.0149 -0.6042
vn 0.7598 0.0309 -0.6494
vn 0.5894 -0.2140 -0.7790
vn -0.5173 -0.0611 -0.8536
vn -0.2396 -0.3513 -0.9051
vn -0.2758 -0.4568 -0.8457
vn -0.4520 -0.5455 -0.7058
vn -0.3163 -0.0172 -0.9485
vn 0.1288 -0.7949 -0.5929
vn -0.2638 -0.8537 -0.4490
vn 0.7491 -0.3358 -0.5710
vn 0.3636 -0.8547 -0.3705
vn 0.7491 -0.0361 -0.6615
vn 0.5177 -0.1823 -0.8359
vn 0.0367 -0.2630 -0.9641
vn -0.1003 0.1188 -0.9878
vn -0.3907 0.0749 -0.9175
vn -0.3458 -0.0025 -0.9383
vn 0.1566 0.0299 -0.9872
vn -0.2006 0.0947 -0.9751
vn 0.1491 -0.8638 -0.4813
vn 0.5672 -0.5857 -0.5790
vn 0.2502 -0.9487 -0.1933
vn 0.1019 -0.9765 -0.1898
vn -0.0332 -0.9779 -0.2066
vn -0.0566 -0.9957 -0.0729
vn -0.1110 -0.9436 -0.3119
vn -0.0296 -0.9995 0.0091
vn 0.0150 -0.9867 -0.1617
vn 0.0799 -0.7099 -0.6997
vn 0.1344 -0.9878 -0.0790
vn 0.3854 -0.8062 -0.4489
vn 0.4655 -0.3371 -0.8183
vn -0.0176 -0.2278 -0.9735
vn 0.2986 -0.1500 -0.9425
vn 0.0313 0.0475 -0.9984
vn 0.4272 0.0629 -0.9019
vn 0.5871 0.0258 -0.8091
vn 0.7324 -0.1648 -0.6606
vn 0.6959 -0.5431 -0.4699
vn 0.3065 -0.9169 -0.2555
vn 0.1304 -0.9625 -0.2377
vn -0.0117 -0.9999 -0.0058
vn 0.5306 -0.5231 -0.6669
vn 0.6706 -0.5038 -0.5445
vn 0.7583 -0.1062 -0.6432
vn 0.8342 -0.0358 -0.5503
vn 0.7229 0.0425 -0.6897
vn 0.5674 0.0573 -0.8215
vn 0.3657 0.0543 -0.9292
vn 0.0320 0.0178 -0.9993
vn 0.3586 -0.0071 -0.9334
vn 0.5186 0.0076 -0.8550
vn 0.6718 0.0087 -0.7407
vn 0.7953 0.0112 -0.6061
vn 0.4142 -0.0739 -0.9072
vn 0.6977 -0.0110 -0.7164
vn 0.1651 -0.5637 -0.8093
vn 0.0938 -0.9375 -0.3350
vn 0.0035 -0.9999 -0.0149
vn 0.1467 -0.9853 -0.0877
vn 0.5026 -0.7388 -0.4490
vn 0.3568 -0.3610 -0.8616
vn 0.0306 -0.0696 -0.9971
vn 0.1184 0.0352 -0.9923
vn 0.6458 0.0450 -0.7622
vn 0.8122 0.0087 -0.5833
vn 0.4999 -0.0298 -0.8656
vn 0.6805 -0.0648 -0.7299
vn 0.8046 -0.0271 -0.5932
vn 0.1211 0.0385 -0.9919
vn 0.0652 0.1105 -0.9917
vn 0.0943 0.0585 -0.9938
vn 0.3736 0.0253 -0.9272
vn 0.6317 0.0572 -0.7731
vn 0.7567 -0.1228 -0.6422
vn 0.6812 -0.6695 -0.2961
vn 0.8791 -0.2236 -0.4209
vn 0.3875 -0.9082 -0.1580
vn 0.2722 -0.9557 -0.1121
vn 0.0600 -0.9982 0.0097
vn 0.5145 -0.7967 -0.3171
vn 0.8205 -0.3887 -0.4192
vn 0.7930 -0.5697 -0.2157
vn 0.8501 -0.4277 -0.3074
vn 0.9146 -0.1034 -0.3909
vn 0.8617 0.0615 -0.5038
vn 0.5159 0.0320 -0.8561
vn 0.8212 0.0141 -0.5705
vn 0.3901 0.0854 -0.9168
vn 0.2529 0.0797 -0.9642
vn 0.3661 0.0131 -0.9305
vn 0.8187 -0.0665 -0.5704
vn 0.7485 -0.0430 -0.6617
vn 0.2906 -0.0421 -0.9559
vn 0.9131 0.0157 -0.4074
vn 0.9443 -0.0650 -0.3227
vn 0.8970 0.0057 -0.4420
vn 0.8516 -0.1329 -0.5071
vn 0.9384 0.0112 -0.3455
vn 0.6742 -0.0806 -0.7342
vn 0.0600 -0.0925 -0.9939
vn 0.3667 -0.1053 -0.9244
vn 0.0284 -0.0842 -0.9960
vn 0.3914 0.0297 -0.9197
vn 0.8391 -0.0796 -0.5381
vn 0.9161 -0.0423 -0.3987
vn 0.8998 0.0184 -0.4359
vn 0.8672 0.0218 -0.4975
vn 0.8589 0.0139 -0.5119
vn 0.9441 -0.0569 -0.3247
vn 0.8658 -0.0036 -0.5005
vn 0.6846 -0.0242 -0.7285
vn 0.6551 0.4114 -0.6337
vn 0.1950 0.3152 -0.9288
vn 0.9233 0.1780 -0.3403
vn 0.9331 -0.1239 -0.3376
vn 0.9181 -0.0189 -0.3959
vn 0.9170 -0.0299 -0.3978
vn 0.9569 -0.0750 -0.2807
vn 0.9584 -0.0327 -0.2834
vn 0.9358 -0.0068 -0.3526
vn 0.8937 -0.0197 -0.4482
vn 0.9517 0.0112 -0.3067
vn 0.8355 -0.0606 -0.5461
vn 0.9211 -0.0053 -0.3892
vn 0.9705 -0.0303 -0.2392
vn 0.8254 -0.4905 -0.2793
vn 0.8916 -0.3882 -0.2332
vn 0.8241 -0.4496 -0.3446
vn 0.3685 -0.9236 -0.1054
vn 0.9005 -0.2427 -0.3607
vn 0.5629 -0.7936 -0.2308
vn 0.9438 -0.0213 -0.3299
vn 0.8976 0.0325 -0.4395
vn 0.8423 0.0448 -0.5372
vn 0.9723 0.0039 -0.2336
vn 0.9731 -0.0107 -0.2299
vn 0.8920 -0.3435 -0.2938
vn 0.4480 -0.8917 -0.0647
vn 0.0528 -0.9984 -0.0209
vn 0.0114 -0.9999 0.0071
vn 0.5495 -0.8203 -0.1587
vn 0.9378 -0.3265 -0.1176
vn 0.9909 0.0301 -0.1311
vn 0.9378 0.0527 -0.3431
vn 0.9291 -0.1618 -0.3325
vn 0.6272 -0.6207 -0.4705
vn 0.6686 -0.5530 -0.4972
vn 0.7934 -0.0567 -0.6060
vn 0.8502 0.0171 -0.5261
vn 0.8431 0.0365 -0.5365
vn 0.8029 0.1051 -0.5868
vn 0.1983 -0.0095 -0.9801
vn 0.4283 -0.0059 -0.9036
vn 0.3766 0.0067 -0.9263
vn 0.3310 -0.0345 -0.9430
vn 0.5189 -0.0374 -0.8540
vn 0.4083 -0.0484 -0.9116
vn 0.4622 -0.0193 -0.8866
vn 0.2638 -0.0022 -0.9646
vn 0.5433 0.1035 -0.8331
vn 0.3329 0.7804 -0.5294
vn 0.3620 0.4352 -0.8244
vn 0.2604 0.2712 -0.9266
vn 0.3033 -0.0198 -0.9527
vn 0.4539 0.0639 -0.8888
vn 0.3466 -0.0106 -0.9380
vn -0.1820 -0.0200 -0.9831
vn -0.0054 -0.0281 -0.9996
vn 0.2537 0.0318 -0.9668
vn 0.3426 0.6839 -0.6441
vn 0.3838 0.3793 -0.8419
vn 0.1305 0.9129 -0.3867
vn 0.1421 0.9391 -0.3129
vn 0.0448 0.9948 -0.0913
vn -0.0049 0.9998 0.0173
vn -0.0091 1.0000 0.0018
vn 0.0462 0.9938 -0.1009
vn 0.1277 0.8958 -0.4258
vn 0.0880 0.4386 -0.8943
vn -0.0976 -0.0057 -0.9952
vn -0.2407 -0.0519 -0.9692
vn -0.3883 -0.0625 -0.9194
vn -0.3047 -0.0677 -0.9500
vn -0.2469 0.3740 -0.8940
vn -0.0700 0.8699 -0.4882
vn -0.0416 0.9960 -0.0794
vn -0.0151 0.9998 0.0087
vn -0.2722 0.8434 -0.4632
vn -0.5254 0.1237 -0.8418
vn -0.4386 -0.1247 -0.8900
vn -0.5644 -0.0938 -0.8202
vn -0.6021 -0.0526 -0.7967
vn -0.6080 -0.1228 -0.7844
vn -0.4793 0.6782 -0.5570
vn -0.6212 0.1290 -0.7729
vn -0.1422 0.9797 -0.1416
vn -0.1961 0.9725 -0.1255
vn -0.4468 0.7624 -0.4681
vn -0.7084 -0.0803 -0.7013
vn -0.7649 0.2380 -0.5985
vn -0.6813 -0.0155 -0.7318
vn -0.8774 -0.0815 -0.4728
vn -0.8528 -0.0413 -0.5205
vn -0.8639 0.2268 -0.4498
vn -0.6230 0.7066 -0.3355
vn -0.0002 1.0000 -0.0001
vn -0.0553 0.9978 -0.0376
vn -0.3448 0.9095 -0.2322
vn -0.5576 0.7545 -0.3463
vn -0.6863 0.5664 -0.4563
vn -0.6274 0.6322 -0.4546
vn -0.0001 1.0000 0.0000
vn 0.0174 0.9996 -0.0211
vn 0.0121 0.9999 -0.0033
vn 0.0044 1.0000 -0.0009
vn -0.0680 0.9951 -0.0723
vn -0.0702 0.9969 -0.0363
vn -0.0001 1.0000 0.0001
vn 0.0135 0.9999 0.0037
vn -0.0002 1.0000 0.0003
vn 0.0059 1.0000 0.0005
vn 0.0400 0.9992 0.0083
vn 0.0207 0.9998 0.0067
vn -0.1334 0.9910 0.0123
vn -0.0573 0.9976 0.0377
vn -0.2474 0.9497 0.1919
vn -0.2317 0.9700 0.0732
vn -0.0694 0.9951 0.0703
vn -0.1523 0.9558 0.2517
vn -0.0369 0.9990 0.0246
vn -0.2570 0.9637 0.0725
vn 0.0033 1.0000 -0.0018
vn 0.0013 1.0000 0.0008
vn -0.0004 1.0000 0.0001
vn -0.0470 0.9989 -0.0042
vn -0.3377 0.9411 -0.0179
vn -0.7570 0.5993 0.2604
vn -0.3763 0.8845 0.2759
vn -0.3620 0.8766 0.3170
vn -0.5961 0.5745 0.5610
vn -0.8527 0.5154 -0.0851
vn -0.9961 0.0093 0.0877
vn -0.7844 0.0967 0.6127
vn -0.3369 0.9396 0.0609
vn -0.0706 0.9965 0.0440
vn 0.0003 1.0000 -0.0005
vn -0.3696 0.8961 0.2459
vn -0.3475 0.9240 0.1595
vn -0.8134 0.4327 0.3889
vn -0.9940 0.0846 -0.0689
vn -0.7573 -0.0724 0.6490
vn -0.9668 0.0655 0.2469
vn -0.6839 0.6647 0.3006
vn -0.8297 -0.0176 0.5580
vn -0.3990 0.9145 0.0667
vn -0.0338 0.9994 0.0078
vn 0.0023 1.0000 -0.0089
vn -0.0192 0.9990 0.0406
vn -0.1277 0.9848 0.1175
vn -0.0051 1.0000 -0.0015
vn 0.0021 1.0000 -0.0013
vn -0.1950 0.9799 0.0410
vn -0.4875 0.8379 0.2454
vn -0.3613 0.8705 0.3343
vn -0.4091 0.8406 0.3551
vn -0.2455 0.9247 0.2908
vn -0.2131 0.8879 0.4077
vn -0.0630 0.9931 0.0994
vn -0.0952 0.9946 0.0418
vn -0.5039 0.8530 0.1357
vn -0.8864 0.4471 0.1198
vn -0.8457 0.5205 0.1181
vn -0.9056 0.0599 0.4200
vn -0.9936 0.0577 0.0972
vn -0.7416 0.4282 0.5164
vn -0.3289 0.8834 0.3337
vn -0.2090 0.9368 0.2806
vn -0.2631 0.8496 0.4572
vn -0.4217 0.4845 0.7665
vn -0.5661 0.4841 0.6673
vn -0.6587 0.5615 0.5008
vn -0.6275 0.7752 0.0725
vn -0.8967 0.3542 0.2653
vn -0.3436 0.9366 0.0683
vn -0.0114 0.9999 -0.0068
vn 0.0076 0.9997 -0.0233
vn -0.7376 0.6346 0.2307
vn -0.9788 0.1738 0.1085
vn -0.9791 -0.0945 0.1801
vn -0.7935 0.0104 0.6085
vn -0.6241 0.0263 0.7809
vn -0.5315 0.1445 0.8346
vn -0.4767 0.1537 0.8655
vn -0.4465 0.5708 0.6891
vn -0.7645 -0.0206 0.6443
vn -0.6368 0.0364 0.7702
vn -0.5175 -0.0307 0.8551
vn -0.6237 -0.0652 0.7790
vn -0.9540 -0.0490 0.2957
vn -0.7773 -0.0397 0.6278
vn -0.9888 -0.1120 0.0991
vn -0.9971 -0.0124 0.0757
vn -0.9640 0.1246 0.2351
vn -0.6947 0.6895 0.2048
vn -0.2791 0.9555 0.0951
vn -0.0387 0.9970 0.0675
vn -0.1742 0.9570 0.2320
vn -0.5376 0.7083 0.4575
vn -0.8301 0.2460 0.5005
vn -0.9155 -0.0452 0.3999
vn -0.9887 -0.0296 0.1467
vn -0.9952 0.0292 0.0929
vn -0.5124 0.0128 0.8587
vn -0.6328 0.0311 0.7737
vn -0.9486 0.0274 0.3152
vn -0.7852 0.0012 0.6192
vn -0.9646 0.0289 0.2622
vn -0.9939 0.0527 0.0967
vn -0.6955 -0.0309 0.7179
vn -0.7430 -0.0153 0.6691
vn -0.6326 0.2022 0.7477
vn -0.4863 0.4384 0.7558
vn -0.2379 0.8862 0.3976
vn -0.4338 0.0074 0.9010
vn -0.3742 0.0214 0.9271
vn -0.2910 0.4950 0.8187
vn -0.5223 0.0235 0.8524
vn -0.5171 -0.0154 0.8558
vn -0.9866 0.0747 0.1448
vn -0.9923 0.0685 0.1030
vn -0.9205 0.0631 0.3857
vn -0.7774 0.0003 0.6290
vn -0.6286 0.0067 0.7777
vn -0.4209 -0.0594 0.9051
vn -0.3416 -0.0162 0.9397
vn -0.3389 -0.0062 0.9408
vn -0.9433 -0.0736 0.3237
vn -0.9867 0.0035 0.1624
vn -0.9324 -0.1830 0.3118
vn -0.9764 -0.1808 0.1182
vn -0.7512 0.0521 0.6580
vn -0.5433 0.0160 0.8394
vn -0.6190 -0.1145 0.7770
vn -0.6959 -0.3306 0.6375
vn -0.7045 -0.7051 0.0811
vn -0.4130 -0.8686 0.2738
vn -0.8528 -0.4873 0.1878
vn -0.7937 -0.4741 0.3811
vn -0.8059 -0.1790 0.5644
vn -0.6569 0.0348 0.7531
vn -0.4806 0.0494 0.8755
vn -0.0842 -0.0243 0.9962
vn -0.1073 -0.0110 0.9942
vn -0.0306 -0.0812 0.9962
vn 0.1180 -0.0947 0.9885
vn 0.1265 -0.0161 0.9918
vn -0.2544 0.0588 0.9653
vn -0.5463 -0.0892 0.8328
vn -0.2591 -0.2128 0.9421
vn -0.6811 -0.2638 0.6830
vn -0.5765 -0.7156 0.3944
vn -0.3931 -0.9059 0.1575
vn -0.3709 -0.9282 0.0300
vn -0.1597 -0.9866 0.0336
vn -0.0323 -0.9993 0.0192
vn -0.0383 -0.9986 0.0377
vn -0.3616 -0.8199 0.4438
vn -0.4931 -0.4238 0.7597
vn -0.0294 -0.9991 0.0292
vn -0.2108 -0.9222 0.3242
vn 0.0095 -1.0000 -0.0028
vn 0.0031 -0.9999 -0.0140
vn 0.0115 -0.9999 0.0055
vn -0.0277 -0.9996 0.0092
vn -0.1096 -0.9885 0.1044
vn -0.3677 -0.7143 0.5955
vn 0.1033 -0.4027 0.9095
vn -0.0180 0.0399 0.9990
vn -0.0413 -0.9260 0.3753
vn 0.2113 -0.6325 0.7452
vn 0.1792 -0.1057 0.9781
vn 0.0849 -0.9553 0.2831
vn 0.0078 -1.0000 0.0040
vn -0.0048 -1.0000 -0.0010
vn -0.0003 -1.0000 0.0003
vn 0.0035 -0.9995 0.0305
vn 0.0348 -0.9971 0.0683
vn 0.1291 -0.9288 0.3473
vn 0.1976 -0.2378 0.9510
vn 0.1472 -0.6985 0.7003
vn 0.0427 -0.9099 0.4126
vn 0.0364 -0.9855 0.1658
vn 0.0077 -0.9999 0.0069
vn -0.1029 -0.9945 0.0186
vn 0.0008 -1.0000 0.0006
vn 0.0227 -0.9826 0.1843
vn 0.0351 -0.8582 0.5122
vn 0.0017 -0.9977 0.0683
vn -0.0043 -1.0000 -0.0010
vn -0.0001 -1.0000 -0.0000
vn 0.0455 -0.9654 0.2566
vn 0.0074 -0.9966 0.0824
vn 0.0036 -1.0000 -0.0030
vn 0.1209 -0.9253 0.3595
vn 0.0551 -0.9857 0.1594
vn 0.0085 -1.0000 -0.0024
vn 0.0039 -1.0000 -0.0078
vn 0.0097 -1.0000 0.0000
vn -0.0468 -0.9989 -0.0058
vn -0.0575 -0.9976 -0.0393
vn -0.0759 -0.9961 0.0460
vn -0.0472 -0.9986 0.0222
vn -0.1044 -0.9945 0.0065
vn -0.3953 -0.8910 0.2234
vn -0.3758 -0.8679 0.3249
vn -0.5543 -0.6989 0.4519
vn -0.5147 -0.8368 0.1865
vn -0.1428 -0.9887 0.0460
vn -0.3214 -0.9242 -0.2065
vn -0.1428 -0.9715 -0.1894
vn -0.3749 -0.9193 -0.1198
vn -0.2776 -0.9374 -0.2101
vn -0.5692 -0.6067 -0.5549
vn -0.5668 -0.6891 -0.4514
vn -0.7991 -0.4202 -0.4300
vn -0.5259 -0.8483 -0.0622
vn -0.6993 -0.5416 -0.4666
vn -0.7419 -0.6488 0.1694
vn -0.9147 -0.3079 0.2617
vn -0.8918 -0.2170 0.3969
vn -0.6664 -0.1567 0.7289
vn -0.7673 -0.0441 0.6397
vn -0.7064 -0.3652 0.6064
vn -0.4987 -0.8668 0.0022
vn -0.8030 -0.5512 0.2265
vn -0.9775 -0.0323 0.2086
vn -0.7278 0.0168 0.6856
vn -0.6702 0.0249 0.7418
vn -0.7308 0.0704 0.6790
vn -0.8554 0.0853 0.5110
vn -0.9457 0.0406 0.3225
vn -0.9557 -0.1126 0.2720
vn -0.9779 -0.1966 0.0717
vn -0.8869 -0.3075 -0.3448
vn -0.8194 -0.0471 -0.5713
vn -0.8658 -0.0318 -0.4993
vn -0.7560 -0.1359 -0.6403
vn -0.7876 0.0103 -0.6161
vn -0.7709 -0.0519 -0.6349
vn -0.7975 -0.1756 -0.5772
vn -0.8418 -0.0047 -0.5398
vn -0.9301 0.0204 -0.3666
vn -0.9725 0.0520 0.2268
vn -0.9985 0.0497 0.0223
vn -0.9570 0.0292 0.2885
vn -0.9253 0.0060 0.3792
vn -0.8117 -0.0003 0.5841
vn -0.7925 -0.0154 0.6096
vn -0.9933 0.0115 0.1154
vn -0.7129 -0.0235 0.7009
vn -0.9712 -0.0059 0.2382
vn -0.9998 0.0124 0.0174
vn -0.9557 0.0319 -0.2927
vn -0.8606 0.0200 -0.5089
vn -0.7811 0.0263 -0.6238
vn -0.8227 -0.0039 -0.5685
vn -0.8606 0.0168 -0.5089
vn -0.8968 -0.0231 -0.4418
vn -0.9998 -0.0007 -0.0188
vn -0.9691 -0.0223 0.2456
vn -0.8204 -0.0665 0.5679
vn -0.9082 -0.0419 0.4164
vn -0.9179 -0.0392 -0.3949
vn -0.8592 0.0375 -0.5103
vn -0.8122 -0.0780 -0.5781
vn -0.9485 -0.0218 -0.3161
vn -0.9931 -0.0314 0.1131
vn -0.9904 0.0208 0.1366
vn -0.8690 0.1615 0.4677
vn -0.9207 0.2219 0.3210
vn -0.7706 -0.0350 0.6363
vn -0.7496 -0.0939 0.6552
vn -0.7123 0.0327 0.7011
vn -0.6718 0.4474 0.5904
vn -0.5805 0.7545 0.3062
vn -0.6470 0.7436 0.1688
vn -0.5233 0.8353 0.1688
vn -0.9043 0.3626 0.2254
vn -0.9821 0.0926 -0.1638
vn -0.7387 0.5233 -0.4249
vn -0.7754 0.5061 -0.3777
vn -0.4172 0.8645 -0.2802
vn -0.4021 0.8822 -0.2453
vn -0.8062 0.3443 -0.4811
vn -0.8712 0.4905 -0.0179
vn -0.3654 0.9262 -0.0923
vn -0.8088 0.1387 -0.5715
vn -0.8680 -0.0891 -0.4884
vn -0.7895 -0.0586 -0.6110
vn -0.9115 -0.0743 -0.4044
vn -0.8370 0.0002 -0.5471
vn -0.8975 -0.1017 -0.4292
vn -0.9005 0.0245 -0.4342
vn -0.8428 0.0237 -0.5377
vn -0.8529 0.0211 -0.5216
vn -0.8765 -0.0753 -0.4755
vn -0.8982 -0.0310 -0.4385
vn -0.7807 -0.0563 -0.6223
vn -0.7676 -0.4866 -0.4172
vn -0.7930 -0.4620 -0.3971
vn -0.6834 -0.4239 -0.5944
vn -0.9778 0.0062 -0.2093
vn -0.9564 -0.0135 -0.2918
vn -0.9349 -0.0486 0.3517
vn -0.9819 -0.0075 0.1895
vn -0.9999 0.0168 -0.0021
vn -0.9408 0.0371 -0.3369
vn -0.8496 0.0057 0.5273
vn -0.7957 0.0008 0.6057
vn -0.7725 -0.0904 0.6286
vn -0.9517 -0.0046 0.3069
vn -0.9798 0.0199 0.1991
vn -0.9975 -0.0168 0.0684
vn -0.9591 -0.0281 -0.2816
vn -0.9165 -0.3977 0.0426
vn -0.8378 -0.1473 0.5258
vn -0.9429 -0.0027 0.3332
vn -0.9997 0.0167 0.0192
vn -0.9986 0.0498 -0.0187
vn -0.9986 -0.0260 0.0466
vn -0.9295 -0.0385 0.3669
vn -0.9514 0.0001 0.3079
vn -0.9529 0.0256 0.3023
vn -0.9634 0.0557 0.2620
vn -0.9590 -0.2138 0.1861
vn -0.9575 -0.2865 0.0333
vn -0.8617 -0.2901 0.4164
vn -0.6368 -0.6892 0.3456
vn -0.8698 -0.4649 -0.1652
vn -0.4469 -0.8937 -0.0387
vn -0.1229 -0.9891 0.0810
vn -0.5498 -0.8149 0.1835
vn -0.5601 -0.8256 0.0687
vn -0.8147 -0.0130 0.5797
vn -0.6846 -0.5989 0.4155
vn -0.7840 0.0291 0.6201
vn -0.8009 0.0069 0.5987
vn -0.7763 -0.0653 0.6270
vn -0.6431 -0.0200 0.7655
vn -0.5893 0.0171 0.8077
vn -0.6280 0.0803 0.7740
vn -0.6759 -0.1304 0.7254
vn -0.4331 -0.6427 0.6319
vn -0.1664 -0.9801 0.1079
vn -0.5491 -0.0449 0.8346
vn -0.4300 -0.2205 0.8755
vn -0.4934 0.0509 0.8683
vn -0.4466 0.0438 0.8936
vn -0.5215 -0.0148 0.8531
vn 0.0211 -0.9982 0.0558
vn 0.0973 -0.9061 0.4117
vn 0.2021 -0.2923 0.9347
vn 0.1145 -0.4794 0.8701
vn 0.2135 -0.7273 0.6522
vn 0.2422 0.0442 0.9692
vn 0.3034 -0.3196 0.8977
vn 0.1080 0.0186 0.9940
vn 0.1153 0.2218 0.9683
vn 0.0715 -0.1037 0.9920
vn 0.0189 0.0526 0.9984
vn -0.0005 0.1948 0.9808
vn 0.0116 0.2803 0.9598
vn 0.1022 0.2965 0.9495
vn 0.1663 0.3148 0.9345
vn 0.2577 0.2924 0.9209
vn 0.3246 0.1432 0.9350
vn 0.2174 -0.6749 0.7052
vn 0.2741 0.3270 0.9044
vn 0.0251 0.2380 0.9709
vn 0.1207 0.2664 0.9563
vn 0.1958 0.2884 0.9373
vn -0.0725 0.2115 0.9747
vn -0.0788 0.1604 0.9839
vn 0.0252 -0.0295 0.9992
vn -0.1375 0.0018 0.9905
vn -0.1855 0.0807 0.9793
vn -0.1257 0.1710 0.9772
vn 0.0781 0.3211 0.9438
vn 0.2924 0.2351 0.9270
vn 0.2351 0.2439 0.9409
vn 0.3229 0.2454 0.9140
vn 0.3810 0.2962 0.8759
vn 0.1767 -0.5751 0.7988
vn 0.3914 0.2383 0.8888
vn 0.2622 -0.0854 0.9612
vn 0.3911 0.1870 0.9011
vn 0.3995 0.2227 0.8893
vn 0.4229 0.1157 0.8987
vn -0.2050 0.4064 0.8904
vn -0.2658 0.0005 0.9640
vn -0.0084 0.1061 0.9943
vn -0.1109 0.4552 0.8835
vn -0.1888 0.6543 0.7323
vn -0.2249 0.7493 0.6229
vn -0.1936 0.6656 0.7208
vn 0.1140 0.4455 0.8880
vn 0.4438 0.2470 0.8614
vn 0.5078 0.1866 0.8410
vn 0.4887 0.0075 0.8724
vn 0.4994 0.0985 0.8607
vn 0.4500 0.1952 0.8714
vn 0.5035 0.1091 0.8571
vn 0.4967 0.1349 0.8574
vn 0.5148 0.0655 0.8548
vn 0.5507 0.1171 0.8264
vn 0.4534 0.5718 0.6837
vn 0.4929 0.6219 0.6085
vn 0.4526 0.4265 0.7831
vn 0.4305 0.5778 0.6934
vn 0.3895 0.4523 0.8023
vn 0.3466 0.6269 0.6978
vn 0.0095 0.9115 0.4113
vn -0.1516 0.9617 0.2283
vn -0.0207 0.9729 0.2302
vn -0.0536 0.9248 0.3766
vn -0.0895 0.9896 0.1123
vn 0.3214 0.8774 0.3562
vn 0.3997 0.6169 0.6780
vn 0.4686 0.7877 0.3999
vn 0.2336 0.8260 0.5130
vn 0.3673 0.7329 0.5727
vn 0.3819 0.7841 0.4892
vn 0.2280 0.9186 0.3228
vn 0.1627 0.9679 0.1917
vn 0.3045 0.7596 0.5747
vn 0.4615 0.3513 0.8146
vn 0.4068 0.7274 0.5526
vn 0.4734 0.0598 0.8788
vn 0.5066 -0.0003 0.8622
vn 0.4750 0.3316 0.8151
vn 0.0754 0.9927 0.0941
vn 0.2032 0.9103 0.3606
vn 0.0044 1.0000 0.0006
vn 0.1578 0.9622 0.2220
vn 0.1741 0.9764 0.1279
vn 0.3769 0.8783 0.2942
vn 0.1212 0.9741 0.1907
vn 0.2756 0.8562 0.4369
vn -0.0056 0.9999 -0.0106
vn 0.2313 0.9661 0.1151
vn 0.4176 0.8616 0.2884
vn 0.1093 0.9909 0.0789
vn 0.2379 0.9476 0.2130
vn 0.0040 1.0000 -0.0041
vn -0.0082 0.9999 -0.0107
vn -0.0069 1.0000 0.0043
vn 0.0442 0.8949 0.4441
vn 0.2147 0.5435 0.8115
vn 0.3853 0.1105 0.9162
vn 0.3184 0.4945 0.8088
vn 0.1482 0.9624 0.2276
vn 0.0133 0.9500 0.3119
vn 0.3367 0.6741 0.6575
vn 0.3986 0.1697 0.9013
vn 0.3552 0.1816 0.9170
vn 0.1193 0.4028 0.9075
vn -0.0538 0.6219 0.7813
vn -0.1453 0.8642 0.4816
vn -0.1285 0.4672 0.8748
vn -0.0114 0.1507 0.9885
vn 0.1051 0.0673 0.9922
vn 0.2804 0.0244 0.9596
vn 0.4254 0.0334 0.9044
vn 0.0496 -0.0292 0.9983
vn -0.1635 0.1231 0.9788
vn 0.4194 0.0859 0.9038
vn 0.2810 0.0075 0.9597
vn 0.3600 0.1102 0.9264
vn 0.1883 -0.0065 0.9821
vn 0.4458 0.1307 0.8855
vn 0.4094 0.1768 0.8951
vn 0.2887 0.0433 0.9564
vn 0.1815 -0.2837 0.9416
vn 0.3271 0.1041 0.9392
vn 0.0392 -0.7073 0.7058
vn 0.1262 -0.5245 0.8420
vn 0.0845 -0.5133 0.8540
vn -0.0005 1.0000 -0.0003
vn 0.0001 1.0000 0.0000
vn 0.0001 1.0000 0.0001
vn -0.0021 1.0000 -0.0013
vn 0.2736 0.9435 0.1867
vn 0.3625 0.9201 0.1484
vn 0.0649 0.9946 0.0811
vn 0.0015 0.9556 0.2947
vn 0.2413 0.9043 0.3522
vn -0.0308 0.9463 0.3217
vn -0.0473 0.8746 0.4825
vn 0.0135 0.9981 0.0601
vn 0.0572 0.9970 0.0519
vn -0.0169 0.9730 0.2302
vn 0.2131 0.8791 0.4262
vn 0.0790 0.9090 0.4093
vn 0.1498 0.6559 0.7399
vn 0.2689 0.5009 0.8227
vn 0.4195 0.2616 0.8693
vn 0.2581 0.0504 0.9648
s 1
f 1/1/1 2/2/2 3/3/3
f 4/4/4 3/3/3 2/2/2
f 5/5/5 3/6/3 4/7/4
f 5/5/5 6/8/6 3/6/3
f 3/6/3 7/9/7 1/10/1
f 7/9/7 3/6/3 6/8/6
f 8/11/8 9/12/9 2/2/2
f 1/1/1 8/11/8 2/2/2
f 2/2/2 9/12/9 4/4/4
f 10/13/10 4/4/4 9/12/9
f 11/14/11 4/4/4 10/13/10
f 11/15/11 12/16/12 4/7/4
f 5/5/5 4/7/4 12/16/12
f 6/8/6 5/5/5 13/17/13
f 5/5/5 14/18/14 13/17/13
f 5/5/5 15/19/15 14/18/14
f 5/5/5 12/16/12 15/19/15
f 6/8/6 16/20/16 7/9/7
f 6/8/6 13/17/13 16/20/16
f 17/21/17 7/22/7 18/23/18
f 19/24/19 7/22/7 17/21/17
f 7/9/7 16/20/16 18/25/18
f 7/22/7 19/24/19 1/26/1
f 20/27/20 8/11/8 1/1/1
f 1/26/1 19/24/19 20/28/20
f 8/11/8 21/29/21 9/12/9
f 22/30/22 21/29/21 8/11/8
f 8/11/8 23/31/23 22/30/22
f 20/27/20 23/31/23 8/11/8
f 21/29/21 24/32/24 9/12/9
f 9/12/9 24/32/24 25/33/25
f 9/12/9 25/33/25 10/13/10
f 10/13/10 25/33/25 26/34/26
f 10/13/10 26/34/26 27/35/27
f 27/35/27 28/36/28 10/13/10
f 28/36/28 11/14/11 10/13/10
f 12/16/12 11/15/11 29/37/29
f 11/15/11 28/38/28 29/37/29
f 12/16/12 29/37/29 15/19/15
f 15/19/15 30/39/30 14/18/14
f 14/18/14 30/39/30 31/40/31
f 31/40/31 32/41/32 14/18/14
f 32/41/32 16/20/16 14/18/14
f 16/20/16 13/17/13 14/18/14
f 33/42/33 16/20/16 32/41/32
f 18/25/18 16/20/16 33/42/33
f 34/43/34 18/25/18 33/42/33
f 17/21/17 18/23/18 34/44/34
f 35/45/35 17/21/17 34/44/34
f 36/46/36 17/21/17 35/45/35
f 36/46/36 19/24/19 17/21/17
f 37/47/37 19/24/19 36/46/36
f 37/47/37 20/28/20 19/24/19
f 20/28/20 37/47/37 23/48/23
f 38/49/38 39/50/39 23/48/23
f 36/46/36 38/49/38 23/48/23
f 36/46/36 23/48/23 37/47/37
f 23/51/23 39/52/39 22/53/22
f 22/30/22 40/54/40 21/29/21
f 41/55/41 40/54/40 22/30/22
f 22/53/22 39/52/39 41/56/41
f 40/54/40 24/32/24 21/29/21
f 26/34/26 25/33/25 42/57/42
f 26/34/26 42/57/42 43/58/43
f 27/35/27 26/34/26 43/58/43
f 25/33/25 44/59/44 42/57/42
f 24/32/24 44/59/44 25/33/25
f 24/32/24 45/60/45 44/59/44
f 46/61/46 45/60/45 24/32/24
f 40/54/40 46/61/46 24/32/24
f 47/62/47 46/61/46 40/54/40
f 41/55/41 47/62/47 40/54/40
f 48/63/48 47/64/47 41/65/41
f 41/66/41 49/67/49 48/68/48
f 39/50/39 49/67/49 41/66/41
f 49/67/49 39/50/39 38/49/38
f 38/49/38 50/69/50 49/67/49
f 50/69/50 48/68/48 49/67/49
f 48/68/48 50/69/50 51/70/51
f 48/63/48 51/71/51 47/64/47
f 47/62/47 52/72/52 46/61/46
f 53/73/53 52/72/52 47/62/47
f 47/74/47 51/75/51 53/76/53
f 52/72/52 45/60/45 46/61/46
f 45/60/45 54/77/54 44/59/44
f 45/60/45 55/78/55 54/77/54
f 56/79/56 45/60/45 52/72/52
f 53/73/53 56/79/56 52/72/52
f 57/80/57 56/79/56 53/73/53
f 53/76/53 58/81/58 57/82/57
f 51/75/51 58/81/58 53/76/53
f 56/79/56 59/83/59 45/60/45
f 57/80/57 59/83/59 56/79/56
f 59/83/59 55/78/55 45/60/45
f 55/78/55 60/84/60 54/77/54
f 54/77/54 60/84/60 61/85/61
f 54/77/54 61/85/61 44/59/44
f 44/59/44 62/86/62 63/87/63
f 44/59/44 61/85/61 62/86/62
f 64/88/64 55/78/55 59/83/59
f 64/88/64 60/84/60 55/78/55
f 60/84/60 65/89/65 66/90/66
f 60/84/60 66/90/66 61/85/61
f 67/91/67 60/84/60 64/88/64
f 67/91/67 65/89/65 60/84/60
f 65/89/65 68/92/68 69/93/66
f 65/89/65 69/93/66 66/90/66
f 65/89/65 70/94/69 68/92/68
f 71/95/70 65/89/65 67/91/67
f 71/95/70 70/94/69 65/89/65
f 70/94/69 72/96/71 68/92/68
f 68/92/68 72/96/71 69/93/66
f 69/93/66 73/97/66 66/90/66
f 70/94/69 74/98/72 72/96/71
f 72/96/71 74/98/72 75/99/73
f 72/96/71 75/99/73 76/100/74
f 72/96/71 76/100/74 69/93/66
f 69/93/66 76/100/74 73/97/66
f 76/100/74 77/101/75 73/97/66
f 74/98/72 78/102/76 75/99/73
f 78/102/76 79/103/77 75/99/73
f 75/99/73 79/103/77 80/104/78
f 75/99/73 80/104/78 76/100/74
f 76/100/74 80/104/78 77/101/75
f 78/102/76 81/105/79 79/103/77
f 82/106/80 81/105/79 78/102/76
f 81/105/79 83/107/81 79/103/77
f 79/103/77 83/107/81 80/104/78
f 80/104/78 84/108/82 77/101/75
f 81/105/79 85/109/83 83/107/81
f 86/110/84 87/111/85 81/105/79
f 82/106/80 86/110/84 81/105/79
f 87/111/85 85/109/83 81/105/79
f 85/109/83 88/112/86 89/113/87
f 90/114/88 88/112/86 85/109/83
f 85/109/83 89/113/87 83/107/81
f 83/107/81 89/113/87 91/115/89
f 83/107/81 91/115/89 92/116/90
f 83/107/81 92/116/90 80/104/78
f 80/104/78 92/116/90 84/108/82
f 84/108/82 93/117/91 94/118/92
f 92/116/90 93/117/91 84/108/82
f 92/116/90 95/119/93 93/117/91
f 91/115/89 95/119/93 92/116/90
f 91/115/89 96/120/94 95/119/93
f 89/113/87 96/120/94 91/115/89
f 89/113/87 97/121/95 96/120/94
f 88/112/86 97/121/95 89/113/87
f 98/122/96 88/123/86 99/124/97
f 88/112/86 100/125/98 99/126/97
f 98/122/96 97/127/95 88/123/86
f 90/114/88 100/125/98 88/112/86
f 87/111/85 90/114/88 85/109/83
f 101/128/99 102/129/100 87/111/85
f 86/110/84 101/128/99 87/111/85
f 102/129/100 103/130/101 87/111/85
f 104/131/102 103/130/101 102/129/100
f 101/128/99 104/131/102 102/129/100
f 87/111/85 105/132/103 90/114/88
f 103/130/101 105/132/103 87/111/85
f 105/132/103 100/125/98 90/114/88
f 100/133/98 106/134/104 99/124/97
f 107/135/105 100/136/98 105/137/103
f 107/138/105 106/134/104 100/133/98
f 99/124/97 106/134/104 108/139/106
f 99/124/97 108/139/106 98/122/96
f 108/139/106 109/140/107 98/122/96
f 98/122/96 109/140/107 97/127/95
f 97/127/95 109/140/107 110/141/108
f 96/120/94 97/121/95 110/142/108
f 111/143/109 96/120/94 110/142/108
f 95/119/93 96/120/94 111/143/109
f 112/144/110 95/119/93 111/143/109
f 95/119/93 113/145/111 93/117/91
f 112/144/110 113/145/111 95/119/93
f 93/117/91 113/145/111 114/146/112
f 93/117/91 114/146/112 94/118/92
f 115/147/113 113/148/111 116/149/114
f 114/150/112 113/148/111 115/147/113
f 113/148/111 117/151/115 116/149/114
f 112/152/110 117/151/115 113/148/111
f 111/153/109 118/154/116 112/152/110
f 112/152/110 118/154/116 117/151/115
f 111/155/109 110/141/108 119/156/117
f 120/157/118 111/155/109 119/156/117
f 120/157/118 118/158/116 111/155/109
f 110/141/108 109/140/107 119/156/117
f 109/140/107 121/159/119 119/156/117
f 121/159/119 109/140/107 108/139/106
f 122/160/120 121/159/119 108/139/106
f 108/139/106 123/161/121 122/160/120
f 106/134/104 123/161/121 108/139/106
f 123/161/121 106/134/104 124/162/122
f 124/162/122 106/134/104 107/138/105
f 107/138/105 125/163/123 124/162/122
f 105/137/103 125/164/123 107/135/105
f 125/164/123 105/137/103 126/165/124
f 105/137/103 103/166/101 126/165/124
f 126/165/124 103/166/101 127/167/125
f 103/166/101 104/168/102 127/167/125
f 126/169/124 128/170/126 125/171/123
f 126/169/124 129/172/127 128/170/126
f 127/173/125 129/172/127 126/169/124
f 125/163/123 130/174/128 124/162/122
f 125/171/123 128/170/126 130/175/128
f 124/162/122 130/174/128 131/176/129
f 131/176/129 123/161/121 124/162/122
f 122/160/120 123/161/121 132/177/130
f 132/177/130 133/178/131 122/160/120
f 133/178/131 121/159/119 122/160/120
f 119/156/117 121/159/119 134/179/132
f 121/159/119 133/178/131 134/179/132
f 134/179/132 135/180/133 119/156/117
f 120/157/118 119/156/117 135/180/133
f 120/157/118 135/180/133 136/181/134
f 118/158/116 120/157/118 136/181/134
f 137/182/135 118/158/116 136/181/134
f 117/151/115 118/154/116 137/183/135
f 117/151/115 137/183/135 116/149/114
f 116/184/114 137/185/135 138/186/136
f 116/184/114 138/186/136 115/187/113
f 139/188/137 140/189/138 137/185/135
f 136/181/134 139/190/137 137/182/135
f 137/185/135 140/189/138 138/186/136
f 136/181/134 135/180/133 139/190/137
f 135/180/133 141/191/139 139/190/137
f 141/191/139 135/180/133 134/179/132
f 142/192/140 133/178/131 132/177/130
f 132/177/130 123/161/121 142/192/140
f 128/170/126 143/193/141 130/175/128
f 128/170/126 144/194/142 143/193/141
f 129/172/127 144/194/142 128/170/126
f 129/172/127 145/195/143 144/194/142
f 146/196/144 145/195/143 129/172/127
f 127/173/125 146/196/144 129/172/127
f 147/197/145 146/196/144 127/173/125
f 127/198/125 104/199/102 147/200/145
f 145/195/143 146/196/144 148/201/146
f 148/201/146 146/196/144 149/202/147
f 146/196/144 147/197/145 149/202/147
f 144/194/142 150/203/148 143/193/141
f 144/194/142 145/195/143 150/203/148
f 143/193/141 151/204/149 130/175/128
f 143/193/141 150/203/148 151/204/149
f 130/174/128 152/205/150 131/176/129
f 130/175/128 151/204/149 152/206/150
f 123/161/121 153/207/151 142/192/140
f 153/207/151 123/161/121 131/176/129
f 142/192/140 153/207/151 154/208/152
f 154/208/152 155/209/153 142/192/140
f 155/209/153 156/210/154 142/192/140
f 156/210/154 133/178/131 142/192/140
f 133/178/131 156/210/154 134/179/132
f 139/190/137 141/191/139 157/211/155
f 157/211/155 141/191/139 158/212/156
f 141/191/139 159/213/157 158/212/156
f 159/213/157 141/191/139 134/179/132
f 134/179/132 156/210/154 160/214/158
f 160/214/158 159/213/157 134/179/132
f 156/210/154 161/215/159 160/214/158
f 161/215/159 156/210/154 155/209/153
f 154/208/152 162/216/160 155/209/153
f 162/217/160 163/218/161 155/219/153
f 155/219/153 163/218/161 164/220/162
f 155/219/153 164/220/162 165/221/163
f 155/219/153 165/221/163 161/222/159
f 166/223/164 162/216/160 154/208/152
f 153/207/151 166/223/164 154/208/152
f 166/223/164 153/207/151 167/224/165
f 167/224/165 153/207/151 131/176/129
f 131/176/129 168/225/166 167/224/165
f 152/205/150 168/225/166 131/176/129
f 152/226/150 169/227/167 168/228/166
f 151/204/149 169/229/167 152/206/150
f 169/229/167 151/204/149 150/203/148
f 150/203/148 145/195/143 170/230/168
f 170/230/168 145/195/143 171/231/169
f 171/231/169 145/195/143 148/201/146
f 170/230/168 172/232/170 173/233/171
f 172/232/170 170/230/168 174/234/172
f 174/234/172 170/230/168 171/231/169
f 169/227/167 175/235/173 168/228/166
f 173/233/171 175/236/173 169/229/167
f 150/203/148 173/233/171 169/229/167
f 168/225/166 176/237/174 167/224/165
f 168/228/166 175/235/173 176/238/174
f 176/239/174 177/240/175 167/241/165
f 166/242/164 167/241/165 177/240/175
f 166/242/164 177/240/175 162/217/160
f 162/217/160 177/240/175 178/243/176
f 163/218/161 162/217/160 178/243/176
f 179/244/177 163/218/161 178/243/176
f 179/244/177 164/220/162 163/218/161
f 164/220/162 180/245/178 165/221/163
f 164/220/162 181/246/179 180/245/178
f 164/220/162 179/244/177 181/246/179
f 182/247/180 165/221/163 180/245/178
f 161/222/159 165/221/163 183/248/181
f 165/221/163 182/247/180 183/248/181
f 161/215/159 183/249/181 160/214/158
f 160/250/158 183/248/181 182/247/180
f 182/247/180 184/251/182 185/252/183
f 160/250/158 182/247/180 185/252/183
f 182/247/180 180/245/178 184/251/182
f 184/251/182 180/245/178 186/253/184
f 187/254/185 180/245/178 181/246/179
f 180/245/178 187/254/185 186/253/184
f 188/255/186 181/246/179 179/244/177
f 181/246/179 189/256/187 190/257/188
f 188/255/186 189/256/187 181/246/179
f 179/244/177 178/243/176 188/255/186
f 178/243/176 177/240/175 191/258/189
f 188/255/186 178/243/176 191/258/189
f 177/240/175 176/239/174 191/258/189
f 176/239/174 175/259/173 191/258/189
f 191/258/189 175/259/173 192/260/190
f 175/261/173 173/262/171 192/263/190
f 192/263/190 173/262/171 193/264/191
f 173/233/171 172/232/170 193/265/191
f 170/230/168 173/233/171 150/203/148
f 172/232/170 194/266/192 193/265/191
f 194/266/192 172/232/170 174/234/172
f 195/267/193 196/268/194 174/234/172
f 174/234/172 196/268/194 194/266/192
f 171/231/169 195/267/193 174/234/172
f 194/266/192 196/268/194 197/269/195
f 194/270/192 197/271/195 198/272/196
f 194/270/192 198/272/196 193/264/191
f 192/263/190 193/264/191 198/272/196
f 199/273/197 200/274/198 192/260/190
f 192/260/190 200/274/198 191/258/189
f 199/273/197 192/260/190 198/275/196
f 188/255/186 191/258/189 200/274/198
f 200/274/198 189/256/187 188/255/186
f 189/256/187 200/274/198 201/276/199
f 202/277/200 190/257/188 189/256/187
f 201/276/199 202/277/200 189/256/187
f 203/278/201 190/257/188 202/277/200
f 204/279/202 190/257/188 203/278/201
f 181/246/179 190/257/188 205/280/203
f 205/280/203 190/257/188 204/279/202
f 181/246/179 205/280/203 187/254/185
f 187/254/185 206/281/204 186/253/184
f 206/281/204 187/254/185 204/279/202
f 204/279/202 187/254/185 205/280/203
f 186/253/184 207/282/205 184/251/182
f 186/253/184 208/283/206 207/282/205
f 206/281/204 208/283/206 186/253/184
f 206/281/204 204/279/202 208/283/206
f 209/284/207 203/278/201 202/277/200
f 210/285/208 203/278/201 209/284/207
f 201/276/199 211/286/209 202/277/200
f 211/286/209 209/284/207 202/277/200
f 200/274/198 199/273/197 201/276/199
f 199/273/197 212/287/210 201/276/199
f 212/287/210 211/286/209 201/276/199
f 199/273/197 198/275/196 212/287/210
f 198/275/196 213/288/211 212/287/210
f 197/271/195 214/289/212 198/272/196
f 214/290/212 213/288/211 198/275/196
f 197/271/195 215/291/213 214/289/212
f 197/271/195 216/292/214 215/291/213
f 216/293/214 197/269/195 217/294/215
f 197/269/195 196/268/194 217/294/215
f 217/294/215 196/268/194 218/295/216
f 196/268/194 195/267/193 218/295/216
f 219/296/217 220/297/218 217/294/215
f 217/294/215 220/297/218 216/293/214
f 218/295/216 219/296/217 217/294/215
f 216/292/214 220/298/218 221/299/219
f 216/292/214 221/299/219 215/291/213
f 214/289/212 215/291/213 221/299/219
f 214/290/212 221/300/219 213/288/211
f 212/287/210 213/288/211 211/286/209
f 209/284/207 211/286/209 222/301/220
f 222/301/220 211/286/209 213/288/211
f 223/302/221 210/285/208 209/284/207
f 222/301/220 223/302/221 209/284/207
f 224/303/222 203/278/201 210/285/208
f 225/304/223 224/303/222 210/285/208
f 225/304/223 210/285/208 226/305/224
f 223/302/221 226/305/224 210/285/208
f 208/283/206 203/278/201 224/303/222
f 204/279/202 203/278/201 208/283/206
f 208/283/206 227/306/225 207/282/205
f 228/307/226 227/306/225 208/283/206
f 224/303/222 228/307/226 208/283/206
f 228/307/226 224/303/222 229/308/227
f 229/308/227 224/303/222 225/304/223
f 226/305/224 230/309/228 225/304/223
f 225/304/223 230/309/228 229/308/227
f 226/305/224 231/310/229 230/309/228
f 226/305/224 223/302/221 231/310/229
f 223/302/221 232/311/230 231/310/229
f 223/302/221 222/301/220 232/311/230
f 213/288/211 233/312/231 222/301/220
f 233/312/231 232/311/230 222/301/220
f 221/300/219 233/312/231 213/288/211
f 233/312/231 221/300/219 234/313/232
f 221/299/219 235/314/233 234/315/232
f 220/298/218 235/314/233 221/299/219
f 220/298/218 236/316/234 235/314/233
f 237/317/235 236/318/234 220/297/218
f 219/296/217 237/317/235 220/297/218
f 238/319/236 219/296/217 218/295/216
f 239/320/237 237/317/235 219/296/217
f 238/319/236 239/320/237 219/296/217
f 218/295/216 195/267/193 240/321/238
f 240/321/238 238/319/236 218/295/216
f 241/322/239 239/320/237 238/319/236
f 239/320/237 242/323/240 237/317/235
f 243/324/241 242/323/240 239/320/237
f 241/322/239 243/324/241 239/320/237
f 237/317/235 244/325/242 236/318/234
f 242/323/240 244/325/242 237/317/235
f 235/314/233 236/316/234 245/326/243
f 236/316/234 244/327/242 245/326/243
f 234/315/232 235/314/233 245/326/243
f 234/313/232 246/328/244 233/312/231
f 245/329/243 246/328/244 234/313/232
f 246/328/244 232/311/230 233/312/231
f 231/310/229 232/311/230 247/330/245
f 246/328/244 247/330/245 232/311/230
f 230/309/228 231/310/229 247/330/245
f 247/330/245 248/331/246 230/309/228
f 229/308/227 230/309/228 249/332/247
f 249/332/247 228/307/226 229/308/227
f 230/309/228 250/333/248 249/332/247
f 248/331/246 250/333/248 230/309/228
f 247/330/245 251/334/249 248/331/246
f 244/327/242 252/335/250 245/326/243
f 245/329/243 253/336/251 246/328/244
f 252/337/250 253/336/251 245/329/243
f 254/338/252 244/325/242 242/323/240
f 255/339/253 244/325/242 254/338/252
f 255/339/253 252/340/250 244/325/242
f 243/324/241 254/338/252 242/323/240
f 256/341/254 254/338/252 243/324/241
f 254/338/252 257/342/255 255/339/253
f 257/342/255 254/338/252 256/341/254
f 255/343/253 258/344/256 252/345/250
f 259/346/257 255/339/253 257/342/255
f 259/346/257 258/347/256 255/339/253
f 252/337/250 258/348/256 253/336/251
f 253/336/251 260/349/258 246/328/244
f 258/348/256 261/350/259 253/336/251
f 253/336/251 262/351/260 260/349/258
f 261/350/259 262/351/260 253/336/251
f 260/349/258 247/330/245 246/328/244
f 263/352/261 251/334/249 247/330/245
f 251/334/249 264/353/262 248/331/246
f 263/352/261 265/354/263 251/334/249
f 260/349/258 263/352/261 247/330/245
f 266/355/264 263/352/261 260/349/258
f 262/351/260 266/355/264 260/349/258
f 262/351/260 261/350/259 267/356/265
f 267/356/265 266/355/264 262/351/260
f 268/357/266 261/358/259 258/359/256
f 259/346/257 268/360/266 258/347/256
f 268/360/266 259/346/257 269/361/267
f 269/362/267 261/358/259 268/357/266
f 261/350/259 270/363/268 267/356/265
f 270/364/268 261/358/259 269/362/267
f 270/363/268 271/365/269 267/356/265
f 267/356/265 272/366/270 266/355/264
f 271/365/269 272/366/270 267/356/265
f 272/366/270 273/367/271 266/355/264
f 266/355/264 274/368/272 263/352/261
f 274/368/272 265/354/263 263/352/261
f 265/354/263 275/369/273 251/334/249
f 275/369/273 264/353/262 251/334/249
f 265/354/263 276/370/274 275/369/273
f 274/368/272 276/370/274 265/354/263
f 273/367/271 274/368/272 266/355/264
f 273/367/271 277/371/275 274/368/272
f 271/365/269 278/372/276 272/366/270
f 279/373/277 271/374/269 270/364/268
f 279/373/277 278/375/276 271/374/269
f 280/376/278 270/364/268 269/362/267
f 280/376/278 279/373/277 270/364/268
f 279/373/277 280/376/278 281/377/279
f 281/377/279 278/375/276 279/373/277
f 278/372/276 282/378/280 272/366/270
f 282/379/280 278/375/276 281/377/279
f 272/366/270 282/378/280 283/380/281
f 283/380/281 273/367/271 272/366/270
f 277/371/275 276/370/274 274/368/272
f 276/370/274 284/381/263 275/369/273
f 276/370/274 285/382/282 284/381/263
f 277/371/275 286/383/283 276/370/274
f 287/384/284 277/371/275 273/367/271
f 283/380/281 287/384/284 273/367/271
f 282/379/280 288/385/285 283/386/281
f 288/385/285 289/387/286 283/386/281
f 289/387/286 287/388/284 283/386/281
f 289/387/286 290/389/287 287/388/284
f 290/389/287 291/390/288 287/388/284
f 291/390/288 292/391/289 287/388/284
f 287/384/284 293/392/290 277/371/275
f 292/391/289 293/393/290 287/388/284
f 293/392/290 286/383/283 277/371/275
f 286/383/283 285/382/282 276/370/274
f 286/383/283 294/394/291 285/382/282
f 293/392/290 295/395/292 286/383/283
f 292/391/289 296/396/293 293/393/290
f 296/396/293 297/397/294 293/393/290
f 297/397/294 295/398/292 293/393/290
f 292/391/289 291/390/288 298/399/295
f 298/399/295 296/396/293 292/391/289
f 299/400/296 296/401/293 298/402/295
f 299/400/296 300/403/297 296/401/293
f 300/404/297 297/397/294 296/396/293
f 297/397/294 301/405/298 295/398/292
f 300/404/297 301/405/298 297/397/294
f 301/405/298 302/406/299 295/398/292
f 295/395/292 303/407/300 286/383/283
f 302/406/299 303/408/300 295/398/292
f 303/407/300 304/409/301 286/383/283
f 286/383/283 304/409/301 294/394/291
f 304/409/301 305/410/302 294/394/291
f 294/394/291 306/411/303 285/382/282
f 306/411/303 307/412/263 285/382/282
f 308/413/304 306/411/303 294/394/291
f 305/410/302 308/413/304 294/394/291
f 304/414/301 309/415/305 305/416/302
f 309/415/305 310/417/306 305/416/302
f 305/410/302 311/418/307 308/413/304
f 310/417/306 311/419/307 305/416/302
f 312/420/308 309/415/305 304/414/301
f 303/407/300 313/421/309 304/409/301
f 313/422/309 314/423/310 304/414/301
f 314/423/310 312/420/308 304/414/301
f 302/406/299 315/424/311 303/408/300
f 315/424/311 313/425/309 303/408/300
f 316/426/312 302/406/299 301/405/298
f 316/426/312 315/424/311 302/406/299
f 317/427/313 301/405/298 300/404/297
f 317/427/313 316/426/312 301/405/298
f 317/428/313 318/429/314 316/430/312
f 319/431/315 316/430/312 318/429/314
f 319/432/315 315/424/311 316/426/312
f 319/432/315 320/433/316 315/424/311
f 320/433/316 313/425/309 315/424/311
f 314/423/310 313/422/309 321/434/317
f 321/434/317 313/422/309 320/435/316
f 321/434/317 322/436/318 314/423/310
f 314/423/310 322/436/318 312/420/308
f 322/436/318 309/415/305 312/420/308
f 310/417/306 309/415/305 323/437/319
f 323/437/319 309/415/305 322/436/318
f 310/417/306 324/438/320 311/419/307
f 323/437/319 324/438/320 310/417/306
f 324/439/320 325/440/321 311/441/307
f 311/418/307 326/442/322 308/413/304
f 325/440/321 326/443/322 311/441/307
f 308/413/304 327/444/323 306/411/303
f 308/413/304 328/445/324 327/444/323
f 329/446/325 328/445/324 308/413/304
f 326/442/322 329/446/325 308/413/304
f 325/440/321 330/447/326 326/443/322
f 330/447/326 331/448/327 326/443/322
f 326/442/322 331/449/327 329/446/325
f 332/450/328 325/440/321 324/439/320
f 332/450/328 330/447/326 325/440/321
f 333/451/329 324/439/320 323/452/319
f 333/451/329 332/450/328 324/439/320
f 322/453/318 334/454/330 323/455/319
f 334/454/330 335/456/331 323/455/319
f 333/451/329 323/452/319 335/457/331
f 321/458/317 334/454/330 322/453/318
f 320/459/316 336/460/332 321/458/317
f 336/460/332 337/461/333 321/458/317
f 337/461/333 334/454/330 321/458/317
f 319/431/315 336/462/332 320/463/316
f 336/462/332 319/431/315 338/464/334
f 336/460/332 339/465/335 337/461/333
f 338/466/334 339/465/335 336/460/332
f 334/454/330 337/461/333 340/467/336
f 337/461/333 339/465/335 340/467/336
f 341/468/337 334/454/330 340/467/336
f 341/468/337 335/456/331 334/454/330
f 342/469/338 333/451/329 335/457/331
f 333/451/329 343/470/339 332/450/328
f 333/451/329 342/469/338 343/470/339
f 344/471/340 332/450/328 343/470/339
f 344/471/340 330/447/326 332/450/328
f 344/471/340 345/472/341 330/447/326
f 345/472/341 331/448/327 330/447/326
f 331/449/327 346/473/342 329/446/325
f 346/474/342 331/475/327 347/476/343
f 347/477/343 331/448/327 345/472/341
f 329/446/325 348/478/344 328/445/324
f 346/473/342 348/478/344 329/446/325
f 348/478/344 349/479/345 328/445/324
f 350/480/346 351/481/347 328/445/324
f 349/479/345 350/480/346 328/445/324
f 352/482/348 349/479/345 348/478/344
f 352/482/348 353/483/349 349/479/345
f 349/479/345 353/483/349 350/480/346
f 346/474/342 354/484/350 348/485/344
f 354/484/350 355/486/351 348/485/344
f 355/486/351 352/487/348 348/485/344
f 347/476/343 354/484/350 346/474/342
f 345/472/341 356/488/352 347/477/343
f 356/488/352 357/489/353 347/477/343
f 358/490/354 347/491/343 357/492/353
f 358/490/354 354/493/350 347/491/343
f 344/471/340 356/488/352 345/472/341
f 359/494/355 344/471/340 343/470/339
f 356/488/352 344/471/340 360/495/356
f 344/471/340 359/494/355 360/495/356
f 361/496/357 341/468/337 340/467/336
f 340/467/336 339/465/335 361/496/357
f 360/497/356 362/498/358 356/499/352
f 360/497/356 363/500/359 362/498/358
f 356/499/352 362/498/358 357/492/353
f 362/498/358 358/490/354 357/492/353
f 358/490/354 364/501/360 354/493/350
f 365/502/361 358/490/354 362/498/358
f 358/490/354 366/503/362 364/501/360
f 366/503/362 358/490/354 367/504/363
f 358/490/354 365/502/361 367/504/363
f 364/505/360 355/486/351 354/484/350
f 364/505/360 368/506/364 355/486/351
f 355/486/351 368/506/364 352/487/348
f 368/507/364 353/508/349 352/509/348
f 369/510/365 353/508/349 368/507/364
f 364/501/360 370/511/366 368/512/364
f 368/512/364 370/511/366 369/513/365
f 364/501/360 371/514/367 370/511/366
f 366/503/362 371/514/367 364/501/360
f 366/503/362 367/504/363 371/514/367
f 367/504/363 365/502/361 372/515/368
f 371/514/367 367/504/363 373/516/369
f 367/504/363 372/515/368 373/516/369
f 363/500/359 365/502/361 362/498/358
f 343/470/339 342/469/338 359/494/355
f 374/517/370 342/469/338 375/518/371
f 375/518/371 342/469/338 335/457/331
f 342/469/338 374/517/370 359/494/355
f 341/468/337 375/519/371 335/456/331
f 376/520/372 341/468/337 361/496/357
f 376/520/372 375/519/371 341/468/337
f 376/520/372 377/521/373 375/519/371
f 377/522/373 374/517/370 375/518/371
f 378/523/374 374/517/370 377/522/373
f 359/494/355 374/517/370 378/523/374
f 360/497/356 379/524/375 363/500/359
f 379/524/375 365/502/361 363/500/359
f 372/515/368 365/502/361 380/525/376
f 372/515/368 380/525/376 373/516/369
f 381/526/377 382/527/378 373/516/369
f 373/516/369 382/527/378 371/514/367
f 382/527/378 370/511/366 371/514/367
f 370/511/366 383/528/379 369/513/365
f 370/511/366 384/529/380 383/528/379
f 382/527/378 384/529/380 370/511/366
f 382/530/378 385/531/381 384/532/380
f 381/533/377 385/531/381 382/530/378
f 380/525/376 365/502/361 386/534/382
f 380/525/376 386/534/382 373/516/369
f 387/535/383 365/502/361 379/524/375
f 365/502/361 387/535/383 386/534/382
f 360/497/356 388/536/384 379/524/375
f 388/536/384 387/535/383 379/524/375
f 360/495/356 359/494/355 389/537/385
f 389/537/385 388/538/384 360/495/356
f 390/539/386 359/494/355 378/523/374
f 359/494/355 390/539/386 389/537/385
f 391/540/387 390/539/386 378/523/374
f 378/523/374 377/522/373 392/541/388
f 378/523/374 392/541/388 391/540/387
f 393/542/389 377/521/373 376/520/372
f 393/542/389 394/543/390 377/521/373
f 377/522/373 394/544/390 392/541/388
f 393/542/389 376/520/372 361/496/357
f 395/545/391 396/546/392 393/542/389
f 397/547/393 395/545/391 393/542/389
f 397/547/393 393/542/389 361/496/357
f 396/546/392 394/543/390 393/542/389
f 398/548/394 394/549/390 399/550/395
f 394/551/390 396/552/392 399/553/395
f 392/554/388 394/549/390 398/548/394
f 400/555/396 391/540/387 392/541/388
f 401/556/397 392/554/388 398/548/394
f 400/557/396 392/558/388 401/559/397
f 391/540/387 400/555/396 390/539/386
f 389/537/385 390/539/386 402/560/398
f 390/539/386 400/555/396 402/560/398
f 389/537/385 403/561/399 388/538/384
f 402/560/398 403/561/399 389/537/385
f 388/536/384 403/562/399 404/563/400
f 387/535/383 388/536/384 404/563/400
f 386/534/382 387/535/383 405/564/401
f 373/516/369 386/534/382 406/565/402
f 386/534/382 405/564/401 406/565/402
f 406/565/402 381/526/377 373/516/369
f 407/566/403 381/526/377 406/565/402
f 381/533/377 408/567/404 385/531/381
f 407/566/403 408/568/404 381/526/377
f 409/569/405 407/566/403 406/565/402
f 405/564/401 409/569/405 406/565/402
f 409/569/405 405/564/401 387/535/383
f 387/535/383 404/563/400 409/569/405
f 404/563/400 58/81/58 407/566/403
f 409/569/405 404/563/400 407/566/403
f 57/82/57 404/563/400 410/570/406
f 404/563/400 403/562/399 410/570/406
f 58/81/58 404/563/400 57/82/57
f 410/570/406 403/562/399 411/571/407
f 403/561/399 402/560/398 411/572/407
f 411/572/407 402/560/398 400/555/396
f 412/573/408 411/574/407 400/557/396
f 400/557/396 401/559/397 412/573/408
f 401/575/397 413/576/409 64/88/64
f 398/577/394 413/576/409 401/575/397
f 412/578/408 401/575/397 64/88/64
f 398/577/394 414/579/410 413/576/409
f 399/580/395 414/579/410 398/577/394
f 399/580/395 415/581/411 414/579/410
f 416/582/412 415/581/411 399/580/395
f 399/553/395 396/552/392 416/583/412
f 396/552/392 395/584/391 416/583/412
f 416/582/412 417/585/413 415/581/411
f 418/586/414 417/585/413 416/582/412
f 416/582/412 419/587/415 418/586/414
f 395/584/391 419/588/415 416/583/412
f 415/581/411 417/585/413 67/91/67
f 415/581/411 67/91/67 414/579/410
f 414/579/410 67/91/67 413/576/409
f 413/576/409 67/91/67 64/88/64
f 417/585/413 71/95/70 67/91/67
f 420/589/416 71/95/70 417/585/413
f 418/586/414 420/589/416 417/585/413
f 421/590/417 420/589/416 418/586/414
f 419/587/415 421/590/417 418/586/414
f 422/591/418 421/592/417 419/593/415
f 395/584/391 423/594/419 419/588/415
f 419/593/415 424/595/420 422/591/418
f 424/595/420 419/593/415 423/596/419
f 423/597/419 395/545/391 397/547/393
f 423/597/419 425/598/421 424/599/420
f 423/597/419 397/547/393 425/598/421
f 426/600/422 427/601/423 424/602/420
f 427/601/423 422/603/418 424/602/420
f 424/602/420 425/604/421 426/600/422
f 422/603/418 427/601/423 428/605/424
f 422/603/418 428/605/424 421/606/417
f 420/589/416 421/590/417 429/607/425
f 421/606/417 428/605/424 429/608/425
f 420/589/416 430/609/426 71/95/70
f 429/607/425 430/609/426 420/589/416
f 431/610/427 432/611/428 71/95/70
f 430/609/426 431/610/427 71/95/70
f 433/612/429 431/613/427 430/614/426
f 430/614/426 434/615/430 433/612/429
f 429/616/425 434/615/430 430/614/426
f 429/608/425 435/617/431 434/618/430
f 435/617/431 429/608/425 436/619/432
f 436/619/432 429/608/425 428/605/424
f 437/620/433 436/619/432 428/605/424
f 428/605/424 427/601/423 437/620/433
f 427/601/423 438/621/434 437/620/433
f 438/621/434 427/601/423 426/600/422
f 439/622/435 438/621/434 426/600/422
f 426/600/422 425/604/421 439/622/435
f 439/622/435 425/604/421 440/623/436
f 440/624/436 425/598/421 361/496/357
f 425/598/421 397/547/393 361/496/357
f 441/625/437 442/626/438 439/622/435
f 442/626/438 438/621/434 439/622/435
f 439/622/435 440/623/436 441/625/437
f 438/621/434 442/626/438 443/627/439
f 437/620/433 438/621/434 443/627/439
f 443/627/439 444/628/440 437/620/433
f 444/628/440 436/619/432 437/620/433
f 435/617/431 436/619/432 444/628/440
f 435/617/431 433/629/429 434/618/430
f 435/617/431 445/630/441 433/629/429
f 435/617/431 446/631/442 445/630/441
f 435/617/431 444/628/440 446/631/442
f 433/629/429 445/630/441 447/632/443
f 433/612/429 447/633/443 431/613/427
f 448/634/444 432/611/428 431/610/427
f 431/613/427 447/633/443 448/635/444
f 432/611/428 70/94/69 71/95/70
f 432/611/428 74/98/72 70/94/69
f 449/636/445 74/98/72 432/611/428
f 450/637/446 449/636/445 432/611/428
f 448/634/444 450/637/446 432/611/428
f 451/638/447 450/637/446 448/634/444
f 448/635/444 452/639/448 451/640/447
f 447/633/443 452/639/448 448/635/444
f 452/641/448 447/642/443 453/643/449
f 453/643/449 447/642/443 445/644/441
f 445/644/441 454/645/450 453/643/449
f 446/631/442 454/646/450 445/630/441
f 446/631/442 455/647/451 454/646/450
f 455/647/451 446/631/442 444/628/440
f 456/648/452 455/647/451 444/628/440
f 442/626/438 457/649/453 443/627/439
f 457/649/453 442/626/438 441/625/437
f 458/650/454 459/651/455 443/627/439
f 459/651/455 444/628/440 443/627/439
f 443/627/439 457/649/453 458/650/454
f 444/628/440 459/651/455 456/648/452
f 454/646/450 455/647/451 460/652/456
f 461/653/457 454/645/450 460/654/456
f 462/655/458 454/645/450 461/653/457
f 454/645/450 462/655/458 453/643/449
f 463/656/459 452/641/448 453/643/449
f 453/643/449 462/655/458 463/656/459
f 464/657/460 465/658/461 452/641/448
f 463/656/459 464/657/460 452/641/448
f 452/639/448 465/659/461 451/640/447
f 451/638/447 466/660/462 450/637/446
f 467/661/463 466/662/462 451/663/447
f 451/663/447 465/664/461 467/661/463
f 450/637/446 468/665/464 449/636/445
f 466/660/462 468/665/464 450/637/446
f 449/636/445 469/666/465 74/98/72
f 468/665/464 469/666/465 449/636/445
f 469/666/465 470/667/466 74/98/72
f 469/666/465 471/668/467 470/667/466
f 472/669/468 471/670/467 469/671/465
f 472/669/468 469/671/465 473/672/469
f 469/671/465 468/673/464 473/672/469
f 473/672/469 468/673/464 474/674/470
f 468/673/464 466/675/462 474/674/470
f 466/662/462 475/676/471 474/677/470
f 467/661/463 475/676/471 466/662/462
f 467/661/463 476/678/472 475/676/471
f 476/678/472 467/661/463 465/664/461
f 464/679/460 476/678/472 465/664/461
f 477/680/473 478/681/474 464/679/460
f 478/681/474 476/678/472 464/679/460
f 463/656/459 479/682/475 464/657/460
f 464/657/460 479/682/475 477/683/473
f 479/682/475 463/656/459 462/655/458
f 461/653/457 479/682/475 462/655/458
f 460/654/456 480/684/476 461/653/457
f 480/684/476 479/682/475 461/653/457
f 460/652/456 455/647/451 481/685/477
f 482/686/478 483/687/479 456/648/452
f 483/687/479 455/647/451 456/648/452
f 456/648/452 459/651/455 482/686/478
f 455/647/451 483/687/479 481/685/477
f 484/688/480 480/684/476 460/654/456
f 480/684/476 484/688/480 477/683/473
f 479/682/475 480/684/476 477/683/473
f 476/678/472 478/681/474 485/689/481
f 475/676/471 476/678/472 485/689/481
f 485/689/481 486/690/482 475/676/471
f 486/690/482 474/677/470 475/676/471
f 474/677/470 486/690/482 473/691/469
f 473/691/469 486/690/482 472/692/468
f 472/692/468 487/693/483 488/694/484
f 472/692/468 488/694/484 471/695/467
f 472/692/468 486/690/482 487/693/483
f 486/690/482 489/696/485 487/693/483
f 489/696/485 486/690/482 485/689/481
f 490/697/486 478/681/474 477/680/473
f 477/683/473 484/688/480 490/698/486
f 491/699/487 484/688/480 460/654/456
f 460/654/456 481/700/477 491/699/487
f 491/699/487 481/700/477 492/701/488
f 481/685/477 483/687/479 492/702/488
f 483/687/479 299/400/296 492/702/488
f 299/400/296 483/687/479 482/686/478
f 317/428/313 299/400/296 482/686/478
f 459/651/455 317/428/313 482/686/478
f 317/428/313 459/651/455 458/650/454
f 318/429/314 317/428/313 458/650/454
f 299/400/296 317/428/313 300/403/297
f 299/400/296 298/402/295 492/702/488
f 491/699/487 492/701/488 493/703/489
f 493/703/489 494/704/490 491/699/487
f 494/704/490 484/688/480 491/699/487
f 484/688/480 494/704/490 490/698/486
f 495/705/491 478/681/474 490/697/486
f 478/681/474 495/705/491 496/706/492
f 485/689/481 478/681/474 496/706/492
f 496/706/492 489/696/485 485/689/481
f 487/693/483 489/696/485 497/707/493
f 487/693/483 497/707/493 498/708/494
f 488/694/484 487/693/483 498/708/494
f 498/708/494 497/707/493 499/709/495
f 489/696/485 500/710/496 497/707/493
f 495/705/491 501/711/497 496/706/492
f 501/711/497 495/705/491 490/697/486
f 502/712/498 501/711/497 490/697/486
f 490/698/486 494/704/490 502/713/498
f 494/704/490 503/714/499 502/713/498
f 494/715/490 290/389/287 503/716/499
f 494/715/490 504/717/500 290/389/287
f 494/704/490 493/703/489 504/718/500
f 504/718/500 493/703/489 298/719/295
f 493/703/489 492/701/488 298/719/295
f 298/719/295 291/720/288 504/718/500
f 504/717/500 291/390/288 290/389/287
f 503/716/499 290/389/287 289/387/286
f 501/711/497 503/721/499 288/722/285
f 503/716/499 289/387/286 288/385/285
f 501/711/497 502/712/498 503/721/499
f 501/711/497 505/723/501 506/724/502
f 501/711/497 288/722/285 505/723/501
f 496/706/492 501/711/497 506/724/502
f 506/724/502 500/710/496 496/706/492
f 500/710/496 489/696/485 496/706/492
f 499/709/495 507/725/503 498/708/494
f 507/725/503 508/726/504 498/708/494
f 498/708/494 508/726/504 488/694/484
f 509/727/505 508/726/504 507/725/503
f 510/728/506 509/727/505 507/725/503
f 510/728/506 507/725/503 511/729/507
f 511/729/507 507/725/503 499/709/495
f 497/707/493 512/730/508 499/709/495
f 497/707/493 500/710/496 512/730/508
f 500/710/496 513/731/509 512/730/508
f 513/731/509 500/710/496 505/723/501
f 500/710/496 506/724/502 505/723/501
f 281/732/279 513/731/509 505/723/501
f 288/385/285 282/379/280 505/733/501
f 505/733/501 282/379/280 281/377/279
f 280/734/278 513/731/509 281/732/279
f 512/730/508 513/731/509 280/734/278
f 512/730/508 280/734/278 514/735/510
f 499/709/495 512/730/508 514/735/510
f 514/735/510 515/736/511 499/709/495
f 515/736/511 511/729/507 499/709/495
f 511/729/507 515/736/511 256/341/254
f 510/728/506 511/729/507 256/341/254
f 509/727/505 510/728/506 516/737/512
f 517/738/513 518/739/514 509/727/505
f 518/739/514 508/726/504 509/727/505
f 519/740/515 508/726/504 518/739/514
f 508/726/504 519/740/515 488/694/484
f 471/695/467 488/694/484 519/740/515
f 518/741/514 520/742/516 519/743/515
f 520/742/516 471/744/467 519/743/515
f 517/745/513 520/742/516 518/741/514
f 517/738/513 509/727/505 521/746/517
f 517/745/513 522/747/518 520/742/516
f 517/738/513 521/746/517 522/748/518
f 521/746/517 509/727/505 523/749/519
f 509/727/505 516/737/512 523/749/519
f 516/737/512 510/728/506 523/749/519
f 256/341/254 515/736/511 257/342/255
f 515/736/511 524/750/520 259/346/257
f 257/342/255 515/736/511 259/346/257
f 524/750/520 515/736/511 514/735/510
f 525/751/521 524/750/520 514/735/510
f 514/735/510 280/734/278 525/751/521
f 280/734/278 269/361/267 525/751/521
f 524/750/520 525/751/521 269/361/267
f 259/346/257 524/750/520 269/361/267
f 510/728/506 256/341/254 526/752/522
f 523/749/519 510/728/506 526/752/522
f 527/753/523 523/749/519 526/752/522
f 528/754/524 523/749/519 527/753/523
f 521/746/517 523/749/519 528/754/524
f 522/748/518 521/746/517 528/754/524
f 529/755/525 522/756/518 528/757/524
f 522/758/518 529/759/525 530/760/526
f 520/761/516 522/758/518 530/760/526
f 520/761/516 530/760/526 531/762/527
f 470/667/466 520/761/516 531/762/527
f 471/668/467 520/761/516 470/667/466
f 470/667/466 531/762/527 74/98/72
f 531/762/527 530/760/526 78/102/76
f 531/762/527 78/102/76 74/98/72
f 530/760/526 529/759/525 82/106/80
f 530/760/526 82/106/80 78/102/76
f 532/763/528 529/755/525 533/764/529
f 529/759/525 532/765/528 82/106/80
f 533/764/529 529/755/525 528/757/524
f 528/754/524 527/753/523 533/766/529
f 527/753/523 526/752/522 534/767/530
f 533/766/529 527/753/523 534/767/530
f 534/767/530 526/752/522 241/322/239
f 526/752/522 256/341/254 243/324/241
f 526/752/522 243/324/241 241/322/239
f 535/768/531 241/322/239 238/319/236
f 534/767/530 241/322/239 535/768/531
f 536/769/532 534/767/530 535/768/531
f 533/766/529 534/767/530 536/769/532
f 536/769/532 532/770/528 533/766/529
f 532/765/528 537/771/533 86/110/84
f 536/769/532 537/772/533 532/770/528
f 532/765/528 86/110/84 82/106/80
f 537/771/533 101/128/99 86/110/84
f 537/771/533 538/773/534 101/128/99
f 539/774/535 538/775/534 537/772/533
f 537/772/533 540/776/536 539/774/535
f 536/769/532 540/776/536 537/772/533
f 536/769/532 535/768/531 540/776/536
f 535/768/531 238/319/236 541/777/537
f 540/776/536 535/768/531 541/777/537
f 541/777/537 238/319/236 240/321/238
f 195/267/193 148/201/146 240/321/238
f 240/321/238 148/201/146 541/777/537
f 148/201/146 542/778/538 541/777/537
f 541/777/537 542/778/538 540/776/536
f 542/778/538 539/774/535 540/776/536
f 539/774/535 542/778/538 149/202/147
f 539/774/535 149/202/147 538/775/534
f 104/199/102 538/779/534 147/200/145
f 538/773/534 104/131/102 101/128/99
f 538/775/534 149/202/147 147/197/145
f 149/202/147 542/778/538 148/201/146
f 148/201/146 195/267/193 171/231/169
f 457/649/453 319/431/315 458/650/454
f 458/650/454 319/431/315 318/429/314
f 319/431/315 457/649/453 338/464/334
f 338/464/334 457/649/453 543/780/539
f 543/780/539 457/649/453 441/625/437
f 543/781/539 339/465/335 338/466/334
f 543/781/539 440/624/436 339/465/335
f 441/625/437 440/623/436 543/780/539
f 339/465/335 440/624/436 361/496/357
f 412/578/408 64/88/64 59/83/59
f 410/782/406 412/578/408 59/83/59
f 411/783/407 412/578/408 410/782/406
f 410/782/406 59/83/59 57/80/57
f 58/81/58 51/75/51 407/566/403
f 407/566/403 51/75/51 408/568/404
f 51/70/51 50/69/50 408/567/404
f 50/69/50 544/784/540 408/567/404
f 408/567/404 544/784/540 385/531/381
f 544/784/540 50/69/50 38/49/38
f 545/785/541 544/784/540 38/49/38
f 546/786/542 544/784/540 545/785/541
f 544/784/540 547/787/543 385/531/381
f 547/787/543 544/784/540 546/786/542
f 548/788/544 547/787/543 546/786/542
f 545/785/541 549/789/545 546/786/542
f 36/46/36 549/789/545 545/785/541
f 38/49/38 36/46/36 545/785/541
f 549/789/545 36/46/36 35/45/35
f 550/790/546 551/791/547 548/788/544
f 551/791/547 547/787/543 548/788/544
f 548/788/544 546/786/542 550/790/546
f 547/787/543 551/791/547 384/532/380
f 385/531/381 547/787/543 384/532/380
f 551/791/547 369/792/365 383/793/379
f 551/791/547 552/794/548 369/792/365
f 551/791/547 553/795/549 552/794/548
f 384/532/380 551/791/547 383/793/379
f 551/791/547 550/790/546 553/795/549
f 553/795/549 550/790/546 554/796/550
f 550/790/546 555/797/551 554/796/550
f 550/790/546 546/786/542 555/797/551
f 549/789/545 556/798/552 546/786/542
f 546/786/542 556/798/552 555/797/551
f 556/798/552 549/789/545 557/799/553
f 557/799/553 549/789/545 35/45/35
f 35/45/35 34/44/34 557/799/553
f 34/43/34 33/42/33 558/800/554
f 557/799/553 34/44/34 559/801/555
f 34/43/34 558/800/554 559/802/555
f 560/803/556 556/798/552 557/799/553
f 557/799/553 559/801/555 560/803/556
f 556/798/552 554/796/550 555/797/551
f 556/798/552 561/804/557 554/796/550
f 556/798/552 562/805/558 561/804/557
f 556/798/552 560/803/556 562/805/558
f 554/806/550 563/807/559 553/808/549
f 554/806/550 561/809/557 563/807/559
f 553/808/549 563/807/559 552/810/548
f 564/811/560 552/812/548 565/813/561
f 369/814/365 552/812/548 564/811/560
f 552/815/548 563/816/559 565/817/561
f 564/818/560 353/508/349 369/510/365
f 353/483/349 564/819/560 350/480/346
f 564/819/560 565/817/561 350/480/346
f 350/480/346 565/817/561 566/820/562
f 565/817/561 567/821/563 566/820/562
f 565/817/561 563/816/559 567/821/563
f 563/816/559 568/822/564 567/821/563
f 563/816/559 561/823/557 568/822/564
f 561/823/557 569/824/565 568/822/564
f 562/825/558 569/826/565 561/827/557
f 570/828/566 569/826/565 562/825/558
f 562/805/558 560/803/556 570/829/566
f 560/803/556 571/830/567 570/829/566
f 560/803/556 559/801/555 571/830/567
f 559/802/555 572/831/568 571/832/567
f 559/802/555 558/800/554 572/831/568
f 558/800/554 32/41/32 572/831/568
f 33/42/33 32/41/32 558/800/554
f 572/831/568 32/41/32 573/833/569
f 573/833/569 32/41/32 31/40/31
f 571/832/567 572/831/568 574/834/570
f 572/831/568 573/833/569 574/834/570
f 570/829/566 571/830/567 575/835/571
f 571/832/567 574/834/570 575/836/571
f 576/837/572 569/826/565 570/828/566
f 575/838/571 576/837/572 570/828/566
f 568/822/564 569/824/565 577/839/573
f 569/824/565 576/840/572 577/839/573
f 567/821/563 568/822/564 578/841/574
f 568/822/564 577/839/573 578/841/574
f 567/821/563 578/841/574 566/820/562
f 350/480/346 566/820/562 351/481/347
f 576/840/572 579/842/575 577/839/573
f 579/843/575 576/837/572 575/838/571
f 580/844/576 579/845/575 575/846/571
f 575/836/571 574/834/570 580/847/576
f 574/834/570 581/848/577 580/847/576
f 574/834/570 573/833/569 581/848/577
f 581/848/577 573/833/569 582/849/578
f 582/849/578 573/833/569 31/40/31
f 31/40/31 583/850/579 582/849/578
f 30/39/30 583/850/579 31/40/31
f 583/850/579 584/851/580 582/849/578
f 581/848/577 582/849/578 580/847/576
f 585/852/581 579/845/575 580/844/576
f 580/847/576 582/849/578 584/851/580
f 580/847/576 584/851/580 586/853/582
f 580/847/576 586/853/582 585/854/581
f 577/839/573 579/842/575 587/855/583
f 579/856/575 585/857/581 587/858/583
f 577/839/573 587/855/583 578/841/574
f 351/481/347 327/444/323 328/445/324
f 587/855/583 588/859/584 578/841/574
f 589/860/585 588/861/584 587/858/583
f 585/857/581 589/860/585 587/858/583
f 585/854/581 586/853/582 589/862/585
f 586/853/582 583/850/579 590/863/586
f 586/853/582 590/863/586 591/864/587
f 586/853/582 591/864/587 589/862/585
f 584/851/580 583/850/579 586/853/582
f 592/865/588 590/863/586 583/850/579
f 590/863/586 593/866/589 591/864/587
f 593/866/589 590/863/586 594/867/590
f 590/863/586 592/865/588 594/867/590
f 595/868/591 596/869/592 591/870/587
f 591/864/587 593/866/589 595/871/591
f 589/860/585 591/870/587 596/869/592
f 589/860/585 596/869/592 588/861/584
f 566/820/562 597/872/593 351/481/347
f 351/481/347 597/872/593 327/444/323
f 588/859/584 598/873/594 578/841/574
f 588/859/584 599/874/595 598/873/594
f 600/875/596 599/876/595 588/861/584
f 596/869/592 600/875/596 588/861/584
f 600/875/596 596/869/592 595/868/591
f 600/875/596 601/877/597 599/876/595
f 595/868/591 601/877/597 600/875/596
f 601/877/597 602/878/598 599/876/595
f 327/444/323 597/872/593 603/879/599
f 327/444/323 603/879/599 307/412/263
f 327/444/323 307/412/263 306/411/303
f 578/841/574 598/873/594 604/880/600
f 578/841/574 604/880/600 566/820/562
f 566/820/562 605/881/601 597/872/593
f 566/820/562 604/880/600 605/881/601
f 597/872/593 606/882/602 603/879/599
f 597/872/593 605/881/601 606/882/602
f 603/879/599 606/882/602 607/883/599
f 603/879/599 607/883/599 307/412/263
f 607/883/599 608/884/263 609/885/263
f 307/412/263 607/883/599 609/885/263
f 598/873/594 610/886/603 604/880/600
f 610/886/603 611/887/604 604/880/600
f 606/882/602 612/888/605 607/883/599
f 606/882/602 613/889/606 612/888/605
f 607/883/599 612/888/605 608/884/263
f 608/884/263 612/888/605 614/890/607
f 608/884/263 614/890/607 609/885/263
f 609/885/263 614/890/607 615/891/263
f 606/882/602 616/892/608 613/889/606
f 617/893/609 616/892/608 606/882/602
f 605/881/601 617/893/609 606/882/602
f 605/881/601 618/894/610 617/893/609
f 604/880/600 618/894/610 605/881/601
f 619/895/611 618/894/610 604/880/600
f 611/887/604 619/895/611 604/880/600
f 618/894/610 620/896/612 617/893/609
f 618/894/610 621/897/613 620/896/612
f 622/898/614 618/894/610 619/895/611
f 622/898/614 621/897/613 618/894/610
f 623/899/615 616/892/608 617/893/609
f 623/899/615 617/893/609 624/900/616
f 617/893/609 620/896/612 624/900/616
f 616/892/608 625/901/617 613/889/606
f 616/892/608 626/902/618 625/901/617
f 623/899/615 626/902/618 616/892/608
f 612/888/605 613/889/606 627/903/619
f 612/888/605 627/903/619 614/890/607
f 614/890/607 627/903/619 628/904/620
f 614/890/607 628/904/620 629/905/621
f 615/891/263 614/890/607 629/905/621
f 615/891/263 629/905/621 630/906/263
f 625/901/617 631/907/622 613/889/606
f 625/901/617 632/908/623 631/907/622
f 626/902/618 632/908/623 625/901/617
f 632/909/623 626/910/618 633/911/624
f 633/911/624 626/910/618 634/912/625
f 634/913/625 626/902/618 623/899/615
f 624/900/616 634/913/625 623/899/615
f 635/914/626 624/900/616 620/896/612
f 636/915/627 634/912/625 624/916/616
f 635/917/626 636/915/627 624/916/616
f 636/915/627 633/911/624 634/912/625
f 637/918/628 632/909/623 633/911/624
f 633/919/624 638/920/629 637/921/628
f 639/922/630 633/923/624 636/924/627
f 639/922/630 638/925/629 633/923/624
f 632/908/623 640/926/631 631/907/622
f 640/927/631 632/909/623 637/918/628
f 631/907/622 641/928/632 613/889/606
f 631/907/622 640/926/631 641/928/632
f 629/905/621 628/904/620 642/929/633
f 630/906/263 629/905/621 642/929/633
f 613/889/606 641/928/632 627/903/619
f 643/930/634 644/931/635 641/928/632
f 640/926/631 643/930/634 641/928/632
f 643/932/634 640/927/631 645/933/636
f 645/933/636 640/927/631 637/918/628
f 637/921/628 646/934/637 645/935/636
f 638/920/629 646/934/637 637/921/628
f 645/936/636 647/937/638 648/938/639
f 645/936/636 648/938/639 649/939/640
f 645/933/636 649/940/640 643/932/634
f 650/941/641 647/937/638 645/936/636
f 646/934/637 650/942/641 645/935/636
f 643/932/634 649/940/640 644/943/635
f 644/931/635 651/944/642 641/928/632
f 649/940/640 651/945/642 644/943/635
f 641/928/632 652/946/643 627/903/619
f 641/928/632 651/944/642 652/946/643
f 627/903/619 652/946/643 653/947/644
f 627/903/619 654/948/645 628/904/620
f 627/903/619 653/947/644 654/948/645
f 654/948/645 655/949/646 628/904/620
f 628/904/620 655/949/646 656/950/647
f 642/929/633 628/904/620 656/950/647
f 642/929/633 656/950/647 657/951/648
f 655/949/646 658/952/649 656/950/647
f 655/949/646 659/953/650 658/952/649
f 660/954/651 659/953/650 655/949/646
f 661/955/652 660/954/651 655/949/646
f 662/956/653 655/949/646 654/948/645
f 662/956/653 661/955/652 655/949/646
f 662/956/653 654/948/645 663/957/654
f 654/948/645 664/958/655 663/957/654
f 653/947/644 664/958/655 654/948/645
f 665/959/656 664/958/655 653/947/644
f 652/946/643 665/959/656 653/947/644
f 651/944/642 665/959/656 652/946/643
f 666/960/657 665/959/656 651/944/642
f 667/961/658 666/962/657 651/945/642
f 668/963/659 667/961/658 651/945/642
f 649/940/640 668/963/659 651/945/642
f 668/964/659 649/965/640 648/966/639
f 668/964/659 648/966/639 667/967/658
f 669/968/660 667/967/658 670/969/661
f 671/970/662 667/967/658 669/968/660
f 671/971/662 666/962/657 667/961/658
f 667/967/658 648/966/639 670/969/661
f 666/960/657 672/972/663 665/959/656
f 671/971/662 672/973/663 666/962/657
f 673/974/664 664/958/655 665/959/656
f 672/972/663 673/974/664 665/959/656
f 674/975/665 663/957/654 664/958/655
f 673/974/664 674/975/665 664/958/655
f 675/976/666 676/977/667 663/978/654
f 663/978/654 676/977/667 662/979/653
f 674/980/665 675/976/666 663/978/654
f 676/977/667 661/981/652 662/979/653
f 676/977/667 677/982/668 661/981/652
f 661/981/652 677/982/668 660/983/651
f 677/982/668 659/984/650 660/983/651
f 659/984/650 678/985/669 658/986/649
f 678/985/669 659/984/650 679/987/670
f 679/987/670 659/984/650 677/982/668
f 658/952/649 680/988/671 681/989/672
f 656/950/647 658/952/649 681/989/672
f 658/986/649 678/985/669 680/990/671
f 657/951/648 656/950/647 681/989/672
f 657/951/648 681/989/672 682/991/673
f 678/985/669 683/992/674 680/990/671
f 683/992/674 678/985/669 684/993/675
f 684/993/675 678/985/669 679/987/670
f 679/994/670 685/995/676 684/996/675
f 677/997/668 686/998/677 679/994/670
f 686/998/677 685/995/676 679/994/670
f 676/999/667 686/998/677 677/997/668
f 676/999/667 687/1000/678 686/998/677
f 687/1000/678 676/999/667 688/1001/679
f 676/999/667 675/1002/666 688/1001/679
f 689/1003/680 688/1001/679 675/1002/666
f 690/1004/681 689/1003/680 675/1002/666
f 690/1005/681 675/976/666 674/980/665
f 690/1006/681 674/975/665 673/974/664
f 672/972/663 690/1006/681 673/974/664
f 671/971/662 690/1007/681 672/973/663
f 671/970/662 691/1008/682 692/1009/683
f 671/1010/662 692/1011/683 690/1004/681
f 669/968/660 691/1008/682 671/970/662
f 692/1011/683 689/1003/680 690/1004/681
f 693/1012/684 688/1001/679 689/1003/680
f 687/1000/678 688/1001/679 693/1012/684
f 687/1000/678 694/1013/685 686/998/677
f 694/1013/685 687/1000/678 693/1012/684
f 695/1014/686 685/995/676 686/998/677
f 696/1015/687 695/1014/686 686/998/677
f 686/998/677 694/1013/685 696/1015/687
f 685/995/676 697/1016/688 684/996/675
f 698/1017/689 697/1016/688 685/995/676
f 695/1014/686 698/1017/689 685/995/676
f 699/1018/690 683/992/674 684/993/675
f 697/1016/688 699/1019/690 684/996/675
f 683/992/674 700/1020/691 680/990/671
f 699/1018/690 700/1020/691 683/992/674
f 701/1021/692 681/989/672 680/988/671
f 700/1020/691 701/1022/692 680/990/671
f 681/989/672 702/1023/693 682/991/673
f 703/1024/694 702/1023/693 681/989/672
f 701/1021/692 703/1024/694 681/989/672
f 704/1025/695 703/1024/694 701/1021/692
f 704/1026/695 701/1022/692 700/1020/691
f 705/1027/696 700/1020/691 699/1018/690
f 704/1026/695 700/1020/691 705/1027/696
f 706/1028/697 705/1029/696 699/1019/690
f 707/1030/698 706/1028/697 699/1019/690
f 707/1030/698 699/1019/690 697/1016/688
f 698/1017/689 707/1030/698 697/1016/688
f 708/1031/699 707/1030/698 698/1017/689
f 708/1031/699 698/1017/689 695/1014/686
f 694/1013/685 693/1012/684 709/1032/700
f 694/1013/685 710/1033/701 696/1015/687
f 710/1033/701 694/1013/685 709/1032/700
f 711/1034/702 695/1014/686 696/1015/687
f 712/1035/703 711/1034/702 696/1015/687
f 696/1015/687 710/1033/701 712/1035/703
f 711/1034/702 708/1031/699 695/1014/686
f 713/1036/704 706/1028/697 707/1030/698
f 714/1037/705 713/1036/704 707/1030/698
f 706/1028/697 715/1038/706 705/1029/696
f 716/1039/707 715/1038/706 706/1028/697
f 713/1036/704 716/1039/707 706/1028/697
f 704/1040/695 705/1029/696 717/1041/708
f 705/1029/696 715/1038/706 717/1041/708
f 704/1040/695 717/1041/708 718/1042/709
f 703/1024/694 704/1025/695 718/1043/709
f 703/1024/694 719/1044/710 702/1023/693
f 718/1043/709 719/1044/710 703/1024/694
f 718/1042/709 720/1045/711 721/1046/712
f 718/1042/709 721/1046/712 722/1047/713
f 718/1043/709 722/1048/713 719/1044/710
f 720/1045/711 718/1042/709 723/1049/714
f 718/1042/709 717/1041/708 723/1049/714
f 715/1038/706 723/1049/714 717/1041/708
f 724/1050/715 723/1049/714 715/1038/706
f 716/1039/707 724/1050/715 715/1038/706
f 725/1051/716 713/1036/704 714/1037/705
f 714/1037/705 707/1030/698 725/1051/716
f 725/1051/716 707/1030/698 708/1031/699
f 726/1052/717 708/1031/699 711/1034/702
f 727/1053/718 726/1052/717 711/1034/702
f 727/1053/718 711/1034/702 712/1035/703
f 726/1052/717 725/1051/716 708/1031/699
f 728/1054/719 716/1039/707 713/1036/704
f 724/1050/715 716/1039/707 729/1055/720
f 716/1039/707 728/1054/719 729/1055/720
f 724/1050/715 730/1056/721 723/1049/714
f 723/1049/714 730/1056/721 720/1045/711
f 720/1045/711 730/1056/721 721/1046/712
f 721/1046/712 730/1056/721 731/1057/722
f 730/1056/721 724/1050/715 731/1057/722
f 731/1057/722 724/1050/715 732/1058/723
f 733/1059/724 728/1054/719 713/1036/704
f 713/1036/704 725/1051/716 733/1059/724
f 734/1060/725 733/1059/724 725/1051/716
f 726/1052/717 734/1060/725 725/1051/716
f 735/1061/726 726/1052/717 727/1053/718
f 736/1062/727 726/1052/717 735/1061/726
f 736/1062/727 734/1060/725 726/1052/717
f 737/1063/728 727/1053/718 712/1035/703
f 735/1061/726 727/1053/718 737/1063/728
f 712/1035/703 710/1033/701 737/1063/728
f 710/1033/701 709/1032/700 738/1064/729
f 710/1033/701 739/1065/730 737/1063/728
f 738/1064/729 739/1065/730 710/1033/701
f 740/1066/731 735/1061/726 737/1063/728
f 737/1063/728 739/1065/730 740/1066/731
f 741/1067/732 736/1068/727 735/1069/726
f 740/1070/731 742/1071/733 735/1069/726
f 742/1071/733 741/1067/732 735/1069/726
f 743/1072/734 734/1060/725 736/1062/727
f 743/1073/734 736/1068/727 741/1067/732
f 734/1060/725 743/1072/734 733/1059/724
f 744/1074/735 745/1075/736 733/1059/724
f 745/1075/736 728/1054/719 733/1059/724
f 743/1072/734 744/1074/735 733/1059/724
f 729/1055/720 728/1054/719 746/1076/737
f 728/1054/719 745/1075/736 746/1076/737
f 746/1076/737 747/1077/738 729/1055/720
f 747/1077/738 724/1050/715 729/1055/720
f 724/1050/715 747/1077/738 732/1058/723
f 732/1078/723 748/1079/739 731/1080/722
f 748/1079/739 749/1081/740 731/1080/722
f 750/1082/741 749/1081/740 748/1079/739
f 751/1083/742 750/1082/741 748/1079/739
f 752/1084/743 751/1083/742 748/1079/739
f 753/1085/744 748/1079/739 732/1078/723
f 732/1086/723 747/1087/738 753/1088/744
f 747/1077/738 754/1089/745 755/1090/746
f 753/1088/744 747/1087/738 755/1091/746
f 754/1089/745 747/1077/738 746/1076/737
f 756/1092/747 754/1089/745 746/1076/737
f 746/1076/737 745/1075/736 756/1092/747
f 756/1092/747 745/1075/736 757/1093/748
f 757/1093/748 745/1075/736 744/1074/735
f 743/1073/734 758/1094/749 744/1095/735
f 758/1094/749 757/1096/748 744/1095/735
f 759/1097/750 758/1094/749 743/1073/734
f 743/1073/734 741/1067/732 759/1097/750
f 759/1098/750 741/1099/732 760/1100/751
f 742/1101/733 760/1100/751 741/1099/732
f 761/1102/752 760/1100/751 742/1101/733
f 762/1103/753 761/1102/752 742/1101/733
f 742/1101/733 763/1104/754 762/1103/753
f 740/1070/731 763/1105/754 742/1071/733
f 740/1066/731 739/1065/730 763/1106/754
f 763/1106/754 739/1065/730 764/1107/755
f 765/1108/756 762/1103/753 763/1104/754
f 763/1104/754 766/1109/757 765/1108/756
f 764/1110/755 766/1111/757 763/1112/754
f 767/1113/758 761/1102/752 762/1103/753
f 768/1114/759 767/1113/758 762/1103/753
f 768/1114/759 762/1103/753 765/1108/756
f 761/1102/752 769/1115/760 760/1100/751
f 767/1113/758 769/1115/760 761/1102/752
f 760/1100/751 770/1116/761 759/1098/750
f 769/1115/760 770/1116/761 760/1100/751
f 759/1098/750 770/1116/761 758/1117/749
f 758/1117/749 771/1118/762 757/1119/748
f 770/1116/761 771/1118/762 758/1117/749
f 772/1120/763 757/1119/748 771/1118/762
f 756/1092/747 757/1093/748 772/1121/763
f 772/1121/763 754/1089/745 756/1092/747
f 754/1089/745 772/1121/763 755/1090/746
f 773/1122/764 774/1123/765 755/1124/746
f 753/1085/744 755/1124/746 774/1123/765
f 755/1125/746 775/1126/766 773/1127/764
f 772/1128/763 775/1126/766 755/1125/746
f 774/1123/765 748/1079/739 753/1085/744
f 748/1079/739 774/1123/765 752/1084/743
f 752/1084/743 774/1123/765 773/1122/764
f 773/1122/764 776/1129/767 777/1130/768
f 752/1084/743 773/1122/764 777/1130/768
f 773/1127/764 778/1131/769 776/1132/767
f 775/1126/766 778/1131/769 773/1127/764
f 779/1133/770 778/1134/769 775/1135/766
f 771/1118/762 775/1135/766 772/1120/763
f 779/1133/770 775/1135/766 771/1118/762
f 770/1116/761 779/1133/770 771/1118/762
f 769/1115/760 779/1133/770 770/1116/761
f 780/1136/771 768/1114/759 765/1108/756
f 780/1136/771 765/1108/756 766/1109/757
f 769/1115/760 781/1137/772 779/1133/770
f 781/1137/772 782/1138/773 779/1133/770
f 782/1138/773 783/1139/774 779/1133/770
f 783/1139/774 778/1134/769 779/1133/770
f 778/1134/769 784/1140/775 776/1141/767
f 783/1139/774 784/1140/775 778/1134/769
f 785/1142/776 777/1130/768 776/1129/767
f 786/1143/777 785/1144/776 776/1145/767
f 776/1145/767 784/1146/775 786/1143/777
f 784/1140/775 787/1147/778 786/1148/777
f 788/1149/779 787/1147/778 784/1140/775
f 788/1149/779 784/1140/775 783/1139/774
f 782/1138/773 788/1149/779 783/1139/774
f 789/1150/780 780/1136/771 790/1151/781
f 791/1152/782 768/1114/759 780/1136/771
f 791/1152/782 792/1153/65 768/1114/759
f 792/1153/65 767/1113/758 768/1114/759
f 767/1113/758 781/1137/772 769/1115/760
f 782/1138/773 793/1154/783 788/1149/779
f 793/1154/783 787/1147/778 788/1149/779
f 793/1154/783 794/1155/784 787/1147/778
f 795/1156/785 793/1154/783 782/1138/773
f 796/1157/786 782/1138/773 781/1137/772
f 789/1150/780 791/1152/782 780/1136/771
f 73/97/66 767/1113/758 792/1153/65
f 73/97/66 797/1158/787 767/1113/758
f 797/1158/787 781/1137/772 767/1113/758
f 796/1157/786 795/1156/785 782/1138/773
f 795/1156/785 798/1159/788 793/1154/783
f 799/1160/789 798/1159/788 795/1156/785
f 796/1157/786 799/1160/789 795/1156/785
f 800/1161/66 797/1158/787 73/97/66
f 77/101/75 781/1137/772 797/1158/787
f 800/1161/66 77/101/75 797/1158/787
f 77/101/75 796/1157/786 781/1137/772
f 77/101/75 801/1162/790 796/1157/786
f 801/1162/790 799/1160/789 796/1157/786
f 799/1160/789 802/1163/791 798/1159/788
f 803/1164/792 802/1163/791 799/1160/789
f 801/1162/790 803/1164/792 799/1160/789
f 77/101/75 84/108/82 801/1162/790
f 73/97/66 77/101/75 800/1161/66
f 66/90/66 73/97/66 792/1153/65
f 61/85/61 66/90/66 792/1153/65
f 61/85/61 792/1153/65 791/1152/782
f 61/85/61 791/1152/782 804/1165/793
f 62/86/62 61/85/61 804/1165/793
f 62/86/62 804/1165/793 805/1166/794
f 63/87/63 62/86/62 805/1166/794
f 804/1165/793 791/1152/782 789/1150/780
f 63/87/63 805/1166/794 806/1167/795
f 42/57/42 63/87/63 806/1167/795
f 807/1168/796 806/1167/795 808/1169/797
f 42/57/42 806/1167/795 807/1168/796
f 806/1167/795 805/1166/794 809/1170/798
f 805/1166/794 810/1171/799 809/1170/798
f 805/1166/794 804/1165/793 810/1171/799
f 804/1165/793 789/1150/780 811/1172/800
f 810/1171/799 804/1165/793 811/1172/800
f 810/1171/799 811/1172/800 812/1173/801
f 812/1173/801 813/1174/802 810/1171/799
f 809/1170/798 810/1171/799 813/1174/802
f 813/1174/802 814/1175/803 809/1170/798
f 815/1176/804 809/1170/798 814/1175/803
f 816/1177/805 809/1170/798 815/1176/804
f 806/1167/795 809/1170/798 816/1177/805
f 808/1169/797 806/1167/795 816/1177/805
f 807/1168/796 808/1169/797 817/1178/806
f 818/1179/807 42/57/42 807/1168/796
f 819/1180/808 807/1168/796 817/1178/806
f 818/1179/807 807/1168/796 819/1180/808
f 44/59/44 63/87/63 42/57/42
f 818/1179/807 820/1181/809 42/57/42
f 821/1182/810 820/1181/809 818/1179/807
f 819/1180/808 822/1183/811 818/1179/807
f 822/1183/811 821/1182/810 818/1179/807
f 819/1184/808 817/1185/806 823/1186/812
f 822/1187/811 819/1184/808 823/1186/812
f 824/1188/813 817/1178/806 808/1169/797
f 825/1189/814 817/1185/806 824/1190/813
f 825/1189/814 823/1186/812 817/1185/806
f 808/1169/797 816/1177/805 824/1188/813
f 815/1176/804 826/1191/815 816/1177/805
f 824/1188/813 816/1177/805 826/1191/815
f 827/1192/816 815/1193/804 828/1194/817
f 815/1193/804 814/1195/803 828/1194/817
f 827/1192/816 826/1196/815 815/1193/804
f 829/1197/818 814/1198/803 813/1199/802
f 829/1200/818 830/1201/819 814/1202/803
f 814/1202/803 830/1201/819 828/1203/817
f 831/1204/820 813/1199/802 812/1205/801
f 831/1204/820 829/1197/818 813/1199/802
f 812/1173/801 811/1172/800 832/1206/821
f 831/1204/820 812/1205/801 833/1207/822
f 812/1205/801 832/1208/821 833/1207/822
f 831/1209/820 833/1210/822 834/1211/823
f 835/1212/824 831/1209/820 834/1211/823
f 831/1209/820 835/1212/824 829/1200/818
f 829/1200/818 835/1212/824 836/1213/825
f 829/1200/818 836/1213/825 837/1214/826
f 829/1200/818 837/1214/826 830/1201/819
f 830/1201/819 838/1215/827 828/1203/817
f 830/1201/819 837/1214/826 838/1215/827
f 828/1203/817 838/1215/827 839/1216/828
f 827/1217/816 828/1203/817 839/1216/828
f 827/1217/816 839/1216/828 840/1218/829
f 827/1217/816 840/1218/829 826/1219/815
f 826/1219/815 840/1218/829 841/1220/830
f 824/1190/813 826/1221/815 841/1222/830
f 842/1223/831 824/1190/813 841/1222/830
f 825/1189/814 824/1190/813 842/1223/831
f 825/1224/814 843/1225/832 823/1226/812
f 843/1225/832 825/1224/814 842/1227/831
f 823/1226/812 843/1225/832 844/1228/833
f 844/1228/833 845/1229/834 823/1226/812
f 845/1229/834 822/1230/811 823/1226/812
f 821/1231/810 822/1230/811 845/1229/834
f 845/1229/834 846/1232/835 847/1233/836
f 846/1232/835 845/1229/834 844/1228/833
f 848/1234/837 821/1231/810 845/1229/834
f 848/1234/837 845/1229/834 847/1233/836
f 843/1225/832 849/1235/838 844/1228/833
f 849/1235/838 843/1225/832 850/1236/839
f 850/1236/839 843/1225/832 842/1227/831
f 842/1237/831 841/1220/830 850/1238/839
f 841/1220/830 851/1239/840 852/1240/841
f 840/1218/829 851/1239/840 841/1220/830
f 841/1220/830 852/1240/841 850/1238/839
f 840/1218/829 839/1216/828 851/1239/840
f 839/1216/828 853/1241/842 851/1239/840
f 839/1216/828 838/1215/827 854/1242/843
f 854/1242/843 853/1241/842 839/1216/828
f 838/1215/827 837/1214/826 855/1243/844
f 838/1215/827 855/1243/844 854/1242/843
f 856/1244/845 835/1212/824 857/1245/846
f 857/1245/846 835/1212/824 834/1211/823
f 835/1212/824 856/1244/845 836/1213/825
f 836/1213/825 856/1244/845 858/1246/847
f 858/1246/847 837/1214/826 836/1213/825
f 837/1214/826 858/1246/847 855/1243/844
f 859/1247/848 853/1241/842 854/1242/843
f 851/1239/840 853/1241/842 859/1247/848
f 851/1239/840 859/1247/848 860/1248/849
f 852/1240/841 851/1239/840 860/1248/849
f 852/1240/841 860/1248/849 861/1249/850
f 850/1238/839 852/1240/841 861/1249/850
f 861/1250/850 849/1235/838 850/1236/839
f 844/1228/833 849/1235/838 862/1251/851
f 862/1251/851 846/1232/835 844/1228/833
f 863/1252/852 846/1232/835 862/1251/851
f 849/1235/838 864/1253/853 862/1251/851
f 862/1251/851 864/1253/853 865/1254/854
f 864/1253/853 849/1235/838 866/1255/855
f 866/1255/855 849/1235/838 861/1250/850
f 861/1256/850 860/1257/849 866/1258/855
f 867/1259/856 856/1244/845 857/1245/846
f 858/1246/847 856/1244/845 868/1260/857
f 868/1260/857 856/1244/845 867/1259/856
f 855/1243/844 869/1261/858 870/1262/859
f 854/1242/843 855/1243/844 870/1262/859
f 870/1262/859 859/1247/848 854/1242/843
f 866/1258/855 860/1257/849 871/1263/860
f 871/1264/860 864/1253/853 866/1255/855
f 865/1254/854 863/1252/852 862/1251/851
f 872/1265/861 873/1266/862 865/1254/854
f 873/1266/862 863/1252/852 865/1254/854
f 864/1253/853 872/1265/861 865/1254/854
f 872/1265/861 864/1253/853 874/1267/863
f 874/1267/863 864/1253/853 871/1264/860
f 871/1263/860 860/1257/849 874/1268/863
f 860/1248/849 859/1247/848 875/1269/864
f 860/1248/849 875/1269/864 874/1270/863
f 859/1247/848 876/1271/865 875/1269/864
f 870/1262/859 869/1261/858 877/1272/866
f 870/1262/859 877/1272/866 878/1273/867
f 859/1247/848 870/1262/859 878/1273/867
f 855/1243/844 879/1274/868 869/1261/858
f 869/1261/858 879/1274/868 877/1272/866
f 879/1274/868 855/1243/844 858/1246/847
f 858/1246/847 880/1275/869 881/1276/870
f 881/1276/870 879/1274/868 858/1246/847
f 880/1275/869 858/1246/847 868/1260/857
f 639/922/630 880/1275/869 638/925/629
f 638/925/629 880/1275/869 868/1260/857
f 880/1275/869 639/922/630 881/1276/870
f 881/1276/870 639/922/630 636/924/627
f 882/1277/871 881/1276/870 636/924/627
f 879/1274/868 881/1276/870 882/1277/871
f 877/1272/866 879/1274/868 882/1277/871
f 883/1278/872 877/1272/866 882/1277/871
f 877/1272/866 884/1279/873 878/1273/867
f 883/1278/872 884/1279/873 877/1272/866
f 859/1247/848 878/1273/867 876/1271/865
f 878/1273/867 884/1279/873 885/1280/874
f 886/1281/875 878/1273/867 885/1280/874
f 876/1271/865 878/1273/867 886/1281/875
f 875/1269/864 876/1271/865 887/1282/876
f 874/1270/863 875/1269/864 887/1282/876
f 887/1283/876 872/1265/861 874/1267/863
f 888/1284/877 872/1265/861 889/1285/878
f 872/1265/861 887/1283/876 889/1285/878
f 888/1286/877 890/1287/879 891/1288/880
f 888/1286/877 889/1289/878 890/1287/879
f 888/1286/877 891/1288/880 892/1290/881
f 892/1291/881 872/1265/861 888/1284/877
f 893/1292/882 894/1293/883 889/1289/878
f 889/1289/878 887/1294/876 893/1292/882
f 890/1287/879 889/1289/878 894/1293/883
f 887/1282/876 876/1271/865 893/1295/882
f 876/1271/865 886/1281/875 893/1295/882
f 886/1281/875 885/1280/874 893/1295/882
f 611/887/604 885/1296/874 619/895/611
f 885/1297/874 884/1298/873 619/1299/611
f 894/1300/883 885/1296/874 611/887/604
f 885/1301/874 894/1293/883 893/1292/882
f 884/1298/873 622/1302/614 619/1299/611
f 883/1303/872 622/1302/614 884/1298/873
f 882/1304/871 621/897/613 883/1305/872
f 883/1305/872 621/897/613 622/898/614
f 882/1306/871 636/915/627 635/917/626
f 635/914/626 621/897/613 882/1304/871
f 621/897/613 635/914/626 620/896/612
f 610/886/603 894/1300/883 611/887/604
f 890/1307/879 894/1300/883 610/886/603
f 891/1308/880 890/1307/879 610/886/603
f 891/1308/880 610/886/603 598/873/594
f 599/874/595 891/1308/880 598/873/594
f 602/878/598 891/1288/880 599/876/595
f 602/878/598 892/1290/881 891/1288/880
f 895/1309/884 873/1266/862 892/1291/881
f 895/1309/884 892/1291/881 602/1310/598
f 873/1266/862 872/1265/861 892/1291/881
f 595/871/591 896/1311/885 895/1309/884
f 595/871/591 895/1309/884 601/1312/597
f 601/1312/597 895/1309/884 602/1310/598
f 896/1311/885 873/1266/862 895/1309/884
f 863/1252/852 873/1266/862 897/1313/886
f 873/1266/862 896/1311/885 897/1313/886
f 595/871/591 898/1314/887 896/1311/885
f 899/1315/888 896/1311/885 900/1316/889
f 900/1316/889 896/1311/885 898/1314/887
f 896/1311/885 899/1315/888 897/1313/886
f 593/866/589 898/1314/887 595/871/591
f 900/1316/889 898/1314/887 593/866/589
f 901/1317/890 899/1315/888 900/1316/889
f 594/867/590 900/1316/889 593/866/589
f 901/1317/890 900/1316/889 594/867/590
f 897/1313/886 899/1315/888 863/1252/852
f 902/1318/891 901/1317/890 594/867/590
f 594/867/590 592/865/588 902/1318/891
f 903/1319/892 899/1315/888 901/1317/890
f 863/1252/852 899/1315/888 846/1232/835
f 899/1315/888 903/1319/892 846/1232/835
f 846/1232/835 903/1319/892 847/1233/836
f 904/1320/893 903/1319/892 905/1321/894
f 905/1321/894 903/1319/892 901/1317/890
f 903/1319/892 904/1320/893 847/1233/836
f 905/1321/894 901/1317/890 902/1318/891
f 30/39/30 592/865/588 583/850/579
f 906/1322/895 905/1321/894 902/1318/891
f 902/1318/891 592/865/588 906/1322/895
f 905/1321/894 907/1323/896 908/1324/897
f 904/1320/893 905/1321/894 908/1324/897
f 907/1323/896 905/1321/894 906/1322/895
f 904/1320/893 908/1324/897 848/1234/837
f 904/1320/893 848/1234/837 847/1233/836
f 908/1324/897 821/1231/810 848/1234/837
f 821/1325/810 908/1326/897 820/1327/809
f 907/1328/896 43/1329/43 908/1326/897
f 43/1329/43 820/1327/809 908/1326/897
f 909/1330/898 907/1323/896 906/1322/895
f 909/1331/898 27/1332/27 907/1328/896
f 27/1332/27 43/1329/43 907/1328/896
f 592/865/588 29/37/29 906/1322/895
f 906/1322/895 29/37/29 909/1330/898
f 29/37/29 592/865/588 15/19/15
f 15/19/15 592/865/588 30/39/30
f 29/37/29 28/38/28 909/1330/898
f 28/1333/28 27/1332/27 909/1331/898
f 43/58/43 42/57/42 820/1181/809
f 868/1334/857 910/1335/899 638/920/629
f 911/1336/900 910/1335/899 868/1334/857
f 910/1335/899 912/1337/901 646/934/637
f 913/1338/902 912/1337/901 910/1335/899
f 911/1336/900 913/1338/902 910/1335/899
f 910/1335/899 646/934/637 638/920/629
f 867/1339/856 911/1336/900 868/1334/857
f 914/1340/903 913/1338/902 911/1336/900
f 915/1341/904 914/1340/903 911/1336/900
f 915/1341/904 911/1336/900 867/1339/856
f 914/1342/903 916/1343/905 913/1344/902
f 913/1344/902 917/1345/906 912/1346/901
f 916/1343/905 917/1345/906 913/1344/902
f 912/1346/901 918/1347/907 650/941/641
f 917/1345/906 918/1347/907 912/1346/901
f 912/1337/901 650/942/641 646/934/637
f 918/1347/907 917/1345/906 919/1348/908
f 917/1345/906 916/1343/905 919/1348/908
f 919/1348/908 916/1343/905 920/1349/909
f 921/1350/910 916/1343/905 914/1342/903
f 921/1351/910 914/1340/903 915/1341/904
f 922/1352/911 921/1351/910 915/1341/904
f 857/1353/846 915/1341/904 867/1339/856
f 922/1352/911 915/1341/904 857/1353/846
f 923/1354/912 924/1355/913 921/1350/910
f 924/1355/913 916/1343/905 921/1350/910
f 923/1356/912 921/1351/910 922/1352/911
f 920/1349/909 916/1343/905 925/1357/914
f 916/1343/905 924/1355/913 925/1357/914
f 920/1358/909 926/1359/915 919/1360/908
f 927/1361/916 926/1359/915 920/1358/909
f 925/1362/914 927/1361/916 920/1358/909
f 926/1359/915 928/1363/917 919/1360/908
f 919/1360/908 928/1363/917 648/966/639
f 648/938/639 918/1347/907 919/1348/908
f 647/937/638 918/1347/907 648/938/639
f 918/1347/907 647/937/638 650/941/641
f 928/1363/917 670/969/661 648/966/639
f 928/1363/917 929/1364/918 670/969/661
f 930/1365/919 929/1364/918 928/1363/917
f 926/1359/915 930/1365/919 928/1363/917
f 931/1366/920 930/1365/919 926/1359/915
f 932/1367/921 931/1366/920 926/1359/915
f 927/1361/916 932/1367/921 926/1359/915
f 933/1368/922 932/1367/921 927/1361/916
f 934/1369/923 933/1368/922 927/1361/916
f 934/1369/923 927/1361/916 925/1362/914
f 935/1370/924 934/1371/923 925/1357/914
f 925/1357/914 924/1355/913 935/1370/924
f 935/1370/924 924/1355/913 936/1372/925
f 936/1372/925 924/1355/913 923/1354/912
f 937/1373/926 923/1356/912 922/1352/911
f 937/1374/926 938/1375/927 923/1376/912
f 938/1375/927 936/1377/925 923/1376/912
f 834/1378/823 922/1352/911 857/1353/846
f 937/1373/926 922/1352/911 834/1378/823
f 833/1379/822 937/1373/926 834/1378/823
f 833/1207/822 832/1208/821 937/1380/926
f 832/1381/821 938/1375/927 937/1374/926
f 938/1382/927 939/1383/928 936/1384/925
f 811/1172/800 939/1383/928 938/1382/927
f 832/1206/821 811/1172/800 938/1382/927
f 940/1385/929 936/1384/925 939/1383/928
f 935/1370/924 936/1372/925 940/1386/929
f 935/1370/924 940/1386/929 934/1371/923
f 934/1387/923 941/1388/930 933/1389/922
f 940/1390/929 941/1388/930 934/1387/923
f 933/1368/922 942/1391/931 932/1367/921
f 943/1392/932 942/1391/931 933/1368/922
f 941/1388/930 943/1393/932 933/1389/922
f 932/1367/921 944/1394/933 931/1366/920
f 942/1391/931 944/1394/933 932/1367/921
f 931/1366/920 944/1394/933 930/1365/919
f 930/1365/919 945/1395/934 929/1364/918
f 944/1394/933 945/1395/934 930/1365/919
f 929/1364/918 946/1396/935 669/968/660
f 945/1395/934 946/1396/935 929/1364/918
f 929/1364/918 669/968/660 670/969/661
f 946/1396/935 945/1395/934 947/1397/936
f 945/1395/934 944/1394/933 947/1397/936
f 947/1397/936 944/1394/933 948/1398/937
f 948/1398/937 944/1394/933 949/1399/938
f 944/1394/933 942/1391/931 949/1399/938
f 949/1399/938 942/1391/931 950/1400/939
f 950/1400/939 942/1391/931 943/1392/932
f 951/1401/940 943/1402/932 952/1403/941
f 950/1404/939 943/1405/932 951/1406/940
f 941/1407/930 952/1403/941 943/1402/932
f 790/1151/781 952/1403/941 941/1407/930
f 940/1385/929 790/1151/781 941/1407/930
f 939/1383/928 790/1151/781 940/1385/929
f 789/1150/780 790/1151/781 939/1383/928
f 811/1172/800 789/1150/780 939/1383/928
f 790/1151/781 780/1136/771 952/1403/941
f 952/1403/941 766/1109/757 951/1401/940
f 780/1136/771 766/1109/757 952/1403/941
f 953/1408/942 951/1406/940 954/1409/943
f 951/1410/940 766/1111/757 954/1411/943
f 951/1406/940 953/1408/942 950/1404/939
f 950/1404/939 953/1408/942 949/1412/938
f 949/1412/938 955/1413/944 948/1414/937
f 953/1408/942 955/1413/944 949/1412/938
f 955/1413/944 709/1032/700 948/1414/937
f 948/1414/937 709/1032/700 947/1415/936
f 709/1032/700 693/1012/684 947/1415/936
f 947/1415/936 693/1012/684 692/1011/683
f 692/1009/683 946/1396/935 947/1397/936
f 691/1008/682 946/1396/935 692/1009/683
f 946/1396/935 691/1008/682 669/968/660
f 693/1012/684 689/1003/680 692/1011/683
f 955/1413/944 953/1408/942 954/1409/943
f 956/1416/945 955/1413/944 954/1409/943
f 764/1107/755 957/1417/946 954/1409/943
f 956/1416/945 954/1409/943 957/1417/946
f 764/1110/755 954/1411/943 766/1111/757
f 956/1416/945 738/1064/729 955/1413/944
f 957/1417/946 738/1064/729 956/1416/945
f 738/1064/729 709/1032/700 955/1413/944
f 957/1417/946 739/1065/730 738/1064/729
f 957/1417/946 764/1107/755 739/1065/730
f 84/108/82 94/118/92 958/1418/947
f 84/108/82 958/1418/947 801/1162/790
f 958/1418/947 959/1419/948 803/1164/792
f 94/118/92 959/1419/948 958/1418/947
f 958/1418/947 803/1164/792 801/1162/790
f 94/118/92 114/146/112 959/1419/948
f 960/1420/949 959/1421/948 961/1422/950
f 959/1421/948 114/150/112 961/1422/950
f 959/1419/948 962/1423/951 803/1164/792
f 960/1420/949 962/1424/951 959/1421/948
f 962/1424/951 963/1425/952 964/1426/953
f 802/1427/791 962/1424/951 964/1426/953
f 960/1420/949 963/1425/952 962/1424/951
f 803/1164/792 962/1423/951 802/1163/791
f 965/1428/954 966/1429/955 960/1430/949
f 961/1431/950 965/1428/954 960/1430/949
f 966/1429/955 963/1432/952 960/1430/949
f 967/1433/956 965/1428/954 961/1431/950
f 115/187/113 967/1433/956 961/1431/950
f 961/1422/950 114/150/112 115/147/113
f 968/1434/957 969/1435/958 965/1428/954
f 967/1433/956 968/1434/957 965/1428/954
f 965/1428/954 969/1435/958 966/1429/955
f 969/1435/958 970/1436/959 966/1429/955
f 966/1429/955 970/1436/959 971/1437/960
f 972/1438/961 966/1429/955 971/1437/960
f 972/1438/961 963/1432/952 966/1429/955
f 964/1439/953 963/1432/952 973/1440/962
f 963/1432/952 972/1438/961 973/1440/962
f 973/1440/962 974/1441/963 964/1439/953
f 964/1439/953 974/1441/963 975/1442/964
f 975/1443/964 802/1427/791 964/1426/953
f 973/1440/962 976/1444/965 974/1441/963
f 972/1438/961 976/1444/965 973/1440/962
f 977/1445/966 978/1446/967 971/1437/960
f 970/1436/959 977/1445/966 971/1437/960
f 978/1446/967 979/1447/968 971/1437/960
f 971/1437/960 979/1447/968 972/1438/961
f 980/1448/969 977/1445/966 970/1436/959
f 969/1435/958 980/1448/969 970/1436/959
f 981/1449/970 980/1448/969 969/1435/958
f 968/1434/957 981/1449/970 969/1435/958
f 138/186/136 968/1434/957 967/1433/956
f 138/186/136 967/1433/956 115/187/113
f 140/189/138 982/1450/971 968/1434/957
f 140/189/138 968/1434/957 138/186/136
f 982/1450/971 983/1451/972 968/1434/957
f 968/1434/957 983/1451/972 981/1449/970
f 983/1451/972 984/1452/973 981/1449/970
f 981/1449/970 984/1452/973 980/1448/969
f 980/1448/969 985/1453/974 977/1445/966
f 977/1445/966 985/1453/974 978/1446/967
f 985/1453/974 986/1454/975 978/1446/967
f 978/1446/967 986/1454/975 987/1455/976
f 988/1456/977 978/1446/967 987/1455/976
f 988/1456/977 979/1447/968 978/1446/967
f 976/1444/965 979/1447/968 989/1457/978
f 979/1447/968 988/1456/977 989/1457/978
f 972/1438/961 979/1447/968 976/1444/965
f 976/1444/965 989/1457/978 990/1458/979
f 976/1444/965 990/1458/979 974/1441/963
f 991/1459/980 975/1442/964 974/1441/963
f 991/1460/980 798/1159/788 975/1461/964
f 798/1159/788 802/1163/791 975/1461/964
f 992/1462/981 974/1441/963 990/1458/979
f 993/1463/982 991/1459/980 974/1441/963
f 993/1463/982 974/1441/963 992/1462/981
f 988/1456/977 987/1455/976 989/1457/978
f 987/1455/976 994/1464/983 989/1457/978
f 986/1454/975 995/1465/984 987/1455/976
f 987/1455/976 995/1465/984 996/1466/985
f 994/1464/983 987/1455/976 996/1466/985
f 997/1467/986 986/1454/975 985/1453/974
f 984/1452/973 985/1453/974 980/1448/969
f 983/1451/972 998/1468/987 984/1452/973
f 999/1469/988 998/1468/987 983/1451/972
f 982/1450/971 999/1469/988 983/1451/972
f 999/1469/988 1000/1470/989 998/1468/987
f 998/1468/987 1000/1470/989 984/1452/973
f 1000/1470/989 985/1453/974 984/1452/973
f 1001/1471/990 985/1453/974 1000/1470/989
f 1001/1471/990 1002/1472/991 985/1453/974
f 985/1453/974 1002/1472/991 997/1467/986
f 1002/1472/991 1003/1473/992 997/1467/986
f 997/1467/986 1003/1473/992 1004/1474/993
f 986/1454/975 997/1467/986 1004/1474/993
f 1004/1474/993 995/1465/984 986/1454/975
f 995/1465/984 1005/1475/994 996/1466/985
f 1005/1475/994 1006/1476/995 996/1466/985
f 1006/1476/995 1007/1477/996 996/1466/985
f 994/1464/983 1008/1478/997 1009/1479/998
f 996/1466/985 1008/1478/997 994/1464/983
f 989/1457/978 994/1464/983 1009/1479/998
f 989/1457/978 1009/1479/998 990/1458/979
f 1009/1479/998 992/1462/981 990/1458/979
f 1008/1478/997 1010/1480/999 1009/1479/998
f 1008/1478/997 1007/1477/996 1011/1481/1000
f 1011/1481/1000 1012/1482/1001 1008/1478/997
f 996/1466/985 1007/1477/996 1008/1478/997
f 1012/1482/1001 1010/1480/999 1008/1478/997
f 1007/1477/996 1013/1483/1002 1011/1481/1000
f 1013/1483/1002 1007/1477/996 1006/1476/995
f 1005/1475/994 1014/1484/1003 1006/1476/995
f 1006/1476/995 1014/1484/1003 1015/1485/1004
f 1013/1483/1002 1006/1476/995 1015/1485/1004
f 1016/1486/1005 1017/1487/1006 1005/1475/994
f 1017/1487/1006 1014/1484/1003 1005/1475/994
f 995/1465/984 1016/1486/1005 1005/1475/994
f 1016/1486/1005 995/1465/984 1018/1488/1007
f 1018/1488/1007 995/1465/984 1004/1474/993
f 1019/1489/1008 1018/1488/1007 1004/1474/993
f 1019/1489/1008 1004/1474/993 1003/1473/992
f 1020/1490/1009 1003/1491/992 1002/1492/991
f 1019/1493/1008 1003/1491/992 1020/1490/1009
f 1001/1494/990 1021/1495/1010 1002/1492/991
f 1002/1492/991 1021/1495/1010 1022/1496/1011
f 1022/1496/1011 1020/1490/1009 1002/1492/991
f 1001/1494/990 1000/1497/989 1023/1498/1012
f 1021/1495/1010 1001/1494/990 1023/1498/1012
f 1024/1499/1013 1021/1495/1010 1023/1498/1012
f 1022/1496/1011 1021/1495/1010 1024/1499/1013
f 1020/1490/1009 1022/1496/1011 1025/1500/1014
f 1025/1500/1014 1019/1493/1008 1020/1490/1009
f 1019/1489/1008 1026/1501/1015 1018/1488/1007
f 1025/1500/1014 1027/1502/1016 1019/1493/1008
f 1019/1493/1008 1027/1502/1016 1026/1503/1015
f 1018/1488/1007 1026/1501/1015 1028/1504/1017
f 1018/1505/1007 1028/1506/1017 1029/1507/1018
f 1018/1505/1007 1029/1507/1018 1016/1508/1005
f 1016/1508/1005 1029/1507/1018 1017/1509/1006
f 1017/1509/1006 1030/1510/1019 1014/1511/1003
f 1029/1507/1018 1030/1510/1019 1017/1509/1006
f 1030/1510/1019 1031/1512/1020 1014/1511/1003
f 1014/1511/1003 1031/1512/1020 1015/1513/1004
f 1031/1512/1020 1032/1514/1021 1015/1513/1004
f 1033/1515/1022 1015/1513/1004 1032/1514/1021
f 1013/1483/1002 1015/1485/1004 1034/1516/1023
f 1015/1485/1004 1033/1517/1022 1034/1516/1023
f 1013/1483/1002 1034/1516/1023 1011/1481/1000
f 1011/1481/1000 1034/1516/1023 1033/1517/1022
f 1011/1481/1000 1033/1517/1022 1035/1518/1024
f 1036/1519/1025 1012/1482/1001 1037/1520/1026
f 1012/1482/1001 1011/1481/1000 1037/1520/1026
f 1010/1480/999 1012/1482/1001 1036/1519/1025
f 1011/1481/1000 1038/1521/1027 1037/1520/1026
f 1011/1481/1000 1035/1518/1024 1038/1521/1027
f 1033/1515/1022 1039/1522/1028 1035/1523/1024
f 1035/1523/1024 1039/1522/1028 1040/1524/1029
f 1040/1524/1029 1038/1525/1027 1035/1523/1024
f 1033/1515/1022 1032/1514/1021 1039/1522/1028
f 1039/1522/1028 1032/1514/1021 1041/1526/1030
f 1041/1526/1030 1032/1514/1021 1031/1512/1020
f 1031/1512/1020 1042/1527/1031 1041/1526/1030
f 1030/1510/1019 1042/1527/1031 1031/1512/1020
f 1030/1510/1019 1029/1507/1018 1042/1527/1031
f 1028/1506/1017 1042/1527/1031 1029/1507/1018
f 1028/1506/1017 1043/1528/1032 1042/1527/1031
f 1028/1506/1017 1027/1502/1016 1043/1528/1032
f 1027/1502/1016 1028/1506/1017 1026/1503/1015
f 1044/1529/1033 1043/1528/1032 1027/1502/1016
f 1025/1500/1014 1044/1529/1033 1027/1502/1016
f 1022/1496/1011 1045/1530/1034 1025/1500/1014
f 1045/1530/1034 1046/1531/1035 1025/1500/1014
f 1025/1500/1014 1046/1531/1035 1044/1529/1033
f 1022/1496/1011 1024/1499/1013 1045/1530/1034
f 1045/1530/1034 1024/1499/1013 1047/1532/1036
f 1048/1533/1037 1045/1530/1034 1047/1532/1036
f 1049/1534/1038 1046/1531/1035 1045/1530/1034
f 1048/1533/1037 1049/1534/1038 1045/1530/1034
f 1049/1534/1038 1044/1529/1033 1046/1531/1035
f 1043/1528/1032 1044/1529/1033 1050/1535/1039
f 1044/1529/1033 1051/1536/1040 1050/1535/1039
f 1051/1536/1040 1044/1529/1033 1049/1534/1038
f 1042/1527/1031 1043/1528/1032 1052/1537/1041
f 1050/1535/1039 1052/1537/1041 1043/1528/1032
f 1052/1537/1041 1041/1526/1030 1042/1527/1031
f 1041/1526/1030 1053/1538/1042 1039/1522/1028
f 1039/1522/1028 1054/1539/1043 1040/1524/1029
f 1053/1538/1042 1054/1539/1043 1039/1522/1028
f 1055/1540/1044 1040/1524/1029 1054/1539/1043
f 1056/1541/1045 1038/1525/1027 1040/1524/1029
f 1040/1524/1029 1055/1540/1044 1056/1541/1045
f 1037/1520/1026 1038/1521/1027 1057/1542/1046
f 1038/1521/1027 1056/1543/1045 1057/1542/1046
f 1056/1543/1045 1058/1544/1047 1057/1542/1046
f 1056/1541/1045 1055/1540/1044 1058/1545/1047
f 1055/1540/1044 1059/1546/1048 1058/1545/1047
f 1055/1540/1044 1054/1539/1043 1059/1546/1048
f 1041/1526/1030 1060/1547/273 1053/1538/1042
f 1060/1547/273 657/951/648 1053/1538/1042
f 642/929/633 657/951/648 1060/1547/273
f 1053/1538/1042 657/951/648 1054/1539/1043
f 1054/1539/1043 682/991/673 1059/1546/1048
f 657/951/648 682/991/673 1054/1539/1043
f 1061/1548/1049 1059/1546/1048 682/991/673
f 1062/1549/1050 1059/1546/1048 1061/1548/1049
f 1062/1549/1050 1058/1545/1047 1059/1546/1048
f 1057/1542/1046 1058/1544/1047 1063/1550/1051
f 1062/1551/1050 1064/1552/1052 1058/1544/1047
f 1058/1544/1047 1064/1552/1052 1063/1550/1051
f 1062/1549/1050 1061/1548/1049 1065/1553/1053
f 1064/1552/1052 1062/1551/1050 1065/1554/1053
f 1066/1555/1054 1065/1553/1053 1061/1548/1049
f 702/1023/693 1061/1548/1049 682/991/673
f 1067/1556/1055 1061/1548/1049 702/1023/693
f 1067/1556/1055 1066/1555/1054 1061/1548/1049
f 1068/1557/1056 1066/1555/1054 1067/1556/1055
f 1066/1558/1054 1069/1559/1057 1065/1554/1053
f 1066/1558/1054 1068/1560/1056 1069/1559/1057
f 1070/1561/1058 1064/1552/1052 1065/1554/1053
f 1065/1554/1053 1069/1559/1057 1070/1561/1058
f 1071/1562/1059 1064/1552/1052 1070/1561/1058
f 1064/1552/1052 1071/1562/1059 1063/1550/1051
f 1057/1542/1046 1063/1550/1051 1072/1563/1060
f 1063/1550/1051 1071/1562/1059 1072/1563/1060
f 1073/1564/1061 1071/1562/1059 1070/1561/1058
f 1070/1561/1058 1069/1559/1057 749/1081/740
f 1073/1564/1061 1070/1561/1058 749/1081/740
f 1069/1559/1057 1068/1560/1056 1074/1565/1062
f 1069/1559/1057 1074/1565/1062 749/1081/740
f 1068/1560/1056 722/1566/713 1074/1565/1062
f 722/1048/713 1068/1557/1056 1067/1556/1055
f 719/1044/710 1067/1556/1055 702/1023/693
f 719/1044/710 722/1048/713 1067/1556/1055
f 721/1567/712 1074/1565/1062 722/1566/713
f 749/1081/740 1074/1565/1062 721/1567/712
f 731/1080/722 749/1081/740 721/1567/712
f 1073/1564/1061 749/1081/740 750/1082/741
f 1036/1519/1025 1057/1542/1046 1072/1563/1060
f 1037/1520/1026 1057/1542/1046 1036/1519/1025
f 1075/1568/1063 1036/1519/1025 1072/1563/1060
f 1075/1568/1063 1072/1563/1060 1076/1569/1064
f 1072/1563/1060 1071/1562/1059 1076/1569/1064
f 751/1083/742 1071/1562/1059 1073/1564/1061
f 751/1083/742 1076/1569/1064 1071/1562/1059
f 1073/1564/1061 750/1082/741 751/1083/742
f 751/1083/742 752/1084/743 1076/1569/1064
f 1077/1570/1065 1075/1568/1063 1076/1569/1064
f 1077/1570/1065 1076/1569/1064 1078/1571/1066
f 752/1084/743 1078/1571/1066 1076/1569/1064
f 1079/1572/1067 1036/1519/1025 1075/1568/1063
f 1079/1572/1067 1075/1568/1063 1077/1570/1065
f 1079/1572/1067 1010/1480/999 1036/1519/1025
f 1080/1573/1068 1009/1479/998 1079/1572/1067
f 1009/1479/998 1010/1480/999 1079/1572/1067
f 1080/1573/1068 1079/1572/1067 1077/1570/1065
f 1080/1573/1068 1077/1570/1065 1081/1574/1069
f 1081/1574/1069 1077/1570/1065 1078/1571/1066
f 1081/1574/1069 1078/1571/1066 785/1142/776
f 1078/1571/1066 752/1084/743 777/1130/768
f 785/1142/776 1078/1571/1066 777/1130/768
f 1082/1575/1070 1081/1574/1069 785/1142/776
f 1082/1576/1070 785/1144/776 786/1143/777
f 1083/1577/1071 1080/1573/1068 1081/1574/1069
f 1083/1577/1071 1081/1574/1069 1082/1575/1070
f 1083/1577/1071 992/1462/981 1080/1573/1068
f 992/1462/981 1009/1479/998 1080/1573/1068
f 993/1463/982 1083/1577/1071 1082/1575/1070
f 992/1462/981 1083/1577/1071 993/1463/982
f 1084/1578/1072 1082/1576/1070 786/1143/777
f 786/1148/777 787/1147/778 1084/1579/1072
f 1085/1580/1073 1082/1576/1070 1084/1578/1072
f 1084/1578/1072 794/1581/784 1085/1580/1073
f 787/1147/778 794/1155/784 1084/1579/1072
f 1085/1582/1073 993/1463/982 1082/1575/1070
f 1086/1583/1074 993/1463/982 1085/1582/1073
f 991/1459/980 993/1463/982 1086/1583/1074
f 794/1581/784 1086/1584/1074 1085/1580/1073
f 991/1585/980 1086/1584/1074 794/1581/784
f 798/1159/788 794/1155/784 793/1154/783
f 991/1460/980 794/1155/784 798/1159/788
f 630/906/263 642/929/633 1060/1547/273
f 1087/1586/1075 630/906/263 1060/1547/273
f 1088/1587/1076 630/906/263 1087/1586/1075
f 1087/1586/1075 1060/1547/273 1041/1526/1030
f 615/891/263 630/906/263 1088/1587/1076
f 1089/1588/1077 615/891/263 1088/1587/1076
f 1087/1586/1075 1041/1526/1030 1052/1537/1041
f 609/885/263 615/891/263 1089/1588/1077
f 1088/1587/1076 1087/1586/1075 1090/1589/1078
f 1090/1589/1078 1087/1586/1075 1052/1537/1041
f 1089/1588/1077 1088/1587/1076 1090/1589/1078
f 1090/1589/1078 1052/1537/1041 1050/1535/1039
f 1091/1590/1079 1050/1535/1039 1092/1591/1080
f 1051/1536/1040 1092/1591/1080 1050/1535/1039
f 1050/1535/1039 1093/1592/1081 1090/1589/1078
f 1091/1590/1079 1093/1592/1081 1050/1535/1039
f 248/331/246 1090/1589/1078 1093/1592/1081
f 284/381/263 609/885/263 1089/1588/1077
f 275/369/273 1089/1588/1077 264/353/262
f 284/381/263 1089/1588/1077 275/369/273
f 264/353/262 1089/1588/1077 1090/1589/1078
f 264/353/262 1090/1589/1078 248/331/246
f 248/331/246 1093/1592/1081 250/333/248
f 250/333/248 1093/1592/1081 1094/1593/1082
f 1091/1590/1079 1094/1593/1082 1093/1592/1081
f 1092/1591/1080 1095/1594/1083 1091/1590/1079
f 1094/1593/1082 1091/1590/1079 1095/1594/1083
f 1092/1591/1080 1049/1534/1038 1095/1594/1083
f 1092/1591/1080 1051/1536/1040 1049/1534/1038
f 1095/1594/1083 1048/1533/1037 1096/1595/1084
f 1097/1596/1085 1095/1594/1083 1096/1595/1084
f 1049/1534/1038 1048/1533/1037 1095/1594/1083
f 1095/1594/1083 1097/1596/1085 1094/1593/1082
f 249/332/247 250/333/248 1094/1593/1082
f 1094/1593/1082 1097/1596/1085 249/332/247
f 1097/1596/1085 1096/1595/1084 227/306/225
f 228/307/226 1097/1596/1085 227/306/225
f 1097/1596/1085 228/307/226 249/332/247
f 1096/1595/1084 1047/1532/1036 1098/1597/1086
f 227/306/225 1096/1595/1084 1098/1597/1086
f 1096/1595/1084 1048/1533/1037 1047/1532/1036
f 227/306/225 1098/1597/1086 207/282/205
f 1098/1597/1086 1047/1532/1036 1099/1598/1087
f 207/282/205 1098/1597/1086 1099/1598/1087
f 1100/1599/1088 1099/1598/1087 1047/1532/1036
f 1047/1532/1036 1024/1499/1013 1100/1599/1088
f 184/251/182 1099/1598/1087 1101/1600/1089
f 1102/1601/1090 1099/1598/1087 1100/1599/1088
f 1102/1601/1090 1101/1600/1089 1099/1598/1087
f 207/282/205 1099/1598/1087 184/251/182
f 1102/1601/1090 1100/1599/1088 1000/1497/989
f 1100/1599/1088 1023/1498/1012 1000/1497/989
f 1024/1499/1013 1023/1498/1012 1100/1599/1088
f 1103/1602/1091 1102/1601/1090 1000/1497/989
f 1101/1600/1089 1102/1601/1090 1103/1602/1091
f 185/252/183 184/251/182 1101/1600/1089
f 1103/1602/1091 1104/1603/1092 1101/1600/1089
f 1101/1600/1089 1104/1603/1092 185/252/183
f 1104/1604/1092 1103/1605/1091 999/1469/988
f 1103/1605/1091 1000/1470/989 999/1469/988
f 1105/1606/1093 1104/1607/1092 1106/1608/1094
f 1106/1608/1094 1104/1607/1092 999/1609/988
f 1105/1610/1093 185/252/183 1104/1603/1092
f 160/250/158 185/252/183 1105/1610/1093
f 159/213/157 1105/1606/1093 1106/1608/1094
f 1105/1606/1093 159/213/157 160/214/158
f 158/212/156 159/213/157 1106/1608/1094
f 1106/1608/1094 999/1609/988 982/1611/971
f 158/212/156 1106/1608/1094 982/1611/971
f 157/211/155 158/212/156 982/1611/971
f 157/1612/155 982/1450/971 140/189/138
f 139/188/137 157/1612/155 140/189/138
f 307/412/263 609/885/263 284/381/263
f 285/382/282 307/412/263 284/381/263
