# Blender v2.79 (sub 0) OBJ File: ''
# www.blender.org
o CavePlatform2-4
v -7.316000 -2.549798 -14.719000
v -8.036000 -3.400398 -14.193001
v -8.169000 -2.528798 -14.418000
v -9.224000 -2.508998 -14.262000
v -8.077000 -1.470398 -14.564000
v -6.328000 -2.072298 -14.644000
v -6.209000 -3.603568 -14.358001
v -7.028000 -1.465498 -14.797000
v -9.216000 -3.936608 -13.726001
v -7.592000 -4.529458 -12.666001
v -9.413000 -0.874298 -14.229000
v -10.429000 -1.767998 -13.594000
v -10.435000 -3.185298 -13.382001
v -8.165000 0.299602 -14.472000
v -7.245000 -0.377498 -14.814000
v -6.157000 -0.643898 -14.585000
v -5.022000 -1.891798 -14.201000
v -4.341000 -3.431198 -13.721001
v -5.185000 -4.499868 -12.681001
v -5.582000 -4.501178 -10.362001
v -8.921000 -4.496458 -10.481001
v -9.958000 -4.340458 -12.402001
v -11.489000 -3.558488 -12.440001
v -11.218000 -2.411598 -12.877000
v -11.336000 -1.191798 -12.804000
v -10.449000 -0.495198 -13.529000
v -9.816000 0.622502 -14.013000
v -4.883000 -0.126998 -13.959000
v -4.071000 -1.035998 -13.448000
v -3.739000 -2.155398 -13.339000
v -3.196000 -3.148198 -13.090001
v -3.705000 -4.057118 -12.618001
v -4.330000 -4.465188 -11.810001
v -11.384000 -4.428998 -11.028001
v -12.240000 -2.330098 -12.016000
v -12.348000 -3.578708 -11.684001
v -11.210000 0.502302 -12.865000
v -12.324000 -0.632298 -11.917000
v -8.663000 2.020202 -14.047000
v -10.266000 2.072302 -13.445000
v -6.929000 1.733802 -14.550000
v -7.260000 0.575002 -14.716000
v -6.652000 0.461002 -14.790000
v -5.734000 0.865202 -14.451000
v -3.448000 0.318302 -13.245000
v -2.847000 -1.067198 -13.350000
v -2.508000 -2.234698 -13.241000
v -2.193000 -3.111498 -13.016001
v -2.590000 -3.871538 -12.730000
v -2.962000 -4.521298 -11.530001
v -2.692000 -4.598518 -9.230501
v -5.000000 -4.481549 -6.663301
v -1.151000 -4.252188 -10.848001
v -1.396000 -3.499498 -12.307001
v -1.668000 -2.444698 -12.732000
v -1.703990 -1.352598 -12.816000
v -1.990000 0.002602 -12.789000
v -2.365000 1.108202 -12.923000
v -4.570000 1.675902 -13.579000
v -3.241000 1.571302 -13.108000
v -3.582000 2.330202 -12.892000
v -5.610000 3.121102 -13.690999
v -5.666000 1.925602 -14.183000
v -4.328000 2.945902 -13.072999
v -2.281000 2.319602 -12.690000
v -1.091000 1.175102 -12.135000
v -0.734000 -0.330698 -12.071000
v -0.697000 -1.915098 -11.877000
v -0.022000 -3.196898 -11.575001
v -0.683000 -4.584798 -9.284501
v 0.433000 -4.228188 -10.598001
v -0.992000 -4.480669 -6.410401
v -3.962000 -4.483950 -2.277001
v -0.963000 -4.483799 -3.351601
v 0.769000 -4.498428 -8.912701
v 2.107000 -4.642658 -10.486001
v 1.477010 -3.560808 -11.892001
v 1.033000 -2.080198 -12.174000
v 0.617000 -0.831298 -12.045000
v 1.117000 0.795902 -12.393000
v 0.372000 2.221402 -11.640000
v -1.133000 2.478902 -11.614000
v -1.994000 3.428702 -11.713999
v -3.294000 3.304002 -12.369999
v -0.254000 3.047202 -11.008999
v -1.095000 3.346102 -11.101999
v 1.702000 3.164802 -11.651999
v 1.445000 2.175102 -12.262000
v 0.680000 3.217202 -11.145999
v 2.013000 -0.794998 -12.774000
v 2.577000 -2.345598 -12.802000
v 3.222000 -3.914878 -12.125001
v 2.955000 -4.494689 -7.737101
v 3.996000 -4.704048 -10.507001
v 1.564000 -4.483739 -3.618701
v 5.344000 -4.482889 -4.457901
v 5.382000 -4.517369 -7.344301
v 5.146000 -4.577329 -9.189901
v 5.304000 -4.195918 -10.659001
v 4.800000 -3.638348 -11.748001
v 4.149000 -2.404098 -12.312000
v 3.707000 -0.935598 -12.559000
v 3.197000 0.602902 -12.670000
v 2.770000 2.278702 -12.358000
v 3.027000 3.412802 -11.558999
v 2.597000 4.161302 -10.559999
v 1.272000 3.917202 -10.805999
v 0.295000 3.884602 -10.550999
v 1.210000 4.475801 -9.405599
v 4.266000 4.439801 -9.574099
v 2.794000 4.571702 -8.937199
v 3.798000 3.909502 -10.939999
v 4.095000 3.070202 -11.605999
v 4.416000 1.767502 -12.022000
v 4.770000 0.255002 -12.069000
v 4.967000 -1.198098 -11.846000
v 5.162000 -2.407498 -11.640000
v 5.738000 -3.161198 -11.050001
v 6.692000 -4.225019 -8.470701
v 6.233000 -3.917678 -10.060701
v 6.765000 -4.508859 -6.482601
v 7.845000 -4.478719 -4.899201
v 8.442000 -4.397299 -7.090101
v 7.700000 -3.208399 -8.771301
v 6.980000 -3.328598 -9.616601
v 6.430000 -2.825298 -10.328000
v 6.022000 -1.713698 -10.948000
v 5.777000 -0.234998 -11.345000
v 5.918000 1.388102 -11.115000
v 5.138000 2.642602 -11.270000
v 4.958000 3.695102 -10.729999
v 6.008000 2.915802 -10.495000
v 5.879000 3.971402 -9.549699
v 6.806000 2.084902 -10.082200
v 6.752000 1.199302 -10.331000
v 6.689000 -0.027998 -10.297000
v 7.080000 -1.897898 -9.661200
v 7.914000 -1.932999 -8.664100
v 8.727010 -2.950399 -8.364501
v 9.345000 -4.470569 -4.920501
v 10.016000 -4.555299 -6.260501
v 9.997000 -4.052289 -7.900701
v 9.144000 -4.483620 -1.619701
v 11.033000 -4.496059 -4.702601
v 11.223000 -4.501979 -6.599701
v 11.804000 -4.551309 -8.044501
v 9.694000 -2.397099 -8.929100
v 10.893000 -3.356099 -9.348201
v 8.814000 -1.390199 -8.345000
v 7.857000 -0.256899 -8.904500
v 7.376000 1.196402 -9.637500
v 7.525000 2.451701 -8.917600
v 8.185010 1.398001 -8.776200
v 9.120000 0.753501 -8.516500
v 8.917000 -0.323999 -8.367800
v 9.968000 -0.495499 -9.062500
v 10.727000 -1.813798 -9.489600
v 11.995000 -2.162798 -9.925400
v 12.644000 -3.789778 -9.500501
v 13.177000 -4.484719 -6.029501
v 13.457000 -4.471629 -8.071801
v 13.135000 -4.466159 -2.764001
v 14.341000 -4.378819 -7.157900
v 14.503000 -4.075099 -8.004401
v 14.223000 -3.631408 -8.957701
v 13.592000 -2.327698 -9.518600
v 13.048000 -0.816498 -9.802100
v 11.495000 -0.626198 -9.852300
v 11.176000 0.789102 -9.646200
v 10.152000 1.055301 -9.138600
v 12.611000 0.685902 -9.746000
v 13.876000 0.469902 -9.078900
v 14.289000 -1.025099 -8.875900
v 14.746000 -2.409199 -8.488700
v 14.999000 -3.421199 -8.126301
v 15.257000 -3.934929 -7.357100
v 15.396000 -4.441139 -6.102601
v 14.859000 -4.608989 -4.416001
v 15.708000 -4.465199 -2.705601
v 15.057000 -4.559200 -0.325411
v 12.677000 -4.477960 0.470579
v 16.775000 -4.413600 -1.361201
v 16.943001 -4.262730 0.426819
v 16.775000 -4.096179 -2.544201
v 16.476000 -4.258019 -4.372400
v 16.664000 -4.273729 -3.215501
v 16.702000 -3.657969 -6.066600
v 15.873000 -3.736409 -6.766901
v 15.772000 -2.767099 -7.170200
v 15.426000 -1.259299 -7.778600
v 15.060000 0.206701 -8.068700
v 13.464000 2.031701 -9.077300
v 14.686000 1.689201 -8.253000
v 12.177000 1.865502 -9.638100
v 14.243000 2.674402 -8.231200
v 12.312000 3.154101 -8.923199
v 13.539000 3.111501 -8.404699
v 15.035000 2.806801 -7.337299
v 15.658000 1.493201 -7.134799
v 16.222000 -0.036099 -6.697000
v 16.268999 -1.488199 -6.709200
v 16.934999 -2.279299 -5.897601
v 17.350000 -3.084699 -4.678200
v 17.259001 -3.605920 -3.266100
v 17.358000 -3.773740 -2.125001
v 17.830000 -3.624640 -0.961791
v 17.489000 -2.772900 -2.273000
v 17.825001 -2.583200 -3.579300
v 17.639999 -1.813899 -4.626400
v 17.014999 -0.995299 -5.730500
v 15.858000 2.493701 -6.456200
v 15.514000 3.337801 -6.362899
v 14.531000 4.013201 -6.660699
v 14.218000 3.462701 -7.801199
v 13.255000 3.955001 -7.769400
v 15.591000 3.866501 -5.357699
v 14.154000 4.374201 -4.757699
v 12.879000 4.537001 -6.198699
v 16.205000 2.999001 -5.707799
v 16.853001 1.733601 -5.703899
v 17.150000 0.202901 -5.480000
v 17.688999 -0.538199 -4.512800
v 17.822001 -1.317000 -2.794000
v 18.018999 -2.117000 -0.953710
v 17.969999 -2.885600 0.877710
v 17.962000 -0.498300 -1.033380
v 17.988001 -1.202400 0.508810
v 17.893999 0.100800 -2.281300
v 17.999001 0.019701 -3.390800
v 17.641001 0.779601 -4.406600
v 16.867001 3.236901 -4.368199
v 17.565001 1.962701 -4.097899
v 15.671000 4.342401 -3.643799
v 13.828000 4.485401 -2.332899
v 12.078000 4.432001 -4.192499
v 11.326000 4.589401 -5.898499
v 11.542000 4.262301 -7.624700
v 9.848000 4.326701 -6.732900
v 10.196000 3.772201 -7.961699
v 10.736000 3.240301 -8.716799
v 10.067000 4.408301 -4.664899
v 10.009000 4.409800 -1.239499
v 15.702000 4.248800 -2.015699
v 16.733000 3.641201 -2.536600
v 17.583000 2.437001 -2.718300
v 17.957001 1.119900 -3.033600
v 17.863001 1.193200 -1.274900
v 18.066999 -1.548200 1.989200
v 17.996000 0.302900 0.334320
v 18.002001 -0.389900 1.495700
v 17.334000 2.845800 -0.937390
v 16.504000 3.852800 -1.177299
v 15.484000 4.375300 -0.328289
v 13.119000 4.527900 0.140201
v 8.740000 4.360701 -5.701099
v 8.173000 3.840101 -6.980800
v 9.092000 3.334201 -7.813099
v 9.821000 3.028502 -8.339099
v 10.997000 2.141501 -9.424500
v 9.775000 2.113401 -8.811100
v 9.157000 2.587601 -8.402900
v 7.968000 3.011701 -7.812799
v 8.432000 2.336701 -8.141400
v 7.543000 4.374901 -5.907100
v 6.885000 4.343501 -6.994999
v 7.043000 3.733202 -8.287799
v 7.941000 4.407401 -4.186999
v 11.642000 4.397400 1.108101
v 16.782000 3.645400 -0.052909
v 17.823000 1.726800 0.421400
v 17.370001 2.862200 0.744000
v 16.767000 3.900200 1.446001
v 14.727000 4.526199 1.854501
v 12.975000 4.494900 1.801701
v 5.685010 4.436401 -5.619199
v 5.647000 4.378001 -7.958700
v 6.740000 3.142202 -9.535899
v 8.934000 1.821801 -8.454700
v 3.812000 4.416602 -7.417299
v 2.333000 4.412301 -4.675199
v 5.246000 4.408501 -1.995299
v 9.882000 4.406300 2.557501
v 2.034000 4.401601 -7.550799
v -0.084000 4.452801 -7.145699
v -1.034000 4.412500 -3.695899
v 0.198000 4.413800 0.869701
v 5.604000 4.411200 2.763701
v 11.903000 4.437200 2.477001
v 10.273000 4.374999 4.513900
v 11.488000 4.485600 3.641101
v 8.152000 4.426099 5.003801
v -0.430000 4.335201 -9.627899
v -2.031000 4.486301 -8.840699
v -0.599000 3.704202 -10.570999
v -1.503000 4.076202 -10.567999
v -2.925000 4.417301 -5.932199
v 8.089000 4.360699 7.607901
v 9.918000 4.524699 5.876301
v 11.933000 4.124999 5.211700
v 13.343000 4.105999 3.400301
v 13.468000 3.153399 4.933300
v 12.931000 3.303599 5.886200
v 10.831000 4.365199 7.241900
v 12.513000 3.615999 6.715200
v -4.306000 4.483501 -8.482299
v -6.005000 4.408701 -5.871499
v -6.702000 4.401502 -8.671199
v -4.722000 4.410901 -1.789299
v 9.650000 3.941699 8.571501
v 8.480000 3.864499 9.032501
v -5.392000 4.555802 -10.645000
v -7.346000 4.533902 -10.706999
v -8.479000 4.494502 -9.308499
v -8.810000 4.412101 -6.987799
v -8.701000 4.411601 -3.504699
v -9.169000 4.507102 -10.884999
v -8.150000 4.212002 -12.208999
v -10.454000 4.706801 -9.235600
v -10.618000 4.010702 -11.198999
v -9.600000 4.071702 -12.162999
v -10.486000 4.469602 -7.364899
v -10.987000 4.462001 -5.532799
v 5.221000 4.399599 6.712301
v -11.846000 4.485402 -7.599599
v -12.179000 4.528201 -6.232399
v -12.105000 4.219001 -9.318099
v -11.601000 3.919202 -10.380999
v -11.714000 2.827602 -11.338000
v -10.625000 3.198102 -12.472999
v -9.120000 3.289702 -13.132999
v -11.424000 1.904102 -12.348000
v -12.192000 1.915802 -11.704000
v -12.980000 1.846102 -10.917000
v -12.626000 3.223202 -10.141999
v -13.245000 3.555202 -8.622899
v -13.305000 4.261001 -6.694200
v -12.574000 4.520601 -5.089199
v -12.388000 4.446001 -2.250899
v -14.089000 4.573401 -4.741099
v -14.619000 3.873201 -6.323999
v -14.326000 3.217401 -7.499499
v -14.144000 2.287601 -8.616600
v -13.476000 2.437302 -9.637200
v -13.153000 0.085102 -10.838000
v -12.305000 0.909902 -11.820000
v -13.824000 1.006302 -9.520800
v -13.806000 -0.800798 -9.695100
v -14.742000 1.208101 -8.148700
v -14.592000 -0.178599 -8.546800
v -14.918000 2.260101 -7.708700
v -15.400000 2.907201 -6.638999
v -15.334000 3.692001 -5.430500
v -14.422000 4.451500 -3.036899
v -15.377000 4.055201 -4.075500
v -15.713000 4.357800 -2.502999
v -16.455999 3.440501 -3.711100
v -15.975000 3.287901 -4.795300
v -15.817000 2.838001 -5.572500
v -16.000999 2.118401 -6.092999
v -15.635000 1.630901 -7.121699
v -15.543000 0.262301 -7.422900
v -14.475000 -1.624599 -8.652600
v -15.379000 -1.204599 -7.677600
v -16.326000 0.850801 -5.928600
v -16.287001 -0.797499 -6.453400
v -16.450001 2.250801 -4.836500
v -17.056000 3.273100 -1.871000
v -17.280001 2.290101 -3.432100
v -15.710000 4.173400 -0.705909
v -14.508000 4.474000 -1.639999
v -9.182000 4.421600 0.921001
v -5.141000 4.413700 3.778901
v -9.034000 4.427299 4.767601
v -11.051000 4.448900 3.203401
v -12.377000 4.519500 1.331401
v -14.199000 4.542900 0.054511
v -15.479000 3.815500 1.033501
v -16.570000 3.018500 0.140780
v -17.377001 1.497300 -0.693370
v -17.752001 1.941600 -2.195800
v -17.695000 1.227301 -2.979300
v -17.120001 0.843201 -4.192200
v -16.636000 -0.500199 -4.950300
v -16.540001 -2.059299 -5.279000
v -16.146000 -2.254199 -6.844400
v -17.348000 -1.453899 -4.354500
v -17.447001 -0.394299 -4.046300
v -17.830999 0.073700 -2.935800
v -17.892000 0.877400 -1.918300
v -17.509001 0.340400 -1.052350
v -16.889000 1.776900 1.134200
v -17.275999 0.475200 0.617080
v -17.365999 0.324500 -0.374070
v -16.013000 2.793100 1.685300
v -14.251000 4.136799 2.195401
v -15.232000 3.383699 2.198000
v -12.862000 4.227300 3.588901
v -11.389000 4.265399 5.237600
v -12.655000 3.709299 4.817300
v -13.385000 3.426499 4.235600
v -13.978000 3.615600 3.493701
v -14.654000 3.294600 3.025900
v -15.254000 2.524699 2.858600
v -16.018000 1.665500 2.402600
v -16.582001 0.649800 1.956000
v -16.796000 -0.606900 1.593300
v -17.419001 -0.883100 -0.336620
v -17.927000 -0.092400 -1.651700
v -17.959000 -1.025000 -2.060200
v -17.910999 -1.132799 -3.356500
v -18.066999 -1.956800 -2.641000
v -17.840000 -2.263999 -3.588600
v -17.752001 -2.223400 -1.462900
v -16.809000 -2.089400 1.464800
v -17.176001 -2.936700 0.017660
v -16.180000 -0.241000 2.598800
v -16.129000 -1.429201 2.705000
v -15.878000 0.583000 2.883000
v -15.145000 1.248899 3.688100
v -14.190000 2.515299 4.128500
v -12.804000 2.767799 4.981300
v -12.301000 3.591599 5.930400
v -12.928000 2.717799 6.564600
v -13.118000 1.306199 5.357300
v -14.192000 1.321699 4.472700
v -15.270000 -0.458601 3.594200
v -13.996000 0.108399 4.566400
v -15.208000 -2.098901 3.668000
v -15.985000 -2.846000 2.820899
v -16.464001 -3.687340 1.632999
v -16.421000 -4.263650 0.416849
v -16.796000 -4.035620 -0.616431
v -17.875999 -3.208699 -2.594701
v -17.490000 -3.442100 -1.258701
v -16.648001 -4.420619 -1.937801
v -17.566000 -3.213099 -3.797500
v -17.156000 -4.087619 -3.373701
v -15.432000 -4.562230 -0.511191
v -14.901000 -4.622920 1.229199
v -15.102000 -4.177711 2.934799
v -15.083000 -3.265101 3.794500
v -14.212000 -1.491601 4.460400
v -14.215000 -2.795501 4.404099
v -13.081000 -0.044801 5.427000
v -13.467000 1.457499 7.380900
v -13.428000 -0.345501 6.792300
v -13.149000 -1.097601 5.309400
v -13.249000 -2.408401 5.098700
v -13.323000 -3.329501 4.917799
v -13.972000 -3.936541 4.211800
v -12.687000 -4.569941 3.008399
v -12.602000 -4.494650 -0.312941
v -14.644000 -4.571280 -1.903201
v -15.486000 -4.623519 -3.573001
v -16.799999 -3.678589 -4.723701
v -17.295000 -2.530999 -4.381101
v -16.039000 -3.333699 -5.980900
v -15.162000 -4.331269 -5.280900
v -13.003000 -4.484729 -3.536901
v -14.325000 -4.477910 -4.368701
v -12.508000 -4.150431 5.209300
v -13.218000 -3.411201 6.038599
v -13.428000 -2.128901 6.437300
v -13.911000 -1.975201 7.873199
v -13.858000 -0.855401 8.428200
v -13.788000 0.355999 8.509900
v -12.960000 -0.696402 9.576300
v -13.391000 -1.756401 8.982200
v -13.550000 -3.458801 7.507400
v -13.327000 -2.987401 8.958499
v -12.402000 -4.323421 6.994900
v -11.194000 -4.516251 6.302999
v -10.829000 -4.545591 4.709899
v -8.453990 -4.476151 2.435499
v -13.640000 -4.566339 -5.162601
v -9.000000 -4.483620 -3.481101
v -9.358000 -4.493451 6.408399
v -10.903000 -4.533271 8.059099
v -12.529000 -4.307861 8.722399
v -12.686000 -2.278902 9.897400
v -12.496000 -3.611192 9.910999
v -12.034000 -1.391902 10.840000
v -11.984000 -3.074702 10.966999
v -11.144000 -4.377101 10.195999
v -8.820000 -4.516662 9.376699
v -2.317000 -4.483840 2.960299
v -6.005000 -4.481921 7.136399
v -6.526000 -4.578942 10.597999
v -8.048000 -4.359392 11.621999
v -9.671000 -4.296382 11.463999
v -10.918000 -3.637072 11.613999
v -11.074000 -2.199502 11.832000
v -9.906000 -2.980302 12.331999
v -8.633000 -3.482202 12.444999
v -6.759000 -4.113012 12.338999
v -7.603000 -3.702442 12.653999
v -5.344000 -4.529232 12.341999
v -3.828000 -4.500002 10.336999
v -1.936000 -4.482341 7.418699
v -3.617000 -4.512792 12.744999
v -6.043000 -3.743772 13.275999
v -4.766000 -3.773962 13.927999
v -6.752000 -3.287602 12.954000
v -7.497000 -2.624602 12.849000
v -8.689990 -2.074402 12.552000
v -5.877000 -2.332302 13.599000
v -7.325000 -0.739602 12.962000
v -3.385000 -4.014032 14.105999
v -3.706000 -3.127602 14.412999
v -4.457000 -2.565202 14.249000
v -1.927000 -4.419102 13.575999
v -2.175000 -4.562362 11.819999
v -0.931000 -4.483952 10.226999
v 0.914000 -4.483851 5.456699
v 1.116000 -4.482801 8.436699
v 1.098000 -4.465392 10.421999
v 0.189000 -4.429582 11.132999
v -0.374000 -4.484332 12.195999
v -1.161000 -3.354802 14.302999
v -2.466000 -3.171902 14.756999
v -0.279000 -3.786172 13.488999
v -3.386000 -1.946902 14.610000
v -4.574000 -1.479902 14.209000
v -5.319000 -0.419202 13.867000
v -4.230000 1.259798 14.229000
v -3.577000 -0.329002 14.490000
v -2.593000 -1.054702 14.778000
v -2.255000 -1.915902 14.813000
v -1.343000 -2.205802 14.448000
v -0.318000 -2.488202 13.762000
v 0.708000 -2.822502 12.837000
v 0.253000 -3.855502 12.809999
v 0.982000 -4.291252 11.695999
v 0.686000 -3.821132 12.405999
v 4.577000 -4.488201 7.305499
v 3.037000 -4.480891 9.826699
v 2.440000 -4.439912 11.371999
v 2.031000 -3.680812 12.691999
v 0.441000 -1.392202 13.157000
v 1.466000 -1.512902 13.096000
v 2.100000 -2.277202 13.037000
v -0.488000 -0.997602 14.002000
v -1.599000 -1.070302 14.570000
v -2.139000 -0.065602 14.757000
v -2.689990 1.059898 14.793000
v -1.447000 0.953098 14.458000
v -1.132000 -0.096402 14.378000
v 0.259000 -0.280602 13.215000
v 1.353000 -0.193302 13.045000
v 2.690000 -0.828902 12.880000
v 3.547000 -2.264602 12.733000
v 3.698000 -3.863572 12.238999
v 3.894000 -4.461072 11.176999
v 5.345000 -4.608222 10.469999
v 4.951000 -4.077772 11.829000
v 5.018000 -2.819702 12.241000
v 5.056000 -1.322502 12.286000
v 4.009000 -0.735902 12.576000
v 0.578000 0.634498 13.017000
v -0.288000 0.608798 13.810000
v -1.935000 1.993898 14.516000
v -0.836000 2.050198 13.971000
v -2.958000 2.175297 14.560000
v -3.721000 2.572398 13.999000
v -2.111000 3.386098 13.871001
v 0.388000 1.823298 13.112000
v -0.327000 3.039298 12.960001
v 1.404000 1.240098 12.961000
v 2.458000 0.825198 12.883000
v 3.720000 0.588398 12.588000
v 5.063000 0.184198 12.224000
v 6.515000 -0.498302 11.365000
v 6.027000 -1.996402 11.723000
v 6.115000 -3.249802 11.533999
v 6.928000 -4.495361 9.433599
v 7.177000 -3.545352 10.676999
v 7.523000 -4.499782 7.921199
v 8.273000 -4.485091 5.447499
v 8.132000 -3.783842 10.114999
v 8.502000 -4.254591 9.258899
v 8.596000 -2.452002 10.266000
v 7.134000 -2.116802 11.027000
v 5.962000 0.949798 11.596000
v 6.830000 0.898098 11.017000
v 4.864000 1.810798 12.157000
v 3.226000 2.024298 12.539000
v 2.125000 1.957998 12.800000
v 1.349000 2.249798 12.766000
v 0.761000 2.749298 12.516000
v 0.603000 3.714698 12.155001
v -0.900000 4.244298 11.656001
v 2.079000 3.231698 12.163001
v 3.949010 3.114198 11.774001
v 6.294000 2.103298 11.089000
v 5.252000 3.025398 11.461001
v 7.642000 1.500498 10.476000
v 7.614000 0.314198 10.653000
v 8.028000 -0.882302 10.500000
v 9.175000 -1.026802 10.119000
v 9.057000 -3.527752 9.950999
v 9.935010 -1.771102 9.798400
v 9.715000 -2.865402 9.798300
v 10.023000 -0.550502 9.762100
v 9.031000 0.520198 10.143000
v 7.318000 2.764298 10.183000
v 8.587000 2.199698 9.950000
v 6.014000 3.578198 10.513000
v 4.779000 3.855998 10.891001
v 3.387000 4.179598 10.683001
v 1.315000 4.539698 10.383001
v -0.423000 4.675098 9.356400
v 1.411000 4.392099 6.622201
v 3.242000 4.529799 8.783501
v 5.432000 4.422499 9.295401
v 7.258000 3.803899 9.430101
v 8.197000 3.209298 9.691901
v 9.191000 3.072899 9.367101
v 9.864000 1.983198 9.711700
v 10.779000 0.566498 9.427000
v 10.939000 -1.061302 9.279000
v 10.871000 -2.680001 9.256900
v 9.860000 -3.851151 9.446299
v 10.829000 -4.089421 8.785999
v 9.333000 -4.533891 8.104399
v 11.992000 -1.677901 8.558600
v 11.904000 -3.288901 8.366899
v 11.805000 -0.275701 8.673000
v 12.038000 1.150899 8.437400
v 11.148000 2.117599 9.053000
v 10.346000 3.047899 9.038201
v -1.818000 4.444599 5.486401
v -1.431000 4.319098 7.911901
v -3.990000 4.364099 8.019201
v -7.231000 4.415598 7.798001
v -2.324000 4.499799 9.949001
v -4.002000 4.441298 10.422001
v -5.720000 4.535199 10.142001
v -4.888000 4.340898 11.900001
v -3.082000 4.397198 11.998001
v -4.154000 3.617098 13.270001
v -5.730000 3.519898 12.880001
v -6.420000 4.111398 11.843001
v -7.750000 4.427098 10.632001
v -8.902000 4.469199 9.166601
v -9.911990 4.418499 7.394101
v -11.480000 4.179099 6.828001
v -10.335000 4.443698 9.358801
v -11.286000 4.350399 8.209401
v -9.373000 4.311598 10.526001
v -7.566000 3.468898 12.221001
v -8.918000 3.585898 11.647001
v -6.656000 3.440498 12.595001
v -5.189990 2.481998 13.699000
v -6.798000 2.475798 12.998000
v -6.107000 1.061598 13.499000
v -7.507000 1.090698 12.911000
v -8.498000 2.142798 12.366000
v -9.903000 3.632598 11.131001
v -10.119000 2.633098 11.783000
v -10.255000 3.949498 10.399001
v -10.861000 3.760698 9.951001
v -11.254000 3.901598 9.243301
v -12.051000 3.786798 8.750601
v -12.277000 3.721499 7.441000
v -12.988000 2.814799 8.477200
v -11.678000 3.044898 9.864601
v -10.730000 3.327598 10.783001
v -11.319000 2.493298 11.021000
v -9.922000 1.021798 12.218000
v -11.139000 1.332798 11.469000
v -8.646000 0.401698 12.512000
v -8.846000 -0.861102 12.479000
v -9.703990 -0.279202 12.373000
v -10.975000 -0.409802 11.790000
v -11.843000 1.677698 10.728000
v -12.130000 0.416898 10.590000
v -11.861000 2.270498 10.429000
v -12.504000 1.806098 9.818600
v -13.391000 1.519599 8.796200
v -12.975000 0.697398 9.439800
v -9.925000 -1.530902 12.378000
v 10.866000 3.675699 8.315801
v 11.299000 3.009699 8.542500
v 11.854000 3.366199 7.767400
v 11.950000 2.440899 8.321400
v 12.804000 2.119699 7.270700
v 13.373000 2.426499 6.029400
v 12.988000 2.902199 6.476901
v 12.783000 -0.355501 7.431000
v 13.534000 0.868299 6.147300
v 14.116000 1.941399 5.107501
v 13.444000 -0.459701 6.344100
v 14.426000 0.759699 5.157100
v 14.182000 -0.536001 5.552400
v 13.432000 -1.774801 6.452199
v 15.213000 0.140999 4.891200
v 15.522000 1.548999 4.589900
v 14.875000 3.117599 4.130600
v 14.785000 4.062600 3.222701
v 15.399000 -1.261101 4.929600
v 14.268000 -1.922001 5.605999
v 12.708000 -2.348701 7.565899
v 13.064000 -3.105401 6.832799
v 13.826000 -3.314701 5.986599
v 12.465000 -3.705151 7.473100
v 12.447000 -4.118721 6.390100
v 14.746000 -2.627201 5.188700
v 12.847000 -4.540611 4.921999
v 14.575000 -3.909011 4.816000
v 15.976000 -2.866401 4.500000
v 16.580999 0.251299 4.242700
v 16.808001 -1.372201 4.042400
v 16.292000 2.753599 3.960701
v 16.851999 1.770899 3.921600
v 15.944000 3.790800 3.079701
v 17.164000 2.736799 2.780700
v 17.537001 1.235399 2.964300
v 17.632000 -0.344300 2.894400
v 17.596001 -1.693900 3.164900
v 17.129000 -2.513201 3.714000
v 15.569000 -4.403360 3.858199
v 16.926001 -3.814600 3.435399
v 13.807000 -4.620320 2.961599
v 11.111000 -4.530231 5.475599
v 10.828000 -4.487200 2.889399
v 11.096000 -4.560701 7.297799
v 15.795000 -4.706750 2.030999
v 14.341000 -4.468970 1.298999
v 17.671000 -2.775701 2.613600
v 17.419001 -4.000791 2.008499
v 17.884001 0.788600 1.684400
v 17.676001 2.075100 1.745600
v 17.368999 2.923800 1.693900
v 8.012000 -4.484941 2.065699
v 3.823000 -4.483490 1.475399
v -0.449000 -4.483830 -0.954981
v -8.432000 -4.481109 -7.736901
v -11.667000 -4.475689 -6.221701
v -10.966000 -4.515259 -8.892301
v -12.660000 -4.246768 -9.760900
v -13.057000 -4.445569 -8.129001
v -14.014000 -4.604099 -6.574401
v -14.717000 -3.857319 -7.839200
v -13.901000 -3.492069 -9.050401
v -13.365000 -3.213898 -10.308001
v -12.745000 -3.891198 -10.882001
v -12.850000 -2.971098 -11.181001
v -13.899000 -2.287298 -9.593600
v -13.247000 -1.753998 -10.873000
v -14.431000 -3.118399 -8.283801
v -14.326000 -2.620299 -8.716800
v -15.088000 -2.588999 -7.897800
v -15.421000 -4.197309 -6.623701
v -15.772000 -3.365199 -7.207400
v -7.500000 3.443702 -13.671999
v -6.396000 4.361802 -12.408999
v -4.587000 4.045902 -12.430999
v -3.205000 4.450802 -10.895000
vt 0.430245 -1.560073
vt 0.472548 -1.538479
vt 0.441101 -1.526620
vt 0.453844 -1.488801
vt 0.400332 -1.518537
vt 0.400863 -1.585561
vt 0.457031 -1.604382
vt 0.386407 -1.557064
vt 0.508596 -1.498595
vt 0.031700 -0.146787
vt -0.036446 -0.124485
vt 0.001196 -0.201244
vt 0.072409 -0.175048
vt 0.395965 -1.461189
vt 0.443933 -1.428562
vt 0.497150 -1.443017
vt 0.336494 -1.491574
vt 0.348825 -1.536237
vt 0.346287 -1.572050
vt 0.380035 -1.619368
vt 0.430421 -1.653824
vt -0.090253 -0.179473
vt -0.113146 -0.132273
vt -0.095563 -0.271277
vt 0.032584 -0.296116
vt 0.088988 -0.232042
vt -1.853645 -1.835072
vt -1.824205 -1.888644
vt -1.796415 -1.833184
vt 0.527595 -1.397527
vt 0.480218 -1.398944
vt -1.758774 -1.875487
vt 0.436911 -1.378294
vt 0.397500 -1.410626
vt 0.346583 -1.425199
vt -1.715644 -1.427618
vt -1.676646 -1.482488
vt -1.646260 -1.431925
vt -1.672575 -1.389327
vt -1.712459 -1.367969
vt -1.766621 -1.385728
vt -1.745499 -1.338056
vt -0.147130 -0.168794
vt -2.073893 -1.155805
vt -2.117139 -1.135273
vt -2.117789 -1.179877
vt -0.130492 -0.205138
vt 0.131174 -0.296942
vt 0.147694 -0.243901
vt 0.493139 -1.350033
vt 0.541873 -1.356995
vt 0.173712 -0.280245
vt 0.372660 -1.361892
vt 0.431897 -1.324013
vt 0.280798 -1.446203
vt 0.300857 -1.382601
vt 0.268171 -1.515528
vt 0.314251 -1.522017
vt 0.310769 -1.544851
vt -1.638826 -1.510926
vt -1.616760 -1.476234
vt -1.617115 -1.373810
vt -1.667972 -1.343779
vt -1.709686 -1.321831
vt -1.739421 -1.301239
vt -2.152127 -1.117455
vt -2.152362 -1.152737
vt -0.185007 -0.203781
vt -0.188548 -0.154693
vt -0.215511 -0.288976
vt -0.150197 -0.406918
vt -0.259938 -0.213751
vt -0.237695 -0.160239
vt -2.193544 -1.125597
vt -1.709508 -1.283245
vt -1.744318 -1.260235
vt -1.669212 -1.293452
vt -1.618944 -1.312981
vt -1.579944 -1.336167
vt -1.573396 -1.428385
vt -1.567731 -1.373456
vt -1.538409 -1.388206
vt -1.524072 -1.477532
vt -1.573985 -1.477709
vt -1.519823 -1.421836
vt -1.531741 -1.338587
vt -1.565077 -1.280177
vt -1.619887 -1.255810
vt -1.677708 -1.240588
vt -1.720600 -1.203123
vt 3.082058 -0.288564
vt 3.142534 -0.281071
vt 3.102178 -0.227971
vt -0.291503 -0.269271
vt -0.322418 -0.209386
vt 3.163950 -0.227971
vt -0.305014 -0.381371
vt -0.228254 -0.564802
vt -0.332980 -0.497542
vt -0.350031 -0.270628
vt -0.387201 -0.199002
vt 2.891253 2.515057
vt 2.926652 2.468153
vt 2.957922 2.513465
vt 2.865646 2.473581
vt 2.893967 2.416291
vt 2.826766 2.431159
vt -1.633103 -1.203241
vt 2.863641 2.376172
vt -1.572924 -1.201530
vt -1.515163 -1.228316
vt -1.511210 -1.283953
vt -1.479704 -1.323011
vt -1.495693 -1.377763
vt -1.149717 -0.567516
vt -1.146590 -0.508398
vt -1.180633 -0.538193
vt -1.473567 -1.281829
vt -1.480648 -1.248199
vt -1.168656 -0.616250
vt -1.131840 -0.611884
vt -1.182639 -0.574360
vt 2.860337 2.255575
vt 2.864525 2.308321
vt 2.817798 2.270739
vt 2.917508 2.353633
vt 2.956506 2.404078
vt 2.996390 2.460600
vt -0.443604 -0.296175
vt -0.458885 -0.181597
vt -0.415107 -0.126668
vt -0.426849 -0.465151
vt -0.563375 -0.399955
vt -0.539420 -0.289744
vt -0.514228 -0.221599
vt -0.507324 -0.164251
vt 2.937273 2.651583
vt 2.869895 2.630757
vt 2.913319 2.602731
vt 2.873907 2.694477
vt 3.013972 2.393871
vt 3.050552 2.437059
vt 2.981346 2.342719
vt 2.945002 2.290857
vt 2.908658 2.236873
vt -1.136382 -0.663273
vt -1.182049 -0.666399
vt -1.226299 -0.643331
vt -1.207478 -0.593771
vt -1.211431 -0.554949
vt -1.265592 -0.583799
vt -1.274207 -0.702980
vt -1.291788 -0.642918
vt -1.215089 -0.692183
vt -1.181046 -0.708997
vt 2.446157 -1.893305
vt 2.506631 -1.910473
vt 2.477604 -1.851120
vt 2.461850 -1.960683
vt 2.402438 -1.935194
vt 2.410757 -1.998148
vt 2.359486 -1.973309
vt 2.360606 -2.032249
vt 2.322493 -2.004225
vt 2.304969 -2.050304
vt 2.279541 -2.008119
vt 2.873316 2.583852
vt -0.579364 -0.235346
vt -0.547858 -0.178765
vt -0.599660 -0.310394
vt -0.654707 -0.361193
vt -0.658128 -0.272516
vt -1.431147 2.951421
vt -1.350729 2.979151
vt -1.432445 3.008533
vt -1.471444 2.966349
vt -1.494985 2.998445
vt 2.231632 -2.006762
vt 2.256825 -1.974017
vt 2.218298 -1.968529
vt 2.918983 2.559190
vt 2.304262 -1.956671
vt 2.352229 -1.921448
vt 2.382437 -1.864808
vt 2.434711 -1.841384
vt -1.225591 -0.736845
vt 2.454475 -1.802622
vt 2.404915 -1.805394
vt 2.416302 -1.758844
vt -1.276803 -0.766759
vt 2.357598 -1.811000
vt 2.342671 -1.843626
vt 2.314999 -1.882213
vt 2.249923 -1.923159
vt 2.187560 -1.938617
vt 2.209980 -1.893600
vt 2.159888 -1.906639
vt -1.399464 2.920801
vt -0.711583 -0.347210
vt -0.725389 -0.290275
vt -0.710166 -0.227912
vt 1.612192 -2.073904
vt 1.599625 -2.134497
vt 1.666648 -2.115499
vt -0.732941 -0.474591
vt -0.777780 -0.340661
vt -0.768340 -0.266734
vt -0.777722 -0.206672
vt 1.563516 -2.074258
vt 1.537026 -2.130426
vt 1.550123 -2.185827
vt 1.581807 -2.022161
vt 2.193755 -1.856371
vt 2.254879 -1.846459
vt 2.314232 -1.821620
vt 2.327035 -1.768048
vt 2.282845 -1.787400
vt 2.239007 -1.787518
vt 2.216470 -1.821915
vt 1.518794 -2.014609
vt 1.512304 -2.074789
vt 1.472420 -2.111428
vt 1.487996 -2.178393
vt -0.847695 -0.271277
vt -0.840438 -0.191096
vt -0.796838 -0.143719
vt -0.874836 -0.395944
vt -0.882093 -0.218059
vt -0.880795 -0.184370
vt -2.224874 -0.639201
vt -2.168882 -0.635720
vt -2.198029 -0.604804
vt -2.187644 -0.697788
vt 2.754432 2.353515
vt 2.782456 2.301005
vt 2.807709 2.366731
vt 2.724931 2.300474
vt 1.417374 -2.084878
vt 1.461505 -2.049301
vt 2.773016 2.414403
vt 1.559092 -1.987646
vt 1.531126 -1.954901
vt 1.449175 -1.994549
vt 1.484043 -1.965167
vt 1.404806 -2.025229
vt 2.727232 2.461132
vt 2.779152 2.474701
vt 2.714312 2.401423
vt 2.694606 2.345905
vt 2.680092 2.305785
vt -2.169767 -0.591824
vt -0.915132 -0.202364
vt -2.196671 -0.565982
vt -0.931535 -0.248974
vt -0.925929 -0.317946
vt -0.973248 -0.375589
vt -0.969472 -0.471935
vt -0.885810 -0.523089
vt -1.025699 -0.417361
vt -1.047823 -0.483913
vt -1.015315 -0.372226
vt -0.987821 -0.305320
vt -1.005167 -0.347741
vt 2.625044 -1.340062
vt 2.636196 -1.409918
vt 2.670475 -1.347201
vt 2.644102 -1.315459
vt 2.663926 -1.295576
vt 2.652480 2.285193
vt 2.630590 2.328323
vt 2.618731 2.290562
vt 2.653365 2.387971
vt 2.667701 2.446322
vt 2.734076 2.523554
vt 2.679089 2.505382
vt 2.784462 2.522433
vt 1.398789 -1.976495
vt 2.687644 2.545619
vt 2.757086 2.572346
vt 2.710004 2.565561
vt 2.640738 2.547802
vt 2.621858 2.494231
vt 2.598258 2.432635
vt 2.601032 2.376053
vt 2.576605 2.290385
vt 2.562150 2.342954
vt 2.518137 2.310622
vt 2.585042 -1.387498
vt 2.593893 -1.445731
vt 2.625222 -1.453932
vt 2.612123 -1.478004
vt 2.589644 -1.490453
vt 2.614248 -1.525734
vt 2.592535 -1.592641
vt 2.568995 -1.532933
vt 2.553064 -1.476883
vt 2.552180 -1.424786
vt 2.535129 -1.379179
vt 2.505805 2.358707
vt 2.552002 2.392515
vt 2.594542 2.532581
vt 2.598790 2.566918
vt 2.631475 2.597303
vt 2.673955 2.576595
vt -1.374920 -1.083884
vt -1.344888 -1.061228
vt -1.377987 -1.045003
vt -1.320521 -1.015738
vt -1.425364 -1.089548
vt -1.475928 -1.125597
vt -1.497463 -1.065889
vt 2.788475 -0.251570
vt 2.752249 -0.224902
vt 2.759918 -0.282841
vt -1.441000 -1.022051
vt 2.803579 -0.285083
vt 2.562563 2.551165
vt 2.548639 2.499187
vt 2.538197 2.438593
vt 2.498077 2.408091
vt 2.487693 -1.373633
vt 2.500436 -1.445141
vt 2.512177 -1.521310
vt 2.526043 -1.597361
vt 2.455302 -1.505911
vt 2.468163 -1.570280
vt 2.444446 -1.453696
vt 2.454711 -1.411688
vt 2.492943 2.459538
vt 2.456186 2.429094
vt 2.505982 2.558304
vt 2.483090 2.505972
vt 2.791070 -0.336708
vt 2.723103 -0.340602
vt -1.545016 -1.120051
vt -1.585314 -1.042760
vt -1.508378 -0.982935
vt -1.444834 -0.960515
vt -1.378873 -0.977094
vt -1.403652 -0.907592
vt -1.353267 -0.927829
vt -1.321347 -0.953553
vt -1.480884 -0.907120
vt -1.604901 -0.890541
vt -1.602955 -1.114741
vt -1.580948 -1.158696
vt 2.750301 -0.397773
vt 2.806588 -0.411874
vt 2.839982 -0.366857
vt 2.858449 -0.418482
vt 2.444268 2.472224
vt 2.412881 -1.416998
vt 2.397600 -1.483904
vt 2.467927 -1.629398
vt 2.415240 -1.552049
vt 2.430934 -1.601786
vt 2.764108 -0.470048
vt 2.829538 -0.480963
vt -1.632041 -1.143474
vt 2.720152 -0.442967
vt -1.664846 -1.098811
vt -1.672103 -1.004824
vt -1.436044 -0.860215
vt -1.379699 -0.845229
vt -1.347189 -0.885821
vt -0.226013 -2.165590
vt -0.190612 -2.175856
vt -0.210318 -2.133553
vt -0.251147 -2.135913
vt -0.295219 -2.093374
vt -0.297049 -2.160398
vt -0.255513 -2.192907
vt -0.221410 -2.196447
vt -1.337219 -0.843282
vt -0.204182 -2.222347
vt -0.170906 -2.216802
vt -1.422769 -0.814667
vt -1.379580 -0.793899
vt -1.325124 -0.807233
vt -1.487610 -0.822809
vt -1.698063 -0.943936
vt -1.671394 -1.150141
vt 2.716259 -0.488633
vt 2.788711 -0.536364
vt 2.365503 -1.544733
vt 2.740685 -0.531467
vt -1.729155 -1.142530
vt 2.687113 -0.540258
vt -1.742313 -1.059930
vt -1.731220 -0.992316
vt -1.424775 -0.741330
vt -1.338871 -0.749885
vt 2.309217 -1.724683
vt 2.358365 -1.725626
vt 2.374353 -1.770054
vt 2.287210 -1.743445
vt 1.518618 -1.914721
vt 1.529828 -1.887110
vt 1.498735 -1.892656
vt 2.267740 -1.756366
vt 1.481742 -1.921271
vt 1.433834 -1.944458
vt -0.336106 -2.134261
vt -1.349904 -0.676430
vt -1.441943 -0.607635
vt -1.553690 -0.709234
vt -1.742018 -0.869714
vt -1.335979 -0.608167
vt -1.340818 -0.524328
vt -1.460706 -0.473175
vt -1.632514 -0.501731
vt -1.728212 -0.703157
vt -1.749628 -0.948184
vt -1.814529 -0.876735
vt -1.790457 -0.927062
vt -1.822434 -0.792365
vt -1.247421 -0.521673
vt -1.270017 -0.455888
vt -1.203761 -0.520965
vt -1.204409 -0.484798
vt -1.370200 -0.409278
vt -1.915714 -0.779208
vt -1.864266 -0.856793
vt -1.844737 -0.938803
vt -1.785796 -1.001107
vt 0.655447 -1.149374
vt 0.717810 -1.184243
vt 0.691201 -1.135509
vt -1.916186 -0.886942
vt 0.721468 -1.128487
vt 0.792269 -1.151970
vt 0.637394 -1.215336
vt -1.271670 -0.366326
vt -1.356866 -0.289803
vt -1.251728 -0.274581
vt -1.511446 -0.322371
vt 2.144018 3.248605
vt 2.079590 3.279520
vt 2.119828 3.179221
vt 0.893925 -1.165422
vt 0.902775 -1.113443
vt 0.854513 -1.117278
vt -1.188715 -0.333109
vt -1.176443 -0.257766
vt -1.220989 -0.208147
vt -1.302408 -0.185845
vt -1.429377 -0.175461
vt -1.160514 -0.188028
vt -1.113549 -0.233871
vt -1.216681 -0.130739
vt -1.135144 -0.134692
vt -1.106057 -0.177998
vt -1.281168 -0.122361
vt -1.345007 -0.095280
vt -1.869458 -0.671828
vt -1.266065 -0.070618
vt -1.314622 -0.051915
vt -1.198804 -0.068612
vt -1.158684 -0.093510
vt 1.162434 2.622968
vt 1.216655 2.633647
vt 1.189044 2.672410
vt 1.133229 2.677898
vt 1.156417 2.714123
vt -1.062633 -0.203014
vt 1.105146 2.723268
vt 1.107919 2.625565
vt 0.267641 -1.340534
vt 0.243214 -1.400065
vt 0.325638 -1.328557
vt 1.131932 2.597421
vt 1.157656 2.563614
vt 1.212821 2.590400
vt 1.257307 2.609281
vt -1.209307 -0.023536
vt 1.267336 2.554941
vt -1.288603 -0.011028
vt -1.354034 -0.031796
vt -1.456930 -0.027371
vt -1.359815 0.028502
vt -1.290195 0.040243
vt -1.240105 0.022012
vt 1.240492 2.503907
vt 1.297072 2.501252
vt 1.211936 2.542493
vt 0.419919 -1.269852
vt 0.352542 -1.254453
vt 0.375198 -1.303423
vt 0.337143 -1.292449
vt 1.178660 2.495410
vt 1.112756 2.511931
vt 1.124143 2.451574
vt 1.228338 2.453875
vt 1.178424 2.428445
vt 1.270404 2.468978
vt 1.348580 2.487977
vt 1.320614 2.454111
vt -1.316627 0.071159
vt 1.373419 2.450393
vt -1.418344 0.048149
vt -1.370494 0.079596
vt -1.429966 0.100069
vt 1.910378 -0.388451
vt 1.866718 -0.397891
vt 1.916632 -0.437657
vt 1.895864 -0.344790
vt 1.870139 -0.365854
vt 1.350408 2.421484
vt 1.384628 2.413813
vt 1.318548 2.409978
vt 1.274829 2.426026
vt 1.228455 2.397943
vt 1.134822 2.394638
vt 1.179958 2.367617
vt 1.290819 2.366613
vt 1.231346 2.334871
vt 1.359199 2.378059
vt 1.421563 2.385494
vt 1.853088 -0.459605
vt 1.470650 2.330269
vt 1.404512 2.333220
vt -1.492684 0.106972
vt -1.468906 0.057412
vt 1.917044 -0.504150
vt -1.587674 -0.138291
vt -1.711455 -0.282782
vt -1.728094 -0.127848
vt -1.661541 -0.056222
vt -1.587968 -0.012503
vt -1.532863 0.052751
vt 1.917458 -0.573003
vt 1.967431 -0.542323
vt 1.863768 -0.539550
vt 1.795151 -0.519726
vt 1.794620 -0.456832
vt 1.431533 2.288557
vt 1.390823 2.287435
vt 1.343270 2.314162
vt 1.282086 2.304014
vt 1.229695 2.271505
vt 1.179722 2.307319
vt 1.277780 2.252330
vt 1.315953 2.271918
vt 1.361382 2.253334
vt 1.410825 2.251740
vt 1.759751 -0.478072
vt 1.731726 2.864810
vt 1.733200 2.912363
vt 1.690839 2.874308
vt 1.821523 -0.586691
vt 1.770784 -0.579847
vt 1.756152 2.872007
vt 1.787481 2.888705
vt 1.875567 -0.603152
vt 1.960881 -0.623212
vt 1.914153 -0.622386
vt -1.604784 0.062486
vt -1.663489 0.014814
vt -1.731220 -0.035159
vt 1.995219 -0.738380
vt 2.044189 -0.759619
vt 2.001887 -0.686106
vt 1.966959 -0.713541
vt 1.955925 -0.678672
vt 1.928195 -0.658907
vt 1.889609 -0.656075
vt 1.843413 -0.642269
vt 1.797334 -0.632711
vt 1.839695 2.860325
vt 1.841879 2.911951
vt 1.769249 2.827108
vt 1.709011 2.840855
vt 1.391413 2.219644
vt 1.355306 2.203065
vt 1.317840 2.228730
vt 1.315363 2.188669
vt 1.279962 2.205071
vt 1.705589 2.801444
vt 1.741579 2.763742
vt 1.695204 2.759907
vt 1.851437 2.803450
vt 1.807600 2.754892
vt 1.879992 2.886817
vt 1.897221 2.843687
vt 1.815447 -0.673834
vt 1.886187 2.921685
vt 1.856156 -0.702154
vt 1.919345 -0.712420
vt 1.963418 -0.754015
vt 2.003892 -0.783161
vt 1.964126 -0.809947
vt 1.912561 -0.781745
vt 1.884064 -0.739029
vt 1.932326 2.892303
vt 1.982948 2.927999
vt 1.919405 2.957616
vt 1.962828 2.971776
vt 1.953624 2.831947
vt 1.919109 2.792416
vt 1.881054 2.746573
vt 1.850020 2.711940
vt 1.807423 2.708106
vt 1.714144 2.714182
vt 1.766536 2.721145
vt 1.280435 2.158166
vt 1.666412 -2.253205
vt 1.676089 -2.197037
vt 1.621514 -2.197214
vt 1.245919 2.189613
vt 1.578975 -2.219398
vt 1.606351 -2.248780
vt 1.710603 -2.222820
vt 0.245692 -0.740740
vt 0.192828 -0.732834
vt 0.222328 -0.776847
vt 0.251651 -0.689233
vt 0.157311 -0.794430
vt 0.213361 -0.823399
vt 1.955335 2.746573
vt 0.149994 -0.861041
vt 1.972800 2.790115
vt 1.992447 2.866343
vt 2.004777 2.816961
vt 2.012919 2.984107
vt 2.030442 2.934429
vt 1.915393 -0.848769
vt 2.777973 -1.826576
vt 2.718383 -1.782562
vt 2.698677 -1.860501
vt 2.749299 -1.874956
vt 2.787177 -1.891771
vt 2.036756 2.893602
vt 2.042302 2.841976
vt 2.045015 2.805337
vt 2.016047 2.772947
vt 0.095773 -0.899686
vt 0.057365 -0.842692
vt 0.083324 -0.715488
vt 0.175069 -0.672949
vt 0.221798 -0.616781
vt 0.283689 -0.638965
vt 1.554431 -2.262291
vt 0.282036 -0.584331
vt 1.246982 2.225368
vt 1.202023 2.211739
vt 1.171756 2.262301
vt -2.164812 -0.471346
vt -2.220567 -0.479075
vt -2.178500 -0.525154
vt 0.224512 -0.548872
vt 0.126985 -0.596308
vt 0.184568 -0.576248
vt 0.031227 -0.924820
vt 2.079885 2.780321
vt 2.083247 2.814777
vt 2.833669 -1.915017
vt 2.839805 -1.861563
vt 2.881517 -1.893423
vt 2.853138 -1.804038
vt 2.817975 -1.770349
vt 2.773843 -1.752885
vt -1.707679 -1.576888
vt -1.660657 -1.608158
vt -1.674285 -1.543199
vt -1.747800 -1.599957
vt -1.708624 -1.622023
vt 3.041938 1.832309
vt 3.026952 1.774136
vt 3.081469 1.794078
vt -1.738360 -1.659724
vt 2.902050 -1.838258
vt 3.053267 1.884701
vt 2.996154 1.868535
vt 3.027129 1.928538
vt -0.028422 -0.954969
vt 0.011522 -0.991902
vt -0.028304 -0.891131
vt -0.098691 -0.783692
vt 0.165511 -0.540022
vt -0.025944 -0.563268
vt -0.099222 -0.942874
vt -0.054912 -1.019279
vt 0.001196 -1.058808
vt 2.976921 1.806704
vt -1.687620 -1.666214
vt -1.716294 -1.709933
vt 2.976036 1.753485
vt -1.632100 -1.667629
vt -1.670451 -1.721320
vt 2.915974 1.760742
vt 2.959516 1.709353
vt -0.064530 -1.102705
vt -0.145773 -1.051139
vt -0.336933 -0.749708
vt -0.233270 -0.941104
vt -0.243890 -1.077453
vt -0.194920 -1.129786
vt -0.131730 -1.138046
vt 2.858625 1.719914
vt 2.907419 1.699382
vt -1.610860 -1.726335
vt -1.647499 -1.768579
vt -1.593986 -1.779494
vt 2.652067 0.751901
vt 2.602860 0.768834
vt 2.612714 0.715321
vt 2.560912 0.724525
vt 2.541677 0.758568
vt -0.250262 -1.145657
vt 2.519258 0.724171
vt 2.488755 0.735558
vt -0.304188 -1.133444
vt -0.344249 -1.043764
vt -0.390622 -0.916088
vt -0.373454 -1.133562
vt -1.463066 -1.709461
vt -1.440704 -1.759670
vt -1.409021 -1.694711
vt -0.340059 -1.188609
vt -1.496283 -1.744507
vt 2.488518 0.700453
vt 2.455066 0.710660
vt 2.522562 0.681338
vt 2.574069 0.670894
vt 2.457662 0.653961
vt 2.531589 0.607941
vt 2.400845 0.698624
vt 2.346683 0.696677
vt 2.362494 0.663520
vt 2.396538 0.648592
vt -0.394222 -1.183299
vt -0.445080 -1.150377
vt -0.420241 -1.085713
vt -0.453575 -1.014146
vt -0.481896 -0.816319
vt -0.515761 -0.928006
vt -0.532518 -1.003703
vt -0.504197 -1.038749
vt -0.492103 -1.084179
vt 3.160823 -0.507218
vt 3.191857 -0.556542
vt 3.229264 -0.517484
vt 3.207257 -0.467157
vt 3.145307 -0.574360
vt 3.094331 -0.550642
vt 2.313171 0.654139
vt 2.358955 0.615198
vt 2.410757 0.608531
vt 2.451113 0.575786
vt 2.422143 0.502095
vt 2.381493 0.556022
vt 2.336122 0.574666
vt 2.315885 0.604637
vt 2.055399 0.978284
vt 2.051624 0.919756
vt 2.086316 0.939462
vt 2.013096 0.944595
vt 2.010324 0.893207
vt 1.969554 0.924299
vt 1.964599 0.865241
vt 1.946191 0.904594
vt 3.115452 -0.586986
vt -0.539302 -1.053204
vt 3.097340 -0.599848
vt 3.062234 -0.597370
vt -0.637596 -0.854492
vt -0.601076 -0.963996
vt -0.591931 -1.028070
vt 3.087900 -0.650706
vt -0.587919 -1.081760
vt 3.129789 -0.620321
vt 2.015221 0.836980
vt 1.986370 0.813380
vt 1.948905 0.817273
vt 1.906838 0.853086
vt 2.059294 0.859930
vt 2.091154 0.896864
vt 2.302433 0.569355
vt 2.328629 0.534015
vt 2.358010 0.495133
vt 2.134755 0.885595
vt 2.142897 0.836744
vt 2.180067 0.869547
vt 2.104841 0.856272
vt 2.051565 0.812141
vt 2.025487 0.779808
vt 1.973390 0.761046
vt 1.910614 0.776445
vt 1.855862 0.810193
vt -0.647390 -1.049900
vt -0.645620 -1.007892
vt -0.694649 -0.968244
vt -0.691522 -1.023350
vt 1.853443 0.748185
vt 1.814502 0.779219
vt 1.895097 0.707061
vt 1.940408 0.721280
vt 2.067081 0.776858
vt 2.097172 0.808954
vt 2.184609 0.821639
vt 1.351529 -1.011550
vt 1.329051 -0.977861
vt 1.304152 -1.017273
vt 2.152868 0.785649
vt 2.342140 0.455957
vt 2.380254 0.456193
vt 2.417954 0.450057
vt 1.352592 -1.069960
vt 1.388641 -1.024235
vt -0.823919 -2.149306
vt -0.773946 -2.110484
vt -0.844214 -2.114791
vt 1.245801 -1.021049
vt 1.273295 -1.066774
vt 2.106199 0.750544
vt 2.063483 0.738626
vt 2.025487 0.722106
vt 1.984717 0.692842
vt 1.936455 0.665290
vt 1.871496 0.636674
vt 1.845714 0.694023
vt 1.806066 0.723582
vt -1.786149 -1.532992
vt -1.843026 -1.579484
vt -1.789394 -1.591461
vt -0.745744 -0.914849
vt -1.869222 -1.531929
vt -1.836889 -1.479184
vt -0.755124 -0.852072
vt -0.761910 -0.751301
vt -1.894355 -1.496412
vt -1.893884 -1.455584
vt -0.804095 -0.894317
vt 1.752729 0.623694
vt 1.806950 0.660864
vt 1.761402 0.694435
vt 1.724645 0.669951
vt 1.928373 0.614136
vt 1.898755 0.586642
vt 1.986075 0.625406
vt 2.036283 0.665879
vt 2.064250 0.698860
vt 2.090682 0.710366
vt 1.208219 -1.034206
vt 1.226509 -1.059870
vt 1.229989 -1.098575
vt 1.275891 -1.138518
vt 1.176713 -1.071966
vt 1.180606 -1.018394
vt 1.138067 -1.017627
vt 1.073639 -1.007007
vt 1.104496 -1.062585
vt 1.006734 -1.029604
vt 1.053402 -1.056744
vt 1.022015 -0.985767
vt 0.981600 -0.990959
vt 0.946613 -1.015267
vt 1.858871 0.578146
vt 1.889314 0.543218
vt 1.813440 0.598324
vt 1.776978 0.568471
vt 1.707477 0.637441
vt -1.929697 -1.482429
vt 1.733732 0.565520
vt 1.708302 0.600861
vt 1.765415 0.529707
vt 1.824178 0.530416
vt 0.958353 -1.062644
vt 0.907732 -1.040991
vt 0.888321 -0.982640
vt 1.012870 -1.089666
vt 1.063610 -1.098988
vt 1.109748 -1.124948
vt 1.178129 -1.159699
vt -2.016191 -0.414470
vt -1.985038 -0.504740
vt -1.940966 -0.441315
vt -1.847037 -0.524682
vt -1.936481 -0.586101
vt -2.001381 -0.584803
vt -1.964565 -0.669114
vt 1.015702 -1.148665
vt 0.951864 -1.112086
vt 0.921243 -1.080462
vt 0.880473 -1.076096
vt 0.858290 -1.029840
vt 1.774323 0.476194
vt 1.722935 0.514544
vt 1.678861 0.559974
vt 1.672726 0.619800
vt -1.948341 -1.449448
vt 1.634376 0.593781
vt -0.857430 -0.889420
vt -0.825630 -0.843105
vt -0.888524 -0.855848
vt 1.671192 0.495960
vt 1.625702 0.539738
vt 1.716504 0.463981
vt 1.748010 0.416546
vt 1.804296 0.420262
vt 1.839755 0.464394
vt 0.802830 -1.039103
vt 0.834513 -1.073795
vt -1.790457 -0.404263
vt -1.878662 -0.409396
vt -1.870402 -0.309745
vt -1.846920 -0.185019
vt -1.950582 -0.365736
vt -1.958607 -0.298948
vt -1.941142 -0.233340
vt -2.006455 -0.258769
vt -2.019790 -0.328153
vt 1.358255 -1.152678
vt 1.414128 -1.107779
vt 1.419143 -1.167959
vt -0.842916 -2.063579
vt -0.855070 -1.998738
vt -0.900265 -2.036262
vt -0.913716 -1.984460
vt -2.147466 -0.891071
vt -2.084630 -0.852486
vt -2.132893 -0.816260
vt -2.072359 -0.922518
vt -1.947338 -0.152982
vt -1.888986 -0.114396
vt -1.818895 -0.082890
vt -1.787271 -0.025247
vt -1.888456 -0.058169
vt -1.840725 -0.026427
vt -1.933768 -0.090914
vt -0.965578 -1.997086
vt -0.953718 -1.926993
vt -1.011185 -1.962040
vt -1.013958 -1.907405
vt -0.934131 -2.019152
vt -0.897905 -2.091073
vt -0.954131 -2.052369
vt 2.548345 0.446930
vt 2.540320 0.482035
vt 2.512177 0.435484
vt 2.473886 0.465929
vt 2.496956 0.527583
vt 2.554834 0.540210
vt 2.585987 0.454718
vt 2.642685 0.463509
vt 2.606341 0.510768
vt 2.080415 -0.993083
vt 2.104606 -1.022170
vt 2.111980 -0.968716
vt 2.676198 0.507464
vt 2.046904 -1.026181
vt 2.079117 -0.959512
vt 2.088794 -0.915616
vt 2.057229 -0.939629
vt 2.049676 -0.908653
vt 2.059117 -0.865938
vt 2.025192 -0.884287
vt 2.044603 -0.816614
vt 2.013391 -0.835907
vt 1.971973 -0.876617
vt 2.015339 -0.936797
vt 2.049972 -0.975914
vt 2.011031 -0.988422
vt -1.433625 -1.651405
vt -1.469615 -1.597420
vt -1.496755 -1.656951
vt -1.531387 -1.612760
vt 1.981531 -1.020164
vt 2.594718 0.576967
vt 2.649824 0.564458
vt 2.591238 0.626468
vt 2.628644 0.611245
vt -1.564782 -1.673648
vt -1.521239 -1.702676
vt 1.972564 -0.982345
vt 1.926720 -0.989602
vt -1.594046 -1.607213
vt 1.989202 -0.964409
vt 1.957400 -0.941576
vt 1.923829 -0.899450
vt 1.910968 -0.936502
vt 2.625635 0.660274
vt -1.557407 -1.736365
vt 1.869372 -0.958273
vt 1.877810 -0.899096
vt 0.806664 -1.105537
vt 0.792622 -1.076686
vt 0.761471 -1.101288
vt 0.763712 -1.059694
vt 0.714447 -1.068190
vt 0.757046 -1.017686
vt 0.674505 -1.102292
vt 0.697751 -1.108959
vt 1.965719 -2.087296
vt 1.915215 -2.140043
vt 1.970203 -2.183939
vt 1.922650 -2.200400
vt 1.742051 0.357014
vt 1.675086 0.426634
vt 0.630668 -1.103708
vt 1.875391 -2.185827
vt 1.917930 -2.087651
vt 1.863296 -2.140751
vt 1.875745 -2.088712
vt 1.916160 -2.036262
vt 1.831259 -2.119629
vt 1.819813 -2.176033
vt 0.592436 -1.155982
vt 0.571137 -1.092911
vt 0.583998 -1.206604
vt 1.821642 -2.065585
vt 1.869431 -2.034964
vt 1.622634 0.484278
vt 1.607294 0.437136
vt 1.583577 0.487169
vt 1.931736 -1.982572
vt 1.886896 -1.978619
vt 1.589240 0.526227
vt -1.965391 2.314398
vt -1.941378 2.271977
vt -1.921436 2.305371
vt -1.981086 2.252035
vt 1.842115 -2.009948
vt -2.026869 2.310151
vt 1.832615 -1.960388
vt -2.037372 2.241120
vt 1.787717 -2.005877
vt 1.775208 -2.129541
vt 1.757391 -2.067532
vt 0.538686 -1.137633
vt 1.764765 -2.190134
vt 0.514319 -1.104651
vt 0.540044 -1.192443
vt 0.564351 -1.253509
vt 2.954029 -1.542078
vt 2.881517 -1.502193
vt 2.894144 -1.569454
vt 0.483639 -1.227962
vt 0.487887 -1.158165
vt 1.718038 -2.173555
vt 0.471545 -1.105891
vt 1.707595 -2.112549
vt 1.710545 -2.059330
vt 1.735265 -2.024875
vt 1.777097 -1.946346
vt 1.729011 -1.974252
vt -0.996199 -0.671710
vt -0.950768 -0.608049
vt -1.025699 -0.626634
vt -0.931417 -0.691062
vt -0.929057 -0.750416
vt -0.870234 -0.727405
vt -0.836722 -0.631413
vt -0.885692 -0.796908
vt -1.927100 2.368029
vt -1.879016 2.314221
vt -1.865445 2.366967
vt -1.018265 -0.555184
vt -0.956432 -0.540022
vt -1.073547 -0.598491
vt 2.501204 -1.704623
vt 2.552887 -1.704328
vt 2.512296 -1.663500
vt 2.564452 -1.650225
vt -1.079802 -0.539904
vt 2.469993 -1.676420
vt 2.423088 -1.655653
vt 2.388572 -1.600134
vt 2.366860 -1.646389
vt 2.344440 -1.593054
vt 2.711597 -0.605394
vt 2.761983 -0.632239
vt 2.756556 -0.579434
vt 2.725404 -0.565392
vt -0.722262 -0.624864
vt -0.557651 -0.639201
vt -0.373631 -0.584213
vt -0.010131 -0.396239
vt 0.099726 -0.482379
vt 0.096481 -0.374527
vt 0.168638 -0.356355
vt 0.169347 -0.421963
vt 0.192121 -0.489577
vt 0.230058 -0.447510
vt -1.954241 2.483846
vt -1.990821 2.439597
vt -1.932883 2.419595
vt -1.982855 2.376997
vt -2.029760 2.401601
vt 0.181796 -0.314347
vt -2.025807 2.361658
vt 0.982603 2.448328
vt 0.998591 2.415288
vt 1.016940 2.444081
vt 1.037768 2.409152
vt 1.086738 2.408208
vt 1.067916 2.364607
vt 1.062076 2.462134
vt 1.096885 2.313455
vt 1.103022 2.348028
vt 1.104379 2.372454
vt 1.133465 2.341185
vt 0.246164 -0.500020
vt -2.182570 -0.383200
vt -2.196553 -0.434707
vt -2.156198 -0.423202
vt 1.136297 2.292746
vt 0.488773 -1.290738
vt 0.527595 -1.324427
vt -1.053251 -0.267560
vt 0.215602 -1.460540
vt -1.057618 -0.341782
vt -1.117030 -0.302193
vt -1.589680 -1.526737
vt -1.519234 -1.547565
vt -1.120984 -0.373288
vt -1.473391 -1.430391
vt -1.189129 -0.419190
vt -1.119627 -0.425385
vt -1.151605 -0.472585
vt -1.442711 -1.294573
vt -1.453154 -1.259409
vn -0.1244 -0.1907 -0.9737
vn -0.1459 -0.5134 -0.8457
vn -0.2399 -0.1950 -0.9510
vn -0.3245 -0.1792 -0.9288
vn -0.2458 -0.0331 -0.9688
vn 0.2341 -0.0821 -0.9687
vn 0.1301 -0.5292 -0.8384
vn 0.0264 -0.0276 -0.9993
vn -0.2594 -0.6619 -0.7033
vn -0.0307 -0.9534 -0.3001
vn -0.3975 0.0101 -0.9175
vn -0.5890 -0.0392 -0.8072
vn -0.5408 -0.3559 -0.7622
vn -0.2712 0.1134 -0.9558
vn -0.0919 0.0163 -0.9956
vn 0.3102 -0.0046 -0.9506
vn 0.4489 -0.0084 -0.8935
vn 0.4314 -0.4104 -0.8034
vn 0.1510 -0.9329 -0.3269
vn -0.0060 -1.0000 -0.0048
vn -0.0175 -0.9996 -0.0207
vn -0.2622 -0.8930 -0.3659
vn -0.5452 -0.4826 -0.6855
vn -0.6411 -0.0852 -0.7627
vn -0.6539 0.0076 -0.7565
vn -0.6100 0.0151 -0.7923
vn -0.4544 0.1001 -0.8851
vn 0.4842 0.0371 -0.8742
vn 0.3672 0.0227 -0.9299
vn 0.3135 -0.0414 -0.9487
vn 0.2073 -0.3223 -0.9236
vn 0.2064 -0.7989 -0.5650
vn 0.0871 -0.9795 -0.1818
vn -0.2539 -0.9300 -0.2657
vn -0.7019 -0.0682 -0.7090
vn -0.6466 -0.4524 -0.6142
vn -0.6575 0.0797 -0.7492
vn -0.7196 0.0317 -0.6936
vn -0.2736 0.3279 -0.9042
vn -0.5146 0.3243 -0.7937
vn -0.0106 0.2888 -0.9573
vn -0.1994 0.1466 -0.9689
vn 0.1209 0.0781 -0.9896
vn 0.4003 0.1093 -0.9099
vn 0.3127 0.0665 -0.9475
vn 0.2454 0.0565 -0.9678
vn 0.2862 -0.0937 -0.9536
vn 0.3574 -0.2724 -0.8933
vn 0.2107 -0.6626 -0.7187
vn 0.1410 -0.9528 -0.2690
vn 0.0189 -0.9993 -0.0336
vn -0.0070 -0.9999 0.0097
vn 0.1865 -0.9059 -0.3802
vn 0.5184 -0.5005 -0.6933
vn 0.6025 -0.0774 -0.7944
vn 0.5433 0.0198 -0.8393
vn 0.4404 0.0999 -0.8922
vn 0.3758 0.0836 -0.9229
vn 0.4471 0.2073 -0.8701
vn 0.2723 0.2028 -0.9406
vn 0.3054 0.3509 -0.8852
vn 0.2836 0.5087 -0.8129
vn 0.3721 0.2725 -0.8873
vn 0.4246 0.3821 -0.8208
vn 0.3872 0.3532 -0.8517
vn 0.3161 0.2056 -0.9262
vn 0.2632 -0.0451 -0.9637
vn 0.3292 -0.0909 -0.9399
vn 0.0485 -0.5052 -0.8616
vn 0.0426 -0.9934 -0.1068
vn -0.0744 -0.9006 -0.4283
vn 0.0061 -0.9999 0.0158
vn -0.0003 -1.0000 0.0000
vn -0.0001 -1.0000 -0.0006
vn -0.0230 -0.9991 -0.0354
vn -0.1273 -0.9576 -0.2584
vn -0.2754 -0.5862 -0.7619
vn -0.3166 -0.1696 -0.9333
vn -0.2387 -0.0774 -0.9680
vn -0.1896 0.1004 -0.9767
vn -0.1985 0.4763 -0.8566
vn 0.3726 0.4624 -0.8046
vn 0.4099 0.6229 -0.6664
vn 0.3292 0.5665 -0.7555
vn 0.0251 0.5732 -0.8191
vn 0.3721 0.5821 -0.7230
vn -0.1971 0.6286 -0.7523
vn -0.2784 0.3660 -0.8880
vn -0.2697 0.5535 -0.7880
vn -0.2038 -0.0054 -0.9790
vn -0.0535 -0.2058 -0.9771
vn 0.0606 -0.6469 -0.7602
vn -0.0097 -0.9994 0.0332
vn 0.1409 -0.9527 -0.2692
vn -0.0003 -1.0000 0.0006
vn -0.0008 -1.0000 0.0057
vn 0.0582 -0.9982 -0.0166
vn 0.2184 -0.9714 -0.0931
vn 0.4670 -0.7601 -0.4518
vn 0.4753 -0.4681 -0.7450
vn 0.4121 -0.1310 -0.9017
vn 0.3192 -0.0083 -0.9477
vn 0.1542 0.1206 -0.9806
vn 0.0510 0.3749 -0.9257
vn 0.0278 0.6806 -0.7322
vn -0.0251 0.8885 -0.4581
vn -0.1630 0.7811 -0.6028
vn -0.1435 0.7448 -0.6516
vn -0.0532 0.9782 -0.2006
vn 0.1400 0.9619 -0.2350
vn -0.0001 0.9985 -0.0544
vn 0.1455 0.7971 -0.5860
vn 0.2903 0.5155 -0.8062
vn 0.4109 0.2485 -0.8772
vn 0.4929 0.0447 -0.8690
vn 0.5593 -0.0510 -0.8274
vn 0.6084 -0.0732 -0.7902
vn 0.6851 -0.2646 -0.6787
vn 0.3633 -0.8849 -0.2916
vn 0.6067 -0.6257 -0.4903
vn 0.0346 -0.9978 -0.0560
vn 0.0150 -0.9998 -0.0093
vn 0.0870 -0.9348 -0.3443
vn 0.6022 -0.3799 -0.7022
vn 0.7295 -0.3747 -0.5722
vn 0.7391 -0.1648 -0.6531
vn 0.7095 -0.0708 -0.7012
vn 0.6634 -0.0238 -0.7479
vn 0.6365 0.1401 -0.7584
vn 0.5033 0.3647 -0.7833
vn 0.3898 0.6769 -0.6244
vn 0.6037 0.4267 -0.6734
vn 0.4625 0.7842 -0.4137
vn 0.7235 0.2489 -0.6438
vn 0.7170 0.0463 -0.6956
vn 0.7458 -0.0467 -0.6645
vn 0.7639 -0.0686 -0.6417
vn 0.5415 -0.0511 -0.8391
vn 0.0328 -0.3336 -0.9421
vn -0.0263 -0.9996 0.0036
vn -0.0126 -0.9944 -0.1046
vn -0.2391 -0.8180 -0.5232
vn 0.0004 -1.0000 -0.0009
vn 0.0056 -0.9999 0.0122
vn -0.0523 -0.9965 -0.0656
vn -0.1219 -0.9526 -0.2786
vn -0.4775 -0.1922 -0.8574
vn -0.3659 -0.4725 -0.8018
vn -0.0805 -0.0177 -0.9966
vn 0.5883 -0.0850 -0.8042
vn 0.7478 0.0777 -0.6594
vn 0.6999 0.4123 -0.5831
vn 0.4787 0.2156 -0.8511
vn -0.1493 -0.0005 -0.9888
vn -0.0636 -0.0697 -0.9955
vn -0.5001 0.0162 -0.8658
vn -0.4111 -0.0571 -0.9098
vn -0.0600 -0.1199 -0.9910
vn 0.0854 -0.5891 -0.8035
vn 0.0145 -0.9998 -0.0144
vn 0.1974 -0.9349 -0.2950
vn -0.0137 -0.9999 0.0074
vn 0.2422 -0.9503 -0.1954
vn 0.4801 -0.7723 -0.4161
vn 0.5507 -0.4563 -0.6989
vn 0.4699 -0.0695 -0.8800
vn 0.3468 0.0540 -0.9364
vn -0.2119 0.0384 -0.9765
vn -0.2701 0.0792 -0.9596
vn -0.4738 0.0616 -0.8785
vn 0.2142 0.1316 -0.9679
vn 0.5796 0.1113 -0.8073
vn 0.6553 0.0469 -0.7539
vn 0.7239 -0.0189 -0.6896
vn 0.7493 -0.3155 -0.5823
vn 0.6098 -0.6292 -0.4818
vn 0.3175 -0.9164 -0.2439
vn 0.0731 -0.9973 -0.0116
vn 0.1602 -0.9870 -0.0121
vn 0.0278 -0.9995 -0.0124
vn -0.0083 -0.9999 -0.0134
vn 0.4087 -0.9077 -0.0947
vn 0.5113 -0.8594 0.0057
vn 0.5261 -0.8470 -0.0767
vn 0.5103 -0.8527 -0.1116
vn 0.5151 -0.8569 0.0211
vn 0.7426 -0.4739 -0.4732
vn 0.6308 -0.5077 -0.5869
vn 0.7581 -0.1266 -0.6398
vn 0.7528 0.0016 -0.6582
vn 0.7198 0.0776 -0.6899
vn 0.4572 0.3103 -0.8335
vn 0.6767 0.2027 -0.7078
vn 0.0885 0.2808 -0.9557
vn 0.5780 0.3747 -0.7249
vn 0.1329 0.6022 -0.7872
vn 0.3834 0.5298 -0.7565
vn 0.7022 0.3903 -0.5955
vn 0.7519 0.1884 -0.6318
vn 0.7783 0.0607 -0.6249
vn 0.7781 -0.0068 -0.6281
vn 0.8357 -0.0588 -0.5460
vn 0.8840 -0.3847 -0.2658
vn 0.8189 -0.5692 -0.0740
vn 0.7912 -0.5731 -0.2134
vn 0.8743 -0.4710 -0.1173
vn 0.9686 -0.2248 -0.1058
vn 0.9666 -0.2538 -0.0361
vn 0.9437 -0.0544 -0.3264
vn 0.8336 0.0204 -0.5519
vn 0.7315 0.3304 -0.5964
vn 0.6731 0.5318 -0.5139
vn 0.4509 0.8115 -0.3717
vn 0.5190 0.5737 -0.6336
vn 0.2485 0.8075 -0.5349
vn 0.5150 0.7951 -0.3203
vn 0.1488 0.9847 -0.0902
vn 0.1210 0.9838 -0.1324
vn 0.7211 0.4851 -0.4947
vn 0.8086 0.2358 -0.5390
vn 0.8493 0.0556 -0.5250
vn 0.9426 -0.0157 -0.3337
vn 0.9948 -0.0853 -0.0553
vn 0.9908 -0.0802 -0.1087
vn 0.9606 -0.2734 0.0506
vn 0.9988 0.0228 -0.0441
vn 0.9998 0.0049 -0.0182
vn 0.9994 -0.0146 0.0306
vn 0.9942 -0.0214 -0.1053
vn 0.9286 0.1077 -0.3551
vn 0.7602 0.5853 -0.2818
vn 0.9170 0.2853 -0.2789
vn 0.3669 0.9247 -0.1011
vn 0.0475 0.9987 -0.0166
vn 0.0066 0.9994 0.0330
vn -0.0445 0.9980 -0.0450
vn -0.0308 0.8929 -0.4492
vn -0.1743 0.9362 -0.3053
vn -0.2969 0.7282 -0.6177
vn -0.2598 0.5935 -0.7618
vn -0.0378 0.9993 0.0019
vn -0.0125 0.9999 0.0014
vn 0.3484 0.9373 -0.0052
vn 0.6848 0.7280 -0.0332
vn 0.9083 0.4160 -0.0440
vn 0.9883 0.1344 -0.0727
vn 0.9878 0.1556 -0.0021
vn 0.9834 -0.0192 0.1803
vn 0.9981 0.0614 -0.0015
vn 0.9926 0.0682 0.1004
vn 0.8690 0.4945 -0.0181
vn 0.6050 0.7961 -0.0139
vn 0.2910 0.9564 -0.0253
vn -0.0107 0.9999 0.0005
vn -0.0300 0.9868 -0.1590
vn 0.1344 0.8598 -0.4927
vn -0.2788 0.6338 -0.7215
vn -0.3422 0.5199 -0.7827
vn -0.2683 0.3076 -0.9129
vn -0.4180 0.2435 -0.8752
vn -0.3669 0.3925 -0.8434
vn 0.3467 0.5967 -0.7237
vn 0.0553 0.4858 -0.8723
vn 0.1036 0.9831 -0.1512
vn 0.2228 0.9507 -0.2155
vn 0.5589 0.7055 -0.4357
vn 0.0072 0.9999 -0.0126
vn -0.0425 0.9991 0.0034
vn 0.6998 0.7120 -0.0578
vn 0.9695 0.2452 -0.0003
vn 0.8885 0.4579 -0.0299
vn 0.6480 0.7557 0.0952
vn 0.1398 0.9773 0.1593
vn -0.0206 0.9952 0.0954
vn 0.0158 0.9998 -0.0154
vn 0.1800 0.9745 -0.1338
vn 0.6893 0.4901 -0.5335
vn -0.1775 0.2169 -0.9599
vn 0.0183 0.9996 0.0218
vn 0.0009 1.0000 0.0014
vn 0.0006 1.0000 0.0024
vn -0.0098 0.9999 -0.0055
vn -0.0111 0.9991 0.0415
vn 0.0044 1.0000 -0.0038
vn -0.0009 1.0000 0.0045
vn 0.0016 1.0000 -0.0008
vn -0.0012 1.0000 0.0003
vn 0.0386 0.9987 0.0321
vn 0.0384 0.9991 0.0152
vn 0.0800 0.9938 0.0771
vn -0.0072 0.9999 -0.0093
vn 0.0173 0.9455 -0.3251
vn 0.0467 0.9964 -0.0701
vn 0.1333 0.7068 -0.6948
vn 0.2654 0.8336 -0.4844
vn -0.0023 0.9999 0.0142
vn 0.0505 0.9802 0.1913
vn 0.0623 0.9980 -0.0109
vn 0.3620 0.9224 0.1346
vn 0.1947 0.9217 0.3356
vn 0.6051 0.6463 0.4648
vn 0.7549 0.6184 0.2182
vn 0.2886 0.9093 0.3000
vn 0.6926 0.6337 0.3447
vn -0.0045 0.9998 0.0173
vn -0.0059 1.0000 0.0050
vn -0.0023 0.9993 0.0367
vn 0.0002 1.0000 -0.0004
vn 0.2046 0.7743 0.5988
vn 0.1910 0.7765 0.6005
vn 0.0288 0.9968 -0.0746
vn -0.0168 0.9983 -0.0562
vn 0.0538 0.9982 0.0247
vn 0.0300 0.9990 0.0324
vn 0.0075 1.0000 0.0009
vn -0.0892 0.9797 -0.1794
vn -0.1153 0.9085 -0.4018
vn -0.1149 0.9879 -0.1045
vn -0.4343 0.8099 -0.3944
vn -0.2683 0.8339 -0.4822
vn 0.0093 0.9976 0.0679
vn 0.0325 0.9994 0.0084
vn 0.0107 0.9999 -0.0094
vn -0.1885 0.9798 -0.0667
vn -0.0750 0.9966 -0.0347
vn -0.4657 0.8367 -0.2881
vn -0.4590 0.7488 -0.4781
vn -0.6057 0.5470 -0.5780
vn -0.5550 0.5677 -0.6080
vn -0.2825 0.6277 -0.7254
vn -0.6594 0.2999 -0.6894
vn -0.6366 0.3604 -0.6818
vn -0.7626 0.2906 -0.5779
vn -0.6404 0.5777 -0.5061
vn -0.6236 0.6944 -0.3590
vn -0.2970 0.9201 -0.2555
vn -0.0163 0.9994 -0.0312
vn 0.0164 0.9999 0.0028
vn -0.2448 0.9621 -0.1203
vn -0.4970 0.7757 -0.3889
vn -0.5913 0.6287 -0.5051
vn -0.7633 0.3472 -0.5448
vn -0.8007 0.3798 -0.4633
vn -0.8305 0.0508 -0.5546
vn -0.7054 0.1080 -0.7006
vn -0.8476 0.1091 -0.5194
vn -0.8602 0.0258 -0.5094
vn -0.7616 0.1323 -0.6344
vn -0.7854 0.0375 -0.6179
vn -0.7115 0.3448 -0.6123
vn -0.7436 0.4975 -0.4468
vn -0.6523 0.6944 -0.3040
vn -0.1284 0.9909 -0.0399
vn -0.4708 0.8538 -0.2221
vn -0.3870 0.9183 -0.0830
vn -0.7124 0.6244 -0.3205
vn -0.7376 0.5637 -0.3718
vn -0.8143 0.4598 -0.3544
vn -0.8712 0.3197 -0.3725
vn -0.8125 0.1968 -0.5487
vn -0.7972 0.0738 -0.5992
vn -0.7994 -0.0397 -0.5994
vn -0.7574 0.0054 -0.6529
vn -0.9094 0.1081 -0.4016
vn -0.9109 0.0430 -0.4104
vn -0.8484 0.3286 -0.4151
vn -0.8051 0.5906 0.0550
vn -0.8665 0.3438 -0.3618
vn -0.4695 0.8690 0.1562
vn -0.0960 0.9954 0.0056
vn 0.0124 0.9999 -0.0020
vn -0.0000 1.0000 0.0016
vn -0.0175 0.9998 0.0102
vn -0.0425 0.9976 0.0547
vn -0.0475 0.9971 0.0597
vn -0.1797 0.9797 0.0884
vn -0.5815 0.7575 0.2968
vn -0.7956 0.5388 0.2769
vn -0.9481 0.1942 0.2517
vn -0.9565 0.2918 -0.0014
vn -0.9432 0.1363 -0.3029
vn -0.8709 0.1234 -0.4757
vn -0.8647 0.0499 -0.4998
vn -0.8784 -0.0558 -0.4746
vn -0.8815 -0.0865 -0.4643
vn -0.7978 0.0497 -0.6008
vn -0.8342 0.1410 -0.5331
vn -0.9678 0.1086 -0.2272
vn -0.9856 0.0974 0.1385
vn -0.9309 0.0903 0.3539
vn -0.8703 0.2899 0.3982
vn -0.9604 0.0396 0.2758
vn -0.9884 0.0394 0.1468
vn -0.7445 0.4809 0.4630
vn -0.4190 0.8534 0.3100
vn -0.6531 0.5935 0.4703
vn -0.3480 0.8875 0.3020
vn -0.2845 0.9508 0.1230
vn -0.6681 0.5959 0.4456
vn -0.5863 0.5182 0.6227
vn -0.5642 0.6385 0.5234
vn -0.6483 0.5510 0.5255
vn -0.7186 0.3875 0.5775
vn -0.7700 0.2621 0.5818
vn -0.8381 0.0908 0.5379
vn -0.8974 -0.0264 0.4405
vn -0.9563 -0.0089 0.2921
vn -0.9706 0.0718 0.2299
vn -0.9928 0.0220 0.1181
vn -0.9516 0.0895 -0.2940
vn -0.9991 -0.0423 0.0032
vn -0.9203 -0.0833 -0.3823
vn -0.9563 -0.0948 0.2767
vn -0.9140 -0.0793 0.3979
vn -0.9181 -0.2630 0.2966
vn -0.7964 0.0297 0.6040
vn -0.8008 -0.0097 0.5988
vn -0.7707 0.0923 0.6304
vn -0.7054 0.1471 0.6933
vn -0.6315 0.3574 0.6881
vn -0.8224 0.3466 0.4512
vn -0.7328 0.6765 0.0732
vn -0.8995 0.4305 -0.0743
vn -0.9278 0.1436 0.3444
vn -0.6348 0.0880 0.7676
vn -0.6858 0.0185 0.7275
vn -0.6427 -0.0054 0.7661
vn -0.6700 -0.0026 0.7424
vn -0.7944 -0.1842 0.5787
vn -0.7682 -0.5168 0.3779
vn -0.5992 -0.7839 0.1627
vn -0.6542 -0.7331 0.1862
vn -0.9236 -0.3832 0.0033
vn -0.8572 -0.4568 0.2377
vn -0.4509 -0.8899 0.0694
vn -0.8609 -0.3186 -0.3967
vn -0.6302 -0.7505 -0.1991
vn -0.1693 -0.9853 0.0219
vn -0.2103 -0.9688 0.1310
vn -0.5033 -0.7496 0.4299
vn -0.6460 -0.2573 0.7187
vn -0.6108 -0.0120 0.7917
vn -0.5666 -0.1104 0.8166
vn -0.9593 0.0089 0.2823
vn -0.9688 0.2296 -0.0937
vn -0.9711 0.0578 -0.2316
vn -0.9429 0.0280 0.3320
vn -0.8987 -0.0389 0.4369
vn -0.7734 -0.2955 0.5609
vn -0.4829 -0.5918 0.6454
vn -0.0995 -0.9865 0.1302
vn 0.0226 -0.9997 -0.0112
vn -0.0056 -0.9999 0.0096
vn -0.1500 -0.9802 -0.1297
vn -0.6840 -0.5282 -0.5031
vn -0.7941 -0.0923 -0.6008
vn -0.8627 -0.4292 -0.2677
vn -0.3394 -0.9330 -0.1193
vn 0.0242 -0.9997 -0.0021
vn -0.0336 -0.9979 -0.0546
vn -0.4584 -0.8733 0.1651
vn -0.9080 -0.4126 -0.0731
vn -0.9751 -0.0284 -0.2199
vn -0.9953 -0.0825 0.0506
vn -0.9623 0.0039 0.2720
vn -0.9563 0.1109 0.2704
vn -0.7917 0.0123 0.6107
vn -0.8379 -0.0665 0.5418
vn -0.8822 -0.4695 -0.0359
vn -0.8611 -0.2693 0.4312
vn -0.4310 -0.9009 -0.0518
vn -0.1142 -0.9933 -0.0192
vn -0.0694 -0.9970 0.0356
vn 0.0096 -0.9999 -0.0036
vn -0.0491 -0.9983 0.0314
vn 0.0003 -1.0000 -0.0007
vn 0.0134 -0.9999 -0.0018
vn -0.0682 -0.9975 0.0201
vn -0.5312 -0.8240 0.1971
vn -0.8179 -0.0498 0.5732
vn -0.7258 -0.4538 0.5169
vn -0.7589 0.0311 0.6505
vn -0.7250 -0.2775 0.6304
vn -0.3278 -0.8861 0.3276
vn -0.0256 -0.9988 0.0424
vn -0.0005 -1.0000 0.0001
vn 0.0034 -0.9999 -0.0102
vn -0.0457 -0.9950 0.0891
vn -0.1107 -0.9081 0.4039
vn -0.1843 -0.8311 0.5248
vn -0.4784 -0.5079 0.7163
vn -0.5633 -0.0450 0.8250
vn -0.2893 -0.2530 0.9232
vn -0.2287 -0.4146 0.8808
vn -0.2205 -0.8155 0.5351
vn -0.1995 -0.5204 0.8303
vn -0.1466 -0.9458 0.2897
vn 0.0059 -0.9999 -0.0113
vn 0.0007 -1.0000 -0.0013
vn -0.0746 -0.9740 0.2140
vn -0.4415 -0.5205 0.7309
vn -0.3110 -0.5438 0.7795
vn -0.3563 -0.3409 0.8699
vn -0.3032 -0.1176 0.9456
vn -0.2060 -0.0284 0.9781
vn -0.4267 -0.0910 0.8998
vn -0.3531 -0.0037 0.9356
vn -0.1473 -0.7015 0.6972
vn -0.2650 -0.2256 0.9375
vn -0.3549 -0.0780 0.9317
vn 0.1237 -0.8720 0.4736
vn 0.0115 -0.9998 0.0190
vn 0.0186 -0.9998 -0.0024
vn -0.0005 -1.0000 0.0000
vn 0.0000 -1.0000 0.0032
vn 0.0011 -0.9981 0.0617
vn 0.0727 -0.9960 0.0521
vn 0.2366 -0.9386 0.2510
vn 0.4205 -0.3281 0.8459
vn 0.0330 -0.3029 0.9525
vn 0.5465 -0.5269 0.6510
vn -0.2541 -0.0200 0.9670
vn -0.3618 0.0168 0.9321
vn -0.3814 0.0187 0.9242
vn -0.3459 0.1238 0.9301
vn -0.2786 0.0248 0.9601
vn -0.0453 0.0355 0.9983
vn 0.1163 -0.0082 0.9932
vn 0.4321 -0.0451 0.9007
vn 0.6164 -0.0772 0.7837
vn 0.3337 -0.2484 0.9094
vn 0.5866 -0.5963 0.5480
vn 0.0826 -0.9365 0.3408
vn 0.2718 -0.6725 0.6884
vn -0.0022 -1.0000 -0.0097
vn -0.0228 -0.9996 0.0156
vn 0.0065 -0.9572 0.2894
vn 0.0411 -0.5703 0.8204
vn 0.4002 -0.0369 0.9157
vn 0.0621 -0.0438 0.9971
vn 0.0861 -0.1131 0.9898
vn 0.5871 -0.0081 0.8095
vn 0.3426 0.0014 0.9395
vn 0.1397 0.0138 0.9901
vn -0.0380 0.0716 0.9967
vn 0.3912 0.0910 0.9158
vn 0.4434 0.0253 0.8960
vn 0.5025 0.0266 0.8642
vn 0.1083 0.0516 0.9928
vn 0.1870 0.0341 0.9818
vn 0.2375 -0.1078 0.9654
vn 0.1428 -0.6200 0.7715
vn 0.0160 -0.9541 0.2990
vn 0.2039 -0.9312 0.3021
vn 0.3011 -0.6742 0.6744
vn 0.3702 -0.1781 0.9117
vn 0.4010 0.0077 0.9160
vn 0.2564 0.0356 0.9659
vn 0.3437 0.0279 0.9387
vn 0.6069 0.0453 0.7935
vn 0.2614 0.2667 0.9277
vn 0.5010 0.2950 0.8136
vn -0.1723 0.3536 0.9194
vn -0.2626 0.4427 0.8574
vn 0.1371 0.6677 0.7317
vn 0.4070 0.2431 0.8805
vn 0.4063 0.5440 0.7341
vn 0.1058 0.0915 0.9902
vn 0.1740 0.0772 0.9817
vn 0.2500 0.0716 0.9656
vn 0.4050 0.0609 0.9123
vn 0.5193 0.0534 0.8529
vn 0.5151 -0.0319 0.8565
vn 0.5217 -0.3558 0.7754
vn 0.1598 -0.9440 0.2887
vn 0.4079 -0.5117 0.7561
vn 0.0189 -0.9985 0.0516
vn -0.0090 -0.9999 -0.0076
vn 0.2787 -0.6049 0.7459
vn 0.1650 -0.8948 0.4149
vn 0.3670 -0.1105 0.9237
vn 0.5078 -0.0665 0.8589
vn 0.5439 0.1275 0.8294
vn 0.5102 0.1317 0.8499
vn 0.3839 0.2370 0.8925
vn 0.2292 0.2900 0.9292
vn 0.1370 0.2690 0.9533
vn 0.1097 0.3751 0.9205
vn 0.2262 0.4302 0.8739
vn 0.2125 0.6708 0.7105
vn 0.1107 0.9220 0.3710
vn 0.1536 0.5945 0.7893
vn 0.1989 0.5823 0.7883
vn 0.5271 0.2775 0.8032
vn 0.3984 0.4900 0.7754
vn 0.4086 0.2027 0.8899
vn 0.4297 0.0845 0.8990
vn 0.4089 0.0162 0.9124
vn 0.3492 -0.0079 0.9370
vn 0.3072 -0.4370 0.8454
vn 0.4132 -0.0410 0.9097
vn 0.4068 -0.1549 0.9003
vn 0.4123 -0.0006 0.9110
vn 0.3359 0.0766 0.9388
vn 0.3763 0.4171 0.8273
vn 0.2931 0.2976 0.9086
vn 0.4267 0.6314 0.6476
vn 0.2283 0.7719 0.5934
vn 0.1050 0.8864 0.4509
vn 0.0987 0.9585 0.2675
vn -0.0413 0.9991 0.0004
vn -0.0026 0.9995 -0.0314
vn 0.0352 0.9983 0.0470
vn 0.1576 0.9500 0.2695
vn 0.2489 0.7695 0.5881
vn 0.2691 0.5135 0.8148
vn 0.2767 0.4970 0.8225
vn 0.3249 0.2611 0.9090
vn 0.4957 0.0308 0.8679
vn 0.5165 -0.0198 0.8561
vn 0.5071 -0.1579 0.8473
vn 0.3251 -0.6010 0.7301
vn 0.4119 -0.6861 0.5997
vn 0.0584 -0.9730 0.2231
vn 0.6909 -0.0348 0.7221
vn 0.6552 -0.3750 0.6559
vn 0.6727 0.0106 0.7398
vn 0.7158 0.0512 0.6964
vn 0.5215 0.2292 0.8219
vn 0.3401 0.4869 0.8045
vn 0.0022 0.9998 0.0217
vn -0.0416 0.9973 -0.0601
vn 0.0096 0.9998 -0.0197
vn 0.0033 0.9999 -0.0137
vn -0.0239 0.9997 0.0063
vn -0.0003 0.9997 0.0233
vn -0.0138 0.9976 0.0682
vn -0.0904 0.9408 0.3267
vn 0.0091 0.9632 0.2686
vn -0.1568 0.7055 0.6912
vn -0.2516 0.6489 0.7181
vn -0.1784 0.8682 0.4629
vn -0.0917 0.9536 0.2867
vn -0.0119 0.9994 0.0313
vn -0.0616 0.9978 -0.0224
vn -0.3934 0.9188 -0.0308
vn -0.3040 0.9189 0.2516
vn -0.3701 0.9226 0.1091
vn -0.2144 0.8911 0.4000
vn -0.2993 0.6100 0.7337
vn -0.2481 0.6391 0.7280
vn -0.2855 0.5977 0.7492
vn -0.3010 0.3346 0.8930
vn -0.3649 0.2928 0.8838
vn -0.3864 0.0676 0.9199
vn -0.3711 0.0719 0.9258
vn -0.3090 0.2378 0.9209
vn -0.4039 0.6718 0.6210
vn -0.4169 0.3901 0.8210
vn -0.4711 0.7492 0.4656
vn -0.5629 0.7015 0.4370
vn -0.4922 0.7455 0.4493
vn -0.5831 0.7328 0.3506
vn -0.6763 0.7366 -0.0066
vn -0.8351 0.4863 0.2573
vn -0.6528 0.5646 0.5051
vn -0.5515 0.6281 0.5489
vn -0.6557 0.3977 0.6417
vn -0.3436 0.1222 0.9311
vn -0.6042 0.1403 0.7844
vn -0.2527 0.0510 0.9662
vn -0.1933 0.0207 0.9809
vn -0.2548 0.0443 0.9660
vn -0.5611 0.0659 0.8251
vn -0.7420 0.1855 0.6442
vn -0.7552 0.0780 0.6508
vn -0.7565 0.3915 0.5238
vn -0.7683 0.2785 0.5764
vn -0.8816 0.2536 0.3980
vn -0.7763 0.0892 0.6240
vn -0.2816 0.0209 0.9593
vn 0.4075 0.6608 0.6303
vn 0.5135 0.4566 0.7265
vn 0.6193 0.5507 0.5597
vn 0.6874 0.2846 0.6682
vn 0.8235 0.2067 0.5283
vn 0.8467 0.3266 0.4199
vn 0.8422 0.3933 0.3687
vn 0.8269 0.0192 0.5620
vn 0.8081 0.0908 0.5820
vn 0.6243 0.3021 0.7204
vn 0.7982 0.0386 0.6011
vn 0.5515 0.1460 0.8213
vn 0.6300 0.0828 0.7722
vn 0.7833 0.0035 0.6216
vn 0.4351 0.1131 0.8933
vn 0.3820 0.2047 0.9012
vn 0.2931 0.5891 0.7530
vn 0.1738 0.8362 0.5202
vn 0.5016 -0.0007 0.8651
vn 0.6297 -0.0018 0.7768
vn 0.8139 -0.0933 0.5735
vn 0.7822 -0.3050 0.5433
vn 0.6500 -0.3720 0.6626
vn 0.6950 -0.5336 0.4819
vn 0.4815 -0.8185 0.3136
vn 0.5807 -0.1541 0.7994
vn 0.2171 -0.9422 0.2551
vn 0.4107 -0.6648 0.6240
vn 0.5136 -0.2348 0.8252
vn 0.6170 0.0444 0.7857
vn 0.6656 0.0044 0.7463
vn 0.4762 0.4730 0.7412
vn 0.6788 0.2010 0.7063
vn 0.4136 0.7752 0.4775
vn 0.8066 0.4523 0.3806
vn 0.9041 0.1236 0.4090
vn 0.8981 0.0698 0.4342
vn 0.8595 -0.0240 0.5105
vn 0.7443 -0.1477 0.6513
vn 0.2940 -0.8111 0.5056
vn 0.6539 -0.5555 0.5136
vn 0.0225 -0.9966 0.0798
vn 0.0710 -0.9963 0.0481
vn -0.0163 -0.9998 -0.0073
vn 0.2881 -0.9303 0.2271
vn 0.1801 -0.9819 0.0579
vn -0.0576 -0.9975 -0.0414
vn 0.9120 -0.2328 0.3378
vn 0.7443 -0.6524 0.1428
vn 0.9840 0.1031 0.1455
vn 0.9530 0.2727 0.1318
vn 0.8889 0.4453 0.1073
vn -0.0005 -1.0000 -0.0003
vn -0.0001 -1.0000 -0.0003
vn 0.0000 -1.0000 0.0000
vn 0.0019 -1.0000 0.0047
vn 0.0215 -0.9998 -0.0006
vn -0.0448 -0.9986 -0.0269
vn -0.4640 -0.8607 -0.2098
vn -0.2417 -0.9460 -0.2159
vn -0.1589 -0.9794 -0.1249
vn -0.5636 -0.5674 -0.6003
vn -0.7649 -0.4384 -0.4720
vn -0.8314 -0.3414 -0.4385
vn -0.6781 -0.6064 -0.4153
vn -0.8011 -0.1726 -0.5732
vn -0.8735 -0.0985 -0.4768
vn -0.8313 -0.0312 -0.5549
vn -0.7580 -0.2194 -0.6142
vn -0.8071 -0.2057 -0.5534
vn -0.6882 -0.1407 -0.7117
vn -0.5950 -0.7719 -0.2239
vn -0.7896 -0.3353 -0.5139
vn -0.1227 0.6537 -0.7467
vn 0.0296 0.9188 -0.3937
vn 0.2647 0.7825 -0.5636
vn 0.1869 0.9269 -0.3256
s 1
f 1/1/1 2/2/2 3/3/3
f 3/3/3 2/2/2 4/4/4
f 3/3/3 4/4/4 5/5/5
f 3/3/3 5/5/5 1/1/1
f 6/6/6 7/7/7 1/1/1
f 7/7/7 2/2/2 1/1/1
f 1/1/1 8/8/8 6/6/6
f 5/5/5 8/8/8 1/1/1
f 2/2/2 9/9/9 4/4/4
f 2/10/2 7/11/7 10/12/10
f 9/13/9 2/10/2 10/12/10
f 4/4/4 11/14/11 5/5/5
f 11/14/11 4/4/4 12/15/12
f 12/15/12 4/4/4 13/16/13
f 4/4/4 9/9/9 13/16/13
f 5/5/5 11/14/11 14/17/14
f 15/18/15 5/5/5 14/17/14
f 8/8/8 5/5/5 15/18/15
f 15/18/15 16/19/16 8/8/8
f 16/19/16 6/6/6 8/8/8
f 6/6/6 16/19/16 17/20/17
f 6/6/6 17/20/17 7/7/7
f 17/20/17 18/21/18 7/7/7
f 10/12/10 7/11/7 19/22/19
f 7/11/7 18/23/18 19/22/19
f 19/22/19 20/24/20 10/12/10
f 10/12/10 20/24/20 21/25/21
f 10/12/10 21/25/21 22/26/22
f 22/26/22 9/13/9 10/12/10
f 9/27/9 22/28/22 13/29/13
f 23/30/23 24/31/24 13/16/13
f 13/16/13 24/31/24 12/15/12
f 23/32/23 13/29/13 22/28/22
f 24/31/24 25/33/25 12/15/12
f 12/15/12 25/33/25 26/34/26
f 26/34/26 11/14/11 12/15/12
f 11/14/11 27/35/27 14/17/14
f 27/35/27 11/14/11 26/34/26
f 17/36/17 16/37/16 28/38/28
f 29/39/29 17/36/17 28/38/28
f 30/40/30 17/36/17 29/39/29
f 30/40/30 18/41/18 17/36/17
f 31/42/31 18/41/18 30/40/30
f 19/22/19 18/23/18 32/43/32
f 18/44/18 31/45/31 32/46/32
f 19/22/19 33/47/33 20/24/20
f 32/43/32 33/47/33 19/22/19
f 34/48/34 22/26/22 21/25/21
f 23/49/23 22/26/22 34/48/34
f 23/30/23 35/50/35 24/31/24
f 36/51/36 35/50/35 23/30/23
f 23/49/23 34/48/34 36/52/36
f 35/50/35 25/33/25 24/31/24
f 25/33/25 37/53/37 26/34/26
f 37/53/37 25/33/25 38/54/38
f 38/54/38 25/33/25 35/50/35
f 37/53/37 27/35/27 26/34/26
f 39/55/39 27/35/27 40/56/40
f 14/17/14 27/35/27 39/55/39
f 40/56/40 27/35/27 37/53/37
f 14/17/14 39/55/39 41/57/41
f 42/58/42 14/17/14 41/57/41
f 14/17/14 42/58/42 15/18/15
f 16/19/16 15/18/15 43/59/43
f 15/18/15 42/58/42 43/59/43
f 43/60/43 44/61/44 16/37/16
f 28/38/28 16/37/16 44/61/44
f 45/62/45 29/39/29 28/38/28
f 46/63/46 29/39/29 45/62/45
f 46/63/46 30/40/30 29/39/29
f 47/64/47 30/40/30 46/63/46
f 47/64/47 31/42/31 30/40/30
f 48/65/48 31/42/31 47/64/47
f 48/66/48 49/67/49 31/45/31
f 32/46/32 31/45/31 49/67/49
f 32/43/32 50/68/50 33/47/33
f 49/69/49 50/68/50 32/43/32
f 50/68/50 20/24/20 33/47/33
f 51/70/51 52/71/52 20/24/20
f 50/68/50 51/70/51 20/24/20
f 53/72/53 51/70/51 50/68/50
f 50/68/50 54/73/54 53/72/53
f 49/69/49 54/73/54 50/68/50
f 49/67/49 48/66/48 54/74/54
f 55/75/55 54/76/54 48/65/48
f 48/65/48 47/64/47 55/75/55
f 46/63/46 56/77/56 47/64/47
f 56/77/56 55/75/55 47/64/47
f 45/62/45 57/78/57 46/63/46
f 57/78/57 56/77/56 46/63/46
f 57/78/57 45/62/45 58/79/58
f 59/80/59 45/62/45 28/38/28
f 60/81/60 45/62/45 59/80/59
f 60/81/60 58/79/58 45/62/45
f 28/38/28 44/61/44 59/80/59
f 60/81/60 59/80/59 61/82/61
f 62/83/62 59/80/59 63/84/63
f 64/85/64 59/80/59 62/83/62
f 64/85/64 61/82/61 59/80/59
f 59/80/59 44/61/44 63/84/63
f 61/82/61 65/86/65 60/81/60
f 58/79/58 60/81/60 65/86/65
f 58/79/58 65/86/65 66/87/66
f 58/79/58 66/87/66 57/78/57
f 56/77/56 57/78/57 67/88/67
f 67/88/67 57/78/57 66/87/66
f 55/75/55 56/77/56 68/89/68
f 68/89/68 56/77/56 67/88/67
f 55/75/55 68/89/68 54/76/54
f 68/89/68 69/90/69 54/76/54
f 54/91/54 69/92/69 53/93/53
f 53/72/53 70/94/70 51/70/51
f 71/95/71 70/94/70 53/72/53
f 53/93/53 69/92/69 71/96/71
f 51/70/51 72/97/72 52/71/52
f 70/94/70 72/97/72 51/70/51
f 52/71/52 72/97/72 73/98/73
f 72/97/72 74/99/74 73/98/73
f 75/100/75 72/97/72 70/94/70
f 71/95/71 75/100/75 70/94/70
f 76/101/76 75/100/75 71/95/71
f 71/102/71 77/103/77 76/104/76
f 69/105/69 77/103/77 71/102/71
f 78/106/78 69/105/69 68/107/68
f 77/103/77 69/105/69 78/106/78
f 79/108/79 68/89/68 67/88/67
f 78/106/78 68/107/68 79/109/79
f 80/110/80 67/88/67 66/87/66
f 79/108/79 67/88/67 80/110/80
f 81/111/81 66/87/66 82/112/82
f 80/110/80 66/87/66 81/111/81
f 65/86/65 82/112/82 66/87/66
f 83/113/83 82/112/82 65/86/65
f 84/114/84 83/113/83 65/86/65
f 61/82/61 84/114/84 65/86/65
f 81/115/81 82/116/82 85/117/85
f 86/118/86 82/112/82 83/113/83
f 86/118/86 85/119/85 82/112/82
f 81/115/81 87/120/87 88/121/88
f 89/122/89 87/120/87 81/115/81
f 89/122/89 81/115/81 85/117/85
f 88/123/88 80/124/80 81/125/81
f 90/126/90 79/109/79 80/124/80
f 90/126/90 78/106/78 79/109/79
f 91/127/91 78/106/78 90/126/90
f 91/127/91 77/103/77 78/106/78
f 92/128/92 77/103/77 91/127/91
f 77/103/77 92/128/92 76/104/76
f 76/101/76 93/129/93 75/100/75
f 94/130/94 93/129/93 76/101/76
f 76/101/76 92/131/92 94/130/94
f 75/100/75 93/129/93 72/97/72
f 93/129/93 95/132/95 72/97/72
f 72/97/72 95/132/95 74/99/74
f 93/129/93 96/133/96 95/132/95
f 97/134/97 96/133/96 93/129/93
f 98/135/98 97/134/97 93/129/93
f 94/130/94 98/135/98 93/129/93
f 99/136/99 98/135/98 94/130/94
f 94/137/94 100/138/100 99/139/99
f 92/140/92 100/138/100 94/137/94
f 101/141/101 92/128/92 91/127/91
f 100/142/100 92/128/92 101/141/101
f 102/143/102 91/127/91 90/126/90
f 101/141/101 91/127/91 102/143/102
f 103/144/103 90/126/90 80/124/80
f 102/143/102 90/126/90 103/144/103
f 104/145/104 80/124/80 88/123/88
f 103/144/103 80/124/80 104/145/104
f 87/120/87 104/146/104 88/121/88
f 105/147/105 87/120/87 106/148/106
f 87/120/87 107/149/107 106/148/106
f 105/147/105 104/146/104 87/120/87
f 89/122/89 107/149/107 87/120/87
f 89/122/89 108/150/108 107/149/107
f 85/117/85 108/150/108 89/122/89
f 107/149/107 109/151/109 106/148/106
f 107/149/107 108/150/108 109/151/109
f 110/152/110 106/148/106 111/153/111
f 112/154/112 106/148/106 110/152/110
f 112/154/112 105/147/105 106/148/106
f 106/148/106 109/151/109 111/153/111
f 113/155/113 105/147/105 112/154/112
f 105/147/105 113/155/113 104/146/104
f 114/156/114 104/157/104 113/158/113
f 114/156/114 103/159/103 104/157/104
f 115/160/115 103/159/103 114/156/114
f 115/160/115 102/161/102 103/159/103
f 116/162/116 102/161/102 115/160/115
f 116/162/116 101/163/101 102/161/102
f 117/164/117 101/163/101 116/162/116
f 117/164/117 100/165/100 101/163/101
f 118/166/118 100/165/100 117/164/117
f 118/167/118 99/139/99 100/138/100
f 98/135/98 119/168/119 97/134/97
f 120/169/120 119/168/119 98/135/98
f 98/135/98 99/136/99 120/169/120
f 97/134/97 121/170/121 96/133/96
f 119/168/119 121/170/121 97/134/97
f 121/170/121 122/171/122 96/133/96
f 123/172/123 122/171/122 121/170/121
f 119/168/119 123/172/123 121/170/121
f 124/173/124 123/174/123 119/175/119
f 119/175/119 125/176/125 124/173/124
f 120/177/120 125/176/125 119/175/119
f 120/178/120 126/179/126 125/180/125
f 118/167/118 120/181/120 99/139/99
f 118/166/118 126/179/126 120/178/120
f 118/166/118 127/182/127 126/179/126
f 118/166/118 117/164/117 127/182/127
f 116/162/116 127/182/127 117/164/117
f 115/160/115 128/183/128 116/162/116
f 128/183/128 127/182/127 116/162/116
f 114/156/114 129/184/129 115/160/115
f 129/184/129 128/183/128 115/160/115
f 129/184/129 114/156/114 130/185/130
f 130/185/130 114/156/114 113/158/113
f 112/154/112 131/186/131 113/155/113
f 113/158/113 131/187/131 130/185/130
f 131/186/131 112/154/112 110/152/110
f 132/188/132 131/187/131 133/189/133
f 133/190/133 131/186/131 110/152/110
f 130/185/130 131/187/131 132/188/132
f 129/184/129 130/185/130 132/188/132
f 129/184/129 134/191/134 135/192/135
f 129/184/129 132/188/132 134/191/134
f 128/183/128 129/184/129 136/193/136
f 136/193/136 129/184/129 135/192/135
f 127/182/127 128/183/128 136/193/136
f 137/194/137 127/182/127 136/193/136
f 127/182/127 137/194/137 126/179/126
f 125/180/125 126/179/126 137/194/137
f 125/180/125 137/194/137 124/195/124
f 124/195/124 138/196/138 139/197/139
f 124/173/124 139/198/139 123/174/123
f 124/195/124 137/194/137 138/196/138
f 123/172/123 140/199/140 122/171/122
f 141/200/141 140/199/140 123/172/123
f 123/172/123 142/201/142 141/200/141
f 139/202/139 142/203/142 123/204/123
f 140/199/140 143/205/143 122/171/122
f 144/206/144 143/205/143 140/199/140
f 141/200/141 144/206/144 140/199/140
f 145/207/145 144/206/144 141/200/141
f 142/201/142 145/207/145 141/200/141
f 146/208/146 145/207/145 142/201/142
f 139/202/139 147/209/147 142/203/142
f 142/203/142 148/210/148 146/211/146
f 148/210/148 142/203/142 147/209/147
f 139/202/139 149/212/149 147/209/147
f 139/197/139 138/196/138 149/213/149
f 138/196/138 150/214/150 149/213/149
f 138/196/138 137/194/137 150/214/150
f 150/214/150 137/194/137 136/193/136
f 135/192/135 151/215/151 136/193/136
f 151/215/151 150/214/150 136/193/136
f 151/215/151 135/192/135 134/191/134
f 151/215/151 152/216/152 153/217/153
f 134/191/134 152/216/152 151/215/151
f 150/214/150 151/215/151 153/217/153
f 154/218/154 150/214/150 153/217/153
f 155/219/155 150/214/150 154/218/154
f 150/214/150 155/219/155 149/213/149
f 147/209/147 149/212/149 156/220/156
f 156/220/156 157/221/157 147/209/147
f 157/221/157 148/210/148 147/209/147
f 158/222/158 148/210/148 157/221/157
f 159/223/159 148/210/148 158/222/158
f 148/210/148 159/223/159 146/211/146
f 146/208/146 160/224/160 145/207/145
f 161/225/161 160/224/160 146/208/146
f 146/208/146 159/226/159 161/225/161
f 160/224/160 144/206/144 145/207/145
f 144/206/144 162/227/162 143/205/143
f 160/224/160 162/227/162 144/206/144
f 161/225/161 163/228/163 160/224/160
f 164/229/164 163/228/163 161/225/161
f 161/230/161 165/231/165 164/232/164
f 159/233/159 165/231/165 161/230/161
f 166/234/166 159/235/159 158/236/158
f 165/237/165 159/235/159 166/234/166
f 167/238/167 158/222/158 168/239/168
f 166/234/166 158/236/158 167/240/167
f 158/222/158 157/221/157 168/239/168
f 168/239/168 157/221/157 156/220/156
f 156/220/156 149/212/149 155/241/155
f 156/220/156 155/241/155 154/242/154
f 169/243/169 156/220/156 170/244/170
f 168/239/168 156/220/156 169/243/169
f 156/220/156 154/242/154 170/244/170
f 171/245/171 168/239/168 169/243/169
f 167/238/167 168/239/168 171/245/171
f 172/246/172 167/240/167 171/247/171
f 173/248/173 167/240/167 172/246/172
f 173/248/173 166/234/166 167/240/167
f 174/249/174 166/234/166 173/248/173
f 174/249/174 165/237/165 166/234/166
f 175/250/175 165/237/165 174/249/174
f 165/231/165 175/251/175 164/232/164
f 163/228/163 164/229/164 176/252/176
f 164/232/164 175/251/175 176/253/176
f 163/228/163 177/254/177 160/224/160
f 176/252/176 177/254/177 163/228/163
f 160/224/160 178/255/178 162/227/162
f 177/254/177 178/255/178 160/224/160
f 178/255/178 179/256/179 162/227/162
f 179/256/179 180/257/180 162/227/162
f 162/227/162 180/257/180 181/258/181
f 182/259/182 183/260/183 180/257/180
f 179/256/179 182/259/182 180/257/180
f 184/261/184 182/259/182 179/256/179
f 185/262/185 179/256/179 178/255/178
f 186/263/186 179/256/179 185/262/185
f 186/263/186 184/261/184 179/256/179
f 177/254/177 185/262/185 178/255/178
f 187/264/187 185/265/185 177/266/177
f 177/266/177 188/267/188 187/264/187
f 176/268/176 188/267/188 177/266/177
f 176/269/176 189/270/189 188/271/188
f 189/270/189 176/269/176 175/250/175
f 174/249/174 189/270/189 175/250/175
f 173/248/173 190/272/190 174/249/174
f 190/272/190 189/270/189 174/249/174
f 172/246/172 191/273/191 173/248/173
f 191/273/191 190/272/190 173/248/173
f 192/274/192 193/275/193 172/246/172
f 193/275/193 191/273/191 172/246/172
f 172/246/172 171/247/171 192/274/192
f 192/274/192 171/247/171 194/276/194
f 171/245/171 169/243/169 194/277/194
f 193/275/193 192/274/192 195/278/195
f 196/279/196 192/274/192 194/276/194
f 197/280/197 192/274/192 196/279/196
f 197/280/197 195/278/195 192/274/192
f 193/275/193 198/281/198 199/282/199
f 195/278/195 198/281/198 193/275/193
f 191/273/191 193/275/193 199/282/199
f 200/283/200 191/273/191 199/282/199
f 190/272/190 191/273/191 200/283/200
f 189/270/189 190/272/190 201/284/201
f 201/284/201 190/272/190 200/283/200
f 188/271/188 189/270/189 187/285/187
f 187/285/187 202/286/202 203/287/203
f 187/264/187 203/288/203 185/265/185
f 187/285/187 189/270/189 202/286/202
f 185/265/185 204/289/204 186/290/186
f 185/265/185 203/288/203 204/289/204
f 186/290/186 204/289/204 184/291/184
f 184/291/184 204/289/204 205/292/205
f 184/291/184 205/292/205 182/293/182
f 183/294/183 182/293/182 206/295/206
f 182/293/182 205/292/205 206/295/206
f 205/292/205 207/296/207 206/295/206
f 205/292/205 204/289/204 207/296/207
f 207/296/207 204/289/204 208/297/208
f 208/297/208 204/289/204 203/288/203
f 209/298/209 208/297/208 203/288/203
f 203/287/203 202/286/202 209/299/209
f 202/286/202 210/300/210 209/299/209
f 202/286/202 201/284/201 210/300/210
f 189/270/189 201/284/201 202/286/202
f 199/282/199 198/281/198 211/301/211
f 212/302/212 198/281/198 213/303/213
f 211/301/211 198/281/198 212/302/212
f 198/281/198 214/304/214 213/303/213
f 195/278/195 214/304/214 198/281/198
f 195/278/195 197/280/197 214/304/214
f 214/305/214 197/306/197 215/307/215
f 197/306/197 196/308/196 215/307/215
f 214/305/214 215/307/215 213/309/213
f 216/310/216 213/309/213 217/311/217
f 212/312/212 213/313/213 216/314/216
f 213/309/213 218/315/218 217/311/217
f 213/309/213 215/307/215 218/315/218
f 219/316/219 212/312/212 216/314/216
f 212/302/212 219/317/219 211/301/211
f 219/317/219 220/318/220 211/301/211
f 199/282/199 211/301/211 220/318/220
f 199/282/199 220/318/220 200/283/200
f 200/283/200 220/318/220 221/319/221
f 210/300/210 200/283/200 221/319/221
f 201/284/201 200/283/200 210/300/210
f 210/300/210 221/319/221 222/320/222
f 209/299/209 210/300/210 222/320/222
f 222/321/222 223/322/223 209/298/209
f 223/322/223 208/297/208 209/298/209
f 208/297/208 223/322/223 207/296/207
f 207/296/207 223/322/223 224/323/224
f 206/295/206 207/296/207 224/323/224
f 206/295/206 224/323/224 225/324/225
f 225/324/225 183/294/183 206/295/206
f 224/323/224 226/325/226 227/326/227
f 225/324/225 224/323/224 227/326/227
f 224/323/224 223/322/223 226/325/226
f 223/322/223 228/327/228 226/325/226
f 223/322/223 229/328/229 228/327/228
f 229/328/229 223/322/223 222/321/222
f 230/329/230 229/330/229 222/320/222
f 222/320/222 221/319/221 230/329/230
f 221/319/221 220/318/220 230/329/230
f 220/318/220 219/317/219 231/331/231
f 232/332/232 220/318/220 231/331/231
f 230/329/230 220/318/220 232/332/232
f 231/333/231 219/316/219 216/314/216
f 233/334/233 231/333/231 216/314/216
f 216/310/216 217/311/217 233/335/233
f 217/311/217 234/336/234 233/335/233
f 217/311/217 235/337/235 234/336/234
f 218/315/218 235/337/235 217/311/217
f 218/315/218 236/338/236 235/337/235
f 237/339/237 236/338/236 218/315/218
f 215/307/215 237/339/237 218/315/218
f 215/307/215 196/308/196 237/339/237
f 237/339/237 238/340/238 236/338/236
f 239/341/239 238/340/238 237/339/237
f 196/308/196 240/342/240 237/339/237
f 240/342/240 239/341/239 237/339/237
f 236/338/236 241/343/241 235/337/235
f 236/338/236 238/340/238 241/343/241
f 235/337/235 242/344/242 234/336/234
f 235/337/235 241/343/241 242/344/242
f 233/335/233 234/336/234 243/345/243
f 243/345/243 244/346/244 233/335/233
f 244/347/244 231/333/231 233/334/233
f 231/333/231 244/347/244 245/348/245
f 232/349/232 231/333/231 245/348/245
f 246/350/246 232/349/232 245/348/245
f 232/332/232 246/351/246 230/329/230
f 246/351/246 229/330/229 230/329/230
f 229/328/229 246/352/246 228/327/228
f 228/327/228 247/353/247 226/325/226
f 228/327/228 246/352/246 247/353/247
f 225/324/225 227/326/227 248/354/248
f 227/326/227 249/355/249 250/356/250
f 248/354/248 227/326/227 250/356/250
f 227/326/227 226/325/226 249/355/249
f 226/325/226 247/353/247 249/355/249
f 251/357/251 247/358/247 245/348/245
f 247/358/247 246/350/246 245/348/245
f 245/348/245 244/347/244 251/357/251
f 252/359/252 244/346/244 243/345/243
f 244/347/244 252/360/252 251/357/251
f 253/361/253 252/359/252 243/345/243
f 243/345/243 234/336/234 253/361/253
f 234/336/234 254/362/254 253/361/253
f 234/336/234 242/344/242 254/362/254
f 238/340/238 255/363/255 241/343/241
f 238/340/238 256/364/256 255/363/255
f 239/341/239 257/365/257 238/340/238
f 238/340/238 257/365/257 256/364/256
f 258/366/258 257/367/257 239/368/239
f 258/366/258 239/368/239 240/369/240
f 196/370/196 259/371/259 240/369/240
f 260/372/260 240/369/240 259/371/259
f 258/366/258 240/369/240 260/372/260
f 261/373/261 257/367/257 258/366/258
f 260/372/260 261/373/261 258/366/258
f 257/365/257 262/374/262 256/364/256
f 263/375/263 262/376/262 257/367/257
f 261/373/261 263/375/263 257/367/257
f 256/364/256 264/377/264 255/363/255
f 256/364/256 265/378/265 264/377/264
f 256/364/256 266/379/266 265/378/265
f 262/374/262 266/379/266 256/364/256
f 255/363/255 267/380/267 241/343/241
f 255/363/255 264/377/264 267/380/267
f 241/343/241 267/380/267 242/344/242
f 242/344/242 268/381/268 254/362/254
f 269/382/269 252/359/252 253/361/253
f 252/360/252 269/383/269 251/357/251
f 270/384/270 247/358/247 251/357/251
f 249/355/249 247/353/247 270/385/270
f 271/386/271 270/384/270 251/357/251
f 251/357/251 269/383/269 271/386/271
f 272/387/272 269/382/269 253/361/253
f 269/383/269 272/388/272 271/386/271
f 273/389/273 272/387/272 253/361/253
f 253/361/253 254/362/254 273/389/273
f 254/362/254 274/390/274 273/389/273
f 254/362/254 268/381/268 274/390/274
f 264/377/264 275/391/275 267/380/267
f 265/378/265 275/391/275 264/377/264
f 276/392/276 275/391/275 265/378/265
f 266/379/266 276/392/276 265/378/265
f 262/393/262 152/216/152 266/394/266
f 152/216/152 277/395/277 266/394/266
f 266/379/266 133/190/133 276/392/276
f 277/395/277 133/189/133 266/394/266
f 263/396/263 152/216/152 262/393/262
f 153/217/153 152/216/152 263/396/263
f 278/397/278 263/398/263 261/399/261
f 278/400/278 153/217/153 263/396/263
f 278/397/278 261/399/261 260/401/260
f 278/397/278 260/401/260 154/242/154
f 154/218/154 153/217/153 278/400/278
f 154/242/154 260/401/260 170/244/170
f 259/402/259 170/244/170 260/401/260
f 169/243/169 170/244/170 259/402/259
f 194/403/194 259/371/259 196/370/196
f 194/277/194 169/243/169 259/402/259
f 134/191/134 277/395/277 152/216/152
f 277/395/277 132/188/132 133/189/133
f 134/191/134 132/188/132 277/395/277
f 133/190/133 110/152/110 276/392/276
f 276/392/276 279/404/279 275/391/275
f 110/152/110 279/404/279 276/392/276
f 279/404/279 280/405/280 275/391/275
f 275/391/275 281/406/281 267/380/267
f 267/380/267 281/406/281 242/344/242
f 242/344/242 282/407/282 268/381/268
f 275/391/275 280/405/280 281/406/281
f 279/404/279 283/408/283 280/405/280
f 111/153/111 283/408/283 279/404/279
f 110/152/110 111/153/111 279/404/279
f 283/408/283 284/409/284 280/405/280
f 109/151/109 284/409/284 283/408/283
f 111/153/111 109/151/109 283/408/283
f 284/409/284 285/410/285 280/405/280
f 280/405/280 286/411/286 281/406/281
f 280/405/280 285/410/285 286/411/286
f 281/406/281 286/411/286 287/412/287
f 281/406/281 287/412/287 242/344/242
f 242/344/242 287/412/287 282/407/282
f 268/381/268 282/407/282 288/413/288
f 282/407/282 289/414/289 290/415/290
f 288/413/288 282/407/282 290/415/290
f 282/407/282 291/416/291 289/414/289
f 282/407/282 287/412/287 291/416/291
f 109/151/109 292/417/292 284/409/284
f 109/151/109 108/150/108 292/417/292
f 292/417/292 293/418/293 284/409/284
f 108/150/108 294/419/294 292/417/292
f 292/417/292 295/420/295 293/418/293
f 294/419/294 295/420/295 292/417/292
f 284/409/284 296/421/296 285/410/285
f 293/418/293 296/421/296 284/409/284
f 291/416/291 297/422/297 298/423/298
f 289/414/289 291/416/291 298/423/298
f 289/414/289 298/423/298 299/424/299
f 290/415/290 289/414/289 299/424/299
f 299/424/299 300/425/300 290/415/290
f 288/413/288 290/415/290 300/425/300
f 301/426/301 299/427/299 302/428/302
f 303/429/303 299/424/299 298/423/298
f 304/430/304 299/427/299 303/431/303
f 304/430/304 302/428/302 299/427/299
f 301/426/301 300/432/300 299/427/299
f 298/423/298 297/422/297 303/429/303
f 305/433/305 306/434/306 296/421/296
f 293/418/293 305/433/305 296/421/296
f 305/433/305 307/435/307 306/434/306
f 296/421/296 306/434/306 308/436/308
f 296/421/296 308/436/308 285/410/285
f 285/410/285 308/436/308 286/411/286
f 309/437/309 303/438/303 297/439/297
f 297/440/297 310/441/310 309/442/309
f 311/443/311 307/435/307 305/433/305
f 311/443/311 312/444/312 307/435/307
f 312/444/312 313/445/313 307/435/307
f 307/435/307 314/446/314 306/434/306
f 313/445/313 314/446/314 307/435/307
f 306/434/306 314/446/314 315/447/315
f 306/434/306 315/447/315 308/436/308
f 312/444/312 316/448/316 313/445/313
f 317/449/317 316/448/316 312/444/312
f 316/448/316 318/450/318 313/445/313
f 319/451/319 318/450/318 316/448/316
f 320/452/320 316/448/316 317/449/317
f 320/452/320 319/451/319 316/448/316
f 313/445/313 318/450/318 314/446/314
f 318/450/318 321/453/321 314/446/314
f 314/446/314 322/454/322 315/447/315
f 321/453/321 322/454/322 314/446/314
f 287/412/287 323/455/323 291/416/291
f 324/456/324 325/457/325 322/454/322
f 321/453/321 324/456/324 322/454/322
f 318/450/318 324/456/324 321/453/321
f 326/458/326 324/456/324 318/450/318
f 319/451/319 327/459/327 318/450/318
f 327/459/327 326/458/326 318/450/318
f 328/460/328 327/461/327 319/462/319
f 329/463/329 319/462/319 320/464/320
f 329/463/329 328/460/328 319/462/319
f 330/465/330 320/452/320 317/449/317
f 329/463/329 320/464/320 330/466/330
f 329/463/329 331/467/331 328/460/328
f 329/468/329 330/469/330 40/56/40
f 40/56/40 331/470/331 329/468/329
f 328/460/328 332/471/332 333/472/333
f 328/460/328 333/472/333 334/473/334
f 328/460/328 334/473/334 327/461/327
f 331/467/331 332/471/332 328/460/328
f 327/461/327 334/473/334 326/474/326
f 326/458/326 335/475/335 324/456/324
f 334/473/334 335/476/335 326/474/326
f 324/456/324 336/477/336 325/457/325
f 335/475/335 336/477/336 324/456/324
f 325/457/325 337/478/337 322/454/322
f 325/457/325 336/477/336 337/478/337
f 322/454/322 337/478/337 338/479/338
f 322/454/322 338/479/338 315/447/315
f 337/478/337 339/480/339 338/479/338
f 336/477/336 339/480/339 337/478/337
f 336/477/336 340/481/340 339/480/339
f 335/475/335 341/482/341 336/477/336
f 341/482/341 340/481/340 336/477/336
f 342/483/342 341/484/341 335/476/335
f 335/476/335 343/485/343 342/483/342
f 335/476/335 334/473/334 343/485/343
f 333/472/333 343/485/343 334/473/334
f 344/486/344 333/487/333 345/488/345
f 345/488/345 333/487/333 332/489/332
f 343/485/343 333/472/333 346/490/346
f 333/472/333 344/491/344 346/490/346
f 332/489/332 331/470/331 345/488/345
f 38/54/38 344/486/344 345/488/345
f 331/470/331 37/53/37 345/488/345
f 345/488/345 37/53/37 38/54/38
f 346/490/346 344/491/344 347/492/347
f 342/483/342 343/485/343 346/490/346
f 348/493/348 342/483/342 346/490/346
f 348/493/348 346/490/346 349/494/349
f 347/492/347 349/494/349 346/490/346
f 350/495/350 341/484/341 342/483/342
f 348/493/348 350/495/350 342/483/342
f 340/496/340 341/484/341 351/497/351
f 341/484/341 350/495/350 351/497/351
f 340/481/340 352/498/352 339/480/339
f 352/499/352 340/496/340 351/497/351
f 339/480/339 353/500/353 338/479/338
f 339/480/339 354/501/354 353/500/353
f 352/498/352 354/501/354 339/480/339
f 354/501/354 355/502/355 353/500/353
f 354/503/354 356/504/356 355/505/355
f 352/506/352 357/507/357 354/503/354
f 357/507/357 356/504/356 354/503/354
f 358/508/358 357/509/357 352/499/352
f 358/508/358 352/499/352 351/497/351
f 358/508/358 351/497/351 359/510/359
f 360/511/360 359/510/359 351/497/351
f 350/495/350 360/511/360 351/497/351
f 348/493/348 360/511/360 350/495/350
f 348/493/348 361/512/361 360/511/360
f 349/494/349 361/512/361 348/493/348
f 362/513/362 349/494/349 347/492/347
f 361/512/361 349/494/349 363/514/363
f 349/494/349 362/513/362 363/514/363
f 361/512/361 364/515/364 360/511/360
f 364/515/364 361/512/361 365/516/365
f 361/512/361 363/514/363 365/516/365
f 359/510/359 360/511/360 364/515/364
f 359/510/359 366/517/366 358/508/358
f 359/510/359 364/515/364 366/517/366
f 357/509/357 358/508/358 366/517/366
f 357/509/357 366/517/366 356/518/356
f 356/504/356 367/519/367 355/505/355
f 367/520/367 356/518/356 368/521/368
f 356/518/356 366/517/366 368/521/368
f 355/502/355 369/522/369 370/523/370
f 353/500/353 355/502/355 370/523/370
f 355/505/355 367/519/367 369/524/369
f 353/500/353 370/523/370 338/479/338
f 338/479/338 371/525/371 315/447/315
f 315/447/315 371/525/371 308/436/308
f 308/436/308 371/525/371 372/526/372
f 371/525/371 373/527/373 372/526/372
f 371/525/371 374/528/374 373/527/373
f 371/525/371 375/529/375 374/528/374
f 338/479/338 375/529/375 371/525/371
f 338/479/338 376/530/376 375/529/375
f 370/523/370 376/530/376 338/479/338
f 370/523/370 369/522/369 376/530/376
f 369/524/369 377/531/377 376/532/376
f 369/524/369 378/533/378 377/531/377
f 367/519/367 378/533/378 369/524/369
f 379/534/379 378/533/378 367/519/367
f 379/534/379 367/519/367 380/535/380
f 380/536/380 367/520/367 368/521/368
f 380/536/380 368/521/368 381/537/381
f 382/538/382 381/537/381 368/521/368
f 368/521/368 366/517/366 382/538/382
f 366/517/366 364/515/364 382/538/382
f 383/539/383 382/538/382 364/515/364
f 365/516/365 383/539/383 364/515/364
f 384/540/384 383/539/383 365/516/365
f 385/541/385 384/540/384 365/516/365
f 365/516/365 363/514/363 385/541/385
f 386/542/386 387/543/387 383/539/383
f 383/539/383 387/543/387 382/538/382
f 384/540/384 386/542/386 383/539/383
f 381/537/381 382/538/382 388/544/388
f 387/543/387 388/544/388 382/538/382
f 381/537/381 389/545/389 380/536/380
f 381/537/381 388/544/388 389/545/389
f 389/546/389 379/534/379 380/535/380
f 390/547/390 379/548/379 389/549/389
f 379/534/379 391/550/391 378/533/378
f 392/551/392 391/550/391 379/534/379
f 393/552/393 392/553/392 379/548/379
f 379/548/379 390/547/390 393/552/393
f 378/533/378 394/554/394 377/531/377
f 391/550/391 394/554/394 378/533/378
f 377/531/377 395/555/395 376/532/376
f 396/556/396 395/555/395 377/531/377
f 394/554/394 396/556/396 377/531/377
f 376/530/376 395/557/395 375/529/375
f 375/529/375 397/558/397 374/528/374
f 395/557/395 397/558/397 375/529/375
f 374/528/374 398/559/398 373/527/373
f 397/558/397 398/559/398 374/528/374
f 399/560/399 398/561/398 397/562/397
f 400/563/400 399/560/399 397/562/397
f 401/564/401 397/562/397 395/555/395
f 401/564/401 400/563/400 397/562/397
f 402/565/402 401/564/401 395/555/395
f 396/556/396 402/565/402 395/555/395
f 403/566/403 402/565/402 396/556/396
f 403/566/403 396/556/396 394/554/394
f 404/567/404 394/554/394 391/550/391
f 403/566/403 394/554/394 404/567/404
f 405/568/405 404/567/404 391/550/391
f 392/551/392 405/568/405 391/550/391
f 406/569/406 405/570/405 392/553/392
f 407/571/407 406/569/406 392/553/392
f 407/571/407 392/553/392 393/552/393
f 408/572/408 390/547/390 389/549/389
f 389/545/389 388/544/388 408/573/408
f 409/574/409 408/573/408 388/544/388
f 410/575/410 409/574/409 388/544/388
f 388/544/388 387/543/387 410/575/410
f 387/543/387 386/542/386 410/575/410
f 411/576/411 409/574/409 410/575/410
f 412/577/412 411/576/411 410/575/410
f 410/575/410 386/542/386 412/577/412
f 407/571/407 408/572/408 409/578/409
f 413/579/413 407/571/407 409/578/409
f 411/580/411 413/579/413 409/578/409
f 390/547/390 408/572/408 407/571/407
f 407/571/407 393/552/393 390/547/390
f 414/581/414 406/569/406 407/571/407
f 415/582/415 414/581/414 407/571/407
f 406/569/406 416/583/416 405/570/405
f 414/581/414 417/584/417 406/569/406
f 417/584/417 416/583/416 406/569/406
f 405/568/405 418/585/418 404/567/404
f 416/583/416 418/586/418 405/570/405
f 403/566/403 404/567/404 419/587/419
f 403/566/403 419/587/419 420/588/420
f 403/566/403 420/588/420 402/565/402
f 402/565/402 420/588/420 401/564/401
f 420/588/420 400/563/400 401/564/401
f 420/588/420 421/589/421 400/563/400
f 400/563/400 421/589/421 399/560/399
f 399/560/399 422/590/422 398/561/398
f 421/589/421 422/590/422 399/560/399
f 423/591/423 422/590/422 421/589/421
f 421/589/421 424/592/424 423/591/423
f 420/588/420 424/592/424 421/589/421
f 420/588/420 425/593/425 424/592/424
f 419/587/419 425/593/425 420/588/420
f 426/594/426 427/595/427 419/596/419
f 427/595/427 425/597/425 419/596/419
f 404/567/404 418/585/418 419/587/419
f 419/596/419 418/586/418 426/594/426
f 418/586/418 416/583/416 426/594/426
f 416/583/416 417/584/417 426/594/426
f 426/594/426 417/584/417 428/598/428
f 417/584/417 429/599/429 428/598/428
f 429/599/429 417/584/417 414/581/414
f 430/600/430 429/599/429 414/581/414
f 430/600/430 414/581/414 415/582/415
f 431/601/431 430/600/430 415/582/415
f 432/602/432 431/601/431 415/582/415
f 415/582/415 407/571/407 413/579/413
f 433/603/433 413/579/413 411/580/411
f 434/604/434 413/579/413 433/603/433
f 434/604/434 415/582/415 413/579/413
f 412/577/412 433/605/433 411/576/411
f 435/606/435 434/607/434 433/608/433
f 436/609/436 433/605/433 412/577/412
f 436/610/436 437/611/437 433/608/433
f 437/611/437 435/606/435 433/608/433
f 432/602/432 415/582/415 434/604/434
f 432/612/432 434/607/434 435/606/435
f 432/613/432 438/614/438 431/615/431
f 432/613/432 435/616/435 438/614/438
f 431/615/431 439/617/439 430/618/430
f 438/614/438 439/617/439 431/615/431
f 440/619/440 429/599/429 430/600/430
f 439/617/439 440/620/440 430/618/430
f 428/598/428 429/599/429 441/621/441
f 441/621/441 429/599/429 440/619/440
f 428/598/428 442/622/442 426/594/426
f 441/621/441 443/623/443 428/598/428
f 443/623/443 442/622/442 428/598/428
f 442/622/442 427/595/427 426/594/426
f 425/597/425 427/595/427 424/624/424
f 424/624/424 427/595/427 444/625/444
f 424/592/424 445/626/445 423/591/423
f 446/627/446 445/628/445 424/629/424
f 444/630/444 446/627/446 424/629/424
f 447/631/447 446/627/446 444/630/444
f 444/625/444 427/595/427 447/632/447
f 427/595/427 442/622/442 447/632/447
f 447/632/447 442/622/442 448/633/448
f 442/622/442 443/623/443 448/633/448
f 448/633/448 443/623/443 449/634/449
f 449/634/449 443/623/443 450/635/450
f 450/635/450 443/623/443 441/621/441
f 441/621/441 440/619/440 450/635/450
f 450/636/450 440/620/440 451/637/451
f 439/617/439 451/637/451 440/620/440
f 452/638/452 451/637/451 439/617/439
f 438/614/438 452/638/452 439/617/439
f 453/639/453 452/638/452 438/614/438
f 438/614/438 435/616/435 453/639/453
f 435/616/435 454/640/454 453/639/453
f 437/641/437 454/640/454 435/616/435
f 455/642/455 437/611/437 436/610/436
f 437/641/437 455/643/455 454/640/454
f 456/644/456 455/645/455 436/609/436
f 456/644/456 436/609/436 412/577/412
f 384/540/384 457/646/457 455/645/455
f 456/644/456 384/540/384 455/645/455
f 457/647/457 458/648/458 455/649/455
f 458/650/458 454/640/454 455/643/455
f 454/640/454 459/651/459 453/639/453
f 460/652/460 459/651/459 454/640/454
f 458/650/458 460/652/460 454/640/454
f 459/651/459 452/638/452 453/639/453
f 461/653/461 450/636/450 451/637/451
f 449/634/449 450/635/450 461/654/461
f 449/634/449 462/655/462 448/633/448
f 449/634/449 461/654/461 462/655/462
f 448/656/448 463/657/463 447/631/447
f 462/658/462 463/657/463 448/656/448
f 463/657/463 446/627/446 447/631/447
f 464/659/464 465/660/465 446/627/446
f 463/657/463 464/659/464 446/627/446
f 446/627/446 466/661/466 445/628/445
f 465/660/465 466/661/466 446/627/446
f 465/662/465 467/663/467 466/664/466
f 464/665/464 468/666/468 465/662/465
f 468/666/468 467/663/467 465/662/465
f 469/667/469 470/668/470 464/669/464
f 470/670/470 468/666/468 464/665/464
f 469/671/469 464/659/464 463/657/463
f 462/658/462 469/671/469 463/657/463
f 462/672/462 471/673/471 469/667/469
f 461/674/461 471/673/471 462/672/462
f 461/653/461 472/675/472 471/676/471
f 473/677/473 472/675/472 461/653/461
f 451/637/451 473/677/473 461/653/461
f 474/678/474 473/677/473 451/637/451
f 452/638/452 474/678/474 451/637/451
f 475/679/475 459/651/459 460/652/460
f 475/679/475 460/652/460 458/650/458
f 476/680/476 474/678/474 452/638/452
f 474/678/474 477/681/477 473/677/473
f 473/677/473 477/681/477 472/675/472
f 472/675/472 477/681/477 478/682/478
f 472/675/472 478/682/478 471/676/471
f 471/676/471 478/682/478 479/683/479
f 471/673/471 479/684/479 469/667/469
f 479/684/479 470/668/470 469/667/469
f 468/666/468 470/670/470 480/685/480
f 480/685/480 470/670/470 481/686/481
f 481/687/481 470/668/470 479/684/479
f 467/663/467 468/666/468 480/685/480
f 480/685/480 482/688/482 467/663/467
f 483/689/483 482/688/482 480/685/480
f 481/686/481 483/689/483 480/685/480
f 481/687/481 484/690/484 483/691/483
f 481/687/481 479/684/479 484/690/484
f 484/692/484 479/683/479 478/682/478
f 478/682/478 485/693/485 484/692/484
f 477/681/477 485/693/485 478/682/478
f 73/98/73 474/678/474 476/680/476
f 476/680/476 452/638/452 459/651/459
f 73/98/73 486/694/486 474/678/474
f 474/678/474 487/695/487 477/681/477
f 486/694/486 487/695/487 474/678/474
f 477/681/477 487/695/487 485/693/485
f 485/693/485 488/696/488 489/697/489
f 487/695/487 488/696/488 485/693/485
f 485/693/485 489/697/489 490/698/490
f 485/693/485 490/698/490 484/692/484
f 484/690/484 490/699/490 491/700/491
f 484/690/484 491/700/491 483/691/483
f 483/689/483 492/701/492 482/688/482
f 491/702/491 492/701/492 483/689/483
f 492/701/492 491/702/491 493/703/493
f 491/704/491 490/705/490 493/706/493
f 493/706/493 490/705/490 494/707/494
f 490/705/490 489/708/489 494/707/494
f 495/709/495 489/697/489 488/696/488
f 496/710/496 489/708/489 495/711/495
f 496/710/496 494/707/494 489/708/489
f 488/696/488 497/712/497 495/709/495
f 498/713/498 497/712/497 488/696/488
f 487/695/487 498/713/498 488/696/488
f 486/694/486 499/714/499 487/695/487
f 499/714/499 498/713/498 487/695/487
f 498/713/498 500/715/500 497/712/497
f 501/716/501 497/717/497 502/718/502
f 497/712/497 500/715/500 502/719/502
f 495/720/495 497/717/497 501/716/501
f 503/721/503 495/711/495 501/722/501
f 495/711/495 503/721/503 496/710/496
f 496/710/496 503/721/503 504/723/504
f 504/723/504 494/707/494 496/710/496
f 505/724/505 494/707/494 504/723/504
f 494/707/494 505/724/505 493/706/493
f 504/723/504 506/725/506 507/726/507
f 503/721/503 506/725/506 504/723/504
f 507/726/507 505/724/505 504/723/504
f 501/722/501 506/725/506 503/721/503
f 506/725/506 501/722/501 502/727/502
f 508/728/508 509/729/509 502/727/502
f 510/730/510 506/725/506 502/727/502
f 510/730/510 502/727/502 509/729/509
f 508/731/508 502/719/502 500/715/500
f 511/732/511 500/715/500 512/733/512
f 508/731/508 500/715/500 511/732/511
f 498/713/498 512/733/512 500/715/500
f 513/734/513 512/733/512 498/713/498
f 499/714/499 513/734/513 498/713/498
f 486/694/486 514/735/514 499/714/499
f 514/735/514 515/736/515 499/714/499
f 499/714/499 515/736/515 513/734/513
f 515/736/515 516/737/516 513/734/513
f 516/737/516 517/738/517 513/734/513
f 513/734/513 518/739/518 512/733/512
f 517/738/517 518/739/518 513/734/513
f 518/739/518 511/732/511 512/733/512
f 511/740/511 519/741/519 520/742/520
f 511/740/511 520/742/520 508/743/508
f 521/744/521 511/740/511 518/745/518
f 521/744/521 519/741/519 511/740/511
f 509/729/509 508/728/508 520/746/520
f 509/729/509 520/746/520 522/747/522
f 509/729/509 522/747/522 510/730/510
f 510/730/510 522/747/522 523/748/523
f 523/748/523 506/725/506 510/730/510
f 524/749/524 506/725/506 523/748/523
f 506/725/506 524/749/524 507/726/507
f 525/750/525 524/749/524 526/751/526
f 526/751/526 524/749/524 523/748/523
f 522/747/522 526/751/526 523/748/523
f 527/752/527 526/751/526 522/747/522
f 528/753/528 527/752/527 522/747/522
f 522/747/522 520/746/520 528/753/528
f 520/754/520 529/755/529 528/756/528
f 519/757/519 529/755/529 520/754/520
f 519/757/519 530/758/530 529/755/529
f 521/759/521 530/758/530 519/757/519
f 531/760/531 521/759/521 532/761/532
f 531/760/531 530/758/530 521/759/521
f 518/745/518 532/762/532 521/744/521
f 533/763/533 518/739/518 517/738/517
f 534/764/534 518/745/518 533/765/533
f 534/764/534 532/762/532 518/745/518
f 516/737/516 533/763/533 517/738/517
f 514/735/514 535/766/535 515/736/515
f 515/736/515 536/767/536 516/737/516
f 535/766/535 536/767/536 515/736/515
f 516/737/516 537/768/537 533/763/533
f 536/767/536 537/768/537 516/737/516
f 534/764/534 533/765/533 538/769/538
f 533/763/533 537/768/537 538/770/538
f 538/769/538 531/771/531 534/764/534
f 534/764/534 531/771/531 532/762/532
f 539/772/539 531/760/531 540/773/540
f 531/760/531 541/774/541 540/773/540
f 531/760/531 539/772/539 530/758/530
f 541/774/541 531/760/531 538/775/538
f 530/758/530 542/776/542 529/755/529
f 539/772/539 542/776/542 530/758/530
f 529/755/529 542/776/542 543/777/543
f 529/755/529 543/777/543 528/756/528
f 543/778/543 527/752/527 528/753/528
f 543/778/543 544/779/544 527/752/527
f 527/752/527 544/779/544 526/751/526
f 545/780/545 526/751/526 544/779/544
f 525/750/525 526/751/526 545/780/545
f 544/781/544 546/782/546 545/783/545
f 547/784/547 544/781/544 543/777/543
f 547/784/547 546/782/546 544/781/544
f 542/776/542 547/784/547 543/777/543
f 548/785/548 542/776/542 539/772/539
f 549/786/549 548/785/548 539/772/539
f 540/773/540 549/786/549 539/772/539
f 540/773/540 550/787/550 549/786/549
f 541/774/541 550/787/550 540/773/540
f 541/774/541 538/775/538 551/788/551
f 541/774/541 551/788/551 550/787/550
f 538/775/538 552/789/552 551/788/551
f 538/770/538 537/768/537 552/790/552
f 537/768/537 553/791/553 552/790/552
f 536/767/536 553/791/553 537/768/537
f 536/767/536 554/792/554 553/791/553
f 535/766/535 554/792/554 536/767/536
f 552/790/552 553/791/553 555/793/555
f 553/791/553 554/792/554 555/793/555
f 556/794/556 551/788/551 552/789/552
f 555/795/555 556/794/556 552/789/552
f 557/796/557 558/797/558 551/788/551
f 556/794/556 557/796/557 551/788/551
f 558/797/558 550/787/550 551/788/551
f 549/786/549 559/798/559 548/785/548
f 548/785/548 559/798/559 560/799/560
f 542/776/542 548/785/548 560/799/560
f 542/776/542 560/799/560 547/784/547
f 560/799/560 546/782/546 547/784/547
f 546/782/546 561/800/561 545/783/545
f 561/801/561 546/802/546 562/803/562
f 562/804/562 546/782/546 560/799/560
f 561/805/561 563/806/563 545/780/545
f 525/750/525 545/780/545 563/806/563
f 563/806/563 564/807/564 525/750/525
f 561/801/561 565/808/565 563/809/563
f 563/810/563 565/811/565 564/812/564
f 561/801/561 562/803/562 565/808/565
f 566/813/566 567/814/567 562/803/562
f 562/803/562 567/814/567 565/808/565
f 566/815/566 562/804/562 560/799/560
f 559/798/559 566/815/566 560/799/560
f 568/816/568 566/815/566 559/798/559
f 549/786/549 568/816/568 559/798/559
f 549/786/549 569/817/569 568/816/568
f 550/787/550 569/817/569 549/786/549
f 569/817/569 550/787/550 570/818/570
f 570/818/570 550/787/550 558/797/558
f 571/819/571 570/818/570 558/797/558
f 557/796/557 571/819/571 558/797/558
f 557/796/557 572/820/572 571/819/571
f 556/794/556 573/821/573 557/796/557
f 573/821/573 572/820/572 557/796/557
f 555/795/555 574/822/574 556/794/556
f 574/822/574 573/821/573 556/794/556
f 554/823/554 574/824/574 555/825/555
f 575/826/575 554/792/554 535/766/535
f 576/827/576 554/823/554 575/828/575
f 576/827/576 574/824/574 554/823/554
f 577/829/577 575/826/575 535/766/535
f 578/830/578 577/829/577 535/766/535
f 576/827/576 575/828/575 579/831/579
f 575/828/575 580/832/580 579/831/579
f 577/829/577 580/833/580 575/826/575
f 581/834/581 582/835/582 576/836/576
f 579/837/579 581/834/581 576/836/576
f 582/835/582 574/822/574 576/836/576
f 573/821/573 574/822/574 582/835/582
f 572/820/572 573/821/573 582/835/582
f 572/820/572 583/838/583 571/819/571
f 583/838/583 572/820/572 584/839/584
f 571/819/571 583/838/583 585/840/585
f 571/819/571 585/840/585 570/818/570
f 585/840/585 586/841/586 570/818/570
f 586/841/586 569/817/569 570/818/570
f 569/817/569 587/842/587 568/816/568
f 587/842/587 569/817/569 586/841/586
f 587/842/587 588/843/588 568/816/568
f 568/816/568 588/843/588 566/815/566
f 588/844/588 589/845/589 566/813/566
f 589/845/589 567/814/567 566/813/566
f 590/846/590 591/847/591 567/814/567
f 567/814/567 591/847/591 565/808/565
f 589/845/589 590/846/590 567/814/567
f 589/845/589 588/844/588 592/848/592
f 592/848/592 590/846/590 589/845/589
f 587/849/587 592/848/592 588/844/588
f 587/849/587 586/850/586 592/848/592
f 585/851/585 593/852/593 586/850/586
f 586/850/586 593/852/593 592/848/592
f 594/853/594 595/854/595 585/851/585
f 595/854/595 593/852/593 585/851/585
f 583/855/583 594/853/594 585/851/585
f 594/853/594 583/855/583 584/856/584
f 596/857/596 594/853/594 584/856/584
f 597/858/597 596/859/596 584/839/584
f 597/858/597 584/839/584 572/820/572
f 598/860/598 597/858/597 572/820/572
f 598/860/598 572/820/572 582/835/582
f 581/834/581 598/860/598 582/835/582
f 599/861/599 598/860/598 581/834/581
f 600/862/600 581/834/581 579/837/579
f 580/832/580 600/863/600 579/831/579
f 581/834/581 601/864/601 599/861/599
f 602/865/602 601/864/601 581/834/581
f 600/862/600 602/865/602 581/834/581
f 599/861/599 603/866/603 604/867/604
f 599/861/599 604/867/604 598/860/598
f 601/864/601 603/866/603 599/861/599
f 604/867/604 597/858/597 598/860/598
f 604/867/604 596/859/596 597/858/597
f 596/857/596 605/868/605 594/853/594
f 606/869/606 605/868/605 596/857/596
f 606/869/606 596/857/596 604/870/604
f 594/853/594 605/868/605 607/871/607
f 594/853/594 607/871/607 595/854/595
f 595/854/595 608/872/608 593/852/593
f 607/871/607 608/872/608 595/854/595
f 608/872/608 609/873/609 593/852/593
f 593/852/593 609/873/609 592/848/592
f 609/873/609 610/874/610 592/848/592
f 590/846/590 592/848/592 610/874/610
f 590/846/590 610/874/610 591/847/591
f 591/875/591 610/876/610 611/877/611
f 612/878/612 611/877/611 610/876/610
f 613/879/613 610/876/610 609/880/609
f 613/879/613 612/878/612 610/876/610
f 609/880/609 614/881/614 613/879/613
f 608/872/608 614/882/614 609/873/609
f 608/872/608 607/871/607 614/882/614
f 605/868/605 615/883/615 607/871/607
f 615/883/615 614/882/614 607/871/607
f 616/884/616 615/883/615 605/868/605
f 606/869/606 616/884/616 605/868/605
f 617/885/617 616/884/616 606/869/606
f 606/869/606 618/886/618 617/885/617
f 604/870/604 618/886/618 606/869/606
f 604/867/604 603/866/603 619/887/619
f 619/887/619 603/866/603 620/888/620
f 603/866/603 601/864/601 620/888/620
f 620/888/620 601/864/601 621/889/621
f 602/865/602 621/889/621 601/864/601
f 602/865/602 622/890/622 621/889/621
f 622/890/622 602/865/602 600/862/600
f 622/891/622 600/863/600 580/832/580
f 622/890/622 623/892/623 621/889/621
f 622/893/622 624/894/624 623/895/623
f 622/893/622 580/833/580 624/894/624
f 621/889/621 625/896/625 620/888/620
f 623/892/623 626/897/626 621/889/621
f 626/897/626 625/896/625 621/889/621
f 620/888/620 627/898/627 619/887/619
f 625/896/625 627/898/627 620/888/620
f 619/887/619 628/899/628 629/900/629
f 619/887/619 629/900/629 618/901/618
f 604/867/604 619/887/619 618/901/618
f 627/898/627 628/899/628 619/887/619
f 629/902/629 630/903/630 618/886/618
f 618/886/618 630/903/630 617/885/617
f 630/903/630 309/442/309 617/885/617
f 309/442/309 310/441/310 617/885/617
f 616/884/616 617/885/617 310/441/310
f 616/884/616 310/441/310 615/883/615
f 615/883/615 310/441/310 297/440/297
f 297/440/297 614/882/614 615/883/615
f 323/455/323 613/879/613 614/881/614
f 297/422/297 323/455/323 614/881/614
f 323/455/323 612/878/612 613/879/613
f 287/412/287 612/878/612 323/455/323
f 291/416/291 323/455/323 297/422/297
f 287/412/287 286/411/286 612/878/612
f 286/411/286 631/904/631 612/878/612
f 286/411/286 372/526/372 631/904/631
f 631/904/631 632/905/632 612/878/612
f 308/436/308 372/526/372 286/411/286
f 372/526/372 633/906/633 631/904/631
f 372/526/372 634/907/634 633/906/633
f 631/904/631 633/906/633 632/905/632
f 632/905/632 635/908/635 611/877/611
f 612/878/612 632/905/632 611/877/611
f 632/905/632 633/906/633 635/908/635
f 633/906/633 636/909/636 635/908/635
f 633/906/633 637/910/637 636/909/636
f 633/906/633 634/907/634 637/910/637
f 636/909/636 638/911/638 639/912/639
f 635/908/635 636/909/636 639/912/639
f 636/909/636 637/910/637 638/911/638
f 635/908/635 639/912/639 591/875/591
f 611/877/611 635/908/635 591/875/591
f 591/847/591 639/913/639 565/808/565
f 565/808/565 639/913/639 640/914/640
f 639/913/639 638/915/638 640/914/640
f 640/916/640 638/917/638 641/918/641
f 638/917/638 642/919/642 641/918/641
f 637/920/637 642/921/642 638/922/638
f 643/923/643 642/921/642 637/920/637
f 634/907/634 643/924/643 637/910/637
f 634/907/634 644/925/644 643/924/643
f 634/907/634 645/926/645 644/925/644
f 373/527/373 645/926/645 634/907/634
f 372/526/372 373/527/373 634/907/634
f 398/559/398 646/927/646 645/926/645
f 373/527/373 398/559/398 645/926/645
f 645/926/645 647/928/647 644/925/644
f 648/929/648 647/928/647 645/926/645
f 646/927/646 648/929/648 645/926/645
f 644/925/644 649/930/649 643/924/643
f 647/928/647 649/930/649 644/925/644
f 650/931/650 642/919/642 643/932/643
f 650/931/650 643/932/643 651/933/651
f 643/932/643 649/934/649 651/933/651
f 652/935/652 641/918/641 642/919/642
f 650/931/650 652/935/652 642/919/642
f 640/916/640 641/918/641 653/936/653
f 641/918/641 654/937/654 653/936/653
f 652/938/652 654/939/654 641/940/641
f 565/811/565 640/916/640 564/812/564
f 564/812/564 640/916/640 653/936/653
f 564/807/564 653/941/653 525/750/525
f 653/941/653 654/939/654 655/942/655
f 525/750/525 653/941/653 655/942/655
f 655/942/655 654/939/654 656/943/656
f 654/939/654 652/938/652 650/944/650
f 650/944/650 651/945/651 657/946/657
f 654/939/654 650/944/650 657/946/657
f 658/947/658 651/948/651 649/949/649
f 651/945/651 659/950/659 657/946/657
f 658/947/658 659/951/659 651/948/651
f 660/952/660 649/949/649 647/953/647
f 660/952/660 658/947/658 649/949/649
f 661/954/661 660/952/660 647/953/647
f 662/955/662 647/953/647 648/956/648
f 662/955/662 661/954/661 647/953/647
f 663/957/663 662/955/662 648/956/648
f 646/958/646 664/959/664 648/956/648
f 664/959/664 663/957/663 648/956/648
f 398/561/398 422/590/422 646/958/646
f 422/590/422 664/959/664 646/958/646
f 663/957/663 664/959/664 665/960/665
f 665/960/665 664/959/664 423/591/423
f 664/959/664 422/590/422 423/591/423
f 665/960/665 666/961/666 663/957/663
f 663/957/663 666/961/666 662/955/662
f 666/961/666 661/954/661 662/955/662
f 666/961/666 667/962/667 661/954/661
f 661/954/661 667/962/667 660/952/660
f 667/962/667 658/947/658 660/952/660
f 658/947/658 667/962/667 659/951/659
f 668/963/668 659/951/659 667/962/667
f 657/964/657 659/965/659 669/966/669
f 659/965/659 670/967/670 669/966/669
f 668/963/668 670/968/670 659/951/659
f 654/939/654 657/946/657 656/943/656
f 657/946/657 671/969/671 656/943/656
f 671/969/671 657/946/657 669/970/669
f 507/726/507 655/942/655 656/943/656
f 656/943/656 671/969/671 507/726/507
f 525/750/525 655/942/655 524/749/524
f 524/749/524 655/942/655 507/726/507
f 671/969/671 672/971/672 507/726/507
f 671/969/671 669/970/669 673/972/673
f 672/971/672 671/969/671 673/972/673
f 669/966/669 670/967/670 674/973/674
f 673/974/673 669/966/669 674/973/674
f 668/963/668 675/975/675 670/968/670
f 676/976/676 670/968/670 675/975/675
f 674/973/674 670/967/670 676/977/676
f 666/961/666 677/978/677 668/963/668
f 666/961/666 668/963/668 667/962/667
f 675/975/675 668/963/668 677/978/677
f 678/979/678 677/978/677 666/961/666
f 665/960/665 678/979/678 666/961/666
f 679/980/679 678/979/678 665/960/665
f 423/591/423 445/626/445 665/960/665
f 445/626/445 679/980/679 665/960/665
f 675/975/675 678/979/678 676/976/676
f 675/975/675 677/978/677 678/979/678
f 678/979/678 680/981/680 676/976/676
f 672/971/672 673/972/673 681/982/681
f 681/983/681 673/974/673 674/973/674
f 672/971/672 505/724/505 507/726/507
f 505/724/505 672/971/672 681/982/681
f 505/724/505 681/982/681 493/706/493
f 681/983/681 674/973/674 492/701/492
f 493/703/493 681/983/681 492/701/492
f 482/688/482 674/973/674 676/977/676
f 492/701/492 674/973/674 482/688/482
f 482/688/482 676/977/676 467/663/467
f 680/981/680 467/984/467 676/976/676
f 466/985/466 680/981/680 679/980/679
f 680/981/680 678/979/678 679/980/679
f 467/984/467 680/981/680 466/985/466
f 466/985/466 679/980/679 445/626/445
f 682/986/682 309/442/309 630/903/630
f 682/986/682 303/431/303 309/442/309
f 683/987/683 682/986/682 630/903/630
f 682/986/682 684/988/684 303/431/303
f 684/988/684 682/986/682 683/987/683
f 683/987/683 630/903/630 629/902/629
f 685/989/685 683/987/683 629/902/629
f 685/989/685 684/988/684 683/987/683
f 304/430/304 303/431/303 684/988/684
f 686/990/686 304/430/304 684/988/684
f 686/990/686 684/988/684 685/989/685
f 628/991/628 685/989/685 629/902/629
f 685/989/685 628/991/628 686/990/686
f 687/992/687 688/993/688 686/990/686
f 686/990/686 688/993/688 304/430/304
f 689/994/689 690/995/690 686/996/686
f 690/995/690 687/997/687 686/996/686
f 686/998/686 628/899/628 689/999/689
f 302/428/302 304/430/304 688/993/688
f 302/428/302 688/993/688 687/992/687
f 301/426/301 687/992/687 691/1000/691
f 302/428/302 687/992/687 301/426/301
f 691/1001/691 687/997/687 690/995/690
f 692/1002/692 690/995/690 689/994/689
f 693/1003/693 691/1001/691 690/995/690
f 693/1003/693 690/995/690 694/1004/694
f 690/995/690 692/1002/692 694/1004/694
f 628/899/628 627/898/627 689/999/689
f 695/1005/695 692/1002/692 689/994/689
f 692/1002/692 695/1005/695 694/1004/694
f 696/1006/696 693/1003/693 694/1004/694
f 696/1006/696 697/1007/697 693/1003/693
f 697/1007/697 691/1001/691 693/1003/693
f 301/426/301 691/1000/691 698/1008/698
f 698/1008/698 691/1000/691 697/1009/697
f 301/426/301 698/1008/698 300/432/300
f 699/1010/699 300/432/300 698/1008/698
f 700/1011/700 696/1006/696 694/1004/694
f 701/1012/701 700/1011/700 694/1004/694
f 694/1004/694 695/1005/695 701/1012/701
f 702/1013/702 695/1014/695 689/999/689
f 703/1015/703 695/1014/695 702/1013/702
f 695/1005/695 703/1016/703 704/1017/704
f 701/1012/701 695/1005/695 704/1017/704
f 627/898/627 625/896/625 689/999/689
f 689/999/689 625/896/625 702/1013/702
f 705/1018/705 703/1015/703 702/1013/702
f 625/896/625 626/897/626 702/1013/702
f 702/1013/702 626/897/626 705/1018/705
f 706/1019/706 703/1020/703 705/1021/705
f 703/1020/703 706/1019/706 704/1022/704
f 701/1012/701 704/1017/704 707/1023/707
f 706/1019/706 708/1024/708 704/1022/704
f 709/1025/709 707/1023/707 704/1017/704
f 709/1026/709 704/1022/704 708/1024/708
f 707/1023/707 700/1011/700 701/1012/701
f 707/1023/707 710/1027/710 700/1011/700
f 711/1028/711 696/1006/696 700/1011/700
f 712/1029/712 711/1028/711 700/1011/700
f 710/1027/710 712/1029/712 700/1011/700
f 711/1028/711 697/1007/697 696/1006/696
f 713/1030/713 698/1008/698 697/1009/697
f 714/1031/714 697/1007/697 711/1028/711
f 714/1032/714 713/1030/713 697/1009/697
f 713/1030/713 715/1033/715 698/1008/698
f 715/1033/715 699/1010/699 698/1008/698
f 699/1010/699 273/1034/273 300/432/300
f 699/1010/699 715/1033/715 273/1034/273
f 300/1035/300 273/1036/273 274/1037/274
f 274/390/274 288/413/288 300/425/300
f 272/1038/272 273/1034/273 715/1033/715
f 716/1039/716 272/1038/272 715/1033/715
f 716/1039/716 715/1033/715 713/1030/713
f 716/1039/716 713/1030/713 714/1032/714
f 717/1040/717 714/1031/714 711/1028/711
f 716/1039/716 714/1032/714 717/1041/717
f 712/1029/712 718/1042/718 711/1028/711
f 718/1042/718 717/1040/717 711/1028/711
f 719/1043/719 718/1042/718 712/1029/712
f 720/1044/720 712/1029/712 710/1027/710
f 720/1044/720 719/1043/719 712/1029/712
f 721/1045/721 722/1046/722 710/1027/710
f 722/1046/722 720/1044/720 710/1027/710
f 709/1025/709 721/1045/721 710/1027/710
f 707/1023/707 709/1025/709 710/1027/710
f 709/1047/709 723/1048/723 721/1049/721
f 709/1047/709 708/1050/708 723/1048/723
f 708/1050/708 706/1051/706 724/1052/724
f 723/1048/723 708/1050/708 725/1053/725
f 725/1053/725 708/1050/708 724/1052/724
f 706/1051/706 726/1054/726 724/1052/724
f 705/1021/705 726/1055/726 706/1019/706
f 705/1021/705 626/1056/626 726/1055/726
f 726/1055/726 626/1056/626 623/1057/623
f 624/894/624 726/1054/726 623/895/623
f 578/830/578 726/1054/726 624/894/624
f 724/1052/724 726/1054/726 578/830/578
f 725/1053/725 724/1052/724 578/830/578
f 181/258/181 723/1048/723 725/1053/725
f 181/258/181 725/1053/725 143/205/143
f 723/1048/723 727/1058/727 721/1049/721
f 728/1059/728 727/1058/727 723/1048/723
f 728/1059/728 723/1048/723 181/258/181
f 727/1058/727 722/1060/722 721/1049/721
f 720/1061/720 722/1062/722 729/1063/729
f 729/1063/729 722/1062/722 730/1064/730
f 730/1065/730 722/1060/722 727/1058/727
f 729/1063/729 719/1066/719 720/1061/720
f 719/1066/719 248/354/248 718/1067/718
f 719/1066/719 729/1063/729 248/354/248
f 718/1067/718 731/1068/731 717/1069/717
f 250/356/250 731/1068/731 718/1067/718
f 718/1067/718 248/354/248 250/356/250
f 732/1070/732 717/1069/717 731/1068/731
f 716/1071/716 717/1072/717 732/1073/732
f 731/1068/731 270/385/270 732/1070/732
f 249/355/249 270/385/270 731/1068/731
f 250/356/250 249/355/249 731/1068/731
f 732/1073/732 733/1074/733 716/1071/716
f 733/1074/733 732/1073/732 271/386/271
f 732/1073/732 270/384/270 271/386/271
f 716/1071/716 733/1074/733 272/388/272
f 271/386/271 272/388/272 733/1074/733
f 225/324/225 248/354/248 729/1063/729
f 730/1064/730 225/324/225 729/1063/729
f 183/294/183 225/324/225 730/1064/730
f 730/1065/730 727/1058/727 183/260/183
f 183/260/183 727/1058/727 180/257/180
f 180/257/180 727/1058/727 728/1059/728
f 181/258/181 180/257/180 728/1059/728
f 143/205/143 725/1053/725 734/1075/734
f 162/227/162 181/258/181 143/205/143
f 143/205/143 734/1075/734 735/1076/735
f 725/1053/725 578/830/578 734/1075/734
f 96/133/96 143/205/143 735/1076/735
f 95/132/95 735/1076/735 736/1077/736
f 96/133/96 735/1076/735 95/132/95
f 122/171/122 143/205/143 96/133/96
f 95/132/95 736/1077/736 74/99/74
f 578/830/578 624/894/624 577/829/577
f 734/1075/734 578/830/578 735/1076/735
f 736/1077/736 735/1076/735 486/694/486
f 486/694/486 735/1076/735 514/735/514
f 735/1076/735 578/830/578 535/766/535
f 735/1076/735 535/766/535 514/735/514
f 74/99/74 736/1077/736 73/98/73
f 736/1077/736 486/694/486 73/98/73
f 52/71/52 73/98/73 476/680/476
f 737/1078/737 476/680/476 738/1079/738
f 52/71/52 476/680/476 737/1078/737
f 739/1080/739 737/1078/737 738/1079/738
f 21/25/21 737/1078/737 739/1080/739
f 20/24/20 52/71/52 737/1078/737
f 20/24/20 737/1078/737 21/25/21
f 34/48/34 21/25/21 739/1080/739
f 740/1081/740 34/48/34 739/1080/739
f 739/1080/739 738/1079/738 741/1082/741
f 740/1081/740 739/1080/739 741/1082/741
f 738/1079/738 476/680/476 459/651/459
f 742/1083/742 741/1082/741 738/1079/738
f 743/1084/743 741/1082/741 742/1083/742
f 743/1085/743 744/1086/744 741/1087/741
f 740/1088/740 741/1087/741 744/1086/744
f 745/1089/745 740/1088/740 744/1086/744
f 746/1090/746 34/48/34 740/1081/740
f 746/1091/746 740/1088/740 745/1089/745
f 746/1090/746 36/52/36 34/48/34
f 36/1092/36 746/1093/746 747/1094/747
f 747/1094/747 746/1093/746 745/1095/745
f 748/1096/748 745/1095/745 744/1097/744
f 749/1098/749 745/1095/745 748/1096/748
f 747/1094/747 745/1095/745 749/1098/749
f 744/1097/744 743/1099/743 750/1100/750
f 751/1101/751 748/1096/748 744/1097/744
f 751/1101/751 744/1097/744 750/1100/750
f 743/1099/743 752/1102/752 750/1100/750
f 742/1083/742 738/1079/738 475/679/475
f 458/650/458 742/1083/742 475/679/475
f 753/1103/753 742/1083/742 458/650/458
f 753/1103/753 743/1084/743 742/1083/742
f 738/1079/738 459/651/459 475/679/475
f 743/1104/743 753/1105/753 754/1106/754
f 743/1099/743 754/1107/754 752/1102/752
f 363/514/363 752/1102/752 385/541/385
f 752/1102/752 754/1107/754 385/541/385
f 363/514/363 362/513/362 752/1102/752
f 362/513/362 751/1101/751 752/1102/752
f 751/1101/751 750/1100/750 752/1102/752
f 751/1101/751 362/513/362 748/1096/748
f 748/1096/748 362/513/362 347/492/347
f 347/492/347 749/1098/749 748/1096/748
f 344/491/344 749/1098/749 347/492/347
f 344/486/344 38/54/38 749/1108/749
f 35/50/35 749/1108/749 38/54/38
f 35/50/35 747/1109/747 749/1108/749
f 36/51/36 747/1109/747 35/50/35
f 385/541/385 457/646/457 384/540/384
f 754/1107/754 457/646/457 385/541/385
f 754/1106/754 753/1105/753 457/647/457
f 753/1105/753 458/648/458 457/647/457
f 456/644/456 386/542/386 384/540/384
f 386/542/386 456/644/456 412/577/412
f 624/894/624 580/833/580 577/829/577
f 268/381/268 288/413/288 274/390/274
f 331/470/331 40/56/40 37/53/37
f 40/56/40 330/469/330 39/55/39
f 755/1110/755 330/465/330 317/449/317
f 755/1111/755 39/55/39 330/469/330
f 41/57/41 39/55/39 755/1111/755
f 62/1112/62 755/1110/755 756/1113/756
f 756/1113/756 755/1110/755 317/449/317
f 62/83/62 41/1114/41 755/1115/755
f 756/1113/756 317/449/317 312/444/312
f 756/1113/756 312/444/312 311/443/311
f 757/1116/757 756/1113/756 311/443/311
f 757/1116/757 62/1112/62 756/1113/756
f 64/85/64 62/83/62 757/1117/757
f 63/84/63 41/1114/41 62/83/62
f 41/1114/41 63/84/63 44/61/44
f 43/60/43 41/1114/41 44/61/44
f 42/58/42 41/57/41 43/59/43
f 758/1118/758 757/1116/757 311/443/311
f 84/1119/84 757/1116/757 758/1118/758
f 84/114/84 64/85/64 757/1117/757
f 758/1118/758 311/443/311 305/433/305
f 758/1118/758 305/433/305 293/418/293
f 295/420/295 758/1118/758 293/418/293
f 295/420/295 83/1120/83 758/1118/758
f 83/1120/83 84/1119/84 758/1118/758
f 61/82/61 64/85/64 84/114/84
f 86/118/86 83/113/83 295/1121/295
f 294/1122/294 86/118/86 295/1121/295
f 85/119/85 86/118/86 294/1122/294
f 294/419/294 108/150/108 85/117/85
