# Blender v2.79 (sub 0) OBJ File: ''
# www.blender.org
o CavePlatform2-1
v -10.432000 -6.325327 -16.209501
v -11.378000 -6.718637 -14.397501
v -12.356000 -5.791917 -16.286501
v -13.668000 -6.532487 -14.774501
v -14.034000 -4.771597 -16.183500
v -12.739000 -3.684097 -16.909500
v -11.090000 -4.503297 -17.119499
v -9.362000 -6.741457 -14.411501
v -10.102000 -6.685758 -12.108500
v -12.469000 -6.701298 -12.791501
v -14.581000 -6.861208 -12.723501
v -15.210000 -6.190537 -14.335501
v -14.962000 -5.231798 -15.208501
v -13.910000 -2.813397 -16.294500
v -14.884000 -3.336698 -15.314501
v -12.895000 -1.454997 -16.608500
v -11.423000 -2.395497 -16.945499
v -9.859000 -3.105697 -16.849501
v -9.398990 -4.918997 -16.736500
v -8.838000 -6.003238 -15.922501
v -8.195000 -6.702018 -13.129501
v -7.661990 -6.374358 -14.718501
v -7.380000 -6.687528 -11.451501
v -12.853000 -6.690518 -10.216501
v -15.362000 -6.714218 -10.707501
v -16.413000 -6.455238 -12.294501
v -16.039000 -6.263728 -13.669501
v -15.980000 -4.570598 -14.317501
v -14.428000 -0.827397 -15.644500
v -16.066999 -1.676298 -14.305500
v -13.097000 1.450103 -16.395500
v -11.420000 -0.090897 -16.813499
v -10.276000 -1.415997 -16.820499
v -8.700000 -1.333697 -16.133499
v -8.287990 -4.003498 -15.986501
v -8.586000 -5.082497 -16.181499
v -7.953000 -5.366797 -15.807501
v -6.658000 -6.699948 -13.222501
v -6.256000 -6.301578 -14.602501
v -6.897000 -5.122397 -15.308501
v -16.066999 -6.682609 -7.781501
v -17.326000 -6.584758 -10.603501
v -16.922001 -5.360998 -13.381501
v -17.816999 -5.190698 -12.264501
v -17.226999 -3.506298 -13.328501
v -9.974000 -0.178697 -16.722500
v -15.501000 0.809902 -14.657500
v -17.372000 -1.223998 -12.931500
v -18.035999 -2.912898 -11.780500
v -18.642000 -4.783998 -10.747501
v -18.645000 -6.269109 -9.298501
v -12.523000 -6.682199 -7.124501
v -19.336000 -4.892999 -9.833501
v -19.020000 -3.774998 -9.888501
v -18.615999 -3.020698 -10.524501
v -18.306999 -1.711398 -10.732500
v -17.916000 -0.599798 -11.705500
v -14.492000 1.449602 -15.569500
v -11.532000 1.912103 -16.779499
v -15.115000 2.985702 -14.934499
v -16.761000 0.805502 -13.656500
v -19.282000 -1.874498 -9.602500
v -19.766001 -3.917099 -9.309501
v -19.865000 -5.355299 -9.170501
v -18.629000 -6.606238 -7.704501
v -19.686001 -6.047419 -8.329501
v -18.615999 -6.705949 -5.935501
v -19.974001 -6.142519 -7.108501
v -20.455000 -4.424899 -8.125501
v -20.150999 -2.981399 -8.824501
v -18.468000 0.123202 -10.540500
v -17.591999 0.577602 -12.624500
v -16.110001 2.289702 -14.186500
v -16.893000 2.852802 -13.620500
v -17.368999 1.958302 -12.856500
v -17.995001 1.857002 -11.648500
v -19.431999 1.571302 -9.413500
v -20.389999 -1.556699 -7.906500
v -21.094000 -5.251699 -6.881501
v -21.009001 -3.644799 -6.716500
v -21.041000 -6.370139 -5.519601
v -16.923000 -6.679649 -4.115101
v -19.469999 -6.699080 -3.699101
v -21.377001 -5.755149 -3.546901
v -21.830000 -4.744199 -6.107501
v -22.007000 -4.535499 -4.759501
v -21.306999 -2.062999 -6.299500
v -21.870001 -3.294799 -5.711000
v -18.563999 1.651202 -10.524500
v -17.589001 3.474102 -12.710499
v -18.535999 3.019202 -10.594499
v -18.032000 4.130102 -11.591499
v -20.396000 0.991501 -7.734500
v -21.143000 0.009701 -6.406500
v -21.823999 -2.243399 -5.566401
v -21.805000 -2.208599 -4.444500
v -21.707001 -4.024000 -3.501701
v -20.598000 -6.132430 -1.883501
v -21.563000 -4.694799 -2.400401
v -18.121000 -6.664900 -1.344401
v -20.127001 -5.820660 0.069399
v -21.174000 -4.217200 -1.017201
v -21.275999 -2.864700 -2.474101
v -21.768999 -1.409299 -5.663600
v -21.916000 -0.469999 -5.301000
v -18.983000 3.885102 -9.887499
v -18.485001 4.878102 -10.615499
v -19.878000 4.303102 -9.210499
v -19.063000 5.400102 -9.910499
v -20.417000 2.981701 -8.035499
v -20.754999 2.011501 -6.804500
v -21.349001 1.491401 -6.250500
v -21.860001 1.219601 -5.448200
v -21.750000 -0.021399 -4.443400
v -21.396999 -0.260000 -2.975200
v -21.051001 -2.822200 -1.341700
v -20.524000 -2.623000 -0.478400
v -20.330000 -4.027700 0.288799
v -18.330999 -6.356730 1.265999
v -19.427000 -4.673600 1.436899
v -19.517000 -2.486800 0.924900
v -20.281000 -0.736400 -0.139700
v -21.018000 -1.372300 -1.429000
v -21.657000 1.594801 -4.081900
v -21.599001 2.664801 -6.132500
v -20.774000 3.804101 -6.747499
v -20.542000 5.156101 -7.831499
v -19.184000 6.308102 -8.615499
v -17.413000 6.552102 -9.699499
v -19.263000 6.636101 -6.333499
v -17.333000 6.736101 -7.257499
v -20.945999 5.458101 -6.508499
v -21.732000 4.397101 -5.747499
v -22.129000 2.965001 -4.879499
v -19.350000 -0.315300 1.056200
v -18.431999 -1.160500 2.073600
v -18.150000 -3.476701 2.402200
v -18.443001 -5.157900 2.292099
v -17.721001 -4.851100 2.768799
v -17.464001 -1.778500 3.002000
v -21.007999 1.174800 -1.360400
v -21.306000 1.854200 -2.830300
v -21.569000 3.180100 -3.534100
v -21.943001 4.631101 -4.187299
v -20.794001 6.066101 -4.819499
v -21.322001 5.778100 -3.105899
v -19.905001 6.450100 -3.152499
v -18.900999 6.729101 -4.147599
v -21.591999 4.465100 -2.983999
v -21.072001 3.436100 -2.058000
v -19.834999 1.647600 0.452400
v -16.996000 -1.832001 3.942620
v -17.020000 -3.049401 3.589570
v -17.530001 -0.225500 2.957300
v -17.014000 -0.914201 3.617120
v -18.313000 1.394400 2.097800
v -20.601999 3.171000 -0.453099
v -20.982000 4.775100 -0.779599
v -21.480000 5.076100 -1.999799
v -20.287001 6.239100 -1.577999
v -18.077000 6.577100 -2.011399
v -16.396000 6.574100 -4.304699
v -18.886999 6.503100 -0.403199
v -17.202999 6.591100 0.330001
v -20.062000 5.806100 0.120901
v -20.162001 4.468100 0.241801
v -19.844999 3.396100 0.496501
v -19.066000 3.253800 1.380400
v -17.011000 0.011699 3.896840
v -17.368000 -0.917301 4.710300
v -17.410999 1.045799 4.933060
v -17.100000 0.985099 3.346440
v -17.955000 3.775100 2.533801
v -19.485001 4.244100 0.949701
v -19.611000 5.138100 0.991801
v -18.700001 6.097100 1.183701
v -15.166000 6.612100 -0.498099
v -14.416000 6.626101 -7.240499
v -11.824000 6.610100 -2.362399
v -15.561000 6.616099 2.024901
v -17.191000 6.462100 2.065401
v -18.021000 5.559100 2.376701
v -18.867001 4.751100 1.842301
v -18.094999 4.766099 2.389301
v -17.032000 2.537199 3.562820
v -17.743000 4.948100 2.996101
v -17.145000 4.445099 4.032851
v -17.006001 5.898099 3.349351
v -16.285000 6.490099 2.825501
v -12.281000 6.607100 3.640391
v -9.951000 6.611101 -6.727499
v -12.693000 6.597101 -9.903499
v -7.807000 6.610100 -3.353799
v -15.477000 6.566100 3.865361
v -16.711000 6.029099 5.017191
v -14.953000 6.606099 6.298801
v -6.447000 6.611100 0.990501
v -8.054000 6.609099 5.945901
v -10.428000 6.914099 8.219701
v -8.227000 6.639099 8.583401
v -5.919000 6.621099 8.312301
v -4.650000 6.611099 5.190901
v -4.823000 6.610100 -2.996299
v -6.134990 6.744098 10.404001
v -4.202000 6.554099 10.132201
v -7.502000 6.816099 10.053901
v -9.014000 6.861099 10.022401
v -7.174000 6.434098 11.421000
v -8.326000 6.522098 11.131801
v -5.703000 6.319098 11.696601
v -4.254000 5.775098 11.807801
v -2.280000 6.615098 7.449601
v -0.308000 6.611100 2.992801
v -1.546000 6.610100 -1.720999
v -2.380000 6.445098 9.751201
v -2.990000 5.598098 10.891501
v -3.335000 4.657098 12.327701
v -4.314990 5.302098 12.600701
v -5.263000 5.629098 12.827600
v -7.273990 5.467098 12.876201
v -7.972000 6.067098 11.892001
v -5.664000 4.681098 13.579701
v -4.490000 5.029098 13.200801
v -1.950000 5.199098 11.381501
v -1.543000 4.693098 12.218701
v -1.658000 5.823098 10.470001
v -0.911000 6.579099 9.425001
v 0.070000 6.646099 8.018701
v 0.877000 6.636099 6.271601
v 3.466000 6.629099 5.186701
v 0.852010 6.419098 9.278901
v -0.235000 5.459098 10.928901
v -2.031000 4.008098 13.823801
v -4.178000 4.243098 13.816901
v -6.906000 4.235097 14.082501
v -5.704990 3.566097 14.443501
v -3.980000 2.836298 14.717500
v -0.742000 3.368098 14.809501
v 0.012000 4.473098 14.158801
v -2.173000 2.562898 14.796500
v -0.118000 4.416098 12.570401
v 1.951000 4.626098 11.412201
v 1.649000 5.529099 10.048501
v 2.537000 6.182098 8.851701
v 1.684010 6.754098 7.844301
v 2.580000 6.622099 6.764101
v 2.957000 6.395099 7.688501
v 3.707000 6.590099 6.923601
v 3.177000 5.128098 9.658701
v 1.464000 4.499098 13.162501
v 0.448010 3.976097 15.407501
v 1.738000 4.433098 14.594501
v -0.111000 2.931597 15.543501
v -0.951000 2.182698 15.159500
v -1.944000 1.307498 14.694500
v -3.310000 1.493698 14.586500
v -4.669000 1.460598 14.825500
v -6.028000 2.062698 14.877500
v -4.238000 0.504798 14.814500
v -5.717990 0.544998 15.146500
v -2.939000 0.359598 14.617500
v -0.943000 0.943097 15.183500
v -1.842000 0.317998 14.726500
v 0.056000 1.830798 15.664500
v 0.841000 3.009097 16.185499
v 1.667000 3.974097 15.826501
v 3.660000 4.366097 13.333301
v 4.270000 4.456098 10.783101
v 4.778000 4.949099 9.228101
v 4.173000 5.977098 8.173201
v 2.963010 4.202097 15.505501
v 2.262000 3.079597 16.446501
v 1.341000 1.691797 16.187500
v 0.045010 0.263397 15.683500
v -1.282000 -0.145202 15.173500
v -2.462000 -0.443502 15.135500
v -3.775000 -0.364402 15.187500
v -1.515000 -1.169103 15.897500
v -3.449000 -1.218903 15.759500
v 1.637000 0.419197 16.281500
v 0.781010 -1.115603 16.259501
v 3.164000 1.661197 16.476500
v 3.621000 3.387097 16.368500
v 4.593000 4.197098 15.309501
v 5.761000 4.292098 13.776101
v 6.085000 4.496098 11.699401
v 6.022000 4.551098 9.703901
v 6.275000 5.348099 7.942701
v 5.296010 6.624099 6.655101
v 7.427000 4.836099 7.977201
v 7.110000 4.544098 8.727701
v 7.513000 4.314098 9.994501
v 7.176000 4.509098 13.088301
v 8.238000 4.503098 11.660101
v 6.415000 4.213098 15.301501
v 6.750000 4.423098 14.101901
v 4.979000 3.081297 16.595501
v 2.927000 -0.391803 16.555500
v 5.188000 0.951697 16.713499
v 6.882000 2.973997 16.946501
v 8.433000 4.142097 15.684501
v 7.698010 4.511097 14.257501
v 9.061000 4.512099 10.124601
v 8.515000 4.564098 8.385401
v 7.869000 5.396099 7.415901
v 7.336000 6.270099 6.395801
v 8.908000 4.831099 6.692501
v 8.221000 5.607099 6.559801
v 10.224000 4.457098 9.063801
v 9.917000 3.899099 7.552600
v 10.321000 4.344098 10.522701
v 9.520000 4.516098 11.208901
v 8.550000 4.664098 13.229501
v 8.918000 4.532098 14.320501
v 9.665000 3.394097 15.904501
v 8.743000 2.686397 16.918501
v 10.027000 4.211098 14.744501
v 7.345000 1.117797 17.043501
v 6.308000 -0.440603 17.003500
v 8.979000 1.021697 16.975500
v 7.775000 -0.539003 17.009501
v 10.037000 2.251797 16.233500
v 10.602000 3.153598 15.357501
v 11.264000 3.367098 14.040401
v 9.547000 4.580098 13.641201
v 10.435000 4.345098 13.433401
v 9.666000 4.549098 12.422901
v 10.231000 4.331098 11.545701
v 11.085000 3.784098 9.917401
v 11.054000 4.003098 10.729001
v 11.243000 3.184899 8.455601
v 9.399000 3.350099 6.185300
v 10.278000 2.373099 7.240400
v 11.723000 2.898598 9.822700
v 11.674000 1.905698 9.234300
v 11.248000 1.801699 8.061000
v 11.355000 3.171798 11.188201
v 10.824000 4.052098 11.275601
v 10.826000 3.913098 12.350901
v 10.898000 2.005898 15.152500
v 11.528000 1.786498 13.863500
v 11.507000 2.812498 12.751000
v 10.136000 0.842797 16.104500
v 9.236000 -0.286803 16.773500
v 10.161000 -0.674003 16.020500
v 11.039000 0.570198 15.008500
v 11.774000 0.370298 13.509500
v 11.621000 1.594898 12.223600
v 11.686000 1.890498 10.584400
v 12.354000 1.054398 10.001700
v 12.208000 0.762499 8.447100
v 10.871000 0.788199 7.118700
v 9.512000 1.594199 5.899601
v 9.119000 4.743099 4.994081
v 9.217000 3.102299 4.644210
v 9.700000 1.583599 3.957390
v 11.234000 0.065899 4.853960
v 13.024000 -0.100601 6.762400
v 13.200000 0.199998 9.606600
v 13.494000 0.035499 8.371000
v 12.093000 0.988998 11.230300
v 12.974000 0.317598 11.074500
v 12.276000 0.516498 12.198700
v 11.229000 -0.992302 14.752500
v 12.203000 -0.796402 13.447500
v 12.455000 -0.078702 12.814900
v 10.301000 -1.960403 15.813500
v 8.672000 -2.208903 16.877501
v 7.207000 -1.698303 17.119499
v 6.627000 -2.771503 17.080500
v 10.057000 -3.363603 16.038500
v 11.115000 -2.543202 15.036500
v 12.089000 -1.834602 14.020300
v 13.276000 -1.001902 13.830800
v 13.239000 -0.382602 12.859500
v 13.001000 0.121098 12.171100
v 14.249000 0.068698 10.325700
v 13.970000 -0.027602 11.751900
v 14.252000 0.019799 9.108400
v 14.917000 0.028899 7.852100
v 15.336000 0.080998 9.344500
v 15.714000 0.057198 10.946500
v 14.665000 -0.348002 13.047500
v 14.369000 -1.373002 13.930800
v 13.380000 -2.224802 14.424500
v 11.977000 -3.049202 14.047699
v 11.092000 -3.898102 15.089499
v 9.988000 -4.872003 15.886499
v 8.633000 -4.450803 16.784500
v 7.210000 -3.849903 16.913500
v 6.068000 -1.690903 17.073500
v 4.865010 -2.762603 16.903500
v 5.566000 -4.034203 16.742500
v 6.830000 -1.075603 17.095501
v 4.590000 -1.219203 16.856501
v 2.379010 -2.768303 16.424500
v 3.698010 -4.112203 16.590500
v 6.397000 -5.416403 16.313499
v 4.408000 -5.217903 16.393499
v 8.439000 -5.950052 15.930499
v 10.973000 -5.279102 14.981499
v 9.838000 -6.027242 15.406499
v 12.067000 -4.346402 14.012299
v 12.994000 -3.409802 14.430499
v 14.217000 -3.305302 14.461499
v 14.640000 -2.190002 14.208500
v 15.650000 -1.485002 13.773400
v 16.510000 -0.436802 12.572900
v 17.004000 -1.474802 13.324900
v 16.527000 -2.863602 13.678700
v 15.325000 -2.728302 14.121700
v 14.280000 -4.583302 14.443499
v 15.349000 -3.861102 14.185499
v 13.323000 -4.215602 14.534499
v 13.013000 -5.405402 14.253499
v 11.455000 -5.782592 13.927399
v 10.477000 -6.577363 14.530499
v 8.716000 -6.705883 14.480499
v 6.448010 -6.602142 14.693499
v 3.772000 -6.409402 15.204499
v 2.569000 -5.341703 16.214500
v 2.280000 -4.306103 16.367500
v 0.460000 -4.775003 16.211500
v 0.896000 -6.363332 15.110499
v 1.619000 -6.637332 13.507499
v 4.059010 -6.749342 12.785599
v 7.052000 -6.758702 12.475999
v 9.849000 -6.934132 13.024399
v 10.987000 -6.789182 13.827199
v 12.181000 -6.396732 13.540499
v 11.225000 -6.555122 13.324299
v 14.271000 -5.609303 14.213499
v 13.643000 -6.522702 13.271299
v 15.172000 -4.984902 14.148899
v 15.339000 -6.001742 13.804999
v 15.629000 -6.698042 12.317899
v 13.615000 -6.777032 11.388999
v 11.594000 -6.743352 12.054899
v 8.636000 -6.664611 9.888999
v 4.580000 -6.681761 9.916399
v 0.496000 -6.696282 11.008999
v -1.067000 -6.649673 13.391199
v 1.279000 -6.683851 7.755599
v 12.095000 -6.681931 9.379299
v 15.146000 -6.688292 9.703099
v 5.136000 -6.682081 5.629599
v -1.805000 -6.151433 15.287499
v -3.089000 -6.722142 11.560399
v -3.268000 -6.665971 8.233299
v 9.967000 -6.682081 5.937099
v -0.314990 -6.682250 4.234649
v -6.011000 -6.682210 3.960969
v -7.833000 -6.679651 7.766999
v 2.642010 -6.682230 0.062599
v -11.417000 -6.678291 5.293599
v -9.703000 -6.682610 1.226199
v -6.497000 -6.682240 0.237299
v -2.625000 -6.682220 0.066799
v -11.885000 -6.682250 -1.719201
v -13.624000 -6.684600 1.493099
v -8.417000 -6.682240 -2.082101
v -5.243000 -6.682240 -2.133501
v -0.235000 -6.682290 -1.998601
v -15.197000 -6.682030 -1.597101
v -16.306999 -6.683390 0.651699
v -13.884000 -6.681989 -4.504101
v -10.378000 -6.682249 -4.880401
v -6.116000 -6.682229 -5.388001
v -2.498000 -6.682240 -3.489601
v -16.893999 -6.496700 2.038899
v -17.587999 -5.812140 2.561799
v -15.647000 -6.680241 2.328299
v -16.532000 -6.178640 3.359789
v -17.113001 -5.300900 3.144899
v -14.743000 -6.716570 3.968289
v -16.421000 -6.495711 5.076069
v -17.229000 -5.398901 4.164819
v -14.648000 -6.741201 6.222799
v -16.600000 -6.353321 6.879799
v -17.625000 -5.352301 5.632699
v -17.386000 -4.112801 4.610819
v -17.125999 -4.389400 3.309279
v -17.886999 -3.629601 5.926600
v -17.391001 -2.598401 4.825230
v -17.277000 -4.673901 7.068899
v -15.229000 -6.455112 8.162799
v -16.407000 -5.355001 7.824299
v -13.188000 -6.712981 7.699999
v -11.113000 -6.687041 9.724299
v -13.652000 -6.682591 9.323699
v -15.416000 -6.441941 9.999999
v -16.409000 -5.141701 8.948899
v -16.466000 -3.907101 7.894400
v -17.249001 -2.897901 7.075300
v -17.768000 -1.862301 5.983500
v -17.076000 -0.886801 7.160800
v -16.514999 -2.397201 7.854300
v -16.306000 -2.921001 9.128300
v -16.559000 -4.606602 10.567299
v -13.640000 -6.662842 11.070699
v -15.526000 -5.922232 11.851499
v -6.944000 -6.776292 11.338799
v -9.887000 -6.720912 12.196899
v -12.045000 -6.666232 12.586899
v -14.071000 -6.104902 12.943999
v -15.020000 -4.945102 12.853599
v -15.767000 -3.913302 12.016999
v -16.233999 -2.342102 10.775500
v -16.277000 -1.345701 8.266100
v -17.789000 -0.349701 5.876000
v -15.260000 -1.718302 12.223100
v -14.586000 -3.545602 12.867199
v -14.100000 -4.715602 13.414899
v -12.920000 -5.262502 13.871399
v -10.534000 -6.337883 13.779499
v -11.821000 -5.882922 14.006299
v -8.502000 -6.532512 13.582500
v -6.627000 -6.546012 13.732699
v -4.230000 -6.595212 13.725199
v -7.378000 -6.019942 14.997499
v -5.721000 -6.360373 14.940499
v -9.370000 -5.379102 15.007499
v -11.133000 -5.127802 14.557499
v -12.008000 -5.051302 14.173899
v -13.427000 -3.587702 13.732999
v -12.136000 -3.794002 14.339499
v -14.105000 -2.277302 13.238900
v -16.309000 -0.489402 9.410400
v -16.323999 -0.062401 8.030100
v -16.929001 0.939799 7.319200
v -17.672001 0.586999 6.455100
v -16.302000 1.247699 8.471200
v -16.142000 -0.001402 11.040300
v -12.903000 -2.137102 13.892700
v -12.816000 -3.181802 13.928199
v -10.516000 -3.798202 15.169499
v -7.610000 -4.554002 15.797499
v -9.064990 -3.872203 15.756499
v -5.870990 -5.194902 15.743499
v -4.091000 -5.814662 15.593499
v -5.859000 -3.430303 15.856499
v -7.836000 -2.903403 15.896500
v -9.467000 -2.326703 15.492500
v -11.195000 -1.833802 14.848500
v -14.080000 -0.293202 13.288800
v -15.334000 0.692398 12.219400
v -16.356001 1.546098 9.955400
v -16.277000 2.882199 8.846700
v -16.841999 2.478399 7.572001
v -16.136000 1.909498 11.488600
v -15.847000 3.439098 10.403101
v -12.275000 -0.031702 14.275500
v -8.098000 -1.184703 15.811500
v -6.622000 -1.874103 15.879500
v -4.985000 -1.874803 15.838500
v -5.837000 -0.732203 15.754500
v -6.948000 -0.957603 15.890500
v -9.848000 -0.222403 15.544500
v -11.123000 -0.243102 14.987500
v -13.232000 1.411298 13.795400
v -14.638000 2.005098 13.170400
v -15.480000 2.024498 12.294100
v -15.324000 3.331298 11.994301
v -15.213000 4.155098 11.090001
v -15.093000 4.984098 10.359901
v -16.035000 4.633099 8.986401
v -16.687000 3.924099 7.813900
v -15.290000 5.722098 9.236901
v -15.767000 5.880098 8.022601
v -16.583000 5.069098 7.824401
v -14.306000 4.384098 11.376301
v -13.713000 5.335098 10.534001
v -14.500000 5.920099 9.777401
v -13.783000 3.777098 12.887801
v -13.499000 2.686598 13.774300
v -12.633000 2.395098 13.942400
v -12.068000 1.701698 14.467500
v -11.133000 0.917998 15.123500
v -8.452000 0.174597 15.880500
v -7.148990 0.013897 15.715500
v -6.836000 1.169497 15.437500
v -7.892000 1.285097 15.990500
v -9.032000 1.022397 15.907500
v -9.973000 1.707297 15.678500
v -11.115000 2.523898 15.128500
v -11.977000 2.813498 14.344500
v -12.541000 3.272998 13.598801
v -12.259000 4.119098 12.891301
v -12.824000 4.708098 11.689101
v -12.074000 5.846098 10.157501
v -13.577000 6.335099 9.565101
v -14.609000 6.483099 8.545801
v -13.006000 6.934099 7.844401
v -10.804000 4.893098 12.320501
v -10.098000 6.124098 10.634501
v -11.176000 3.849098 14.088101
v -9.403000 3.414098 15.252501
v -8.814990 2.179597 15.920500
v -7.203990 2.035997 15.529500
v -7.950000 2.362897 15.769500
v -4.855000 -0.229502 15.273500
v -4.589000 -0.860603 15.689500
v -3.339000 -2.875903 15.839500
v -0.601000 -2.933203 16.030500
v -4.350000 -4.421402 15.859499
v -2.318000 -4.564403 16.035500
v -7.447000 3.242498 15.250501
v -8.397000 2.869197 15.670500
v -8.318000 4.368098 14.145701
v -9.793000 4.421098 13.894901
v -9.060000 4.966098 13.070101
v -8.977000 5.708098 11.866601
v -9.164000 6.447098 11.013401
v -16.656000 5.803099 6.770501
v -17.232000 4.730099 7.134501
v -17.580000 4.822099 5.825201
v -17.660000 3.549099 6.845601
v -17.559000 3.091299 5.246700
v -17.681999 1.983099 6.485701
v -9.145000 -6.682379 -8.673501
v -4.789000 -6.685469 -9.836501
v -1.942000 -6.682199 -6.915501
v -5.622000 -6.689258 -11.992501
v -4.381000 -6.646708 -12.067501
v -5.090000 -6.339268 -13.555501
v -3.041000 -6.635498 -11.755501
v -3.562000 -6.287407 -13.291501
v -0.772000 -6.686318 -10.520501
v 1.356000 -6.694639 -7.851501
v 1.345000 -6.681569 -4.398501
v -1.869000 -6.587748 -13.262501
v -2.785000 -5.316197 -14.341501
v -4.328000 -4.604098 -14.286501
v -5.547000 -5.268097 -14.930501
v -2.750000 -3.172798 -14.535501
v -4.425000 -2.436498 -14.074500
v -6.264000 -3.062198 -15.047501
v -1.128000 -4.828598 -15.015501
v 0.240010 -6.422048 -13.441501
v 1.401000 -6.588808 -11.904501
v 2.078000 -6.802029 -10.202501
v 3.767010 -6.697879 -6.794501
v 3.155000 -6.768569 -8.685501
v 5.978000 -6.682419 -3.934201
v 8.011000 -6.682220 1.173999
v 4.505000 -6.651409 -8.526501
v 3.936000 -6.179189 -10.180501
v 2.991000 -5.631098 -11.827501
v 2.067000 -5.466598 -13.399501
v 0.969000 -4.310198 -14.580501
v 2.677000 -4.265098 -12.849501
v 1.871000 -3.729798 -13.569501
v 3.927000 -4.670198 -11.240501
v 3.123000 -3.579298 -11.919501
v 5.413000 -6.544068 -9.670501
v 4.973000 -4.705198 -10.580501
v 6.031010 -6.661299 -7.518501
v 8.836000 -6.705049 -7.020501
v 7.217000 -6.806368 -9.521501
v 6.100000 -5.888128 -10.996501
v 6.282010 -3.759598 -11.439501
v 5.245000 -2.578998 -10.457500
v 3.954000 -2.941198 -10.943501
v 4.323010 -0.909798 -10.674500
v 3.068000 -0.925098 -11.985500
v 6.040000 -1.776698 -11.183500
v 7.146000 -1.822698 -11.715500
v 7.779000 -5.566898 -11.785501
v 7.554000 -3.444398 -12.072501
v 9.311000 -6.694098 -9.925501
v 10.533000 -6.647018 -8.595501
v 10.698000 -6.703730 -3.254801
v 12.532000 -6.681540 2.155399
v 11.625000 -6.753129 -7.082501
v 11.691000 -6.060988 -8.793501
v 11.092000 -6.074589 -10.081501
v 10.179000 -4.897098 -11.691501
v 8.737000 -3.557698 -12.135501
v 8.202000 -2.246598 -11.947500
v 8.003000 -1.299798 -11.975500
v 6.317000 0.221502 -11.350500
v 7.737000 -0.096598 -11.895500
v 8.912000 -0.908698 -11.893500
v 8.868000 -2.342998 -11.906500
v 9.625000 -2.584698 -11.570500
v 10.814000 -2.864498 -10.716500
v 11.300000 -4.563498 -10.395501
v 11.834000 -5.113799 -9.574501
v 12.466000 -5.899249 -8.236501
v 12.118000 -5.080598 -8.787501
v 13.247000 -6.729439 -5.363501
v 13.157000 -6.059339 -7.336501
v 14.597000 -6.683020 -2.114501
v 15.139000 -6.761889 -5.208801
v 14.248000 -6.152429 -6.778501
v 13.606000 -5.138199 -7.180501
v 12.797000 -4.691099 -8.038501
v 11.910000 -3.478498 -9.243501
v 10.290000 -0.874098 -11.123500
v 11.476000 -0.687698 -9.872500
v 12.490000 -1.339499 -8.390500
v 12.761000 -3.136499 -8.013501
v 13.707000 -3.832399 -7.286500
v 14.610000 -4.990499 -7.373501
v 15.818000 -5.902759 -6.897501
v 16.365000 -6.704780 -3.790801
v 16.684000 -6.555029 -5.489201
v 16.674999 -6.674469 -2.206301
v 16.767000 -6.678780 -0.382001
v 15.473000 -6.682060 1.281499
v 17.702000 -6.680410 2.077499
v 18.254999 -6.659470 0.231999
v 18.052999 -6.571130 -1.456001
v 17.629000 -6.565830 -3.091901
v 17.517000 -6.349189 -4.421001
v 17.540001 -5.901949 -5.435901
v 17.034000 -5.655799 -6.284501
v 16.660000 -4.403099 -6.748501
v 15.540000 -4.541199 -7.231501
v 14.840000 -3.889199 -7.465500
v 14.625000 -2.608999 -7.468501
v 13.298000 -2.159799 -7.305501
v 12.872000 0.036001 -7.927500
v 13.196000 -0.837699 -7.527500
v 14.286000 -0.988699 -7.204500
v 15.905000 -1.465799 -6.941501
v 15.755000 -3.286899 -7.202500
v 16.775000 -2.775699 -6.638501
v 17.481001 -3.541399 -5.841500
v 17.518999 -4.853799 -5.670101
v 18.046000 -5.393299 -4.635601
v 18.282000 -5.968480 -3.704201
v 18.459000 -6.001329 -2.661001
v 19.294001 -6.376800 -0.413701
v 19.025999 -5.602700 -1.742601
v 19.468000 -6.633420 1.315799
v 20.247999 -5.947420 0.308799
v 19.808001 -5.155300 -0.648601
v 19.139000 -4.203300 -1.742801
v 18.563000 -4.743400 -3.259501
v 18.111000 -4.145899 -4.801800
v 17.580000 -2.231399 -5.835500
v 18.089001 -2.903899 -4.942101
v 17.033001 -1.745999 -6.416501
v 17.205000 -0.831599 -5.424100
v 15.712000 -0.217099 -5.776900
v 14.950000 -0.503799 -6.448500
v 13.538000 0.288401 -7.258500
v 14.238000 0.143301 -6.444500
v 13.398000 1.436101 -7.190500
v 13.795000 1.204701 -6.400500
v 13.019000 0.998001 -7.751500
v 14.203000 0.787201 -5.507100
v 14.827000 0.143501 -5.850500
v 16.080999 0.017301 -4.378700
v 14.979000 0.359001 -4.923500
v 18.232000 -1.234999 -3.906800
v 17.250999 -0.348599 -3.507700
v 18.110001 -1.860699 -4.921501
v 18.607000 -2.405699 -4.001801
v 18.575001 -3.480599 -4.045600
v 18.846001 -3.213700 -2.944401
v 19.816999 -3.687900 -0.583201
v 20.511000 -4.650400 0.581499
v 19.233999 -2.802800 -1.753300
v 18.943001 -1.952700 -2.851900
v 18.496000 -0.785900 -2.304100
v 17.259001 -0.181200 -1.937500
v 16.128000 0.120900 -2.840900
v 15.082000 0.494801 -3.645500
v 14.240000 1.043701 -4.282700
v 13.931000 2.156901 -5.199800
v 13.581000 2.398501 -6.679500
v 12.963000 2.195501 -7.723499
v 14.018000 3.751101 -3.917299
v 14.006000 2.071001 -3.401000
v 13.802000 3.648101 -5.935500
v 14.346000 1.035100 -3.096800
v 15.014000 0.515000 -2.228900
v 16.263000 0.108900 -1.117000
v 18.232000 -0.279500 -0.793500
v 17.264000 -0.084100 -0.979500
v 19.195000 -1.200300 -0.871800
v 19.291000 -1.715300 -1.776800
v 19.733000 -2.250500 -0.762200
v 20.561001 -2.865600 0.508600
v 20.193001 -1.529800 -0.002900
v 19.469999 -0.557200 0.326300
v 18.407000 -0.122600 0.553700
v 17.341000 0.017400 -0.006900
v 14.851000 0.619300 -0.592200
v 14.195000 1.463400 -1.927200
v 13.875000 5.034101 -5.365899
v 13.535000 4.698101 -6.675499
v 13.249000 3.647101 -7.331500
v 12.259000 3.471102 -8.650499
v 12.362000 4.915102 -8.715499
v 13.049000 5.161101 -7.895499
v 13.528000 5.803101 -6.566499
v 13.911000 5.704101 -3.473199
v 13.223000 6.368101 -5.220899
v 14.168000 2.905800 -1.937400
v 13.833000 1.890600 -0.297400
v 14.149000 0.674000 1.181500
v 15.972000 0.086300 0.942900
v 17.622000 0.024800 1.569700
v 16.489000 0.071900 2.783300
v 14.764000 0.072300 2.799500
v 13.691000 0.497700 2.355000
v 13.197000 1.260000 2.166800
v 13.406000 1.745500 1.077600
v 13.568000 2.868600 0.756300
v 13.971000 3.523100 -0.509999
v 14.228000 4.458100 -1.930899
v 12.818000 6.628100 -3.807299
v 11.825000 6.632101 -4.847999
v 12.050000 6.634101 -6.863499
v 12.013000 5.976101 -8.736499
v 12.006000 4.882102 -9.420499
v 11.500000 1.825702 -9.807500
v 11.427000 3.835102 -10.094499
v 12.351000 0.946301 -8.591500
v 10.585000 2.490102 -10.767500
v 10.766000 0.793702 -10.687500
v 11.119000 5.875102 -10.277499
v 10.697000 4.195102 -11.195499
v 10.268000 6.646101 -8.288499
v 9.606000 6.610101 -5.451399
v 11.399000 6.625101 -2.754799
v 13.101000 6.500101 -2.509999
v 13.919000 5.861101 -1.571799
v 13.981000 4.874100 -0.465599
v 13.722000 4.167100 0.651301
v 13.133000 3.530100 1.533501
v 12.976000 2.436300 1.733700
v 12.260000 1.857000 2.237800
v 12.088000 3.357100 2.378100
v 13.046000 4.929100 1.599501
v 13.575000 5.238100 0.474501
v 13.662000 5.873100 -0.349299
v 12.863000 6.569100 -1.068499
v 8.095000 6.616100 -1.047499
v 7.767000 6.608101 -8.324499
v 9.304000 6.599102 -9.953499
v 9.449000 5.471102 -11.696499
v 9.673000 3.123802 -11.710499
v 7.765000 6.395102 -10.913499
v 7.833000 5.109102 -12.117499
v 8.448000 3.678102 -12.157499
v 5.618000 6.611101 -5.465199
v 11.352000 6.726100 -0.074999
v 13.036000 6.193100 0.530601
v 11.794000 5.233099 2.371501
v 12.326000 6.272099 1.526301
v 10.885000 4.139100 2.977701
v 10.950000 2.916300 2.920400
v 11.057000 6.482100 1.647201
v 10.717000 5.700099 3.010801
v 10.020000 6.623100 0.568701
v 5.520000 6.614101 -8.417499
v 6.100000 6.433102 -10.240499
v 6.381000 4.938102 -11.739499
v 7.380000 3.839102 -11.928499
v 8.544000 1.578102 -12.007500
v 7.676000 2.658402 -11.896500
v 6.606000 2.664102 -11.488500
v 5.109000 5.023102 -10.924500
v 5.535000 3.491102 -10.959499
v 4.387000 6.277102 -10.109499
v 3.330000 6.679101 -7.953499
v 1.423000 6.611101 -5.040899
v 3.228000 6.611100 -1.354799
v 9.447000 6.760099 1.850901
v 9.642000 5.953100 3.790451
v 9.928000 4.444099 3.787921
v 7.994000 6.715099 3.387001
v 7.726010 6.628099 1.573901
v 0.176000 6.612102 -8.622499
v 2.579000 6.642101 -10.065499
v 4.153000 4.903102 -10.787499
v 3.376000 5.677102 -11.639499
v 4.500000 3.624102 -10.470499
v 3.688000 3.725102 -11.431499
v 1.244000 6.629102 -11.532499
v 3.127000 4.021102 -12.574499
v 2.344000 5.437102 -13.351499
v 5.222000 6.602099 2.212601
v -1.521000 6.628102 -11.729499
v 0.381000 6.318102 -13.637499
v 2.177000 3.135502 -13.484499
v 1.040000 4.236103 -14.460499
v 2.842000 2.129002 -12.162500
v 4.023000 1.590902 -10.854500
v 1.916000 0.535102 -13.306500
v 0.890000 1.996602 -14.119500
v -0.403000 5.143102 -14.986499
v -0.463000 2.838602 -14.803500
v -1.390000 6.236103 -14.092499
v -3.545000 6.611102 -8.776499
v -2.346000 6.610101 -5.376799
v -4.824000 6.639102 -11.820499
v -3.078990 6.242102 -13.770499
v -2.259000 4.135102 -14.979499
v -1.759000 1.735602 -14.763500
v -0.869000 1.379302 -14.632500
v -0.105000 0.987202 -14.580500
v 0.797000 0.189502 -14.127500
v -1.109000 -0.082498 -14.761500
v -2.477000 2.602102 -14.409500
v -3.820000 4.724102 -14.319499
v -3.391000 2.927102 -14.017499
v -4.710000 6.094102 -14.036499
v -7.043000 6.612102 -9.132499
v -5.907000 6.611101 -5.981499
v -7.922000 6.609102 -11.771499
v -6.471000 6.598103 -13.589499
v -4.924000 4.868103 -14.441499
v -5.801990 5.646102 -14.877499
v -4.718990 3.633102 -14.134499
v -3.772000 1.504902 -14.004500
v -2.884000 1.426302 -14.237500
v -4.562000 2.108502 -14.103500
v -4.432000 0.931402 -14.080500
v -5.424000 0.955102 -14.702500
v -5.430000 2.703902 -14.776500
v -5.575000 4.144103 -14.963499
v -7.495000 6.178102 -15.160499
v -6.707000 4.677103 -15.454499
v -8.460000 6.617102 -13.604499
v -9.737000 6.611102 -9.986499
v -11.053000 6.616102 -12.775499
v -9.491000 6.582102 -14.876499
v -7.800990 4.854103 -15.678499
v -8.743000 5.573103 -16.121500
v -6.394000 3.218703 -15.382499
v -7.624000 3.601103 -15.370499
v -6.148990 2.029802 -15.218500
v -6.410000 1.195202 -15.289500
v -3.655000 0.146302 -14.009500
v -2.453990 -0.276598 -14.476500
v -4.656000 -0.009698 -14.143500
v -7.255000 1.935302 -15.304500
v -6.829990 -0.103598 -15.258500
v -8.400000 2.537603 -15.964500
v -8.572000 4.056103 -16.156500
v -10.296000 6.095103 -16.391499
v -9.713000 4.540103 -16.847500
v -11.149000 6.548102 -15.098499
v -11.906000 5.974103 -16.348497
v -11.200000 4.783103 -17.022499
v -9.421000 2.907403 -16.598499
v -10.695000 3.204303 -16.945499
v -8.338000 0.871803 -15.885500
v -9.129000 1.662603 -16.362499
v -5.285000 -0.980898 -14.579500
v -4.294000 -0.985198 -13.990500
v -3.305000 -1.453398 -14.079500
v -9.271000 0.497903 -16.429501
v -10.231000 1.443703 -16.788500
v -12.025000 3.365103 -16.691500
v -12.351000 4.717103 -16.723499
v -13.244000 3.863103 -16.358500
v -14.117000 2.946503 -15.898499
v -14.491000 4.854103 -15.807499
v -13.187000 5.415103 -16.489500
v -13.001000 6.585103 -15.032499
v -14.963000 6.212102 -14.417499
v -15.513000 4.674102 -14.853499
v -16.041000 3.825102 -14.156499
v -16.195999 5.244102 -14.298499
v -14.715000 6.715102 -13.017499
v -13.481000 6.611103 -13.391500
v -16.187000 6.256103 -13.177499
v -13.650000 6.625102 -11.976499
v -15.145000 6.609102 -12.111499
v -16.427000 6.704102 -11.458499
v -17.537001 5.404102 -12.518499
v -16.891001 4.591103 -13.542499
v -17.848000 5.764102 -11.306499
v -15.139000 6.731102 -9.863499
v -14.649000 6.575102 -11.041499
v -2.599000 -1.678098 -14.460500
v -1.916000 -1.629898 -14.814500
v -1.394000 -2.819498 -14.911500
v -0.224000 -2.766798 -14.635500
v -0.951000 -1.698398 -14.700500
v -0.031000 -0.878398 -14.543500
v 1.167000 -1.823098 -13.850500
v 2.156010 -1.185798 -13.077500
v 2.301000 -2.633298 -12.851500
v 5.113000 0.582502 -10.490500
v 5.492000 -0.916998 -10.596500
v 5.503000 1.873002 -10.948500
v 4.910000 1.643702 -10.486500
v 4.945000 2.470802 -10.487500
v 7.351010 1.409602 -11.820500
v 9.813000 1.086902 -11.452500
v 6.252000 6.786099 4.804141
v 7.856000 6.425099 5.018491
v 8.583000 5.847099 5.804301
v 8.879000 6.190099 4.714361
v 10.141000 3.051100 3.564530
v 10.525000 2.106600 3.226590
v 10.860000 1.137599 3.422520
v 11.337000 1.931700 2.693000
v 12.170000 0.659200 2.976400
v 13.339000 -0.096601 4.985410
v 12.818000 0.085799 4.030080
v 13.112000 0.648600 2.647300
v 13.420000 0.257999 3.138400
v 14.015000 0.022499 4.072450
v 15.654000 -0.009901 5.173010
v 17.427000 0.141699 8.237900
v 18.103001 0.158999 5.613700
v 18.170000 0.150999 3.473090
v 19.487000 -0.070801 6.563800
v 19.679001 -0.148801 4.647570
v 19.542999 -0.215301 8.094600
v 19.330999 -0.204002 9.593400
v 20.480000 -0.824501 8.761500
v 20.579000 -0.862501 7.306200
v 20.669001 -0.967101 5.682500
v 19.851999 -0.399401 3.030000
v 20.802000 -1.280401 3.818690
v 19.165001 -0.085400 1.742400
v 20.663000 -1.351900 1.727100
v 21.580999 -2.107301 5.219299
v 21.493999 -2.553601 3.726239
v 21.129999 -1.852500 2.944000
v 21.431000 -1.897001 6.774499
v 21.271999 -1.673301 8.198100
v 20.375999 -1.107402 10.040200
v 21.076000 -1.569202 9.310900
v 19.268999 -1.008502 11.217200
v 17.777000 -0.040102 10.961900
v 17.948000 -1.002202 12.367100
v 20.250999 -1.803202 10.926200
v 19.622000 -2.291902 11.756000
v 18.811001 -1.805202 12.351000
v 20.885000 -2.189002 10.130600
v 21.524000 -2.570001 9.125900
v 21.735001 -2.800001 7.797999
v 22.090000 -3.002901 6.456699
v 22.128000 -3.372001 5.037210
v 21.691999 -3.732801 4.038770
v 21.378000 -3.538800 2.835000
v 21.226000 -2.387501 2.568799
v 21.084999 -2.795300 1.804600
v 21.451000 -4.708800 3.743679
v 21.209000 -4.753601 2.568099
v 21.004000 -3.927900 1.608899
v 22.035000 -4.647301 4.960969
v 22.024000 -4.311801 6.336999
v 21.934999 -3.853001 7.456900
v 21.707001 -3.954801 8.816599
v 21.105000 -3.460702 10.088199
v 20.368000 -2.948302 10.993899
v 19.629000 -3.654402 11.846899
v 18.761000 -2.985802 12.532999
v 17.843000 -2.264902 13.011100
v 17.702000 -3.675102 13.225499
v 18.684000 -4.330802 12.584799
v 19.483000 -5.056902 11.829199
v 20.462999 -4.453402 10.947699
v 21.184999 -4.604102 9.890899
v 21.420000 -5.172502 9.134899
v 21.864000 -5.207901 7.830199
v 21.791000 -5.787661 6.207299
v 21.611000 -5.997211 4.575569
v 21.157000 -5.752261 3.245039
v 21.020000 -5.608400 2.278499
v 20.943001 -4.987101 1.682799
v 20.688000 -5.869980 1.393499
v 20.395000 -6.298470 2.527199
v 20.384001 -6.657260 3.870719
v 20.427000 -6.767691 5.703099
v 20.837000 -6.510622 7.511599
v 21.184999 -6.017022 8.729999
v 20.815001 -5.839342 10.000299
v 20.007000 -5.783412 11.047699
v 19.198999 -6.731452 9.975699
v 20.197001 -6.589521 8.789699
v 18.608999 -6.681821 7.281499
v 18.757000 -6.686391 4.402409
v 19.336000 -6.667281 2.874999
v 19.136000 -6.279212 11.548699
v 17.520000 -6.756652 11.228499
v 17.334999 -6.843222 9.173499
v 18.438000 -5.767682 12.375799
v 17.316999 -6.316272 12.692399
v 16.160999 -6.668282 7.504499
v 16.111000 -6.682051 4.505929
v 16.518999 -5.950243 13.297499
v 17.612000 -5.139802 13.094699
v 16.362000 -4.694102 13.735799
v 13.656000 -6.681301 6.599799
vt 0.127120 0.777740
vt 0.066370 0.807490
vt 0.077320 0.737790
vt 0.012720 0.752390
vt 2.142970 -0.278910
vt 2.181920 -0.319760
vt 2.200370 -0.252110
vt 2.112120 -0.330310
vt 2.144470 -0.373360
vt 2.205370 -0.364360
vt 0.120420 0.846690
vt 0.055420 0.893540
vt 0.005770 0.828840
vt -0.051830 0.789190
vt -0.037030 0.733740
vt 2.183770 -0.205260
vt 2.154070 -0.233310
vt 2.079020 -0.290610
vt 2.092020 -0.243560
vt 2.037820 -0.326960
vt 2.073770 -0.367960
vt 2.163820 0.848340
vt 2.183820 0.789740
vt 2.218470 0.850940
vt 2.126220 0.799040
vt 2.131620 0.746390
vt 0.163970 0.816640
vt 2.087270 0.776540
vt 0.126320 0.903790
vt 0.171670 0.871890
vt 0.115070 0.964490
vt -0.055080 0.889940
vt -0.112280 0.827540
vt -0.109130 0.764540
vt -0.072180 0.735240
vt 2.128020 -0.190810
vt 2.182770 -0.170060
vt 2.011170 -0.270010
vt 2.032370 -0.197560
vt 1.941220 -0.326560
vt 1.997720 -0.372510
vt 2.197070 0.895090
vt 2.246520 0.921940
vt 2.145720 0.919690
vt 2.098020 0.843840
vt 2.094820 0.806440
vt 2.730020 -0.956910
vt 2.687920 -0.929860
vt 2.705920 -0.984010
vt 2.069020 0.807090
vt 0.169070 0.931490
vt 0.206870 0.902540
vt 2.035720 0.785040
vt 2.036620 0.829490
vt 1.995420 0.804540
vt 2.739020 -0.918460
vt -0.188580 0.891690
vt -0.166680 0.791690
vt 2.183270 -1.645160
vt 2.133620 -1.624660
vt 2.154870 -1.683260
vt 2.083820 -1.664160
vt 2.175920 -1.602960
vt 2.149920 -0.144660
vt 2.140170 -0.098810
vt 2.087820 -0.141810
vt 2.203270 0.936940
vt 1.952670 -0.227160
vt 2.011720 -0.136860
vt 2.063820 -0.090110
vt 2.122270 -0.046810
vt 2.185520 -0.070810
vt -0.227530 0.800540
vt 2.169370 -0.010810
vt -0.107030 0.978840
vt 2.122570 -0.009510
vt 2.086770 -0.022110
vt 2.064020 -0.048260
vt 2.022070 -0.064610
vt 1.987920 -0.098860
vt 1.935870 -0.274010
vt 1.931320 -0.375310
vt 1.882570 -0.249610
vt 1.947670 -0.174110
vt 2.023020 -0.015410
vt 2.088420 0.009440
vt 2.135320 0.019490
vt -0.258380 0.843390
vt -0.274330 0.805890
vt 2.645920 0.997240
vt 2.676520 0.977290
vt 2.681770 1.025340
vt -0.292780 0.890790
vt -0.305930 0.832790
vt 2.604820 0.991190
vt 2.646870 0.938190
vt 2.101520 0.053740
vt 2.055820 0.026540
vt 1.960920 -0.062260
vt 1.951320 -0.130460
vt 1.901470 -0.206510
vt 1.879770 -0.176610
vt 1.906820 -0.145410
vt 1.906670 -0.103410
vt 1.908820 -0.018510
vt 2.006970 0.047790
vt 2.125220 0.099140
vt 2.072370 0.095440
vt 2.158320 0.069090
vt -0.365580 0.854190
vt 2.629470 -1.118160
vt 2.624070 -1.163710
vt 2.680670 -1.144860
vt -0.283380 0.972590
vt -0.359430 0.933640
vt -0.413380 0.900090
vt 2.653670 -1.088060
vt 2.696370 -1.074110
vt 2.741320 -1.114560
vt 2.105270 0.132540
vt 2.018820 0.106840
vt 2.056870 0.137490
vt 1.910270 -0.064360
vt 1.855970 -0.141560
vt 1.865370 -0.070910
vt 1.831620 -0.108460
vt 1.922820 0.043540
vt 1.951170 0.093890
vt 2.022220 0.136140
vt 1.676570 2.016540
vt 1.636870 2.050890
vt 1.641420 2.018090
vt 1.714720 2.045990
vt 1.725470 2.010240
vt 1.693720 2.085590
vt 1.750570 2.094940
vt -0.425230 0.959790
vt 1.712370 2.121990
vt 1.757120 2.156590
vt -0.369730 1.022890
vt -0.451130 1.021040
vt 1.692020 2.166740
vt 1.740420 2.219690
vt 1.651970 2.118490
vt 1.614170 2.013490
vt 1.995020 0.129990
vt 1.963170 0.138540
vt 1.834570 -0.047260
vt 1.804370 -0.078510
vt 1.817220 -0.011660
vt 1.784470 -0.050560
vt 1.857570 0.031290
vt 1.886920 0.069290
vt 1.901520 0.097690
vt 1.907870 0.128590
vt 1.582270 2.018740
vt 1.564720 2.044840
vt 1.526970 2.009990
vt 1.567770 2.093740
vt 1.646870 2.154790
vt 1.637120 2.187440
vt 1.680920 2.217190
vt -0.426680 1.088290
vt 1.697720 2.266640
vt 1.752520 2.283990
vt 1.627320 2.243390
vt 1.573670 2.195040
vt 1.599320 2.148140
vt 1.510270 2.051640
vt 1.861970 0.102740
vt 1.827770 0.065340
vt 2.439170 0.835140
vt 2.476670 0.799190
vt 2.510770 0.845940
vt 1.785320 0.031890
vt 1.752520 -0.022510
vt -1.159030 -1.462110
vt -1.127480 -1.420260
vt -1.195080 -1.405660
vt -1.189580 -1.477710
vt -0.194130 1.882590
vt -0.158180 1.949090
vt -0.228980 1.950140
vt -1.563580 1.097740
vt -1.627280 1.088090
vt -1.578530 1.022990
vt -0.262580 1.876540
vt -1.641780 1.044290
vt 2.532070 0.804140
vt 1.803970 0.108890
vt 1.772420 0.069540
vt 1.848870 0.142040
vt 1.468070 2.016790
vt 1.555170 2.242940
vt 1.578970 2.289440
vt 1.653970 2.310690
vt 1.710020 2.308290
vt 1.697720 2.332390
vt 1.595470 2.333390
vt 1.515170 2.142190
vt 1.497570 2.092640
vt 1.456270 2.063890
vt 1.410870 2.034490
vt 1.423020 1.993140
vt -1.690030 1.033290
vt -1.639930 0.984640
vt -1.703630 0.982390
vt -0.090480 1.971440
vt -0.049530 2.014440
vt -0.092280 2.033990
vt -0.136680 2.019240
vt -1.673780 0.935140
vt 1.412320 2.075440
vt 1.369120 2.071940
vt 1.442820 2.113740
vt 1.492870 2.211590
vt 1.593870 2.368190
vt 1.635070 2.361390
vt 1.544520 2.326140
vt 1.564620 2.355490
vt 1.494570 2.283840
vt 1.446220 2.168540
vt 1.394770 2.148040
vt 1.389070 2.103890
vt -0.057730 2.074990
vt 1.139770 2.661990
vt 1.084770 2.647940
vt 1.140320 2.618340
vt -0.129630 2.094740
vt -0.213280 2.051490
vt -0.081930 2.130490
vt -0.121080 2.177040
vt -0.039380 2.128690
vt 1.115570 2.699140
vt 1.061320 2.701490
vt 1.400870 2.191440
vt 1.357070 2.185190
vt 1.435120 2.207140
vt 1.436270 2.245390
vt 1.533270 2.360740
vt 0.971070 -1.212160
vt 0.965920 -1.174510
vt 0.939420 -1.207610
vt 0.999620 -1.197860
vt 0.900520 -1.176110
vt 0.910020 -1.228660
vt 1.502970 2.340240
vt 1.414420 2.294490
vt 1.405370 2.223240
vt 1.375970 2.219640
vt -0.064130 2.180290
vt 2.205420 2.597990
vt 2.249020 2.590340
vt 2.213720 2.636390
vt -0.193680 2.182490
vt -0.315230 1.993590
vt -0.320230 2.176440
vt -0.144830 2.251490
vt -0.095880 2.228640
vt -0.473630 -1.653760
vt -0.428680 -1.635810
vt -0.449680 -1.599760
vt 1.342770 2.236290
vt 1.385320 2.257140
vt 1.356170 2.283240
vt 2.210370 2.558740
vt 1.382320 2.284990
vt 1.451070 2.342690
vt 1.374120 2.307490
vt 1.386920 2.348540
vt -0.403080 -1.595810
vt 1.340970 2.326190
vt -0.425630 -1.568960
vt -0.111530 2.264540
vt -0.218280 2.347690
vt -0.440080 2.074590
vt -0.405580 1.940040
vt -0.453980 2.206190
vt -0.120180 2.307290
vt -0.082430 2.269440
vt -0.066630 2.323240
vt 1.331270 2.378840
vt -0.099880 2.387140
vt -0.430280 2.355040
vt -0.309630 2.478290
vt -0.205780 2.510790
vt -0.265680 2.553990
vt -0.338080 2.579940
vt -0.421680 2.506040
vt -0.537180 2.260740
vt -0.300880 2.638790
vt -0.362180 2.659190
vt -0.265480 2.608240
vt -0.221130 2.585040
vt -0.255080 2.653640
vt -0.225180 2.628090
vt -0.294630 2.683440
vt -0.335980 2.708090
vt -0.458680 2.607940
vt -0.582780 2.504840
vt -0.615530 2.346840
vt -0.421830 2.674740
vt 0.742470 -0.163660
vt 0.681520 -0.163910
vt 0.716520 -0.207760
vt 0.672070 -0.223010
vt 0.697970 -0.262610
vt 0.666170 -0.252860
vt 0.634920 -0.248410
vt 0.626020 -0.203260
vt 0.568370 -0.244510
vt 0.578970 -0.187610
vt 0.550270 -0.203910
vt 0.542370 -0.173510
vt 0.617020 -0.285210
vt 0.657670 -0.273310
vt 0.748020 -0.232860
vt 0.757270 -0.266510
vt 0.762270 -0.197810
vt 0.792170 -0.158610
vt -0.470180 2.686690
vt -0.519980 2.659440
vt -0.569630 2.619540
vt -0.662430 2.625490
vt -0.524630 2.708340
vt 0.850270 -0.165310
vt 0.806570 -0.223010
vt 0.733970 -0.320110
vt 0.664020 -0.306310
vt 0.573470 -0.302060
vt 0.610170 -0.329710
vt 0.664220 -0.358560
vt 0.771370 -0.364010
vt 0.800870 -0.328260
vt 0.722720 -0.373610
vt 0.802220 -0.287160
vt 0.874820 -0.261310
vt 0.871720 -0.206410
vt 0.906620 -0.165860
vt -0.570430 2.678040
vt -0.580830 2.720490
vt -0.612880 2.659190
vt -0.610430 2.692190
vt -0.643980 2.680540
vt 0.922470 -0.210510
vt -0.904680 -0.947760
vt -0.948330 -0.982510
vt -0.906880 -1.026310
vt -0.951730 -0.924310
vt 0.836820 -0.359010
vt 0.817570 -0.399010
vt 0.858970 -0.378660
vt -0.993680 -0.965760
vt -0.995530 -0.915160
vt 0.842970 -0.414560
vt 0.814420 -0.439560
vt 0.772020 -0.428310
vt 0.780620 -0.468760
vt 0.712270 -0.422660
vt 0.735220 -0.465010
vt 0.692370 -0.469610
vt 0.653520 -0.401160
vt 0.647620 -0.452710
vt 0.707670 -0.500110
vt 0.661320 -0.502860
vt 0.749070 -0.501660
vt 0.816520 -0.480410
vt 0.785470 -0.501210
vt 0.850620 -0.450810
vt 0.877570 -0.412310
vt 0.901070 -0.377710
vt -1.028180 -0.942560
vt -0.990930 -1.041810
vt 0.952870 -0.257860
vt -0.929080 -1.102760
vt 0.976220 -0.209460
vt 0.962370 -0.158960
vt -1.040830 -0.984860
vt 2.690020 -0.517960
vt 2.690120 -0.473160
vt 2.650620 -0.482210
vt 0.925270 -0.408010
vt 0.895670 -0.454610
vt 0.852520 -0.502460
vt 0.806920 -0.516810
vt 0.768670 -0.528860
vt 0.726120 -0.529060
vt 0.804920 -0.553360
vt 0.741220 -0.558410
vt 0.907620 -0.496160
vt 0.881770 -0.548260
vt 0.956770 -0.452960
vt 2.646120 -0.527360
vt 0.968620 -0.394910
vt 2.678770 -0.571160
vt -1.063130 -1.034410
vt -1.039530 -1.093760
vt -0.985880 -1.138560
vt 1.014520 -0.235010
vt -0.928280 -1.170860
vt 1.030920 -0.174110
vt -0.639380 2.724440
vt 1.006170 -0.111060
vt -0.695030 2.695990
vt 1.067520 -0.189960
vt 1.053770 -0.214110
vt 1.061920 -0.253560
vt -0.962430 -1.208110
vt -1.043830 -1.145710
vt -1.021580 -1.200210
vt -1.093980 -1.086210
vt -1.065380 -1.116260
vt 2.661770 -0.628860
vt 2.621170 -0.566860
vt 1.014620 -0.403060
vt 0.952370 -0.521160
vt 1.025020 -0.473010
vt 2.592520 -0.623510
vt 1.078770 -0.403960
vt 2.632120 -0.689060
vt -1.139480 -1.136860
vt -1.085780 -1.140510
vt -0.992180 -1.249810
vt -0.933530 -1.264110
vt 1.101170 -0.210610
vt 1.085220 -0.166010
vt 1.073320 -0.119760
vt 2.747270 1.696340
vt 2.713870 1.693540
vt 2.718570 1.662640
vt 1.100370 -0.140860
vt 2.756420 1.638990
vt -0.982180 -1.300960
vt 2.792870 1.680190
vt -0.935230 -1.317910
vt -1.025280 -1.278710
vt -1.030680 -1.244310
vt -1.070980 -1.182310
vt -1.108380 -1.174010
vt 2.598820 -0.722410
vt 2.568970 -0.681110
vt 2.639770 -0.747810
vt -1.139980 -1.198110
vt 1.139620 -0.409610
vt 1.096970 -0.464360
vt 1.065170 -0.517560
vt 1.149970 -0.464060
vt 1.113120 -0.517860
vt 0.906920 -1.406760
vt 0.871170 -1.418360
vt 0.906870 -1.454910
vt 0.958270 -1.434910
vt 0.868520 -1.383060
vt 2.597070 -0.755510
vt 2.138170 2.477540
vt 2.093670 2.478390
vt 2.122120 2.435840
vt -1.099830 -1.203510
vt 2.078270 2.434540
vt -1.109580 -1.232160
vt -1.067480 -1.227660
vt -1.052730 -1.258660
vt -1.022330 -1.310560
vt -1.044330 -1.295860
vt 1.935320 2.412440
vt 1.959470 2.449140
vt 1.909420 2.463540
vt 1.884920 2.417440
vt 2.795970 1.715690
vt -1.625780 -0.742510
vt -1.677330 -0.721210
vt -1.666280 -0.776460
vt -1.612830 -0.792460
vt 1.952470 2.484690
vt 1.930720 2.509590
vt 1.892920 2.500990
vt -1.707480 -0.757810
vt 1.999070 2.475440
vt 1.986820 2.445340
vt 2.005520 2.441890
vt -1.055780 -1.280010
vt -1.086480 -1.261610
vt 2.040570 2.449590
vt 0.901420 -1.360810
vt 0.848320 -1.340460
vt 0.895320 -1.315310
vt 2.049170 2.493640
vt 2.083120 2.526640
vt 0.949970 -1.388010
vt 0.996520 -1.412010
vt 1.158970 -0.505860
vt 0.997220 -1.370810
vt 0.944920 -1.340510
vt 0.936070 -1.288110
vt 2.028470 2.527840
vt 2.067270 2.569290
vt 1.975070 2.514940
vt 1.952070 2.547890
vt 1.900520 2.548090
vt -1.754480 -0.759210
vt -1.714530 -0.804660
vt -1.655730 -0.832460
vt 2.745970 1.751240
vt -1.594930 -0.837910
vt -1.556130 -0.798360
vt -0.312530 -0.898410
vt -0.343580 -0.889710
vt -0.371930 -0.923860
vt -0.310980 -0.962560
vt -0.384130 -0.985360
vt -0.401630 -1.045110
vt -0.337880 -1.045060
vt 1.934720 2.585040
vt -0.377480 -1.083710
vt -0.418380 -1.094210
vt 1.993020 2.549490
vt 1.983920 2.582990
vt 2.023220 2.569290
vt 0.991320 -1.315360
vt 0.969570 -1.266010
vt 2.041520 2.591240
vt 0.940820 -1.252960
vt 1.035570 -1.350560
vt 1.062020 -1.408010
vt 1.143870 -0.570560
vt 1.096820 -0.557510
vt 1.079220 -0.593810
vt 1.083220 -1.347410
vt 1.043120 -1.309310
vt 1.007020 -1.271660
vt -0.045630 -1.417710
vt -0.070680 -1.398560
vt -0.087930 -1.433760
vt -0.029580 -1.391210
vt -0.050330 -1.374160
vt 2.019420 2.592840
vt -0.024080 -1.368460
vt -0.422480 -1.136360
vt -0.464830 -1.110610
vt -0.468080 -1.151310
vt -0.495830 -1.129560
vt -0.386980 -1.117260
vt -0.340030 -1.116460
vt -0.376930 -1.152010
vt -0.417430 -1.188460
vt -0.510930 -1.149260
vt -0.494030 -1.193160
vt 0.009470 -1.379060
vt 0.009920 -1.404760
vt -0.016930 -1.440060
vt -0.057780 -1.460760
vt 2.634920 -0.401010
vt 2.630220 -0.358010
vt 2.592720 -0.365510
vt 1.046470 -1.262910
vt 1.086520 -1.297910
vt 1.130420 -1.330810
vt 1.132670 -1.385010
vt 1.098720 -0.627560
vt 1.145170 -0.644010
vt 1.059420 -0.559360
vt 1.020770 -0.596410
vt 1.044420 -0.636310
vt 1.083570 -0.537710
vt 1.009420 -0.546060
vt 0.937070 -0.599960
vt 0.982820 -0.642060
vt 1.070970 -0.678660
vt 1.006370 -0.676360
vt 1.977470 0.212390
vt 2.032420 0.193240
vt 2.022820 0.246390
vt 1.946620 0.276340
vt 1.130370 -1.284660
vt 2.000070 0.169690
vt 1.164870 -1.311860
vt 1.086620 -1.247560
vt 2.595420 -0.399710
vt 2.554120 -0.380410
vt -0.039680 -1.502310
vt -0.075830 -1.493910
vt -0.017430 -1.469910
vt 0.022370 -1.454360
vt 0.070420 -1.421260
vt -0.451030 -1.239060
vt 0.068570 -1.463410
vt 0.041820 -1.504510
vt 0.000970 -1.492310
vt -0.044730 -1.542260
vt -0.005580 -1.528010
vt -0.072130 -1.522660
vt 2.575270 -0.417110
vt 2.533670 -0.419210
vt 2.503970 -0.374510
vt 1.135870 -1.245010
vt 1.171920 -1.272460
vt 0.034570 1.971840
vt 0.046220 2.018440
vt -0.001380 2.004940
vt 0.080520 2.007740
vt 1.901370 0.230490
vt -0.030030 1.932940
vt 1.906220 0.328690
vt 1.851520 0.305640
vt 0.945570 -0.683460
vt 1.859270 0.367990
vt 0.935620 -0.650510
vt 0.876120 -0.669060
vt 1.821820 0.428390
vt 1.785420 0.374040
vt -0.135430 1.806490
vt -0.111430 1.893940
vt -0.186230 1.834940
vt -0.056230 1.835190
vt 0.029670 1.885740
vt 0.093420 1.955340
vt 1.170370 -1.243110
vt 0.107970 1.999040
vt 2.488870 -0.404460
vt 2.472670 -0.376410
vt 1.157920 -1.228660
vt 2.572670 -0.451060
vt 2.539470 -0.461010
vt 2.496870 -0.452810
vt -0.016530 -1.560910
vt 2.566520 -0.484010
vt 2.534220 -0.499810
vt 0.261320 2.049990
vt 0.189620 2.036390
vt 0.225870 1.985690
vt 0.224270 2.083840
vt 0.158970 1.963740
vt 0.145370 2.014790
vt 0.124170 1.990290
vt 0.122670 1.847890
vt 0.014020 1.768940
vt -0.116280 1.717840
vt -0.204730 1.750590
vt -0.031530 1.646490
vt 0.224870 1.902240
vt 0.299820 1.970790
vt 0.113070 1.665640
vt -0.261730 1.786590
vt -0.222630 1.662090
vt -0.162080 1.569890
vt 0.235770 1.768690
vt -0.004830 1.521340
vt -0.151230 1.402190
vt -0.274580 1.467790
vt 0.155920 1.468240
vt -0.321480 1.331490
vt -0.195930 1.256740
vt -0.091030 1.293390
vt 0.015520 1.364890
vt -0.196180 1.135390
vt -0.305630 1.186840
vt -0.096630 1.193840
vt -0.011030 1.254840
vt 0.119770 1.356790
vt -0.286880 1.073590
vt -0.360630 1.111690
vt -0.194780 1.021890
vt -0.093930 1.080740
vt 0.029620 1.150940
vt 0.088770 1.272640
vt -0.403530 1.137140
vt 1.871620 2.705590
vt 1.912220 2.740890
vt 1.879820 2.757490
vt 1.844470 2.749390
vt -0.375980 1.169340
vt -0.419880 1.179390
vt 1.914470 2.786540
vt 1.710720 2.354190
vt 1.729820 2.331490
vt 1.738370 2.372240
vt 1.857470 2.774590
vt -0.384080 1.230840
vt -0.450580 1.227340
vt 0.341470 -1.393860
vt 0.307770 -1.383410
vt 0.324770 -1.423560
vt 0.270720 -1.427860
vt -0.425880 1.292790
vt -0.490830 1.271890
vt 0.309120 -1.471210
vt 0.247770 -1.483410
vt 1.115420 -1.172410
vt 1.106870 -1.122760
vt 1.071120 -1.162810
vt 1.086370 -1.204910
vt 1.117020 -1.206060
vt 1.680170 2.355890
vt 1.041170 -1.203210
vt 1.048970 -1.119060
vt 1.020470 -1.162960
vt 1.675820 -1.304310
vt 1.727620 -1.315010
vt 1.713620 -1.261860
vt 1.698020 -1.361310
vt -0.479480 1.333040
vt 1.742520 -1.353360
vt 1.742770 -1.397610
vt -0.415980 1.360840
vt -0.400430 1.455540
vt -0.460230 1.394990
vt -0.520580 1.378290
vt 1.773620 -1.368160
vt 2.499420 2.429190
vt 2.553470 2.456390
vt 2.500520 2.492890
vt 1.771920 -1.315610
vt 1.762970 -1.268010
vt 1.751070 -1.216710
vt 0.990820 -1.126410
vt 1.806570 -1.217310
vt 1.800070 -1.274310
vt 1.822720 -1.313010
vt 1.821120 -1.382210
vt 2.543620 2.529490
vt -0.494230 1.441740
vt -0.559930 1.425440
vt 2.604220 2.494890
vt -0.321030 1.580490
vt -0.416330 1.545490
vt -0.481480 1.513540
vt -0.542580 1.483140
vt 1.887270 -1.444310
vt 1.838120 -1.448310
vt 1.877720 -1.483910
vt 1.878770 -1.396060
vt 1.874420 -1.328110
vt 1.833370 -1.255560
vt 1.777970 -1.174260
vt 0.941720 -1.136560
vt 1.932720 -1.345110
vt 0.336770 -0.586460
vt 0.322170 -0.658960
vt 0.365020 -0.647360
vt 0.352720 -0.694210
vt 0.385620 -0.686710
vt 0.385770 -0.730760
vt 0.427420 -0.703860
vt 2.461320 0.692790
vt 2.458570 0.763040
vt 2.409370 0.714340
vt -0.464680 1.574940
vt 2.407220 0.754740
vt 2.407570 0.800490
vt -0.406680 1.609640
vt -0.359630 1.650490
vt -0.295580 1.697390
vt -0.404580 1.669340
vt -0.359230 1.700440
vt 2.346170 0.819840
vt 2.393320 0.865990
vt 2.337720 0.888490
vt 2.370820 0.764740
vt 0.458620 -0.696160
vt 0.464870 -0.722560
vt 0.489420 -0.698210
vt 0.407770 -0.649360
vt 0.453670 -0.655610
vt 0.381070 -0.605960
vt 1.877220 -1.253360
vt 1.852370 -1.216760
vt 1.847920 -1.172610
vt 1.811620 -1.160760
vt 1.888920 -1.190060
vt 1.927770 -1.271260
vt 0.423770 -0.601160
vt 0.428270 -0.635460
vt 0.511170 -0.655310
vt 0.549770 -0.704460
vt 2.290870 0.860890
vt 0.561970 -0.656810
vt 0.610520 -0.676510
vt 2.327670 0.943590
vt 2.286220 0.921990
vt 2.282820 0.984490
vt -0.328680 1.749790
vt 0.667770 -0.693910
vt 0.666320 -0.636260
vt 0.601470 -0.623010
vt 0.545170 -0.605960
vt 0.484520 -0.591010
vt 0.379420 -0.540860
vt 1.979120 -1.280260
vt 2.000020 -1.335310
vt 1.929670 -1.208710
vt 1.930270 -1.153560
vt 1.885220 -1.136860
vt 1.976120 -1.228560
vt 1.983520 -1.170210
vt 0.443520 -0.531960
vt 0.590070 -0.566710
vt 0.639470 -0.586660
vt 0.692570 -0.583310
vt 0.662720 -0.547160
vt 0.627620 -0.557260
vt 0.530170 -0.537710
vt 0.485470 -0.539060
vt 0.407570 -0.484860
vt 0.357370 -0.466010
vt 2.035820 -1.267810
vt 2.005370 -1.245060
vt 2.025670 -1.205960
vt 2.021470 -1.168410
vt 2.021670 -1.133910
vt 1.970820 -1.111260
vt 1.921220 -1.103910
vt 2.006920 -1.092360
vt 1.975370 -1.062460
vt 1.945170 -1.074410
vt 0.319620 -0.155410
vt 0.311270 -0.190410
vt 0.340520 -0.197210
vt 0.365070 -0.158810
vt 0.343220 -0.124060
vt -0.603880 2.759290
vt -0.622730 2.795990
vt -0.646130 2.773690
vt 0.302570 -0.229960
vt -0.503280 2.753790
vt -0.526080 2.812440
vt -0.563880 2.758640
vt 0.350920 -0.251010
vt -0.573730 2.805040
vt 0.397020 -0.443360
vt 0.426570 -0.451810
vt 0.448970 -0.475210
vt 0.484270 -0.501360
vt 0.577020 -0.522960
vt 0.618720 -0.525110
vt 0.625720 -0.485560
vt 0.594370 -0.485710
vt 0.557120 -0.496360
vt 0.524170 -0.474960
vt 0.482670 -0.448510
vt 0.449720 -0.438060
vt 2.235820 2.459190
vt 2.245820 2.485840
vt 2.212020 2.478990
vt 0.354720 -0.297010
vt 0.381920 -0.310810
vt 0.388070 -0.284810
vt 0.401670 -0.250710
vt 0.388720 -0.205210
vt 0.421370 -0.145660
vt 0.375220 -0.114160
vt -0.062080 2.496990
vt -0.092530 2.504290
vt -0.076980 2.458840
vt -0.665580 2.809440
vt -0.689130 2.769340
vt -0.134830 2.461640
vt -0.050330 2.426290
vt -0.128430 2.543990
vt 0.453220 -0.226510
vt 0.485120 -0.160910
vt 0.432370 -0.291960
vt 2.230470 2.527190
vt 2.281220 2.503940
vt 0.427770 -0.345710
vt 0.485470 -0.338510
vt 0.537920 -0.416260
vt 0.562670 -0.457910
vt 0.729620 2.381640
vt 0.701670 2.379290
vt 0.717770 2.346590
vt 0.589720 -0.449660
vt 0.754120 2.362340
vt 0.768070 2.404040
vt 0.691220 -0.527060
vt 0.703170 -0.548660
vt 0.747570 -0.612960
vt 0.837920 -0.610010
vt 0.716920 -0.665810
vt 0.784320 -0.667060
vt 0.725720 -0.710210
vt 1.689220 0.510390
vt 1.730470 0.445190
vt 1.759770 0.496090
vt 0.757920 2.455940
vt 0.706970 2.416540
vt 0.549320 -0.350010
vt 0.515820 -0.364460
vt 0.527120 -0.295160
vt 0.529020 -0.378910
vt 0.479720 -0.281360
vt 0.507920 -0.252010
vt 0.499670 -0.382910
vt 0.516620 -0.206110
vt 0.515120 -0.168360
vt -0.202080 2.612240
vt -0.179930 2.587240
vt -0.042430 2.376040
vt 1.933470 -1.035110
vt 1.914370 -1.066060
vt 1.895270 -0.996810
vt 1.880770 -1.037160
vt 0.793420 -1.222510
vt 0.772520 -1.163810
vt 0.737020 -1.202560
vt 1.879270 -1.089060
vt 0.831970 -1.174260
vt 0.809420 -1.125060
vt 1.839620 -1.124060
vt 0.862470 -1.129010
vt 0.858170 -1.229560
vt 0.908370 -1.123660
vt 0.013470 1.003890
vt 0.152370 1.058490
vt 0.170870 1.192240
vt 0.172520 0.984640
vt 0.207070 1.007040
vt 0.217370 0.953390
vt 0.236670 1.041640
vt 0.252920 0.990440
vt 0.272870 1.119140
vt 0.277170 1.232090
vt 0.209020 1.323890
vt 0.297520 1.024490
vt 0.926620 2.497840
vt 0.977020 2.481590
vt 0.960670 2.542440
vt 0.892620 2.459540
vt 0.953470 2.434490
vt -0.856780 2.743040
vt -0.861030 2.802540
vt -0.894680 2.763040
vt -0.809080 2.759940
vt 1.167970 2.455440
vt 1.117920 2.405090
vt 1.189570 2.397040
vt 1.097320 2.456940
vt 1.992170 0.842990
vt 2.042170 0.901190
vt 1.958920 0.880840
vt 1.987120 0.946840
vt 1.115870 2.513790
vt 1.034270 2.500090
vt 0.357220 1.061140
vt 1.016220 2.584940
vt 0.357970 1.124940
vt 0.342570 1.183640
vt 0.320670 1.307590
vt 0.341470 1.245190
vt 0.323370 1.427240
vt 0.277220 1.603340
vt 0.374320 1.275940
vt 0.391570 1.220640
vt 0.398670 1.158090
vt -0.548980 -1.808760
vt -0.498880 -1.774660
vt -0.551680 -1.743110
vt -0.607580 -1.773860
vt 1.088670 2.545890
vt 1.077570 2.610490
vt -0.776830 -1.370710
vt -0.808530 -1.414960
vt -0.751180 -1.411510
vt -0.740380 -1.354410
vt -0.696680 -1.375310
vt -0.843380 -1.381660
vt -0.868480 -1.430960
vt -0.807180 -1.346960
vt 0.420970 1.263290
vt -0.883930 -1.381110
vt -0.916980 -1.440910
vt 0.395220 1.332790
vt 0.460170 1.401140
vt 0.466170 1.302740
vt 0.465270 1.241340
vt 2.088320 0.437990
vt 2.089720 0.382240
vt 2.132020 0.392340
vt 2.030520 0.423040
vt 2.032520 0.480340
vt -0.848230 -1.324260
vt -0.890580 -1.310410
vt -0.860580 -1.256460
vt -0.800880 -1.259260
vt 1.989970 0.475040
vt 1.963320 0.444640
vt 2.040020 0.345090
vt 1.990720 0.396240
vt 0.525470 1.253240
vt 0.529870 1.333090
vt 0.536370 1.392540
vt 0.435820 1.538090
vt 0.378420 1.718290
vt 0.535720 1.454290
vt 0.571020 1.409890
vt 0.580320 1.363790
vt -1.121830 2.553240
vt -1.202930 2.518540
vt -1.135330 2.492090
vt -1.195980 2.600790
vt 1.975020 0.304840
vt 1.968420 0.365690
vt 1.949570 0.408940
vt 1.930570 0.434740
vt 1.934470 0.512490
vt 1.907770 0.468590
vt 1.903070 0.422890
vt 1.938470 0.391540
vt 2.260170 1.328640
vt 2.219620 1.394440
vt 2.213920 1.332890
vt 2.245670 1.306740
vt 2.291320 1.365390
vt 2.270870 1.421090
vt 2.242320 1.462090
vt 2.284670 1.455240
vt 2.277920 1.489690
vt 0.580720 1.439990
vt 2.305520 1.470290
vt 2.305370 1.504740
vt 0.545170 1.531990
vt 0.581470 1.477540
vt 0.517320 1.645090
vt 0.592570 1.573290
vt 0.599570 1.513890
vt 2.331370 1.532190
vt 2.361070 1.516940
vt 2.358970 1.558290
vt 2.339770 1.481040
vt 2.326120 1.418990
vt 2.315470 1.300340
vt 2.363970 1.331090
vt 2.276220 1.270390
vt 2.396720 1.384590
vt 2.371670 1.440640
vt 2.387620 1.482890
vt -0.760080 -1.689160
vt -0.729380 -1.715060
vt -0.732280 -1.673910
vt -0.761380 -1.641660
vt -0.774030 -1.739460
vt 0.643720 1.541490
vt 0.597370 1.635140
vt 0.639220 1.596140
vt 0.574520 1.683440
vt 0.541120 1.733890
vt 0.473970 1.752790
vt 0.517720 1.817790
vt 0.568720 1.779490
vt 0.596470 1.730490
vt 0.617320 1.678590
vt 0.640420 1.640940
vt 1.555770 -1.303360
vt 1.538720 -1.335860
vt 1.583020 -1.326260
vt 1.583120 -1.285210
vt 1.626370 -1.291310
vt -0.827180 -1.718460
vt -0.812780 -1.760760
vt -0.793680 -1.696960
vt -0.788330 -1.664860
vt -0.809280 -1.627510
vt -0.785480 -1.590210
vt 2.414770 1.433590
vt 2.440620 1.361290
vt 2.435920 1.394540
vt 2.457720 1.418540
vt -0.835330 -1.580310
vt -0.867880 -1.626510
vt -0.825230 -1.669060
vt 1.169120 -0.966860
vt 1.137720 -0.993910
vt 1.176070 -1.020410
vt 1.133770 -1.037560
vt -0.864230 -1.679360
vt 1.159320 -1.062810
vt 1.127670 -1.072460
vt 1.096520 -1.057110
vt 1.521420 -1.304460
vt 1.509220 -1.368910
vt 1.501820 -1.334660
vt 1.463820 -1.400660
vt 1.475220 -1.356660
vt 0.609070 1.782640
vt 1.438070 -1.362010
vt 1.411120 -1.404960
vt 0.579770 1.832190
vt 1.371870 -1.447110
vt 1.369370 -1.400610
vt 1.391770 -1.367660
vt 0.995770 -1.068260
vt 0.992620 -1.022160
vt 0.952570 -1.055610
vt 1.047020 -1.037710
vt 1.031120 -1.079810
vt 1.065620 -1.077410
vt 1.099320 -1.015810
vt 1.134670 -0.950710
vt 1.102220 -0.974560
vt 1.158020 -0.933360
vt -0.893080 -1.659160
vt -1.796480 1.807690
vt -1.745580 1.854890
vt -1.790280 1.849440
vt -1.740030 1.800440
vt -1.762680 1.774040
vt -1.791930 1.751740
vt 2.470220 1.374190
vt 2.495070 1.400090
vt -1.747830 1.746140
vt 2.492820 1.343540
vt 2.510220 1.367090
vt 2.466370 1.341090
vt 2.525970 1.397190
vt -1.733580 1.769540
vt -1.710680 1.747590
vt 0.033520 -0.955660
vt 0.068870 -0.923710
vt 0.031220 -0.913960
vt 0.083520 -0.974610
vt -1.706580 1.780840
vt -0.926480 -1.733760
vt -0.881880 -1.776910
vt -0.886480 -1.711660
vt 1.099870 -0.940110
vt 1.123820 -0.904410
vt 1.065920 -0.920610
vt 0.027470 -1.004560
vt 1.066570 -0.959710
vt 1.069770 -0.995160
vt 1.032020 -0.987810
vt 0.948370 -1.007160
vt 0.905870 -1.041060
vt 0.919020 -1.083360
vt 0.990020 -0.975960
vt 1.026320 -0.946310
vt 1.012320 -0.907760
vt -0.935480 -1.678860
vt -0.018380 -1.029110
vt 0.013120 -1.061210
vt -0.010630 -0.981060
vt -0.004580 -0.936760
vt 0.035020 -0.880760
vt -0.000580 -0.900260
vt 2.488770 -0.096210
vt 2.533670 -0.081560
vt 2.493420 -0.055460
vt 2.555570 1.362590
vt 2.525720 1.328940
vt 2.490670 1.309740
vt 2.581920 -0.035510
vt 2.525270 -0.023010
vt 2.585220 -0.101310
vt 2.569770 1.310990
vt 2.489320 -0.016910
vt -0.033330 -0.922210
vt -0.046830 -0.957210
vt -0.058530 -1.012360
vt -0.036080 -1.075710
vt -0.046330 -1.044110
vt 2.345720 -0.117360
vt 2.344670 -0.063010
vt 2.305570 -0.099460
vt 0.988620 -0.940010
vt 0.960570 -0.923810
vt 0.952870 -0.959360
vt 0.905120 -0.982060
vt 0.923220 -0.936860
vt 2.318120 -0.149610
vt 2.358820 -0.157810
vt -0.072830 -1.101560
vt -0.048530 -1.130210
vt -0.073630 -1.061410
vt -0.097180 -0.978110
vt 2.755870 -0.563560
vt 2.730970 -0.595060
vt 2.773520 -0.597910
vt 2.751470 -0.647460
vt 2.500320 0.023140
vt 2.628770 -0.079160
vt 2.572420 1.268790
vt 2.610670 1.284740
vt 2.533120 1.282040
vt 2.486870 1.252790
vt 2.517120 1.215840
vt 2.549870 1.231490
vt 2.597220 1.241690
vt 2.645020 -0.015360
vt 2.674170 -0.068660
vt 2.658720 -0.115360
vt 2.547820 0.026740
vt 2.510620 0.078990
vt 2.697170 -0.640410
vt -0.159880 -0.985860
vt -0.122930 -1.036810
vt 2.718120 -0.700460
vt -0.115030 -1.094510
vt -0.168180 -1.081010
vt -0.195780 -1.031560
vt -0.200730 -0.992010
vt 2.674670 -0.722560
vt 2.701220 -0.737860
vt 2.678170 -0.683860
vt 2.503070 0.125190
vt 2.540420 0.117090
vt 2.564420 0.075890
vt 2.598570 0.030890
vt -1.730680 -0.147810
vt -1.682080 -0.146910
vt -1.726880 -0.098510
vt -1.105030 2.460640
vt -1.058080 2.451090
vt -1.072180 2.496590
vt -1.094430 2.394640
vt 2.747620 1.458740
vt 2.801270 1.476940
vt 2.741070 1.507290
vt 2.772620 1.415390
vt 2.823820 1.415240
vt 2.532620 1.183140
vt 2.496620 1.200990
vt 2.417420 1.267240
vt 2.452020 1.209840
vt 2.437520 1.320390
vt 2.396820 1.222740
vt 2.366470 1.270390
vt 2.485220 1.149890
vt 2.425520 1.173590
vt -1.120930 2.338540
vt -1.062580 2.326140
vt -1.117130 2.279690
vt -1.001180 2.400490
vt -1.014580 2.506890
vt -1.710530 -0.186960
vt -1.061480 2.539190
vt -1.669580 -0.208610
vt 2.644520 0.047440
vt 2.608620 0.080890
vt 2.582870 0.116590
vt 2.561120 0.145840
vt 2.525120 0.149990
vt 2.484520 0.160340
vt 1.531370 2.702740
vt 1.525320 2.736840
vt 1.483370 2.715240
vt 1.495170 2.758490
vt 1.561970 2.718740
vt 1.451670 2.773140
vt 2.607120 0.151990
vt 2.619020 0.114140
vt 2.642070 0.088490
vt -1.706130 -0.235110
vt -1.666280 -0.249610
vt -1.033180 2.578440
vt -0.891480 2.508840
vt -0.988980 2.288240
vt -1.058530 2.262590
vt -0.398330 -1.812060
vt -0.344180 -1.768710
vt -0.408780 -1.748460
vt 2.420720 1.115540
vt 2.375920 1.179240
vt -0.370730 -1.705710
vt -0.314380 -1.720710
vt 2.357670 1.141040
vt 1.799470 0.535290
vt 1.778020 0.582140
vt 1.739720 0.555390
vt -1.027030 2.211440
vt -0.883130 2.341340
vt -0.973730 2.585640
vt -1.014780 2.628440
vt -1.681180 -0.283510
vt 2.651870 0.120290
vt 1.423020 2.732540
vt 1.401970 2.774690
vt 1.417620 2.809590
vt 1.441620 2.685240
vt 1.479570 2.672140
vt 1.378520 2.744890
vt 1.392270 2.700690
vt -0.939630 2.632390
vt -0.979030 2.647490
vt -0.924780 2.585090
vt -0.923730 2.252340
vt -0.967780 2.206840
vt -0.308530 -1.672260
vt -0.374780 -1.647660
vt 1.819770 0.565340
vt 1.815670 0.614690
vt 2.318970 1.199090
vt 1.842470 0.532090
vt 1.849570 0.486740
vt 1.868220 0.559890
vt -0.319880 -1.625810
vt 1.875270 0.607040
vt 1.847420 0.651690
vt -0.915030 2.185490
vt -0.361680 -1.592210
vt -0.851930 2.233890
vt -0.752480 2.292140
vt -0.751680 2.428040
vt -0.888880 2.614690
vt -1.279780 -1.495910
vt -1.227130 -1.488610
vt -1.275180 -1.442960
vt -1.236630 -1.420560
vt 1.367470 2.663440
vt 1.416720 2.650890
vt -0.823180 2.638840
vt -0.841930 2.581140
vt -0.866080 2.675090
vt -0.768280 2.167590
vt -0.860780 2.160190
vt -0.313280 -1.594610
vt -0.907580 2.125290
vt -0.846280 -1.064460
vt -0.807380 -1.040260
vt -0.864980 -1.018310
vt 1.898020 0.637440
vt 1.871420 0.672190
vt -0.822280 -1.104360
vt -0.863480 -1.106110
vt -0.842780 2.097040
vt -0.783130 -1.095860
vt -0.902230 2.059290
vt -0.744880 -1.050460
vt -0.758280 2.563190
vt -0.763730 2.050440
vt -0.848230 2.021890
vt -0.740830 -1.126860
vt -0.689830 -1.092460
vt 0.416070 2.232340
vt 0.479070 2.204440
vt 0.469320 2.280590
vt -0.787380 -1.158610
vt -0.845930 -1.174210
vt -0.741580 -1.213110
vt -0.696380 -1.166510
vt 0.521670 2.242990
vt 1.420170 2.565840
vt 1.370670 2.521140
vt 1.446670 2.520090
vt -0.646580 -1.140760
vt -0.802430 1.982290
vt 0.526670 2.297940
vt -0.660180 2.108190
vt -0.645680 2.226640
vt -0.667130 1.999090
vt -0.747580 1.966990
vt 1.409720 2.461290
vt 1.481920 2.481140
vt 1.479220 2.424240
vt 1.331720 2.480540
vt 1.321870 2.509490
vt -0.662780 -1.201410
vt 1.310470 2.534740
vt -0.696230 -1.226410
vt 1.272970 2.504890
vt 1.359370 2.453690
vt 1.426920 2.405790
vt 1.368820 2.421190
vt -0.703130 1.935090
vt 2.056970 1.229190
vt 2.064620 1.171390
vt 2.104420 1.203990
vt -0.561730 2.046090
vt -0.548980 2.156290
vt -0.574530 1.954890
vt -0.644330 1.922390
vt 2.099220 1.162040
vt 2.656120 1.171490
vt 2.652670 1.124140
vt 2.708420 1.138140
vt 2.139020 1.173240
vt 2.074170 1.128290
vt 2.026020 1.123140
vt 1.321120 2.411140
vt 1.319970 2.441490
vt 2.049720 1.083790
vt 2.018420 1.075240
vt 2.030670 1.049540
vt 2.066070 1.035440
vt 2.089570 1.088340
vt 2.114220 1.129690
vt 2.689420 1.077790
vt 2.158720 1.130090
vt 2.197120 1.167940
vt -0.585580 1.892640
vt -0.637130 1.860690
vt -0.494430 1.981090
vt -0.496480 1.879040
vt -0.573730 1.839740
vt 2.194570 1.121390
vt -1.881730 -0.804460
vt -1.899980 -0.856710
vt -1.841480 -0.858810
vt 2.235520 1.129990
vt 2.130270 1.089690
vt 2.170020 1.086740
vt 2.106220 1.057090
vt 2.103720 1.028190
vt 1.276470 2.417340
vt 1.997720 1.035140
vt 1.264270 2.459790
vt 2.025620 1.017840
vt 2.137370 1.040640
vt 2.098620 0.983690
vt 2.185020 1.042190
vt 2.211520 1.085540
vt -1.876430 -0.905660
vt 2.257870 1.083440
vt 2.289370 1.126140
vt -0.527880 1.808740
vt -0.572180 1.782940
vt -0.523830 1.760540
vt 2.305170 1.072290
vt 2.333020 1.103440
vt 2.225820 1.038290
vt 2.269720 1.030490
vt 2.160970 0.992490
vt 2.198920 1.004890
vt 2.035920 0.978590
vt 2.001120 0.993090
vt 1.224220 2.431890
vt 1.967970 0.990190
vt 2.188720 0.967340
vt 2.232170 0.983040
vt 1.891570 -0.403860
vt 1.881870 -0.365760
vt 1.838120 -0.397960
vt 1.950820 -0.406460
vt 1.836370 -0.362610
vt 1.795870 -0.369610
vt 1.861270 -0.329760
vt 1.888170 -0.295160
vt 1.824020 -0.289910
vt 1.810470 -0.338910
vt 2.698170 1.504190
vt 2.648020 1.467990
vt 2.707520 1.458990
vt 2.667920 1.545140
vt 2.606020 1.522940
vt 1.825570 -0.243310
vt 1.776120 -0.252510
vt 1.851070 -0.212460
vt 1.804020 -0.216110
vt -0.404730 1.772740
vt -0.391480 1.817890
vt -0.433580 1.824990
vt -0.471980 1.783390
vt -0.350180 1.791490
vt 2.848720 -0.847260
vt 2.871520 -0.891760
vt 2.900070 -0.842010
vt -0.407730 1.864490
vt -0.365380 1.838440
vt -0.317730 1.838890
vt 0.559320 2.314140
vt 0.615420 2.303240
vt 0.590120 2.364840
vt 1.822420 -0.180460
vt 1.769320 -0.195410
vt 1.792320 -0.144810
vt 0.639920 2.338340
vt 1.777970 -0.112110
vt -0.332430 1.905140
vt -0.364330 1.877490
vt 0.647820 2.398690
vt 0.680070 2.334840
vt 1.217720 2.457340
vt 1.220220 2.481540
vt 1.181820 2.501090
vt 1.186170 2.537640
vt 1.137620 2.578890
vt 1.219970 2.512490
vt 1.249070 2.540190
vt -0.714130 -1.292360
vt -0.663530 -1.325760
vt -0.667930 -1.263010
vt -0.754780 -1.269610
vt -0.765180 -1.317210
vt -0.882430 -1.206010
vt 1.985970 0.511140
vt 2.009270 0.538040
vt 1.958570 0.554440
vt 1.915170 0.571390
vt 1.937220 0.583140
vt -0.876030 -1.171160
vt -0.875780 -1.143710
vt 1.916520 0.600940
vt 1.880070 0.512040
vt 2.341320 1.237890
vt -0.750630 2.655190
vt -0.759330 2.718340
vt -0.795030 2.685190
vt -0.805030 2.719190
vt 1.115520 -0.117860
vt -0.829880 2.691240
vt 2.698620 1.759140
vt 2.712870 1.796290
vt 2.708920 1.721490
vt 2.761520 1.797590
vt 1.444470 2.600390
vt 1.392370 2.612490
vt 1.462370 2.642340
vt 1.499220 2.605490
vt 1.497170 2.645790
vt 1.530020 2.637540
vt -0.277730 -0.925010
vt 1.515220 2.673040
vt 1.563420 2.671090
vt -0.243080 -0.957460
vt -0.281280 -1.025910
vt -0.262180 -0.995060
vt -0.218680 -0.979410
vt -0.227180 -0.997560
vt 1.577370 2.699640
vt -0.244430 -1.030410
vt -0.250530 -1.095210
vt 1.590670 2.717090
vt -0.312030 -1.194410
vt -0.225230 -1.172160
vt -0.161980 -1.140060
vt -0.230530 -1.227960
vt -0.171680 -1.203310
vt -0.273780 -1.254460
vt -0.320680 -1.272110
vt -0.277030 -1.294310
vt -0.233080 -1.274210
vt -0.184280 -1.251360
vt -0.121380 -1.183560
vt 2.281120 -0.232110
vt 2.247970 -0.275260
vt 2.307170 -0.274960
vt 2.269670 -0.325210
vt -0.095530 -1.142110
vt 2.337520 -0.212510
vt 2.280420 -0.183160
vt 2.319720 -0.333310
vt 0.745670 -0.963110
vt 0.793970 -0.976260
vt 0.796670 -0.933360
vt 2.350720 -0.292660
vt 2.339520 -0.258610
vt 2.241320 -0.370910
vt 2.288870 -0.375260
vt 2.216870 -0.412160
vt 2.259470 -0.413110
vt 2.202370 -0.451260
vt 2.236820 -0.442510
vt -0.315130 -1.312710
vt -1.842930 -0.792960
vt -1.809530 -0.834760
vt -1.782980 -0.794710
vt -1.821230 -0.737560
vt -0.385230 -1.248510
vt 0.112520 -1.450710
vt 0.167570 -1.454910
vt 0.132620 -1.409210
vt 0.196120 -1.486560
vt 0.163170 -1.501810
vt 0.133670 -1.483460
vt 0.216120 -1.459810
vt 1.324970 2.573540
vt 1.353870 2.595440
vt 1.320020 2.605690
vt 1.347170 2.629140
vt 1.289970 2.577190
vt 2.270970 -0.452010
vt 0.664220 -0.988860
vt 0.655070 -0.951460
vt 0.624570 -0.982360
vt 0.698270 -0.957560
vt 0.702720 -0.994660
vt 0.747320 -1.005460
vt 0.783720 -1.015810
vt 0.824520 -1.007760
vt 0.832870 -0.969210
vt 0.821420 -0.951810
vt 0.863770 -0.933360
vt 0.858870 -0.981710
vt 0.796870 -1.047460
vt 0.836370 -1.047410
vt 0.867420 -1.018860
vt 0.752470 -1.047460
vt 0.709020 -1.037760
vt 0.674270 -1.023610
vt 0.634220 -1.028060
vt 1.280920 2.620940
vt 1.244120 2.588740
vt 1.314070 2.646740
vt 0.192220 -1.523560
vt 0.154520 -1.544710
vt 0.123020 -1.520860
vt 0.093270 -1.493410
vt 0.078270 -1.537310
vt 0.112520 -1.562110
vt 0.142620 -1.586610
vt 0.187220 -1.570710
vt 1.269070 2.667840
vt 1.244370 2.633040
vt 1.215470 2.620390
vt 0.665170 -1.068710
vt 1.192670 2.582990
vt 0.717620 -1.086110
vt 0.770920 -1.091160
vt 0.817070 -1.081060
vt 0.848620 -1.075160
vt 0.867220 -1.053910
vt 0.880220 -1.082460
vt 1.320920 -1.456060
vt 1.305120 -1.428360
vt 1.282270 -1.451410
vt 1.334820 -1.418010
vt 1.245470 -1.481010
vt 1.295420 -1.493910
vt 2.599770 1.465890
vt 2.575320 1.413390
vt 2.634170 1.423840
vt 0.519170 1.967990
vt 0.553970 1.918290
vt 0.572770 1.961090
vt 2.567120 1.512490
vt 2.541620 1.464140
vt 1.186970 2.628540
vt 2.523470 1.505340
vt 1.212870 2.661640
vt 1.235320 2.699240
vt 1.271370 2.715040
vt 2.445520 1.538640
vt 2.446370 1.484290
vt 2.486720 1.529340
vt 2.496720 1.478940
vt 0.494520 2.024190
vt 0.452320 2.045690
vt 0.439670 1.974290
vt 0.500170 1.900490
vt 0.545620 1.871140
vt 0.580620 1.882640
vt 0.402470 2.057690
vt 2.410970 1.525140
vt 0.333120 2.058090
vt 0.368570 1.999740
vt 0.369820 2.098340
vt 1.234570 2.734040
vt 1.266270 2.757340
vt 2.827320 -0.657560
vt 2.789170 -0.659360
vt 2.815070 -0.711960
vt 2.767220 -0.695360
vt 0.298870 2.093090
vt 0.370070 1.932190
vt 0.427620 1.851240
vt 0.265720 2.093490
vt 2.533620 -0.569060
vt 2.558170 -0.600560
vt 2.575820 -0.566160
vt 2.542570 -0.538410
vt 1.309070 2.735140
vt 1.300820 2.778590
vt 0.069220 -1.580810
vt 0.025920 -1.560010
vt 2.583070 -0.520360
vt 0.321070 1.858840
vn 0.0458 -0.7646 -0.6429
vn -0.0572 -0.9841 -0.1683
vn -0.2285 -0.6334 -0.7393
vn -0.2212 -0.8634 -0.4535
vn -0.5269 -0.2800 -0.8025
vn -0.2819 -0.0633 -0.9573
vn -0.0060 -0.1818 -0.9833
vn 0.0912 -0.9792 -0.1813
vn 0.0000 -0.9999 0.0108
vn 0.0161 -0.9995 -0.0268
vn -0.1152 -0.9856 -0.1238
vn -0.4629 -0.6661 -0.5849
vn -0.6035 -0.3318 -0.7251
vn -0.5668 0.0562 -0.8219
vn -0.6867 0.0031 -0.7269
vn -0.3273 0.0871 -0.9409
vn -0.0311 0.0735 -0.9968
vn 0.3059 0.0589 -0.9502
vn 0.3703 -0.2091 -0.9051
vn 0.3452 -0.6324 -0.6935
vn 0.0359 -0.9975 -0.0605
vn 0.2178 -0.8415 -0.4943
vn -0.0003 -1.0000 0.0049
vn 0.0123 -0.9998 0.0156
vn -0.0712 -0.9974 -0.0100
vn -0.4435 -0.8619 -0.2458
vn -0.5113 -0.6803 -0.5251
vn -0.6496 -0.1493 -0.7455
vn -0.6020 0.0425 -0.7974
vn -0.6633 0.0147 -0.7482
vn -0.3697 0.0006 -0.9291
vn -0.0622 0.0322 -0.9975
vn 0.2023 0.0494 -0.9781
vn 0.4287 0.0218 -0.9032
vn 0.4804 0.0139 -0.8769
vn 0.4872 -0.1763 -0.8553
vn 0.4693 -0.3134 -0.8255
vn 0.0717 -0.9877 -0.1390
vn 0.2372 -0.7410 -0.6281
vn 0.3289 -0.2578 -0.9085
vn -0.0336 -0.9992 -0.0222
vn -0.4343 -0.8708 -0.2304
vn -0.7078 -0.3776 -0.5971
vn -0.8101 -0.3596 -0.4630
vn -0.7703 -0.0166 -0.6375
vn 0.2635 0.0009 -0.9647
vn -0.6411 0.0168 -0.7672
vn -0.8309 0.0173 -0.5562
vn -0.9025 0.0563 -0.4270
vn -0.8419 -0.1968 -0.5024
vn -0.4517 -0.7953 -0.4042
vn 0.0001 -1.0000 0.0011
vn -0.7036 -0.1540 -0.6937
vn -0.7604 0.0834 -0.6441
vn -0.8618 0.0674 -0.5028
vn -0.8690 0.0507 -0.4922
vn -0.9224 -0.0009 -0.3862
vn -0.6167 0.0003 -0.7872
vn -0.1415 -0.0210 -0.9897
vn -0.6684 -0.0379 -0.7428
vn -0.7135 -0.0052 -0.7006
vn -0.7643 0.0474 -0.6431
vn -0.7510 0.0285 -0.6597
vn -0.7736 -0.3484 -0.5293
vn -0.2372 -0.9621 -0.1348
vn -0.6625 -0.7053 -0.2523
vn -0.1143 -0.9911 -0.0680
vn -0.5295 -0.7814 -0.3302
vn -0.8959 -0.1589 -0.4148
vn -0.8414 0.0681 -0.5361
vn -0.8418 -0.0245 -0.5392
vn -0.8694 0.0062 -0.4941
vn -0.6019 0.0118 -0.7985
vn -0.7013 -0.0037 -0.7128
vn -0.8416 -0.0202 -0.5398
vn -0.9033 -0.0153 -0.4287
vn -0.8042 -0.0246 -0.5939
vn -0.8793 0.0495 -0.4737
vn -0.7565 -0.3178 -0.5716
vn -0.8206 0.0704 -0.5671
vn -0.6145 -0.7716 -0.1647
vn 0.0035 -1.0000 0.0036
vn -0.2099 -0.9762 0.0549
vn -0.8171 -0.5578 0.1457
vn -0.8896 -0.1491 -0.4317
vn -0.9851 -0.1640 0.0516
vn -0.8238 0.0292 -0.5661
vn -0.9308 0.0789 -0.3569
vn -0.8421 -0.0287 -0.5386
vn -0.8633 0.0035 -0.5047
vn -0.8575 0.0093 -0.5143
vn -0.9076 0.0699 -0.4139
vn -0.8942 0.0007 -0.4476
vn -0.8305 0.0220 -0.5566
vn -0.9556 0.0546 -0.2896
vn -0.9921 0.0330 0.1208
vn -0.9776 -0.0121 0.2103
vn -0.6312 -0.7385 0.2371
vn -0.9593 -0.1567 0.2347
vn -0.1379 -0.9871 0.0810
vn -0.6921 -0.5712 0.4413
vn -0.9199 -0.0484 0.3893
vn -0.9694 0.0842 0.2305
vn -0.9246 0.0108 -0.3808
vn -0.9819 0.0032 -0.1893
vn -0.7438 -0.0158 -0.6682
vn -0.8173 0.2417 -0.5230
vn -0.7902 0.1070 -0.6035
vn -0.6599 0.3566 -0.6614
vn -0.9229 -0.0490 -0.3819
vn -0.8216 -0.0056 -0.5701
vn -0.7508 -0.0642 -0.6574
vn -0.9690 -0.0546 -0.2409
vn -0.9812 0.0251 0.1912
vn -0.9706 0.0117 0.2406
vn -0.9316 0.1019 0.3489
vn -0.8444 0.1044 0.5254
vn -0.8169 0.0332 0.5758
vn -0.4409 -0.8047 0.3975
vn -0.7235 -0.1373 0.6765
vn -0.7613 0.0725 0.6444
vn -0.8308 0.0096 0.5565
vn -0.9307 0.0164 0.3654
vn -0.9660 -0.0484 0.2539
vn -0.7876 -0.0092 -0.6161
vn -0.8528 0.0103 -0.5221
vn -0.8674 0.3339 -0.3690
vn -0.5401 0.7718 -0.3357
vn -0.3353 0.9161 -0.2199
vn -0.3247 0.9376 -0.1243
vn -0.0491 0.9981 -0.0373
vn -0.7988 0.4700 -0.3755
vn -0.8782 0.2529 -0.4061
vn -0.9994 -0.0328 0.0089
vn -0.7566 0.0182 0.6536
vn -0.7157 0.0147 0.6983
vn -0.6781 0.0288 0.7344
vn -0.6208 -0.2513 0.7426
vn -0.5911 -0.1232 0.7972
vn -0.7917 0.0141 0.6108
vn -0.9292 0.0081 0.3694
vn -0.9659 0.0060 0.2587
vn -0.9396 -0.0830 0.3321
vn -0.9672 0.2408 0.0814
vn -0.6067 0.7876 -0.1073
vn -0.7776 0.6229 0.0856
vn -0.2928 0.9552 0.0431
vn -0.1371 0.9904 0.0173
vn -0.9716 -0.0234 0.2356
vn -0.9522 -0.1057 0.2866
vn -0.7816 -0.0167 0.6236
vn -0.9994 0.0002 -0.0359
vn -0.9825 0.0247 0.1847
vn -0.7842 0.0082 0.6204
vn -0.9777 -0.0126 0.2096
vn -0.7275 -0.0024 0.6861
vn -0.8614 -0.0606 0.5044
vn -0.8853 0.1302 0.4464
vn -0.9377 0.2016 0.2828
vn -0.5121 0.8348 0.2022
vn -0.0645 0.9973 0.0353
vn 0.0162 0.9998 0.0132
vn -0.2401 0.9572 0.1616
vn -0.1030 0.9922 0.0708
vn -0.6971 0.5364 0.4757
vn -0.7765 -0.0173 0.6299
vn -0.7573 -0.0410 0.6518
vn -0.7413 -0.0534 0.6690
vn -0.9998 -0.0116 0.0180
vn -0.9396 -0.0072 -0.3421
vn -0.9733 0.0042 -0.2294
vn -0.9465 0.0029 0.3226
vn -0.7660 -0.0554 0.6404
vn -0.7601 -0.0877 0.6439
vn -0.7394 0.1452 0.6574
vn -0.5003 0.7202 0.4806
vn -0.0052 1.0000 -0.0036
vn 0.0074 0.9999 0.0078
vn -0.0014 1.0000 0.0002
vn -0.0566 0.9978 0.0340
vn -0.3394 0.8975 0.2815
vn -0.6966 0.3829 0.6068
vn -0.6961 0.0804 0.7134
vn -0.7400 0.0375 0.6716
vn -0.9782 -0.0353 0.2045
vn -0.8240 0.1368 0.5498
vn -0.9810 0.1287 0.1450
vn -0.6642 0.6392 0.3877
vn -0.2751 0.9377 0.2122
vn -0.0056 0.9996 -0.0266
vn 0.0005 1.0000 -0.0005
vn 0.0119 0.9999 -0.0076
vn -0.0000 1.0000 0.0001
vn -0.2352 0.9695 0.0695
vn -0.6857 0.7274 0.0285
vn -0.2847 0.9558 0.0731
vn -0.0002 1.0000 0.0000
vn 0.0291 0.9994 -0.0172
vn -0.0499 0.9904 0.1292
vn 0.0589 0.9959 -0.0690
vn 0.0237 0.9993 -0.0295
vn -0.0003 1.0000 -0.0013
vn 0.0001 1.0000 0.0000
vn 0.0580 0.9866 0.1522
vn 0.1758 0.9482 0.2647
vn 0.0173 0.9960 0.0877
vn -0.1316 0.9738 0.1853
vn -0.0275 0.9076 0.4189
vn -0.1057 0.8815 0.4602
vn 0.1086 0.9002 0.4217
vn 0.4118 0.7878 0.4581
vn -0.0039 0.9997 0.0237
vn -0.0009 1.0000 -0.0023
vn -0.0001 1.0000 -0.0001
vn 0.0645 0.9028 0.4251
vn 0.2112 0.7943 0.5697
vn 0.3150 0.8109 0.4931
vn 0.4831 0.7352 0.4755
vn 0.1827 0.7773 0.6021
vn -0.0757 0.7797 0.6216
vn -0.1736 0.7949 0.5814
vn 0.0500 0.6313 0.7739
vn 0.3518 0.6924 0.6299
vn 0.0291 0.8373 0.5460
vn 0.0267 0.8799 0.4745
vn 0.0423 0.8034 0.5940
vn 0.0354 0.9379 0.3451
vn -0.0094 0.9981 0.0610
vn -0.0082 0.9997 -0.0243
vn -0.0137 0.9999 0.0074
vn 0.1557 0.8956 0.4168
vn 0.1088 0.8260 0.5530
vn -0.0690 0.8120 0.5796
vn 0.1682 0.6833 0.7105
vn 0.1041 0.6945 0.7120
vn 0.1366 0.5039 0.8529
vn 0.0510 0.2747 0.9602
vn -0.4349 0.4942 0.7527
vn -0.2101 0.9342 0.2883
vn -0.1643 0.1870 0.9685
vn -0.0035 0.9671 0.2545
vn 0.1450 0.9414 0.3046
vn 0.2810 0.7747 0.5665
vn 0.2863 0.8375 0.4654
vn 0.1213 0.9831 0.1371
vn 0.0695 0.9958 0.0594
vn 0.1918 0.9472 0.2570
vn 0.0433 0.9738 0.2231
vn 0.2770 0.8094 0.5178
vn 0.0023 0.9993 0.0372
vn -0.3834 0.6844 0.6202
vn -0.0165 0.9767 0.2139
vn -0.5541 0.2328 0.7993
vn -0.4166 0.0950 0.9041
vn -0.2484 -0.0356 0.9680
vn 0.0454 -0.0149 0.9989
vn 0.1505 0.0785 0.9855
vn 0.2696 0.1961 0.9428
vn 0.1819 0.2601 0.9483
vn 0.2422 0.2670 0.9328
vn 0.0288 0.2868 0.9576
vn -0.4490 0.0496 0.8921
vn -0.2764 0.2630 0.9244
vn -0.4432 -0.0108 0.8963
vn -0.3727 0.2094 0.9040
vn -0.1191 0.7379 0.6643
vn 0.0395 0.9967 0.0713
vn 0.0928 0.9749 0.2023
vn 0.2069 0.8608 0.4651
vn 0.2344 0.8356 0.4969
vn 0.0171 0.8783 0.4779
vn -0.0878 0.2967 0.9509
vn -0.2693 -0.0423 0.9621
vn -0.3695 0.1775 0.9121
vn -0.3549 0.4197 0.8354
vn -0.0583 0.5867 0.8077
vn 0.1196 0.5396 0.8334
vn -0.1721 0.3388 0.9250
vn 0.0134 0.3635 0.9315
vn -0.2421 0.0698 0.9677
vn -0.1840 0.0870 0.9791
vn -0.1121 0.0372 0.9930
vn -0.0136 0.5056 0.8627
vn 0.0289 0.9247 0.3795
vn -0.0666 0.9948 0.0770
vn -0.0039 0.9998 0.0201
vn 0.1574 0.9588 0.2366
vn 0.2614 0.7878 0.5578
vn 0.1184 0.9398 0.3206
vn 0.1545 0.7884 0.5954
vn 0.1995 0.9244 0.3251
vn 0.0084 0.9992 0.0389
vn -0.0962 0.9952 0.0184
vn -0.0340 0.9979 -0.0557
vn -0.0697 0.9283 0.3654
vn -0.1311 0.9879 0.0831
vn -0.0784 0.4531 0.8880
vn -0.1458 0.0412 0.9885
vn -0.1353 0.0609 0.9889
vn -0.0644 0.4263 0.9023
vn 0.1082 0.8451 0.5235
vn -0.0669 0.9867 0.1480
vn 0.0096 0.9999 0.0042
vn 0.1762 0.9643 0.1976
vn 0.3651 0.7530 0.5475
vn 0.3170 0.8634 0.3925
vn 0.7771 0.6035 0.1784
vn 0.5599 0.6987 0.4454
vn 0.4130 0.8981 -0.1511
vn 0.6724 0.6286 -0.3908
vn 0.3514 0.9362 -0.0032
vn 0.1288 0.9914 -0.0240
vn -0.0149 0.9998 0.0136
vn 0.0642 0.9749 0.2133
vn 0.4431 0.5659 0.6953
vn 0.2628 0.3387 0.9034
vn 0.4130 0.8199 0.3965
vn -0.0344 0.0267 0.9991
vn -0.0826 0.0764 0.9937
vn 0.3379 -0.0039 0.9412
vn 0.0856 0.0127 0.9963
vn 0.6381 0.1611 0.7529
vn 0.7040 0.3886 0.5944
vn 0.8626 0.4380 0.2533
vn 0.1743 0.9792 0.1042
vn 0.5029 0.8621 0.0617
vn 0.2306 0.9721 -0.0425
vn 0.3843 0.9220 0.0467
vn 0.7487 0.6575 -0.0846
vn 0.7172 0.6960 0.0352
vn 0.8117 0.4049 -0.4211
vn 0.9332 0.2260 -0.2794
vn 0.7494 0.2630 -0.6077
vn 0.9552 0.2946 -0.0281
vn 0.9204 0.3339 -0.2034
vn 0.7748 0.3209 -0.5447
vn 0.9248 0.3696 0.0907
vn 0.6273 0.7679 0.1300
vn 0.6999 0.7141 0.0135
vn 0.8428 0.0666 0.5342
vn 0.9622 0.0986 0.2539
vn 0.9582 0.2856 0.0172
vn 0.6958 -0.0139 0.7181
vn 0.4434 -0.0573 0.8945
vn 0.6826 -0.0494 0.7291
vn 0.8407 0.0180 0.5413
vn 0.8685 0.2679 0.4170
vn 0.9489 0.2999 0.0976
vn 0.9362 0.3345 0.1080
vn 0.7553 0.6553 0.0098
vn 0.6298 0.7241 -0.2812
vn 0.6054 0.6465 -0.4642
vn 0.8745 0.4243 -0.2349
vn 0.9316 0.1927 0.3081
vn 0.9502 0.0580 0.3061
vn 0.7615 0.3810 0.5244
vn 0.3840 0.9112 0.1490
vn 0.1607 0.9791 -0.1245
vn 0.3995 0.9148 -0.0588
vn 0.2208 0.9722 -0.0779
vn 0.7688 0.6165 0.1700
vn 0.4526 0.8829 0.1252
vn 0.6728 0.6744 0.3041
vn 0.7724 0.0947 0.6280
vn 0.4239 0.5097 0.7486
vn 0.5077 0.6298 0.5878
vn 0.6578 0.0034 0.7531
vn 0.3225 -0.0484 0.9453
vn 0.0531 -0.0047 0.9986
vn -0.0119 -0.1048 0.9944
vn 0.5987 -0.0345 0.8002
vn 0.7134 0.0214 0.7004
vn 0.3028 0.2429 0.9216
vn -0.0474 0.6313 0.7741
vn 0.1088 0.8398 0.5319
vn 0.3541 0.8543 0.3805
vn 0.0842 0.9964 0.0099
vn 0.1329 0.9658 0.2228
vn 0.0362 0.9986 -0.0383
vn -0.0335 0.9991 -0.0273
vn -0.0316 0.9995 -0.0100
vn 0.0307 0.9914 0.1269
vn 0.0776 0.8451 0.5289
vn 0.1313 0.4862 0.8639
vn -0.0595 0.2291 0.9716
vn 0.2558 0.0197 0.9665
vn 0.7004 -0.0456 0.7123
vn 0.5145 -0.2740 0.8125
vn 0.2512 -0.2669 0.9304
vn -0.0003 -0.1993 0.9799
vn -0.0888 0.0183 0.9959
vn -0.1329 -0.0757 0.9882
vn -0.0625 -0.2301 0.9712
vn -0.0176 0.0762 0.9969
vn -0.1495 0.0448 0.9877
vn -0.1477 -0.0212 0.9888
vn -0.1158 -0.1470 0.9823
vn -0.0237 -0.5566 0.8304
vn -0.0420 -0.4406 0.8967
vn 0.1290 -0.6930 0.7093
vn 0.6672 -0.3201 0.6726
vn 0.3330 -0.6219 0.7087
vn 0.1571 -0.1075 0.9817
vn -0.2288 0.0302 0.9730
vn 0.1325 0.0674 0.9889
vn 0.1919 0.2432 0.9508
vn 0.2492 0.4082 0.8782
vn 0.2320 0.8076 0.5422
vn 0.3983 0.3850 0.8326
vn 0.3741 0.0757 0.9243
vn 0.2950 0.1224 0.9476
vn 0.1392 -0.1268 0.9821
vn 0.3142 -0.0084 0.9493
vn -0.1420 -0.0583 0.9881
vn -0.0932 -0.3631 0.9271
vn 0.4576 -0.4648 0.7580
vn 0.3748 -0.7584 0.5332
vn 0.0212 -0.9484 0.3163
vn -0.0214 -0.9444 0.3281
vn -0.0170 -0.8805 0.4737
vn -0.0813 -0.4443 0.8922
vn -0.1007 -0.0995 0.9899
vn -0.0822 -0.2549 0.9635
vn -0.0481 -0.8572 0.5127
vn -0.0118 -0.9944 0.1054
vn -0.0148 -0.9983 0.0558
vn -0.0279 -0.9995 0.0165
vn 0.0676 -0.9967 0.0449
vn 0.5449 -0.8031 0.2409
vn 0.0112 -0.7985 0.6019
vn 0.3380 -0.9039 0.2621
vn 0.0799 -0.4412 0.8938
vn 0.0151 -0.8816 0.4717
vn 0.2955 -0.1789 0.9384
vn 0.2489 -0.5837 0.7729
vn 0.0825 -0.9570 0.2783
vn 0.0053 -0.9993 0.0358
vn 0.0497 -0.9950 0.0871
vn -0.0006 -0.9995 -0.0317
vn 0.0005 -0.9999 -0.0140
vn -0.0027 -1.0000 0.0055
vn -0.0083 -0.9919 0.1270
vn -0.0010 -1.0000 -0.0014
vn -0.0063 -0.9998 -0.0168
vn -0.0168 -0.9998 -0.0095
vn 0.0006 -1.0000 0.0006
vn -0.0276 -0.7737 0.6330
vn 0.0059 -0.9997 0.0217
vn 0.0029 -1.0000 -0.0086
vn -0.0006 -1.0000 0.0013
vn -0.0006 -1.0000 0.0008
vn 0.0003 -1.0000 0.0011
vn -0.0007 -0.9999 -0.0103
vn -0.0000 -1.0000 -0.0000
vn 0.0081 -1.0000 -0.0026
vn 0.0001 -1.0000 0.0003
vn 0.0000 -1.0000 -0.0002
vn 0.0007 -1.0000 -0.0031
vn 0.0001 -1.0000 -0.0001
vn -0.0021 -1.0000 -0.0004
vn -0.0721 -0.9966 0.0408
vn -0.0003 -1.0000 0.0001
vn -0.0000 -1.0000 0.0002
vn -0.2854 -0.9211 0.2648
vn -0.5641 -0.4979 0.6587
vn -0.1438 -0.9845 0.1006
vn -0.5620 -0.8070 0.1815
vn -0.8446 -0.2768 0.4582
vn -0.1151 -0.9933 -0.0065
vn -0.4815 -0.8742 -0.0630
vn -0.9244 -0.3434 -0.1659
vn -0.0895 -0.9951 0.0428
vn -0.6063 -0.7295 0.3167
vn -0.9250 -0.3798 -0.0125
vn -0.9605 0.0067 -0.2782
vn -0.9434 -0.0344 0.3300
vn -0.9991 -0.0186 0.0384
vn -0.9374 0.0420 -0.3458
vn -0.8243 -0.1692 0.5403
vn -0.4081 -0.9027 0.1364
vn -0.8203 -0.3599 0.4444
vn -0.0396 -0.9990 0.0225
vn -0.0070 -1.0000 -0.0000
vn -0.0813 -0.9967 0.0031
vn -0.5346 -0.8422 0.0701
vn -0.9436 -0.3299 0.0283
vn -0.9071 -0.0161 0.4206
vn -0.8115 0.0254 0.5838
vn -0.9963 0.0280 0.0815
vn -0.8195 0.0014 0.5731
vn -0.8787 0.0200 0.4769
vn -0.9974 0.0488 0.0522
vn -0.9663 -0.1722 0.1915
vn -0.1530 -0.9807 0.1216
vn -0.6784 -0.5874 0.4412
vn -0.0025 -0.9993 0.0382
vn -0.0168 -0.9934 0.1132
vn -0.1487 -0.9331 0.3273
vn -0.3763 -0.6590 0.6513
vn -0.6259 -0.1079 0.7724
vn -0.7870 0.0328 0.6160
vn -0.9564 0.0636 0.2850
vn -0.9578 0.0300 0.2857
vn -0.9995 0.0089 0.0303
vn -0.7319 0.0219 0.6811
vn -0.6006 0.0921 0.7942
vn -0.4940 -0.0694 0.8667
vn -0.3555 -0.3367 0.8719
vn -0.1060 -0.8291 0.5490
vn -0.2973 -0.5642 0.7702
vn -0.0659 -0.9421 0.3287
vn -0.0553 -0.9775 0.2037
vn 0.0064 -0.9793 0.2022
vn -0.1546 -0.7467 0.6469
vn -0.0570 -0.8515 0.5213
vn -0.2310 -0.5559 0.7985
vn -0.3192 -0.3569 0.8779
vn -0.3382 -0.2074 0.9179
vn -0.4597 0.0399 0.8872
vn -0.4334 -0.0527 0.8996
vn -0.5781 0.0141 0.8159
vn -0.9995 -0.0099 0.0298
vn -0.9271 -0.0197 0.3744
vn -0.7997 -0.0428 0.5989
vn -0.9485 0.0037 0.3166
vn -0.9713 -0.0427 0.2338
vn -0.9299 -0.0441 0.3652
vn -0.4656 0.0045 0.8850
vn -0.4145 0.0525 0.9085
vn -0.3822 -0.1279 0.9152
vn -0.0975 -0.2696 0.9580
vn -0.2499 -0.1333 0.9590
vn -0.0678 -0.3358 0.9395
vn -0.0137 -0.5855 0.8106
vn 0.0030 -0.0253 0.9997
vn -0.0837 0.0065 0.9965
vn -0.2850 0.0128 0.9584
vn -0.4404 -0.0262 0.8974
vn -0.5595 -0.0401 0.8279
vn -0.7419 -0.0931 0.6640
vn -0.9949 0.0637 0.0780
vn -0.9581 0.0662 0.2786
vn -0.8295 -0.0547 0.5558
vn -0.9021 0.0987 0.4201
vn -0.9054 0.3230 0.2754
vn -0.5132 -0.0379 0.8574
vn -0.0987 0.0003 0.9951
vn 0.0164 0.0208 0.9996
vn 0.0226 0.0700 0.9973
vn 0.1198 0.2656 0.9566
vn 0.0090 0.0869 0.9962
vn -0.3032 -0.0948 0.9482
vn -0.4673 -0.0814 0.8803
vn -0.4301 -0.0037 0.9028
vn -0.6113 0.0945 0.7857
vn -0.7493 0.0586 0.6596
vn -0.6860 0.4701 0.5554
vn -0.6369 0.5840 0.5033
vn -0.5769 0.5874 0.5676
vn -0.8509 0.3120 0.4226
vn -0.8213 0.0516 0.5681
vn -0.6427 0.6409 0.4197
vn -0.6150 0.7102 0.3426
vn -0.7692 0.3717 0.5197
vn -0.3464 0.7403 0.5762
vn -0.1923 0.7221 0.6645
vn -0.3472 0.7435 0.5716
vn -0.3674 0.6655 0.6497
vn -0.3196 0.2661 0.9094
vn -0.4177 0.2119 0.8835
vn -0.5695 0.0697 0.8190
vn -0.4867 -0.0529 0.8720
vn -0.0445 -0.1014 0.9938
vn 0.1774 0.1189 0.9769
vn 0.4229 0.1356 0.8960
vn 0.2102 0.0567 0.9760
vn -0.1665 -0.0569 0.9844
vn -0.3173 0.0837 0.9446
vn -0.4663 0.2692 0.8427
vn -0.5715 0.3437 0.7451
vn -0.3491 0.5434 0.7634
vn -0.2724 0.7789 0.5649
vn -0.2277 0.8210 0.5235
vn -0.1122 0.8606 0.4967
vn -0.1009 0.8521 0.5135
vn -0.3727 0.8854 0.2779
vn -0.0613 0.9827 0.1749
vn -0.2478 0.8433 0.4768
vn -0.3347 0.8325 0.4414
vn -0.3741 0.6918 0.6176
vn -0.1578 0.5907 0.7913
vn -0.0897 0.2160 0.9723
vn 0.4405 0.1994 0.8753
vn 0.2543 0.2753 0.9271
vn 0.1622 0.4815 0.8613
vn 0.0875 0.4164 0.9050
vn -0.0359 0.0419 0.9985
vn -0.1020 0.0281 0.9944
vn -0.0404 -0.0757 0.9963
vn -0.0575 -0.1469 0.9875
vn 0.2477 0.5178 0.8189
vn 0.0666 0.4502 0.8904
vn -0.0060 0.7775 0.6289
vn -0.1727 0.8352 0.5222
vn -0.1731 0.8493 0.4987
vn -0.2687 0.7683 0.5810
vn -0.3048 0.8066 0.5065
vn -0.6525 0.7073 0.2718
vn -0.8210 0.3097 0.4797
vn -0.9408 0.3388 0.0020
vn -0.9187 0.0399 0.3929
vn -0.9820 0.0094 -0.1886
vn -0.9585 -0.0436 0.2817
vn 0.0002 -1.0000 0.0009
vn 0.0048 -1.0000 -0.0064
vn -0.0009 -1.0000 0.0009
vn 0.0495 -0.9961 -0.0736
vn 0.0410 -0.9888 -0.1438
vn 0.2761 -0.8448 -0.4583
vn -0.0207 -0.9950 -0.0976
vn -0.0490 -0.8384 -0.5429
vn -0.0035 -0.9993 -0.0384
vn -0.0162 -0.9997 0.0203
vn -0.0009 -1.0000 0.0018
vn -0.0552 -0.9006 -0.4311
vn -0.1969 -0.4482 -0.8719
vn 0.1653 -0.2169 -0.9621
vn 0.4372 -0.2948 -0.8497
vn -0.2891 0.0349 -0.9567
vn 0.1685 0.0762 -0.9828
vn 0.4107 0.0295 -0.9113
vn -0.0041 -0.2842 -0.9588
vn 0.1953 -0.8300 -0.5225
vn 0.2888 -0.9183 -0.2707
vn 0.1756 -0.9692 -0.1728
vn 0.0140 -0.9999 0.0058
vn 0.0965 -0.9916 -0.0856
vn -0.0018 -1.0000 0.0002
vn -0.0008 -1.0000 0.0012
vn 0.0176 -0.9923 -0.1230
vn 0.3102 -0.7875 -0.5325
vn 0.6858 -0.4978 -0.5309
vn 0.6372 -0.4217 -0.6451
vn 0.4634 -0.1000 -0.8805
vn 0.8112 0.0181 -0.5844
vn 0.7087 0.1004 -0.6983
vn 0.6339 -0.1528 -0.7581
vn 0.7744 0.0244 -0.6322
vn -0.1579 -0.8897 -0.4284
vn -0.0378 -0.2126 -0.9764
vn -0.0206 -0.9997 -0.0092
vn 0.0014 -1.0000 0.0019
vn -0.0543 -0.9684 -0.2436
vn -0.3794 -0.5545 -0.7407
vn -0.4993 -0.0265 -0.8660
vn -0.2344 0.0301 -0.9717
vn 0.5852 0.0469 -0.8095
vn 0.3855 0.0036 -0.9227
vn 0.7503 0.0038 -0.6611
vn -0.5964 0.0287 -0.8021
vn -0.3395 0.0360 -0.9399
vn -0.1040 -0.5028 -0.8581
vn -0.2292 0.0160 -0.9733
vn 0.1357 -0.9255 -0.3535
vn 0.2289 -0.9589 -0.1676
vn -0.0029 -1.0000 0.0066
vn 0.0004 -1.0000 0.0011
vn 0.2113 -0.9548 -0.2091
vn 0.6297 -0.6598 -0.4102
vn 0.5951 -0.6332 -0.4948
vn 0.4908 -0.2414 -0.8372
vn 0.1594 0.0365 -0.9865
vn -0.0313 0.0671 -0.9973
vn -0.0978 -0.0030 -0.9952
vn -0.4936 -0.0251 -0.8693
vn -0.1935 0.0021 -0.9811
vn 0.2516 0.0065 -0.9678
vn 0.2517 0.0764 -0.9648
vn 0.4904 0.0795 -0.8678
vn 0.7190 0.0717 -0.6913
vn 0.7963 -0.0372 -0.6038
vn 0.8724 -0.1976 -0.4470
vn 0.6345 -0.4811 -0.6049
vn 0.8151 -0.1656 -0.5551
vn 0.0735 -0.9837 -0.1640
vn 0.5079 -0.5885 -0.6290
vn 0.0015 -0.9999 0.0103
vn 0.0483 -0.9762 -0.2113
vn 0.1042 -0.6977 -0.7088
vn 0.3322 -0.1910 -0.9237
vn 0.7331 -0.0800 -0.6754
vn 0.8356 0.0198 -0.5489
vn 0.6109 0.0069 -0.7917
vn 0.7853 0.0039 -0.6191
vn 0.8027 -0.0074 -0.5964
vn 0.7535 0.0425 -0.6561
vn 0.2147 -0.0185 -0.9765
vn 0.0003 -0.2245 -0.9745
vn 0.2687 -0.5431 -0.7955
vn 0.1228 -0.9917 -0.0382
vn 0.3524 -0.8705 -0.3436
vn 0.0574 -0.9983 -0.0039
vn 0.0229 -0.9997 -0.0122
vn 0.0006 -1.0000 -0.0002
vn 0.0100 -0.9999 -0.0059
vn 0.0922 -0.9939 -0.0613
vn 0.3400 -0.9296 -0.1424
vn 0.3769 -0.9190 -0.1157
vn 0.5610 -0.7904 -0.2461
vn 0.7798 -0.4487 -0.4366
vn 0.6576 -0.3490 -0.6676
vn 0.5925 -0.0592 -0.8034
vn 0.3105 -0.1055 -0.9447
vn 0.0895 -0.0390 -0.9952
vn 0.0667 0.0725 -0.9951
vn 0.4286 0.0128 -0.9034
vn 0.7534 -0.0090 -0.6575
vn 0.5940 -0.0214 -0.8041
vn 0.3378 0.2937 -0.8942
vn 0.3811 0.4052 -0.8310
vn 0.3615 0.0324 -0.9318
vn 0.6000 0.0190 -0.7998
vn 0.7974 -0.0457 -0.6017
vn 0.8297 -0.0683 -0.5541
vn 0.8863 -0.2423 -0.3946
vn 0.8167 -0.5081 -0.2735
vn 0.7911 -0.5750 -0.2087
vn 0.5233 -0.7750 -0.3544
vn 0.8217 -0.3943 -0.4114
vn 0.3109 -0.9450 -0.1010
vn 0.7713 -0.4978 -0.3967
vn 0.8354 -0.1588 -0.5262
vn 0.9060 -0.0615 -0.4187
vn 0.9412 -0.1483 -0.3035
vn 0.8835 -0.0945 -0.4587
vn 0.8015 0.0973 -0.5900
vn 0.8634 -0.0284 -0.5037
vn 0.6411 0.2717 -0.7178
vn 0.6112 0.6534 -0.4466
vn 0.3902 0.7930 -0.4679
vn 0.4001 0.6306 -0.6650
vn 0.7226 0.1646 -0.6714
vn 0.6674 0.5132 -0.5397
vn 0.8492 0.0992 -0.5187
vn 0.9039 0.2183 -0.3679
vn 0.7713 0.0501 -0.6346
vn 0.7896 0.5495 -0.2732
vn 0.4847 0.7453 -0.4578
vn 0.3920 0.9042 -0.1695
vn 0.4939 0.8442 -0.2084
vn 0.7851 0.5312 -0.3185
vn 0.4567 0.8729 -0.1717
vn 0.8544 0.2369 -0.4624
vn 0.9278 0.0907 -0.3620
vn 0.9295 -0.0877 -0.3583
vn 0.9609 -0.0733 -0.2671
vn 0.8622 -0.0163 -0.5064
vn 0.8957 -0.0677 -0.4396
vn 0.9264 -0.0502 -0.3733
vn 0.9292 0.1852 -0.3198
vn 0.6641 0.7076 -0.2412
vn 0.3017 0.9472 -0.1091
vn 0.3326 0.9419 -0.0467
vn 0.4802 0.8751 -0.0603
vn 0.8249 0.5569 -0.0969
vn 0.9825 0.1173 -0.1445
vn 0.9225 0.0490 -0.3829
vn 0.8190 0.0344 -0.5728
vn 0.9961 0.0114 -0.0879
vn 0.9888 0.1368 -0.0603
vn 0.9699 0.0137 -0.2433
vn 0.7938 0.6058 -0.0536
vn 0.5275 0.8492 -0.0248
vn 0.2520 0.9673 -0.0283
vn 0.3854 0.9009 -0.1996
vn 0.2097 0.9717 -0.1089
vn 0.7363 0.5656 -0.3716
vn 0.9084 0.2836 -0.3073
vn 0.8690 0.1142 -0.4814
vn 0.8959 0.0456 -0.4420
vn 0.8057 0.3615 -0.4692
vn 0.5579 0.7750 -0.2969
vn 0.2211 0.9667 -0.1290
vn 0.1463 0.9870 -0.0666
vn 0.5807 0.8101 0.0813
vn 0.9144 0.4047 -0.0016
vn 0.9742 0.1762 -0.1413
vn 0.9454 0.0180 -0.3255
vn 0.8819 -0.0215 -0.4710
vn 0.8288 -0.0523 -0.5572
vn 0.8264 0.0834 -0.5568
vn 0.8267 0.2163 -0.5194
vn 0.8420 0.4503 -0.2970
vn 0.8802 0.4692 -0.0709
vn 0.5902 0.8030 -0.0833
vn 0.9990 -0.0229 0.0379
vn 0.9412 0.2429 0.2347
vn 0.5900 0.7549 0.2863
vn 0.1662 0.9845 0.0564
vn 0.0609 0.9971 -0.0462
vn -0.0074 1.0000 -0.0010
vn 0.1415 0.9785 0.1500
vn 0.4451 0.7819 0.4365
vn 0.5796 0.5026 0.6414
vn 0.8814 0.2856 0.3763
vn 0.9145 -0.0425 0.4023
vn 0.9772 -0.0443 0.2075
vn 0.9972 0.0678 0.0314
vn 0.3172 0.9482 -0.0163
vn 0.0643 0.9977 -0.0223
vn 0.3296 0.9237 -0.1951
vn 0.6684 0.6005 -0.4389
vn 0.8436 0.0830 -0.5305
vn 0.7879 -0.0063 -0.6157
vn 0.7996 -0.0543 -0.5981
vn 0.8039 0.0111 -0.5947
vn 0.7019 -0.0788 -0.7079
vn 0.7005 0.0165 -0.7135
vn 0.6216 0.5479 -0.5598
vn 0.6747 -0.0068 -0.7380
vn 0.1460 0.9805 -0.1314
vn -0.0059 1.0000 0.0024
vn 0.0261 0.9997 -0.0032
vn 0.4260 0.9047 -0.0059
vn 0.8378 0.5416 0.0696
vn 0.9637 0.1477 0.2223
vn 0.9158 0.0398 0.3997
vn 0.7677 -0.0017 0.6409
vn 0.7301 0.1241 0.6720
vn 0.4360 0.2597 0.8617
vn 0.5242 0.0159 0.8514
vn 0.7292 0.2197 0.6481
vn 0.8668 0.2978 0.4000
vn 0.8069 0.5392 0.2414
vn 0.3694 0.9264 0.0735
vn -0.0113 0.9999 -0.0092
vn -0.0160 0.9991 -0.0387
vn 0.1421 0.9493 -0.2806
vn 0.3239 0.4415 -0.8367
vn 0.4728 -0.0562 -0.8794
vn -0.0667 0.8602 -0.5055
vn -0.1018 0.2923 -0.9509
vn 0.0417 -0.0204 -0.9989
vn 0.0048 1.0000 0.0033
vn 0.0964 0.9916 0.0865
vn 0.6140 0.7171 0.3297
vn 0.4981 0.3056 0.8115
vn 0.4297 0.7329 0.5275
vn 0.5638 0.0209 0.8257
vn 0.5370 -0.0121 0.8435
vn 0.2323 0.8951 0.3806
vn 0.5527 0.4651 0.6915
vn 0.0425 0.9989 0.0213
vn -0.0144 0.9964 -0.0831
vn -0.1615 0.8685 -0.4686
vn -0.4016 0.2270 -0.8872
vn -0.2737 -0.0911 -0.9575
vn 0.0788 -0.0397 -0.9961
vn -0.2626 -0.0523 -0.9635
vn -0.4099 -0.0513 -0.9107
vn -0.3220 0.1943 -0.9266
vn -0.5053 -0.0877 -0.8585
vn 0.1273 0.8340 -0.5369
vn 0.0293 0.9987 -0.0423
vn -0.0034 1.0000 0.0054
vn -0.0001 1.0000 0.0007
vn 0.1562 0.9762 0.1508
vn 0.6334 0.5941 0.4959
vn 0.7283 0.0405 0.6840
vn 0.1592 0.9825 0.0969
vn -0.0446 0.9987 -0.0259
vn -0.0078 1.0000 0.0016
vn 0.1441 0.9723 -0.1838
vn 0.4793 0.1057 -0.8713
vn 0.6798 0.4994 -0.5371
vn 0.1610 -0.0813 -0.9836
vn 0.8044 -0.0265 -0.5934
vn 0.2003 0.9602 -0.1949
vn 0.8305 -0.0433 -0.5554
vn 0.6180 0.4338 -0.6557
vn -0.0154 0.9996 -0.0238
vn -0.0015 0.9956 -0.0936
vn 0.2638 0.8093 -0.5248
vn 0.6851 -0.1099 -0.7201
vn 0.4752 0.0829 -0.8760
vn 0.7927 -0.1061 -0.6003
vn 0.5522 0.0088 -0.8337
vn 0.6814 -0.0343 -0.7311
vn 0.4860 -0.0846 -0.8699
vn 0.1702 0.3223 -0.9312
vn 0.1843 -0.1002 -0.9777
vn -0.0677 0.7905 -0.6087
vn 0.0003 1.0000 0.0039
vn -0.0001 1.0000 0.0002
vn 0.0228 0.9953 -0.0938
vn -0.0604 0.7751 -0.6290
vn -0.2818 0.0628 -0.9574
vn -0.2053 -0.0595 -0.9769
vn 0.0926 -0.0325 -0.9952
vn 0.2759 -0.0172 -0.9610
vn 0.5127 -0.0160 -0.8584
vn 0.0493 0.0220 -0.9985
vn -0.4787 -0.1094 -0.8712
vn -0.0573 0.0614 -0.9965
vn -0.2040 -0.0976 -0.9741
vn 0.2084 0.6671 -0.7152
vn -0.0017 1.0000 0.0017
vn 0.0001 1.0000 0.0003
vn -0.0014 1.0000 -0.0007
vn 0.1128 0.9594 -0.2586
vn 0.4164 0.0606 -0.9072
vn 0.4000 0.4322 -0.8082
vn 0.3815 -0.0805 -0.9209
vn -0.0372 0.0021 -0.9993
vn -0.3515 0.0199 -0.9360
vn 0.3566 0.0011 -0.9343
vn 0.2891 0.0032 -0.9573
vn 0.5197 -0.0487 -0.8529
vn 0.5859 -0.0183 -0.8102
vn 0.5484 0.0223 -0.8359
vn 0.2600 0.7022 -0.6628
vn 0.2548 0.0877 -0.9630
vn 0.0377 0.9952 -0.0903
vn -0.0017 1.0000 0.0006
vn 0.0002 1.0000 -0.0095
vn 0.1039 0.9561 -0.2739
vn 0.4168 0.0525 -0.9075
vn 0.4077 0.4216 -0.8100
vn 0.2565 -0.0418 -0.9656
vn 0.3291 -0.0641 -0.9421
vn 0.3561 -0.0369 -0.9337
vn 0.2678 -0.0557 -0.9619
vn -0.0993 -0.0060 -0.9950
vn -0.3601 0.0253 -0.9326
vn 0.3882 -0.0181 -0.9214
vn 0.2318 0.0006 -0.9728
vn 0.3632 -0.0139 -0.9316
vn 0.5315 -0.0133 -0.8469
vn 0.5464 -0.0123 -0.8375
vn 0.1239 0.7025 -0.7008
vn 0.3167 0.1069 -0.9425
vn -0.0104 0.9712 -0.2379
vn -0.1222 0.6652 -0.7366
vn -0.0835 0.1657 -0.9826
vn 0.4046 -0.0575 -0.9127
vn 0.0309 -0.0594 -0.9978
vn 0.4707 0.0102 -0.8822
vn 0.4528 -0.0307 -0.8911
vn 0.4801 0.0009 -0.8772
vn 0.2146 0.0101 -0.9766
vn -0.2725 0.0636 -0.9600
vn 0.4283 0.0023 -0.9036
vn 0.2000 -0.0274 -0.9794
vn -0.2385 -0.0523 -0.9697
vn -0.2346 0.0835 -0.9685
vn -0.3702 -0.0464 -0.9278
vn -0.5625 -0.0410 -0.8257
vn -0.5838 0.2144 -0.7831
vn -0.3579 0.3613 -0.8610
vn -0.2059 0.9118 -0.3552
vn -0.3745 0.7567 -0.5360
vn -0.6492 0.0811 -0.7563
vn -0.6396 -0.0508 -0.7670
vn -0.6709 0.2464 -0.6995
vn -0.1047 0.9883 -0.1113
vn -0.0294 0.9957 -0.0884
vn -0.4916 0.7809 -0.3853
vn 0.0051 0.9996 0.0286
vn -0.0644 0.9975 -0.0294
vn -0.2538 0.9501 -0.1816
vn -0.7911 0.3957 -0.4666
vn -0.7337 0.1443 -0.6640
vn -0.7907 0.5252 -0.3145
vn 0.0104 0.9998 -0.0146
vn 0.0359 0.9990 -0.0282
vn -0.4604 0.0642 -0.8854
vn -0.2014 0.0610 -0.9776
vn 0.0096 0.0593 -0.9982
vn 0.2717 0.0910 -0.9581
vn 0.1583 0.0437 -0.9864
vn 0.3276 -0.0063 -0.9448
vn 0.5821 0.0556 -0.8112
vn 0.7022 -0.0188 -0.7117
vn 0.7421 0.0736 -0.6663
vn -0.1948 -0.0328 -0.9803
vn -0.4049 -0.0040 -0.9144
vn -0.5562 -0.0291 -0.8305
vn -0.1279 -0.0072 -0.9918
vn -0.2336 -0.0052 -0.9723
vn -0.2906 -0.0053 -0.9568
vn 0.5448 -0.0149 -0.8385
vn 0.0764 0.9935 0.0849
vn 0.2787 0.9307 0.2368
vn 0.6554 0.6662 0.3559
vn 0.6034 0.7177 0.3476
vn 0.6798 -0.0163 0.7332
vn 0.5894 0.1379 0.7960
vn 0.5017 0.5506 0.6672
vn 0.4895 0.2079 0.8469
vn 0.3336 0.6982 0.6334
vn 0.0214 0.9962 0.0848
vn 0.1189 0.9602 0.2529
vn 0.3543 0.6978 0.6225
vn 0.2174 0.9168 0.3349
vn 0.0422 0.9905 0.1309
vn -0.0408 0.9991 0.0119
vn 0.0557 0.9982 0.0236
vn 0.0751 0.9972 0.0011
vn 0.1064 0.9939 -0.0285
vn 0.3876 0.9213 0.0299
vn 0.4567 0.8888 -0.0377
vn 0.3971 0.9165 0.0490
vn 0.4043 0.8925 0.2001
vn 0.6416 0.7600 0.1038
vn 0.6688 0.7434 0.0124
vn 0.7067 0.7072 -0.0206
vn 0.5439 0.8365 -0.0665
vn 0.7792 0.6229 -0.0697
vn 0.3607 0.9265 -0.1071
vn 0.8340 0.5084 -0.2143
vn 0.8525 0.5161 -0.0836
vn 0.9396 0.2754 -0.2033
vn 0.8993 0.4221 -0.1147
vn 0.8370 0.5462 0.0330
vn 0.8526 0.5193 0.0589
vn 0.6765 0.6234 0.3921
vn 0.8192 0.5048 0.2722
vn 0.5503 0.6352 0.5419
vn 0.2562 0.9174 0.3044
vn 0.4561 0.6003 0.6570
vn 0.7286 0.3414 0.5938
vn 0.6825 0.2025 0.7023
vn 0.5689 0.3294 0.7535
vn 0.8240 0.2507 0.5082
vn 0.9311 0.2218 0.2894
vn 0.9557 0.2574 0.1426
vn 0.9677 0.2383 0.0822
vn 0.9779 0.1195 -0.1717
vn 0.9365 -0.0295 -0.3495
vn 0.9698 -0.0118 -0.2434
vn 0.9515 0.2056 -0.2288
vn 0.9426 0.1111 -0.3149
vn 0.9418 -0.1308 -0.3095
vn 0.9673 -0.1180 -0.2244
vn 0.9417 -0.0486 -0.3329
vn 0.9676 -0.1391 -0.2105
vn 0.9946 -0.0888 0.0532
vn 0.9875 0.0286 0.1549
vn 0.9562 -0.0026 0.2929
vn 0.8511 0.0429 0.5232
vn 0.7725 0.0763 0.6305
vn 0.6829 -0.0056 0.7305
vn 0.5796 0.0553 0.8130
vn 0.4788 0.1844 0.8583
vn 0.4600 -0.0068 0.8879
vn 0.5718 -0.1026 0.8139
vn 0.6444 -0.2087 0.7357
vn 0.7667 -0.0960 0.6348
vn 0.8692 -0.1171 0.4804
vn 0.9008 -0.2531 0.3528
vn 0.9409 -0.2948 0.1670
vn 0.8602 -0.5087 0.0367
vn 0.8127 -0.5409 -0.2167
vn 0.8540 -0.4565 -0.2497
vn 0.8990 -0.3856 -0.2076
vn 0.9394 -0.1171 -0.3222
vn 0.8247 -0.4995 -0.2655
vn 0.5489 -0.8224 -0.1496
vn 0.3565 -0.9209 -0.1579
vn 0.2924 -0.9563 0.0044
vn 0.4887 -0.8678 0.0899
vn 0.7328 -0.6405 0.2297
vn 0.7215 -0.5366 0.4375
vn 0.6640 -0.4979 0.5579
vn 0.2848 -0.9430 0.1720
vn 0.3369 -0.9309 0.1414
vn 0.0304 -0.9995 -0.0073
vn -0.0042 -0.9999 -0.0126
vn 0.1261 -0.9904 -0.0559
vn 0.4634 -0.6907 0.5551
vn 0.1375 -0.9626 0.2336
vn -0.0074 -0.9998 -0.0181
vn 0.4876 -0.4911 0.7219
vn 0.3337 -0.7210 0.6073
vn -0.0180 -0.9995 -0.0276
vn -0.0005 -1.0000 0.0011
vn 0.3161 -0.5538 0.7703
vn 0.4512 -0.2463 0.8578
vn 0.3812 -0.1394 0.9139
vn 0.0012 -1.0000 -0.0002
s 1
f 1/1/1 2/2/2 3/3/3
f 4/4/4 3/3/3 2/2/2
f 5/5/5 3/6/3 4/7/4
f 5/5/5 6/8/6 3/6/3
f 3/6/3 7/9/7 1/10/1
f 7/9/7 3/6/3 6/8/6
f 8/11/8 9/12/9 2/2/2
f 1/1/1 8/11/8 2/2/2
f 2/2/2 9/12/9 10/13/10
f 2/2/2 10/13/10 4/4/4
f 11/14/11 4/4/4 10/13/10
f 12/15/12 4/4/4 11/14/11
f 12/16/12 13/17/13 4/7/4
f 5/5/5 4/7/4 13/17/13
f 5/5/5 14/18/14 6/8/6
f 5/5/5 15/19/15 14/18/14
f 13/17/13 15/19/15 5/5/5
f 6/8/6 14/18/14 16/20/16
f 16/20/16 17/21/17 6/8/6
f 17/21/17 7/9/7 6/8/6
f 18/22/18 7/23/7 17/24/17
f 19/25/19 7/23/7 18/22/18
f 7/23/7 19/25/19 1/26/1
f 20/27/20 8/11/8 1/1/1
f 1/26/1 19/25/19 20/28/20
f 8/11/8 21/29/21 9/12/9
f 22/30/22 21/29/21 8/11/8
f 20/27/20 22/30/22 8/11/8
f 21/29/21 23/31/23 9/12/9
f 10/13/10 9/12/9 24/32/24
f 10/13/10 24/32/24 11/14/11
f 11/14/11 24/32/24 25/33/25
f 11/14/11 25/33/25 26/34/26
f 26/34/26 27/35/27 11/14/11
f 27/35/27 12/15/12 11/14/11
f 13/17/13 12/16/12 28/36/28
f 12/16/12 27/37/27 28/36/28
f 13/17/13 28/36/28 15/19/15
f 29/38/29 15/19/15 30/39/30
f 14/18/14 15/19/15 29/38/29
f 15/19/15 28/36/28 30/39/30
f 14/18/14 29/38/29 16/20/16
f 16/20/16 29/38/29 31/40/31
f 31/40/31 32/41/32 16/20/16
f 32/41/32 17/21/17 16/20/16
f 33/42/33 17/24/17 32/43/32
f 18/22/18 17/24/17 33/42/33
f 34/44/34 18/22/18 33/42/33
f 35/45/35 18/22/18 34/44/34
f 35/45/35 19/25/19 18/22/18
f 36/46/36 19/25/19 35/45/35
f 19/25/19 36/46/36 20/28/20
f 37/47/37 22/48/22 20/49/20
f 20/28/20 36/46/36 37/50/37
f 22/30/22 38/51/38 21/29/21
f 39/52/39 38/51/38 22/30/22
f 22/53/22 40/54/40 39/55/39
f 37/47/37 40/56/40 22/48/22
f 38/51/38 23/31/23 21/29/21
f 25/33/25 24/32/24 41/57/41
f 25/33/25 41/57/41 42/58/42
f 26/34/26 25/33/25 42/58/42
f 43/59/43 26/60/26 44/61/44
f 26/60/26 42/62/42 44/61/44
f 27/63/27 26/60/26 43/59/43
f 28/36/28 27/37/27 43/64/43
f 43/64/43 44/65/44 45/66/45
f 45/66/45 28/36/28 43/64/43
f 30/39/30 28/36/28 45/66/45
f 33/42/33 32/43/32 46/67/46
f 34/44/34 33/42/33 46/67/46
f 29/38/29 30/39/30 47/68/47
f 48/69/48 30/39/30 45/66/45
f 45/66/45 49/70/49 48/69/48
f 44/65/44 49/70/49 45/66/45
f 49/70/49 44/65/44 50/71/50
f 44/65/44 42/72/42 50/71/50
f 42/58/42 41/57/41 51/73/51
f 42/72/42 51/74/51 50/71/50
f 24/32/24 52/75/52 41/57/41
f 53/76/53 50/71/50 51/74/51
f 50/71/50 53/76/53 54/77/54
f 55/78/55 49/70/49 50/71/50
f 55/78/55 50/71/50 54/77/54
f 55/78/55 56/79/56 49/70/49
f 49/70/49 56/79/56 57/80/57
f 49/70/49 57/80/57 48/69/48
f 29/38/29 47/68/47 58/81/58
f 29/38/29 58/81/58 31/40/31
f 59/82/59 32/41/32 31/40/31
f 58/81/58 47/68/47 60/83/60
f 30/39/30 61/84/61 47/68/47
f 61/84/61 30/39/30 48/69/48
f 56/79/56 55/78/55 62/85/62
f 55/78/55 54/77/54 62/85/62
f 54/77/54 53/76/53 63/86/63
f 54/77/54 63/86/63 62/85/62
f 53/76/53 64/87/64 63/86/63
f 64/87/64 53/76/53 51/74/51
f 51/73/51 41/57/41 65/88/65
f 51/73/51 65/88/65 66/89/66
f 66/90/66 64/91/64 51/92/51
f 65/88/65 41/57/41 67/93/67
f 65/88/65 67/93/67 68/94/68
f 66/89/66 65/88/65 68/94/68
f 66/90/66 68/95/68 69/96/69
f 64/91/64 66/90/66 69/96/69
f 63/86/63 64/87/64 69/97/69
f 62/85/62 63/86/63 70/98/70
f 70/98/70 63/86/63 69/97/69
f 56/79/56 71/99/71 57/80/57
f 71/99/71 56/79/56 62/85/62
f 48/69/48 57/80/57 72/100/72
f 72/100/72 61/84/61 48/69/48
f 47/68/47 61/84/61 73/101/73
f 73/101/73 60/83/60 47/68/47
f 61/84/61 74/102/74 73/101/73
f 74/102/74 61/84/61 75/103/75
f 75/103/75 61/84/61 72/100/72
f 72/100/72 76/104/76 75/103/75
f 57/80/57 76/104/76 72/100/72
f 57/80/57 71/99/71 76/104/76
f 77/105/77 71/99/71 62/85/62
f 62/85/62 78/106/78 77/105/77
f 78/106/78 62/85/62 70/98/70
f 69/97/69 78/106/78 70/98/70
f 79/107/79 80/108/80 69/97/69
f 69/97/69 80/108/80 78/106/78
f 79/107/79 69/97/69 68/109/68
f 81/110/81 68/94/68 67/93/67
f 79/111/79 68/112/68 81/113/81
f 41/57/41 82/114/82 67/93/67
f 67/93/67 82/114/82 83/115/83
f 67/93/67 83/115/83 81/110/81
f 81/110/81 83/115/83 84/116/84
f 85/117/85 81/113/81 86/118/86
f 81/113/81 84/119/84 86/118/86
f 79/111/79 81/113/81 85/117/85
f 80/108/80 79/107/79 85/120/85
f 80/108/80 87/121/87 78/106/78
f 87/121/87 80/108/80 88/122/88
f 88/122/88 80/108/80 85/120/85
f 71/99/71 89/123/89 76/104/76
f 89/123/89 71/99/71 77/105/77
f 75/103/75 76/104/76 90/124/90
f 90/124/90 74/102/74 75/103/75
f 89/123/89 91/125/91 76/104/76
f 76/104/76 91/125/91 92/126/92
f 76/104/76 92/126/92 90/124/90
f 91/125/91 89/123/89 77/105/77
f 77/105/77 78/106/78 93/127/93
f 87/121/87 94/128/94 78/106/78
f 78/106/78 94/128/94 93/127/93
f 95/129/95 87/121/87 88/122/88
f 88/130/88 96/131/96 95/132/95
f 86/133/86 96/131/96 88/130/88
f 85/134/85 86/133/86 88/130/88
f 86/133/86 97/135/97 96/131/96
f 84/136/84 97/135/97 86/133/86
f 98/137/98 84/116/84 83/115/83
f 99/138/99 84/136/84 98/139/98
f 99/138/99 97/135/97 84/136/84
f 83/115/83 100/140/100 98/137/98
f 82/114/82 100/140/100 83/115/83
f 98/137/98 100/140/100 101/141/101
f 99/138/99 98/139/98 102/142/102
f 98/139/98 101/143/101 102/142/102
f 99/138/99 102/142/102 103/144/103
f 103/144/103 97/135/97 99/138/99
f 97/135/97 103/144/103 96/131/96
f 95/132/95 96/131/96 104/145/104
f 104/146/104 87/121/87 95/129/95
f 94/128/94 87/121/87 104/146/104
f 105/147/105 94/128/94 104/146/104
f 106/148/106 91/125/91 77/105/77
f 91/125/91 107/149/107 92/126/92
f 107/149/107 91/125/91 106/148/106
f 77/105/77 108/150/108 106/148/106
f 106/148/106 108/150/108 109/151/109
f 109/151/109 107/149/107 106/148/106
f 108/150/108 77/105/77 110/152/110
f 110/152/110 77/105/77 93/127/93
f 93/127/93 111/153/111 110/152/110
f 94/128/94 111/153/111 93/127/93
f 94/128/94 112/154/112 111/153/111
f 112/154/112 94/128/94 113/155/113
f 113/155/113 94/128/94 105/147/105
f 105/156/105 114/157/114 113/158/113
f 96/131/96 114/157/114 105/156/105
f 104/145/104 96/131/96 105/156/105
f 103/144/103 115/159/115 96/131/96
f 102/142/102 116/160/116 103/144/103
f 102/142/102 117/161/117 116/160/116
f 118/162/118 117/161/117 102/142/102
f 101/143/101 118/162/118 102/142/102
f 119/163/119 101/141/101 100/140/100
f 120/164/120 101/143/101 119/165/119
f 120/164/120 118/162/118 101/143/101
f 120/164/120 121/166/121 118/162/118
f 118/162/118 121/166/121 117/161/117
f 117/161/117 121/166/121 122/167/122
f 117/161/117 122/167/122 123/168/123
f 116/160/116 117/161/117 123/168/123
f 116/160/116 123/168/123 103/144/103
f 103/144/103 123/168/123 115/159/115
f 96/131/96 115/159/115 114/157/114
f 114/157/114 124/169/124 113/158/113
f 112/154/112 125/170/125 111/153/111
f 125/170/125 112/154/112 113/155/113
f 111/153/111 125/170/125 126/171/126
f 111/153/111 126/171/126 110/152/110
f 110/172/110 126/173/126 127/174/127
f 127/175/127 108/150/108 110/152/110
f 109/151/109 108/150/108 128/176/128
f 108/150/108 127/175/127 128/176/128
f 109/177/109 128/178/128 129/179/129
f 107/180/107 109/177/109 129/179/129
f 128/181/128 130/182/130 131/183/131
f 128/184/128 127/185/127 130/186/130
f 129/187/129 128/181/128 131/183/131
f 127/185/127 132/188/132 130/186/130
f 126/173/126 132/189/132 127/174/127
f 125/170/125 133/190/133 126/171/126
f 126/171/126 133/190/133 132/191/132
f 133/190/133 125/170/125 134/192/134
f 134/192/134 125/170/125 113/155/113
f 113/158/113 124/169/124 134/193/134
f 124/169/124 114/157/114 115/159/115
f 121/166/121 135/194/135 122/167/122
f 135/194/135 121/166/121 136/195/136
f 136/195/136 121/166/121 137/196/137
f 121/166/121 120/164/120 137/196/137
f 138/197/138 139/198/139 137/196/137
f 120/164/120 138/197/138 137/196/137
f 137/196/137 140/199/140 136/195/136
f 123/168/123 122/167/122 141/200/141
f 123/168/123 141/200/141 115/159/115
f 115/159/115 141/200/141 142/201/142
f 142/201/142 124/169/124 115/159/115
f 124/169/124 142/201/142 143/202/143
f 124/169/124 143/202/143 134/193/134
f 134/193/134 143/202/143 144/203/144
f 144/203/144 133/204/133 134/193/134
f 132/188/132 133/205/133 145/206/145
f 133/205/133 144/207/144 145/206/145
f 132/188/132 145/206/145 130/186/130
f 145/208/145 146/209/146 147/210/147
f 148/211/148 145/208/145 147/210/147
f 145/206/145 144/207/144 146/212/146
f 130/182/130 145/208/145 148/211/148
f 144/203/144 149/213/149 146/214/146
f 143/202/143 149/213/149 144/203/144
f 143/202/143 150/215/150 149/213/149
f 142/201/142 150/215/150 143/202/143
f 142/201/142 141/200/141 150/215/150
f 122/167/122 151/216/151 141/200/141
f 122/167/122 135/194/135 151/216/151
f 152/217/152 140/199/140 153/218/153
f 140/199/140 137/196/137 153/218/153
f 154/219/154 140/199/140 155/220/155
f 155/220/155 140/199/140 152/217/152
f 140/199/140 154/219/154 136/195/136
f 136/195/136 154/219/154 156/221/156
f 156/221/156 135/194/135 136/195/136
f 135/194/135 156/221/156 151/216/151
f 141/200/141 151/216/151 157/222/157
f 141/200/141 157/222/157 150/215/150
f 150/215/150 157/222/157 158/223/158
f 159/224/159 150/215/150 158/223/158
f 150/215/150 159/224/159 149/213/149
f 149/213/149 159/224/159 146/214/146
f 146/209/146 160/225/160 147/210/147
f 159/226/159 160/227/160 146/228/146
f 147/210/147 160/225/160 161/229/161
f 148/211/148 147/210/147 161/229/161
f 162/230/162 148/211/148 161/229/161
f 130/182/130 148/211/148 162/230/162
f 131/183/131 130/182/130 162/230/162
f 161/229/161 163/231/163 164/232/164
f 161/229/161 160/225/160 163/231/163
f 160/225/160 165/233/165 163/231/163
f 160/227/160 158/234/158 165/235/165
f 159/226/159 158/234/158 160/227/160
f 158/223/158 166/236/166 165/237/165
f 157/222/157 166/236/166 158/223/158
f 167/238/167 166/236/166 157/222/157
f 151/216/151 167/238/167 157/222/157
f 151/216/151 168/239/168 167/238/167
f 156/221/156 168/239/168 151/216/151
f 169/240/169 154/219/154 155/220/155
f 155/241/155 170/242/170 169/243/169
f 152/244/152 170/242/170 155/241/155
f 169/243/169 171/245/171 172/246/172
f 170/242/170 171/245/171 169/243/169
f 172/247/172 154/219/154 169/240/169
f 156/221/156 154/219/154 172/247/172
f 173/248/173 168/239/168 156/221/156
f 167/238/167 168/239/168 174/249/174
f 174/249/174 166/236/166 167/238/167
f 166/236/166 175/250/175 165/237/165
f 174/249/174 175/250/175 166/236/166
f 165/233/165 176/251/176 163/231/163
f 175/252/175 176/253/176 165/254/165
f 163/231/163 176/251/176 164/232/164
f 161/229/161 164/232/164 177/255/177
f 162/230/162 161/229/161 177/255/177
f 178/256/178 131/183/131 162/230/162
f 178/256/178 162/230/162 179/257/179
f 162/230/162 177/255/177 179/257/179
f 177/255/177 164/232/164 180/258/180
f 164/232/164 181/259/181 180/258/180
f 164/232/164 176/251/176 181/259/181
f 176/260/176 182/261/182 181/262/181
f 176/263/176 183/264/183 182/265/182
f 175/252/175 183/266/183 176/253/176
f 174/249/174 183/264/183 175/250/175
f 168/239/168 183/264/183 174/249/174
f 168/239/168 173/248/173 183/264/183
f 173/248/173 184/267/184 183/264/183
f 173/248/173 156/221/156 185/268/185
f 185/268/185 156/221/156 172/247/172
f 186/269/186 173/248/173 187/270/187
f 187/270/187 173/248/173 185/268/185
f 173/248/173 186/269/186 184/267/184
f 184/267/184 186/269/186 182/265/182
f 183/264/183 184/267/184 182/265/182
f 182/261/182 188/271/188 181/262/181
f 186/269/186 188/272/188 182/265/182
f 181/262/181 188/271/188 189/273/189
f 180/258/180 181/259/181 189/274/189
f 177/255/177 180/258/180 190/275/190
f 179/257/179 177/255/177 190/275/190
f 191/276/191 178/256/178 179/257/179
f 192/277/192 178/256/178 191/276/191
f 191/276/191 179/257/179 193/278/193
f 189/274/189 194/279/194 180/258/180
f 189/274/189 188/280/188 194/279/194
f 188/280/188 195/281/195 194/279/194
f 188/272/188 187/270/187 195/282/195
f 186/269/186 187/270/187 188/272/188
f 194/279/194 196/283/196 190/275/190
f 180/258/180 194/279/194 190/275/190
f 194/279/194 195/281/195 196/283/196
f 197/284/197 190/275/190 198/285/198
f 179/257/179 190/275/190 197/284/197
f 193/278/193 179/257/179 197/284/197
f 198/285/198 199/286/199 200/287/200
f 198/285/198 190/275/190 199/286/199
f 198/285/198 200/287/200 201/288/201
f 202/289/202 198/285/198 201/288/201
f 197/284/197 198/285/198 202/289/202
f 193/278/193 197/284/197 203/290/203
f 201/288/201 204/291/204 205/292/205
f 201/288/201 206/293/206 204/291/204
f 201/288/201 200/287/200 206/293/206
f 200/287/200 207/294/207 206/293/206
f 199/286/199 207/294/207 200/287/200
f 204/291/204 206/293/206 208/295/208
f 208/295/208 206/293/206 209/296/209
f 206/293/206 207/294/207 209/296/209
f 205/292/205 204/291/204 210/297/210
f 210/297/210 204/291/204 208/295/208
f 211/298/211 205/292/205 210/297/210
f 212/299/212 201/288/201 205/292/205
f 202/289/202 201/288/201 212/299/212
f 213/300/213 202/289/202 212/299/212
f 197/284/197 202/289/202 213/300/213
f 214/301/214 197/284/197 213/300/213
f 203/290/203 197/284/197 214/301/214
f 212/299/212 205/292/205 215/302/215
f 215/303/215 205/304/205 216/305/216
f 211/306/211 216/305/216 205/304/205
f 217/307/217 216/305/216 211/306/211
f 217/307/217 211/306/211 218/308/218
f 218/308/218 211/306/211 219/309/219
f 210/310/210 219/309/219 211/306/211
f 220/311/220 219/309/219 210/310/210
f 208/312/208 220/311/220 210/310/210
f 221/313/221 220/311/220 208/312/208
f 209/314/209 221/313/221 208/312/208
f 219/309/219 220/311/220 222/315/222
f 218/308/218 219/309/219 223/316/223
f 223/316/223 219/309/219 222/315/222
f 223/316/223 217/307/217 218/308/218
f 217/307/217 224/317/224 216/305/216
f 217/307/217 225/318/225 224/317/224
f 216/305/216 224/317/224 226/319/226
f 226/319/226 215/303/215 216/305/216
f 227/320/227 215/303/215 226/319/226
f 212/299/212 215/302/215 227/321/227
f 228/322/228 212/299/212 227/321/227
f 229/323/229 212/299/212 228/322/228
f 213/300/213 212/299/212 229/323/229
f 213/300/213 229/323/229 230/324/230
f 228/322/228 227/321/227 231/325/231
f 231/326/231 227/320/227 232/327/232
f 232/327/232 227/320/227 226/319/226
f 224/317/224 232/327/232 226/319/226
f 232/327/232 224/317/224 225/318/225
f 225/318/225 217/307/217 233/328/233
f 217/307/217 234/329/234 233/328/233
f 223/316/223 234/329/234 217/307/217
f 222/315/222 234/329/234 223/316/223
f 222/315/222 220/311/220 235/330/235
f 234/329/234 222/315/222 236/331/236
f 222/315/222 235/330/235 236/331/236
f 237/332/237 234/329/234 236/331/236
f 233/328/233 234/329/234 237/332/237
f 233/328/233 238/333/238 239/334/239
f 240/335/240 238/333/238 233/328/233
f 240/335/240 233/328/233 237/332/237
f 233/328/233 239/334/239 241/336/241
f 225/318/225 233/328/233 241/336/241
f 225/318/225 241/336/241 232/327/232
f 242/337/242 232/327/232 241/336/241
f 243/338/243 232/327/232 242/337/242
f 243/338/243 231/326/231 232/327/232
f 244/339/244 231/326/231 243/338/243
f 231/325/231 245/340/245 228/322/228
f 244/341/244 245/340/245 231/325/231
f 229/323/229 228/322/228 245/340/245
f 246/342/246 229/323/229 245/340/245
f 230/324/230 229/323/229 246/342/246
f 246/342/246 245/340/245 247/343/247
f 248/344/248 246/342/246 247/343/247
f 230/324/230 246/342/246 248/344/248
f 247/343/247 245/340/245 244/341/244
f 249/345/249 243/338/243 242/337/242
f 241/346/241 250/347/250 242/348/242
f 250/347/250 241/346/241 239/349/239
f 239/350/239 238/351/238 251/352/251
f 252/353/252 239/349/239 251/354/251
f 250/347/250 239/349/239 252/353/252
f 251/352/251 238/351/238 253/355/253
f 254/356/254 253/355/253 238/351/238
f 240/357/240 254/356/254 238/351/238
f 240/357/240 255/358/255 254/356/254
f 240/357/240 237/359/237 256/360/256
f 255/358/255 240/357/240 256/360/256
f 256/360/256 237/359/237 257/361/257
f 237/359/237 236/362/236 258/363/258
f 257/361/257 237/359/237 258/363/258
f 256/360/256 257/361/257 259/364/259
f 257/361/257 258/363/258 260/365/260
f 259/364/259 257/361/257 260/365/260
f 255/358/255 256/360/256 261/366/261
f 261/366/261 256/360/256 259/364/259
f 254/356/254 255/358/255 262/367/262
f 255/358/255 263/368/263 262/367/262
f 263/368/263 255/358/255 261/366/261
f 262/367/262 264/369/264 254/356/254
f 264/369/264 253/355/253 254/356/254
f 265/370/265 251/352/251 253/355/253
f 265/370/265 253/355/253 264/369/264
f 266/371/266 251/352/251 265/370/265
f 251/354/251 266/372/266 252/353/252
f 252/353/252 267/373/267 250/347/250
f 250/347/250 267/373/267 242/348/242
f 268/374/268 249/345/249 242/337/242
f 242/348/242 267/373/267 268/375/268
f 243/338/243 249/345/249 244/339/244
f 269/376/269 249/345/249 268/374/268
f 249/345/249 269/376/269 270/377/270
f 244/339/244 249/345/249 270/377/270
f 252/353/252 266/372/266 271/378/271
f 267/373/267 252/353/252 271/378/271
f 271/379/271 266/380/266 272/381/272
f 272/382/272 266/371/266 265/370/265
f 272/382/272 265/370/265 273/383/273
f 273/383/273 265/370/265 264/369/264
f 273/383/273 264/369/264 274/384/274
f 274/384/274 264/369/264 262/367/262
f 275/385/275 274/384/274 262/367/262
f 262/367/262 263/368/263 275/385/275
f 276/386/276 275/385/275 263/368/263
f 261/366/261 276/386/276 263/368/263
f 277/387/277 276/386/276 261/366/261
f 259/364/259 277/387/277 261/366/261
f 275/385/275 276/386/276 278/388/278
f 278/388/278 276/386/276 279/389/279
f 276/386/276 277/387/277 279/389/279
f 275/385/275 278/388/278 274/384/274
f 280/390/280 273/383/273 274/384/274
f 280/390/280 274/384/274 281/391/281
f 274/384/274 278/388/278 281/391/281
f 282/392/282 272/382/272 273/383/273
f 282/392/282 273/383/273 280/390/280
f 283/393/283 271/379/271 272/381/272
f 283/394/283 272/382/272 282/392/282
f 284/395/284 271/379/271 283/393/283
f 267/373/267 271/378/271 284/396/284
f 285/397/285 267/373/267 284/396/284
f 286/398/286 267/373/267 285/397/285
f 267/373/267 286/398/286 268/375/268
f 287/399/287 269/376/269 268/374/268
f 268/375/268 286/398/286 287/400/287
f 269/376/269 288/401/288 270/377/270
f 287/399/287 288/401/288 269/376/269
f 270/402/270 247/343/247 244/341/244
f 270/402/270 248/344/248 247/343/247
f 288/401/288 289/403/289 270/377/270
f 289/404/289 248/344/248 270/402/270
f 290/405/290 288/401/288 291/406/291
f 287/399/287 291/406/291 288/401/288
f 291/406/291 287/399/287 292/407/292
f 287/400/287 286/398/286 292/408/292
f 286/398/286 285/397/285 293/409/293
f 294/410/294 286/398/286 293/409/293
f 286/398/286 294/410/294 292/408/292
f 285/397/285 284/396/284 295/411/295
f 296/412/296 285/397/285 295/411/295
f 296/412/296 293/409/293 285/397/285
f 295/413/295 284/395/284 297/414/297
f 297/414/297 284/395/284 283/393/283
f 297/415/297 283/394/283 282/392/282
f 282/392/282 280/390/280 298/416/298
f 298/416/298 280/390/280 281/391/281
f 299/417/299 282/392/282 298/416/298
f 299/417/299 297/415/297 282/392/282
f 300/418/300 295/413/295 297/414/297
f 300/419/300 297/415/297 299/417/299
f 301/420/301 295/413/295 300/418/300
f 295/411/295 301/421/301 302/422/302
f 296/412/296 295/411/295 302/422/302
f 296/412/296 302/422/302 293/409/293
f 303/423/303 292/408/292 294/410/294
f 292/408/292 303/423/303 304/424/304
f 291/406/291 292/407/292 304/425/304
f 291/406/291 304/425/304 290/405/290
f 305/426/305 288/401/288 290/405/290
f 305/426/305 290/405/290 304/425/304
f 306/427/306 289/403/289 288/401/288
f 305/426/305 306/427/306 288/401/288
f 307/428/307 308/429/308 305/430/305
f 305/426/305 308/431/308 306/427/306
f 307/428/307 305/430/305 304/432/304
f 309/433/309 304/424/304 303/423/303
f 310/434/310 307/428/307 304/432/304
f 310/435/310 304/424/304 309/433/309
f 311/436/311 309/433/309 303/423/303
f 303/423/303 312/437/312 311/436/311
f 303/423/303 294/410/294 312/437/312
f 313/438/313 293/409/293 302/422/302
f 294/410/294 293/409/293 313/438/313
f 314/439/314 313/438/313 302/422/302
f 302/422/302 301/421/301 314/439/314
f 315/440/315 301/420/301 316/441/316
f 316/441/316 301/420/301 300/418/300
f 301/420/301 315/440/315 317/442/317
f 314/439/314 301/421/301 317/443/317
f 316/444/316 300/419/300 318/445/318
f 318/445/318 300/419/300 299/417/299
f 318/445/318 299/417/299 319/446/319
f 320/447/320 316/444/316 318/445/318
f 320/447/320 318/445/318 321/448/321
f 321/448/321 318/445/318 319/446/319
f 322/449/322 315/450/315 316/451/316
f 322/449/322 316/451/316 320/452/320
f 323/453/323 315/450/315 322/449/322
f 315/440/315 323/454/323 317/442/317
f 323/455/323 324/456/324 317/457/317
f 314/439/314 317/443/317 325/458/325
f 326/459/326 317/457/317 324/456/324
f 326/460/326 325/458/325 317/443/317
f 325/458/325 313/438/313 314/439/314
f 313/438/313 327/461/327 294/410/294
f 325/458/325 327/461/327 313/438/313
f 327/461/327 312/437/312 294/410/294
f 328/462/328 312/437/312 327/461/327
f 328/462/328 311/436/311 312/437/312
f 329/463/329 311/436/311 330/464/330
f 309/433/309 311/436/311 329/463/329
f 309/465/309 329/466/329 331/467/331
f 331/467/331 310/468/310 309/465/309
f 310/434/310 332/469/332 307/428/307
f 310/470/310 331/471/331 333/472/333
f 333/472/333 332/473/332 310/470/310
f 331/467/331 329/466/329 334/474/334
f 335/475/335 331/467/331 334/474/334
f 336/476/336 331/467/331 335/475/335
f 331/471/331 336/477/336 333/472/333
f 329/466/329 337/478/337 334/474/334
f 330/479/330 337/478/337 329/466/329
f 330/479/330 338/480/338 337/478/337
f 330/464/330 311/436/311 338/481/338
f 338/481/338 311/436/311 328/462/328
f 339/482/339 328/462/328 327/461/327
f 338/481/338 328/462/328 339/482/339
f 339/482/339 327/461/327 326/460/326
f 325/458/325 326/460/326 327/461/327
f 326/459/326 324/456/324 339/483/339
f 340/484/340 324/485/324 323/453/323
f 341/486/341 324/485/324 340/484/340
f 339/483/339 324/456/324 342/487/342
f 341/488/341 342/487/342 324/456/324
f 340/484/340 323/453/323 322/449/322
f 343/489/343 340/484/340 322/449/322
f 343/489/343 322/449/322 320/452/320
f 343/489/343 320/452/320 344/490/344
f 344/491/344 320/447/320 321/448/321
f 345/492/345 346/493/346 343/489/343
f 346/493/346 340/484/340 343/489/343
f 345/492/345 343/489/343 344/490/344
f 346/493/346 341/486/341 340/484/340
f 347/494/347 341/486/341 346/493/346
f 348/495/348 342/487/342 341/488/341
f 348/495/348 341/488/341 347/496/347
f 337/478/337 339/483/339 342/487/342
f 348/495/348 337/478/337 342/487/342
f 338/480/338 339/483/339 337/478/337
f 349/497/349 337/478/337 348/495/348
f 349/497/349 334/474/334 337/478/337
f 335/475/335 334/474/334 349/497/349
f 335/475/335 349/497/349 350/498/350
f 336/476/336 335/475/335 351/499/351
f 351/499/351 335/475/335 350/498/350
f 336/477/336 351/500/351 352/501/352
f 336/477/336 352/501/352 333/472/333
f 353/502/353 332/473/332 333/472/333
f 352/501/352 353/502/353 333/472/333
f 332/469/332 354/503/354 307/428/307
f 355/504/355 354/505/354 332/473/332
f 353/502/353 355/504/355 332/473/332
f 356/506/356 355/507/355 353/508/353
f 356/506/356 353/508/353 357/509/357
f 357/509/357 353/508/353 352/510/352
f 351/511/351 358/512/358 352/510/352
f 358/512/358 357/509/357 352/510/352
f 351/499/351 350/498/350 359/513/359
f 360/514/360 351/511/351 359/515/359
f 358/512/358 351/511/351 360/514/360
f 350/498/350 361/516/361 362/517/362
f 359/513/359 350/498/350 362/517/362
f 350/498/350 349/497/349 361/516/361
f 349/497/349 348/495/348 361/516/361
f 363/518/363 348/495/348 347/496/347
f 361/516/361 348/495/348 363/518/363
f 347/494/347 346/493/346 364/519/364
f 365/520/365 347/494/347 364/519/364
f 363/518/363 347/496/347 366/521/366
f 366/522/366 347/494/347 365/520/365
f 364/519/364 346/493/346 345/492/345
f 367/523/367 364/519/364 345/492/345
f 345/492/345 344/490/344 368/524/368
f 367/523/367 345/492/345 368/524/368
f 368/525/368 344/491/344 321/448/321
f 369/526/369 370/527/370 368/525/368
f 369/526/369 368/525/368 321/448/321
f 371/528/371 372/529/372 367/523/367
f 372/529/372 364/519/364 367/523/367
f 371/528/371 367/523/367 368/524/368
f 365/520/365 364/519/364 373/530/373
f 364/519/364 372/529/372 373/530/373
f 374/531/374 365/532/365 373/533/373
f 365/532/365 374/531/374 375/534/375
f 366/535/366 365/532/365 375/534/375
f 376/536/376 363/518/363 366/521/366
f 366/535/366 375/534/375 376/537/376
f 363/518/363 362/517/362 361/516/361
f 376/536/376 362/517/362 363/518/363
f 377/538/377 362/539/362 378/540/378
f 376/541/376 378/540/378 362/539/362
f 359/515/359 362/539/362 377/538/377
f 379/542/379 359/515/359 377/538/377
f 360/514/360 359/515/359 379/542/379
f 380/543/380 360/514/360 379/542/379
f 380/543/380 358/512/358 360/514/360
f 379/542/379 377/538/377 381/544/381
f 380/543/380 379/542/379 381/544/381
f 381/544/381 377/538/377 382/545/382
f 382/545/382 377/538/377 378/540/378
f 375/546/375 383/547/383 378/540/378
f 378/540/378 383/547/383 382/545/382
f 378/548/378 376/537/376 375/534/375
f 374/531/374 383/549/383 375/534/375
f 384/550/384 374/531/374 385/551/385
f 385/551/385 374/531/374 373/533/373
f 384/550/384 383/549/383 374/531/374
f 385/552/385 373/553/373 386/554/386
f 373/530/373 372/529/372 386/555/386
f 387/556/387 372/529/372 371/528/371
f 372/529/372 387/556/387 386/555/386
f 388/557/388 387/556/387 371/528/371
f 371/528/371 368/524/368 389/558/389
f 388/557/388 371/528/371 389/558/389
f 368/525/368 370/527/370 390/559/390
f 389/560/389 368/525/368 390/559/390
f 369/526/369 391/561/391 370/527/370
f 370/527/370 391/561/391 392/562/392
f 370/527/370 392/562/392 393/563/393
f 390/559/390 370/527/370 393/563/393
f 369/526/369 321/448/321 394/564/394
f 391/561/391 369/526/369 394/564/394
f 395/565/395 396/566/396 392/562/392
f 391/561/391 395/565/395 392/562/392
f 392/562/392 396/566/396 397/567/397
f 393/563/393 392/562/392 397/567/397
f 390/559/390 393/563/393 398/568/398
f 393/563/393 397/567/397 399/569/399
f 398/568/398 393/563/393 399/569/399
f 389/560/389 390/559/390 398/568/398
f 400/570/400 388/571/388 389/572/389
f 400/570/400 389/572/389 398/573/398
f 401/574/401 387/556/387 388/557/388
f 402/575/402 388/571/388 400/570/400
f 402/576/402 401/574/401 388/557/388
f 386/555/386 387/556/387 403/577/403
f 403/577/403 387/556/387 401/574/401
f 404/578/404 385/552/385 386/554/386
f 404/578/404 386/554/386 403/579/403
f 405/580/405 385/551/385 404/581/404
f 406/582/406 385/551/385 405/580/405
f 406/582/406 384/550/384 385/551/385
f 384/550/384 407/583/407 383/549/383
f 407/583/407 384/550/384 406/582/406
f 408/584/408 383/549/383 407/583/407
f 383/547/383 408/585/408 382/545/382
f 409/586/409 408/584/408 407/583/407
f 410/587/410 409/586/409 407/583/407
f 411/588/411 410/587/410 407/583/407
f 411/588/411 407/583/407 406/582/406
f 411/588/411 406/582/406 405/580/405
f 412/589/412 413/590/413 405/580/405
f 413/590/413 411/588/411 405/580/405
f 405/580/405 404/581/404 414/591/414
f 412/589/412 405/580/405 414/591/414
f 414/592/414 404/578/404 403/579/403
f 403/579/403 415/593/415 414/592/414
f 416/594/416 415/593/415 403/579/403
f 416/595/416 403/577/403 401/574/401
f 416/595/416 401/574/401 417/596/417
f 417/596/417 401/574/401 402/576/402
f 418/597/418 402/598/402 400/599/400
f 417/600/417 402/598/402 418/597/418
f 398/573/398 419/601/419 400/570/400
f 419/602/419 418/597/418 400/599/400
f 399/603/399 420/604/420 398/573/398
f 420/604/420 419/601/419 398/573/398
f 399/569/399 397/567/397 421/605/421
f 421/606/421 420/604/420 399/603/399
f 397/567/397 396/566/396 422/607/422
f 397/567/397 422/607/422 421/605/421
f 421/605/421 422/607/422 423/608/423
f 423/609/423 424/610/424 421/606/421
f 424/610/424 420/604/420 421/606/421
f 425/611/425 420/612/420 424/613/424
f 426/614/426 419/602/419 420/612/420
f 426/614/426 420/612/420 425/611/425
f 427/615/427 418/597/418 419/602/419
f 427/615/427 419/602/419 426/614/426
f 428/616/428 418/597/418 427/615/427
f 417/600/417 418/597/418 428/616/428
f 416/595/416 417/596/417 429/617/429
f 428/616/428 429/618/429 417/600/417
f 416/594/416 430/619/430 415/593/415
f 430/619/430 416/594/416 431/620/431
f 431/621/431 416/595/416 429/617/429
f 415/593/415 412/622/412 414/592/414
f 432/623/432 412/622/412 415/593/415
f 433/624/433 432/623/432 415/593/415
f 433/624/433 415/593/415 430/619/430
f 434/625/434 413/590/413 412/589/412
f 432/623/432 434/626/434 412/622/412
f 435/627/435 434/626/434 432/623/432
f 435/627/435 432/623/432 433/624/433
f 436/628/436 433/629/433 437/630/437
f 435/631/435 433/629/433 436/628/436
f 433/629/433 438/632/438 437/630/437
f 430/633/430 438/632/438 433/629/433
f 430/633/430 431/634/431 438/632/438
f 431/634/431 428/616/428 438/632/438
f 431/634/431 429/618/429 428/616/428
f 438/632/438 428/616/428 439/635/439
f 439/635/439 428/616/428 427/615/427
f 440/636/440 427/615/427 426/614/426
f 439/635/439 427/615/427 440/636/440
f 441/637/441 426/614/426 425/611/425
f 440/636/440 426/614/426 441/637/441
f 425/611/425 424/613/424 442/638/442
f 441/637/441 425/611/425 442/638/442
f 443/639/443 440/636/440 441/637/441
f 444/640/444 437/630/437 438/632/438
f 444/640/444 438/632/438 439/635/439
f 445/641/445 436/628/436 437/630/437
f 445/641/445 437/630/437 444/640/444
f 446/642/446 439/635/439 440/636/440
f 442/638/442 424/613/424 447/643/447
f 441/637/441 442/638/442 448/644/448
f 449/645/449 441/637/441 448/644/448
f 449/645/449 443/639/443 441/637/441
f 446/642/446 440/636/440 443/639/443
f 450/646/450 439/635/439 446/642/446
f 450/646/450 444/640/444 439/635/439
f 451/647/451 443/639/443 449/645/449
f 452/648/452 449/645/449 453/649/453
f 452/648/452 451/647/451 449/645/449
f 451/647/451 446/642/446 443/639/443
f 454/650/454 446/642/446 451/647/451
f 455/651/455 452/648/452 453/649/453
f 456/652/456 452/648/452 455/651/455
f 457/653/454 452/648/452 456/652/456
f 458/654/454 452/648/452 457/653/454
f 458/654/454 451/647/451 452/648/452
f 454/650/454 451/647/451 458/654/454
f 459/655/457 456/652/456 460/656/458
f 461/657/454 456/652/456 459/655/457
f 461/657/454 457/653/454 456/652/456
f 462/658/454 457/653/454 461/657/454
f 462/658/454 458/654/454 457/653/454
f 463/659/459 454/650/454 458/654/454
f 464/660/460 459/655/457 460/656/458
f 464/660/460 460/656/458 465/661/461
f 466/662/462 459/655/457 464/660/460
f 466/662/462 464/660/460 82/114/82
f 467/663/454 461/657/454 459/655/457
f 467/663/454 459/655/457 466/662/462
f 468/664/463 462/658/454 461/657/454
f 468/664/463 461/657/454 467/663/454
f 469/665/454 458/654/454 462/658/454
f 469/665/454 462/658/454 468/664/463
f 469/665/454 463/659/459 458/654/454
f 41/57/41 466/662/462 82/114/82
f 82/114/82 464/660/460 100/140/100
f 464/660/460 465/661/461 100/140/100
f 100/140/100 465/661/461 119/163/119
f 465/661/461 470/666/464 119/163/119
f 119/667/119 470/668/464 471/669/465
f 120/164/120 119/165/119 138/197/138
f 119/667/119 471/669/465 138/670/138
f 470/666/464 472/671/466 473/672/467
f 465/661/461 472/671/466 470/666/464
f 473/673/467 471/669/465 470/668/464
f 474/674/468 471/675/465 473/676/467
f 474/674/468 139/198/139 471/675/465
f 471/669/465 139/677/139 138/670/138
f 473/672/467 475/678/469 476/679/470
f 472/671/466 475/678/469 473/672/467
f 474/680/468 473/681/467 477/682/471
f 473/681/467 476/683/470 477/682/471
f 472/671/466 460/656/458 475/678/469
f 465/661/461 460/656/458 472/671/466
f 475/678/469 455/651/455 478/684/472
f 460/656/458 455/651/455 475/678/469
f 475/678/469 478/684/472 476/679/470
f 476/679/470 478/684/472 479/685/473
f 477/682/471 476/683/470 480/686/474
f 476/683/470 479/687/473 480/686/474
f 477/688/471 480/689/474 481/690/475
f 477/688/471 481/690/475 482/691/476
f 474/692/468 477/688/471 482/691/476
f 482/693/476 139/198/139 474/674/468
f 137/196/137 139/198/139 482/693/476
f 482/691/476 481/690/475 153/694/153
f 153/218/153 137/196/137 482/693/476
f 481/690/475 483/695/477 484/696/478
f 480/689/474 483/695/477 481/690/475
f 481/690/475 484/696/478 153/694/153
f 480/697/474 485/698/479 483/699/477
f 479/700/473 485/698/479 480/697/474
f 486/701/480 479/685/473 478/684/472
f 487/702/481 479/700/473 486/703/480
f 487/702/481 485/698/479 479/700/473
f 478/684/472 488/704/482 486/701/480
f 455/651/455 488/704/482 478/684/472
f 456/652/456 455/651/455 460/656/458
f 455/651/455 489/705/483 488/704/482
f 488/704/482 489/705/483 490/706/484
f 488/704/482 490/706/484 486/701/480
f 486/701/480 490/706/484 491/707/485
f 487/702/481 486/703/480 492/708/486
f 486/709/480 491/710/485 492/711/486
f 487/702/481 492/708/486 493/712/487
f 493/712/487 485/698/479 487/702/481
f 494/713/488 485/698/479 493/712/487
f 485/698/479 494/713/488 483/699/477
f 483/699/477 494/713/488 495/714/489
f 483/695/477 495/715/489 484/696/478
f 484/696/478 495/715/489 170/242/170
f 484/696/478 170/242/170 152/244/152
f 153/694/153 484/696/478 152/244/152
f 494/713/488 496/716/490 495/714/489
f 496/716/490 494/713/488 497/717/491
f 497/717/491 494/713/488 493/712/487
f 493/712/487 498/718/492 497/717/491
f 492/708/486 498/718/492 493/712/487
f 492/708/486 499/719/493 498/718/492
f 492/711/486 491/710/485 499/720/493
f 491/707/485 500/721/494 501/722/495
f 490/706/484 500/721/494 491/707/485
f 491/710/485 501/723/495 499/720/493
f 490/706/484 489/705/483 500/721/494
f 455/651/455 453/649/453 489/705/483
f 449/645/449 502/724/496 453/649/453
f 453/649/453 502/724/496 489/705/483
f 489/705/483 502/724/496 503/725/497
f 489/705/483 503/725/497 504/726/498
f 489/705/483 504/726/498 500/721/494
f 500/721/494 504/726/498 505/727/499
f 505/727/499 501/722/495 500/721/494
f 506/728/500 501/729/495 505/730/499
f 506/728/500 507/731/501 501/729/495
f 501/729/495 507/731/501 499/719/493
f 499/719/493 507/731/501 508/732/502
f 499/719/493 508/732/502 498/718/492
f 497/717/491 498/718/492 509/733/503
f 509/733/503 496/716/490 497/717/491
f 495/714/489 496/716/490 510/734/504
f 495/715/489 510/735/504 170/242/170
f 507/731/501 511/736/505 508/732/502
f 511/737/505 507/738/501 512/739/506
f 512/739/506 507/738/501 506/740/500
f 506/740/500 513/741/507 512/739/506
f 505/742/499 513/741/507 506/740/500
f 513/741/507 505/742/499 514/743/508
f 505/744/499 504/745/498 514/746/508
f 515/747/509 504/726/498 503/725/497
f 516/748/510 504/745/498 515/749/509
f 516/748/510 514/746/508 504/745/498
f 503/725/497 517/750/511 515/747/509
f 502/724/496 517/750/511 503/725/497
f 502/724/496 518/751/512 517/750/511
f 502/724/496 519/752/513 518/751/512
f 448/644/448 519/752/513 502/724/496
f 449/645/449 448/644/448 502/724/496
f 520/753/514 518/751/512 521/754/515
f 518/751/512 519/752/513 521/754/515
f 517/750/511 518/751/512 520/753/514
f 522/755/516 517/756/511 520/757/514
f 515/749/509 517/756/511 522/755/516
f 523/758/517 515/749/509 522/755/516
f 515/749/509 523/758/517 516/748/510
f 524/759/518 516/760/510 523/761/517
f 516/760/510 524/759/518 514/743/508
f 525/762/519 513/741/507 514/743/508
f 526/763/520 525/762/519 514/743/508
f 526/763/520 514/743/508 524/759/518
f 513/741/507 525/762/519 512/739/506
f 512/739/506 525/762/519 527/764/521
f 527/764/521 511/737/505 512/739/506
f 498/718/492 508/732/502 528/765/522
f 498/718/492 528/765/522 509/733/503
f 509/733/503 528/765/522 529/766/523
f 529/766/523 496/716/490 509/733/503
f 530/767/524 496/716/490 529/766/523
f 510/734/504 496/716/490 531/768/525
f 496/716/490 530/767/524 531/768/525
f 529/766/523 528/765/522 532/769/526
f 532/769/526 530/767/524 529/766/523
f 508/732/502 533/770/527 528/765/522
f 508/732/502 511/736/505 533/770/527
f 525/762/519 534/771/528 527/764/521
f 534/771/528 525/762/519 535/772/529
f 535/772/529 525/762/519 526/763/520
f 524/759/518 523/761/517 526/763/520
f 536/773/530 523/761/517 522/774/516
f 526/763/520 523/761/517 536/773/530
f 520/757/514 537/775/531 522/755/516
f 538/776/532 536/773/530 522/774/516
f 538/776/532 522/774/516 537/777/531
f 521/778/515 539/779/533 520/757/514
f 539/779/533 537/775/531 520/757/514
f 540/780/534 539/779/533 521/778/515
f 540/781/534 521/754/515 519/752/513
f 537/777/531 539/782/533 541/783/535
f 542/784/536 537/777/531 541/783/535
f 537/777/531 542/784/536 538/776/532
f 538/776/532 542/784/536 543/785/537
f 543/785/537 536/773/530 538/776/532
f 544/786/538 536/773/530 543/785/537
f 536/773/530 544/786/538 526/763/520
f 544/786/538 534/771/528 526/763/520
f 526/763/520 534/771/528 535/772/529
f 527/764/521 534/771/528 545/787/539
f 545/787/539 511/737/505 527/764/521
f 546/788/540 511/736/505 545/789/539
f 511/736/505 546/788/540 533/770/527
f 528/765/522 533/770/527 547/790/541
f 528/765/522 547/790/541 532/769/526
f 532/769/526 547/790/541 548/791/542
f 548/791/542 549/792/543 532/769/526
f 549/792/543 530/767/524 532/769/526
f 550/793/544 551/794/545 547/790/541
f 533/770/527 550/793/544 547/790/541
f 547/790/541 551/794/545 548/791/542
f 533/770/527 546/788/540 550/793/544
f 534/771/528 552/795/546 545/787/539
f 544/786/538 552/795/546 534/771/528
f 542/784/536 553/796/547 543/785/537
f 554/797/548 553/796/547 542/784/536
f 541/783/535 554/797/548 542/784/536
f 555/798/549 554/797/548 541/783/535
f 556/799/550 557/800/551 554/797/548
f 555/798/549 556/799/550 554/797/548
f 554/797/548 557/800/551 553/796/547
f 543/785/537 553/796/547 558/801/552
f 558/801/552 544/786/538 543/785/537
f 559/802/553 544/786/538 558/801/552
f 544/786/538 559/802/553 552/795/546
f 552/795/546 560/803/554 545/787/539
f 545/787/539 560/803/554 561/804/555
f 561/805/555 546/788/540 545/789/539
f 562/806/556 546/788/540 561/805/555
f 546/788/540 562/806/556 550/793/544
f 550/793/544 562/806/556 563/807/557
f 563/807/557 551/794/545 550/793/544
f 551/794/545 564/808/558 565/809/559
f 563/807/557 564/808/558 551/794/545
f 551/794/545 566/810/560 548/791/542
f 565/809/559 566/810/560 551/794/545
f 566/810/560 567/811/561 548/791/542
f 567/811/561 549/792/543 548/791/542
f 566/810/560 568/812/562 569/813/563
f 565/809/559 568/812/562 566/810/560
f 570/814/564 566/810/560 569/813/563
f 570/814/564 567/811/561 566/810/560
f 565/815/559 564/816/558 571/817/565
f 565/815/559 571/817/565 572/818/566
f 565/815/559 572/818/566 573/819/567
f 565/820/559 573/821/567 568/822/562
f 563/823/557 571/817/565 564/816/558
f 563/807/557 562/806/556 561/805/555
f 563/824/557 561/825/555 574/826/568
f 563/823/557 574/827/568 571/817/565
f 561/825/555 575/828/569 574/826/568
f 560/803/554 575/829/569 561/804/555
f 575/829/569 560/803/554 576/830/570
f 560/803/554 577/831/571 576/830/570
f 552/795/546 577/831/571 560/803/554
f 578/832/572 577/831/571 552/795/546
f 559/802/553 578/832/572 552/795/546
f 578/832/572 559/802/553 558/801/552
f 553/796/547 579/833/573 558/801/552
f 580/834/574 579/833/573 553/796/547
f 557/800/551 580/834/574 553/796/547
f 556/799/550 580/834/574 557/800/551
f 580/834/574 581/835/575 582/836/576
f 580/834/574 582/836/576 579/833/573
f 260/365/260 580/834/574 556/799/550
f 260/365/260 581/835/575 580/834/574
f 582/836/576 583/837/577 579/833/573
f 579/833/573 583/837/577 558/801/552
f 558/801/552 583/837/577 584/838/578
f 584/838/578 578/832/572 558/801/552
f 585/839/579 578/832/572 584/838/578
f 578/832/572 585/839/579 577/831/571
f 585/839/579 586/840/580 577/831/571
f 577/831/571 586/840/580 576/830/570
f 576/841/570 586/842/580 587/843/581
f 575/844/569 576/845/570 587/846/581
f 575/844/569 587/846/581 574/827/568
f 574/827/568 587/846/581 588/847/582
f 574/827/568 588/847/582 589/848/583
f 571/817/565 574/827/568 589/848/583
f 571/817/565 589/848/583 572/818/566
f 590/849/584 572/818/566 589/848/583
f 572/818/566 590/849/584 591/850/585
f 573/819/567 572/818/566 591/850/585
f 573/851/567 591/852/585 592/853/586
f 568/822/562 573/821/567 592/854/586
f 568/822/562 592/854/586 569/855/563
f 593/856/587 592/853/586 591/852/585
f 196/283/196 592/853/586 593/856/587
f 569/857/563 592/853/586 196/283/196
f 590/858/584 593/856/587 591/852/585
f 590/849/584 594/859/588 595/860/589
f 594/859/588 590/849/584 589/848/583
f 589/848/583 588/847/582 594/859/588
f 588/847/582 587/846/581 596/861/590
f 594/859/588 588/847/582 596/861/590
f 596/862/590 587/843/581 586/842/580
f 585/863/579 596/862/590 586/842/580
f 585/864/579 597/865/591 596/861/590
f 585/839/579 584/838/578 597/866/591
f 584/838/578 598/867/592 597/866/591
f 583/837/577 598/867/592 584/838/578
f 582/836/576 598/867/592 583/837/577
f 599/868/593 600/869/594 582/870/576
f 600/871/594 598/867/592 582/836/576
f 581/872/575 599/868/593 582/870/576
f 599/868/593 581/872/575 258/873/258
f 258/363/258 581/835/575 260/365/260
f 601/874/595 260/365/260 556/799/550
f 260/365/260 601/874/595 259/364/259
f 277/387/277 601/874/595 602/875/596
f 602/875/596 601/874/595 556/799/550
f 601/874/595 277/387/277 259/364/259
f 602/875/596 556/799/550 555/798/549
f 279/389/279 277/387/277 602/875/596
f 279/389/279 602/875/596 555/798/549
f 603/876/597 279/389/279 555/798/549
f 603/876/597 555/798/549 541/783/535
f 278/388/278 279/389/279 603/876/597
f 604/877/598 278/388/278 603/876/597
f 541/783/535 605/878/599 603/876/597
f 539/782/533 605/878/599 541/783/535
f 606/879/600 603/876/597 605/878/599
f 539/782/533 540/880/534 605/878/599
f 605/878/599 540/880/534 606/879/600
f 604/877/598 603/876/597 606/879/600
f 281/391/281 278/388/278 604/877/598
f 396/566/396 281/391/281 604/877/598
f 540/881/534 447/882/447 606/883/600
f 519/752/513 447/643/447 540/781/534
f 442/638/442 447/643/447 519/752/513
f 423/608/423 604/877/598 606/879/600
f 606/883/600 447/882/447 423/609/423
f 396/566/396 604/877/598 423/608/423
f 298/416/298 281/391/281 396/566/396
f 422/607/422 396/566/396 423/608/423
f 447/882/447 424/610/424 423/609/423
f 395/565/395 298/416/298 396/566/396
f 395/565/395 299/417/299 298/416/298
f 319/446/319 299/417/299 395/565/395
f 319/446/319 395/565/395 391/561/391
f 319/446/319 394/564/394 321/448/321
f 391/561/391 394/564/394 319/446/319
f 448/644/448 442/638/442 519/752/513
f 258/873/258 236/884/236 607/885/601
f 599/868/593 258/873/258 607/885/601
f 236/331/236 235/330/235 607/886/601
f 597/865/591 608/887/602 607/886/601
f 609/888/603 597/865/591 607/886/601
f 609/888/603 607/886/601 235/330/235
f 599/868/593 607/885/601 600/869/594
f 607/886/601 608/887/602 600/889/594
f 609/888/603 235/330/235 220/311/220
f 609/888/603 610/890/604 597/865/591
f 611/891/605 609/888/603 220/311/220
f 610/890/604 609/888/603 611/891/605
f 608/887/602 597/865/591 598/892/592
f 596/861/590 597/865/591 610/890/604
f 600/889/594 608/887/602 598/892/592
f 596/861/590 610/890/604 594/859/588
f 594/859/588 610/890/604 611/891/605
f 611/891/605 220/311/220 612/893/606
f 611/891/605 612/893/606 594/859/588
f 612/893/606 220/311/220 221/313/221
f 612/893/606 221/313/221 209/314/209
f 595/860/589 594/859/588 612/893/606
f 613/894/607 595/860/589 612/893/606
f 613/894/607 612/893/606 209/314/209
f 613/895/607 209/296/209 207/294/207
f 595/896/589 613/895/607 207/294/207
f 595/896/589 207/294/207 199/286/199
f 595/896/589 199/286/199 590/858/584
f 199/286/199 593/856/587 590/858/584
f 190/275/190 593/856/587 199/286/199
f 190/275/190 196/283/196 593/856/587
f 614/897/608 569/857/563 196/283/196
f 195/281/195 614/897/608 196/283/196
f 570/814/564 569/813/563 614/898/608
f 615/899/609 570/814/564 614/898/608
f 195/900/195 616/901/610 614/898/608
f 616/901/610 615/899/609 614/898/608
f 187/902/187 616/903/610 195/904/195
f 617/905/611 615/899/609 616/901/610
f 618/906/612 617/907/611 616/903/610
f 618/906/612 616/903/610 187/902/187
f 617/905/611 567/811/561 615/899/609
f 567/811/561 570/814/564 615/899/609
f 619/908/613 549/792/543 617/905/611
f 549/792/543 567/811/561 617/905/611
f 619/909/613 617/907/611 618/906/612
f 171/245/171 619/909/613 618/906/612
f 185/910/185 618/906/612 187/902/187
f 171/245/171 618/906/612 185/910/185
f 531/768/525 530/767/524 619/908/613
f 530/767/524 549/792/543 619/908/613
f 531/911/525 619/909/613 171/245/171
f 172/246/172 171/245/171 185/910/185
f 510/735/504 531/911/525 171/245/171
f 170/242/170 510/735/504 171/245/171
f 52/75/52 466/662/462 41/57/41
f 52/75/52 467/663/454 466/662/462
f 620/912/614 467/663/454 52/75/52
f 620/912/614 52/75/52 24/32/24
f 9/12/9 620/912/614 24/32/24
f 620/912/614 468/664/463 467/663/454
f 23/31/23 620/912/614 9/12/9
f 621/913/615 468/664/463 620/912/614
f 23/31/23 621/913/615 620/912/614
f 622/914/616 469/665/454 468/664/463
f 621/913/615 622/914/616 468/664/463
f 623/915/617 621/913/615 23/31/23
f 624/916/618 621/913/615 623/915/617
f 625/917/619 624/916/618 623/915/617
f 38/51/38 623/915/617 23/31/23
f 625/917/619 623/915/617 38/51/38
f 626/918/620 621/913/615 624/916/618
f 627/919/621 626/918/620 624/916/618
f 627/919/621 624/916/618 625/917/619
f 628/920/622 622/914/616 621/913/615
f 626/918/620 628/920/622 621/913/615
f 628/920/622 629/921/623 622/914/616
f 622/914/616 630/922/624 469/665/454
f 629/921/623 630/922/624 622/914/616
f 630/922/624 463/659/459 469/665/454
f 631/923/625 628/920/622 626/918/620
f 631/923/625 626/918/620 627/919/621
f 627/924/621 632/925/626 631/926/625
f 625/927/619 633/928/627 627/924/621
f 633/928/627 632/925/626 627/924/621
f 39/52/39 625/917/619 38/51/38
f 634/929/628 625/930/619 39/931/39
f 634/929/628 633/932/627 625/930/619
f 635/933/629 633/934/627 636/935/630
f 632/936/626 633/934/627 635/933/629
f 634/937/628 637/938/631 633/939/627
f 633/939/627 637/938/631 636/940/630
f 638/941/632 632/936/626 635/933/629
f 632/925/626 638/942/632 631/926/625
f 639/943/633 628/920/622 631/923/625
f 631/926/625 638/942/632 639/944/633
f 639/943/633 640/945/634 628/920/622
f 641/946/635 629/921/623 628/920/622
f 640/945/634 641/946/635 628/920/622
f 629/921/623 642/947/636 630/922/624
f 643/948/637 642/947/636 629/921/623
f 641/946/635 643/948/637 629/921/623
f 642/947/636 644/949/638 630/922/624
f 644/949/638 454/650/454 630/922/624
f 630/922/624 454/650/454 463/659/459
f 644/949/638 645/950/639 454/650/454
f 646/951/640 642/947/636 643/948/637
f 647/952/641 646/951/640 643/948/637
f 647/952/641 643/948/637 641/946/635
f 648/953/642 647/952/641 641/946/635
f 648/953/642 641/946/635 640/945/634
f 649/954/643 648/955/642 640/956/634
f 649/954/643 640/956/634 639/957/633
f 639/944/633 650/958/644 649/959/643
f 638/942/632 650/958/644 639/944/633
f 651/960/645 648/961/642 649/962/643
f 649/962/643 652/963/646 651/960/645
f 650/964/644 652/963/646 649/962/643
f 653/965/647 647/966/641 648/961/642
f 648/961/642 654/967/648 653/965/647
f 651/960/645 654/967/648 648/961/642
f 655/968/649 646/951/640 647/952/641
f 647/966/641 656/969/650 655/970/649
f 653/965/647 656/969/650 647/966/641
f 646/951/640 657/971/651 642/947/636
f 655/968/649 657/971/651 646/951/640
f 657/971/651 644/949/638 642/947/636
f 645/950/639 446/642/446 454/650/454
f 658/972/652 644/949/638 657/971/651
f 659/973/653 658/972/652 657/971/651
f 659/973/653 657/971/651 655/968/649
f 655/968/649 660/974/654 659/973/653
f 656/975/650 660/976/654 655/977/649
f 661/978/655 656/975/650 662/979/656
f 660/976/654 656/975/650 661/978/655
f 653/965/647 663/980/657 656/969/650
f 656/969/650 663/980/657 662/981/656
f 663/980/657 653/965/647 654/967/648
f 663/980/657 664/982/658 662/981/656
f 664/982/658 663/980/657 665/983/659
f 665/983/659 663/980/657 654/967/648
f 661/978/655 662/979/656 666/984/660
f 661/978/655 666/984/660 667/985/661
f 668/986/662 660/976/654 661/978/655
f 669/987/663 668/986/662 661/978/655
f 669/987/663 661/978/655 667/985/661
f 660/974/654 668/988/662 659/973/653
f 670/989/664 658/972/652 659/973/653
f 659/973/653 668/988/662 670/989/664
f 670/989/664 671/990/665 658/972/652
f 644/949/638 672/991/666 645/950/639
f 658/972/652 672/991/666 644/949/638
f 672/991/666 673/992/667 645/950/639
f 674/993/668 672/991/666 658/972/652
f 671/990/665 674/993/668 658/972/652
f 675/994/669 674/993/668 671/990/665
f 676/995/670 675/994/669 671/990/665
f 676/995/670 671/990/665 670/989/664
f 670/996/664 677/997/671 676/998/670
f 668/999/662 677/997/671 670/996/664
f 677/1000/671 668/986/662 678/1001/672
f 678/1001/672 668/986/662 669/987/663
f 669/987/663 679/1002/673 678/1001/672
f 679/1002/673 669/987/663 667/985/661
f 680/1003/674 679/1002/673 667/985/661
f 667/985/661 666/984/660 681/1004/675
f 681/1004/675 682/1005/676 667/985/661
f 682/1005/676 680/1003/674 667/985/661
f 683/1006/677 679/1002/673 680/1003/674
f 684/1007/678 679/1002/673 683/1006/677
f 679/1002/673 684/1007/678 678/1001/672
f 685/1008/679 677/1009/671 678/1010/672
f 678/1010/672 684/1011/678 685/1008/679
f 686/1012/680 687/1013/681 677/1009/671
f 685/1008/679 686/1012/680 677/1009/671
f 677/1009/671 687/1013/681 676/1014/670
f 688/1015/682 675/1016/669 676/1014/670
f 676/1014/670 687/1013/681 688/1015/682
f 674/993/668 675/994/669 689/1017/683
f 675/1016/669 690/1018/684 689/1019/683
f 688/1015/682 690/1018/684 675/1016/669
f 674/993/668 691/1020/685 672/991/666
f 692/1021/686 691/1020/685 674/993/668
f 692/1021/686 674/993/668 689/1017/683
f 672/991/666 693/1022/687 673/992/667
f 691/1020/685 693/1022/687 672/991/666
f 694/1023/688 693/1022/687 691/1020/685
f 691/1020/685 695/1024/689 694/1023/688
f 692/1021/686 695/1024/689 691/1020/685
f 692/1025/686 696/1026/690 695/1027/689
f 692/1025/686 689/1019/683 697/1028/691
f 696/1026/690 692/1025/686 697/1028/691
f 697/1028/691 689/1019/683 690/1018/684
f 698/1029/692 697/1028/691 690/1018/684
f 688/1015/682 698/1029/692 690/1018/684
f 698/1029/692 688/1015/682 687/1013/681
f 686/1012/680 698/1029/692 687/1013/681
f 699/1030/693 700/1031/694 686/1012/680
f 700/1031/694 698/1029/692 686/1012/680
f 686/1012/680 685/1008/679 699/1030/693
f 683/1032/677 685/1008/679 684/1011/678
f 685/1008/679 683/1032/677 699/1030/693
f 698/1029/692 700/1031/694 701/1033/695
f 701/1033/695 702/1034/696 698/1029/692
f 702/1034/696 697/1028/691 698/1029/692
f 697/1028/691 702/1034/696 703/1035/697
f 696/1026/690 697/1028/691 703/1035/697
f 704/1036/698 695/1037/689 696/1038/690
f 696/1038/690 703/1039/697 704/1036/698
f 705/1040/699 695/1037/689 704/1036/698
f 695/1024/689 705/1041/699 694/1023/688
f 694/1023/688 706/1042/700 693/1022/687
f 707/1043/701 706/1042/700 694/1023/688
f 694/1023/688 705/1041/699 707/1043/701
f 706/1042/700 708/1044/702 693/1022/687
f 708/1044/702 709/1045/703 693/1022/687
f 693/1022/687 709/1045/703 710/1046/704
f 693/1022/687 710/1046/704 673/992/667
f 709/1045/703 711/1047/705 710/1046/704
f 712/1048/706 711/1047/705 709/1045/703
f 713/1049/707 712/1048/706 709/1045/703
f 708/1044/702 713/1049/707 709/1045/703
f 714/1050/708 713/1049/707 708/1044/702
f 706/1042/700 714/1050/708 708/1044/702
f 715/1051/709 714/1050/708 706/1042/700
f 707/1043/701 715/1051/709 706/1042/700
f 716/1052/710 715/1053/709 707/1054/701
f 707/1054/701 717/1055/711 716/1052/710
f 705/1056/699 717/1055/711 707/1054/701
f 718/1057/712 717/1058/711 705/1040/699
f 719/1059/713 718/1057/712 705/1040/699
f 719/1059/713 705/1040/699 704/1036/698
f 704/1036/698 720/1060/714 719/1059/713
f 703/1039/697 720/1060/714 704/1036/698
f 721/1061/715 703/1039/697 722/1062/716
f 720/1060/714 703/1039/697 721/1061/715
f 703/1035/697 702/1034/696 722/1063/716
f 702/1034/696 701/1033/695 722/1063/716
f 701/1033/695 723/1064/717 724/1065/718
f 722/1063/716 701/1033/695 724/1065/718
f 725/1066/719 722/1063/716 724/1065/718
f 721/1061/715 722/1062/716 725/1067/719
f 725/1067/719 726/1068/720 721/1061/715
f 726/1068/720 727/1069/721 721/1061/715
f 721/1061/715 727/1069/721 720/1060/714
f 727/1069/721 719/1059/713 720/1060/714
f 719/1059/713 727/1069/721 718/1057/712
f 728/1070/722 729/1071/723 718/1072/712
f 729/1071/723 730/1073/724 718/1072/712
f 718/1057/712 727/1069/721 728/1074/722
f 718/1072/712 730/1073/724 717/1075/711
f 730/1073/724 716/1076/710 717/1075/711
f 716/1076/710 730/1073/724 731/1077/725
f 716/1052/710 731/1078/725 715/1053/709
f 714/1079/708 715/1053/709 732/1080/726
f 715/1053/709 731/1078/725 732/1080/726
f 713/1081/707 714/1079/708 733/1082/727
f 733/1082/727 714/1079/708 732/1080/726
f 713/1049/707 734/1083/728 712/1048/706
f 735/1084/729 734/1085/728 713/1081/707
f 735/1084/729 713/1081/707 733/1082/727
f 712/1048/706 736/1086/730 711/1047/705
f 734/1083/728 736/1086/730 712/1048/706
f 736/1087/730 734/1085/728 737/1088/731
f 734/1085/728 738/1089/732 737/1088/731
f 735/1084/729 738/1089/732 734/1085/728
f 735/1090/729 739/1091/733 738/1092/732
f 735/1090/729 740/1093/734 739/1091/733
f 733/1094/727 740/1093/734 735/1090/729
f 732/1095/726 740/1093/734 733/1094/727
f 740/1093/734 732/1095/726 731/1077/725
f 741/1096/735 740/1093/734 731/1077/725
f 731/1077/725 730/1073/724 741/1096/735
f 730/1073/724 729/1071/723 741/1096/735
f 729/1071/723 742/1097/736 743/1098/737
f 741/1096/735 729/1071/723 743/1098/737
f 742/1097/736 729/1071/723 728/1070/722
f 744/1099/738 742/1097/736 728/1070/722
f 727/1069/721 726/1068/720 728/1074/722
f 728/1074/722 726/1068/720 744/1100/738
f 726/1101/720 745/1102/739 744/1103/738
f 726/1101/720 746/1104/740 745/1102/739
f 726/1101/720 747/1105/741 746/1104/740
f 726/1101/720 725/1106/719 747/1105/741
f 748/1107/742 725/1066/719 724/1065/718
f 749/1108/743 725/1066/719 748/1107/742
f 749/1109/743 747/1105/741 725/1106/719
f 724/1065/718 723/1064/717 748/1107/742
f 750/1110/744 751/1111/745 748/1107/742
f 751/1111/745 749/1108/743 748/1107/742
f 723/1064/717 752/1112/746 748/1107/742
f 748/1107/742 752/1112/746 750/1110/744
f 749/1108/743 751/1111/745 753/1113/747
f 754/1114/748 749/1109/743 753/1115/747
f 747/1105/741 749/1109/743 754/1114/748
f 747/1105/741 754/1114/748 746/1104/740
f 755/1116/749 746/1117/740 756/1118/750
f 746/1117/740 755/1116/749 745/1119/739
f 746/1104/740 754/1114/748 756/1120/750
f 757/1121/751 745/1122/739 758/1123/752
f 759/1124/753 745/1125/739 757/1126/751
f 759/1124/753 742/1097/736 745/1125/739
f 745/1119/739 755/1116/749 758/1127/752
f 742/1097/736 744/1099/738 745/1125/739
f 743/1098/737 742/1097/736 759/1124/753
f 759/1124/753 760/1128/754 743/1098/737
f 760/1128/754 761/1129/755 743/1098/737
f 743/1098/737 761/1129/755 741/1096/735
f 761/1129/755 740/1093/734 741/1096/735
f 739/1091/733 740/1093/734 762/1130/756
f 740/1093/734 761/1129/755 762/1130/756
f 738/1092/732 739/1091/733 763/1131/757
f 763/1131/757 764/1132/758 738/1092/732
f 764/1132/758 737/1133/731 738/1092/732
f 739/1091/733 765/1134/759 763/1131/757
f 739/1091/733 762/1130/756 765/1134/759
f 762/1130/756 766/1135/760 765/1134/759
f 762/1130/756 760/1128/754 766/1135/760
f 761/1129/755 760/1128/754 762/1130/756
f 766/1135/760 760/1128/754 757/1126/751
f 760/1128/754 759/1124/753 757/1126/751
f 767/1136/761 766/1135/760 757/1126/751
f 757/1121/751 758/1123/752 767/1137/761
f 758/1127/752 768/1138/762 767/1139/761
f 755/1116/749 769/1140/763 758/1127/752
f 758/1127/752 769/1140/763 768/1138/762
f 769/1140/763 755/1116/749 770/1141/764
f 770/1141/764 755/1116/749 756/1118/750
f 753/1142/747 771/1143/765 756/1118/750
f 756/1118/750 771/1143/765 770/1141/764
f 754/1114/748 753/1115/747 756/1120/750
f 753/1144/747 772/1145/766 771/1146/765
f 751/1111/745 772/1147/766 753/1113/747
f 773/1148/767 772/1147/766 751/1111/745
f 751/1111/745 750/1110/744 773/1148/767
f 750/1110/744 752/1112/746 774/1149/768
f 750/1110/744 774/1149/768 773/1148/767
f 772/1145/766 775/1150/769 776/1151/770
f 771/1146/765 772/1145/766 776/1151/770
f 772/1145/766 777/1152/771 775/1150/769
f 773/1148/767 777/1153/771 772/1147/766
f 771/1146/765 776/1151/770 778/1154/772
f 771/1143/765 778/1155/772 770/1141/764
f 779/1156/773 769/1140/763 770/1141/764
f 770/1141/764 778/1155/772 779/1156/773
f 780/1157/774 769/1140/763 779/1156/773
f 768/1138/762 769/1140/763 780/1157/774
f 781/1158/775 767/1139/761 768/1138/762
f 782/1159/776 781/1158/775 768/1138/762
f 782/1159/776 768/1138/762 780/1157/774
f 783/1160/777 767/1161/761 781/1162/775
f 784/1163/778 767/1136/761 783/1164/777
f 784/1163/778 766/1135/760 767/1136/761
f 765/1134/759 766/1135/760 784/1163/778
f 784/1163/778 785/1165/779 765/1134/759
f 785/1165/779 763/1131/757 765/1134/759
f 763/1131/757 785/1165/779 786/1166/780
f 764/1132/758 763/1131/757 786/1166/780
f 787/1167/781 785/1165/779 783/1164/777
f 786/1166/780 785/1165/779 787/1167/781
f 785/1165/779 784/1163/778 783/1164/777
f 788/1168/782 787/1169/781 783/1160/777
f 783/1160/777 781/1162/775 788/1168/782
f 781/1158/775 789/1170/783 788/1171/782
f 782/1159/776 790/1172/784 781/1158/775
f 781/1158/775 790/1172/784 789/1170/783
f 790/1172/784 782/1159/776 780/1157/774
f 780/1157/774 779/1156/773 791/1173/785
f 778/1174/772 792/1175/786 779/1176/773
f 779/1176/773 792/1175/786 791/1177/785
f 778/1154/772 776/1151/770 792/1178/786
f 777/1152/771 793/1179/787 775/1150/769
f 794/1180/788 793/1181/787 777/1153/771
f 773/1148/767 795/1182/789 777/1153/771
f 777/1153/771 795/1182/789 794/1180/788
f 774/1149/768 795/1182/789 773/1148/767
f 795/1182/789 774/1149/768 796/1183/790
f 796/1183/790 797/1184/791 798/1185/792
f 795/1182/789 796/1183/790 798/1185/792
f 795/1182/789 798/1185/792 794/1180/788
f 794/1180/788 799/1186/793 793/1181/787
f 794/1180/788 798/1185/792 799/1186/793
f 800/1187/794 793/1179/787 801/1188/795
f 775/1150/769 793/1179/787 800/1187/794
f 793/1179/787 799/1189/793 801/1188/795
f 776/1151/770 775/1150/769 802/1190/796
f 792/1178/786 776/1151/770 802/1190/796
f 792/1178/786 802/1190/796 803/1191/797
f 792/1175/786 803/1192/797 791/1177/785
f 791/1173/785 804/1193/798 805/1194/799
f 780/1157/774 791/1173/785 805/1194/799
f 791/1177/785 803/1192/797 804/1195/798
f 805/1194/799 790/1172/784 780/1157/774
f 806/1196/800 790/1172/784 805/1194/799
f 789/1170/783 790/1172/784 806/1196/800
f 807/1197/801 805/1194/799 808/1198/802
f 806/1196/800 805/1194/799 807/1197/801
f 805/1194/799 804/1193/798 808/1198/802
f 804/1193/798 809/1199/803 808/1198/802
f 810/1200/804 809/1201/803 804/1195/798
f 811/1202/805 810/1200/804 804/1195/798
f 811/1202/805 804/1195/798 803/1192/797
f 811/1203/805 803/1191/797 812/1204/806
f 803/1191/797 813/1205/807 812/1204/806
f 803/1191/797 802/1190/796 813/1205/807
f 802/1190/796 814/1206/808 813/1205/807
f 802/1190/796 775/1150/769 814/1206/808
f 775/1150/769 800/1187/794 814/1206/808
f 815/1207/809 800/1208/794 801/1209/795
f 801/1210/795 816/1211/810 815/1212/809
f 801/1210/795 817/1213/811 816/1211/810
f 799/1214/793 817/1215/811 801/1216/795
f 799/1214/793 798/1217/792 817/1215/811
f 817/1215/811 798/1217/792 818/1218/812
f 798/1185/792 797/1184/791 818/1219/812
f 797/1184/791 819/1220/813 818/1219/812
f 819/1220/813 797/1184/791 796/1183/790
f 820/1221/814 821/1222/815 796/1183/790
f 796/1183/790 821/1222/815 819/1220/813
f 796/1183/790 774/1149/768 822/1223/816
f 822/1223/816 820/1221/814 796/1183/790
f 821/1222/815 820/1221/814 823/1224/817
f 823/1224/817 820/1221/814 824/1225/818
f 819/1220/813 821/1222/815 825/1226/819
f 821/1222/815 826/1227/820 825/1226/819
f 826/1227/820 821/1222/815 823/1224/817
f 819/1220/813 825/1226/819 818/1219/812
f 818/1228/812 827/1229/821 817/1213/811
f 818/1228/812 825/1230/819 827/1229/821
f 817/1213/811 828/1231/822 816/1211/810
f 827/1229/821 828/1231/822 817/1213/811
f 816/1211/810 829/1232/823 815/1212/809
f 816/1211/810 828/1231/822 829/1232/823
f 830/1233/824 800/1208/794 815/1207/809
f 815/1212/809 829/1232/823 830/1234/824
f 831/1235/825 800/1208/794 830/1233/824
f 814/1206/808 800/1187/794 831/1236/825
f 831/1236/825 832/1237/826 814/1206/808
f 813/1205/807 814/1206/808 832/1237/826
f 812/1204/806 813/1205/807 833/1238/827
f 813/1205/807 832/1237/826 833/1238/827
f 833/1238/827 834/1239/828 812/1204/806
f 834/1239/828 835/1240/829 812/1204/806
f 812/1204/806 835/1240/829 811/1203/805
f 811/1203/805 835/1240/829 810/1241/804
f 836/1242/830 835/1243/829 837/1244/831
f 835/1243/829 834/1245/828 837/1244/831
f 836/1242/830 810/1246/804 835/1243/829
f 834/1245/828 838/1247/832 837/1244/831
f 838/1248/832 834/1239/828 833/1238/827
f 832/1237/826 839/1249/833 833/1238/827
f 839/1249/833 838/1248/832 833/1238/827
f 840/1250/834 832/1237/826 831/1236/825
f 840/1250/834 839/1249/833 832/1237/826
f 831/1235/825 841/1251/835 840/1252/834
f 841/1251/835 831/1235/825 830/1233/824
f 830/1234/824 829/1232/823 841/1253/835
f 828/1231/822 842/1254/836 829/1232/823
f 827/1229/821 843/1255/837 828/1231/822
f 844/1256/838 843/1255/837 827/1229/821
f 825/1230/819 844/1256/838 827/1229/821
f 825/1257/819 845/1258/839 844/1259/838
f 826/1227/820 845/1260/839 825/1226/819
f 826/1227/820 846/1261/840 845/1260/839
f 823/1224/817 846/1261/840 826/1227/820
f 845/1258/839 847/1262/841 844/1259/838
f 848/1263/842 847/1262/841 845/1258/839
f 846/1261/840 849/1264/843 845/1260/839
f 849/1265/843 848/1266/842 845/1267/839
f 844/1256/838 847/1268/841 843/1255/837
f 843/1255/837 850/1269/844 828/1231/822
f 828/1231/822 850/1269/844 842/1254/836
f 851/1270/845 841/1253/835 829/1232/823
f 852/1271/846 841/1253/835 851/1270/845
f 852/1272/846 840/1252/834 841/1251/835
f 840/1250/834 852/1273/846 839/1249/833
f 839/1249/833 852/1273/846 838/1248/832
f 837/1244/831 838/1247/832 853/1274/847
f 838/1247/832 854/1275/848 853/1274/847
f 852/1276/846 854/1275/848 838/1247/832
f 837/1244/831 853/1274/847 855/1277/849
f 837/1244/831 855/1277/849 856/1278/850
f 854/1275/848 857/1279/851 853/1274/847
f 853/1274/847 857/1279/851 858/1280/852
f 853/1274/847 858/1280/852 855/1277/849
f 857/1281/851 854/1282/848 851/1270/845
f 854/1282/848 852/1271/846 851/1270/845
f 851/1270/845 859/1283/853 857/1281/851
f 842/1254/836 859/1283/853 851/1270/845
f 829/1232/823 842/1254/836 851/1270/845
f 843/1255/837 860/1284/854 850/1269/844
f 861/1285/855 860/1284/854 843/1255/837
f 847/1268/841 861/1285/855 843/1255/837
f 848/1263/842 862/1286/856 847/1262/841
f 847/1262/841 862/1286/856 861/1287/855
f 863/1288/857 862/1289/856 848/1266/842
f 863/1288/857 848/1266/842 849/1265/843
f 849/1264/843 846/1261/840 864/1290/858
f 865/1291/859 849/1265/843 864/1292/858
f 863/1288/857 849/1265/843 865/1291/859
f 866/1293/860 862/1289/856 863/1288/857
f 865/1291/859 866/1293/860 863/1288/857
f 862/1286/856 867/1294/861 861/1287/855
f 868/1295/862 867/1296/861 862/1289/856
f 866/1293/860 868/1295/862 862/1289/856
f 861/1285/855 869/1297/863 860/1284/854
f 861/1287/855 867/1294/861 869/1298/863
f 860/1284/854 870/1299/864 850/1269/844
f 869/1297/863 870/1299/864 860/1284/854
f 870/1299/864 871/1300/865 850/1269/844
f 850/1269/844 872/1301/866 842/1254/836
f 850/1269/844 871/1300/865 872/1301/866
f 859/1283/853 873/1302/867 857/1281/851
f 859/1283/853 842/1254/836 873/1302/867
f 857/1303/851 873/1304/867 858/1305/852
f 874/1306/868 858/1305/852 873/1304/867
f 874/1307/868 875/1308/869 858/1280/852
f 858/1280/852 875/1308/869 855/1277/849
f 876/1309/870 873/1302/867 877/1310/871
f 874/1311/868 873/1302/867 876/1309/870
f 842/1254/836 877/1310/871 873/1302/867
f 870/1299/864 878/1312/872 871/1300/865
f 879/1313/873 878/1312/872 870/1299/864
f 869/1297/863 879/1313/873 870/1299/864
f 867/1294/861 880/1314/874 869/1298/863
f 869/1297/863 881/1315/875 879/1313/873
f 880/1316/874 881/1317/875 869/1318/863
f 867/1296/861 882/1319/876 880/1320/874
f 868/1295/862 882/1319/876 867/1296/861
f 880/1316/874 883/1321/877 881/1317/875
f 882/1322/876 883/1321/877 880/1316/874
f 881/1315/875 884/1323/878 879/1313/873
f 883/1321/877 885/1324/879 881/1317/875
f 881/1315/875 886/1325/880 884/1323/878
f 885/1324/879 886/1326/880 881/1317/875
f 884/1323/878 878/1312/872 879/1313/873
f 877/1310/871 887/1327/881 876/1309/870
f 842/1254/836 887/1327/881 877/1310/871
f 842/1254/836 872/1301/866 887/1327/881
f 884/1323/878 888/1328/882 878/1312/872
f 889/1329/883 888/1328/882 884/1323/878
f 886/1325/880 889/1329/883 884/1323/878
f 885/1324/879 890/1330/884 886/1326/880
f 890/1330/884 891/1331/885 886/1326/880
f 886/1332/880 891/1333/885 889/1334/883
f 885/1324/879 883/1321/877 892/1335/886
f 892/1335/886 890/1330/884 885/1324/879
f 893/1336/887 883/1321/877 882/1322/876
f 883/1321/877 893/1336/887 892/1335/886
f 894/1337/888 890/1330/884 892/1335/886
f 891/1331/885 890/1330/884 895/1338/889
f 890/1330/884 894/1337/888 895/1338/889
f 891/1333/885 896/1339/890 889/1334/883
f 891/1340/885 897/1341/891 896/1342/890
f 895/1338/889 897/1343/891 891/1331/885
f 889/1329/883 898/1344/892 888/1328/882
f 889/1334/883 896/1339/890 898/1345/892
f 888/1328/882 899/1346/893 878/1312/872
f 878/1312/872 900/1347/894 871/1300/865
f 878/1312/872 899/1346/893 900/1347/894
f 888/1328/882 901/1348/895 899/1346/893
f 902/1349/896 901/1348/895 888/1328/882
f 898/1344/892 902/1349/896 888/1328/882
f 896/1342/890 903/1350/897 898/1351/892
f 898/1351/892 903/1350/897 902/1352/896
f 903/1350/897 896/1342/890 897/1341/891
f 904/1353/898 903/1350/897 897/1341/891
f 904/1353/898 897/1341/891 905/1354/899
f 895/1338/889 906/1355/900 897/1343/891
f 906/1356/900 905/1354/899 897/1341/891
f 895/1338/889 894/1337/888 907/1357/901
f 907/1357/901 906/1355/900 895/1338/889
f 908/1358/902 905/1354/899 906/1356/900
f 905/1354/899 908/1358/902 904/1353/898
f 909/1359/903 903/1350/897 904/1353/898
f 903/1350/897 910/1360/904 902/1352/896
f 911/1361/905 910/1360/904 903/1350/897
f 909/1359/903 911/1361/905 903/1350/897
f 902/1349/896 912/1362/906 901/1348/895
f 902/1363/896 910/1364/904 912/1365/906
f 901/1348/895 913/1366/907 899/1346/893
f 899/1346/893 914/1367/908 900/1347/894
f 871/1300/865 900/1347/894 214/301/214
f 871/1300/865 214/301/214 872/1301/866
f 900/1347/894 203/290/203 214/301/214
f 914/1367/908 203/290/203 900/1347/894
f 914/1367/908 193/278/193 203/290/203
f 899/1346/893 913/1366/907 914/1367/908
f 901/1348/895 915/1368/909 913/1366/907
f 916/1369/910 915/1368/909 901/1348/895
f 912/1362/906 916/1369/910 901/1348/895
f 910/1364/904 917/1370/911 912/1365/906
f 912/1371/906 918/1372/912 916/1373/910
f 917/1370/911 918/1374/912 912/1365/906
f 910/1364/904 919/1375/913 917/1370/911
f 911/1376/905 919/1375/913 910/1364/904
f 920/1377/914 911/1361/905 921/1378/915
f 921/1378/915 911/1361/905 909/1359/903
f 911/1376/905 922/1379/916 919/1375/913
f 920/1380/914 922/1379/916 911/1376/905
f 909/1359/903 904/1353/898 921/1378/915
f 920/1380/914 923/1381/917 922/1379/916
f 924/1382/918 925/1383/919 922/1379/916
f 922/1379/916 925/1383/919 919/1375/913
f 923/1381/917 924/1382/918 922/1379/916
f 925/1383/919 926/1384/920 919/1375/913
f 919/1375/913 926/1384/920 917/1370/911
f 917/1370/911 926/1384/920 918/1374/912
f 918/1372/912 927/1385/921 916/1373/910
f 926/1384/920 928/1386/922 918/1374/912
f 918/1374/912 928/1386/922 927/1387/921
f 916/1369/910 929/1388/923 915/1368/909
f 927/1389/921 929/1388/923 916/1369/910
f 914/1367/908 191/276/191 193/278/193
f 913/1366/907 191/276/191 914/1367/908
f 913/1366/907 930/1390/924 191/276/191
f 915/1368/909 930/1390/924 913/1366/907
f 929/1388/923 931/1391/925 915/1368/909
f 932/1392/926 931/1391/925 929/1388/923
f 927/1389/921 932/1392/926 929/1388/923
f 928/1386/922 933/1393/927 927/1387/921
f 927/1394/921 934/1395/928 932/1396/926
f 933/1393/927 934/1397/928 927/1387/921
f 928/1386/922 926/1384/920 935/1398/929
f 928/1386/922 936/1399/930 933/1393/927
f 935/1398/929 936/1399/930 928/1386/922
f 926/1384/920 925/1383/919 935/1398/929
f 935/1398/929 925/1383/919 937/1400/931
f 925/1383/919 924/1382/918 937/1400/931
f 937/1400/931 924/1382/918 938/1401/932
f 939/1402/933 920/1377/914 921/1378/915
f 939/1403/933 923/1381/917 920/1380/914
f 940/1404/934 939/1402/933 921/1378/915
f 904/1353/898 940/1404/934 921/1378/915
f 939/1403/933 941/1405/935 923/1381/917
f 941/1405/935 924/1382/918 923/1381/917
f 938/1401/932 942/1406/936 937/1400/931
f 938/1401/932 943/1407/937 942/1406/936
f 937/1400/931 942/1406/936 935/1398/929
f 935/1398/929 942/1406/936 936/1399/930
f 944/1408/938 945/1409/939 936/1399/930
f 936/1399/930 945/1409/939 933/1393/927
f 942/1406/936 944/1408/938 936/1399/930
f 933/1393/927 945/1409/939 934/1397/928
f 934/1395/928 946/1410/940 932/1396/926
f 945/1409/939 947/1411/941 934/1397/928
f 934/1397/928 947/1411/941 946/1412/940
f 932/1392/926 948/1413/942 931/1391/925
f 946/1414/940 948/1413/942 932/1392/926
f 946/1414/940 949/1415/943 948/1413/942
f 947/1411/941 950/1416/944 946/1412/940
f 946/1412/940 950/1416/944 949/1417/943
f 947/1411/941 945/1409/939 951/1418/945
f 947/1411/941 952/1419/946 950/1416/944
f 951/1418/945 952/1419/946 947/1411/941
f 945/1409/939 944/1408/938 951/1418/945
f 953/1420/947 944/1408/938 942/1406/936
f 951/1418/945 944/1408/938 954/1421/948
f 944/1408/938 953/1420/947 954/1421/948
f 943/1407/937 953/1420/947 942/1406/936
f 938/1401/932 924/1382/918 943/1407/937
f 955/1422/949 924/1382/918 941/1405/935
f 924/1382/918 955/1422/949 943/1407/937
f 939/1403/933 956/1423/950 941/1405/935
f 956/1423/950 955/1422/949 941/1405/935
f 957/1424/951 939/1402/933 940/1404/934
f 957/1425/951 956/1423/950 939/1403/933
f 957/1425/951 636/940/630 956/1423/950
f 636/940/630 955/1422/949 956/1423/950
f 943/1407/937 955/1422/949 637/938/631
f 34/44/34 953/1420/947 943/1407/937
f 637/938/631 34/44/34 943/1407/937
f 958/1426/952 953/1420/947 34/44/34
f 954/1421/948 953/1420/947 958/1426/952
f 954/1421/948 959/1427/953 951/1418/945
f 958/1426/952 959/1427/953 954/1421/948
f 951/1418/945 959/1427/953 952/1419/946
f 952/1428/946 960/1429/954 950/1430/944
f 952/1428/946 59/82/59 960/1429/954
f 959/1431/953 59/82/59 952/1428/946
f 950/1430/944 961/1432/955 949/1433/943
f 950/1430/944 960/1429/954 961/1432/955
f 961/1432/955 960/1429/954 962/1434/956
f 962/1434/956 960/1429/954 31/40/31
f 960/1429/954 59/82/59 31/40/31
f 958/1426/952 46/67/46 959/1427/953
f 959/1431/953 32/41/32 59/82/59
f 46/67/46 32/43/32 959/1427/953
f 34/44/34 46/67/46 958/1426/952
f 58/81/58 963/1435/957 31/40/31
f 31/40/31 963/1435/957 962/1434/956
f 963/1435/957 964/1436/958 962/1434/956
f 962/1434/956 964/1436/958 965/1437/959
f 965/1437/959 961/1432/955 962/1434/956
f 961/1432/955 965/1437/959 949/1433/943
f 965/1438/959 966/1439/960 949/1440/943
f 965/1438/959 964/1441/958 966/1439/960
f 966/1439/960 964/1441/958 967/1442/961
f 964/1436/958 968/1443/962 967/1444/961
f 964/1436/958 60/83/60 968/1443/962
f 963/1435/957 60/83/60 964/1436/958
f 58/81/58 60/83/60 963/1435/957
f 968/1443/962 60/83/60 969/1445/963
f 969/1445/963 60/83/60 73/101/73
f 968/1443/962 970/1446/964 967/1444/961
f 970/1446/964 968/1443/962 969/1445/963
f 967/1447/961 971/1448/965 972/1449/966
f 966/1450/960 967/1447/961 972/1449/966
f 967/1447/961 973/1451/967 971/1448/965
f 970/1452/964 973/1453/967 967/1454/961
f 966/1450/960 972/1449/966 931/1391/925
f 948/1413/942 966/1450/960 931/1391/925
f 949/1415/943 966/1450/960 948/1413/942
f 972/1449/966 974/1455/968 931/1391/925
f 972/1449/966 971/1448/965 974/1455/968
f 971/1448/965 975/1456/969 974/1455/968
f 971/1448/965 973/1451/967 975/1456/969
f 973/1451/967 976/1457/970 975/1456/969
f 973/1458/967 977/1459/971 976/1460/970
f 970/1446/964 978/1461/972 973/1462/967
f 978/1461/972 977/1463/971 973/1462/967
f 969/1445/963 978/1461/972 970/1446/964
f 74/102/74 978/1461/972 969/1445/963
f 73/101/73 74/102/74 969/1445/963
f 977/1463/971 978/1461/972 90/124/90
f 978/1461/972 74/102/74 90/124/90
f 977/1459/971 979/1464/973 976/1460/970
f 92/126/92 979/1465/973 977/1463/971
f 90/124/90 92/126/92 977/1463/971
f 976/1457/970 980/1466/974 981/1467/975
f 975/1456/969 976/1457/970 981/1467/975
f 976/1457/970 129/187/129 980/1466/974
f 979/1464/973 129/1468/129 976/1460/970
f 975/1456/969 981/1467/975 974/1455/968
f 931/1391/925 192/277/192 930/1390/924
f 915/1368/909 931/1391/925 930/1390/924
f 931/1391/925 974/1455/968 192/277/192
f 974/1455/968 981/1467/975 192/277/192
f 981/1467/975 980/1466/974 192/277/192
f 980/1466/974 178/256/178 192/277/192
f 980/1466/974 129/187/129 178/256/178
f 129/187/129 131/183/131 178/256/178
f 979/1464/973 107/1469/107 129/1468/129
f 92/126/92 107/149/107 979/1465/973
f 930/1390/924 192/277/192 191/276/191
f 35/45/35 34/44/34 637/938/631
f 40/54/40 35/45/35 637/938/631
f 37/50/37 35/45/35 40/54/40
f 35/45/35 37/50/37 36/46/36
f 637/938/631 634/937/628 40/54/40
f 39/55/39 40/54/40 634/937/628
f 637/938/631 955/1422/949 636/940/630
f 635/933/629 636/935/630 957/1424/951
f 635/933/629 957/1424/951 982/1470/976
f 982/1470/976 957/1424/951 940/1404/934
f 940/1404/934 983/1471/977 982/1470/976
f 983/1471/977 635/933/629 982/1470/976
f 984/1472/978 638/941/632 635/933/629
f 635/933/629 983/1471/977 984/1472/978
f 985/1473/979 650/1474/644 638/941/632
f 984/1472/978 985/1473/979 638/941/632
f 984/1472/978 986/1475/980 985/1473/979
f 986/1475/980 984/1472/978 983/1471/977
f 940/1404/934 908/1358/902 983/1471/977
f 908/1358/902 986/1475/980 983/1471/977
f 986/1475/980 908/1358/902 987/1476/981
f 985/1473/979 986/1475/980 987/1476/981
f 988/1477/982 985/1478/979 987/1479/981
f 988/1477/982 650/964/644 985/1478/979
f 652/963/646 650/964/644 988/1477/982
f 989/1480/983 990/1481/984 988/1477/982
f 988/1477/982 990/1481/984 652/963/646
f 907/1357/901 987/1479/981 906/1355/900
f 988/1477/982 987/1479/981 907/1357/901
f 987/1476/981 908/1358/902 906/1356/900
f 904/1353/898 908/1358/902 940/1404/934
f 907/1357/901 894/1337/888 988/1477/982
f 894/1337/888 989/1480/983 988/1477/982
f 989/1480/983 894/1337/888 665/983/659
f 990/1481/984 989/1480/983 665/983/659
f 651/960/645 990/1481/984 654/967/648
f 654/967/648 990/1481/984 665/983/659
f 990/1481/984 651/960/645 652/963/646
f 665/983/659 894/1337/888 892/1335/886
f 892/1335/886 893/1336/887 665/983/659
f 893/1336/887 664/982/658 665/983/659
f 664/982/658 893/1336/887 991/1482/985
f 992/1483/986 664/1484/658 991/1485/985
f 662/979/656 664/1484/658 992/1483/986
f 681/1004/675 992/1483/986 991/1485/985
f 666/984/660 992/1483/986 681/1004/675
f 666/984/660 662/979/656 992/1483/986
f 993/1486/987 991/1485/985 994/1487/988
f 681/1004/675 991/1485/985 993/1486/987
f 991/1482/985 893/1336/887 994/1488/988
f 994/1488/988 893/1336/887 995/1489/989
f 993/1486/987 994/1487/988 995/1490/989
f 681/1004/675 993/1486/987 866/1293/860
f 866/1293/860 996/1491/990 681/1004/675
f 996/1491/990 682/1005/676 681/1004/675
f 865/1291/859 996/1491/990 866/1293/860
f 993/1486/987 868/1295/862 866/1293/860
f 993/1486/987 995/1490/989 868/1295/862
f 868/1295/862 995/1490/989 882/1319/876
f 995/1489/989 893/1336/887 882/1322/876
f 864/1292/858 996/1491/990 865/1291/859
f 864/1292/858 682/1005/676 996/1491/990
f 683/1006/677 682/1005/676 864/1292/858
f 864/1290/858 997/1492/991 683/1032/677
f 846/1261/840 997/1492/991 864/1290/858
f 997/1492/991 846/1261/840 823/1224/817
f 824/1225/818 997/1492/991 823/1224/817
f 683/1032/677 997/1492/991 699/1030/693
f 699/1030/693 997/1492/991 824/1225/818
f 680/1003/674 682/1005/676 683/1006/677
f 824/1225/818 700/1031/694 699/1030/693
f 820/1221/814 700/1031/694 824/1225/818
f 700/1031/694 820/1221/814 822/1223/816
f 701/1033/695 700/1031/694 822/1223/816
f 752/1112/746 723/1064/717 822/1223/816
f 822/1223/816 723/1064/717 701/1033/695
f 774/1149/768 752/1112/746 822/1223/816
f 872/1301/866 214/301/214 213/300/213
f 887/1327/881 213/300/213 230/324/230
f 872/1301/866 213/300/213 887/1327/881
f 230/324/230 248/344/248 289/404/289
f 998/1493/992 230/324/230 289/404/289
f 887/1327/881 230/324/230 998/1493/992
f 289/404/289 306/1494/306 998/1493/992
f 306/1494/306 999/1495/993 998/1493/992
f 998/1493/992 876/1309/870 887/1327/881
f 999/1495/993 876/1309/870 998/1493/992
f 999/1495/993 306/1494/306 1000/1496/994
f 1000/1497/994 306/427/306 308/431/308
f 999/1495/993 1001/1498/995 876/1309/870
f 1001/1498/995 999/1495/993 1000/1496/994
f 874/1311/868 876/1309/870 1001/1498/995
f 1001/1499/995 354/503/354 874/1500/868
f 1001/1499/995 1000/1501/994 354/503/354
f 308/429/308 307/428/307 1000/1501/994
f 307/428/307 354/503/354 1000/1501/994
f 874/1500/868 354/503/354 875/1502/869
f 355/1503/355 875/1308/869 354/1504/354
f 1002/1505/996 875/1308/869 355/1503/355
f 875/1308/869 1002/1505/996 855/1277/849
f 356/1506/356 1002/1505/996 355/1503/355
f 1003/1507/997 1002/1505/996 356/1506/356
f 855/1277/849 1002/1505/996 856/1278/850
f 1002/1505/996 1003/1507/997 856/1278/850
f 1003/1507/997 356/1506/356 1004/1508/998
f 1004/1509/998 356/506/356 357/509/357
f 856/1278/850 1003/1507/997 1005/1510/999
f 1005/1510/999 1003/1507/997 1004/1508/998
f 837/1244/831 856/1278/850 1005/1510/999
f 836/1242/830 837/1244/831 1005/1510/999
f 1004/1508/998 1006/1511/1000 1005/1510/999
f 1005/1510/999 1006/1511/1000 836/1242/830
f 357/509/357 1006/1512/1000 1004/1509/998
f 1007/1513/1001 357/509/357 358/512/358
f 1007/1513/1001 1008/1514/1002 357/509/357
f 1008/1514/1002 1006/1512/1000 357/509/357
f 1009/1515/1003 1006/1512/1000 1010/1516/1004
f 1008/1514/1002 1010/1516/1004 1006/1512/1000
f 1006/1511/1000 1009/1517/1003 810/1246/804
f 836/1242/830 1006/1511/1000 810/1246/804
f 1011/1518/1005 1008/1514/1002 1007/1513/1001
f 1010/1516/1004 1008/1514/1002 1011/1518/1005
f 1012/1519/1006 1007/1513/1001 358/512/358
f 1007/1513/1001 1012/1519/1006 1011/1518/1005
f 380/543/380 1012/1519/1006 358/512/358
f 1009/1517/1003 809/1520/803 810/1246/804
f 1010/1516/1004 809/1199/803 1009/1515/1003
f 1011/1518/1005 1012/1519/1006 808/1198/802
f 808/1198/802 1010/1516/1004 1011/1518/1005
f 1010/1516/1004 808/1198/802 809/1199/803
f 1012/1519/1006 380/543/380 1013/1521/1007
f 1014/1522/1008 1012/1519/1006 1013/1521/1007
f 1015/1523/1009 1012/1519/1006 1014/1522/1008
f 1015/1523/1009 807/1197/801 1012/1519/1006
f 808/1198/802 1012/1519/1006 807/1197/801
f 1013/1521/1007 1016/1524/1010 1014/1522/1008
f 1016/1524/1010 1017/1525/1011 1014/1522/1008
f 1014/1522/1008 1017/1525/1011 1015/1523/1009
f 1018/1526/1012 1016/1524/1010 1013/1521/1007
f 1013/1521/1007 380/543/380 381/544/381
f 1018/1526/1012 1013/1521/1007 1019/1527/1013
f 1018/1526/1012 1019/1527/1013 1020/1528/1014
f 1016/1524/1010 1018/1526/1012 1021/1529/1015
f 1021/1529/1015 1018/1526/1012 1020/1528/1014
f 1017/1525/1011 1016/1524/1010 1022/1530/1016
f 1022/1530/1016 1016/1524/1010 1021/1529/1015
f 1017/1525/1011 1023/1531/1017 1015/1523/1009
f 1023/1532/1017 1017/1533/1011 1024/1534/1018
f 1024/1534/1018 1017/1533/1011 1022/1535/1016
f 1015/1523/1009 806/1196/800 807/1197/801
f 1025/1536/1019 1015/1523/1009 1023/1531/1017
f 1025/1536/1019 806/1196/800 1015/1523/1009
f 1026/1537/1020 1023/1532/1017 1024/1534/1018
f 1026/1537/1020 1025/1538/1019 1023/1532/1017
f 1022/1535/1016 1027/1539/1021 1024/1534/1018
f 1027/1540/1021 1028/1541/1022 1024/1542/1018
f 1028/1543/1022 1029/1544/1023 1024/1534/1018
f 1026/1537/1020 1024/1534/1018 1029/1544/1023
f 1021/1545/1015 1030/1546/1024 1022/1535/1016
f 1030/1546/1024 1027/1539/1021 1022/1535/1016
f 1020/1547/1014 1031/1548/1025 1021/1545/1015
f 1031/1548/1025 1030/1546/1024 1021/1545/1015
f 1032/1549/1026 1033/1550/1027 1020/1547/1014
f 1033/1550/1027 1031/1548/1025 1020/1547/1014
f 1019/1527/1013 1032/1551/1026 1020/1528/1014
f 1034/1552/1028 1032/1553/1026 1019/1554/1013
f 1035/1555/1029 1034/1552/1028 1019/1554/1013
f 1013/1521/1007 1035/1556/1029 1019/1527/1013
f 1013/1521/1007 381/544/381 382/545/382
f 382/545/382 1035/1556/1029 1013/1521/1007
f 382/545/382 408/585/408 1035/1556/1029
f 1036/1557/1030 1034/1558/1028 1035/1559/1029
f 408/584/408 1036/1557/1030 1035/1559/1029
f 1037/1560/1031 1034/1558/1028 1038/1561/1032
f 1039/1562/1033 1034/1558/1028 1036/1557/1030
f 1039/1562/1033 1038/1561/1032 1034/1558/1028
f 1037/1560/1031 1032/1563/1026 1034/1558/1028
f 1033/1564/1027 1032/1565/1026 1040/1566/1034
f 1037/1567/1031 1040/1566/1034 1032/1565/1026
f 1041/1568/1035 1033/1564/1027 1040/1566/1034
f 1041/1569/1035 1031/1548/1025 1033/1550/1027
f 1042/1570/1036 1031/1571/1025 1041/1572/1035
f 1042/1570/1036 1030/1573/1024 1031/1571/1025
f 1043/1574/1037 1030/1573/1024 1042/1570/1036
f 1043/1574/1037 1027/1540/1021 1030/1573/1024
f 1044/1575/1038 1027/1540/1021 1043/1574/1037
f 1044/1575/1038 1028/1541/1022 1027/1540/1021
f 1045/1576/1039 1028/1541/1022 1044/1575/1038
f 1046/1577/1040 1028/1541/1022 1045/1576/1039
f 1047/1578/1041 1028/1541/1022 1046/1577/1040
f 1047/1578/1041 1029/1579/1023 1028/1541/1022
f 1047/1578/1041 1026/1580/1020 1029/1579/1023
f 1046/1577/1040 1048/1581/1042 1047/1578/1041
f 1048/1581/1042 1026/1580/1020 1047/1578/1041
f 1049/1582/1043 1046/1577/1040 1045/1576/1039
f 1050/1583/1044 1046/1577/1040 1049/1582/1043
f 1048/1581/1042 1046/1577/1040 1051/1584/1045
f 1046/1577/1040 1050/1583/1044 1051/1584/1045
f 1052/1585/1046 1045/1576/1039 1044/1575/1038
f 1049/1582/1043 1045/1576/1039 1052/1585/1046
f 1053/1586/1047 1044/1575/1038 1043/1574/1037
f 1052/1585/1046 1044/1575/1038 1053/1586/1047
f 1054/1587/1048 1043/1574/1037 1042/1570/1036
f 1053/1586/1047 1043/1574/1037 1054/1587/1048
f 1055/1588/1049 1042/1570/1036 1041/1572/1035
f 1054/1587/1048 1042/1570/1036 1055/1588/1049
f 1056/1589/1050 1041/1568/1035 1040/1566/1034
f 1055/1590/1049 1041/1568/1035 1056/1589/1050
f 1037/1567/1031 1057/1591/1051 1040/1566/1034
f 1040/1566/1034 1057/1591/1051 1056/1589/1050
f 1057/1592/1051 1037/1560/1031 1038/1561/1032
f 1058/1593/1052 1057/1592/1051 1038/1561/1032
f 1039/1562/1033 1059/1594/1053 1038/1561/1032
f 1038/1561/1032 1059/1594/1053 1058/1593/1052
f 1039/1562/1033 1036/1557/1030 1060/1595/1054
f 1059/1594/1053 1039/1562/1033 1060/1595/1054
f 1060/1595/1054 1036/1557/1030 409/586/409
f 1036/1557/1030 408/584/408 409/586/409
f 1061/1596/1055 1059/1594/1053 1060/1595/1054
f 1060/1595/1054 409/586/409 410/587/410
f 1061/1596/1055 1060/1595/1054 410/587/410
f 1062/1597/1056 1059/1594/1053 1061/1596/1055
f 1059/1594/1053 1062/1597/1056 1058/1593/1052
f 1063/1598/1057 1064/1599/1058 1058/1593/1052
f 1064/1599/1058 1057/1592/1051 1058/1593/1052
f 1058/1593/1052 1062/1597/1056 1063/1598/1057
f 1057/1591/1051 1064/1600/1058 1056/1589/1050
f 1065/1601/1059 1055/1590/1049 1056/1589/1050
f 1056/1589/1050 1064/1600/1058 1065/1601/1059
f 1066/1602/1060 1055/1590/1049 1065/1601/1059
f 1055/1588/1049 1067/1603/1061 1054/1587/1048
f 1066/1602/1060 1067/1604/1061 1055/1590/1049
f 1067/1603/1061 1053/1586/1047 1054/1587/1048
f 1068/1605/1062 1053/1586/1047 1067/1603/1061
f 1068/1605/1062 1052/1585/1046 1053/1586/1047
f 1069/1606/1063 1052/1585/1046 1068/1605/1062
f 1069/1606/1063 1049/1582/1043 1052/1585/1046
f 1070/1607/1064 1049/1582/1043 1069/1606/1063
f 1070/1607/1064 1050/1583/1044 1049/1582/1043
f 1071/1608/1065 1050/1583/1044 1070/1607/1064
f 1071/1608/1065 1072/1609/1066 1050/1583/1044
f 1072/1609/1066 1051/1584/1045 1050/1583/1044
f 764/1132/758 786/1166/780 1051/1584/1045
f 1051/1584/1045 786/1166/780 1048/1581/1042
f 1072/1609/1066 764/1132/758 1051/1584/1045
f 1048/1581/1042 786/1166/780 1026/1580/1020
f 786/1166/780 787/1167/781 1026/1580/1020
f 1025/1538/1019 1026/1537/1020 788/1168/782
f 1026/1537/1020 787/1169/781 788/1168/782
f 1025/1536/1019 788/1171/782 789/1170/783
f 806/1196/800 1025/1536/1019 789/1170/783
f 1073/1610/1067 737/1133/731 764/1132/758
f 1072/1609/1066 1073/1610/1067 764/1132/758
f 1073/1610/1067 1072/1609/1066 1071/1608/1065
f 1074/1611/1068 1071/1612/1065 1070/1613/1064
f 1073/1614/1067 1071/1612/1065 1074/1611/1068
f 1069/1615/1063 1075/1616/1069 1070/1613/1064
f 1075/1616/1069 1074/1611/1068 1070/1613/1064
f 1068/1617/1062 1076/1618/1070 1069/1619/1063
f 1076/1620/1070 1075/1621/1069 1069/1622/1063
f 1067/1623/1061 1077/1624/1071 1068/1617/1062
f 1077/1624/1071 1076/1618/1070 1068/1617/1062
f 1066/1602/1060 1078/1625/1072 1067/1604/1061
f 1077/1624/1071 1067/1623/1061 1078/1626/1072
f 1065/1601/1059 1079/1627/1073 1066/1602/1060
f 1078/1625/1072 1066/1602/1060 1079/1627/1073
f 1065/1601/1059 1064/1600/1058 1079/1627/1073
f 1080/1628/1074 1064/1600/1058 1063/1629/1057
f 1064/1600/1058 1080/1628/1074 1079/1627/1073
f 1080/1630/1074 1081/1631/1075 1079/1632/1073
f 1081/1631/1075 1082/1633/1076 1079/1632/1073
f 1078/1626/1072 1079/1632/1073 1082/1633/1076
f 1078/1626/1072 1082/1633/1076 1077/1624/1071
f 1077/1634/1071 1082/1635/1076 1083/1636/1077
f 1076/1620/1070 1077/1634/1071 1083/1636/1077
f 1084/1637/1078 1076/1620/1070 1083/1636/1077
f 1075/1621/1069 1076/1620/1070 1084/1637/1078
f 1085/1638/1079 1075/1621/1069 1084/1637/1078
f 1074/1639/1068 1075/1621/1069 1085/1638/1079
f 736/1086/730 1074/1639/1068 1085/1638/1079
f 1073/1614/1067 1074/1611/1068 736/1087/730
f 1073/1614/1067 736/1087/730 737/1088/731
f 736/1086/730 1085/1638/1079 711/1047/705
f 1085/1638/1079 1084/1637/1078 711/1047/705
f 1082/1635/1076 1081/1640/1075 1083/1636/1077
f 1081/1631/1075 1080/1630/1074 1086/1641/1080
f 1081/1640/1075 1087/1642/1081 1088/1643/1082
f 1086/1644/1080 1087/1642/1081 1081/1640/1075
f 1083/1636/1077 1081/1640/1075 1088/1643/1082
f 1086/1645/1080 1080/1628/1074 1063/1629/1057
f 1063/1629/1057 1089/1646/1083 1086/1645/1080
f 1086/1647/1080 1089/1648/1083 1087/1649/1081
f 1087/1649/1081 1089/1648/1083 1090/1650/1084
f 436/628/436 1087/1642/1081 1090/1651/1084
f 445/641/445 1087/1642/1081 436/628/436
f 1088/1643/1082 1087/1642/1081 445/641/445
f 1091/1652/1085 1088/1643/1082 445/641/445
f 1083/1636/1077 1088/1643/1082 1091/1652/1085
f 1092/1653/1086 1083/1636/1077 1091/1652/1085
f 1084/1637/1078 1083/1636/1077 1092/1653/1086
f 711/1047/705 1084/1637/1078 1092/1653/1086
f 1093/1654/1087 436/628/436 1090/1651/1084
f 1090/1655/1084 1089/1656/1083 1094/1657/1088
f 1090/1655/1084 1094/1657/1088 1093/1658/1087
f 1089/1646/1083 1062/1659/1056 1094/1660/1088
f 1062/1659/1056 1089/1646/1083 1063/1629/1057
f 1094/1661/1088 1062/1597/1056 1061/1596/1055
f 1094/1661/1088 1061/1596/1055 1095/1662/1089
f 1094/1657/1088 1095/1663/1089 1093/1658/1087
f 435/627/435 1093/1658/1087 1095/1663/1089
f 435/631/435 436/628/436 1093/1654/1087
f 1096/1664/1090 1091/1652/1085 445/641/445
f 1092/1653/1086 1091/1652/1085 1096/1664/1090
f 673/992/667 1092/1653/1086 1096/1664/1090
f 710/1046/704 1092/1653/1086 673/992/667
f 711/1047/705 1092/1653/1086 710/1046/704
f 1096/1664/1090 445/641/445 444/640/444
f 1096/1664/1090 444/640/444 450/646/450
f 673/992/667 1096/1664/1090 450/646/450
f 645/950/639 673/992/667 450/646/450
f 645/950/639 450/646/450 446/642/446
f 434/626/434 435/627/435 1095/1663/1089
f 434/625/434 1095/1662/1089 413/590/413
f 411/588/411 413/590/413 410/587/410
f 410/587/410 413/590/413 1095/1662/1089
f 1061/1596/1055 410/587/410 1095/1662/1089
