# Blender v2.79 (sub 0) OBJ File: ''
# www.blender.org
o obj2
v -6.248136 -13.207280 -6.872408
v -4.536653 -14.501906 -4.775043
v -5.211838 -13.429866 -3.811173
v -1.465114 -14.710348 -10.649587
v -6.193042 -14.015553 -8.493780
v -2.628056 -14.643160 -11.353182
v -9.253831 0.150390 -5.190491
v -8.813198 -2.919050 -4.101479
v -9.598974 -0.260015 -2.215190
v -7.009701 -3.302086 -9.602666
v -7.364010 -0.169581 -8.702975
v -6.182162 -2.093313 -8.696254
v -6.481421 -1.166018 -9.093922
v -6.539872 -0.164912 -8.767035
v -5.412627 -6.235133 -9.646262
v -5.604957 -6.652517 -8.898630
v -7.285946 -6.387095 -8.506289
v -7.141835 -6.150477 -8.279286
v -7.817410 -5.844962 -7.522369
v -5.314373 -0.524982 -9.686258
v -5.194574 -1.509218 -9.985918
v -5.260115 -2.001994 -9.476886
v -6.054869 -1.187041 -9.858576
v -6.907412 -12.771011 -11.585861
v -6.061440 -11.837421 -10.697758
v -5.624499 -10.146177 -11.308972
v -5.842277 -12.131174 -12.683268
v -5.817116 -6.118953 -10.269676
v -5.471539 -6.239027 -11.657857
v -5.597924 -8.215593 -10.789224
v -4.226196 -6.146041 -11.956100
v -5.112964 -5.931031 -11.323891
v -4.818272 0.469829 -10.166960
v -5.778235 -10.659288 -10.266035
v -6.202193 -10.264462 -9.162360
v -6.443131 -13.785297 -10.766041
v -5.283072 -9.457182 -8.937372
v -5.819479 -10.011291 -8.215065
v -5.306994 -9.725499 -7.741441
v -4.936717 -8.614658 -9.181817
v -4.518927 -8.241465 -10.254475
v -5.343022 -8.789111 -8.313379
v -5.275348 -8.819520 -6.684420
v -4.947539 -9.234773 -7.121965
v -5.711930 -9.992166 -6.214629
v -5.721513 -9.759835 -5.024930
v -5.804492 -8.963820 -5.364092
v -3.817239 -8.276924 -13.343947
v -4.475968 -9.208384 -13.298637
v -5.978102 -8.352890 -12.228046
v -5.453641 -7.465878 -9.715487
v -4.602785 -7.176416 -5.289621
v -5.698743 -8.686786 -4.368268
v -5.393547 -7.191399 -11.944674
v -5.787775 -7.789748 -8.013268
v -5.916826 -8.526186 -8.827228
v -5.920414 -8.218873 -7.887945
v -5.211867 -7.290633 -7.477388
v -5.044367 -7.544211 -6.363533
v -7.634737 -8.027213 -5.458618
v -4.470246 -3.833219 -11.143946
v -2.968703 -3.222368 -11.015397
v -3.290733 -4.999324 -11.380576
v -2.136222 -3.387663 -12.099748
v -2.834811 -4.541355 -11.339938
v -2.796060 -2.187645 -11.359134
v -5.358211 -10.698135 -2.573536
v -5.048302 -12.281063 -1.173509
v -5.128802 -11.072489 -1.195762
v -5.459578 -11.791720 -3.402117
v -4.472307 -8.976361 -3.386647
v -6.003134 -8.773266 -2.913263
v -5.291618 -10.180073 -0.357222
v -3.676256 -11.118066 4.489446
v -5.313306 -11.035922 4.290270
v -2.687544 -12.538635 1.612866
v -7.054461 -1.703317 17.263081
v -6.583034 -4.408838 15.625304
v -6.576894 -1.578156 17.981365
v -6.548981 0.410662 8.816072
v -6.721581 -5.049960 13.855578
v -6.708150 -1.337008 10.908242
v -4.547677 -1.326931 20.221527
v -3.589516 -1.288885 20.026886
v -4.356933 0.025957 21.524069
v -8.983753 5.649178 -6.933166
v -9.513633 5.205438 -6.150156
v -10.337310 8.801635 -8.318752
v -8.284127 4.278318 -10.010240
v -8.908744 3.420228 -7.422245
v -8.977744 8.318678 -12.549588
v -9.787816 8.865988 -11.335243
v -8.778857 10.806570 -12.131445
v -6.938294 0.353183 -8.850066
v -4.808084 2.378718 -10.702280
v -6.915410 1.583171 -9.535238
v -7.596375 2.525905 -10.245939
v -7.082174 2.461059 -11.025239
v -4.267022 1.990636 -10.526793
v -5.105672 1.505885 -10.776232
v -5.519038 0.941999 -9.921920
v -6.640101 3.331875 -12.381228
v -6.565322 4.254728 -12.287012
v -5.604365 4.188124 -12.398151
v -5.733229 4.448405 -12.941060
v -3.464385 2.533868 -11.465160
v -4.008171 3.150181 -11.437758
v -5.630724 11.819853 -12.478516
v -2.167825 10.834690 -12.832404
v -6.631065 9.678875 -13.468392
v -2.834522 2.093175 -11.735270
v -2.565440 0.102035 -11.379057
v -3.944792 0.985593 -11.560699
v -6.637709 13.265720 -9.496758
v -2.037146 12.928965 -9.324820
v -12.388415 9.771710 3.297659
v -11.310385 10.887546 5.217974
v -11.913804 12.376838 2.956702
v -10.951277 5.354375 -0.053780
v -10.817211 4.028725 2.970911
v -11.447074 6.521382 3.556974
v -10.760792 6.112145 4.330700
v -10.083171 5.295894 4.215953
v -9.720675 -1.783394 -2.263731
v -9.775063 -0.771935 -0.022145
v -10.431730 3.730608 -0.760730
v -9.874916 0.406848 -2.589107
v -9.834567 2.417684 0.372056
v -10.310260 9.885321 5.292300
v -9.170304 8.347115 4.896219
v -9.315394 10.184079 5.474630
v -9.836093 9.457557 6.598837
v -10.640805 10.518214 6.767494
v -8.331308 11.047818 8.241495
v -8.241254 0.447429 1.354216
v -9.171125 -1.715638 0.524014
v -6.953757 -1.548467 -0.133946
v -7.465478 2.253870 1.628660
v -7.627041 4.684477 2.702587
v -8.618217 8.096295 4.878617
v -7.765027 1.814542 2.444890
v -9.156772 12.937495 7.412944
v -6.729867 14.507588 7.808669
v -7.149805 -0.162817 1.479475
v -6.521196 -3.033550 3.369200
v -7.025207 2.626012 6.745564
v -4.831459 14.528806 7.762364
v -4.562218 11.726027 8.157719
v -3.283469 12.151286 7.936996
v -2.690527 14.559047 7.855897
v -3.364502 15.186551 7.344613
v -6.773187 4.000264 17.134342
v -7.037241 0.759177 17.593248
v -6.338103 12.631582 11.107385
v -5.102473 12.608309 9.250293
v -7.871337 10.983776 9.031401
v -5.951802 7.675761 17.395435
v -5.920732 3.737663 22.586885
v -5.355588 6.866286 22.137123
v -3.505082 8.905583 22.999687
v -3.658271 9.785423 22.314236
v -10.428401 13.348284 0.669838
v -11.545687 12.101732 -0.725217
v -10.748444 10.719627 -0.715084
v -8.411160 15.969219 -1.858422
v -9.149451 15.448478 -3.103873
v -10.040341 14.764050 -2.581971
v -8.897878 16.369869 2.643686
v -9.422397 16.497860 1.143034
v -10.670146 14.755684 1.768747
v -5.282913 16.430672 2.883714
v -7.720209 16.905155 1.537069
v -5.194429 13.177719 14.298503
v -6.986283 11.687843 12.378334
v -5.069861 13.097548 17.479691
v -3.344572 -14.452499 -12.710954
v -1.717913 -13.963116 -13.022871
v -0.596778 -14.403951 -3.865691
v -3.306671 -14.274465 -4.376377
v -0.853481 -14.195531 -4.497983
v 0.159153 -14.524624 -10.903888
v 1.282291 -14.766320 -8.213311
v -1.343456 -14.472904 -12.769990
v 0.445442 -14.606237 -11.637609
v -1.004322 -14.652608 -5.097178
v -1.227419 -14.592576 -6.585477
v 3.302185 -14.715512 -6.462290
v 1.891921 -14.201739 -6.809255
v 4.531993 -14.171775 -7.626783
v 4.248211 -14.390310 -9.284514
v 5.387519 -13.343476 -8.069813
v 6.900864 -12.696562 -9.497426
v -1.698386 -12.803007 -13.976068
v -2.635852 -11.348001 -13.584322
v -1.219694 -1.016526 -12.062994
v -0.757547 -2.392271 -12.796896
v -1.891724 -4.301938 -12.758820
v -1.872673 -9.346493 -13.080675
v 2.993270 -9.359825 -13.576944
v 0.803009 -4.682669 -13.079062
v -0.769220 -5.810268 -12.987868
v 0.162741 -3.862938 -13.180132
v 1.602375 -13.768801 -12.833429
v 0.631590 -13.726435 -12.746217
v 6.787132 -10.417177 -13.598111
v 6.131026 -3.265913 -13.711070
v 6.647317 -5.413670 -13.486681
v 4.746040 -2.854059 -13.314599
v 6.810665 -9.406090 -10.422600
v 7.494281 -11.320610 -11.643100
v 7.297903 -10.642580 -11.879581
v 6.958493 -7.372087 -7.647772
v 7.210182 -8.642892 -7.821855
v 7.206089 -8.118624 -10.242577
v 7.255303 -7.053154 -1.015711
v 7.235459 -10.297279 -1.894396
v 7.276545 -7.013708 -6.964358
v 7.723056 -7.709163 -12.454213
v 7.394802 -5.288152 -12.908329
v 7.382034 -4.536966 -11.118406
v 6.321627 -6.768987 -10.350273
v 7.804565 -5.555716 -6.722144
v 6.992345 -5.278018 -7.501203
v 7.385694 -5.302943 -8.732847
v 6.894998 -5.226917 -10.677498
v 7.772543 -5.260381 -5.351267
v 7.875726 -4.213084 -8.703758
v 8.113451 -3.159930 -9.766561
v 7.890052 -1.012376 -10.148666
v 7.657457 -2.112438 -10.681741
v 8.391584 -1.316876 -10.956964
v -3.357873 -14.038923 -2.680154
v -2.556980 -13.490568 -2.004796
v 1.639180 -11.741978 1.482340
v -0.389172 -12.611462 0.591782
v 5.023179 -11.840349 -0.234544
v 5.552078 -13.144980 -3.493616
v 6.881006 -12.580426 -5.032454
v 4.757180 -8.928693 6.097262
v 6.469469 -8.483829 3.571827
v 8.313649 -2.241604 -5.020415
v 0.031269 -1.839098 18.840715
v -1.557432 -1.763999 19.299847
v -0.095735 -2.674061 17.893312
v -0.639867 -5.231771 14.184745
v -1.575806 -5.419957 13.642248
v 0.583543 -5.542143 13.272611
v -0.507458 -0.772695 20.853922
v 0.636417 -1.507882 18.525341
v 0.530655 -0.983762 19.648535
v 1.123741 -7.210957 10.389134
v 1.520794 -1.241801 19.341448
v 4.873030 -4.426133 14.719489
v 1.907946 -1.274355 19.999149
v 2.216515 -2.665430 17.152700
v 3.842569 -4.239860 14.788261
v 7.126526 -5.748439 12.235796
v 5.522261 -6.726718 10.809514
v 7.121943 -7.821608 4.906304
v 6.410557 -3.487418 16.552231
v 8.073864 -5.983194 6.071507
v -2.070147 0.319804 -12.688483
v -1.448931 -0.595553 -11.472708
v -3.109831 2.165032 -12.574800
v -1.817435 2.228674 -13.157173
v -1.010288 -1.178616 -13.114257
v 0.777026 9.463531 -13.487831
v 0.820288 8.114467 -13.359046
v -2.316360 9.811863 -13.533797
v 1.923582 10.390476 -12.571729
v -1.194374 11.833336 -12.000983
v 2.298110 8.433157 -12.820940
v 1.542511 6.851831 -13.361698
v 2.787653 11.284431 -10.593567
v 6.851363 -0.220736 -13.546189
v 5.255499 -1.509028 -13.505738
v 0.303854 2.743299 -13.300554
v 5.894902 4.468484 -13.546320
v 3.345605 1.893258 -13.267307
v 4.799376 8.695501 -11.902140
v 3.019556 8.398746 -12.124527
v 3.364656 9.350252 -10.750671
v 4.116667 10.224632 -9.910659
v 3.077156 9.740751 -11.720675
v 1.933569 9.869065 -12.055486
v 4.011193 11.576087 -7.533800
v 5.112470 11.132045 -6.702006
v 4.352792 10.672334 -7.593451
v 6.178539 10.839011 -2.960341
v 5.786156 10.755443 -4.600984
v 5.556401 11.551997 -3.439096
v 6.158018 8.826966 -11.364522
v 6.034876 7.984787 -12.703777
v 5.333088 8.642599 -11.494240
v 5.999152 9.845831 -11.003734
v 8.824765 11.526774 -5.232142
v 7.068522 10.433710 -9.922088
v 8.020398 10.922748 -4.542404
v 8.810801 1.429726 -5.831769
v 7.570789 1.586222 -5.492667
v 9.999178 -0.102221 -6.707994
v 9.507171 7.873236 -4.076899
v 10.357018 8.387025 -4.209262
v 8.726481 9.719098 -4.505221
v 8.363987 10.367380 -9.725226
v 10.113933 8.872649 -6.767945
v 8.640275 8.647492 -9.515183
v 3.589296 14.293971 -3.327625
v 1.155445 14.685531 -4.508729
v 1.824045 14.856307 -3.797716
v 5.620977 12.149373 -3.572396
v 5.256277 12.112147 -4.761508
v 9.619187 10.686410 -4.714188
v 10.115375 10.675963 -5.672877
v 8.765866 2.507999 -5.056685
v 10.127911 2.685827 -5.275885
v 9.350291 1.855460 -7.091937
v 2.962199 11.206566 9.587724
v 2.172100 11.652884 8.080858
v 0.849585 12.740185 9.202111
v 3.059099 10.233891 6.787288
v 1.459950 11.333201 7.331061
v 1.739827 13.660289 6.611138
v 3.535543 10.979718 5.517361
v 2.955642 13.166981 2.479504
v 4.817663 8.891644 6.237623
v 4.376369 8.256608 5.029221
v 4.220283 9.345754 3.805233
v 3.993828 10.486178 3.146455
v 5.459674 8.671973 4.811302
v 3.537863 8.067884 4.219216
v 5.142704 8.523364 4.184672
v 6.556108 7.769720 4.107258
v 6.175196 9.350205 4.045251
v 7.092516 9.392604 3.770281
v 5.540636 10.786943 -1.402009
v 6.847385 1.141991 -3.473446
v 8.143959 -1.145270 -2.532539
v 7.029021 0.932423 -4.794886
v 7.903237 1.104389 -2.881552
v 8.301299 0.082971 -2.493299
v 8.371510 0.898022 6.338473
v 8.436431 -0.539806 1.654276
v 7.990913 1.318853 3.399846
v 7.495462 3.414487 4.626711
v 8.618384 3.655262 6.547738
v 7.983190 4.425182 6.614581
v 6.189838 4.268842 4.170491
v 5.766096 6.379290 7.618793
v 6.160511 5.687964 5.792397
v 7.338426 6.599306 6.034081
v 7.158288 6.619731 6.998166
v 8.818511 8.126300 4.446958
v 6.950265 9.579744 8.804323
v 7.967237 8.909301 8.318401
v 7.881750 9.104690 7.258904
v 8.160316 2.134208 -1.099675
v 9.218157 2.276622 -1.769722
v 9.046176 2.632783 -1.179486
v 9.311642 4.063355 1.618392
v 9.512012 3.077821 0.613027
v 9.430403 4.692131 -2.149537
v 5.588869 4.628461 4.770561
v 6.863467 5.688594 5.162041
v 9.163670 6.026891 -3.425276
v 9.594069 5.703982 1.947776
v 9.719618 6.297338 2.810225
v 9.463865 8.116903 0.022913
v 9.858425 8.647971 3.193463
v 1.696608 12.727573 11.432777
v 6.582697 12.016390 13.627556
v 8.059237 6.755149 19.354898
v 7.248228 6.324757 19.832275
v 7.250950 6.846954 16.414572
v 7.493229 10.690444 18.296232
v 8.364578 7.542006 16.174177
v -1.070872 10.645298 21.783876
v -2.474895 10.570978 22.291508
v -1.537170 9.930782 22.109116
v -0.831490 11.598389 20.609842
v 0.424489 9.780348 22.368158
v 1.054020 9.469915 22.755205
v -1.362796 8.625895 22.746078
v 0.373186 8.429403 22.309748
v 0.526649 11.151136 22.213329
v 2.521395 10.621307 21.998064
v 1.220612 0.763730 21.987875
v 2.207191 -0.517472 20.965952
v 2.386695 0.097306 20.968121
v 1.417034 8.391657 22.987169
v -0.161910 7.632412 23.802933
v 3.144096 8.200326 23.692225
v 2.981179 8.713949 22.555758
v 3.583647 9.815813 22.706493
v 1.137431 11.657719 21.719658
v 2.129141 11.807774 20.685808
v 3.845553 11.419397 21.641174
v 1.626989 5.229664 25.414951
v 6.004339 2.061782 23.380354
v 5.013668 4.754010 24.988340
v 5.479288 8.007648 23.529575
v 3.485651 6.737509 25.057579
v 5.736221 8.829115 22.730694
v 6.400052 9.699051 23.108522
v 7.131368 6.593990 20.746984
v 7.335212 4.870279 22.734642
v 8.719363 -0.784340 17.671553
v 0.635020 14.990115 6.003001
v 1.066529 14.917499 4.362657
v -0.647303 15.137813 6.280095
v -0.831721 15.018586 7.853251
v 0.625508 14.449910 7.569785
v 2.918102 15.863234 -1.251823
v 5.370255 12.368772 -3.021346
v 5.024807 13.220096 -3.549955
v 5.292709 11.663914 -2.390312
v 5.894830 12.311981 -1.616822
v -3.529955 11.921162 20.743805
v -1.525338 13.095366 19.692671
v -3.396610 13.608411 19.150953
v 0.685660 12.975162 14.825797
v -0.669568 13.609955 12.970450
v -0.841362 13.083315 14.267109
v 2.820842 14.370511 15.872321
v 2.534956 13.048737 13.972608
v 1.593613 12.630219 14.764250
v 1.104127 14.163070 18.664597
v 4.641431 12.750257 20.109770
v 1.799950 14.807578 17.077890
v 4.012216 14.844646 17.908678
v 3.562823 12.668470 14.451200
v 4.476136 12.398968 13.601642
v 4.766907 13.633256 15.044843
v 5.690351 13.739875 16.196556
v 5.205190 13.314712 18.272343
v 6.202058 11.292149 21.410048
v 8.643143 4.844750 2.972787
v 8.883850 7.356441 3.259125
v 8.480110 6.048441 4.799795
v 7.700647 4.941891 2.049558
v 6.150741 3.871302 3.031184
v 4.789201 3.753538 3.731128
v 5.324009 3.069552 1.849221
v 0.450169 11.730837 20.545969
v 6.918561 12.578326 16.716953
v 7.951356 10.902548 13.079560
v 6.782045 12.274232 18.705208
v 7.339881 9.059635 21.576487
v 4.394382 14.135322 16.293236
v 0.896032 12.869013 13.954735
v 1.158183 13.204454 12.726192
v -0.333906 12.647941 18.894882
v 1.295967 14.053742 15.909943
v 0.541867 12.905446 16.932404
v -0.069536 13.210685 16.027607
v -0.107437 13.323025 10.716963
v -1.057527 14.321010 16.379988
v -1.514213 14.488225 18.271523
v -2.534687 13.311278 15.629735
v -1.442561 13.186247 11.887891
v -2.574994 12.900393 14.173339
v -3.397071 13.200148 11.965259
v 5.022328 12.593712 -0.015975
v 5.414842 13.402578 -2.554742
v 5.750806 10.551802 0.124247
v 3.812220 14.622915 -1.013247
v 4.196087 14.813953 -1.766206
v 3.506231 15.142908 -2.057655
v 3.213196 14.452505 1.135687
v 4.280304 13.719481 0.895489
v 4.257938 12.681591 1.003254
v 2.469947 15.774382 0.539766
v 3.572046 13.604324 1.817683
v -0.291941 11.370709 7.789945
v 1.992856 15.276464 1.711725
v -4.718577 17.068514 0.634884
v -4.515093 16.809711 -0.814346
v -5.989097 16.202486 -2.130446
v -3.456517 15.654899 5.579776
v 8.078547 3.839152 20.516106
v 7.542543 5.168299 20.819382
v 6.052789 6.799823 23.577293
v 6.099322 6.047646 22.154280
v 5.961380 5.963099 25.078386
v 6.615150 -1.320251 20.771225
v 2.358464 0.646165 21.850626
v 4.531806 0.063062 21.682400
v 5.213765 -1.865488 19.575939
v -0.157976 -0.112407 21.351730
v -1.352435 1.137408 22.181921
v -2.478412 3.935086 24.476631
v -0.547924 4.894158 25.261700
v -2.804793 7.981270 23.697229
v -2.237200 1.524632 22.832148
v -2.542685 0.193943 21.666605
v -3.282590 4.056153 24.219521
v 8.721956 8.075853 11.972445
v 8.560062 7.244373 10.761245
v 7.976618 8.123202 7.532845
v 7.246440 6.263576 9.314318
v 8.110165 6.190594 11.704335
v 8.634943 5.245631 10.398729
v 9.097565 3.660384 16.032784
v 8.880549 2.133471 11.002417
v 9.137959 1.010433 16.624393
v 8.171195 -3.450277 12.194761
v 8.032979 5.729307 19.700291
v 8.683551 5.807949 14.727004
v -2.671923 13.478052 10.722472
v 8.902599 9.904079 2.243912
v 8.832014 10.367245 -2.549369
v 9.062749 9.342787 0.588777
v 8.687197 8.518979 6.685376
v 8.087294 6.993903 5.093698
v 7.123903 2.733977 1.436776
v 6.683790 8.815806 5.816595
v 7.260073 8.901547 5.418357
v 9.351374 5.389746 -4.115865
v 9.476821 4.037791 -4.581760
v 5.133107 2.611616 2.599263
v 7.108325 1.867571 1.525767
v 7.664605 1.409182 -0.162528
v 8.548693 -0.821821 7.049242
v 8.454213 0.454584 -0.415554
v 8.710270 -2.653483 4.990127
v 8.455338 -0.214126 -4.558701
v 5.105941 9.973301 2.149718
v 5.446071 9.406697 7.402508
v 2.375973 9.714129 6.198796
v 1.798134 10.984622 6.770312
v 0.722394 11.343570 8.092791
v -1.695849 12.414824 8.072943
v -1.554953 13.072978 8.704617
v 10.816944 7.189148 -4.631237
v 9.941504 7.377936 -3.968148
v 10.837090 4.836413 -4.662453
v 10.478042 2.916541 -6.075010
v 9.855730 0.996480 -6.338712
v 10.217691 1.298478 -8.353959
v 10.111814 -0.955462 -8.407275
v 5.351794 11.365933 -4.996114
v 3.038463 13.916745 -4.888274
v 2.976120 14.160586 -4.064532
v 1.227140 12.089205 -10.645788
v 0.666306 14.070056 -5.964323
v -3.818709 13.862576 -6.445529
v 9.126013 6.866630 -8.137337
v 9.778963 4.650066 -7.833073
v 8.774614 5.698814 -9.879182
v 8.900784 0.135417 -4.969109
v 8.334041 3.253032 -13.007549
v 8.397146 0.395623 -6.124851
v 8.356262 -0.899129 -6.955167
v 10.002909 -0.926848 -9.951797
v 9.464759 -0.723666 -13.106445
v 6.809268 8.958230 -10.461897
v 6.384329 9.514120 -10.272575
v 8.403098 6.967402 -8.782756
v 9.307288 7.454062 -2.854473
v 9.529378 3.332385 -4.309566
v 8.503082 -1.406727 -6.595306
v 7.349998 7.029360 -12.644695
v 8.435854 0.422814 -13.576315
v 6.431078 6.256007 -13.466828
v 4.243629 7.381346 -13.412988
v 3.670805 10.991439 -7.542981
v 3.408005 8.144823 -13.239617
v -0.891973 5.029811 -13.569443
v 1.269912 -1.882160 -13.368427
v -3.234198 5.972848 -13.555666
v -3.879365 3.338731 -12.869992
v -5.459736 9.306746 -13.186481
v -4.335272 7.957651 -13.227192
v -4.788975 4.302548 -13.287149
v 2.877304 -1.025473 20.005171
v -1.306910 -0.977154 20.608486
v -2.706913 -0.136051 20.942848
v -1.526289 -0.549161 19.993486
v -1.939554 -1.488885 19.198727
v 7.590633 -2.270350 17.860518
v 4.426562 -2.584180 18.310652
v 2.524392 -4.011875 16.060123
v 1.481768 -4.406581 14.830851
v 0.417053 -3.250152 15.659818
v 0.656204 -4.714305 14.701434
v -0.826071 -4.193433 14.765502
v -0.544394 -3.700735 15.837493
v -0.529377 -3.154326 16.930553
v -1.664621 -2.886925 16.698448
v -2.182034 -3.490358 15.600825
v -2.793725 -4.035609 15.081444
v -2.087109 -7.501431 10.452187
v -3.332942 -5.308725 13.995125
v -1.851244 -2.018679 18.899420
v -2.122617 -2.567826 18.447573
v 8.414598 -4.020617 2.803202
v 7.350027 -7.137559 1.180381
v 7.146010 -9.067554 0.085743
v 2.061524 -9.923831 5.183878
v -2.249593 -9.193141 7.514726
v -0.946476 -10.781846 3.970948
v 0.785442 -14.209203 -3.479525
v 4.410162 -13.789826 -4.320197
v -1.693544 -13.966255 -1.505856
v 9.469558 -1.206339 -11.461657
v 8.108292 -1.392783 -12.563523
v 7.750494 -0.860896 -13.737499
v 8.445956 -2.496683 -9.629045
v 8.108551 -3.278862 -12.129969
v 7.637671 -2.709448 -13.148599
v 7.027350 -3.901923 -13.238486
v 6.955496 -8.734619 -13.265292
v 7.819379 -2.109325 -13.711926
v 7.227893 -11.014627 -12.645528
v 5.682758 -12.515167 -11.978906
v 6.268796 -13.351900 -11.503160
v 5.126362 -13.010372 -12.792443
v 6.592526 -11.645041 -8.422461
v 6.719890 -9.156163 -8.435436
v 6.715250 -12.659301 -7.942417
v 2.532779 -6.592439 -13.317924
v 1.954508 -4.868088 -13.474925
v -0.827758 -6.872741 -13.140588
v -0.682004 -6.048629 -12.372015
v -2.683711 -4.140481 -11.895261
v -1.966359 -5.431390 -12.207929
v 4.113454 -14.415692 -5.095663
v 2.303500 -13.662783 -11.486725
v 1.775119 -14.823114 -10.121524
v 2.839735 -14.225199 -11.172775
v -4.758943 13.200388 11.805341
v -4.356457 11.240423 20.823160
v -8.110559 16.968019 -0.059448
v -5.649760 15.233216 7.432421
v -5.919578 15.696181 4.897095
v -8.424692 15.835797 4.487997
v -6.968197 13.885856 -7.236560
v -8.263806 15.231673 5.966348
v -10.532031 12.542138 5.180449
v -9.793739 16.122829 0.161403
v -10.981498 12.882147 -0.705736
v -9.145041 15.048719 -2.193610
v -10.696750 13.287655 -2.687965
v -10.846624 12.947362 -4.691429
v -11.411478 11.801549 -4.144658
v -10.919516 10.377183 -3.238035
v -11.478893 12.187748 -2.900988
v -12.359018 10.536413 2.126390
v -11.042859 11.425793 0.267892
v -3.756324 5.844814 23.725830
v -4.407530 2.878340 23.799265
v -4.979417 2.049042 23.020542
v -6.491120 1.992069 21.531609
v -6.757262 1.888086 20.150793
v -5.959641 -0.246026 20.134632
v -7.427635 8.524353 11.817778
v -6.995694 4.165635 12.357713
v -7.077677 11.495906 8.329502
v -6.943122 0.692168 0.455120
v -7.840772 4.795918 4.452810
v -8.422429 7.866771 4.315730
v -9.231392 1.438750 1.809067
v -9.973777 3.116972 -3.121459
v -9.868475 1.597901 1.070530
v -10.246563 7.700585 -2.666374
v -10.236633 6.021570 -4.540121
v -10.224961 6.276461 -1.807923
v -10.260901 6.328405 -0.903256
v -10.411137 12.450145 -6.957506
v -9.260387 12.561194 -7.888576
v -8.025059 12.553359 -7.529995
v -9.612938 11.196213 -8.897276
v -5.187296 6.954628 -12.590972
v -3.313574 0.205383 -10.721344
v -4.177846 -1.079052 -10.439273
v -8.038360 7.020558 -13.020741
v -7.859419 4.556052 -12.271732
v -8.163837 1.678118 -7.772460
v -9.472820 10.714619 -10.524886
v -8.983983 2.643380 -5.659081
v -9.844711 9.156657 -8.626042
v -10.723149 9.935283 -7.021788
v -4.090530 -3.125769 17.194534
v -3.856466 -2.034708 18.663860
v -5.157551 -1.457275 19.661005
v -5.815704 -2.676925 17.677511
v -5.942852 -3.748468 16.815622
v -4.892072 -11.467649 1.140182
v -6.237947 -6.497628 5.763382
v -3.973930 -12.775375 -1.082735
v -4.449408 -11.500521 -0.621031
v -6.137041 -6.195324 -0.251195
v -6.653994 -3.991118 -1.044390
v -6.518948 -6.135307 -2.350181
v -7.188282 -5.313623 -2.005435
v -6.479332 -6.991530 -1.934752
v -7.929730 -4.073717 -0.847788
v -7.016157 -7.478868 -3.107229
v -8.024714 -5.450330 -1.580741
v -8.206840 -7.734169 -3.652817
v -9.240788 -4.222414 -1.646590
v -9.938513 -1.547102 0.066195
v -4.446684 -11.722319 0.637723
v -2.404195 -5.484870 -11.296515
v -2.384005 -6.586073 -12.640805
v -2.991963 -5.976303 -11.758102
v -3.386450 -2.179256 -11.336810
v -6.033974 -13.338804 -12.713602
v -5.758838 -12.273294 -13.176732
v -3.369733 -13.109772 -13.508595
v -3.745861 -2.349487 -10.407033
v -5.162048 -4.458810 -10.488701
v -4.138922 -11.684578 -13.601658
v -6.236707 -11.955547 -13.390944
v -4.646594 -2.231546 -10.547497
v -5.229404 -4.829175 -10.100703
v -7.010580 -7.416384 -7.908409
v -6.253914 -8.592444 -4.106224
v -6.940154 -7.701589 -4.859171
v -7.487628 -7.382753 -7.151616
v -5.815084 -10.447701 -8.691355
v -6.147633 -11.818553 -7.828250
v -5.997355 -11.240538 -12.882485
v -4.161721 -5.338269 -11.016836
v -6.689920 -5.994834 -10.211544
v -5.856948 -7.622830 -10.154719
v -5.619598 -9.151375 -12.504642
v -5.291055 -8.763826 -11.639094
v -5.338424 -9.856594 -12.652530
v -5.503229 -3.770392 -9.604696
v -7.000363 -5.350113 -10.167834
v -8.313655 -2.362263 -6.610564
v -6.777049 -5.494598 -9.778724
v -5.570659 -5.645594 -9.760932
v -8.368316 -6.255817 -4.337197
v -5.398331 -9.083431 -10.940035
v -6.638502 -12.398630 -8.964606
v -4.229294 -10.768604 -0.446073
v -8.036761 3.549576 4.110360
v -3.625947 13.055929 9.866319
v -7.352497 6.799079 9.036985
v -5.341076 1.173032 22.487591
v 8.781157 2.136475 -3.471400
v 2.524075 12.130307 6.405263
v 7.004464 2.047067 4.938709
v 0.156804 6.369772 25.448893
v 5.380240 11.799204 -1.297750
v 9.470191 7.619666 4.347531
v -3.350610 14.424325 17.063734
v -5.821555 10.040742 17.053638
vt -0.238872 2.146436
vt -0.334452 2.299148
vt -0.432138 2.243096
vt 0.054348 2.341430
vt -0.140268 2.168252
vt 0.053430 2.266694
vt 0.000348 0.500840
vt -0.139890 0.743408
vt -0.248106 0.489878
vt 0.373164 0.888290
vt 0.356586 0.593828
vt 0.449412 0.762848
vt 0.467556 0.689246
vt 0.433104 0.604682
vt 0.359232 1.286540
vt 0.275910 1.311164
vt 0.183408 1.175138
vt 0.194154 1.143602
vt 0.111480 1.079936
vt 0.576744 0.642428
vt 0.594402 0.730502
vt 0.549042 0.766952
vt 0.516642 0.690866
vt -0.009426 2.088872
vt -0.043878 2.045888
vt 0.001536 1.966184
vt 0.042090 2.067326
vt 0.025026 1.673180
vt 0.112830 1.735172
vt 0.006018 1.837502
vt 0.210300 1.735388
vt 0.127140 1.694996
vt 0.649752 0.555380
vt -0.057810 1.986326
vt -0.125634 1.970720
vt -0.041502 2.130398
vt -0.141456 1.905812
vt -0.183954 1.950794
vt -0.219486 1.922768
vt -0.117750 1.853162
vt -0.057432 1.847870
vt -0.179958 1.857482
vt -0.292386 1.862288
vt -0.258042 1.890908
vt -0.320844 1.954034
vt -0.410376 1.948202
vt -0.383484 1.892042
vt 0.208572 1.919258
vt 0.149064 1.955384
vt 0.079998 1.877462
vt -0.064020 1.769030
vt -0.426468 1.746998
vt -0.476526 1.883240
vt 0.109698 1.801376
vt -0.201882 1.787714
vt -0.125796 1.688408
vt -0.137568 1.804616
vt -0.213438 1.813742
vt -0.251616 1.740194
vt -0.332616 1.770164
vt -0.112998 1.211966
vt -0.036858 1.453940
vt -0.166728 1.505834
vt 0.670110 0.977822
vt 0.800574 0.929060
vt 0.739662 1.097972
vt 0.534462 1.603898
vt 0.420792 1.611728
vt 0.562596 1.481480
vt -0.861654 2.013272
vt -1.006428 2.113064
vt -0.995520 2.020238
vt -0.494886 2.131640
vt -0.591168 1.925090
vt -0.810354 1.846790
vt -0.712668 1.913480
vt -1.054920 1.924118
vt 1.271022 -0.939934
vt 1.150332 -0.931456
vt 1.314438 -1.194544
vt 1.239216 0.208214
vt 1.235922 -0.000928
vt 1.291596 0.235322
vt -1.393446 0.848546
vt -1.904664 1.078262
vt -1.592058 0.907460
vt 1.467852 0.295424
vt 1.522122 0.271664
vt 1.509648 0.394784
vt 0.181626 0.100268
vt 0.113802 0.119114
vt 0.226392 -0.102016
vt 0.397896 0.171440
vt 0.213756 0.252440
vt 0.466152 -0.079930
vt 0.396654 -0.098020
vt 0.442824 -0.183880
vt 0.407670 0.546740
vt 0.679398 0.380096
vt 0.456432 0.413468
vt 0.462642 0.296990
vt 0.532248 0.269990
vt 0.712770 0.425078
vt 0.654342 0.481724
vt 0.583656 0.494630
vt 0.614922 0.203462
vt 0.612654 0.145952
vt 0.693924 0.147626
vt 0.718386 0.107288
vt 0.824388 0.355796
vt 0.763584 0.306602
vt 0.542940 -0.284968
vt 0.734748 -0.353386
vt 0.557844 -0.166546
vt 0.903228 0.387818
vt 0.901176 0.598310
vt 0.813372 0.484370
vt 0.403566 -0.364186
vt 0.565566 -0.541468
vt -0.391368 -0.316504
vt -0.474744 -0.442162
vt -0.314634 -0.431578
vt -0.305346 0.016622
vt -0.527502 0.024830
vt -0.497856 -0.142138
vt -0.570864 -0.133444
vt -0.611688 -0.076852
vt -0.274242 0.610676
vt -0.441318 0.496736
vt -0.291414 0.152486
vt -0.207336 0.435770
vt -0.410754 0.229490
vt -0.551208 -0.398908
vt -0.678972 -0.313480
vt -0.597918 -0.417808
vt -0.634260 -0.466300
vt -0.559848 -0.496162
vt -0.698682 -0.676900
vt -0.639714 0.397646
vt -0.517728 0.570338
vt -0.704730 0.647504
vt -0.751332 0.262592
vt -0.792804 0.042920
vt -0.729516 -0.301816
vt -0.816942 0.921824
vt -0.890274 0.923822
vt -0.820020 0.718244
vt -0.505956 -0.667450
vt -0.441480 -0.844138
vt -0.885252 1.100078
vt -1.109298 1.254302
vt -1.180038 0.751616
vt -0.411456 -0.963964
vt -0.640686 -1.045288
vt -0.563574 -1.155718
vt -0.350652 -1.098316
vt -0.324840 -1.033192
vt 1.091904 0.575144
vt 1.202874 0.371834
vt -1.254936 -0.102610
vt -1.123662 -0.174160
vt -1.102818 0.070514
vt 1.050378 0.861236
vt 1.443768 0.637082
vt 1.420278 0.861452
vt -2.067204 -0.253378
vt -1.989876 -0.259480
vt -2.107434 -0.047098
vt -0.161220 -0.434602
vt -0.106356 -0.345286
vt -0.146478 -0.276436
vt 0.028374 -0.550162
vt 0.070710 -0.484822
vt 0.031884 -0.447454
vt -0.178176 -0.642988
vt -0.121044 -0.592930
vt -0.196104 -0.520138
vt -0.123366 -0.822700
vt -0.102522 -0.675388
vt -1.452846 -0.198136
vt -1.345440 -0.035110
vt -1.634610 -0.218980
vt 0.081510 2.205890
vt 0.151278 2.243960
vt -1.118640 2.511854
vt -0.936714 2.413952
vt -1.073766 2.539880
vt 0.131298 2.400560
vt 0.049596 2.566178
vt 0.144852 2.276522
vt 0.170988 2.378852
vt -0.259338 2.560130
vt -0.157440 2.498408
vt 0.031452 2.785310
vt 0.002022 2.667482
vt 0.194424 2.790656
vt 0.246264 2.659760
vt 0.316086 2.806802
vt 0.461292 2.716892
vt 0.207978 2.197412
vt 0.199446 2.113334
vt 0.749220 1.485584
vt 0.723138 1.632356
vt 0.534732 1.696832
vt 0.291840 2.030714
vt 0.517560 2.239856
vt 0.664278 1.879622
vt 0.504600 1.854998
vt 0.682476 1.794356
vt 0.270618 2.369996
vt 0.232116 2.333924
vt 0.585870 2.442518
vt 1.039902 2.173220
vt 0.903228 2.305412
vt 0.995190 2.051720
vt 0.702294 2.658086
vt 0.552930 2.586266
vt 0.592458 2.559644
vt 0.921264 2.851622
vt 0.809322 2.860046
vt 0.806838 2.645828
vt 2.340492 -1.292770
vt 2.126328 -1.441702
vt 2.473818 -1.769320
vt 0.784104 2.473406
vt 0.945618 2.370482
vt 1.053186 2.483504
vt 0.925638 2.638430
vt 2.574744 -1.705816
vt 2.465340 -1.839574
vt 2.635062 -1.771966
vt 1.088556 2.709602
vt 1.009770 2.564666
vt 2.580738 -1.599004
vt 1.184892 2.671100
vt 1.231062 2.550248
vt 3.033366 -1.831204
vt 2.966406 -1.899028
vt 3.051726 -1.905454
vt -1.020360 2.315618
vt -1.106274 2.301038
vt 1.654098 -1.209124
vt 1.490208 -1.284022
vt 1.903632 -1.352764
vt 1.920426 -1.611046
vt 2.032260 -1.703170
vt 1.929228 -0.822970
vt 2.095332 -0.989506
vt 2.814126 -1.482094
vt 1.722354 0.161774
vt 1.647510 0.194120
vt 1.703886 0.092924
vt 1.590864 -0.177994
vt 1.531032 -0.205426
vt 1.673214 -0.246952
vt 1.724622 0.302174
vt 1.765230 0.160856
vt 1.772466 0.235322
vt 1.680666 -0.474238
vt 1.820742 0.200654
vt 1.967946 -0.155692
vt 1.853412 0.228086
vt 1.836078 0.044000
vt 1.904874 -0.137872
vt 2.099436 -0.343072
vt 1.988412 -0.453880
vt 2.135778 -0.872920
vt 2.078754 -0.035002
vt 2.254578 -0.743644
vt 0.866940 1.400156
vt 0.733182 1.420784
vt 0.961602 1.239452
vt 0.887406 1.220930
vt 1.031154 1.340540
vt 0.812886 1.554002
vt 0.945186 -0.418078
vt 1.035960 -0.356842
vt 0.774546 -0.291124
vt 0.927852 -0.530992
vt 0.730482 -0.451990
vt 1.102920 -0.482176
vt 1.159890 -0.314344
vt 0.865482 -0.679114
vt 1.275828 2.056688
vt 1.110426 2.017376
vt 1.153950 1.473488
vt 2.338224 1.322666
vt 2.307552 1.072160
vt 2.503032 0.922580
vt 2.601150 1.524950
vt 2.709690 1.430018
vt 2.751216 1.560104
vt 1.005396 -0.790732
vt 1.035204 -0.626896
vt 0.981150 -0.554428
vt 0.819960 -0.889498
vt 0.847878 -1.006354
vt 0.893832 -0.914392
vt 0.726918 -1.325980
vt 0.805866 -1.195786
vt 0.687498 -1.239688
vt 2.524524 1.598066
vt 2.493744 1.498652
vt 2.567778 1.556972
vt 2.581818 1.655900
vt 2.491422 2.017916
vt 2.550228 1.758554
vt 2.758506 1.949984
vt 2.514534 2.097944
vt 2.685714 2.137634
vt 2.626098 2.256164
vt 1.805514 1.832156
vt 1.735044 1.894040
vt 1.806000 1.691918
vt 2.274504 2.104478
vt 2.298912 2.046050
vt 2.408694 2.106692
vt 2.484942 1.800134
vt 2.349402 1.910888
vt 2.409666 1.768274
vt 0.492234 -1.069102
vt 0.437208 -0.898300
vt 0.425166 -0.956458
vt 0.654558 -1.198918
vt 0.710664 -1.117432
vt 2.427432 2.035412
vt 2.419170 1.982978
vt 1.844934 1.938968
vt 1.943106 1.902680
vt 1.895370 1.761308
vt -1.145532 -0.757792
vt -1.040718 -0.690778
vt -1.127334 -0.579916
vt -0.926508 -0.801262
vt -0.970680 -0.653788
vt -0.147450 -1.346932
vt -0.027894 -1.584208
vt 0.159810 -1.366426
vt -0.877314 -0.972550
vt -0.770124 -0.960238
vt 0.145338 -1.721206
vt 0.180168 -1.599328
vt -0.778710 -1.048474
vt -0.695820 -0.914608
vt 2.530194 2.839526
vt 2.405346 2.844872
vt 2.482674 2.757824
vt 2.428242 2.715542
vt 2.620374 2.793788
vt 0.604932 -1.417510
vt 3.069384 -1.278028
vt 2.847552 -1.263664
vt 3.078294 -1.372312
vt 3.024402 -1.203940
vt 2.935572 -1.204804
vt 2.736852 -0.508960
vt 2.766228 -0.921196
vt 2.862726 -0.733708
vt 2.991300 -0.490870
vt 2.903388 -0.369316
vt 2.966514 -0.330166
vt 3.107292 -0.505072
vt -1.123446 -1.506502
vt -0.987906 -1.564768
vt -0.963606 -1.448182
vt -1.036020 -1.432630
vt 2.262354 2.740436
vt -1.126308 -1.094374
vt -1.106166 -1.197406
vt -1.014366 -1.199026
vt 1.730508 2.263292
vt 1.804164 2.202056
vt 1.827600 2.255840
vt 1.914756 2.472164
vt 1.861566 2.387438
vt 2.006232 2.211236
vt -0.940818 -1.680274
vt -0.868890 -1.687888
vt -0.915870 -1.546192
vt 2.122116 2.132774
vt 2.037066 2.529944
vt 2.077296 2.602466
vt 2.235948 2.401856
vt 2.251608 2.619044
vt -1.273998 -0.629380
vt -1.454736 -0.912340
vt -1.862544 -1.105768
vt -1.915518 -1.120078
vt -1.744716 -1.238554
vt -1.725708 -0.951868
vt -1.686018 -1.169866
vt -1.941168 -0.438112
vt -1.951806 -0.343018
vt -1.995762 -0.402148
vt -1.841700 -0.461170
vt -2.019090 -0.540172
vt -2.049384 -0.586396
vt -2.104896 -0.407008
vt -2.134542 -0.540658
vt -1.933122 -0.548812
vt -1.942680 -0.670852
vt 1.851630 0.384146
vt 1.877496 0.288836
vt 1.900284 0.310328
vt 2.015304 0.948824
vt 1.877118 0.906866
vt 2.116392 0.855296
vt 2.147766 0.943424
vt 1.952988 1.026638
vt -2.086968 -0.739378
vt -1.990794 -0.751690
vt -1.894836 -0.581482
vt -1.840188 -0.634564
vt -1.879662 -0.737110
vt 1.937814 0.679148
vt 2.118876 0.436364
vt 2.107266 0.596258
vt 2.253390 0.760418
vt 2.072220 0.730664
vt -1.993710 -0.897004
vt -1.932474 -0.884206
vt 2.322132 0.810314
vt 2.426730 0.590318
vt 2.257386 0.530918
vt 2.257548 0.097406
vt -0.136758 -1.226728
vt -0.026490 -1.211932
vt -0.186384 -1.159552
vt -0.272298 -1.194868
vt -0.226236 -1.271764
vt 0.326130 -1.099234
vt 0.605850 -1.218088
vt 0.588894 -1.138276
vt 0.611088 -1.299358
vt 0.532140 -1.296226
vt -1.825176 -0.296308
vt -1.742772 -0.412516
vt -1.703460 -0.319204
vt -1.478712 -0.554698
vt -1.365690 -0.472456
vt -1.445664 -0.465220
vt -1.559172 -0.672472
vt -1.439238 -0.666532
vt -1.473150 -0.606268
vt -1.682562 -0.598438
vt -1.772796 -0.759520
vt -1.615170 -0.633754
vt -1.646382 -0.714862
vt -1.463538 -0.727120
vt -1.427142 -0.790840
vt -1.524882 -0.773506
vt -1.584012 -0.807634
vt -1.682292 -0.786952
vt -1.846506 -0.848080
vt -0.641820 -1.428634
vt -0.691230 -1.561258
vt -0.583014 -1.495216
vt 2.158728 2.686814
vt -0.814350 -1.469566
vt -0.641280 -1.649170
vt -0.787404 -1.749934
vt 1.890348 2.627684
vt -0.900480 -1.813438
vt -0.741828 -1.880938
vt -1.834464 -0.536554
vt -1.620462 -0.883828
vt -1.443612 -1.022554
vt -1.715988 -0.868060
vt -1.895592 -0.950194
vt -1.579908 -0.742942
vt -1.431570 -0.577972
vt -1.356564 -0.585154
vt -1.717878 -0.497188
vt -1.560468 -0.596278
vt -1.608636 -0.534502
vt -1.553988 -0.506422
vt -1.226802 -0.508690
vt -1.572888 -0.431956
vt -1.651512 -0.401932
vt -1.510194 -0.364024
vt -1.297326 -0.422344
vt -1.430922 -0.352198
vt -1.299702 -0.299278
vt 0.410424 -1.357840
vt 0.521016 -1.205506
vt 0.500280 -1.527346
vt 0.370248 -1.180612
vt 0.417282 -1.151668
vt 0.396978 -1.106956
vt 0.236706 -1.242712
vt 0.299940 -1.304272
vt 0.310632 -1.381114
vt 0.231954 -1.143136
vt 0.218346 -1.324252
vt -0.410268 -1.430632
vt -0.258906 -1.515682
vt 0.156894 -1.172890
vt 0.006234 -0.790138
vt 0.079890 -0.759952
vt 0.106836 -0.652546
vt -0.222780 -0.981352
vt 2.321430 0.400238
vt 2.359284 0.487880
vt 2.248152 0.671426
vt 2.311008 0.597608
vt 2.471172 0.533942
vt 2.165532 0.641834
vt 2.099058 0.217394
vt 1.910058 0.362978
vt 2.016006 0.313136
vt 2.024214 0.163070
vt 1.767498 0.342674
vt 1.715064 0.431666
vt 1.689576 0.649178
vt 1.815828 0.686546
vt 1.808160 1.036466
vt 1.670568 0.957302
vt -2.162244 -0.279298
vt 1.666680 0.482642
vt 1.624830 0.379394
vt 1.639086 0.661544
vt -1.407540 -1.212040
vt -1.336530 -1.285588
vt -1.052004 -1.283212
vt -1.244622 -1.409734
vt -1.420554 -1.352008
vt 2.862996 0.067436
vt 2.853330 -0.058330
vt 3.005610 -0.071830
vt 2.519124 0.180728
vt 2.641272 -0.152290
vt 2.374188 0.106694
vt 2.255334 -0.279352
vt 2.700024 0.386576
vt 2.447250 0.459152
vt 2.690142 0.210266
vt -1.220754 -0.347338
vt 2.358852 2.569418
vt 2.423814 2.241638
vt 2.327802 2.451374
vt -0.961014 -1.263880
vt -0.869322 -1.410058
vt -0.799932 -1.316368
vt 1.693410 2.526110
vt 2.608494 2.483828
vt -0.879852 -1.125532
vt -0.856416 -1.175536
vt 3.143418 -0.336484
vt 3.153678 -0.454798
vt 2.083722 2.077748
vt 1.995540 2.017430
vt 3.165774 -0.610264
vt -0.808572 -1.914742
vt 1.622724 2.491118
vt 1.638654 2.329334
vt 3.121116 -0.724420
vt 2.990112 -0.850942
vt 1.614408 2.677580
vt 1.537242 2.675420
vt 2.585166 -0.532774
vt 2.980392 -0.994906
vt 2.896530 -1.046422
vt 1.676022 2.099510
vt 2.521770 -0.731656
vt 2.955228 -1.414972
vt 2.606766 2.649176
vt -0.988014 -0.996688
vt 0.321270 -1.637506
vt -0.851772 -0.772372
vt -0.927318 -0.688456
vt -0.981156 -0.530074
vt -1.010856 -0.594118
vt -0.459732 -1.269820
vt -1.031808 -0.416620
vt -1.092720 -0.421750
vt 2.225634 2.011922
vt 2.232762 2.086118
vt 2.089230 1.968344
vt 1.984146 1.848086
vt 1.832622 1.747430
vt 1.932576 1.664054
vt 1.816584 1.592612
vt 0.773088 -1.129690
vt 0.558600 -0.973414
vt 0.507732 -1.004734
vt 0.772656 -0.616744
vt 0.511296 -0.806554
vt 0.373164 -0.583696
vt 2.280714 1.780316
vt 2.136372 1.762874
vt 2.250312 1.653254
vt 2.978340 -1.451800
vt 2.177844 1.416680
vt 1.730832 1.784960
vt 1.682826 1.663676
vt 1.855248 1.515392
vt 1.944078 1.360034
vt 2.494230 1.669724
vt 2.536998 1.689056
vt 2.315652 1.733012
vt 2.224716 2.183318
vt 1.932900 2.009060
vt 2.918994 -1.583182
vt 2.967594 -1.598086
vt 2.725512 2.093192
vt 2.395572 1.507508
vt 2.017032 1.320884
vt 2.743980 1.671560
vt 2.793498 1.859318
vt 2.408316 1.422188
vt 2.567886 1.377044
vt 0.866994 -0.871840
vt 1.075974 -0.700336
vt 2.734746 1.345616
vt 2.648184 1.366244
vt 2.704128 0.968372
vt 2.679774 1.199492
vt 1.068414 -0.029440
vt 0.880980 1.759688
vt 0.852090 -0.033652
vt 2.751486 0.693944
vt 0.621402 -0.176806
vt 0.714336 -0.125398
vt 0.781350 0.107828
vt 1.909356 0.230354
vt 1.689954 0.292832
vt 1.604364 0.334196
vt 1.664790 0.271394
vt 1.622778 0.199736
vt 2.153760 0.063872
vt 1.974534 0.091250
vt 1.828896 -0.056332
vt 1.753188 -0.124264
vt 1.693140 -0.030736
vt 1.692330 -0.138520
vt 1.594374 -0.104068
vt 1.630770 -0.031168
vt 1.645566 0.036278
vt 1.581900 0.044810
vt 1.529898 -0.029710
vt 1.482108 -0.066700
vt 1.461426 -0.451828
vt 1.425084 -0.162604
vt 1.612248 0.165662
vt 1.589352 0.134234
vt 2.477382 -0.928540
vt 2.274720 -1.132498
vt 2.160834 -1.265932
vt 1.715820 -0.901162
vt 1.414284 -0.689968
vt 1.479030 -0.986536
vt 1.542642 -1.628758
vt 1.829490 -1.683352
vt 1.374594 -1.455094
vt 1.294404 -1.482580
vt 1.795632 1.400858
vt 1.875444 1.419434
vt 1.870962 1.307654
vt 1.932036 1.244960
vt 2.914512 -1.816894
vt 2.767578 -1.803340
vt 2.871582 -1.848322
vt 1.293864 2.439494
vt 1.159188 2.374424
vt 1.161780 2.258054
vt 1.035474 2.277872
vt 0.688632 2.423618
vt 1.277340 2.147786
vt 1.296132 2.253248
vt 1.200714 2.203838
vt 1.117554 2.822300
vt 2.361390 -1.875592
vt 0.569616 2.512664
vt 0.444498 2.528378
vt 0.427704 2.588210
vt 0.422628 2.473352
vt 2.115366 -1.933696
vt 2.317056 -1.937260
vt 0.739392 2.819330
vt 0.512862 2.824838
vt 2.052240 -1.891576
vt 1.968918 -1.938286
vt 0.644136 2.087414
vt 0.722058 1.961594
vt 0.442554 1.916018
vt 0.458376 1.848680
vt 0.472092 1.628900
vt 0.433050 1.748996
vt 1.800276 -1.755766
vt 0.259062 2.456072
vt 0.160080 2.507264
vt 0.254634 2.504456
vt 1.403754 -1.703602
vt 1.396410 -1.765972
vt -1.293330 -0.213364
vt -1.849908 -0.237070
vt -0.042960 -0.624952
vt -0.379110 -0.898462
vt -0.244542 -0.833176
vt -0.266304 -0.694828
vt 0.303990 -0.421966
vt -0.347304 -0.726958
vt -0.413562 -0.534772
vt -0.088212 -0.554428
vt -0.096474 -0.384760
vt 0.015414 -0.489736
vt 0.001752 -0.375202
vt 0.093120 -0.330706
vt 0.057480 -0.283888
vt -0.015312 -0.225892
vt 0.017250 -0.305380
vt -0.317496 -0.326494
vt -0.186870 -0.331246
vt 1.598748 0.788444
vt 1.563162 0.596150
vt 1.515156 0.540854
vt 1.399164 0.520982
vt 1.323132 0.493712
vt 1.390470 0.367838
vt -1.368984 0.190178
vt -1.532334 0.477674
vt -1.869996 0.346724
vt -2.050032 0.744488
vt -0.676596 -0.795268
vt -1.051734 -0.009460
vt -1.033320 0.091952
vt -0.782814 1.074050
vt -0.813162 1.250252
vt -0.870942 0.397754
vt -0.944220 0.656954
vt -0.837516 0.434150
vt -0.776388 0.443276
vt -0.576804 0.278846
vt -0.744636 -0.255322
vt -0.127254 0.240074
vt -0.487380 0.274202
vt -0.094638 -0.072424
vt -0.003756 0.051830
vt -0.169050 -0.001090
vt -0.219432 -0.026308
vt 0.192372 -0.290476
vt 0.258036 -0.305110
vt 0.300102 -0.342208
vt 0.295296 -0.221410
vt 1.007610 0.683414
vt 0.854574 0.830888
vt 0.670272 -0.041482
vt 0.793446 0.586754
vt 0.700080 0.708362
vt 0.527442 -0.026038
vt 0.529224 0.112364
vt 0.257766 0.404666
vt 0.367332 -0.184258
vt 0.080376 0.303416
vt 0.259818 -0.112546
vt 0.168126 -0.168220
vt 1.435668 0.086822
vt 1.481352 0.191636
vt 1.422438 0.279494
vt 1.333014 0.153674
vt 1.304016 0.069812
vt -1.218324 1.948904
vt -1.427628 1.808990
vt -1.383348 1.430288
vt -0.836598 2.130074
vt -1.069176 2.166902
vt -1.065558 2.063924
vt -0.944706 1.594394
vt -0.823098 1.450268
vt -0.781194 1.638458
vt -0.620922 0.883592
vt -0.508116 0.983384
vt -0.516270 1.077398
vt -0.832980 1.689866
vt -2.013906 0.985706
vt -0.517296 0.826136
vt -0.397038 1.172600
vt -0.447420 0.939050
vt -0.291522 1.130480
vt -0.384888 0.809666
vt -0.447366 0.561428
vt 1.120038 -1.174726
vt 1.141908 -1.226566
vt 0.367926 1.678904
vt 0.344976 1.832858
vt 0.315816 1.735388
vt 0.800952 0.817550
vt 0.031884 2.112956
vt 0.063042 2.079206
vt 0.124548 2.159072
vt 0.712284 0.833750
vt 0.582144 1.002554
vt 0.129354 2.096270
vt 0.068604 2.062574
vt 0.641490 0.800972
vt 0.544506 1.031768
vt 0.146310 1.371158
vt 0.106944 1.255868
vt 0.076002 1.432016
vt -0.047064 1.662596
vt -0.320412 1.325366
vt -0.185304 1.255922
vt 0.033396 1.214990
vt -0.320142 1.388330
vt -0.444450 1.466360
vt -0.157278 1.971098
vt -0.201018 2.053502
vt 0.064014 2.041946
vt 0.652452 1.111310
vt 0.565998 1.171304
vt 0.446442 1.191230
vt 0.410694 1.137878
vt -0.020442 1.781666
vt 0.080160 1.925738
vt 0.038148 1.892798
vt 0.081618 1.972988
vt 0.518208 0.924632
vt 0.390174 1.084148
vt 0.094956 0.746864
vt 0.357558 1.120814
vt 0.388716 1.231730
vt -0.198804 1.047320
vt -0.007050 1.899440
vt -0.133302 2.078774
vt 0.748842 1.209266
vt 0.643704 1.223306
vt 0.789720 1.065248
vt 0.804786 1.159640
vt -0.440292 1.322990
vt 1.050378 -1.303246
vt 1.103298 -1.325170
vt 0.847770 0.201518
vt -0.955614 0.755774
vt -1.017228 -0.198298
vt -1.011936 -0.298738
vt -1.162866 -0.280918
vt -1.224102 0.384254
vt 1.481514 0.489068
vt -1.027434 2.575142
vt 1.032990 1.141280
vt 2.011362 1.189340
vt 3.034176 -1.506286
vt 1.659174 1.910834
vt 1.622076 2.013380
vt 1.795200 2.071754
vt -0.117966 -1.478368
vt -0.725088 -1.033408
vt -0.716556 -1.157500
vt 2.922126 -0.579538
vt -1.946514 -1.073260
vt 1.870260 0.765818
vt -0.210306 -1.559962
vt 0.539646 -1.351144
vt -0.767154 -1.360594
vt -0.693768 -1.321714
vt -1.598052 -0.323362
vt 3.151680 -0.178912
vt 2.646294 2.379176
vt 2.640030 2.909996
vt 0.077244 -1.856260
vt -0.156144 -1.692208
vt 1.134726 -0.568306
vt -1.216488 2.555648
vt 1.736772 1.440548
vt 1.372704 2.374694
vt 1.875822 -1.933102
vt 1.749192 -1.875376
vt -1.681860 -0.037270
vt -1.778088 0.096272
vt -1.095474 2.015378
vt 1.189644 -1.386892
vt -0.856416 2.264264
vt 0.479490 1.516742
vt -0.013260 1.612862
vt -0.356916 2.389868
vn -0.9451 -0.2488 0.2117
vn -0.3251 -0.8911 0.3168
vn -0.7409 -0.5890 0.3227
vn -0.0262 -0.9994 -0.0234
vn -0.6681 -0.7417 0.0599
vn -0.0868 -0.9930 -0.0801
vn -0.9445 -0.1088 -0.3099
vn -0.9488 -0.1241 -0.2905
vn -0.9863 -0.1390 -0.0886
vn -0.4321 0.2991 -0.8508
vn -0.5600 -0.0052 -0.8285
vn -0.2086 0.0429 -0.9771
vn -0.9709 -0.1745 -0.1642
vn -0.4260 -0.1218 -0.8965
vn -0.9664 -0.2381 -0.0971
vn -0.7491 -0.4062 -0.5234
vn -0.7007 0.0024 -0.7134
vn -0.7372 0.1198 -0.6650
vn -0.9402 -0.1793 -0.2896
vn -0.5836 0.0681 -0.8092
vn -0.8226 -0.0450 -0.5668
vn -0.7095 -0.1700 -0.6839
vn -0.4102 -0.0879 -0.9077
vn -0.9975 0.0061 -0.0706
vn -0.9566 0.2830 0.0698
vn -0.9588 0.2666 -0.0982
vn -0.9851 0.0861 -0.1487
vn -0.7683 -0.5872 0.2547
vn -0.6729 0.4600 -0.5793
vn -0.8770 -0.3435 0.3359
vn -0.1483 0.6180 -0.7721
vn -0.3421 0.7356 -0.5847
vn -0.3896 -0.1888 -0.9014
vn -0.9095 0.3445 -0.2326
vn -0.8927 0.4203 0.1623
vn -0.7664 -0.6401 -0.0533
vn -0.8547 0.4270 0.2953
vn -0.8763 0.4556 0.1567
vn -0.8983 0.4121 0.1527
vn -0.9329 -0.0589 -0.3552
vn -0.9368 -0.2524 0.2421
vn -0.9570 -0.1997 -0.2103
vn -0.9813 -0.0027 -0.1923
vn -0.9935 0.0189 -0.1123
vn -0.9626 0.2220 -0.1555
vn -0.9942 0.0616 0.0881
vn -0.9150 0.2755 0.2948
vn -0.1449 0.2071 -0.9675
vn -0.2875 0.1629 -0.9438
vn -0.9629 0.0049 -0.2697
vn -0.9257 -0.3767 0.0352
vn -0.7809 -0.6114 -0.1281
vn -0.8715 -0.3189 -0.3725
vn -0.7559 0.3180 -0.5723
vn -0.9317 -0.3312 0.1491
vn -0.6778 -0.7345 0.0325
vn -0.9912 -0.1015 -0.0844
vn -0.6816 -0.6250 0.3805
vn -0.8228 -0.5679 0.0229
vn -0.4859 -0.8682 0.1009
vn -0.5292 0.2473 -0.8117
vn -0.5963 0.0756 -0.7992
vn -0.1634 -0.1442 -0.9760
vn -0.9277 -0.3633 0.0860
vn -0.5267 0.0050 -0.8500
vn -0.3574 0.0209 -0.9337
vn -0.9895 -0.0417 -0.1384
vn -0.7214 -0.4023 0.5636
vn -0.8804 -0.2300 0.4148
vn -0.9804 -0.0315 0.1943
vn -0.9068 -0.4184 -0.0502
vn -0.7968 -0.6010 -0.0618
vn -0.8918 -0.4477 0.0654
vn 0.0272 -0.8809 0.4726
vn -0.6852 -0.6979 0.2086
vn -0.1290 -0.9226 0.3636
vn -0.9274 -0.1973 0.3180
vn -0.5853 -0.6797 0.4421
vn -0.7578 -0.3816 0.5292
vn -0.9960 -0.0889 -0.0053
vn -0.9273 -0.3536 0.1231
vn -0.9862 -0.0947 -0.1358
vn -0.1611 -0.7667 0.6215
vn 0.1877 -0.7376 0.6486
vn 0.0401 -0.6609 0.7494
vn -0.8487 -0.3272 -0.4155
vn -0.8278 -0.3252 -0.4572
vn -0.7286 -0.2618 -0.6329
vn -0.9329 -0.2859 -0.2187
vn -0.9664 -0.1645 -0.1973
vn -0.7122 -0.0732 -0.6982
vn -0.9512 -0.0402 -0.3060
vn -0.6014 0.5207 -0.6060
vn -0.4731 -0.2285 -0.8509
vn -0.1109 -0.6631 -0.7403
vn -0.4921 -0.5485 -0.6761
vn -0.6708 -0.6248 -0.3997
vn -0.3382 -0.8599 -0.3824
vn -0.4695 -0.3270 -0.8202
vn -0.4611 0.3472 -0.8166
vn -0.5188 -0.2943 -0.8027
vn -0.4732 -0.3513 -0.8079
vn -0.1867 -0.1756 -0.9666
vn -0.3074 -0.4790 -0.8222
vn -0.8545 -0.2536 -0.4532
vn -0.6506 -0.4204 -0.6325
vn -0.4873 -0.7641 -0.4227
vn -0.0832 0.7137 -0.6955
vn 0.0648 0.5383 -0.8403
vn -0.1079 0.1320 -0.9854
vn -0.7408 -0.4471 -0.5013
vn -0.2965 -0.1642 -0.9408
vn -0.7073 -0.3363 -0.6218
vn -0.2637 0.9059 -0.3312
vn 0.0481 0.9377 -0.3442
vn -0.9706 -0.0761 0.2285
vn -0.8510 0.0366 0.5238
vn -0.9080 0.3965 0.1356
vn -0.9521 -0.1242 -0.2793
vn -0.7827 -0.4742 0.4031
vn -0.9158 -0.2657 0.3011
vn -0.4832 -0.2940 0.8247
vn -0.0124 -0.4214 0.9068
vn -0.9670 -0.0280 -0.2531
vn -0.9719 -0.0165 0.2349
vn -0.9742 -0.2081 -0.0872
vn -0.9623 -0.2663 -0.0557
vn -0.9703 -0.2389 -0.0376
vn -0.2159 -0.5403 0.8133
vn -0.2084 -0.5899 0.7801
vn -0.6952 -0.6591 0.2868
vn -0.6198 -0.7238 0.3031
vn -0.7979 -0.2885 0.5292
vn -0.6327 0.0860 0.7696
vn 0.3047 -0.3411 0.8892
vn -0.2450 -0.4188 0.8744
vn -0.5729 -0.3872 0.7224
vn -0.6617 -0.4492 0.6003
vn -0.6189 -0.3448 0.7057
vn -0.7186 -0.6378 0.2773
vn -0.9779 -0.2017 -0.0552
vn -0.6044 0.3900 0.6947
vn -0.2206 0.4806 0.8487
vn -0.9909 -0.1268 -0.0443
vn -0.9914 -0.1228 0.0459
vn -0.9700 -0.1953 0.1448
vn 0.0202 0.3037 0.9525
vn -0.0941 0.9326 0.3484
vn -0.2114 0.8134 0.5420
vn 0.0260 0.4443 0.8955
vn 0.0601 0.8367 0.5443
vn -0.9873 0.1086 0.1164
vn -0.9997 -0.0130 -0.0226
vn -0.5478 0.8333 -0.0746
vn -0.2036 0.8761 -0.4371
vn -0.8553 0.4608 0.2370
vn -0.9182 0.1366 0.3719
vn -0.8273 0.0903 0.5545
vn -0.8311 0.2480 0.4977
vn -0.3338 0.4660 0.8194
vn -0.4047 0.4647 0.7876
vn -0.9250 0.3307 -0.1874
vn -0.9578 0.0464 0.2836
vn -0.9629 -0.2261 0.1475
vn -0.3611 0.8681 -0.3406
vn -0.4389 0.8568 -0.2708
vn -0.7598 0.5231 0.3860
vn -0.4273 0.8409 0.3321
vn -0.6203 0.7803 0.0799
vn -0.8518 0.5112 -0.1145
vn 0.0543 0.9535 0.2965
vn -0.1059 0.9713 0.2130
vn -0.3810 0.9233 -0.0485
vn -0.8946 0.3914 0.2154
vn -0.7888 0.5566 0.2609
vn -0.0971 -0.8592 -0.5024
vn -0.2549 -0.6315 -0.7323
vn 0.0935 -0.9956 0.0066
vn -0.0981 -0.9292 0.3563
vn -0.1127 -0.9608 0.2531
vn 0.1270 -0.9915 -0.0283
vn 0.0648 -0.9883 0.1380
vn -0.0806 -0.8245 -0.5601
vn 0.2709 -0.9547 -0.1235
vn -0.0406 -0.9663 0.2543
vn -0.0453 -0.9989 -0.0129
vn 0.1130 -0.9736 -0.1981
vn 0.0562 -0.9447 -0.3230
vn 0.4550 -0.8877 0.0701
vn 0.3420 -0.9395 -0.0188
vn 0.5903 -0.7834 -0.1947
vn 0.8566 -0.4515 0.2499
vn -0.3242 -0.2934 -0.8993
vn -0.0247 0.0932 -0.9953
vn -0.9030 -0.1108 -0.4151
vn -0.6552 -0.0402 -0.7544
vn -0.5462 -0.0123 -0.8376
vn -0.0004 0.1039 -0.9946
vn -0.0016 0.1091 -0.9940
vn -0.2395 -0.0885 -0.9669
vn -0.5390 -0.1861 -0.8215
vn -0.1819 -0.0425 -0.9824
vn 0.1981 -0.7849 -0.5871
vn 0.0299 -0.7983 -0.6015
vn 0.4851 -0.1548 -0.8606
vn -0.0069 -0.1145 -0.9934
vn 0.3103 -0.0064 -0.9506
vn -0.0144 -0.0976 -0.9951
vn 0.9448 -0.1779 0.2751
vn 0.9086 -0.1394 -0.3937
vn 0.9894 -0.1401 -0.0383
vn 0.9540 0.0902 -0.2858
vn 0.9909 -0.0711 -0.1144
vn 0.9801 0.0577 0.1900
vn 0.9945 -0.1047 -0.0012
vn 0.9205 -0.3362 0.1990
vn 0.9730 -0.1660 -0.1604
vn 0.9790 0.0215 -0.2025
vn 0.9024 0.0748 -0.4243
vn 0.9479 -0.3175 -0.0250
vn 0.9021 0.1162 0.4156
vn 0.9066 0.2987 -0.2979
vn 0.9404 -0.2872 -0.1818
vn 0.9365 -0.3507 -0.0016
vn 0.8935 -0.4144 0.1729
vn 0.9882 -0.1534 0.0011
vn 0.9218 -0.3834 -0.0573
vn 0.9315 -0.2846 -0.2265
vn 0.6102 -0.7914 0.0365
vn 0.9885 -0.0849 -0.1253
vn 0.4027 -0.8994 0.1702
vn -0.1855 -0.9049 0.3830
vn -0.1834 -0.9177 0.3523
vn 0.1720 -0.8829 0.4369
vn 0.1876 -0.8791 0.4381
vn 0.4634 -0.7945 0.3925
vn 0.4822 -0.8221 0.3026
vn 0.8335 -0.5453 0.0889
vn 0.3487 -0.8581 0.3770
vn 0.7326 -0.6592 0.1697
vn 0.9826 -0.1729 0.0679
vn 0.3600 -0.4733 0.8040
vn -0.2633 -0.8607 0.4358
vn -0.2187 -0.8822 0.4171
vn 0.1865 -0.7134 0.6755
vn -0.0041 -0.8299 0.5579
vn 0.0162 -0.8543 0.5195
vn 0.4097 -0.6102 0.6782
vn 0.1636 -0.6968 0.6983
vn 0.0880 -0.8786 0.4693
vn 0.0774 -0.8699 0.4872
vn -0.2652 -0.8897 0.3715
vn -0.0686 -0.8768 0.4760
vn -0.1498 -0.8721 0.4658
vn 0.1843 -0.7177 0.6716
vn 0.0065 -0.8598 0.5106
vn 0.5664 -0.7313 0.3800
vn 0.1821 -0.8969 0.4031
vn 0.7455 -0.6598 0.0942
vn 0.2978 -0.8668 0.4000
vn 0.9350 -0.3523 0.0422
vn -0.8616 -0.4677 -0.1972
vn -0.7441 -0.1261 -0.6561
vn -0.7811 -0.5167 -0.3505
vn -0.1982 -0.0441 -0.9792
vn -0.6159 -0.2391 -0.7507
vn 0.3647 0.1772 -0.9141
vn 0.2179 0.0862 -0.9722
vn -0.0491 0.3157 -0.9476
vn 0.6920 0.2450 -0.6790
vn 0.1152 0.7876 -0.6053
vn 0.1992 0.5365 -0.8200
vn 0.0166 0.1654 -0.9861
vn 0.8042 0.3568 -0.4754
vn -0.0666 0.0400 -0.9970
vn -0.0602 0.0076 -0.9982
vn -0.0505 -0.0615 -0.9968
vn 0.1219 0.0432 -0.9916
vn 0.0151 0.0893 -0.9959
vn 0.2092 0.6613 -0.7204
vn 0.4403 0.6994 -0.5630
vn 0.5926 0.3843 -0.7079
vn 0.0643 0.9098 -0.4100
vn 0.6425 0.5245 -0.5586
vn 0.7345 0.1605 -0.6593
vn 0.7132 0.3956 -0.5787
vn 0.2808 0.8851 -0.3710
vn 0.2180 0.8207 -0.5281
vn 0.2993 0.9528 0.0515
vn 0.3904 0.8598 0.3291
vn 0.9548 0.2972 -0.0044
vn 0.3723 0.6214 -0.6894
vn 0.2325 0.7037 -0.6714
vn 0.2973 0.5055 -0.8100
vn 0.3113 0.6346 -0.7074
vn 0.2579 0.9360 0.2398
vn 0.1279 0.7511 -0.6477
vn 0.2337 0.8236 0.5167
vn 0.4097 -0.4223 0.8086
vn 0.6395 -0.5112 0.5742
vn 0.7294 -0.3554 0.5846
vn 0.7170 0.3467 0.6048
vn 0.5792 0.1696 0.7974
vn 0.6561 0.4220 0.6256
vn 0.5024 0.5530 -0.6647
vn 0.9254 0.0511 -0.3755
vn 0.6654 -0.1629 -0.7285
vn 0.4728 0.7421 -0.4752
vn 0.2373 0.6783 -0.6954
vn 0.3274 0.8063 -0.4927
vn 0.9822 0.1847 -0.0350
vn 0.8343 0.4459 -0.3242
vn 0.4821 0.4938 0.7237
vn 0.8289 0.5583 -0.0333
vn 0.5003 -0.7613 0.4125
vn 0.6337 -0.5988 0.4897
vn 0.8333 -0.3267 0.4460
vn 0.4604 0.8521 -0.2489
vn 0.3281 0.8644 -0.3810
vn 0.3335 0.8394 -0.4291
vn 0.3273 0.7193 -0.6128
vn 0.5622 0.7878 0.2514
vn 0.7713 0.4327 0.4667
vn 0.8610 0.1149 0.4955
vn 0.9147 -0.0504 0.4010
vn 0.1567 0.8814 -0.4457
vn -0.0446 0.9552 -0.2926
vn 0.5722 0.3892 0.7219
vn 0.8473 0.4090 0.3388
vn -0.0176 0.9507 -0.3097
vn 0.5318 0.7343 0.4218
vn -0.0390 0.7965 0.6034
vn 0.1410 0.9293 0.3413
vn 0.0790 0.6754 0.7332
vn 0.0901 0.7102 0.6982
vn 0.6764 0.7311 0.0893
vn 0.8985 -0.2745 -0.3426
vn 0.9986 -0.0046 -0.0518
vn 0.9084 0.1894 0.3726
vn 0.8053 -0.3317 -0.4915
vn 0.9089 0.0366 -0.4154
vn 0.9555 0.0861 -0.2821
vn 0.9978 0.0630 -0.0193
vn 0.7661 0.6417 -0.0371
vn 0.6220 0.1315 -0.7719
vn 0.9101 0.3494 -0.2226
vn 0.7160 0.6311 -0.2984
vn 0.8283 -0.5401 -0.1490
vn 0.9787 -0.1166 -0.1691
vn 0.9653 -0.2484 0.0804
vn 0.5629 -0.7880 0.2493
vn 0.4821 -0.7828 0.3935
vn 0.6863 0.5574 0.4671
vn 0.3059 0.8939 -0.3276
vn 0.8685 0.4830 -0.1111
vn 0.5830 0.8093 -0.0723
vn 0.6752 -0.6973 0.2407
vn 0.9032 -0.4126 0.1184
vn 0.6988 -0.6998 0.1484
vn 0.6799 -0.3209 0.6594
vn 0.7952 -0.5149 0.3201
vn 0.9957 0.0913 -0.0154
vn 0.9696 0.1627 0.1828
vn 0.4240 -0.6566 0.6238
vn 0.9770 -0.0606 0.2046
vn 0.9359 -0.3215 0.1439
vn 0.9482 -0.2293 0.2200
vn 0.9877 0.1435 -0.0622
vn 0.8655 0.2901 0.4085
vn 0.3846 0.8940 -0.2298
vn 0.4084 0.8470 -0.3403
vn 0.8631 -0.4814 0.1524
vn 0.9166 -0.0915 0.3892
vn 0.9882 -0.1403 0.0607
vn 0.9512 0.2881 0.1109
vn 0.9438 -0.3155 0.0983
vn -0.0061 0.6079 0.7940
vn 0.0202 0.4061 0.9136
vn 0.0938 0.3504 0.9319
vn 0.1005 0.7569 0.6457
vn -0.1325 0.4199 0.8978
vn -0.0749 0.1842 0.9800
vn 0.0697 0.5913 0.8035
vn 0.1437 0.5346 0.8328
vn -0.1682 0.5532 0.8159
vn -0.0075 0.6029 0.7978
vn 0.0485 -0.6247 0.7794
vn 0.3869 -0.5430 0.7453
vn 0.1796 -0.6407 0.7465
vn -0.0914 0.9116 0.4007
vn 0.0137 0.7710 0.6367
vn -0.0279 0.7927 0.6090
vn -0.0634 0.4579 0.8867
vn -0.0659 0.3036 0.9505
vn 0.0138 0.8593 0.5113
vn -0.0163 0.7696 0.6383
vn -0.0410 0.6707 0.7406
vn 0.0364 -0.2570 0.9657
vn 0.4196 -0.4642 0.7800
vn 0.2860 -0.3592 0.8884
vn 0.5157 0.5704 0.6393
vn 0.0590 0.4781 0.8763
vn 0.4601 -0.1091 0.8811
vn 0.4543 0.1262 0.8818
vn 0.8387 -0.3327 0.4311
vn 0.8968 0.2030 0.3931
vn 0.9044 -0.3263 0.2749
vn 0.4151 0.8953 0.1618
vn 0.4354 0.8802 0.1890
vn 0.1479 0.9780 0.1471
vn 0.0862 0.7303 0.6777
vn 0.4898 0.5135 0.7046
vn 0.4778 0.8735 -0.0931
vn 0.9657 0.2579 -0.0303
vn 0.7063 0.7061 0.0503
vn 0.9998 0.0154 0.0142
vn 0.9880 -0.0747 0.1350
vn -0.2266 0.6620 0.7144
vn 0.2867 0.6534 0.7006
vn -0.3460 0.7608 0.5491
vn 0.1221 0.9634 -0.2386
vn -0.0419 0.9989 0.0209
vn 0.1958 0.9708 0.1387
vn 0.0467 0.8408 -0.5394
vn 0.1369 0.9585 -0.2499
vn -0.1149 0.9481 -0.2965
vn -0.4318 0.8056 0.4056
vn 0.2127 0.7779 0.5913
vn -0.3482 0.9331 -0.0894
vn 0.2941 0.9268 0.2336
vn 0.1331 0.8743 -0.4667
vn 0.1532 0.9058 -0.3950
vn 0.1502 0.8120 -0.5641
vn 0.5439 0.8288 -0.1317
vn 0.6027 0.7268 0.3295
vn 0.4887 0.6687 0.5604
vn 0.5516 -0.8296 0.0865
vn 0.9095 0.2155 0.3556
vn 0.5367 -0.4229 0.7301
vn 0.3791 -0.8292 0.4109
vn 0.4022 -0.8893 0.2177
vn 0.8728 -0.3861 -0.2987
vn 0.6838 -0.1251 0.7188
vn -0.2028 0.8359 0.5101
vn 0.7962 0.6025 0.0559
vn 0.8217 0.5583 -0.1147
vn 0.7190 0.6450 0.2588
vn 0.8675 -0.0400 0.4959
vn 0.1893 0.8894 -0.4162
vn 0.6242 0.7297 0.2791
vn 0.2061 0.9749 -0.0837
vn 0.0783 0.8627 0.4997
vn -0.4236 0.7908 -0.4418
vn -0.5464 0.8370 0.0308
vn 0.2238 0.9746 -0.0104
vn 0.1798 0.9777 -0.1085
vn 0.3579 0.9022 -0.2409
vn 0.3156 0.8878 0.3351
vn 0.1504 0.9042 -0.3997
vn -0.1224 0.9918 0.0375
vn -0.1289 0.9778 -0.1651
vn -0.0410 0.9950 0.0915
vn 0.8681 0.3498 0.3523
vn 0.8064 0.5061 -0.3059
vn 0.5127 0.8211 0.2510
vn 0.7311 0.6316 0.2580
vn 0.6383 0.7614 0.1131
vn 0.5247 0.8067 -0.2718
vn 0.6527 0.6490 0.3909
vn 0.7895 0.4527 0.4145
vn 0.7892 0.2221 0.5725
vn 0.4841 0.8198 0.3060
vn 0.8155 0.2001 0.5431
vn 0.5008 0.8215 0.2727
vn 0.4544 0.7948 0.4022
vn 0.0836 0.9939 0.0718
vn 0.0584 0.9450 -0.3217
vn -0.0247 0.9111 -0.4115
vn 0.0723 0.9741 0.2141
vn 0.9507 0.0629 0.3036
vn 0.8072 0.4654 0.3630
vn 0.8882 0.3939 0.2366
vn 0.9698 0.1660 0.1788
vn 0.5853 0.1225 0.8015
vn 0.3694 -0.6625 0.6516
vn -0.0855 -0.7305 0.6776
vn -0.1136 -0.6764 0.7278
vn -0.1193 -0.8283 0.5474
vn -0.3615 -0.7920 0.4919
vn 0.1272 -0.5611 0.8179
vn -0.2451 -0.4193 0.8741
vn -0.1794 -0.2797 0.9432
vn -0.2477 0.4786 0.8424
vn 0.2299 -0.4774 0.8481
vn -0.1864 -0.7788 0.5989
vn -0.3089 -0.1462 0.9398
vn 0.9998 0.0184 -0.0124
vn 0.9426 -0.2887 -0.1677
vn 0.9369 -0.3027 0.1751
vn 0.8888 0.0677 -0.4534
vn 0.9846 0.1486 -0.0919
vn 0.9042 0.3893 -0.1755
vn 0.9900 0.1178 0.0778
vn 0.9981 -0.0111 -0.0612
vn 0.9923 -0.0694 0.1023
vn 0.9428 -0.3090 0.1251
vn 0.8098 0.4945 0.3158
vn 0.8499 0.5266 0.0171
vn -0.1314 0.9902 -0.0479
vn 0.4878 0.8401 0.2372
vn 0.7684 0.6400 -0.0058
vn 0.9426 0.3304 -0.0480
vn 0.9274 0.3032 0.2189
vn 0.6816 -0.3808 0.6249
vn 0.4221 -0.3135 0.8506
vn 0.0103 0.9934 -0.1144
vn 0.0880 0.9749 -0.2045
vn 0.8214 -0.0529 0.5678
vn 0.7976 -0.1043 0.5941
vn 0.8008 0.5876 0.1163
vn 0.6970 0.6346 0.3338
vn 0.9519 0.2720 0.1410
vn 0.9995 -0.0317 -0.0048
vn 0.9612 0.2739 -0.0337
vn 0.9978 -0.0582 0.0329
vn 0.7384 0.3004 0.6038
vn 0.3479 0.8468 0.4023
vn 0.2314 0.8954 -0.3804
vn 0.8067 0.5866 -0.0710
vn 0.8064 0.4661 0.3640
vn 0.0242 0.8786 -0.4769
vn 0.2238 0.9120 0.3439
vn 0.0279 0.8639 -0.5028
vn 0.9434 0.0170 0.3313
vn 0.7340 0.2428 0.6343
vn 0.8595 -0.1510 0.4884
vn 0.9367 -0.3502 0.0030
vn 0.8549 0.2102 0.4743
vn 0.9978 0.0618 -0.0253
vn 0.7171 -0.6865 0.1204
vn 0.7545 0.6563 0.0012
vn 0.3944 0.8564 -0.3332
vn 0.3517 0.8548 -0.3817
vn 0.2894 0.7983 -0.5281
vn 0.0642 0.9770 -0.2032
vn 0.1237 0.8336 -0.5383
vn 0.8591 0.0792 -0.5057
vn 0.9264 0.1549 -0.3431
vn 0.8895 0.3245 -0.3217
vn 0.8550 0.4098 0.3177
vn 0.6959 0.2314 -0.6799
vn 0.7440 0.0414 0.6668
vn 0.9264 -0.3554 0.1245
vn 0.8280 -0.5432 -0.1393
vn 0.7361 -0.3889 -0.5539
vn 0.6256 0.3953 -0.6725
vn 0.6803 0.2801 -0.6773
vn 0.7466 0.1789 -0.6408
vn 0.9794 -0.1666 0.1144
vn 0.9278 -0.2918 0.2323
vn 0.9936 -0.0756 -0.0845
vn 0.6810 0.4193 -0.6004
vn 0.3080 0.0930 -0.9468
vn 0.4216 0.0837 -0.9029
vn 0.0881 0.4240 -0.9014
vn 0.6393 0.2353 -0.7321
vn 0.3101 0.7275 -0.6120
vn -0.0287 -0.0671 -0.9973
vn -0.0823 0.0004 -0.9966
vn -0.1087 -0.0092 -0.9940
vn -0.4840 -0.6042 -0.6330
vn 0.0549 -0.1451 -0.9879
vn -0.2741 -0.0494 -0.9604
vn -0.2953 -0.3615 -0.8844
vn 0.0806 -0.6991 0.7105
vn -0.3702 -0.9016 0.2237
vn 0.0435 -0.8017 0.5962
vn 0.0394 -0.7646 0.6433
vn -0.0751 -0.7673 0.6369
vn 0.6321 -0.6959 0.3409
vn -0.0820 -0.8664 0.4925
vn 0.2573 -0.7778 0.5734
vn 0.0134 -0.8231 0.5677
vn -0.1646 -0.8457 0.5076
vn -0.0197 -0.7632 0.6459
vn 0.0337 -0.7134 0.6999
vn 0.0180 -0.8515 0.5241
vn 0.5248 -0.6143 0.5892
vn 0.0254 -0.8990 0.4373
vn -0.0420 -0.8585 0.5110
vn 0.1245 -0.7382 0.6630
vn 0.0401 -0.8584 0.5113
vn 0.0961 -0.7872 0.6092
vn 0.4870 -0.4878 0.7244
vn -0.2199 -0.8927 0.3932
vn 0.9777 -0.1895 -0.0902
vn 0.9702 -0.2424 0.0057
vn 0.9259 -0.3302 0.1836
vn 0.1364 -0.8859 0.4433
vn 0.0774 -0.8676 0.4912
vn 0.1495 -0.8666 0.4762
vn 0.0943 -0.9460 0.3100
vn 0.3331 -0.8508 0.4065
vn -0.1785 -0.9728 0.1480
vn 0.4771 -0.8730 -0.1010
vn 0.8223 -0.4739 -0.3149
vn 0.2087 -0.1379 -0.9682
vn 0.9510 -0.0847 -0.2975
vn 0.9123 -0.2122 -0.3503
vn 0.8394 -0.3755 -0.3929
vn 0.6879 -0.1602 -0.7079
vn 0.4084 0.0705 -0.9101
vn 0.6435 -0.2426 -0.7260
vn 0.8507 -0.4763 -0.2225
vn 0.4841 -0.7092 -0.5125
vn 0.4961 -0.7021 -0.5109
vn 0.3797 -0.8195 -0.4292
vn 0.9787 -0.1562 -0.1334
vn 0.9080 -0.3771 -0.1827
vn 0.7346 -0.5146 -0.4422
vn -0.0215 -0.0171 -0.9996
vn -0.0909 -0.0259 -0.9955
vn -0.2001 0.2423 -0.9493
vn -0.7299 -0.0484 -0.6819
vn -0.9247 0.2372 -0.2978
vn -0.6253 0.0065 -0.7804
vn 0.3381 -0.9098 0.2407
vn 0.1945 -0.8438 -0.5002
vn 0.0488 -0.9833 -0.1754
vn 0.1159 -0.7674 -0.6307
vn -0.1429 0.9881 -0.0575
vn -0.6958 0.4611 0.5506
vn -0.2316 0.9522 -0.1990
vn -0.0556 0.8042 0.5918
vn -0.0480 0.9588 0.2799
vn -0.3878 0.8450 0.3681
vn -0.2089 0.8732 -0.4402
vn -0.4678 0.7735 0.4277
vn -0.7783 0.4664 0.4203
vn -0.7952 0.5950 -0.1166
vn -0.8475 0.5301 -0.0287
vn -0.8148 0.4009 0.4187
vn -0.8906 0.4498 0.0680
vn -0.8444 0.5005 -0.1912
vn -0.9917 0.0920 -0.0896
vn -0.9753 -0.2036 0.0852
vn -0.8095 0.1283 0.5730
vn -0.9629 0.0927 -0.2534
vn -0.8457 0.2198 -0.4863
vn -0.4890 0.1961 0.8499
vn -0.3255 -0.2853 0.9015
vn -0.4013 -0.4365 0.8052
vn -0.9009 -0.1529 0.4063
vn -0.9803 -0.0383 0.1936
vn -0.6441 -0.4876 0.5894
vn -0.9881 0.0070 0.1534
vn -0.9976 -0.0671 0.0150
vn -0.3173 0.7027 0.6368
vn -0.5361 -0.4308 0.7259
vn -1.0000 -0.0012 -0.0057
vn -0.5200 -0.6182 0.5894
vn -0.2549 -0.4653 0.8476
vn -0.9664 -0.1216 -0.2264
vn -0.9441 -0.2660 0.1949
vn -0.9898 -0.1389 0.0309
vn -0.9744 -0.1866 -0.1253
vn -0.9962 0.0244 -0.0832
vn -0.9500 0.1701 -0.2618
vn -0.7458 0.5025 -0.4374
vn -0.2058 0.6883 -0.6957
vn -0.2360 0.5770 -0.7819
vn -0.7785 0.4718 -0.4140
vn -0.3704 -0.0242 -0.9286
vn -0.6409 -0.2240 -0.7342
vn -0.4742 0.0735 -0.8773
vn -0.3227 -0.1993 -0.9253
vn -0.5886 -0.4170 -0.6925
vn -0.8772 -0.2454 -0.4126
vn -0.8511 0.4761 -0.2212
vn -0.9429 -0.1223 -0.3099
vn -0.8349 -0.1508 -0.5294
vn -0.9689 -0.0285 -0.2459
vn 0.0545 -0.8837 0.4649
vn -0.0861 -0.8957 0.4363
vn -0.3618 -0.7484 0.5558
vn -0.2662 -0.7058 0.6565
vn -0.1248 -0.6942 0.7088
vn -0.7579 -0.6429 -0.1113
vn -0.9907 -0.1337 -0.0238
vn -0.4289 -0.7893 0.4393
vn -0.8684 -0.0962 0.4865
vn -0.9788 -0.1825 0.0926
vn -0.6240 -0.4474 0.6406
vn -0.6913 -0.3437 0.6355
vn 0.1481 -0.4979 0.8545
vn -0.9685 -0.2166 0.1230
vn -0.0373 -0.5048 0.8625
vn -0.3352 -0.5733 0.7477
vn -0.0810 -0.5352 0.8408
vn -0.6898 -0.7212 0.0627
vn -0.8334 -0.4261 0.3520
vn -0.8722 -0.0893 0.4809
vn -0.7642 -0.6420 -0.0623
vn -0.5984 0.2778 -0.7515
vn -0.2666 0.5389 -0.7991
vn -0.2382 0.6927 -0.6807
vn -0.5271 -0.2058 -0.8245
vn -0.6027 -0.4789 -0.6383
vn -0.5114 -0.5156 -0.6874
vn -0.0286 -0.2952 -0.9550
vn -0.5327 -0.0878 -0.8418
vn -0.7684 -0.1155 -0.6295
vn -0.0805 -0.0257 -0.9964
vn -0.8285 -0.2788 -0.4856
vn -0.3365 -0.1419 -0.9309
vn -0.4828 0.2978 -0.8235
vn -0.3784 -0.8405 -0.3877
vn -0.3936 -0.8614 -0.3209
vn -0.2080 -0.9679 -0.1407
vn -0.6276 -0.7210 -0.2937
vn -0.9076 0.3347 0.2533
vn -0.9521 0.2603 0.1604
vn -0.8869 0.3329 0.3204
vn -0.2963 0.5629 -0.7716
vn -0.6025 -0.7969 -0.0432
vn -0.8833 -0.3705 0.2873
vn -0.9094 -0.2016 -0.3639
vn -0.9706 -0.1575 0.1817
vn -0.9039 0.1698 -0.3925
vn -0.3820 0.3161 -0.8684
vn -0.7249 -0.0869 -0.6833
vn -0.9412 -0.0814 -0.3278
vn -0.2309 -0.9721 -0.0402
vn -0.6740 -0.7387 0.0050
vn -0.9395 -0.2523 -0.2316
vn -0.9548 0.1367 0.2640
vn -0.9959 0.0763 0.0493
vn -0.8630 -0.4718 0.1807
vn -0.9954 -0.0873 0.0399
vn -0.1352 0.9369 -0.3224
vn -0.9847 -0.1317 0.1146
vn -0.3925 -0.5081 0.7667
vn 0.6695 -0.7338 -0.1150
vn 0.6486 0.1582 0.7445
vn 0.6869 0.3517 -0.6359
vn -0.1137 0.3706 0.9218
vn 0.9615 -0.1933 0.1951
vn 0.8595 0.4028 0.3147
vn -0.2735 0.9600 -0.0595
vn -0.9506 0.1833 0.2506
s 1
f 1/1/1 2/2/2 3/3/3
f 4/4/4 5/5/5 6/6/6
f 7/7/7 8/8/8 9/9/9
f 10/10/10 11/11/11 12/12/12
f 13/13/13 12/12/12 14/14/14
f 15/15/15 16/16/16 17/17/17
f 18/18/18 17/17/17 19/19/19
f 20/20/20 21/21/21 22/22/22
f 20/20/20 22/22/22 23/23/23
f 24/24/24 25/25/25 26/26/26
f 26/26/26 27/27/27 24/24/24
f 28/28/28 29/29/29 30/30/30
f 31/31/31 29/29/29 32/32/32
f 33/33/33 21/21/21 20/20/20
f 34/34/34 26/26/26 25/25/25
f 35/35/35 25/25/25 36/36/36
f 37/37/37 38/38/38 39/39/39
f 40/40/40 41/41/41 35/35/35
f 42/42/42 40/40/40 37/37/37
f 43/43/43 44/44/44 45/45/45
f 45/45/45 46/46/46 47/47/47
f 48/48/48 49/49/49 50/50/50
f 41/41/41 40/40/40 51/51/51
f 52/52/52 46/46/46 53/53/53
f 47/47/47 46/46/46 52/52/52
f 48/48/48 50/50/50 54/54/54
f 55/55/55 16/56/16 56/57/56
f 57/58/57 43/43/43 58/59/58
f 58/59/58 43/43/43 59/60/59
f 60/61/60 59/62/59 52/63/52
f 61/64/61 62/65/62 63/66/63
f 64/67/64 65/68/65 66/69/66
f 67/70/67 68/71/68 69/72/69
f 53/53/53 70/73/70 71/74/71
f 72/75/72 71/76/71 67/70/67
f 67/70/67 69/72/69 73/77/73
f 74/78/74 75/79/75 76/80/76
f 77/81/77 78/82/78 79/83/79
f 80/84/80 81/85/81 82/86/82
f 83/87/83 84/88/84 85/89/85
f 86/90/86 87/91/87 88/92/88
f 86/90/86 89/93/89 90/94/90
f 91/95/91 92/96/92 93/97/93
f 94/98/94 14/14/14 11/11/11
f 95/99/95 96/100/96 97/101/97
f 98/102/98 95/99/95 97/101/97
f 99/103/99 100/104/100 101/105/101
f 102/106/102 95/99/95 98/102/98
f 103/107/103 104/108/104 102/106/102
f 105/109/105 106/110/106 107/111/107
f 108/112/108 109/113/109 110/114/110
f 111/115/111 112/116/112 113/117/113
f 108/112/108 114/118/114 115/119/115
f 116/120/116 117/121/117 118/122/118
f 119/123/119 120/124/120 121/125/121
f 122/126/122 120/124/120 123/127/123
f 9/9/9 124/128/124 125/129/125
f 126/130/126 127/131/127 128/132/128
f 129/133/129 130/134/130 131/135/131
f 131/135/131 130/134/130 132/136/132
f 133/137/133 132/136/132 134/138/134
f 135/139/135 136/140/136 137/141/137
f 123/127/123 138/142/138 139/143/139
f 132/136/132 130/134/130 140/144/140
f 138/145/138 141/146/141 139/147/139
f 142/148/142 134/138/134 143/149/143
f 144/150/144 145/151/145 146/152/146
f 147/153/147 148/154/148 149/155/149
f 147/153/147 150/156/150 151/157/151
f 152/158/152 77/81/77 153/159/153
f 154/160/154 155/161/155 156/162/156
f 157/163/157 158/164/158 159/165/159
f 160/166/160 161/167/161 159/168/159
f 162/169/162 163/170/163 164/171/164
f 165/172/165 166/173/166 167/174/167
f 168/175/168 169/176/169 170/177/170
f 171/178/171 172/179/172 168/175/168
f 173/180/173 174/181/174 175/182/175
f 176/183/176 177/184/177 6/6/6
f 178/185/178 179/186/179 180/187/180
f 4/4/4 181/188/181 182/189/182
f 4/4/4 183/190/183 184/191/184
f 185/192/185 186/193/186 187/194/187
f 186/193/186 182/189/182 188/195/188
f 189/196/189 190/197/190 191/198/191
f 191/198/191 190/197/190 192/199/192
f 193/200/193 177/184/177 194/201/194
f 195/202/195 196/203/196 197/204/197
f 198/205/198 199/206/199 193/200/193
f 200/207/200 201/208/201 202/209/202
f 203/210/203 204/211/204 193/200/193
f 205/212/205 203/210/203 193/200/193
f 206/213/206 207/214/207 208/215/208
f 209/216/209 210/217/210 211/218/211
f 212/219/212 213/220/213 214/221/214
f 215/222/215 216/223/216 217/224/217
f 214/221/214 218/225/218 219/226/219
f 220/227/220 221/228/221 214/221/214
f 222/229/222 212/230/212 223/231/223
f 220/227/220 224/232/224 225/233/225
f 226/234/226 222/229/222 223/231/223
f 227/235/227 224/232/224 228/236/228
f 229/237/229 230/238/230 231/239/231
f 232/240/232 178/185/178 233/241/233
f 234/242/234 235/243/235 236/244/236
f 216/223/216 237/245/237 238/246/238
f 239/247/239 236/244/236 240/248/240
f 241/249/241 215/222/215 226/234/226
f 242/250/242 243/251/243 244/252/244
f 245/253/245 246/254/246 247/255/247
f 248/256/248 249/257/249 250/258/250
f 247/255/247 246/254/246 251/259/251
f 252/260/252 253/261/253 254/262/254
f 255/263/255 256/264/256 252/260/252
f 257/265/257 258/266/258 259/267/259
f 260/268/260 253/261/253 257/265/257
f 261/269/261 257/265/257 259/267/259
f 262/270/262 195/202/195 263/271/263
f 264/272/264 262/270/262 111/273/111
f 265/274/265 266/275/266 264/272/264
f 267/276/267 268/277/268 269/278/269
f 270/279/270 267/276/267 271/280/271
f 272/281/272 273/282/273 268/277/268
f 274/283/274 270/279/270 271/280/271
f 275/284/275 276/285/276 277/286/277
f 278/287/278 279/288/279 277/289/277
f 280/290/280 281/291/281 282/292/282
f 283/293/283 284/294/284 285/295/285
f 286/296/286 287/297/287 288/298/288
f 289/299/289 290/300/290 291/301/291
f 292/302/292 293/303/293 294/304/294
f 295/305/295 294/304/294 280/290/280
f 296/306/296 297/307/297 287/308/287
f 298/309/298 290/310/290 289/311/289
f 299/312/299 300/313/300 301/314/301
f 302/315/302 303/316/303 304/317/304
f 305/318/305 306/319/306 307/320/307
f 308/321/308 309/322/309 310/323/310
f 311/324/311 291/301/291 312/325/312
f 296/306/296 298/309/298 313/326/313
f 314/327/314 296/306/296 313/326/313
f 315/328/315 300/313/300 299/312/299
f 316/329/316 299/312/299 317/330/317
f 314/327/314 313/326/313 303/316/303
f 318/331/318 319/332/319 320/333/320
f 321/334/321 322/335/322 319/332/319
f 323/336/323 324/337/324 325/338/325
f 326/339/326 327/340/327 321/334/321
f 324/337/324 328/341/328 329/342/329
f 327/340/327 330/343/330 331/344/331
f 332/345/332 333/346/333 334/347/334
f 334/347/334 335/348/335 328/349/328
f 291/301/291 336/350/336 289/299/289
f 337/351/337 338/352/338 339/353/339
f 340/354/340 341/355/341 338/352/338
f 342/356/342 343/357/343 344/358/344
f 345/359/345 346/360/346 342/356/342
f 347/361/347 345/359/345 348/362/348
f 349/363/349 350/364/350 351/365/351
f 352/366/352 349/363/349 351/365/351
f 353/367/353 335/348/335 333/346/333
f 354/368/354 355/369/355 356/370/356
f 357/371/357 358/372/358 359/373/359
f 360/374/360 361/375/361 362/376/362
f 363/377/363 348/378/348 364/379/364
f 365/380/365 366/381/366 362/376/362
f 367/382/367 368/383/368 369/384/369
f 318/331/318 320/333/320 370/385/370
f 371/386/371 354/368/354 318/331/318
f 372/387/372 373/388/373 374/389/374
f 375/390/375 372/387/372 376/391/376
f 377/392/377 378/393/378 379/394/379
f 378/393/378 377/392/377 380/395/380
f 377/392/377 379/394/379 381/396/381
f 382/397/382 383/398/383 384/399/384
f 385/400/385 381/396/381 386/401/386
f 387/402/387 388/403/388 389/404/389
f 390/405/390 391/406/391 392/407/392
f 390/405/390 393/408/393 384/409/384
f 382/397/382 393/410/393 394/411/394
f 395/412/395 385/400/385 386/401/386
f 394/411/394 386/401/386 382/397/382
f 396/413/396 386/401/386 397/414/397
f 398/415/398 399/416/399 400/417/400
f 401/418/401 392/407/392 402/419/402
f 393/410/393 403/420/403 404/421/404
f 403/422/403 401/418/401 405/423/405
f 406/424/406 399/416/399 407/425/407
f 408/426/408 409/427/409 410/428/410
f 411/429/411 412/430/412 410/428/410
f 309/322/309 413/431/413 310/323/310
f 414/432/414 311/324/311 415/433/415
f 416/434/416 291/301/291 311/324/311
f 414/432/414 417/435/417 416/434/416
f 418/436/418 419/437/419 420/438/420
f 421/439/421 422/440/422 423/441/423
f 424/442/424 425/443/425 426/444/426
f 427/445/427 396/413/396 428/446/428
f 429/447/429 430/448/430 424/442/424
f 430/448/430 429/447/429 427/445/427
f 431/449/431 370/385/370 425/443/425
f 432/450/432 318/331/318 370/385/370
f 433/451/433 434/452/434 432/450/432
f 435/453/435 434/452/434 430/448/430
f 436/454/436 428/446/428 397/414/397
f 367/455/367 437/456/437 366/457/366
f 353/367/353 438/458/438 369/384/369
f 369/384/369 438/458/438 367/382/367
f 439/459/439 437/456/437 367/455/367
f 440/460/440 437/456/437 441/461/441
f 440/462/440 360/374/360 366/381/366
f 442/463/442 441/461/441 348/378/348
f 440/460/440 441/461/441 443/464/443
f 428/446/428 396/413/396 397/414/397
f 380/395/380 377/392/377 444/465/444
f 418/436/418 378/393/378 380/395/380
f 445/466/445 371/386/371 434/452/434
f 371/386/371 445/466/445 446/467/446
f 434/452/434 371/386/371 432/450/432
f 447/468/447 375/390/375 445/466/445
f 428/446/428 436/454/436 447/468/447
f 436/454/436 448/469/448 447/468/447
f 435/453/435 430/448/430 428/446/428
f 433/451/433 432/450/432 431/449/431
f 430/448/430 434/452/434 449/470/449
f 432/450/432 370/385/370 431/449/431
f 449/470/449 431/449/431 424/442/424
f 424/442/424 431/449/431 425/443/425
f 425/443/425 450/471/450 426/444/426
f 425/443/425 451/472/451 450/471/450
f 452/473/452 453/474/453 454/475/454
f 427/445/427 444/465/444 396/413/396
f 455/476/455 453/474/453 421/439/421
f 370/385/370 456/477/456 422/440/422
f 452/473/452 455/476/455 457/478/457
f 455/476/455 423/441/423 457/478/457
f 421/439/421 423/441/423 455/476/455
f 458/479/458 419/437/419 452/473/452
f 457/478/457 423/441/423 459/480/459
f 423/441/423 422/440/422 459/480/459
f 422/440/422 460/481/460 461/482/461
f 460/481/460 462/483/462 461/482/461
f 419/437/419 458/479/458 420/438/420
f 463/484/463 417/435/417 464/485/464
f 463/484/463 465/486/465 336/350/336
f 336/350/336 291/301/291 416/434/416
f 463/484/463 464/485/464 466/487/466
f 308/321/308 464/485/464 414/432/414
f 467/488/467 468/489/468 466/487/466
f 469/490/469 470/491/470 466/487/466
f 464/485/464 308/321/308 467/488/467
f 325/338/325 471/492/471 470/491/470
f 415/433/415 308/321/308 414/432/414
f 325/338/325 329/342/329 471/492/471
f 466/487/466 472/493/472 469/490/469
f 413/431/413 466/487/466 468/489/468
f 308/321/308 310/323/310 468/489/468
f 323/336/323 409/427/409 408/426/408
f 473/494/473 409/427/409 323/336/323
f 412/430/412 474/495/474 322/496/322
f 323/336/323 412/430/412 322/496/322
f 412/430/412 408/426/408 410/428/410
f 475/497/475 472/493/472 171/178/171
f 171/178/171 472/493/472 476/498/476
f 476/498/476 413/431/413 477/499/477
f 413/431/413 478/500/478 477/499/477
f 410/428/410 479/501/479 151/157/151
f 409/427/409 479/501/479 410/428/410
f 406/424/406 407/425/407 480/502/480
f 481/503/481 406/424/406 480/502/480
f 482/504/482 483/505/483 405/423/405
f 405/423/405 483/505/483 373/506/373
f 482/504/482 406/424/406 483/505/483
f 484/507/484 400/417/400 406/424/406
f 406/424/406 400/417/400 399/416/399
f 401/418/401 484/507/484 482/504/482
f 392/407/392 403/422/403 393/408/393
f 398/415/398 485/508/485 399/416/399
f 394/411/394 436/454/436 397/414/397
f 404/421/404 436/454/436 394/411/394
f 400/417/400 484/507/484 398/415/398
f 402/419/402 398/415/398 484/507/484
f 486/509/486 487/510/487 398/415/398
f 392/407/392 391/406/391 402/419/402
f 389/404/389 488/511/488 486/509/486
f 489/512/489 388/403/388 387/402/387
f 377/392/377 381/396/381 385/400/385
f 382/397/382 381/396/381 383/398/383
f 250/258/250 489/512/489 490/513/490
f 491/514/491 387/402/387 492/515/492
f 491/514/491 490/513/490 489/512/489
f 378/393/378 161/167/161 379/394/379
f 383/516/383 493/517/493 391/406/391
f 493/518/493 383/398/383 160/166/160
f 248/256/248 490/513/490 494/519/494
f 494/519/494 495/520/495 248/256/248
f 496/521/496 490/513/490 491/514/491
f 355/369/355 446/467/446 497/522/497
f 355/369/355 497/522/497 498/523/498
f 355/369/355 498/523/498 499/524/499
f 499/524/499 500/525/500 349/363/349
f 498/523/498 501/526/501 500/525/500
f 501/527/501 502/528/502 500/529/500
f 503/530/503 504/531/504 502/528/502
f 347/361/347 502/528/502 504/531/504
f 480/502/480 407/425/407 505/532/505
f 505/532/505 407/425/407 506/533/506
f 445/466/445 376/391/376 446/467/446
f 374/534/374 373/506/373 507/535/507
f 374/534/374 507/535/507 508/536/508
f 508/536/508 507/535/507 503/530/503
f 375/390/375 448/469/448 372/387/372
f 373/506/373 481/503/481 507/535/507
f 481/503/481 480/502/480 507/535/507
f 460/481/460 456/477/456 509/537/509
f 298/309/298 510/538/510 511/539/511
f 510/538/510 512/540/512 511/539/511
f 356/370/356 499/524/499 513/541/513
f 369/384/369 368/383/368 512/540/512
f 499/524/499 352/366/352 513/541/513
f 513/541/513 514/542/514 353/543/353
f 352/366/352 351/365/351 514/542/514
f 351/365/351 364/379/364 514/542/514
f 515/544/515 361/375/361 360/374/360
f 357/371/357 359/373/359 361/375/361
f 359/373/359 358/372/358 315/328/315
f 465/545/465 510/538/510 298/309/298
f 513/541/513 516/546/516 356/370/356
f 512/540/512 368/383/368 511/539/511
f 511/539/511 368/383/368 302/315/302
f 513/541/513 353/543/353 517/547/517
f 364/379/364 350/364/350 363/377/363
f 350/548/350 347/361/347 363/549/363
f 518/550/518 362/376/362 519/551/519
f 348/362/348 345/359/345 442/552/442
f 442/463/442 520/553/520 443/464/443
f 357/371/357 515/544/515 521/554/521
f 521/554/521 522/555/522 357/371/357
f 520/556/520 344/358/344 521/557/521
f 443/558/443 520/559/520 521/554/521
f 342/356/342 346/360/346 523/560/523
f 521/557/521 344/358/344 522/561/522
f 522/561/522 344/358/344 524/562/524
f 357/371/357 522/555/522 340/563/340
f 524/562/524 341/355/341 340/354/340
f 342/356/342 523/560/523 525/564/525
f 524/562/524 343/357/343 338/352/338
f 338/352/338 526/565/526 339/353/339
f 516/546/516 517/547/517 330/343/330
f 335/348/335 527/566/527 328/349/328
f 326/339/326 528/567/528 516/546/516
f 328/349/328 332/345/332 334/347/334
f 327/340/327 326/339/326 330/343/330
f 465/486/465 329/342/329 527/568/527
f 326/339/326 321/334/321 319/332/319
f 321/334/321 327/340/327 331/344/331
f 529/569/529 321/334/321 331/344/331
f 322/335/322 321/334/321 530/570/530
f 322/335/322 474/571/474 531/572/531
f 322/335/322 531/572/531 319/332/319
f 532/573/532 474/495/474 412/430/412
f 532/574/532 533/575/533 474/571/474
f 303/316/303 534/576/534 314/327/314
f 303/316/303 302/315/302 534/576/534
f 535/577/535 534/576/534 302/315/302
f 536/578/536 316/329/316 537/579/537
f 299/312/299 301/314/301 538/580/538
f 317/330/317 301/314/301 539/581/539
f 539/581/539 301/314/301 540/582/540
f 291/301/291 541/583/541 312/325/312
f 312/325/312 542/584/542 415/433/415
f 308/321/308 543/585/543 309/322/309
f 542/584/542 286/296/286 274/283/274
f 544/586/544 274/283/274 271/280/271
f 542/584/542 544/586/544 545/587/545
f 545/587/545 115/119/115 546/588/546
f 314/327/314 305/318/305 296/306/296
f 313/326/313 304/317/304 303/316/303
f 534/576/534 547/589/547 306/319/306
f 534/576/534 548/590/548 547/589/547
f 548/590/548 534/576/534 536/578/536
f 547/589/547 548/590/548 549/591/549
f 518/550/518 519/551/519 536/578/536
f 549/591/549 548/590/548 539/581/539
f 339/353/339 526/565/526 550/592/550
f 539/581/539 551/593/551 549/591/549
f 552/594/552 553/595/553 301/314/301
f 554/596/554 555/597/555 551/593/551
f 511/539/511 304/317/304 298/309/298
f 298/309/298 304/317/304 313/326/313
f 302/315/302 304/317/304 511/539/511
f 305/318/305 307/320/307 556/598/556
f 557/599/557 305/318/305 556/598/556
f 307/320/307 558/600/558 556/598/556
f 302/315/302 559/601/559 535/577/535
f 535/577/535 365/380/365 518/550/518
f 560/602/560 316/329/316 519/551/519
f 560/602/560 315/328/315 316/329/316
f 550/592/550 561/603/561 553/604/553
f 296/306/296 287/308/287 541/605/541
f 549/591/549 562/606/562 556/598/556
f 551/593/551 563/607/563 278/287/278
f 557/599/557 295/305/295 297/307/297
f 556/598/556 293/303/293 292/302/292
f 541/605/541 290/310/290 298/309/298
f 291/301/291 290/300/290 541/583/541
f 297/307/297 283/608/283 288/609/288
f 293/303/293 564/610/564 565/611/565
f 564/610/564 278/287/278 565/611/565
f 297/307/297 295/305/295 283/608/283
f 295/305/295 280/290/280 283/608/283
f 283/608/283 280/290/280 282/292/282
f 566/612/566 286/296/286 288/298/288
f 284/294/284 283/293/283 282/613/282
f 272/614/272 281/291/281 567/615/567
f 280/290/280 565/611/565 281/291/281
f 567/615/567 281/291/281 565/611/565
f 284/294/284 272/281/272 285/295/285
f 278/287/278 277/289/277 568/616/568
f 567/615/567 565/611/565 273/617/273
f 285/295/285 268/277/268 267/276/267
f 268/277/268 273/282/273 568/618/568
f 277/286/277 569/619/569 266/275/266
f 271/280/271 267/276/267 269/278/269
f 271/280/271 269/278/269 109/113/109
f 268/277/268 570/620/570 269/278/269
f 568/616/568 277/289/277 571/621/571
f 262/270/262 266/275/266 195/202/195
f 109/113/109 269/278/269 572/622/572
f 570/620/570 573/623/573 269/278/269
f 570/620/570 568/618/568 574/624/574
f 488/511/488 485/508/485 487/510/487
f 486/509/486 488/511/488 487/510/487
f 389/404/389 575/625/575 488/511/488
f 248/256/248 495/520/495 576/626/576
f 577/627/577 578/628/578 495/520/495
f 577/627/577 579/629/579 243/251/243
f 85/89/85 579/629/579 577/627/577
f 580/630/580 260/268/260 506/533/506
f 257/265/257 506/533/506 260/268/260
f 485/508/485 488/511/488 260/268/260
f 253/261/253 258/266/258 257/265/257
f 253/261/253 260/268/260 581/631/581
f 256/264/256 253/261/253 252/260/252
f 258/266/258 251/259/251 239/247/239
f 254/262/254 581/631/581 575/625/575
f 242/250/242 582/632/582 255/263/255
f 250/258/250 252/260/252 489/512/489
f 249/257/249 255/263/255 250/258/250
f 242/250/242 244/252/244 582/632/582
f 583/633/583 582/632/582 244/252/244
f 584/634/584 585/635/585 583/633/583
f 586/636/586 585/635/585 587/637/587
f 245/253/245 247/255/247 586/636/586
f 576/626/576 249/257/249 248/256/248
f 578/628/578 242/250/242 249/257/249
f 588/638/588 587/637/587 584/634/584
f 589/639/589 586/636/586 587/637/587
f 590/640/590 245/253/245 586/636/586
f 246/254/246 245/253/245 591/641/591
f 592/642/592 246/254/246 593/643/593
f 84/88/84 594/644/594 579/629/579
f 84/88/84 595/645/595 594/644/594
f 84/88/84 586/636/586 589/639/589
f 343/357/343 596/646/596 338/352/338
f 338/352/338 597/647/597 215/222/215
f 597/647/597 596/646/596 259/267/259
f 597/647/597 598/648/598 215/222/215
f 597/647/597 240/248/240 598/648/598
f 215/222/215 598/648/598 216/223/216
f 259/267/259 239/247/239 240/248/240
f 236/244/236 216/223/216 598/648/598
f 599/649/599 236/244/236 239/247/239
f 599/649/599 234/242/234 236/244/236
f 251/259/251 599/649/599 239/247/239
f 251/259/251 600/650/600 599/649/599
f 74/78/74 234/242/234 601/651/601
f 234/242/234 76/80/76 235/243/235
f 74/78/74 76/80/76 234/242/234
f 602/652/602 603/653/603 236/244/236
f 604/654/604 602/652/602 235/243/235
f 76/80/76 604/654/604 235/243/235
f 604/654/604 233/655/233 602/652/602
f 232/240/232 179/186/179 178/185/178
f 540/582/540 231/656/231 554/596/554
f 231/656/231 605/657/605 554/596/554
f 550/592/550 241/249/241 561/603/561
f 553/595/553 231/656/231 540/582/540
f 606/658/606 607/659/607 605/657/605
f 229/237/229 608/660/608 230/238/230
f 608/660/608 227/661/227 228/662/228
f 230/663/230 228/236/228 609/664/609
f 230/663/230 609/664/609 610/665/610
f 610/665/610 611/666/611 206/213/206
f 611/666/611 219/226/219 206/213/206
f 219/226/219 612/667/612 207/214/207
f 607/668/607 606/669/606 613/670/613
f 608/660/608 561/603/561 227/661/227
f 561/603/561 241/249/241 227/661/227
f 220/227/220 611/666/611 610/665/610
f 227/235/227 223/671/223 224/232/224
f 219/226/219 207/214/207 206/213/206
f 215/222/215 217/224/217 222/229/222
f 224/232/224 223/671/223 212/219/212
f 225/233/225 224/232/224 221/228/221
f 217/224/217 213/672/213 212/230/212
f 219/226/219 218/225/218 612/667/612
f 214/221/214 211/218/211 218/225/218
f 218/225/218 205/212/205 612/667/612
f 218/225/218 614/673/614 205/212/205
f 210/217/210 615/674/615 211/218/211
f 211/218/211 615/674/615 614/673/614
f 210/217/210 616/675/616 615/674/615
f 617/676/617 614/673/614 615/674/615
f 216/223/216 238/246/238 213/672/213
f 213/672/213 618/677/618 619/678/619
f 619/679/619 618/680/618 209/216/209
f 620/681/620 618/677/618 213/672/213
f 192/199/192 209/216/209 618/680/618
f 620/681/620 191/682/191 618/677/618
f 618/680/618 191/198/191 192/199/192
f 276/285/276 206/213/206 208/215/208
f 621/683/621 207/214/207 612/667/612
f 205/212/205 614/673/614 617/676/617
f 612/667/612 199/206/199 621/683/621
f 612/667/612 205/212/205 199/206/199
f 207/214/207 622/684/622 208/215/208
f 205/212/205 617/676/617 203/210/203
f 622/684/622 623/685/623 200/207/200
f 177/184/177 193/200/193 183/190/183
f 201/208/201 623/685/623 624/686/624
f 193/200/193 194/201/194 198/205/198
f 64/67/64 197/204/197 625/687/625
f 197/204/197 626/688/626 625/687/625
f 627/689/627 238/246/238 603/653/603
f 238/246/238 627/689/627 620/681/620
f 188/195/188 189/196/189 187/194/187
f 189/196/189 182/189/182 190/197/190
f 617/676/617 628/690/628 203/210/203
f 602/652/602 627/689/627 603/653/603
f 188/195/188 182/189/182 189/196/189
f 182/189/182 629/691/629 190/197/190
f 181/188/181 628/690/628 630/692/630
f 184/191/184 204/211/204 203/210/203
f 4/4/4 184/191/184 181/188/181
f 186/193/186 4/4/4 182/189/182
f 180/693/180 185/694/185 602/652/602
f 4/4/4 6/6/6 183/190/183
f 461/482/461 462/483/462 631/695/631
f 632/696/632 418/436/418 420/438/420
f 476/498/476 172/179/172 171/178/171
f 477/499/477 478/500/478 633/697/633
f 476/498/476 477/499/477 633/697/633
f 634/698/634 143/149/143 147/153/147
f 633/697/633 478/500/478 165/172/165
f 635/699/635 168/175/168 636/700/636
f 476/498/476 633/697/633 172/179/172
f 166/173/166 478/500/478 637/701/637
f 172/179/172 633/697/633 169/176/169
f 165/172/165 478/500/478 166/173/166
f 142/148/142 143/149/143 638/702/638
f 639/703/639 638/702/638 636/700/636
f 162/169/162 169/176/169 640/704/640
f 641/705/641 162/169/162 640/704/640
f 642/706/642 167/174/167 643/707/643
f 644/708/644 643/707/643 167/174/167
f 118/122/118 636/700/636 170/177/170
f 643/707/643 644/708/644 645/709/645
f 643/707/643 646/710/646 163/170/163
f 643/707/643 647/711/647 646/710/646
f 645/709/645 647/711/647 643/707/643
f 170/177/170 648/712/648 118/122/118
f 648/712/648 170/177/170 649/713/649
f 632/696/632 378/393/378 418/436/418
f 650/714/650 651/715/651 496/521/496
f 496/521/496 651/715/651 494/519/494
f 652/716/652 495/520/495 651/715/651
f 161/167/161 378/393/378 632/696/632
f 650/714/650 159/165/159 158/164/158
f 158/164/158 652/716/652 651/715/651
f 653/717/653 654/718/654 655/719/655
f 174/181/174 656/720/656 175/182/175
f 157/163/157 654/718/654 158/164/158
f 654/718/654 653/717/653 158/164/158
f 174/181/174 156/162/156 656/720/656
f 656/720/656 657/721/657 152/722/152
f 657/721/657 77/723/77 152/722/152
f 657/721/657 80/84/80 82/86/82
f 153/159/153 79/83/79 654/718/654
f 143/149/143 148/154/148 147/153/147
f 658/724/658 148/154/148 143/149/143
f 156/162/156 658/725/658 134/726/134
f 138/145/138 659/727/659 144/150/144
f 659/727/659 137/728/137 144/150/144
f 134/138/134 658/724/658 143/149/143
f 140/729/140 660/730/660 134/726/134
f 661/731/661 660/730/660 140/729/140
f 661/731/661 139/147/139 660/730/660
f 137/141/137 659/732/659 135/139/135
f 662/733/662 135/139/135 138/142/138
f 142/148/142 133/137/133 134/138/134
f 123/127/123 661/734/661 130/134/130
f 123/127/123 662/733/662 138/142/138
f 662/733/662 136/140/136 135/139/135
f 122/126/122 123/127/123 130/134/130
f 663/735/663 127/131/127 126/130/126
f 127/131/127 9/9/9 128/132/128
f 125/129/125 136/140/136 664/736/664
f 128/132/128 125/129/125 664/736/664
f 117/121/117 133/137/133 639/703/639
f 133/137/133 129/133/129 131/135/131
f 665/737/665 666/738/666 667/739/667
f 667/739/667 666/738/666 126/130/126
f 120/124/120 128/132/128 664/736/664
f 163/170/163 665/737/665 164/171/164
f 647/711/647 645/709/645 646/710/646
f 164/171/164 667/739/667 649/713/649
f 649/713/649 667/739/667 668/740/668
f 646/710/646 666/738/666 665/737/665
f 119/123/119 116/120/116 648/712/648
f 649/713/649 119/123/119 648/712/648
f 115/119/115 271/280/271 108/112/108
f 114/118/114 546/588/546 115/119/115
f 271/280/271 109/113/109 108/112/108
f 637/701/637 309/322/309 546/588/546
f 114/118/114 108/112/108 93/97/93
f 669/741/669 637/701/637 670/742/670
f 671/743/671 114/118/114 672/744/672
f 166/173/166 644/708/644 167/174/167
f 166/173/166 669/741/669 644/708/644
f 670/742/670 672/744/672 669/741/669
f 263/745/263 66/746/66 112/116/112
f 570/620/570 574/624/574 105/109/105
f 111/115/111 106/110/106 574/624/574
f 106/110/106 113/117/113 99/103/99
f 673/747/673 573/623/573 105/109/105
f 105/109/105 104/108/104 673/747/673
f 95/99/95 106/110/106 99/103/99
f 33/33/33 674/748/674 675/749/675
f 673/747/673 104/108/104 103/107/103
f 107/111/107 102/106/102 104/108/104
f 100/104/100 33/33/33 101/105/101
f 14/14/14 20/20/20 23/23/23
f 676/750/676 677/751/677 91/95/91
f 103/107/103 677/751/677 676/750/676
f 89/93/89 97/101/97 90/94/90
f 96/100/96 94/98/94 678/752/678
f 14/14/14 94/98/94 96/100/96
f 101/105/101 14/14/14 96/100/96
f 114/118/114 679/753/679 672/744/672
f 89/93/89 91/95/91 677/751/677
f 680/754/680 90/94/90 678/752/678
f 681/755/681 672/744/672 679/753/679
f 682/756/682 88/92/88 666/738/666
f 681/755/681 92/96/92 86/90/86
f 681/755/681 86/90/86 88/92/88
f 88/92/88 87/91/87 666/738/666
f 666/738/666 87/91/87 663/735/663
f 663/735/663 87/91/87 680/754/680
f 86/90/86 680/754/680 87/91/87
f 666/738/666 645/709/645 682/756/682
f 683/757/683 590/640/590 684/758/684
f 84/88/84 83/87/83 586/636/586
f 83/87/83 685/759/685 684/758/684
f 591/641/591 683/757/683 686/760/686
f 600/650/600 592/642/592 78/82/78
f 684/758/684 685/759/685 683/757/683
f 79/83/79 687/761/687 686/760/686
f 687/761/687 593/643/593 686/760/686
f 79/83/79 686/760/686 655/719/655
f 655/719/655 686/760/686 685/759/685
f 79/83/79 78/82/78 687/761/687
f 77/81/77 79/83/79 153/159/153
f 82/86/82 81/85/81 77/723/77
f 78/82/78 74/78/74 600/650/600
f 78/82/78 75/79/75 74/78/74
f 688/762/688 75/763/75 689/764/689
f 70/765/70 68/71/68 67/70/67
f 68/71/68 690/766/690 691/767/691
f 692/768/692 145/151/145 693/769/693
f 693/769/693 694/770/694 692/768/692
f 693/771/693 695/772/695 694/773/694
f 692/768/692 689/764/689 145/151/145
f 696/774/696 692/768/692 694/770/694
f 73/77/73 692/768/692 72/75/72
f 696/774/696 72/75/72 692/768/692
f 75/763/75 78/775/78 81/85/81
f 693/769/693 145/151/145 144/150/144
f 137/728/137 693/769/693 144/150/144
f 697/776/697 695/772/695 693/771/693
f 81/85/81 80/84/80 689/764/689
f 698/777/698 699/778/699 700/779/700
f 136/140/136 697/776/697 137/141/137
f 700/779/700 701/780/701 124/128/124
f 702/781/702 136/140/136 125/129/125
f 690/766/690 232/240/232 233/241/233
f 76/80/76 688/782/688 703/783/703
f 65/68/65 626/688/626 704/784/704
f 626/688/626 705/785/705 706/786/706
f 705/785/705 623/685/623 48/48/48
f 48/48/48 623/685/623 49/49/49
f 112/116/112 66/746/66 707/787/707
f 112/116/112 707/787/707 675/749/675
f 112/116/112 675/749/675 674/748/674
f 708/788/708 709/789/709 710/790/710
f 675/749/675 707/787/707 711/791/711
f 63/66/63 712/792/712 61/64/61
f 713/793/713 714/794/714 49/49/49
f 1/1/1 70/73/70 46/46/46
f 675/749/675 715/795/715 21/21/21
f 61/64/61 712/792/712 711/791/711
f 712/792/712 63/66/63 716/796/716
f 16/16/16 55/797/55 717/798/717
f 717/798/717 55/797/55 58/799/58
f 16/56/16 15/800/15 56/57/56
f 718/801/718 719/802/719 52/63/52
f 52/52/52 59/60/59 47/47/47
f 59/60/59 43/43/43 47/47/47
f 59/62/59 60/61/60 720/803/720
f 55/55/55 57/58/57 58/59/58
f 53/804/53 71/805/71 718/801/718
f 718/801/718 52/63/52 53/804/53
f 47/47/47 43/43/43 45/45/45
f 57/58/57 42/42/42 43/43/43
f 55/55/55 42/42/42 57/58/57
f 55/55/55 56/57/56 40/40/40
f 51/51/51 40/40/40 56/57/56
f 40/40/40 35/35/35 37/37/37
f 38/38/38 37/37/37 721/806/721
f 41/41/41 34/34/34 35/35/35
f 38/38/38 721/806/721 722/807/722
f 714/794/714 723/808/723 49/49/49
f 722/807/722 1/1/1 45/45/45
f 675/749/675 21/21/21 33/33/33
f 715/795/715 22/22/22 21/21/21
f 63/66/63 724/809/724 716/796/716
f 32/810/32 28/811/28 725/812/725
f 32/32/32 29/29/29 28/28/28
f 726/813/726 51/51/51 15/800/15
f 29/29/29 54/54/54 30/30/30
f 54/54/54 50/50/50 30/30/30
f 50/50/50 727/814/727 728/815/728
f 49/49/49 723/808/723 729/816/729
f 714/794/714 27/27/27 723/808/723
f 24/24/24 27/27/27 708/788/708
f 13/13/13 23/23/23 12/12/12
f 22/22/22 730/817/730 12/12/12
f 730/817/730 10/10/10 12/12/12
f 715/795/715 730/817/730 22/22/22
f 10/10/10 731/818/731 732/819/732
f 10/10/10 730/817/730 731/818/731
f 730/817/730 712/792/712 716/796/716
f 731/818/731 19/19/19 732/819/732
f 733/820/733 734/821/734 18/18/18
f 731/818/731 725/812/725 733/820/733
f 19/19/19 60/61/60 735/822/735
f 19/19/19 720/803/720 60/61/60
f 17/17/17 720/803/720 19/19/19
f 17/17/17 717/798/717 720/803/720
f 15/15/15 17/17/17 734/821/734
f 18/18/18 734/821/734 17/17/17
f 725/812/725 28/811/28 734/821/734
f 735/822/735 60/61/60 719/802/719
f 698/777/698 700/779/700 718/801/718
f 718/801/718 700/779/700 719/802/719
f 124/128/124 735/822/735 700/779/700
f 9/9/9 8/8/8 124/128/124
f 176/183/176 708/788/708 710/790/710
f 2/2/2 5/5/5 186/193/186
f 5/5/5 2/2/2 1/1/1
f 5/5/5 36/36/36 6/6/6
f 708/788/708 36/36/36 24/24/24
f 735/822/735 719/802/719 700/779/700
f 7/7/7 11/11/11 732/819/732
f 19/19/19 731/818/731 18/18/18
f 24/24/24 36/36/36 25/25/25
f 714/794/714 709/789/709 27/27/27
f 727/814/727 729/816/729 736/823/736
f 736/823/736 729/816/729 26/26/26
f 726/813/726 30/30/30 41/41/41
f 51/51/51 726/813/726 41/41/41
f 719/802/719 60/61/60 52/63/52
f 28/28/28 30/30/30 726/813/726
f 726/813/726 15/800/15 28/28/28
f 711/791/711 712/792/712 730/817/730
f 737/824/737 36/36/36 5/5/5
f 722/807/722 721/806/721 737/824/737
f 45/45/45 1/1/1 46/46/46
f 45/45/45 44/44/44 39/39/39
f 42/42/42 37/37/37 39/39/39
f 31/31/31 48/48/48 54/54/54
f 724/809/724 706/825/706 31/826/31
f 711/791/711 62/65/62 61/64/61
f 49/49/49 194/201/194 713/793/713
f 65/827/65 704/828/704 63/66/63
f 704/784/704 626/688/626 706/786/706
f 699/778/699 698/777/698 695/772/695
f 72/829/72 718/801/718 71/805/71
f 696/774/696 694/770/694 72/75/72
f 703/783/703 738/830/738 691/831/691
f 67/70/67 71/76/71 70/765/70
f 76/80/76 75/79/75 688/782/688
f 593/643/593 78/82/78 592/642/592
f 663/735/663 678/752/678 7/7/7
f 86/90/86 90/94/90 680/754/680
f 679/753/679 93/97/93 92/96/92
f 89/93/89 677/751/677 97/101/97
f 95/99/95 107/111/107 106/110/106
f 574/624/574 106/110/106 105/109/105
f 574/624/574 571/832/571 111/115/111
f 109/113/109 572/622/572 110/114/110
f 644/708/644 669/741/669 645/709/645
f 478/500/478 309/322/309 637/701/637
f 117/121/117 116/120/116 121/125/121
f 646/710/646 645/709/645 666/738/666
f 116/120/116 118/122/118 648/712/648
f 126/130/126 128/132/128 120/124/120
f 117/121/117 639/703/639 118/122/118
f 126/130/126 666/738/666 663/735/663
f 133/137/133 131/135/131 132/136/132
f 660/730/660 139/147/139 739/833/739
f 658/725/658 155/161/155 148/834/148
f 509/537/509 149/835/149 740/836/740
f 654/718/654 152/158/152 153/159/153
f 656/720/656 741/837/741 146/152/146
f 656/720/656 146/152/146 657/721/657
f 155/161/155 631/695/631 740/836/740
f 161/167/161 632/696/632 159/168/159
f 652/716/652 85/89/85 577/627/577
f 652/716/652 742/838/742 85/89/85
f 641/705/641 642/706/642 163/170/163
f 642/706/642 165/172/165 167/174/167
f 636/700/636 638/702/638 635/699/635
f 173/180/173 154/160/154 174/181/174
f 179/186/179 185/839/185 180/187/180
f 204/211/204 184/191/184 183/190/183
f 187/194/187 186/193/186 188/195/188
f 196/203/196 195/202/195 266/275/266
f 625/687/625 626/688/626 65/68/65
f 66/69/66 197/204/197 64/67/64
f 622/684/622 621/683/621 623/685/623
f 211/218/211 214/221/214 209/216/209
f 276/285/276 275/284/275 613/670/613
f 275/284/275 607/668/607 613/670/613
f 214/221/214 221/228/221 212/219/212
f 220/227/220 225/233/225 221/228/221
f 227/661/227 226/234/226 223/231/223
f 228/236/228 220/227/220 609/664/609
f 526/565/526 338/352/338 241/249/241
f 76/80/76 233/655/233 604/654/604
f 236/244/236 235/243/235 602/652/602
f 240/248/240 236/244/236 598/648/598
f 259/267/259 596/646/596 261/269/261
f 591/641/591 593/643/593 246/254/246
f 579/629/579 588/638/588 584/634/584
f 247/255/247 251/259/251 585/635/585
f 488/511/488 575/625/575 581/631/581
f 260/268/260 488/511/488 581/631/581
f 580/630/580 485/508/485 260/268/260
f 489/512/489 252/260/252 254/262/254
f 571/840/571 277/286/277 265/274/265
f 279/288/279 278/287/278 275/841/275
f 562/606/562 551/593/551 278/287/278
f 297/307/297 305/318/305 557/599/557
f 526/565/526 241/249/241 550/592/550
f 552/842/552 339/353/339 550/592/550
f 339/843/339 552/594/552 300/313/300
f 539/581/539 554/596/554 551/593/551
f 300/313/300 337/844/337 339/843/339
f 743/845/743 337/844/337 300/313/300
f 545/587/545 544/586/544 271/280/271
f 274/283/274 286/296/286 566/612/566
f 312/325/312 286/296/286 542/584/542
f 312/325/312 287/297/287 286/296/286
f 411/429/411 149/155/149 532/573/532
f 320/333/320 531/572/531 533/575/533
f 324/337/324 323/336/323 744/846/744
f 329/342/329 325/338/325 324/337/324
f 332/847/332 331/344/331 330/343/330
f 332/847/332 330/343/330 333/848/333
f 517/547/517 333/848/333 330/343/330
f 528/567/528 356/370/356 516/546/516
f 527/566/527 510/538/510 465/545/465
f 341/355/341 524/562/524 338/352/338
f 337/351/337 340/354/340 338/352/338
f 344/358/344 745/849/745 342/356/342
f 520/556/520 745/849/745 344/358/344
f 302/315/302 368/383/368 559/601/559
f 337/844/337 743/845/743 340/563/340
f 743/845/743 358/372/358 357/371/357
f 315/328/315 358/372/358 743/845/743
f 442/463/442 443/464/443 441/461/441
f 519/551/519 362/376/362 560/602/560
f 367/382/367 366/381/366 368/383/368
f 513/541/513 352/366/352 514/542/514
f 318/331/318 354/368/354 528/567/528
f 405/850/405 373/388/373 372/387/372
f 376/391/376 372/387/372 374/389/374
f 376/391/376 497/522/497 446/467/446
f 507/535/507 480/502/480 503/530/503
f 500/529/500 502/528/502 347/361/347
f 498/523/498 497/522/497 501/526/501
f 746/851/746 496/521/496 491/514/491
f 746/851/746 491/514/491 492/515/492
f 490/513/490 248/256/248 250/258/250
f 493/517/493 746/851/746 391/406/391
f 492/515/492 387/402/387 486/509/486
f 390/405/390 383/516/383 391/406/391
f 388/403/388 489/512/489 254/262/254
f 394/411/394 397/414/397 386/401/386
f 402/419/402 484/507/484 401/418/401
f 448/469/448 403/420/403 372/387/372
f 399/416/399 485/508/485 407/425/407
f 409/427/409 171/178/171 479/501/479
f 472/493/472 413/431/413 476/498/476
f 323/336/323 530/852/530 744/846/744
f 475/497/475 473/494/473 469/490/469
f 471/492/471 465/486/465 463/484/463
f 470/491/470 463/484/463 466/487/466
f 417/435/417 463/484/463 747/853/747
f 380/395/380 444/465/444 452/473/452
f 453/474/453 426/444/426 421/439/421
f 424/442/424 426/444/426 453/474/453
f 453/474/453 429/447/429 424/442/424
f 449/470/449 434/452/434 433/451/433
f 435/453/435 445/466/445 434/452/434
f 435/453/435 447/468/447 445/466/445
f 395/412/395 444/465/444 385/400/385
f 440/462/440 443/558/443 360/374/360
f 440/460/440 366/457/366 437/456/437
f 353/543/353 748/854/748 438/855/438
f 748/854/748 367/455/367 438/855/438
f 748/854/748 439/459/439 367/455/367
f 364/379/364 348/378/348 439/459/439
f 439/459/439 348/378/348 437/456/437
f 441/461/441 437/456/437 348/378/348
f 515/544/515 360/374/360 443/558/443
f 396/413/396 395/412/395 386/401/386
f 444/465/444 395/412/395 396/413/396
f 444/465/444 377/392/377 385/400/385
f 371/386/371 446/467/446 355/369/355
f 435/453/435 428/446/428 447/468/447
f 432/450/432 371/386/371 318/331/318
f 449/470/449 433/451/433 431/449/431
f 424/442/424 430/448/430 449/470/449
f 430/448/430 427/445/427 428/446/428
f 425/443/425 370/385/370 451/472/451
f 452/473/452 427/445/427 453/474/453
f 427/445/427 429/447/429 453/474/453
f 421/439/421 426/444/426 450/471/450
f 454/475/454 453/474/453 455/476/455
f 427/445/427 452/473/452 444/465/444
f 421/439/421 450/471/450 451/472/451
f 421/439/421 451/472/451 422/440/422
f 451/472/451 370/385/370 422/440/422
f 456/477/456 370/385/370 320/333/320
f 454/475/454 455/476/455 452/473/452
f 419/437/419 380/395/380 452/473/452
f 458/479/458 452/473/452 457/478/457
f 422/440/422 456/477/456 460/481/460
f 458/479/458 457/478/457 749/856/749
f 749/856/749 457/478/457 459/480/459
f 461/482/461 459/480/459 422/440/422
f 419/437/419 418/436/418 380/395/380
f 462/483/462 460/481/460 509/537/509
f 414/432/414 464/485/464 417/435/417
f 416/434/416 417/435/417 747/853/747
f 414/432/414 416/434/416 311/324/311
f 747/853/747 463/484/463 336/350/336
f 416/434/416 747/853/747 336/350/336
f 467/488/467 466/487/466 464/485/464
f 465/486/465 471/492/471 329/342/329
f 469/490/469 473/494/473 470/491/470
f 308/321/308 468/489/468 467/488/467
f 473/494/473 325/338/325 470/491/470
f 472/493/472 475/497/475 469/490/469
f 413/431/413 472/493/472 466/487/466
f 325/338/325 473/494/473 323/336/323
f 310/323/310 413/431/413 468/489/468
f 409/427/409 473/494/473 475/497/475
f 408/426/408 412/430/412 323/336/323
f 323/336/323 322/496/322 530/852/530
f 478/500/478 413/431/413 309/322/309
f 411/429/411 532/573/532 412/430/412
f 409/427/409 475/497/475 171/178/171
f 150/156/150 149/155/149 411/429/411
f 483/505/483 406/424/406 481/503/481
f 482/504/482 405/423/405 401/418/401
f 403/420/403 405/850/405 372/387/372
f 406/424/406 482/504/482 484/507/484
f 436/454/436 404/421/404 448/469/448
f 403/422/403 392/407/392 401/418/401
f 398/415/398 487/510/487 485/508/485
f 404/421/404 394/411/394 393/410/393
f 390/405/390 392/407/392 393/408/393
f 384/399/384 393/410/393 382/397/382
f 402/419/402 746/851/746 398/415/398
f 486/509/486 387/402/387 389/404/389
f 386/401/386 381/396/381 382/397/382
f 746/851/746 402/419/402 391/406/391
f 398/415/398 492/515/492 486/509/486
f 383/516/383 390/405/390 384/409/384
f 398/415/398 746/851/746 492/515/492
f 387/402/387 491/514/491 489/512/489
f 381/396/381 379/394/379 383/398/383
f 383/398/383 379/394/379 160/166/160
f 161/167/161 160/166/160 379/394/379
f 496/521/496 746/851/746 493/517/493
f 496/521/496 494/519/494 490/513/490
f 497/522/497 376/391/376 501/526/501
f 499/524/499 498/523/498 500/525/500
f 502/528/502 508/536/508 503/530/503
f 501/527/501 508/536/508 502/528/502
f 503/530/503 480/502/480 505/532/505
f 504/531/504 503/530/503 505/532/505
f 501/526/501 376/391/376 374/389/374
f 346/360/346 347/361/347 504/531/504
f 346/360/346 504/531/504 523/560/523
f 504/531/504 505/532/505 506/533/506
f 523/560/523 504/531/504 506/533/506
f 445/466/445 375/390/375 376/391/376
f 373/506/373 483/505/483 481/503/481
f 375/390/375 447/468/447 448/469/448
f 371/386/371 355/369/355 354/368/354
f 369/384/369 510/538/510 353/367/353
f 355/369/355 499/524/499 356/370/356
f 510/538/510 335/348/335 353/367/353
f 512/540/512 510/538/510 369/384/369
f 499/524/499 349/363/349 352/366/352
f 748/854/748 353/543/353 514/542/514
f 748/854/748 514/542/514 439/459/439
f 349/857/349 347/361/347 350/548/350
f 514/542/514 364/379/364 439/459/439
f 366/381/366 360/374/360 362/376/362
f 560/602/560 362/376/362 361/375/361
f 560/602/560 361/375/361 359/373/359
f 743/845/743 357/371/357 340/563/340
f 527/566/527 335/348/335 510/538/510
f 513/541/513 517/547/517 516/546/516
f 353/543/353 333/848/333 517/547/517
f 559/601/559 368/383/368 366/381/366
f 559/601/559 366/381/366 365/380/365
f 535/577/535 559/601/559 365/380/365
f 351/365/351 350/364/350 364/379/364
f 365/380/365 362/376/362 518/550/518
f 347/361/347 346/360/346 345/359/345
f 363/549/363 347/361/347 348/362/348
f 745/849/745 345/359/345 342/356/342
f 442/552/442 345/359/345 745/849/745
f 442/552/442 745/849/745 520/556/520
f 515/544/515 443/558/443 521/554/521
f 357/371/357 361/375/361 515/544/515
f 522/561/522 524/562/524 340/354/340
f 524/562/524 344/358/344 343/357/343
f 343/357/343 342/356/342 525/564/525
f 465/545/465 298/309/298 336/858/336
f 528/567/528 354/368/354 356/370/356
f 335/348/335 334/347/334 333/346/333
f 336/858/336 298/309/298 289/311/289
f 326/339/326 516/546/516 330/343/330
f 527/568/527 329/342/329 328/341/328
f 328/349/328 331/859/331 332/345/332
f 318/331/318 528/567/528 319/332/319
f 331/860/331 328/341/328 324/337/324
f 744/846/744 529/861/529 324/337/324
f 324/337/324 529/861/529 331/860/331
f 528/567/528 326/339/326 319/332/319
f 744/846/744 530/852/530 529/861/529
f 530/570/530 321/334/321 529/569/529
f 531/572/531 320/333/320 319/332/319
f 533/575/533 531/572/531 474/571/474
f 320/333/320 533/575/533 456/477/456
f 456/477/456 533/575/533 509/537/509
f 149/835/149 509/537/509 533/575/533
f 314/327/314 534/576/534 306/319/306
f 534/576/534 535/577/535 518/550/518
f 534/576/534 518/550/518 536/578/536
f 548/590/548 536/578/536 537/579/537
f 537/579/537 316/329/316 317/330/317
f 316/329/316 315/328/315 299/312/299
f 317/330/317 299/312/299 538/580/538
f 537/579/537 317/330/317 539/581/539
f 548/590/548 537/579/537 539/581/539
f 301/314/301 317/330/317 538/580/538
f 539/581/539 540/582/540 554/596/554
f 301/314/301 553/595/553 540/582/540
f 541/605/541 298/309/298 296/306/296
f 311/324/311 312/325/312 415/433/415
f 287/297/287 312/325/312 541/583/541
f 542/584/542 543/585/543 415/433/415
f 543/585/543 542/584/542 545/587/545
f 271/280/271 115/119/115 545/587/545
f 309/322/309 543/585/543 546/588/546
f 543/585/543 545/587/545 546/588/546
f 314/327/314 306/319/306 305/318/305
f 547/589/547 307/320/307 306/319/306
f 536/578/536 519/551/519 316/329/316
f 301/314/301 300/313/300 552/594/552
f 555/597/555 554/596/554 605/657/605
f 558/600/558 307/320/307 547/589/547
f 556/598/556 558/600/558 549/591/549
f 558/600/558 547/589/547 549/591/549
f 315/328/315 743/845/743 300/313/300
f 563/607/563 551/593/551 555/597/555
f 552/842/552 550/592/550 553/604/553
f 563/607/563 555/597/555 607/659/607
f 296/306/296 305/318/305 297/307/297
f 295/305/295 556/598/556 292/302/292
f 557/599/557 556/598/556 295/305/295
f 549/591/549 551/593/551 562/606/562
f 278/287/278 563/607/563 275/841/275
f 563/607/563 607/659/607 275/841/275
f 294/304/294 295/305/295 292/302/292
f 556/598/556 562/606/562 293/303/293
f 562/606/562 278/287/278 564/610/564
f 293/303/293 562/606/562 564/610/564
f 287/308/287 297/307/297 288/609/288
f 294/304/294 293/303/293 565/611/565
f 280/290/280 294/304/294 565/611/565
f 277/289/277 279/288/279 275/841/275
f 566/612/566 288/298/288 283/293/283
f 285/295/285 566/612/566 283/293/283
f 282/613/282 281/862/281 284/294/284
f 272/281/272 284/294/284 281/862/281
f 274/283/274 566/612/566 285/295/285
f 285/295/285 272/281/272 268/277/268
f 565/611/565 278/287/278 568/616/568
f 274/283/274 285/295/285 270/279/270
f 567/615/567 273/617/273 272/614/272
f 568/616/568 273/617/273 565/611/565
f 569/619/569 277/286/277 276/285/276
f 270/279/270 285/295/285 267/276/267
f 268/277/268 568/618/568 570/620/570
f 568/618/568 571/832/571 574/624/574
f 264/272/264 266/275/266 262/270/262
f 263/271/263 111/273/111 262/270/262
f 388/403/388 575/625/575 389/404/389
f 388/403/388 254/262/254 575/625/575
f 495/520/495 578/628/578 576/626/576
f 577/627/577 242/250/242 578/628/578
f 407/425/407 485/508/485 580/630/580
f 407/425/407 580/630/580 506/533/506
f 261/269/261 506/533/506 257/265/257
f 258/266/258 239/247/239 259/267/259
f 253/261/253 256/264/256 258/266/258
f 583/633/583 258/266/258 256/264/256
f 254/262/254 253/261/253 581/631/581
f 255/263/255 582/632/582 256/264/256
f 583/633/583 585/635/585 258/266/258
f 585/635/585 251/259/251 258/266/258
f 250/258/250 255/263/255 252/260/252
f 256/264/256 582/632/582 583/633/583
f 249/257/249 242/250/242 255/263/255
f 579/629/579 584/634/584 244/252/244
f 244/252/244 584/634/584 583/633/583
f 584/634/584 587/637/587 585/635/585
f 585/635/585 586/636/586 247/255/247
f 246/254/246 592/642/592 251/259/251
f 576/626/576 578/628/578 249/257/249
f 243/251/243 579/629/579 244/252/244
f 594/644/594 588/638/588 579/629/579
f 588/638/588 594/644/594 595/645/595
f 595/645/595 587/637/587 588/638/588
f 242/250/242 577/627/577 243/251/243
f 595/645/595 589/639/589 587/637/587
f 591/641/591 245/253/245 590/640/590
f 84/88/84 589/639/589 595/645/595
f 684/758/684 590/640/590 586/636/586
f 590/640/590 683/757/683 591/641/591
f 592/642/592 600/650/600 251/259/251
f 525/564/525 596/646/596 343/357/343
f 525/564/525 523/560/523 261/269/261
f 523/560/523 506/533/506 261/269/261
f 596/646/596 525/564/525 261/269/261
f 338/352/338 215/222/215 241/249/241
f 596/646/596 597/647/597 338/352/338
f 597/647/597 259/267/259 240/248/240
f 236/244/236 237/245/237 216/223/216
f 599/649/599 601/651/601 234/242/234
f 600/650/600 601/651/601 599/649/599
f 74/78/74 601/651/601 600/650/600
f 236/244/236 603/653/603 237/245/237
f 233/241/233 178/185/178 602/863/602
f 607/659/607 555/597/555 605/657/605
f 553/595/553 229/864/229 231/656/231
f 605/657/605 231/656/231 606/658/606
f 553/604/553 561/603/561 608/660/608
f 553/604/553 608/660/608 229/237/229
f 231/865/231 230/663/230 613/670/613
f 613/670/613 230/663/230 610/665/610
f 613/670/613 606/669/606 231/865/231
f 230/238/230 608/660/608 228/662/228
f 206/213/206 613/670/613 610/665/610
f 610/665/610 609/664/609 220/227/220
f 241/249/241 226/234/226 227/661/227
f 228/236/228 224/232/224 220/227/220
f 611/666/611 220/227/220 219/226/219
f 226/234/226 215/222/215 222/229/222
f 212/230/212 222/229/222 217/224/217
f 220/227/220 214/221/214 219/226/219
f 221/228/221 224/232/224 212/219/212
f 209/216/209 214/221/214 213/220/213
f 209/216/209 213/220/213 619/679/619
f 614/673/614 218/225/218 211/218/211
f 210/217/210 192/199/192 616/675/616
f 276/285/276 613/670/613 206/213/206
f 213/672/213 217/224/217 216/223/216
f 620/681/620 213/672/213 238/246/238
f 210/217/210 209/216/209 192/199/192
f 622/684/622 276/285/276 208/215/208
f 207/214/207 621/683/621 622/684/622
f 569/619/569 276/285/276 622/684/622
f 569/619/569 622/684/622 202/209/202
f 202/209/202 622/684/622 200/207/200
f 200/207/200 623/685/623 201/208/201
f 623/685/623 621/683/621 199/206/199
f 199/206/199 205/212/205 193/200/193
f 266/275/266 569/619/569 202/209/202
f 266/275/266 202/209/202 196/203/196
f 197/204/197 196/203/196 202/209/202
f 623/685/623 199/206/199 198/205/198
f 204/211/204 183/190/183 193/200/193
f 202/209/202 201/208/201 197/204/197
f 66/69/66 195/202/195 197/204/197
f 197/204/197 201/208/201 626/688/626
f 626/688/626 201/208/201 624/686/624
f 624/686/624 623/685/623 705/785/705
f 710/790/710 194/201/194 177/184/177
f 195/202/195 66/69/66 263/271/263
f 626/688/626 624/686/624 705/785/705
f 198/205/198 194/201/194 49/49/49
f 713/793/713 194/201/194 710/790/710
f 192/199/192 190/197/190 616/675/616
f 620/681/620 189/866/189 191/682/191
f 237/245/237 603/653/603 238/246/238
f 620/681/620 627/689/627 187/867/187
f 189/866/189 620/681/620 187/867/187
f 616/675/616 190/197/190 630/692/630
f 615/674/615 628/690/628 617/676/617
f 615/674/615 616/675/616 628/690/628
f 630/692/630 628/690/628 616/675/616
f 629/691/629 630/692/630 190/197/190
f 602/652/602 187/867/187 627/689/627
f 629/691/629 181/188/181 630/692/630
f 181/188/181 184/191/184 628/690/628
f 184/191/184 203/210/203 628/690/628
f 187/867/187 602/652/602 185/694/185
f 182/189/182 181/188/181 629/691/629
f 602/863/602 178/185/178 180/187/180
f 183/190/183 6/6/6 177/184/177
f 177/184/177 176/183/176 710/790/710
f 186/193/186 185/192/185 2/2/2
f 749/856/749 420/438/420 458/479/458
f 749/856/749 459/480/459 461/482/461
f 173/180/173 749/856/749 461/482/461
f 420/438/420 175/182/175 632/696/632
f 173/180/173 461/482/461 631/695/631
f 749/856/749 175/182/175 420/438/420
f 749/856/749 173/180/173 175/182/175
f 175/182/175 750/868/750 632/696/632
f 173/180/173 631/695/631 154/160/154
f 151/157/151 479/501/479 635/699/635
f 151/157/151 634/698/634 147/153/147
f 479/501/479 171/178/171 635/699/635
f 635/699/635 171/178/171 168/175/168
f 638/702/638 634/698/634 635/699/635
f 638/702/638 143/149/143 634/698/634
f 168/175/168 172/179/172 169/176/169
f 633/697/633 165/172/165 640/704/640
f 142/148/142 638/702/638 639/703/639
f 169/176/169 633/697/633 640/704/640
f 640/704/640 165/172/165 642/706/642
f 636/700/636 168/175/168 170/177/170
f 162/169/162 170/177/170 169/176/169
f 639/703/639 636/700/636 118/122/118
f 640/704/640 642/706/642 641/705/641
f 162/169/162 641/705/641 163/170/163
f 163/170/163 642/706/642 643/707/643
f 649/713/649 170/177/170 162/169/162
f 649/713/649 162/169/162 164/171/164
f 494/519/494 651/715/651 495/520/495
f 652/716/652 577/627/577 495/520/495
f 650/714/650 496/521/496 493/517/493
f 493/518/493 160/166/160 159/168/159
f 650/714/650 493/517/493 159/165/159
f 651/715/651 650/714/650 158/164/158
f 742/838/742 685/759/685 85/89/85
f 652/716/652 158/164/158 653/717/653
f 652/716/652 653/717/653 742/838/742
f 653/717/653 685/759/685 742/838/742
f 653/717/653 655/719/655 685/759/685
f 462/483/462 509/537/509 740/836/740
f 631/695/631 462/483/462 740/836/740
f 740/836/740 148/834/148 155/161/155
f 154/160/154 631/695/631 155/161/155
f 750/868/750 159/168/159 632/696/632
f 750/868/750 157/869/157 159/168/159
f 656/720/656 750/868/750 175/182/175
f 750/868/750 152/722/152 157/869/157
f 654/718/654 157/163/157 152/158/152
f 174/181/174 154/160/154 156/162/156
f 656/720/656 156/162/156 741/837/741
f 750/868/750 656/720/656 152/722/152
f 146/152/146 80/84/80 657/721/657
f 149/155/149 150/156/150 147/153/147
f 657/721/657 82/86/82 77/723/77
f 148/834/148 740/836/740 149/835/149
f 156/162/156 155/161/155 658/725/658
f 141/146/141 144/150/144 739/833/739
f 146/152/146 739/833/739 144/150/144
f 141/146/141 138/145/138 144/150/144
f 146/152/146 145/151/145 80/84/80
f 156/162/156 134/726/134 741/837/741
f 134/726/134 660/730/660 741/837/741
f 660/730/660 739/833/739 741/837/741
f 741/837/741 739/833/739 146/152/146
f 739/833/739 139/147/139 141/146/141
f 134/138/134 132/136/132 140/144/140
f 130/134/130 661/734/661 140/144/140
f 659/732/659 138/142/138 135/139/135
f 142/148/142 639/703/639 133/137/133
f 123/127/123 139/143/139 661/734/661
f 664/736/664 136/140/136 662/733/662
f 125/129/125 128/132/128 9/9/9
f 133/137/133 117/121/117 129/133/129
f 129/133/129 122/126/122 130/134/130
f 668/740/668 667/739/667 119/123/119
f 119/123/119 667/739/667 126/130/126
f 119/123/119 126/130/126 120/124/120
f 120/124/120 662/733/662 123/127/123
f 120/124/120 664/736/664 662/733/662
f 665/737/665 163/170/163 646/710/646
f 667/739/667 164/171/164 665/737/665
f 668/740/668 119/123/119 649/713/649
f 119/123/119 121/125/121 116/120/116
f 121/125/121 120/124/120 122/126/122
f 117/121/117 122/126/122 129/133/129
f 117/121/117 121/125/121 122/126/122
f 637/701/637 546/588/546 114/118/114
f 166/173/166 637/701/637 669/741/669
f 637/701/637 114/118/114 671/743/671
f 670/742/670 637/701/637 671/743/671
f 672/744/672 670/742/670 671/743/671
f 264/272/264 571/840/571 265/274/265
f 112/116/112 111/115/111 263/745/263
f 572/622/572 269/278/269 573/623/573
f 113/117/113 106/110/106 111/115/111
f 674/748/674 113/117/113 112/116/112
f 105/109/105 573/623/573 570/620/570
f 99/103/99 113/117/113 674/748/674
f 104/108/104 105/109/105 107/111/107
f 100/104/100 99/103/99 33/33/33
f 99/103/99 674/748/674 33/33/33
f 93/97/93 108/112/108 110/114/110
f 573/623/573 673/747/673 572/622/572
f 110/114/110 572/622/572 676/750/676
f 572/622/572 673/747/673 676/750/676
f 107/111/107 95/99/95 102/106/102
f 676/750/676 673/747/673 103/107/103
f 99/103/99 101/105/101 95/99/95
f 101/105/101 33/33/33 20/20/20
f 14/14/14 101/105/101 20/20/20
f 14/14/14 23/23/23 13/13/13
f 114/118/114 93/97/93 679/753/679
f 93/97/93 110/114/110 91/95/91
f 91/95/91 110/114/110 676/750/676
f 103/107/103 102/106/102 98/102/98
f 677/751/677 103/107/103 98/102/98
f 678/752/678 97/101/97 96/100/96
f 95/99/95 101/105/101 96/100/96
f 678/752/678 94/98/94 11/11/11
f 86/90/86 92/96/92 89/93/89
f 89/93/89 92/96/92 91/95/91
f 90/94/90 97/101/97 678/752/678
f 663/735/663 7/7/7 127/131/127
f 7/7/7 678/752/678 11/11/11
f 127/131/127 7/7/7 9/9/9
f 672/744/672 681/755/681 88/92/88
f 679/753/679 92/96/92 681/755/681
f 663/735/663 680/754/680 678/752/678
f 645/709/645 669/741/669 682/756/682
f 669/741/669 672/744/672 88/92/88
f 669/741/669 88/92/88 682/756/682
f 85/89/85 84/88/84 579/629/579
f 85/89/85 685/759/685 83/87/83
f 686/760/686 593/643/593 591/641/591
f 83/87/83 684/758/684 586/636/586
f 685/759/685 686/760/686 683/757/683
f 593/643/593 687/761/687 78/82/78
f 654/718/654 79/83/79 655/719/655
f 77/723/77 81/85/81 78/775/78
f 72/75/72 67/70/67 73/77/73
f 73/77/73 738/870/738 688/762/688
f 703/783/703 688/782/688 738/830/738
f 691/767/691 738/870/738 69/72/69
f 738/870/738 73/77/73 69/72/69
f 69/72/69 68/71/68 691/767/691
f 691/831/691 690/871/690 703/783/703
f 70/765/70 3/872/3 68/71/68
f 72/829/72 694/773/694 698/777/698
f 689/764/689 75/763/75 81/85/81
f 692/768/692 73/77/73 689/764/689
f 73/77/73 688/762/688 689/764/689
f 80/84/80 145/151/145 689/764/689
f 695/772/695 698/777/698 694/773/694
f 72/829/72 698/777/698 718/801/718
f 136/140/136 701/780/701 697/776/697
f 697/776/697 701/780/701 699/778/699
f 699/778/699 701/780/701 700/779/700
f 702/781/702 124/128/124 701/780/701
f 702/781/702 125/129/125 124/128/124
f 702/781/702 701/780/701 136/140/136
f 76/80/76 690/871/690 233/655/233
f 76/80/76 703/783/703 690/871/690
f 232/240/232 3/872/3 179/186/179
f 68/71/68 232/240/232 690/766/690
f 232/240/232 68/71/68 3/872/3
f 66/69/66 65/68/65 62/873/62
f 64/67/64 625/687/625 65/68/65
f 49/49/49 623/685/623 198/205/198
f 707/787/707 66/746/66 62/65/62
f 62/65/62 65/827/65 63/66/63
f 704/828/704 706/825/706 724/809/724
f 706/786/706 705/785/705 48/48/48
f 709/789/709 713/793/713 710/790/710
f 713/793/713 709/789/709 714/794/714
f 715/795/715 675/749/675 711/791/711
f 711/791/711 707/787/707 62/65/62
f 63/66/63 704/828/704 724/809/724
f 31/31/31 706/786/706 48/48/48
f 53/53/53 46/46/46 70/73/70
f 1/1/1 3/3/3 70/73/70
f 59/62/59 720/803/720 58/799/58
f 56/57/56 15/800/15 51/51/51
f 43/43/43 42/42/42 44/44/44
f 55/55/55 40/40/40 42/42/42
f 39/39/39 44/44/44 42/42/42
f 35/35/35 721/806/721 37/37/37
f 722/807/722 45/45/45 39/39/39
f 39/39/39 38/38/38 722/807/722
f 35/35/35 737/824/737 721/806/721
f 737/824/737 35/35/35 36/36/36
f 35/35/35 34/34/34 25/25/25
f 722/807/722 737/824/737 1/1/1
f 737/824/737 5/5/5 1/1/1
f 27/27/27 709/789/709 708/788/708
f 715/795/715 711/791/711 730/817/730
f 731/818/731 716/796/716 32/810/32
f 731/818/731 32/810/32 725/812/725
f 32/810/32 716/796/716 724/809/724
f 724/809/724 31/826/31 32/810/32
f 58/799/58 720/803/720 717/798/717
f 15/800/15 734/874/734 28/28/28
f 31/31/31 54/54/54 29/29/29
f 30/30/30 728/815/728 736/823/736
f 30/30/30 50/50/50 728/815/728
f 50/50/50 49/49/49 727/814/727
f 30/30/30 736/823/736 41/41/41
f 736/823/736 728/815/728 727/814/727
f 41/41/41 736/823/736 34/34/34
f 34/34/34 736/823/736 26/26/26
f 49/49/49 729/816/729 727/814/727
f 729/816/729 723/808/723 27/27/27
f 26/26/26 729/816/729 27/27/27
f 23/23/23 22/22/22 12/12/12
f 731/818/731 730/817/730 716/796/716
f 18/18/18 731/818/731 733/820/733
f 734/821/734 733/820/733 725/812/725
f 17/17/17 16/16/16 717/798/717
f 11/11/11 14/14/14 12/12/12
f 11/11/11 10/10/10 732/819/732
f 732/819/732 735/822/735 8/8/8
f 124/128/124 8/8/8 735/822/735
f 732/819/732 19/19/19 735/822/735
f 7/7/7 732/819/732 8/8/8
f 179/875/179 2/2/2 185/192/185
f 186/193/186 5/5/5 4/4/4
f 6/6/6 36/36/36 176/183/176
f 176/183/176 36/36/36 708/788/708
f 179/875/179 3/3/3 2/2/2
f 264/272/264 111/273/111 571/840/571
f 274/283/274 544/586/544 542/584/542
f 448/469/448 404/421/404 403/420/403
f 347/361/347 349/857/349 500/529/500
f 359/373/359 315/328/315 560/602/560
f 277/286/277 266/275/266 265/274/265
f 98/102/98 97/101/97 677/751/677
f 508/536/508 501/527/501 374/534/374
f 532/574/532 149/835/149 533/575/533
f 415/433/415 543/585/543 308/321/308
f 151/157/151 150/156/150 410/428/410
f 150/156/150 411/429/411 410/428/410
f 693/771/693 137/141/137 697/776/697
f 697/776/697 699/778/699 695/772/695
f 470/491/470 471/492/471 463/484/463
f 151/157/151 635/699/635 634/698/634
