# Blender v2.79 (sub 0) OBJ File: ''
# www.blender.org
o obj4
v -7.785816 1.323869 -8.413658
v -6.319927 2.295753 -8.793183
v -6.919554 0.425188 -8.591303
v -5.468436 -1.328044 -9.341602
v -3.984638 -2.876379 -8.856911
v -4.693959 -2.871771 -9.259487
v -1.544110 3.702112 -9.050928
v -1.800936 1.808175 -8.856686
v -2.568822 2.873726 -9.449865
v -9.790808 -2.253726 -4.381515
v -9.452523 -3.018534 -1.522272
v -10.044125 0.320495 -3.652859
v -9.834400 -2.422237 -5.971805
v -9.163430 -4.470181 -7.122105
v -9.388256 -3.992365 -5.578952
v -8.804074 -1.165638 3.760616
v -9.250497 -1.026234 2.309733
v -8.600160 -2.697184 4.033708
v -7.301500 -5.220386 -1.855080
v -7.873578 -5.617714 -3.225418
v -6.173461 -5.502364 -3.060476
v -4.075322 -3.423306 2.783281
v -4.108825 -3.471215 1.145107
v -3.545941 -3.739499 1.291348
v -2.238467 -2.099741 3.204030
v -2.716779 -3.179141 1.933477
v -2.191254 -2.470581 2.510643
v -0.362321 -5.177290 -5.654467
v -1.556255 -5.209325 -5.904600
v -1.036854 -5.050229 -7.591833
v -7.774249 -0.840218 4.471476
v -8.585763 0.034441 3.501445
v -3.461931 0.399349 5.053925
v -2.436399 -0.720224 4.383839
v -1.966608 -0.468323 5.094979
v -8.996245 6.965950 -9.109211
v -7.667554 6.037010 -9.016163
v -8.456690 6.045316 -9.391685
v -2.687657 6.236182 -8.923979
v -4.022550 5.206214 -8.438689
v -3.574337 7.554349 -9.156966
v -9.605586 11.703001 -4.865119
v -9.753502 9.992171 -3.593936
v -9.650885 11.632005 -3.574203
v -9.734327 10.107108 -7.842779
v -9.781038 12.753435 -5.699222
v -9.398267 15.232457 -5.621205
v -8.145925 15.880206 -6.796989
v -9.317610 14.531740 -8.012141
v -9.763834 6.762699 -0.457869
v -9.722515 5.245602 -1.839557
v -10.190548 5.342927 -0.662066
v -9.050008 11.033159 1.378594
v -9.282222 11.160141 -0.604480
v -9.076814 9.991235 0.728709
v -8.780102 10.107073 2.799396
v -8.176814 8.239903 3.550300
v -7.061106 9.225499 3.134871
v -2.480160 14.550657 -2.269253
v -4.690765 13.575609 0.010728
v -3.959320 13.158217 1.479968
v -4.059650 13.533849 5.895815
v -6.490425 12.201797 4.237208
v -4.426381 12.907691 6.815062
v -2.166474 11.089964 15.506710
v -1.944609 11.962679 15.490144
v -2.703019 10.982246 14.677348
v -1.532400 11.574034 16.408932
v -0.867169 12.671194 14.003906
v -1.393758 12.467483 14.402147
v 1.400331 -3.005830 -8.984941
v 0.010423 -3.725437 -9.102756
v 0.743894 -2.435246 -9.641627
v 4.524603 5.674421 -8.732715
v 5.716964 3.743678 -9.037695
v 3.815315 3.832490 -8.735293
v -0.327320 -2.746245 1.323373
v -1.187935 -2.301681 2.476566
v -1.237619 -3.131774 1.889863
v 0.277615 -3.047569 0.323017
v 0.354258 -3.709449 0.551585
v 1.829976 -3.706824 0.999952
v 4.953647 -3.246819 1.345139
v 7.020699 -3.655633 0.331763
v 6.858978 -2.983745 1.927956
v 6.245666 -4.660356 -6.200494
v 5.272189 -4.632124 -8.188137
v 6.497782 -4.486615 -6.801526
v 7.558667 0.600901 3.627921
v 7.671329 0.975834 2.207631
v 7.281013 2.720820 3.594694
v 9.238943 4.605556 -6.512782
v 9.183601 3.795152 -5.713003
v 9.090476 4.016782 -7.735307
v 0.038471 3.444108 9.861130
v 0.045574 3.325076 8.059387
v 1.345922 3.385461 9.511438
v 1.598463 1.116737 6.383556
v 0.522981 1.585178 5.395036
v 2.708266 0.857185 5.990645
v 1.749673 2.082984 8.428580
v 1.839399 2.532880 9.084963
v 3.592949 0.151848 6.024196
v 3.565260 -0.626205 5.521949
v 5.292665 0.032423 5.893498
v 5.769016 3.077283 9.727394
v 4.438006 1.772250 8.009016
v 7.160301 2.419908 8.548072
v 5.704089 -0.707065 5.314310
v 7.197073 0.567800 6.218908
v 1.344284 7.582647 -8.804371
v -0.538969 7.653679 -8.884546
v 0.481419 9.527569 -8.965808
v 0.767675 12.305047 -8.729834
v 1.464522 10.532553 -8.924980
v 0.173288 10.818894 -8.592176
v 3.091671 12.301439 -8.626588
v 4.185539 11.359822 -8.726769
v 2.029136 11.633048 -9.004461
v 3.840557 10.320515 -8.997117
v 6.062150 5.797010 -9.053384
v 5.040598 13.213827 -4.868421
v 4.297066 13.249888 -5.777731
v 2.911104 13.511169 -4.897593
v 7.927283 10.609695 2.082634
v 7.564789 10.995819 1.452597
v 7.411014 11.536057 2.286066
v 7.851214 12.792216 -7.895254
v 6.165290 13.204711 -7.476152
v 7.020834 13.202025 -6.936766
v 8.593621 9.407883 -2.724950
v 8.245978 8.420200 -1.874645
v 8.501836 7.421574 -1.710705
v 8.226305 8.782647 1.444854
v 8.072755 9.174711 2.493049
v 8.445909 7.622487 2.068969
v 8.480680 13.164848 -3.255892
v 8.147901 12.622423 -1.791421
v 9.214066 12.696542 -3.468486
v 3.431767 10.668939 16.337383
v 4.991214 10.419249 16.228685
v 4.308352 11.386418 15.475813
v 6.645952 7.967711 14.562701
v 6.228501 6.462325 14.206332
v 6.797086 7.082022 13.682822
v 7.366833 7.583191 10.387673
v 7.544449 5.053553 10.021514
v 7.537476 6.945701 9.550525
v -0.130674 9.579677 17.685234
v -0.778116 9.082206 17.055901
v 0.628585 9.466067 17.698284
v 4.445809 9.542883 16.422195
v 5.098989 9.380138 15.836599
v 2.822785 9.962124 17.402628
v 2.538545 8.801468 17.176973
v 2.874685 10.244357 16.401020
v 2.558563 10.968884 16.728724
v 2.775075 11.745343 15.526000
v 0.674264 11.099736 16.803099
v 1.458948 10.241107 17.929308
v -0.090436 10.646680 18.283499
v 8.085811 12.350322 7.560340
v 8.319757 11.165144 6.537404
v 8.635798 10.938614 4.023001
v 7.544473 12.054790 4.099850
v 8.303473 10.556426 3.548002
v 7.986869 10.628508 11.173265
v 8.191625 9.404076 10.310339
v 7.675289 9.231421 11.102444
v 8.561186 8.286572 9.337092
v 8.653461 8.047412 8.153764
v 8.321477 9.671775 7.953712
v 8.566341 6.987500 7.876656
v 7.398713 5.828520 7.922545
v 7.153147 4.712780 6.374972
v 7.800920 5.950726 7.693411
v 6.438074 11.758413 13.285830
v 6.869794 11.092418 12.997349
v 6.486557 12.792286 10.755823
v 7.062264 10.628879 12.118715
v 7.062306 13.000178 10.019059
v 5.731112 10.009461 15.333925
v 6.655538 9.749034 14.762995
v 6.444202 10.811688 14.288033
v 5.357659 9.337284 14.729816
v 6.204100 8.809838 14.793807
v 5.829489 7.256952 15.244346
v 7.335510 7.203180 11.623600
v 6.742906 8.119335 12.740012
v 7.270576 6.449441 13.493526
v 6.205794 13.199475 9.878393
v 6.307670 12.999244 6.337544
v 5.297792 13.369802 7.525405
v 5.449355 13.105423 4.090779
v 4.337636 7.258982 15.240369
v 3.771412 6.335641 14.300409
v 4.846090 11.948243 14.734647
v 3.257085 12.132523 15.349394
v 2.988210 6.795297 15.584295
v 2.368919 6.264360 15.189427
v 1.506609 13.379423 6.286876
v 3.112208 13.815005 8.732748
v 3.081819 13.009809 5.524249
v 0.549048 5.243918 12.276000
v 1.070642 4.385544 11.831779
v 2.757075 4.432692 11.844277
v 0.286380 6.861505 16.146503
v 1.132264 6.641932 15.630880
v 1.047354 8.564123 16.244104
v 2.193258 5.719548 14.181515
v -1.238750 5.813718 12.984462
v 0.626749 5.043207 13.296656
v 9.231450 8.992324 -7.000271
v 8.395039 8.227098 -7.629251
v 9.277066 10.359509 -7.590268
v 8.927718 11.829349 -4.544925
v 7.975293 13.059471 -4.902036
v 7.629503 11.980897 3.341928
v 8.678123 10.615841 -2.026079
v 8.295776 9.842767 1.245073
v 8.556750 7.726756 0.478979
v 8.760725 7.457786 -4.307328
v 8.670852 5.732159 -2.731085
v 9.033623 5.762393 -6.237504
v 9.167178 6.797684 -7.330094
v 7.888232 10.081758 1.622816
v 7.702337 10.273727 1.014210
v 5.772591 12.865074 -0.422726
v 6.139309 11.992355 -0.713379
v 6.574250 13.084828 -1.162451
v 5.369703 13.439675 -2.779161
v 3.769245 13.529682 -3.668937
v 0.799521 13.362316 0.159136
v 2.306409 13.485210 -1.087196
v 1.262765 13.748491 -0.855747
v 2.302673 13.305199 -1.853934
v 0.910364 14.034485 -2.536164
v -0.937884 14.324901 -3.723349
v 0.855331 13.947932 -4.642921
v -0.874870 14.373078 -5.428173
v -0.656307 14.156103 -2.408713
v 6.611478 9.885299 -8.303888
v 5.255900 9.932256 -8.436976
v 6.059137 11.361365 -8.179825
v 5.525968 8.747488 -8.346505
v 6.010576 4.015230 -9.337764
v 4.788120 11.784657 -8.618554
v 5.137377 12.590487 -8.612039
v 4.800550 9.458210 -9.121738
v 2.304520 9.666584 -9.013839
v 2.429579 13.951828 -7.347676
v 2.859488 13.128140 -8.582151
v 1.256541 13.229747 -8.782474
v 0.471307 7.291400 -8.828198
v 1.334418 5.067294 -9.092935
v 1.310476 9.016985 -9.323764
v -1.021448 7.845191 -9.267574
v 8.590183 5.845806 3.535578
v 7.731830 3.648484 4.045417
v 8.665963 3.788655 3.699920
v 4.831630 4.553944 12.523660
v 3.970692 3.147211 9.697833
v 2.934106 2.150744 7.969296
v 1.275520 0.000966 5.032415
v 2.500144 -0.051953 4.836808
v 1.774128 0.710182 5.186667
v 2.767079 1.359578 7.304791
v 0.749549 1.450403 6.394281
v 2.711745 0.655806 5.195433
v 0.604397 0.956765 5.323137
v -0.397629 0.587175 5.004440
v -0.418842 -0.176739 4.674888
v 0.565547 -0.468241 4.536571
v 9.161838 5.503616 -5.031280
v 9.304668 2.957506 -1.695516
v 9.496399 1.373494 -2.073496
v 9.137060 2.309383 -5.558643
v 8.998903 1.560989 -7.459826
v 9.142714 0.107151 -5.093225
v 8.992575 0.343384 -8.024127
v 7.711534 -1.532847 1.748101
v 7.605908 0.348517 1.126236
v 8.559494 0.224907 -0.526116
v 9.199864 0.508584 0.184358
v 7.759880 -0.625976 -0.348143
v 9.490176 0.300387 -3.434606
v 7.955396 -0.947275 -1.915238
v 7.687153 -0.836690 -3.905672
v 7.782096 -3.665801 -2.633117
v 7.447823 -2.052649 -5.668496
v 7.542415 -2.904729 -7.102101
v 7.200957 -2.094037 -6.804894
v 6.727939 -2.944372 -8.289639
v 6.819467 -2.383526 -7.502924
v 6.051362 -4.574719 -1.445091
v 7.974851 -2.889717 -0.596896
v 4.301555 -5.703495 -3.552823
v 5.488314 -5.136384 -4.474085
v 6.292117 -5.290491 -3.955015
v 4.796457 -5.178730 -2.768682
v 3.622904 -1.334059 3.465400
v 4.059931 -3.393930 2.364913
v 4.498482 -1.036040 2.886071
v 3.112538 -2.463917 2.590462
v 1.506243 -2.508490 1.471625
v 0.552022 -2.684532 0.773431
v 0.777103 -5.030744 -7.379626
v 2.550591 -5.910444 -5.121313
v 0.833338 -5.693867 -5.331218
v 1.287548 -3.662240 -8.421615
v 2.242802 -5.154047 -7.865798
v 0.339366 -2.788216 2.745860
v 1.506535 -2.450153 2.811593
v 0.674990 -5.718486 -3.622642
v 1.756736 -5.412131 -4.045758
v -0.427901 -2.213925 3.145549
v 0.803260 -1.502666 3.637970
v 8.674245 3.298906 -7.675676
v 7.762438 3.687896 -8.930392
v 6.637604 1.636465 -8.921856
v 7.944772 0.327617 -8.829753
v 5.866973 0.366691 -9.064531
v 7.536439 -0.668549 -9.032829
v 6.185138 -1.151605 -9.068420
v 5.265676 -0.241291 -8.944740
v 4.273886 -1.080496 -8.988239
v 6.593151 -3.573699 -8.280642
v 5.414522 -3.121117 -8.823147
v 4.043966 0.877705 -9.069657
v 3.978296 -4.275794 -8.439839
v 3.334882 -5.165675 -7.345458
v 2.952264 6.196949 -8.818365
v 3.602439 5.181058 -8.243731
v 3.067637 -2.244229 -8.698723
v 2.089452 -3.746293 -8.836867
v 2.184924 -3.003679 -8.951322
v 2.262707 4.501214 -9.063624
v 1.244913 2.974241 -9.435376
v 1.624725 4.482890 -9.449421
v -3.324713 9.769740 16.187187
v -1.916045 9.012088 17.387550
v -2.844389 10.173835 17.112640
v -0.779035 12.661133 10.446776
v -1.818474 13.063672 6.881887
v -2.288222 12.801058 9.844612
v -1.106723 6.340965 14.746116
v -2.122553 6.546701 13.687167
v -3.385868 13.164989 7.927090
v -3.469684 12.152822 10.058146
v -2.421124 12.294575 14.246107
v -2.663603 12.470430 12.656290
v -3.024478 11.289349 13.827223
v -3.612889 12.052363 8.322365
v -3.225708 9.077211 13.652949
v -3.394262 8.633646 15.005621
v -3.085554 5.785028 12.201246
v -1.743267 5.405564 12.166757
v -2.170206 6.858281 11.850975
v -2.229543 5.497260 11.229943
v -3.878203 9.451180 9.953593
v -3.665352 11.192863 9.714396
v -3.316658 9.335492 12.483311
v -3.318038 8.421768 13.095414
v -3.276261 7.521194 11.682235
v -2.341387 6.235463 13.235792
v -5.935300 9.598791 6.114158
v -4.867305 9.475991 7.888443
v -5.950458 10.511110 5.787211
v -4.951725 5.329710 9.309579
v -4.117797 5.007310 10.943499
v -4.377360 6.611587 10.558040
v -5.848410 8.690567 7.028990
v -6.599257 7.426659 6.481580
v -8.769799 6.364213 4.116745
v -8.750938 4.208775 4.442851
v -8.378197 4.869067 4.680944
v -1.718167 12.664583 1.543741
v -2.813346 13.025965 1.384325
v -2.944177 13.322669 2.156704
v -5.265518 13.010237 2.747824
v -4.572202 13.067857 3.692063
v -4.881046 13.248245 1.400832
v -7.480825 8.178785 4.052327
v -6.797101 9.544812 3.966919
v -8.689612 13.258819 -0.471509
v -8.671131 11.745225 1.693508
v -8.326236 13.102677 1.753250
v -9.055223 9.051493 1.501592
v -8.607869 8.909623 3.034107
v -9.353744 5.452463 2.324272
v -8.879891 6.788609 3.120073
v -7.962817 14.120831 -1.742272
v -8.956502 14.076835 -2.538211
v -9.202044 13.819122 -1.563057
v -9.578687 7.963640 -0.017526
v -10.156752 10.044625 -7.598087
v -10.373593 7.103401 -4.616383
v -10.010831 8.063454 -3.411914
v -10.338094 7.247136 -6.452073
v -9.529445 8.404864 -2.354824
v -9.521575 7.141828 -1.539970
v -10.039154 4.781360 -3.353105
v -9.757544 6.645668 -3.102071
v -2.889181 4.555672 -9.166390
v -5.392874 12.319315 -8.931820
v -6.294030 10.449211 -9.186193
v -6.720318 12.131756 -8.923894
v -4.594771 7.837903 -8.688505
v -6.779036 10.266353 -8.587430
v -7.850777 12.961272 -8.815789
v -7.963370 10.341996 -8.616481
v -9.127369 11.567469 -8.767260
v -8.599271 12.821536 -8.435913
v -9.557762 12.749137 -7.905304
v -9.859751 8.509095 -8.133963
v -9.802172 5.843088 -8.422994
v -1.560586 3.342882 9.584261
v -1.265500 1.623742 6.677863
v -0.127394 1.564186 6.542511
v -0.641441 2.243397 6.464908
v -1.810196 1.680589 6.105576
v -1.031316 1.311698 5.746316
v -0.770247 3.948273 11.005330
v -0.198125 4.485637 11.131254
v -1.773189 5.080398 10.746477
v -1.352362 0.692682 5.519477
v -2.018582 -1.533451 4.070055
v -1.156147 -1.272321 3.522594
v -1.046295 -0.748035 3.407313
v -3.459383 2.090984 6.633921
v -2.866133 1.675330 5.937493
v -2.537855 1.982142 6.639754
v -5.421122 1.617234 5.883044
v -3.681438 1.343500 5.560255
v -5.352921 0.811874 4.562713
v -3.629985 -0.400390 4.947169
v -4.206022 4.263258 9.262987
v -3.588306 4.238443 9.860649
v -5.880668 -0.565829 4.456849
v -5.474529 -1.411871 4.304246
v -4.188293 -1.018937 4.602747
v -4.534671 -2.349574 4.439028
v -5.572613 4.275353 8.146168
v -4.223465 3.345361 8.326731
v -5.150337 4.160868 9.287914
v -5.940355 4.036629 7.526122
v -6.006320 1.067904 5.692012
v -4.658409 0.926411 5.415098
v -5.672685 -3.309170 3.973167
v -4.857143 -2.387691 3.816938
v -6.766025 4.231874 4.988565
v -6.679799 2.219280 5.578426
v -6.471420 3.458463 6.206397
v -7.696318 3.288887 4.580641
v -7.488557 5.055782 4.566970
v -6.694256 2.399219 4.818888
v -6.333691 0.730183 4.924537
v -6.865112 -1.239062 4.136620
v -2.945025 -4.017230 1.011097
v -2.809060 -4.791909 0.555701
v -1.901553 -3.540312 0.274604
v -3.179553 -5.653431 -5.095094
v -3.412044 -5.379007 -6.272634
v -2.147030 -5.387880 -5.001347
v -5.015779 -5.415053 -5.485909
v -3.211679 -5.687535 -3.792544
v -4.541160 -4.325240 0.533273
v -4.072612 -4.986634 -0.007850
v -3.776744 -4.532046 0.695580
v -4.510918 -3.013125 3.554747
v -5.825909 -3.085682 1.895889
v -6.514542 -3.559989 2.625176
v -6.620970 -3.649542 0.689248
v -5.095392 -3.539062 2.794355
v -6.875851 -5.280951 -7.374764
v -7.609661 -5.308191 -7.826553
v -5.988935 -5.597234 -7.818830
v -9.464041 3.521883 -1.110227
v -9.501086 2.226561 1.083322
v -9.720201 3.357919 1.336444
v -9.109488 -2.246546 -0.429905
v -9.029582 -2.779530 1.646798
v -9.786848 3.508883 -2.688067
v -10.126111 3.504849 -5.870381
v -8.788634 3.181451 -8.468985
v -9.687423 1.766842 -7.049834
v -8.819008 -4.396304 -0.840232
v -8.083411 -3.413667 0.753494
v -1.005675 2.385648 -9.350320
v -0.275341 1.467906 -9.444039
v -1.545721 1.054515 -9.453098
v -1.281531 3.487138 -9.386042
v -0.653078 0.505120 -9.283346
v -2.172251 -0.237333 -8.026449
v -3.740355 3.519449 -8.663129
v -2.166214 -1.756104 -8.376889
v -3.074142 -1.893529 -8.937155
v -4.401964 1.317101 -9.221475
v -5.123000 1.817538 -8.837859
v -4.971142 2.891373 -8.944120
v -5.610341 3.996661 -8.965710
v -6.695700 3.388037 -8.815751
v -5.359324 0.692348 -9.016743
v -6.000876 0.540582 -9.469842
v -6.948217 -1.320087 -9.252377
v -5.896381 -3.758525 -8.924222
v -6.369625 -3.470998 -9.215629
v -8.120169 -1.522242 -8.782987
v -8.688460 -1.777207 -8.137780
v -9.486462 -1.528841 -7.528501
v -8.123419 -2.884845 -9.100404
v -9.138017 1.082080 -7.707944
v -9.155935 4.867527 -8.469941
v -8.080783 4.424691 -8.749889
v -7.826226 3.676168 -9.164205
v -7.143038 2.543103 -8.616325
v -3.982487 -4.718320 -8.304544
v -4.091372 -3.703158 -8.728880
v -1.880793 -2.809387 -8.651806
v -4.008980 -0.520464 -8.563586
v -2.944576 0.775660 -8.879801
v -3.244458 -5.029020 -7.974063
v -3.054839 1.725286 -9.346609
v -1.287998 4.585767 -9.596848
v -1.816606 -4.692401 -8.378428
v -1.261459 -3.952383 -8.385003
v -1.014938 -1.369605 -9.256723
v -0.999690 -2.504735 -9.016056
v -0.087475 4.218148 -9.215094
v -9.878374 4.996383 -7.835374
v -9.631781 -4.571970 -3.914907
v -8.964368 -5.500964 -3.379326
v -8.305132 -3.616115 2.144452
v -9.286144 -0.416579 -1.752873
v -9.253807 1.493970 -0.791536
v -9.726154 4.197618 -8.365423
v -8.666628 -5.052434 -4.007482
v -9.065438 -4.294045 -4.375113
v -8.183555 -4.480186 -8.532351
v -7.545946 -4.154565 -0.656867
v -9.095942 -0.768875 0.215318
v -9.348142 3.431312 2.800047
v -8.972697 2.194689 2.773891
v -9.793396 4.986390 0.283883
v -7.598510 -3.349170 2.672972
v -7.596951 -2.809811 3.511360
v -7.226099 -5.161747 -4.383124
v -4.642034 -4.894754 -3.569231
v -6.337657 -4.192371 -0.818285
v -5.676078 -4.001368 0.618862
v -6.595775 -2.910861 3.682170
v -5.309593 -5.530789 -1.648482
v -5.597396 -4.956680 -0.992112
v -4.986581 -4.885291 -0.219210
v -4.884117 -3.625775 0.993118
v -2.853871 -4.820446 -2.160255
v -4.157667 -5.352576 -1.127444
v -3.278878 -5.259130 -0.977891
v -3.455646 -3.480255 3.258161
v -2.199404 -3.575011 2.193830
v -1.885442 -5.468261 -1.790853
v -1.280609 -4.704454 0.381116
v -1.860462 -5.147521 -0.448121
v -0.273489 -5.109954 -0.547144
v -0.713148 -1.665143 3.365372
v 0.256948 -5.204722 -1.488491
v -0.384560 -4.368644 0.378259
v -1.048844 -3.044557 0.483880
v -7.792955 -2.726543 4.325282
v -6.016322 2.223082 6.342636
v -5.421299 2.463814 7.263867
v -4.837296 1.948473 6.441632
v -6.014981 3.289908 7.458469
v -4.884403 2.868007 6.912650
v -4.485049 2.638658 8.346761
v -4.625208 -0.055548 4.786667
v -5.849438 0.003195 4.884950
v -2.770237 2.928858 5.881114
v -2.423560 2.600054 7.568865
v -3.243696 3.263377 8.951675
v -2.638833 1.118819 5.384863
v -2.866659 3.462471 7.675775
v -3.456514 2.759562 7.896872
v -2.032608 4.421372 10.897526
v -2.211232 4.033909 10.114273
v -2.727038 -1.374659 4.720897
v -1.947703 3.225113 8.298174
v -1.255235 -0.606011 4.392109
v -1.339438 2.494931 7.799085
v -6.858989 13.632232 -8.380270
v -6.396632 7.075793 -8.560185
v -8.196539 8.727522 -8.719349
v -5.282943 6.160034 -8.490314
v -7.025931 5.268211 -9.227518
v -5.645417 14.121236 -8.515752
v -4.479824 10.187732 -9.102539
v -3.490887 14.628872 -7.718584
v -7.388398 15.044526 -8.271538
v -3.399909 13.555520 -8.885496
v -3.198760 8.977471 -8.776501
v -0.237598 5.901516 -8.829401
v -0.666198 13.400185 -8.722329
v -1.468590 11.373361 -8.668649
v -1.501786 13.322041 -8.637019
v -9.784233 6.513979 0.630014
v -9.300722 7.144319 1.451596
v -9.463462 4.732759 1.666454
v -9.516075 9.501884 -2.347229
v -9.279934 10.182894 -0.440065
v -9.464064 10.905930 -2.284356
v -8.298667 15.290479 -5.063388
v -9.231664 7.807326 2.056698
v -8.214278 14.245605 -0.751389
v -6.556860 14.591521 -3.211888
v -6.753531 15.952242 -7.034058
v -8.143991 11.241156 2.167992
v -7.326943 11.073881 2.315163
v -6.381417 13.066186 1.417548
v -6.795244 13.911155 0.539554
v -7.062735 14.546846 -2.370558
v -4.585033 14.682488 -4.019494
v -4.644871 14.807220 -3.251521
v -2.762195 14.661204 -3.457495
v -2.266294 14.548520 -4.839767
v -1.045107 13.920012 -0.901973
v -1.442695 13.244383 0.378439
v -1.325903 13.128054 2.048396
v 0.207111 13.257818 1.555464
v -7.576088 8.067107 4.414124
v -7.049429 5.725471 5.146870
v -6.687444 4.888766 6.472909
v -6.198302 7.083790 7.673020
v -6.606269 13.274069 2.228032
v -6.000825 5.319813 8.487209
v -5.304030 6.527948 8.756730
v -5.802395 8.049899 8.481750
v -3.641028 5.813990 10.849865
v -4.207632 7.331256 11.706446
v -3.468033 7.785562 12.918090
v -2.691106 6.932441 14.935902
v -4.309722 8.208600 10.070659
v -3.353959 8.944812 11.033874
v -3.302663 13.231610 4.703776
v -3.233555 11.264172 12.330315
v -3.568892 9.951926 11.387973
v -1.226652 7.145325 15.451398
v -2.877921 10.478858 15.378177
v -0.849818 6.033226 12.269638
v -0.795365 5.328938 12.520305
v -1.524103 9.945033 18.636631
v -2.338632 7.755345 15.512918
v -0.242438 -4.262759 -8.233089
v 0.318843 -0.700204 -9.456759
v 0.964184 -1.235913 -9.235239
v 0.149491 4.450829 -8.698308
v 0.251672 3.253767 -8.742776
v 2.681764 -0.740360 -8.947062
v 2.201829 2.203976 -8.733921
v 3.237649 -3.773207 -8.725319
v 3.638118 0.292931 -9.277945
v 2.103187 0.465788 -8.526131
v 3.985384 1.681746 -8.571592
v 2.091143 5.811579 -8.665885
v 4.528650 -2.334951 -8.896384
v 5.198715 0.907701 -8.778079
v 4.710001 2.333638 -8.845593
v 3.584132 2.877510 -8.598023
v 5.974070 -2.049773 -8.997887
v 6.421061 -2.034122 -8.195571
v 6.839547 3.093135 -8.895449
v 7.489717 2.033417 -8.562380
v 8.128994 2.574513 -7.787198
v 0.819135 -4.836353 -0.443375
v 2.420649 -5.155871 -1.792923
v 2.355687 -4.978010 -6.540713
v 2.576262 -2.948201 1.782020
v 4.069421 -5.413576 -5.476078
v 5.163483 -5.404467 -6.543185
v 4.299453 -4.817976 -1.818982
v 3.265803 -3.667772 1.263044
v 3.546039 -3.983027 0.139028
v 5.568945 -3.919232 0.152552
v 4.800024 -3.000815 2.363363
v 5.462422 -1.899173 3.223099
v 6.685557 -1.663656 3.396333
v 7.996443 -3.409071 -4.823978
v 6.403245 -4.936154 -4.986856
v 6.917450 -1.862377 -7.569543
v 7.367119 -1.597131 -7.656140
v 7.048130 -1.234150 -8.545630
v 8.062283 -0.903657 -7.082192
v 7.610713 -1.261500 -6.246177
v 9.516293 1.348674 -0.304101
v 8.635418 3.048564 1.996265
v 9.557047 2.552485 0.208887
v 8.518388 4.400223 1.315115
v 9.100089 3.785216 -0.821169
v 7.850469 2.743260 3.744805
v 8.550829 6.095061 0.261736
v 9.213233 0.035326 -1.187329
v 0.631491 -1.000790 3.812955
v -1.259912 4.887006 11.360908
v 1.939848 -0.835321 3.984833
v 2.043172 1.651217 7.349949
v 3.603784 -1.394853 5.149978
v 4.525270 0.836219 6.961645
v 4.009233 1.725494 7.370167
v 4.747541 -0.925237 5.031733
v 5.769627 0.887936 6.735682
v 7.484560 4.027038 7.582461
v 7.678972 1.616079 6.989405
v 7.100895 4.271702 11.105460
v 8.533593 5.490446 5.560669
v 7.939023 4.226021 5.229096
v 8.381369 4.861624 4.321679
v 2.510101 8.065195 -8.778126
v 3.287868 8.763187 -9.062629
v 4.244826 7.796134 -9.092836
v 3.329201 6.289481 -9.362514
v 5.149484 7.623217 -8.512829
v 7.091129 6.707920 -8.575188
v 6.805842 7.670170 -8.445535
v 8.943298 11.532136 -8.308196
v 7.144690 9.075456 -8.267741
v 9.062783 11.017303 -7.797323
v 8.183578 5.194442 -8.714792
v 9.478825 12.489486 -7.281167
v -0.261865 14.435420 -7.169489
v 1.674221 13.984584 -4.105675
v 3.036259 12.824530 1.489616
v -0.216583 12.808414 1.072223
v 3.130726 13.114514 1.965698
v -0.002973 13.237490 3.640211
v 2.280383 14.064007 -2.695588
v 2.506780 13.173011 0.088147
v 3.576808 13.491366 -1.354888
v 4.285173 13.105768 -0.186538
v 3.915439 13.440046 -2.816777
v 5.078874 13.296821 -6.417993
v 4.399163 13.717441 -7.174973
v 6.375557 11.875887 1.624506
v 7.419874 11.850805 0.798520
v 6.226590 12.148151 1.041004
v 7.092875 13.069888 -2.319010
v 6.612382 12.025524 0.275674
v 5.487496 12.270943 0.233097
v 6.148626 12.420479 1.644162
v 6.298342 12.394060 2.284377
v 5.998781 12.915738 3.325564
v 6.650073 12.419633 3.589040
v 7.147270 11.230085 -0.331730
v 7.113306 12.031994 1.926913
v 8.203581 10.127483 -0.042849
v 7.965172 10.120426 2.931850
v 8.225926 10.975224 2.359049
v 7.606145 10.703688 -0.527153
v 8.497746 6.754811 1.291702
v 9.370997 9.439841 -5.575661
v 8.434130 7.225501 -0.730594
v 8.522854 6.830459 3.288840
v 8.860019 9.390987 -3.901097
v 8.578968 8.116543 3.530300
v 8.740745 9.532102 -4.575915
v 9.370128 10.993578 -6.011368
v 9.369281 12.951137 -5.704255
v -1.446598 13.205584 4.260340
v 1.001045 13.432895 5.765763
v 0.478065 13.352736 11.241559
v 1.037834 13.563197 8.963364
v 0.721767 13.177070 13.182884
v -0.421352 12.570908 11.472852
v 0.040444 8.288773 17.120411
v 1.723462 7.378997 16.287470
v 1.000126 12.173179 15.000238
v 2.404758 13.486342 9.946946
v 3.348701 4.878373 13.165987
v 3.083955 7.783168 16.438728
v 1.638158 12.879787 13.060628
v 2.499601 12.711574 12.258964
v 4.142898 13.359280 12.927195
v 2.898943 12.816761 10.701878
v 3.778220 13.065291 9.438054
v 4.119362 13.188325 6.705582
v 3.927749 13.353840 11.249317
v 5.995585 13.070688 11.190353
v 5.572193 8.521717 16.248251
v 5.632634 12.547613 12.752088
v 6.789445 8.679428 11.485761
v 6.513942 9.101410 12.524992
v 6.106495 9.076548 13.649590
v 6.574502 13.026119 4.359031
v 6.567046 12.730536 7.092416
v 7.458911 12.847594 6.738215
v 6.966260 12.882983 5.015317
v 7.960728 4.710862 6.381871
v 8.160991 12.694682 4.947278
v 8.374097 8.216588 5.483103
v 8.446310 6.012848 3.904009
v 8.666115 8.343267 6.911710
v 8.357199 10.053054 5.072967
v 0.166434 10.939009 17.037458
v 4.632565 8.725316 16.705177
v 3.663494 9.370906 17.145504
v 3.473681 8.695807 16.957672
v 4.822272 9.059913 16.334526
v 1.476849 9.198216 17.418137
v 4.768258 12.830625 8.312367
v 2.997488 13.204881 13.148746
v 1.587976 12.205844 14.299112
v 8.207585 9.462750 -1.362614
v 6.908460 12.114046 3.237148
v 7.789934 11.092950 0.940035
v 4.395357 12.683506 1.533418
v 2.000259 10.951530 -8.625377
v 7.359456 3.039610 5.167825
v 2.157079 2.358127 7.200104
v 1.022022 1.387264 7.671442
v -0.198056 2.831347 7.898042
v 0.637232 3.237114 6.986655
v -0.344444 2.257466 7.494022
v 9.002728 2.716524 -7.668872
v 2.370045 -1.374603 2.832526
v 1.531864 -4.708961 0.166208
v 8.342056 1.778058 -8.193995
v 0.915590 1.990299 -9.122999
v 1.217631 0.832122 -9.439964
v 0.361055 1.209164 -9.564978
v -1.288585 12.619520 12.975128
v -0.054238 13.310263 7.386900
v -6.188704 5.388784 7.479308
v -8.855173 7.378008 4.323896
v -2.305518 14.624673 -7.184362
v -3.362159 15.043199 -6.319783
v -2.771195 4.142191 8.999311
v -3.471043 -2.030284 4.598316
v -6.759915 4.782846 4.589531
v -8.365478 2.762036 4.212979
v -3.555866 -2.185484 3.648931
v -10.071128 0.874575 -5.477956
v -3.766242 5.951423 11.390458
v 0.057606 4.066301 10.958566
v 9.794375 11.743700 -7.170393
v -1.382522 8.325882 -9.103867
v 6.109793 -2.695984 -8.684136
v -4.469830 7.454146 9.046480
v -2.754375 10.847176 -8.810973
v -7.351461 1.047503 4.544808
v -6.216252 -5.501482 -6.412859
v -5.728080 -4.990171 -5.356029
v -6.837363 -5.285916 -8.540883
v -3.918471 -5.279776 -7.355581
v -2.191976 10.444348 -8.360416
v 6.075065 2.062478 -9.075417
v 2.927828 -0.711862 3.600600
v 7.193950 -0.404623 4.049808
v 1.624504 13.929673 -5.305026
v 5.103937 12.275805 1.483591
vt 0.181920 1.319575
vt 0.178440 1.196255
vt 0.259360 1.302735
vt 0.407160 1.295535
vt 0.529520 1.312055
vt 0.488560 1.336255
vt 0.361920 0.811495
vt 0.455440 0.959495
vt 0.336840 0.933815
vt 0.277880 1.643335
vt 0.314080 1.781575
vt 0.138760 1.666015
vt 0.293480 1.569975
vt 0.385960 1.538855
vt 0.361600 1.596015
vt 0.256040 2.074655
vt 0.223760 2.004215
vt 0.315200 2.056215
vt 0.473200 1.768735
vt 0.453800 1.704175
vt 0.530960 1.713775
vt 0.584920 2.079295
vt 0.604040 1.986695
vt 0.643480 1.993615
vt 0.701240 2.209335
vt 0.697600 2.065455
vt 0.722960 2.147015
vt 0.850120 1.496775
vt 0.770560 1.500175
vt 0.769720 1.385295
vt 0.267280 2.143455
vt 0.188040 2.095255
vt -0.455200 -0.333905
vt -0.328320 -0.303225
vt -0.357920 -0.249665
vt -0.196760 1.222815
vt -0.110120 1.155135
vt -0.127920 1.209895
vt 1.056440 -0.135625
vt 0.920720 -0.186745
vt 1.109400 -0.250425
vt -0.628960 1.488935
vt -0.516080 1.605695
vt -0.642120 1.589455
vt -0.447920 1.277615
vt -0.698000 1.410855
vt 1.633520 -1.000505
vt 1.589760 -0.872225
vt 1.437920 -0.932185
vt -0.290200 1.854575
vt -0.180480 1.760335
vt -0.189360 1.844375
vt -0.631240 2.002935
vt -0.634560 1.835535
vt -0.544080 1.951215
vt -0.555560 2.122335
vt -0.401840 2.228095
vt -0.533560 2.297735
vt 2.042360 -0.553105
vt 2.208240 -0.770705
vt 2.353960 -0.736465
vt -0.111200 -0.961225
vt -0.307200 -1.080985
vt -0.068920 -1.031145
vt 0.598240 -1.162185
vt 0.587200 -1.103945
vt 0.534040 -1.190865
vt 0.658960 -1.106745
vt 0.518920 -0.996825
vt 0.531680 -1.039945
vt 0.883080 1.160335
vt 0.796840 1.231135
vt 0.809280 1.135455
vt 1.408320 0.314775
vt 1.388800 0.467615
vt 1.282720 0.370455
vt 0.892800 2.069135
vt 0.810720 2.169535
vt 0.807440 2.083255
vt 0.942040 1.997095
vt 0.954480 1.949895
vt 1.074680 1.967535
vt 1.343920 1.945135
vt 1.467560 1.809335
vt 1.506880 1.940815
vt 1.277800 1.360975
vt 1.186760 1.251895
vt 1.285800 1.316295
vt 1.800240 2.162175
vt 1.871840 2.034335
vt 2.006280 2.214815
vt 1.666760 0.582695
vt 1.680840 0.657015
vt 1.586120 0.570735
vt -0.745280 0.183255
vt -0.649320 0.117295
vt -0.670120 0.243455
vt -0.397440 0.074735
vt -0.390320 -0.028865
vt -0.323120 0.122935
vt -0.558440 0.208335
vt -0.595840 0.243655
vt -0.256440 0.178975
vt -0.192680 0.155895
vt -0.194840 0.289135
vt -0.487840 0.507695
vt -0.409800 0.336295
vt -0.347640 0.542295
vt -0.122320 0.285815
vt -0.166840 0.429335
vt 1.328680 0.049455
vt 1.248880 -0.056425
vt 1.397080 -0.081305
vt 1.569160 -0.164145
vt 1.491680 -0.070145
vt 1.461520 -0.152345
vt 1.645120 -0.037865
vt 1.633440 0.045575
vt 1.570480 -0.070025
vt 1.572440 0.064575
vt 1.480600 0.373095
vt 1.933560 0.004655
vt 1.879000 -0.032785
vt 1.917520 -0.124145
vt 0.146520 0.000135
vt 0.082200 -0.011025
vt 0.118840 -0.076025
vt 1.800000 0.159015
vt 1.796600 0.081135
vt 1.831600 0.116215
vt 2.005600 0.398135
vt 2.051320 0.476455
vt 2.036840 0.546535
vt 2.300680 0.526815
vt 2.395840 0.519215
vt 2.316560 0.635975
vt 2.002280 0.188135
vt 2.076200 0.205695
vt 1.989040 0.221255
vt 0.843400 -0.796305
vt 0.862920 -0.685225
vt 0.777920 -0.714505
vt -0.799880 0.845775
vt -0.770960 0.756255
vt -0.735240 0.806815
vt -0.532400 0.891695
vt -0.473760 0.725055
vt -0.465800 0.859655
vt 0.875120 -1.103625
vt 0.900960 -1.169065
vt 0.902800 -1.056065
vt 0.928920 -0.714945
vt 0.927440 -0.646105
vt 0.881640 -0.908985
vt 0.959080 -0.907185
vt 0.859680 -0.845385
vt 0.810520 -0.884425
vt 0.731560 -0.815705
vt 0.749160 -0.991785
vt 0.852200 -0.990345
vt 0.806040 -1.074265
vt 0.422560 -0.266425
vt 0.410560 -0.170425
vt 0.282400 -0.080625
vt 0.217240 -0.160025
vt 0.255240 -0.039905
vt 0.661960 -0.338665
vt 0.684480 -0.239545
vt 0.742840 -0.281465
vt 0.682800 -0.131105
vt 0.628080 -0.064705
vt 0.546400 -0.147945
vt 0.797840 -0.067985
vt 0.662120 0.010775
vt 0.763080 0.091335
vt 0.744400 0.242375
vt 0.724920 0.090815
vt -0.335560 0.802175
vt 0.698560 -0.535065
vt 0.722680 -0.488625
vt 0.533560 -0.457825
vt 0.716400 -0.421185
vt 0.506080 -0.404385
vt 0.862320 -0.603705
vt 0.841840 -0.537265
vt 0.781720 -0.552625
vt -0.869240 0.937135
vt -0.933040 0.901375
vt -0.835720 0.887335
vt -0.843480 0.787615
vt -0.606960 0.847735
vt -0.697400 0.888775
vt -0.701120 0.772375
vt 0.467240 -0.455145
vt 0.288160 -0.339585
vt 0.315760 -0.433585
vt 0.127800 -0.305945
vt -0.906680 0.727095
vt -0.874360 0.643655
vt 0.727880 -0.665105
vt 0.717720 -0.774025
vt -0.972600 0.664415
vt -0.975480 0.606135
vt 0.111480 -0.623505
vt 0.300440 -0.619025
vt 0.125880 -0.494665
vt -0.918920 0.347615
vt -0.837320 0.338575
vt -0.765240 0.437895
vt -1.131560 0.565135
vt -1.065720 0.579135
vt -1.157520 0.681895
vt -0.929320 0.543935
vt -1.062160 0.333855
vt -0.950160 0.413495
vt 1.767560 0.338775
vt 1.696480 0.344775
vt 1.782600 0.270775
vt 1.931920 0.246655
vt 1.923040 0.163495
vt 0.181600 -0.125545
vt 2.059200 0.329295
vt 2.306680 0.442655
vt 2.199360 0.582935
vt 1.874360 0.485135
vt 1.925000 0.629935
vt 1.719560 0.528055
vt 1.691800 0.440055
vt 2.366200 0.333375
vt 2.350840 0.420375
vt 2.309200 0.381775
vt 2.216400 0.091055
vt 2.216120 0.164575
vt 2.142760 0.124735
vt 2.058000 0.026175
vt 2.002640 -0.077265
vt 2.289840 -0.310545
vt 2.192160 -0.188025
vt 2.202400 -0.272625
vt 2.137120 -0.186385
vt 2.068800 -0.285665
vt 1.956760 -0.412065
vt 1.913080 -0.268345
vt 1.832080 -0.381465
vt 2.061120 -0.407345
vt 1.664240 0.206975
vt 1.615120 0.156815
vt 1.701360 0.131775
vt 1.580120 0.213575
vt 1.426760 0.459215
vt 1.672280 0.059415
vt 1.717640 0.049135
vt 1.568160 0.138255
vt 1.484160 0.013095
vt 1.757400 -0.132105
vt 1.680400 -0.075625
vt 1.636680 -0.164945
vt 1.273360 0.014615
vt 1.193560 0.180095
vt 1.409720 -0.012785
vt 1.235200 -0.100785
vt 2.368600 0.822455
vt 2.348680 1.018215
vt 2.292240 0.962935
vt -0.706400 0.578895
vt -0.563240 0.399455
vt -0.489240 0.252095
vt -0.267680 -0.026825
vt -0.222560 0.056695
vt -0.301480 0.025495
vt -0.412000 0.183095
vt -0.439520 0.021975
vt -0.276200 0.085215
vt -0.351440 -0.043545
vt -0.350600 -0.121065
vt -0.297920 -0.151945
vt -0.244640 -0.095065
vt 1.777480 0.582415
vt 1.898000 0.842295
vt 1.817000 0.928895
vt 1.637640 0.747055
vt 1.505680 0.721575
vt 1.580080 0.893615
vt 1.441680 0.766095
vt 1.650600 1.937375
vt 1.836200 1.916335
vt 1.867280 1.095255
vt 1.929480 1.074455
vt 1.853080 1.192575
vt 1.691680 0.946015
vt 1.718360 1.144735
vt 1.561560 1.061095
vt 1.727360 1.593455
vt 1.479000 1.567815
vt 1.521440 1.298455
vt 1.396120 1.242455
vt 1.463640 1.210255
vt 1.319760 1.166055
vt 1.399720 1.166975
vt 1.349280 1.688815
vt 1.558440 1.725295
vt 1.178120 1.567575
vt 1.244760 1.487535
vt 1.301440 1.514455
vt 1.229680 1.618135
vt 1.292360 2.251735
vt 1.284560 2.037975
vt 1.403840 2.225415
vt 1.215920 2.124135
vt 1.046920 2.079335
vt 0.963920 2.033575
vt 0.895640 1.360655
vt 1.044600 1.492095
vt 0.936400 1.498295
vt 0.896360 1.226615
vt 0.990800 1.314215
vt 0.946840 2.178415
vt 1.034080 2.190735
vt 0.938960 1.618255
vt 1.004240 1.576895
vt 0.878040 2.228855
vt 0.993360 2.309655
vt 1.543120 0.609775
vt 1.497920 0.518735
vt 1.354400 0.614055
vt 1.378680 0.729975
vt 1.264720 0.663535
vt 1.329960 0.770375
vt 1.237200 0.772415
vt 1.204160 0.682415
vt 1.109160 0.704295
vt 1.286040 1.199735
vt 1.205160 1.130815
vt 1.164040 0.569415
vt 1.097960 1.229495
vt 1.067040 1.333495
vt 1.342160 0.199495
vt 1.346880 0.290095
vt 1.003400 1.069335
vt 0.953880 1.194695
vt 0.942840 1.142935
vt 1.221400 0.260975
vt 1.090920 0.294895
vt 1.174880 0.230615
vt -1.422200 0.438295
vt -1.359160 0.556015
vt -1.448160 0.508295
vt 0.297040 -0.910025
vt 0.030440 -0.856265
vt 0.211720 -0.991105
vt -1.130760 0.434815
vt -1.153240 0.342055
vt 0.041200 -0.997905
vt 0.195800 -1.093425
vt 0.500280 -1.099905
vt 0.394720 -1.083665
vt 0.466680 -1.175305
vt 0.062040 -1.087625
vt 0.455920 -1.338465
vt 0.559680 -1.376545
vt 0.652960 -1.290785
vt -1.058440 0.154655
vt -1.004000 0.217895
vt -1.104040 0.222055
vt -0.981200 0.151055
vt 0.163360 -1.302225
vt 0.160960 -1.165545
vt 0.367320 -1.316585
vt 0.411000 -1.388425
vt -1.187080 0.154535
vt -1.135840 0.308055
vt -0.174480 -1.285985
vt -0.013720 -1.297465
vt -0.194720 -1.214425
vt -1.004360 -0.106785
vt -0.989640 0.024055
vt -1.100040 0.011895
vt -1.286120 -0.284065
vt -1.367440 -0.350585
vt -1.181040 -0.353225
vt -0.239880 2.195855
vt -0.090000 2.196935
vt -0.131120 2.232655
vt -0.332520 -0.639785
vt -0.375920 -0.719785
vt -0.322800 -0.758185
vt -0.358280 -0.938545
vt -0.272840 -0.923785
vt 2.326960 -0.816585
vt -1.342520 -0.610545
vt -1.246480 -0.547065
vt -1.367520 -0.541305
vt 2.073560 -1.106425
vt 2.262040 -1.186105
vt 2.230080 -1.089825
vt -0.467520 2.015895
vt -0.455680 2.158095
vt -0.189000 2.056215
vt -0.279840 2.129175
vt 1.986360 -1.001065
vt 1.898160 -1.060385
vt 1.968920 -1.106665
vt -0.380400 1.889495
vt -0.810920 1.197415
vt -0.900160 1.380295
vt -0.414680 1.313895
vt -0.285120 1.544015
vt -0.380920 1.628815
vt -0.261360 1.415735
vt -0.410440 1.711655
vt -0.315840 1.774055
vt -0.139600 1.656495
vt -0.272560 1.665455
vt 0.934880 -0.064545
vt 1.361480 -0.563785
vt 1.204080 -0.551425
vt 1.297440 -0.651465
vt 1.081480 -0.339825
vt 1.155040 -0.590305
vt -0.662840 1.066975
vt -0.444000 1.104335
vt -0.561200 1.178215
vt -0.663040 1.140775
vt -0.665680 1.233855
vt -0.314880 1.284415
vt -0.147920 1.307415
vt -0.788960 0.084095
vt -0.517000 -0.103385
vt -0.479360 -0.033225
vt -0.542800 -0.043745
vt -0.501160 -0.155745
vt -0.439560 -0.125705
vt -0.839160 0.180255
vt -0.841160 0.259255
vt -0.933160 0.153375
vt -0.410240 -0.170865
vt 0.683680 2.300415
vt 0.791080 2.321255
vt 0.806040 2.375975
vt -0.610280 -0.224385
vt -0.533880 -0.226585
vt -0.564720 -0.176305
vt -0.649480 -0.390105
vt -0.539360 -0.299785
vt -0.546840 -0.475545
vt -0.401840 -0.374625
vt -0.910360 -0.068865
vt -0.909120 -0.006185
vt 0.346920 2.249135
vt 0.413480 2.216175
vt 0.478560 2.306655
vt 0.507360 2.209055
vt -0.921560 -0.212585
vt -0.821480 -0.136545
vt -0.929720 -0.129145
vt -0.905160 -0.265105
vt -0.646240 -0.451065
vt -0.559360 -0.385305
vt 0.443320 2.102895
vt 0.496760 2.158055
vt -0.924120 -0.497545
vt -0.746760 -0.461465
vt -0.845680 -0.385105
vt -0.007120 2.256455
vt -0.136880 2.303615
vt 0.088440 2.313735
vt 0.232160 2.295655
vt 0.330080 2.160615
vt 0.687720 1.970815
vt 0.688720 1.917855
vt 0.787880 1.946455
vt 0.685120 1.576815
vt 0.656120 1.513895
vt 0.748400 1.565415
vt 0.582680 1.575615
vt 0.698120 1.650255
vt 0.592480 1.924175
vt 0.628680 1.882135
vt 0.639520 1.929975
vt 0.539240 2.123455
vt 0.481600 2.018895
vt 0.427600 2.037575
vt 0.466200 1.932935
vt 0.532880 2.058575
vt 0.481360 1.519775
vt 0.449920 1.511495
vt 0.507520 1.486215
vt -0.062920 1.814255
vt 0.022920 1.957335
vt -0.051240 1.976335
vt 0.286760 1.843615
vt 0.309120 1.963535
vt -0.059880 1.709375
vt -0.030000 1.501175
vt 0.042760 1.319695
vt 0.097280 1.450215
vt 0.386440 1.805655
vt 0.374520 1.915135
vt 0.485680 0.862895
vt 0.592960 0.887135
vt 0.531160 0.970415
vt 0.404720 0.805375
vt 0.609480 0.976375
vt 0.529760 1.102815
vt 0.215160 0.974535
vt 0.209440 0.845095
vt 0.590000 1.185335
vt 0.537400 1.228375
vt 0.323680 1.126415
vt 0.256200 1.148375
vt 0.199960 1.086855
vt 0.098400 1.080615
vt 0.093040 1.176415
vt 0.312240 1.211255
vt 0.313840 1.264735
vt 0.356680 1.352495
vt 0.466120 1.406335
vt 0.438800 1.410695
vt 0.322720 1.409695
vt 0.305040 1.450095
vt 0.273080 1.487215
vt 0.373640 1.441015
vt 0.154840 1.413535
vt -0.073440 1.293815
vt -0.014200 1.232855
vt 0.041480 1.240135
vt 0.133440 1.239215
vt 0.078120 0.904495
vt 0.583760 1.410295
vt 0.546200 1.360375
vt 0.648480 1.237615
vt 0.443400 1.189855
vt 0.430760 1.077215
vt 0.633920 1.416415
vt 0.369640 1.028215
vt 1.013720 0.032455
vt 0.701920 1.356855
vt 0.723560 1.300935
vt 0.663160 1.110335
vt 0.697960 1.185575
vt 1.043560 0.125895
vt 0.939240 0.062695
vt -0.101120 1.354455
vt 0.372960 1.681095
vt 0.413840 1.700975
vt 0.359560 1.989095
vt 0.178600 1.778455
vt 0.066480 1.835815
vt -0.044320 1.341175
vt 0.415760 1.668575
vt 0.377200 1.649455
vt 0.414400 1.485815
vt 0.437240 1.842055
vt 0.203160 1.887335
vt -0.048160 2.076055
vt 0.038720 2.073175
vt -0.162200 1.909495
vt 0.378280 2.025295
vt 0.357760 2.064415
vt 0.479120 1.647775
vt 0.611920 1.681735
vt 0.499920 1.847935
vt 0.524720 1.928855
vt 0.399160 2.091215
vt 0.571640 1.784695
vt 0.549200 1.826295
vt 0.581880 1.867055
vt 0.563320 1.968055
vt 0.720800 1.764535
vt 0.631280 1.817815
vt 0.678240 1.832655
vt 0.612160 2.113935
vt 0.743400 2.074495
vt 0.798560 1.759455
vt 0.849480 1.883335
vt 0.816080 1.835855
vt 0.907240 1.824575
vt 0.841680 2.280935
vt 0.936080 1.761535
vt 0.903840 1.901695
vt 0.852160 1.990535
vt 0.326000 2.077455
vt -0.761240 -0.524425
vt -0.621800 -0.516145
vt -0.724600 -0.387585
vt -0.727240 -0.315425
vt -0.659600 -0.326185
vt -0.844280 -0.278945
vt -0.737080 -0.266145
vt -0.791800 -0.175065
vt 0.398400 2.356975
vt 0.288480 2.382375
vt 0.308960 2.293615
vt -0.625960 -0.152105
vt -0.689280 -0.077825
vt -0.815360 -0.053545
vt -0.477720 -0.245065
vt -0.744680 -0.071025
vt -0.741160 -0.127025
vt -0.898960 0.117935
vt -0.859920 0.073255
vt 0.600040 2.320655
vt -0.738520 0.000815
vt -0.224240 -0.239625
vt -0.295640 -0.225905
vt -0.650000 -0.015345
vt 1.410200 -0.717465
vt 1.318200 -0.766865
vt 1.306000 -0.836505
vt -0.422640 1.003655
vt -0.152680 1.032255
vt -0.316320 1.141975
vt -0.044960 0.972455
vt -0.040440 1.135215
vt 1.482760 -0.644505
vt -0.164560 0.861375
vt 1.251280 -0.425385
vt 1.610520 -0.524145
vt 1.494400 -0.787265
vt 1.508760 -0.470905
vt 1.219600 -0.292385
vt 1.155560 0.040175
vt 1.591280 -0.283545
vt 1.435040 -0.270225
vt 1.564160 -0.337785
vt -0.269720 1.933495
vt -0.317080 2.002895
vt -0.142400 2.006295
vt -0.491680 1.707175
vt -0.555520 1.853775
vt -0.599480 1.699855
vt -0.844800 1.731695
vt -0.701840 2.036495
vt 1.705760 -0.931265
vt -0.364320 2.052815
vt 2.062040 -1.023185
vt 1.896480 -0.854465
vt 1.607760 -0.778505
vt -0.677480 2.112095
vt -0.697560 2.189975
vt 2.404720 -1.141585
vt 2.296400 -0.952265
vt 2.184840 -0.949385
vt 1.954200 -0.907825
vt 1.871600 -0.684745
vt 1.929760 -0.703225
vt 1.946480 -0.555865
vt 1.850840 -0.494065
vt 2.178440 -0.455585
vt 2.365920 -0.635945
vt 2.296000 -0.503305
vt 2.406200 -0.541185
vt -0.269880 -0.640585
vt -0.231400 -0.523225
vt -1.236040 -0.519465
vt -1.051320 -0.477985
vt -0.976120 -0.369065
vt -1.147480 -0.255065
vt -1.354280 -0.183145
vt -0.353240 -1.277825
vt -0.430280 -0.998985
vt -1.008120 -0.203825
vt -1.098680 -0.148345
vt -1.220200 -0.184065
vt -1.032040 0.063975
vt -1.154160 0.089175
vt -1.241720 0.244295
vt -1.227080 0.385655
vt -1.228240 -0.023345
vt -1.292560 0.082815
vt -1.338120 0.368535
vt -1.291120 0.244895
vt 0.253200 -1.345385
vt -0.161280 -0.873225
vt 0.360080 -1.173585
vt 0.283400 -1.268345
vt -1.189160 0.471895
vt 0.587960 -1.229465
vt -1.021120 0.293015
vt -0.974880 0.274935
vt 0.798680 -1.148505
vt 0.723320 -1.239505
vt -1.296880 0.602535
vt -1.265560 0.434935
vt 0.801960 1.301535
vt 0.730400 1.018055
vt 0.800760 1.034975
vt 1.088800 0.143215
vt 1.032800 0.222535
vt 0.937280 0.942535
vt 1.110880 0.396855
vt 1.036480 1.196175
vt 1.115440 0.591535
vt 1.012640 0.615135
vt 1.027360 0.502015
vt 1.196240 0.508375
vt 1.278840 0.177975
vt 1.131920 1.064015
vt 1.240840 0.604535
vt 1.269880 0.501015
vt 1.224440 0.418535
vt 1.268960 1.038415
vt 1.365040 1.092095
vt 1.419880 0.544175
vt 1.421040 0.623615
vt 1.489160 0.632855
vt 0.982000 1.832135
vt 1.080240 1.720215
vt 1.009640 1.390895
vt 1.150640 2.053775
vt 1.138600 1.445615
vt 1.191960 1.365695
vt 1.215880 1.697015
vt 1.199720 1.968255
vt 1.200720 1.868935
vt 1.354600 1.825815
vt 1.354720 2.036495
vt 1.464680 2.116495
vt 1.573680 2.095335
vt 1.440080 1.406255
vt 1.298520 1.441775
vt 1.436080 1.132775
vt 1.332280 0.875695
vt 1.297600 0.814015
vt 1.406040 0.870215
vt 1.567760 1.219095
vt 1.413520 0.943415
vt 1.764360 1.752815
vt 2.024280 1.174015
vt 2.120200 1.152375
vt 1.931160 0.998935
vt 2.156000 0.967695
vt 2.004880 0.935455
vt 2.155120 0.845775
vt 1.981800 0.817695
vt 2.282320 1.057455
vt 2.136320 0.692815
vt 1.819560 1.045095
vt 0.980680 2.363095
vt -0.182840 -0.118985
vt -0.934640 0.205495
vt -0.156920 -0.022305
vt -0.451720 0.142695
vt -0.145920 0.143175
vt -0.308080 0.279855
vt -0.393960 0.280615
vt -0.127640 0.215215
vt -0.257840 0.361935
vt 0.011120 0.142695
vt -0.290760 0.674215
vt -0.219520 0.511375
vt -0.544040 0.656775
vt 0.024480 0.446295
vt 0.586080 0.207615
vt 0.629360 0.309495
vt 0.539640 0.301175
vt 1.406200 0.089295
vt 1.476920 0.098055
vt 1.477360 0.185255
vt 1.383760 0.204895
vt 1.514760 0.244535
vt 1.568240 0.362775
vt 1.592640 0.309615
vt 1.784280 0.216655
vt 1.659280 0.259735
vt 1.784920 0.241775
vt 1.563040 0.469655
vt 1.826240 0.210455
vt 1.721480 -0.310185
vt 1.961080 -0.217545
vt 2.411240 -0.117345
vt 2.378800 -0.403345
vt -0.095280 -0.355985
vt -0.110600 -0.619025
vt 2.061720 -0.185145
vt 2.287520 -0.168385
vt 2.164800 -0.090945
vt 2.254560 -0.025425
vt 2.058880 -0.067625
vt 1.844640 0.013695
vt 1.794560 -0.020665
vt 2.411920 0.216295
vt 2.325800 0.264295
vt 2.365640 0.178615
vt 2.065520 0.135215
vt 2.296800 0.204735
vt 2.293960 0.110255
vt 2.424600 0.166815
vt 0.055080 -0.161745
vt 0.105760 -0.239265
vt 0.149680 -0.195745
vt 2.226440 0.266615
vt 0.078240 -0.097945
vt 0.021880 -0.104345
vt 2.218640 0.392535
vt 0.218240 0.013855
vt 0.127400 0.053055
vt 0.167720 -0.032705
vt 2.197200 0.320615
vt 2.230680 0.677295
vt 1.847560 0.353855
vt 2.100320 0.584855
vt 2.385000 0.739135
vt 1.932600 0.382535
vt 2.448160 0.644855
vt 1.904360 0.356495
vt 0.338920 0.129615
vt 0.224040 0.092255
vt 1.853720 0.276455
vt 1.873760 0.206015
vt -0.125840 -0.735225
vt 0.060680 -0.635585
vt 0.381840 -0.835265
vt 0.257840 -0.741785
vt 0.503840 -0.874905
vt 0.372040 -0.913905
vt -1.225480 0.623575
vt -1.072040 0.658855
vt 0.637080 -0.911665
vt 0.354440 -0.688945
vt -0.807840 0.537455
vt -1.017120 0.731975
vt 0.528080 -0.814705
vt 0.500200 -0.739185
vt 0.581920 -0.659865
vt 0.426280 -0.673785
vt 0.372720 -0.586985
vt 0.230280 -0.475945
vt 0.485720 -0.625065
vt 0.538440 -0.506585
vt -0.911080 0.840415
vt 0.629240 -0.568425
vt -0.628800 0.948455
vt -0.705240 0.956535
vt -0.782240 0.936015
vt 0.188120 -0.251425
vt 0.341280 -0.345385
vt 0.843480 -0.389345
vt 0.829520 -0.294305
vt 0.350400 -0.285345
vt 0.240400 -0.256425
vt 0.682840 0.227135
vt 0.815680 -0.156465
vt 0.279200 -0.199025
vt 0.463200 0.041175
vt 0.457440 0.252695
vt 2.404080 0.823215
vt 0.379920 0.225975
vt 0.544440 -0.028265
vt 0.366600 -0.055145
vt 0.749480 -1.027825
vt -0.970720 0.833175
vt -1.042680 0.840175
vt -1.032880 0.799015
vt -0.958360 0.864455
vt -0.993960 0.886415
vt -1.089880 0.923215
vt -1.092400 0.779975
vt 0.933400 -0.991145
vt 0.342440 -0.494505
vt 0.568240 -0.730385
vt 0.615240 -0.856425
vt 2.106480 0.412735
vt 0.144960 -0.157865
vt 2.321720 0.319535
vt 2.404200 0.006815
vt 1.525800 -0.051385
vt -0.100280 0.626775
vt 0.020280 0.608535
vt -0.492280 0.177895
vt -0.486160 0.083455
vt 1.118600 2.365455
vt -0.624120 0.087375
vt -0.544560 0.110335
vt -0.580480 0.028895
vt 1.532520 0.654935
vt 1.677960 1.414975
vt 1.149760 2.230895
vt 1.036280 1.870615
vt 1.460240 0.675895
vt 1.099880 0.946215
vt 0.655840 0.781215
vt 0.760000 0.699135
vt 0.732960 0.866615
vt 0.526400 0.711695
vt 0.418520 0.679295
vt 0.652480 0.877895
vt 0.843320 -1.230825
vt 0.444960 -1.001225
vt 0.125000 -0.759385
vt -1.332960 -0.008985
vt -1.012040 -0.277985
vt -0.303160 2.215135
vt 1.676800 -0.451305
vt 1.717920 -0.551545
vt -0.474160 -1.145065
vt -0.389560 2.309095
vt -0.859640 1.646815
vt -0.834880 -0.002025
vt 0.499240 2.387375
vt 0.560240 2.257175
vt -0.974400 -0.528825
vt 0.016880 2.189575
vt 0.590000 2.194695
vt 0.122960 1.557495
vt -0.107160 2.358335
vt -1.061320 0.089215
vt 2.301280 1.100895
vt -0.803760 0.272335
vt 0.005880 -0.146585
vt -1.113920 0.885055
vt 1.035440 -1.021905
vt 1.823200 0.234895
vt 1.251440 -0.142945
vt 0.578120 0.402695
vt 0.686360 0.397735
vt 1.193680 0.827055
vt 1.277240 1.110095
vt -1.163080 -0.092945
vt -0.407160 -0.805185
vt -0.442840 -0.868785
vt 1.355880 -0.336665
vt 0.633800 2.383415
vt 0.164440 2.224695
vt 0.522280 1.553095
vt 0.541720 1.598375
vt 0.465800 1.477815
vt 0.610640 1.468455
vt 1.349280 -0.280105
vt 2.339440 -1.185425
vt -0.423320 -1.295065
vt -0.482840 -0.976105
vt -0.290280 -0.523225
vt 0.444520 0.623615
vt 1.022920 0.337295
vt 0.850840 0.843335
vt 1.342000 0.567015
vt 1.245680 0.873295
vt 1.179440 0.880575
vt 1.301880 0.899735
vt 1.223920 2.323535
vt 1.688480 2.181455
vt -0.105720 0.040015
vt -0.005000 0.365495
vt -0.207160 0.740255
vt 0.596120 0.492575
vt -0.132720 -0.337225
vt 1.877920 -0.207465
vt -0.071880 -0.256225
vt 2.402640 0.076375
vt 0.922800 -0.559065
vt 0.885200 -0.466025
vt -1.272240 0.705175
vt -0.058120 -0.195825
vt -0.057560 0.095455
vn -0.3016 -0.0763 -0.9504
vn -0.1562 -0.0355 -0.9871
vn -0.4224 0.2450 -0.8727
vn 0.0827 -0.0598 -0.9948
vn 0.3035 -0.1002 -0.9476
vn 0.2204 -0.1260 -0.9672
vn -0.1582 -0.0400 -0.9866
vn -0.2395 -0.1000 -0.9657
vn 0.0006 -0.0018 -1.0000
vn -0.9879 -0.1518 0.0324
vn -0.9486 -0.1265 0.2902
vn -0.9898 -0.0273 0.1400
vn -0.9814 -0.1573 -0.1097
vn -0.8063 -0.5195 -0.2827
vn -0.9226 -0.3828 0.0489
vn -0.7636 0.0710 0.6418
vn -0.9850 -0.0424 0.1672
vn -0.5807 -0.4843 0.6544
vn -0.1099 -0.8816 0.4589
vn -0.0499 -0.9965 -0.0675
vn 0.0925 -0.9602 -0.2635
vn -0.1080 -0.9689 0.2228
vn -0.1898 -0.8700 0.4550
vn -0.1399 -0.8217 0.5526
vn 0.3523 -0.7509 0.5586
vn 0.1293 -0.8962 0.4244
vn 0.2311 -0.6723 0.7032
vn -0.0715 -0.9852 -0.1561
vn 0.0667 -0.9900 -0.1245
vn 0.0934 -0.8994 -0.4271
vn -0.3487 -0.3494 0.8697
vn -0.8045 0.0819 0.5883
vn -0.0884 -0.3808 0.9204
vn 0.3046 -0.3972 0.8657
vn -0.0360 -0.6975 0.7157
vn -0.3208 0.0956 -0.9423
vn 0.1571 0.1137 -0.9810
vn -0.0563 -0.0015 -0.9984
vn -0.1302 -0.0403 -0.9907
vn -0.1478 0.0508 -0.9877
vn -0.2377 0.0204 -0.9711
vn -0.9981 -0.0618 -0.0011
vn -0.9895 0.0999 0.1042
vn -0.9923 0.0873 0.0883
vn -0.7581 0.2384 -0.6070
vn -0.9969 0.0678 0.0392
vn -0.7405 0.6593 0.1299
vn -0.2600 0.9572 -0.1274
vn -0.6781 0.4001 -0.6165
vn -0.9816 0.1764 -0.0733
vn -0.9995 0.0114 -0.0311
vn -0.9974 -0.0429 -0.0573
vn -0.9575 0.2120 0.1958
vn -0.9864 0.0705 0.1485
vn -0.9897 0.0567 0.1311
vn -0.6295 0.2789 0.7253
vn -0.1774 0.6380 0.7493
vn -0.6367 0.4028 0.6575
vn 0.0975 0.9730 0.2092
vn 0.0205 0.9483 0.3166
vn 0.0854 0.9950 -0.0526
vn -0.2091 0.9751 0.0739
vn -0.7782 0.5140 0.3608
vn -0.6971 0.5544 0.4545
vn -0.7848 0.5314 0.3189
vn -0.5345 0.6873 0.4918
vn -0.8918 0.3200 0.3198
vn -0.3192 0.8319 0.4539
vn -0.1540 0.9632 0.2203
vn -0.1468 0.9507 0.2732
vn 0.2736 -0.4070 -0.8715
vn -0.0296 -0.6116 -0.7906
vn 0.1906 -0.0155 -0.9815
vn -0.3494 0.1974 -0.9159
vn -0.1520 -0.1077 -0.9825
vn -0.0099 0.0017 -0.9999
vn 0.1470 -0.9666 0.2101
vn 0.1268 -0.7821 0.6102
vn 0.5247 -0.7495 0.4036
vn -0.0666 -0.3420 0.9373
vn -0.1042 -0.0541 0.9931
vn -0.1849 -0.5990 0.7791
vn 0.1629 -0.9285 0.3337
vn 0.4777 -0.8187 0.3187
vn 0.4599 -0.7347 0.4987
vn 0.5752 -0.7979 -0.1801
vn 0.2488 -0.7107 -0.6580
vn 0.5654 -0.7963 -0.2150
vn 0.9917 -0.0648 0.1108
vn 0.9388 -0.2267 0.2593
vn 0.7275 -0.3918 0.5633
vn 0.9936 0.0632 -0.0941
vn 0.9985 -0.0340 -0.0433
vn 0.8909 -0.2200 -0.3973
vn 0.0228 -0.9608 0.2761
vn -0.1657 -0.7328 0.6600
vn -0.1758 -0.8479 0.5002
vn -0.2772 -0.9321 0.2333
vn -0.0329 -0.7704 0.6367
vn -0.3587 -0.8795 0.3126
vn -0.1926 -0.9475 0.2554
vn -0.2079 -0.7265 0.6550
vn -0.3795 -0.5914 0.7115
vn -0.3048 -0.4800 0.8227
vn 0.0465 -0.6868 0.7254
vn 0.0672 -0.8311 0.5521
vn -0.1413 -0.8642 0.4829
vn 0.6350 -0.5822 0.5077
vn 0.1750 -0.8664 0.4677
vn 0.5562 -0.7028 0.4436
vn 0.0399 -0.0873 -0.9954
vn 0.3867 -0.0776 -0.9189
vn -0.1501 0.1285 -0.9803
vn -0.0666 -0.0002 -0.9978
vn 0.0229 0.1514 -0.9882
vn -0.0837 0.0926 -0.9922
vn 0.0828 0.1649 -0.9828
vn 0.0623 0.2221 -0.9730
vn -0.0248 0.1575 -0.9872
vn 0.0352 0.1295 -0.9910
vn -0.0698 0.3330 -0.9403
vn 0.0797 0.9955 -0.0516
vn 0.3240 0.8748 0.3603
vn 0.2267 0.9739 -0.0092
vn 0.9225 0.1055 -0.3714
vn 0.9050 0.4221 0.0524
vn 0.7325 0.6296 -0.2590
vn 0.1236 0.6853 -0.7177
vn 0.1713 0.8605 -0.4798
vn 0.1231 0.9863 -0.1097
vn 0.9620 -0.0795 0.2611
vn 0.9392 0.1544 0.3068
vn 0.9825 0.1183 0.1439
vn 0.9795 0.0878 0.1811
vn 0.9758 0.1901 -0.1078
vn 0.9921 0.1244 -0.0141
vn 0.3719 0.9199 0.1242
vn 0.5732 0.5671 0.5915
vn 0.9146 0.4041 0.0147
vn 0.0080 0.5203 0.8539
vn 0.4829 0.2754 0.8312
vn 0.2616 0.6399 0.7226
vn 0.9283 0.0807 0.3630
vn 0.3885 -0.7807 0.4895
vn 0.8924 0.1311 0.4318
vn 0.9224 -0.1268 0.3649
vn 0.9909 -0.1050 0.0845
vn 0.9171 -0.2758 0.2879
vn 0.0539 -0.6651 0.7448
vn -0.0936 -0.7115 0.6964
vn 0.0579 -0.5530 0.8311
vn 0.5297 0.2712 0.8036
vn 0.7799 0.1810 0.5991
vn 0.7762 0.0415 0.6292
vn 0.0648 -0.3686 0.9273
vn 0.4540 0.4971 0.7394
vn 0.5564 0.6444 0.5245
vn -0.0467 0.7391 0.6720
vn 0.0435 0.8735 0.4849
vn 0.2721 0.2200 0.9368
vn 0.1677 0.4438 0.8803
vn 0.8622 0.4961 0.1022
vn 0.9925 0.0835 0.0893
vn 0.9137 0.0928 -0.3958
vn 0.5532 0.6654 -0.5013
vn 0.9607 0.1093 -0.2553
vn 0.8581 0.1742 0.4831
vn 0.9414 -0.0817 0.3274
vn 0.7535 -0.3171 0.5759
vn 0.9336 -0.1334 0.3325
vn 0.9981 0.0349 0.0500
vn 0.9845 0.1510 0.0896
vn 0.9115 -0.3395 0.2323
vn 0.9012 -0.3694 0.2267
vn 0.7809 -0.4133 0.4684
vn 0.5194 -0.6034 0.6051
vn 0.6998 0.6048 0.3801
vn 0.9504 0.1840 0.2506
vn 0.6090 0.7225 0.3271
vn 0.9094 0.1037 0.4028
vn 0.3286 0.9124 0.2442
vn 0.7173 -0.2275 0.6585
vn 0.7549 -0.2937 0.5864
vn 0.7714 0.4188 0.4791
vn 0.8617 0.0230 0.5069
vn 0.7681 0.5372 0.3485
vn 0.4032 -0.5793 0.7084
vn 0.9680 0.2174 0.1254
vn 0.9323 0.3053 0.1941
vn 0.7988 -0.1457 0.5836
vn 0.3274 0.9430 0.0600
vn 0.3741 0.9268 0.0334
vn -0.0626 0.9934 0.0964
vn 0.0492 0.9976 -0.0478
vn 0.1980 -0.7182 0.6671
vn 0.2227 -0.7432 0.6309
vn 0.4283 0.7080 0.5615
vn 0.0084 0.7456 0.6664
vn 0.2645 -0.7195 0.6422
vn 0.1315 -0.8146 0.5649
vn 0.0579 0.9947 -0.0849
vn 0.3859 0.9218 0.0383
vn 0.0820 0.9950 -0.0564
vn -0.1766 -0.8453 0.5042
vn -0.0522 -0.7399 0.6707
vn -0.0842 -0.8939 0.4404
vn 0.0377 -0.6429 0.7650
vn 0.1053 -0.6614 0.7426
vn 0.0944 -0.5548 0.8266
vn 0.0400 -0.8377 0.5447
vn -0.3774 -0.9255 -0.0314
vn -0.2946 -0.8436 0.4490
vn 0.9235 -0.1027 -0.3695
vn 0.5009 0.0076 -0.8654
vn 0.7908 -0.1752 -0.5864
vn 0.9866 0.1098 0.1205
vn 0.2711 0.9622 0.0261
vn 0.5851 0.7973 -0.1480
vn 0.9263 -0.0252 0.3760
vn 0.8738 0.4529 0.1771
vn 0.9976 0.0695 -0.0009
vn 0.9849 -0.0499 0.1661
vn 0.9733 0.2059 0.1017
vn 0.9973 0.0629 0.0370
vn 0.8944 0.0608 -0.4430
vn 0.8993 0.4366 0.0253
vn 0.8549 0.5186 0.0148
vn 0.5330 0.6767 0.5079
vn 0.6333 0.4966 0.5936
vn 0.3377 0.7592 0.5564
vn 0.0922 0.9949 0.0400
vn 0.1826 0.9806 -0.0719
vn 0.0393 0.9118 0.4087
vn 0.1057 0.9940 0.0292
vn 0.2320 0.9377 0.2588
vn 0.0055 0.9622 0.2724
vn 0.1282 0.9815 0.1423
vn 0.1638 0.9858 0.0373
vn 0.1114 0.9931 -0.0366
vn 0.1613 0.9852 0.0571
vn 0.1413 0.9800 0.1405
vn 0.0446 0.0533 -0.9976
vn 0.6369 -0.1981 -0.7451
vn 0.2515 0.1465 -0.9567
vn 0.1704 0.0381 -0.9846
vn -0.2516 -0.2104 -0.9447
vn 0.1626 0.0800 -0.9834
vn 0.2905 0.3735 -0.8810
vn 0.4255 0.0058 -0.9050
vn 0.0536 0.0506 -0.9973
vn 0.1554 0.9615 -0.2268
vn 0.1321 0.5358 -0.8339
vn 0.0718 0.4468 -0.8917
vn 0.0068 0.0153 -0.9999
vn -0.0241 0.2325 -0.9723
vn -0.1147 -0.0895 -0.9894
vn 0.1643 -0.0088 -0.9864
vn 0.9710 -0.0078 0.2391
vn 0.7562 -0.3904 0.5251
vn 0.8165 -0.1204 0.5647
vn 0.1201 -0.7945 0.5953
vn -0.0656 -0.8388 0.5405
vn -0.1231 -0.9613 0.2466
vn 0.0078 -0.5284 0.8490
vn -0.2982 -0.5916 0.7490
vn 0.0322 -0.2842 0.9582
vn -0.1176 -0.5282 0.8409
vn -0.2875 -0.9506 0.1169
vn -0.4527 -0.6224 0.6385
vn 0.0608 -0.2719 0.9604
vn 0.1569 -0.6134 0.7740
vn 0.1139 -0.6700 0.7335
vn -0.0847 -0.7127 0.6964
vn 0.9158 0.3990 0.0469
vn 0.9908 0.1340 0.0194
vn 1.0000 0.0064 -0.0069
vn 0.9974 -0.0094 -0.0714
vn 0.9466 0.0367 -0.3202
vn 0.8738 -0.4823 -0.0624
vn 0.8700 -0.2113 -0.4455
vn 0.9451 -0.2144 0.2467
vn 0.8991 -0.3424 0.2728
vn 0.6602 -0.7398 0.1297
vn 0.8356 -0.3708 0.4053
vn 0.9332 -0.3115 0.1790
vn 0.9067 -0.4165 -0.0662
vn 0.9042 -0.4262 0.0296
vn 0.8662 -0.4944 -0.0729
vn 0.8849 -0.4594 0.0774
vn 0.9946 0.0498 -0.0913
vn 0.9171 0.0055 -0.3987
vn 0.9240 0.0968 -0.3699
vn 0.7308 0.0874 -0.6769
vn 0.8336 0.2231 -0.5053
vn 0.3085 -0.8974 0.3155
vn 0.9226 -0.3640 0.1276
vn 0.1694 -0.9740 0.1503
vn 0.1668 -0.9670 -0.1925
vn 0.4062 -0.9133 -0.0301
vn 0.1831 -0.9029 0.3890
vn -0.0634 -0.8532 0.5177
vn 0.0635 -0.7675 0.6379
vn 0.1757 -0.6989 0.6933
vn -0.3997 -0.5289 0.7486
vn -0.1131 -0.8347 0.5390
vn -0.1000 -0.8661 0.4897
vn -0.0380 -0.8735 -0.4853
vn -0.0098 -0.9961 -0.0873
vn -0.3043 -0.9481 0.0926
vn 0.0332 -0.6346 -0.7722
vn -0.0847 -0.8624 -0.4991
vn -0.0576 -0.9102 0.4102
vn 0.4892 -0.7483 0.4481
vn 0.0936 -0.9947 -0.0433
vn -0.0817 -0.9895 0.1192
vn -0.2777 -0.6798 0.6788
vn 0.0532 -0.4899 0.8701
vn 0.7498 -0.1728 -0.6387
vn 0.3092 -0.5381 -0.7841
vn 0.1483 0.0193 -0.9887
vn 0.4224 0.0847 -0.9024
vn -0.1117 0.0651 -0.9916
vn 0.4334 -0.4023 -0.8064
vn 0.1477 -0.0978 -0.9842
vn -0.0180 0.0449 -0.9988
vn -0.0233 -0.0899 -0.9957
vn 0.6022 -0.4363 -0.6685
vn 0.1396 -0.2715 -0.9523
vn 0.0095 0.3642 -0.9313
vn 0.0143 -0.5720 -0.8201
vn 0.0132 -0.9416 -0.3365
vn -0.3824 -0.1861 -0.9050
vn 0.2675 0.1173 -0.9564
vn 0.0795 -0.0732 -0.9941
vn -0.1460 -0.7191 -0.6794
vn 0.1534 -0.1805 -0.9715
vn 0.2763 0.0923 -0.9566
vn -0.0421 -0.1350 -0.9899
vn 0.1120 0.2467 -0.9626
vn -0.9540 0.0656 0.2925
vn -0.3026 -0.7377 0.6035
vn -0.8178 0.2443 0.5211
vn -0.2038 0.9739 0.0995
vn 0.0077 0.9973 0.0726
vn -0.1426 0.9769 0.1594
vn -0.3928 -0.7939 0.4643
vn -0.4985 -0.7788 0.3809
vn -0.3779 0.8667 0.3256
vn -0.8366 0.5193 0.1746
vn -0.5953 0.7478 0.2941
vn -0.5657 0.8125 0.1404
vn -0.9339 0.2425 0.2628
vn -0.9030 0.2711 0.3332
vn -0.9879 0.1529 0.0246
vn -0.9503 -0.1882 0.2481
vn -0.3151 -0.5076 0.8019
vn -0.3399 -0.5310 0.7762
vn -0.4603 -0.6206 0.6348
vn -0.3701 -0.8989 0.2345
vn -0.8556 0.2703 0.4414
vn -0.9861 0.1261 0.1080
vn -0.9636 0.1363 0.2298
vn -0.9870 0.1595 0.0208
vn -0.6758 -0.0057 0.7371
vn -0.5535 -0.8043 0.2159
vn -0.8501 0.2731 0.4504
vn -0.7828 0.4142 0.4645
vn -0.8603 0.1808 0.4766
vn -0.7494 -0.0375 0.6611
vn -0.4933 -0.3639 0.7901
vn -0.9479 -0.0364 0.3164
vn -0.8327 0.4063 0.3761
vn -0.9017 0.1573 0.4027
vn -0.9754 -0.0701 0.2091
vn -0.7115 -0.1062 0.6946
vn -0.2795 0.0461 0.9590
vn 0.0694 0.9885 -0.1342
vn 0.2128 0.9707 0.1111
vn 0.0562 0.9881 -0.1429
vn -0.0928 0.9699 0.2251
vn -0.2160 0.9764 0.0051
vn -0.0233 0.9899 0.1400
vn -0.7704 0.5017 0.3935
vn -0.9212 0.2572 0.2921
vn -0.6216 0.6912 0.3686
vn -0.8061 0.2933 0.5139
vn -0.4832 0.5447 0.6854
vn -0.9732 0.1033 0.2057
vn -0.8589 0.1205 0.4978
vn -0.9729 0.0812 0.2165
vn -0.9683 0.0760 0.2381
vn -0.4276 0.9016 0.0656
vn -0.7009 0.6857 0.1963
vn -0.7127 0.6509 0.2616
vn -0.9800 0.1520 0.1288
vn -0.6565 0.7364 -0.1635
vn -0.9889 0.0336 0.1450
vn -0.9689 0.0810 0.2337
vn -0.9918 -0.0122 -0.1271
vn -0.9745 0.0749 0.2116
vn -0.9971 -0.0251 -0.0723
vn -0.9844 -0.0441 0.1705
vn -0.9657 0.0092 0.2594
vn -0.3436 0.0631 -0.9370
vn -0.0308 0.1508 -0.9881
vn -0.3858 -0.1632 -0.9080
vn -0.1386 0.0838 -0.9868
vn -0.1661 -0.0704 -0.9836
vn -0.2885 -0.1517 -0.9454
vn -0.2058 0.4712 -0.8577
vn -0.1059 -0.0320 -0.9939
vn -0.4770 -0.0072 -0.8789
vn -0.3979 0.3201 -0.8598
vn -0.8676 0.1395 -0.4773
vn -0.7965 0.0763 -0.5998
vn -0.7749 -0.1510 -0.6137
vn -0.2692 -0.9200 0.2849
vn -0.0998 -0.5565 0.8248
vn 0.0817 -0.6266 0.7751
vn -0.2469 -0.5851 0.7725
vn -0.1157 -0.9099 0.3983
vn 0.1610 -0.3745 0.9131
vn -0.1165 -0.5629 0.8182
vn -0.2564 -0.6491 0.7162
vn -0.2951 -0.4526 0.8415
vn 0.0783 -0.4439 0.8926
vn 0.5431 -0.5651 0.6210
vn 0.2308 -0.1840 0.9555
vn 0.1781 -0.4888 0.8540
vn 0.1800 -0.2988 0.9372
vn -0.0735 -0.8008 0.5944
vn 0.0055 -0.1991 0.9800
vn 0.0377 -0.6097 0.7917
vn 0.0282 -0.6172 0.7863
vn 0.0355 -0.5064 0.8616
vn 0.0066 -0.1835 0.9830
vn -0.1794 -0.4346 0.8826
vn -0.3247 -0.9049 0.2751
vn -0.0311 -0.4389 0.8980
vn -0.1704 -0.2508 0.9529
vn -0.1701 -0.2061 0.9636
vn -0.1767 -0.7507 0.6366
vn -0.7530 -0.5321 0.3871
vn -0.1785 -0.6208 0.7634
vn -0.4944 -0.4449 0.7468
vn -0.7446 -0.1286 0.6549
vn -0.3560 -0.6815 0.6394
vn -0.0527 -0.7498 0.6596
vn 0.2145 -0.7531 0.6220
vn 0.0375 -0.7509 0.6594
vn -0.9937 -0.1116 -0.0096
vn -0.9200 -0.2907 0.2629
vn -0.9100 -0.1998 0.3634
vn -0.2611 -0.0713 0.9627
vn 0.0493 0.1101 0.9927
vn -0.7341 -0.0944 0.6724
vn -0.3173 -0.3811 0.8684
vn -0.0228 -0.3662 0.9303
vn 0.3259 -0.6011 0.7297
vn 0.4500 -0.7413 0.4979
vn 0.1725 -0.7351 0.6557
vn 0.0889 -0.9872 -0.1321
vn 0.0605 -0.9864 -0.1528
vn 0.1122 -0.9864 -0.1200
vn -0.2270 -0.9635 0.1418
vn -0.1292 -0.9718 0.1974
vn -0.2751 -0.6539 0.7047
vn -0.1372 -0.8770 0.4604
vn -0.1908 -0.6470 0.7382
vn -0.2016 -0.5859 0.7849
vn -0.3458 -0.8499 0.3976
vn 0.1255 -0.9884 0.0853
vn -0.1950 -0.8568 0.4773
vn -0.4317 -0.7291 0.5311
vn -0.0750 -0.9777 0.1964
vn -0.3456 -0.9168 -0.2000
vn 0.0912 -0.9873 -0.1303
vn -0.9890 -0.1422 0.0407
vn -0.9898 -0.1266 0.0657
vn -0.9885 -0.0913 0.1207
vn -0.9693 -0.1613 0.1858
vn -0.8945 -0.4469 0.0112
vn -0.9832 -0.0508 0.1754
vn -0.9896 -0.0891 -0.1133
vn -0.5605 -0.2657 -0.7844
vn -0.8951 -0.1081 -0.4326
vn -0.5654 -0.6285 0.5342
vn -0.3981 -0.9027 0.1632
vn -0.0863 0.1010 -0.9911
vn 0.0073 0.1304 -0.9914
vn -0.5032 -0.1549 -0.8502
vn -0.2848 0.2060 -0.9362
vn -0.2519 -0.1703 -0.9527
vn -0.1467 -0.0897 -0.9851
vn -0.2027 0.1316 -0.9704
vn -0.0749 0.1156 -0.9905
vn 0.2682 -0.0796 -0.9601
vn -0.0821 0.0247 -0.9963
vn -0.2300 0.0599 -0.9713
vn 0.0025 0.0501 -0.9987
vn -0.0458 0.1272 -0.9908
vn 0.0126 -0.0804 -0.9967
vn -0.1177 0.2676 -0.9563
vn -0.0462 0.6085 -0.7922
vn -0.2047 0.0114 -0.9788
vn 0.1839 -0.3395 -0.9224
vn 0.2348 -0.1235 -0.9642
vn -0.6452 0.3124 -0.6972
vn -0.7063 0.0647 -0.7050
vn -0.8205 -0.0368 -0.5705
vn -0.5270 -0.0729 -0.8467
vn -0.7119 -0.0828 -0.6974
vn -0.4791 -0.1194 -0.8696
vn -0.0981 0.0928 -0.9908
vn -0.0314 0.0256 -0.9992
vn -0.1497 -0.1813 -0.9720
vn 0.1250 -0.5830 -0.8028
vn 0.4609 -0.3052 -0.8333
vn -0.1367 -0.0705 -0.9881
vn 0.5669 0.0035 -0.8238
vn 0.2545 -0.4036 -0.8788
vn 0.0501 -0.7933 -0.6068
vn 0.0525 -0.1498 -0.9873
vn 0.0348 -0.0661 -0.9972
vn 0.1179 -0.5188 -0.8467
vn 0.0079 -0.4167 -0.9090
vn -0.3793 -0.0590 -0.9234
vn -0.3453 -0.1540 -0.9258
vn 0.5704 -0.0061 -0.8214
vn -0.9200 -0.0756 -0.3845
vn -0.8355 -0.4232 -0.3505
vn -0.4739 -0.8732 -0.1138
vn -0.3795 -0.9192 0.1048
vn -0.9638 -0.0112 0.2665
vn -0.9934 -0.0809 0.0811
vn -0.7058 -0.1569 -0.6908
vn -0.3450 -0.8366 -0.4255
vn -0.8359 -0.4377 -0.3312
vn -0.5445 -0.4548 -0.7048
vn 0.0081 -0.8468 0.5318
vn -0.9992 -0.0360 -0.0162
vn -0.9384 -0.1243 0.3224
vn -0.9214 -0.1186 0.3701
vn -0.9738 -0.1206 0.1930
vn -0.0704 -0.8477 0.5259
vn 0.1393 -0.8048 0.5770
vn -0.0391 -0.9398 -0.3394
vn -0.0742 -0.9957 0.0561
vn -0.1968 -0.8248 0.5301
vn -0.1845 -0.7883 0.5870
vn -0.2990 -0.5455 0.7830
vn -0.0113 -0.9861 0.1656
vn -0.4141 -0.6791 0.6061
vn -0.4919 -0.6398 0.5905
vn -0.0054 -0.8685 0.4956
vn -0.2199 -0.9457 0.2394
vn 0.0794 -0.9925 0.0929
vn 0.3836 -0.9233 0.0188
vn 0.2403 -0.7849 0.5711
vn -0.1538 -0.8240 0.5453
vn -0.2369 -0.9484 0.2108
vn -0.1889 -0.5254 0.8296
vn -0.4786 -0.7442 0.4659
vn 0.1249 -0.9227 0.3648
vn -0.1190 -0.5302 0.8395
vn 0.0912 -0.9666 0.2394
vn 0.0660 -0.4593 0.8858
vn 0.2239 -0.7202 0.6567
vn 0.1944 -0.5842 0.7880
vn -0.5689 -0.4786 0.6688
vn -0.2350 -0.1718 0.9567
vn -0.0627 -0.8490 0.5246
vn -0.6917 -0.5370 0.4830
vn -0.0101 -0.5799 0.8146
vn -0.1228 -0.6930 0.7104
vn -0.0998 -0.0403 0.9942
vn 0.0428 -0.2055 0.9777
vn 0.0121 -0.5187 0.8549
vn -0.1537 -0.8257 0.5427
vn 0.0903 -0.7908 0.6054
vn -0.1638 -0.5411 0.8249
vn 0.0844 -0.7513 0.6546
vn 0.2310 -0.7204 0.6540
vn -0.1516 -0.3815 0.9118
vn -0.3568 -0.8564 0.3732
vn 0.3706 -0.2221 0.9019
vn -0.1618 -0.9730 0.1644
vn 0.2375 -0.9287 0.2849
vn -0.1318 -0.6520 0.7467
vn -0.0939 0.2257 -0.9697
vn 0.1039 0.0911 -0.9904
vn 0.2748 0.0325 -0.9610
vn 0.0984 0.0289 -0.9947
vn 0.0447 -0.0086 -0.9990
vn 0.0045 0.3926 -0.9197
vn 0.0816 -0.0551 -0.9951
vn 0.2156 0.8154 -0.5373
vn -0.0744 0.5333 -0.8427
vn 0.1044 0.4203 -0.9014
vn 0.0252 0.1065 -0.9940
vn 0.0784 0.0781 -0.9939
vn -0.0555 0.4814 -0.8747
vn 0.0178 -0.0116 -0.9998
vn 0.0327 0.4421 -0.8964
vn -0.9546 0.1389 0.2637
vn -0.9726 0.1249 0.1960
vn -0.9757 0.0666 0.2089
vn -0.9848 0.0696 0.1589
vn -0.9870 0.0791 0.1401
vn -0.9901 0.0405 0.1340
vn -0.0985 0.9391 0.3292
vn -0.9683 0.1424 0.2054
vn -0.5736 0.8171 0.0569
vn -0.0437 0.9857 0.1625
vn 0.0804 0.9793 -0.1859
vn -0.1892 0.4009 0.8964
vn -0.5272 0.3541 0.7725
vn -0.1441 0.9281 0.3433
vn 0.1003 0.8948 0.4351
vn -0.2819 0.9587 -0.0363
vn 0.0684 0.9949 0.0740
vn -0.0200 0.9979 0.0613
vn 0.1148 0.9934 0.0023
vn 0.1576 0.9864 0.0461
vn 0.0951 0.9362 0.3382
vn 0.1448 0.8606 0.4882
vn -0.0616 0.9463 -0.3174
vn -0.0205 0.9224 -0.3856
vn -0.9929 0.0985 0.0666
vn -0.9859 -0.1393 0.0932
vn -0.9415 -0.0942 0.3235
vn -0.8876 0.1033 0.4489
vn -0.5702 0.8198 0.0528
vn -0.8614 -0.0930 0.4994
vn -0.6115 0.2512 0.7503
vn -0.8075 0.1243 0.5767
vn -0.3614 -0.4684 0.8063
vn -0.6960 0.1688 0.6979
vn -0.9689 -0.2441 0.0397
vn -0.5171 -0.7263 0.4529
vn -0.8911 0.2334 0.3892
vn -0.9544 0.1380 0.2648
vn 0.0575 0.9919 -0.1135
vn -0.9598 0.2176 0.1775
vn -0.9959 -0.0352 0.0828
vn -0.3635 -0.6369 0.6798
vn -0.8327 0.5507 0.0577
vn -0.5989 -0.6210 0.5056
vn -0.1495 -0.2900 0.9453
vn -0.2579 -0.0731 0.9634
vn -0.4359 -0.5137 0.7390
vn 0.0444 -0.7353 -0.6763
vn 0.0292 -0.1285 -0.9913
vn 0.2047 -0.0199 -0.9786
vn 0.2825 0.0999 -0.9540
vn -0.0490 0.0245 -0.9985
vn -0.0484 0.0157 -0.9987
vn 0.2843 -0.1020 -0.9533
vn -0.0487 -0.3771 -0.9249
vn -0.0390 0.1525 -0.9875
vn 0.2132 0.0732 -0.9743
vn -0.1142 0.1122 -0.9871
vn 0.0585 0.1474 -0.9874
vn -0.0712 -0.0892 -0.9935
vn -0.0414 0.1297 -0.9907
vn -0.1953 -0.0872 -0.9769
vn -0.0176 -0.1021 -0.9946
vn 0.3700 -0.2320 -0.8996
vn 0.8242 -0.2686 -0.4986
vn 0.3812 0.2490 -0.8903
vn 0.4647 0.1486 -0.8729
vn 0.5950 -0.0334 -0.8031
vn 0.0262 -0.9425 0.3332
vn 0.1061 -0.9463 0.3053
vn -0.0783 -0.9438 -0.3212
vn -0.3751 -0.6208 0.6884
vn 0.1749 -0.9782 -0.1123
vn 0.2698 -0.9430 -0.1947
vn 0.1093 -0.9018 0.4182
vn -0.1361 -0.9021 0.4094
vn 0.1346 -0.9065 0.4002
vn 0.0672 -0.8875 0.4559
vn 0.1480 -0.6990 0.6997
vn -0.1871 -0.3059 0.9335
vn 0.2746 -0.5436 0.7931
vn 0.9853 -0.1658 -0.0424
vn 0.5158 -0.8391 -0.1728
vn 0.7532 -0.5393 -0.3768
vn 0.6369 -0.7279 -0.2540
vn 0.5523 -0.6780 -0.4851
vn 0.7112 -0.6966 -0.0946
vn 0.8458 -0.5333 -0.0151
vn 0.9530 -0.2035 0.2246
vn 0.9569 -0.1208 0.2641
vn 0.9853 0.0669 0.1573
vn 0.9843 0.1376 0.1108
vn 0.9691 0.2370 0.0680
vn 0.2419 -0.5161 0.8217
vn 0.9958 0.0781 0.0479
vn 0.7303 -0.6117 0.3041
vn -0.1530 -0.6148 0.7737
vn -0.3774 -0.8993 0.2210
vn 0.1987 -0.7812 0.5918
vn 0.0610 -0.3912 0.9183
vn -0.1940 -0.8535 0.4837
vn 0.0299 -0.6057 0.7951
vn -0.1544 -0.7462 0.6475
vn 0.2206 -0.8892 0.4008
vn 0.0621 -0.7557 0.6520
vn 0.9988 0.0351 -0.0333
vn 0.9150 -0.3049 0.2644
vn 0.6543 -0.6125 0.4436
vn 0.9734 -0.2168 0.0743
vn 0.8825 -0.4529 0.1267
vn 0.9174 -0.3167 -0.2410
vn -0.1323 -0.0906 -0.9871
vn -0.1169 0.0066 -0.9931
vn 0.3063 -0.0601 -0.9500
vn -0.1145 -0.4007 -0.9090
vn 0.2780 -0.0212 -0.9603
vn 0.2491 0.2586 -0.9333
vn 0.1974 0.1334 -0.9712
vn 0.4563 0.0486 -0.8885
vn 0.2721 -0.0246 -0.9619
vn 0.6542 -0.2631 -0.7091
vn 0.5046 0.1402 -0.8519
vn 0.6636 0.6294 -0.4043
vn 0.1072 0.9619 -0.2516
vn 0.1534 0.9842 -0.0886
vn 0.0977 0.9800 -0.1735
vn -0.0763 0.9971 -0.0021
vn 0.1040 0.9547 -0.2788
vn -0.0262 0.9986 -0.0451
vn 0.1065 0.9694 0.2211
vn 0.0929 0.9696 0.2262
vn 0.0925 0.9794 0.1795
vn 0.1426 0.9637 0.2256
vn 0.1586 0.9866 0.0392
vn 0.1728 0.9726 0.1557
vn 0.2151 0.9663 -0.1415
vn 0.6051 0.7744 -0.1847
vn 0.6740 0.7379 0.0362
vn 0.2976 0.9546 -0.0096
vn 0.2043 0.9538 0.2201
vn 0.2819 0.8652 -0.4146
vn 0.6470 0.7042 0.2923
vn 0.4987 0.8323 -0.2419
vn 0.3795 0.8885 -0.2578
vn 0.3734 0.8842 -0.2805
vn 0.5990 0.7357 -0.3160
vn 0.6858 0.6615 -0.3037
vn 0.5572 0.7200 -0.4137
vn 0.8716 0.4894 -0.0290
vn 0.9230 0.0381 -0.3829
vn 0.8563 0.2102 -0.4717
vn 0.8059 0.5455 0.2299
vn 0.9996 0.0136 0.0266
vn 0.9778 0.0341 0.2069
vn 0.9956 0.0894 -0.0278
vn 0.9993 0.0145 0.0339
vn 0.9921 0.0135 0.1246
vn 0.9973 0.0571 -0.0452
vn 0.8740 0.4624 0.1495
vn 0.9711 -0.0831 0.2236
vn 0.7010 0.6725 0.2375
vn -0.0268 0.9996 0.0013
vn 0.0258 0.9997 -0.0042
vn -0.2877 0.9482 0.1346
vn -0.2010 0.9789 0.0370
vn 0.0140 0.9775 0.2105
vn -0.2871 0.9520 0.1060
vn 0.0290 -0.5264 0.8497
vn -0.2215 -0.4940 0.8408
vn 0.1160 0.8937 0.4335
vn 0.2024 0.9382 0.2808
vn -0.0181 -0.8223 0.5687
vn 0.1696 -0.6060 0.7771
vn 0.1119 0.9645 0.2392
vn 0.0371 0.9990 -0.0229
vn 0.1038 0.9676 0.2302
vn 0.1464 0.9753 0.1655
vn 0.2543 0.9655 0.0558
vn -0.1256 0.9920 0.0143
vn -0.1766 0.9831 -0.0475
vn 0.4218 0.8874 0.1859
vn 0.6245 -0.0138 0.7809
vn 0.5041 0.7749 0.3813
vn 0.8780 -0.1860 0.4410
vn 0.9457 -0.1171 0.3031
vn 0.9423 -0.1702 0.2883
vn 0.3134 0.9226 -0.2251
vn 0.3263 0.9453 -0.0036
vn 0.2192 0.9745 0.0482
vn 0.1919 0.9795 0.0618
vn 0.5523 -0.6307 0.5451
vn 0.6636 0.7085 -0.2401
vn 0.9989 -0.0119 -0.0453
vn 0.9913 -0.0431 0.1245
vn 0.9978 -0.0119 -0.0655
vn 0.9996 -0.0289 0.0074
vn 0.0127 0.9402 0.3403
vn 0.4541 -0.1619 0.8761
vn 0.2093 0.2270 0.9511
vn 0.1821 -0.4349 0.8819
vn 0.5726 0.4719 0.6704
vn 0.0195 -0.6525 0.7575
vn -0.0959 0.9855 0.1397
vn -0.1799 0.9815 0.0649
vn 0.1339 0.8980 0.4192
vn 0.9866 0.0443 0.1569
vn 0.6012 0.7896 -0.1228
vn 0.9852 0.1712 0.0008
vn 0.2658 0.9620 -0.0624
vn -0.2137 -0.2220 -0.9513
vn 0.9917 -0.1260 0.0257
vn -0.1154 -0.6808 0.7233
vn -0.0285 -0.6483 0.7609
vn 0.0939 -0.6330 0.7685
vn -0.0614 -0.8056 0.5892
vn -0.0391 -0.7775 0.6276
vn 0.7561 0.1766 -0.6302
vn 0.0396 -0.6851 0.7274
vn 0.0559 -0.8279 0.5581
vn 0.5416 0.2725 -0.7953
vn 0.0972 0.1663 -0.9813
vn 0.4142 0.0159 -0.9100
vn 0.0200 0.1797 -0.9835
vn -0.0917 0.9955 0.0233
vn -0.1651 0.9856 0.0365
vn -0.9318 -0.1061 0.3471
vn -0.6686 0.2703 0.6928
vn 0.1905 0.9257 -0.3268
vn 0.2554 0.9668 -0.0089
vn -0.1187 -0.8039 0.5828
vn 0.1737 -0.6639 0.7274
vn -0.7864 -0.0356 0.6167
vn -0.6631 -0.1828 0.7258
vn 0.2998 -0.7259 0.6190
vn -0.9917 -0.0255 -0.1263
vn -0.6583 -0.6959 0.2870
vn -0.1093 -0.7410 0.6625
vn 0.9795 -0.0021 -0.2013
vn -0.0899 0.2521 -0.9635
vn 0.5421 -0.1283 -0.8305
vn -0.8213 -0.1390 0.5534
vn 0.2622 -0.1185 -0.9577
vn -0.4448 -0.0700 0.8929
vn -0.3311 -0.9393 0.0904
vn -0.1963 -0.9479 0.2511
vn -0.0237 -0.7131 -0.7006
vn 0.0810 -0.9649 -0.2497
vn 0.0373 -0.0887 -0.9954
vn -0.0540 -0.2706 -0.9612
vn -0.2924 -0.8414 0.4545
vn 0.7027 -0.5966 0.3877
vn 0.1947 0.9792 0.0568
vn 0.2807 0.8234 -0.4931
s 1
f 1/1/1 2/2/2 3/3/3
f 4/4/4 5/5/5 6/6/6
f 7/7/7 8/8/8 9/9/9
f 10/10/10 11/11/11 12/12/12
f 13/13/13 14/14/14 15/15/15
f 16/16/16 17/17/17 18/18/18
f 19/19/19 20/20/20 21/21/21
f 22/22/22 23/23/23 24/24/24
f 25/25/25 26/26/26 27/27/27
f 28/28/28 29/29/29 30/30/30
f 31/31/31 32/32/32 16/16/16
f 33/33/33 34/34/34 35/35/35
f 36/36/36 37/37/37 38/38/38
f 39/39/39 40/40/40 41/41/41
f 42/42/42 43/43/43 44/44/44
f 45/45/45 42/42/42 46/46/46
f 47/47/47 48/48/48 49/49/49
f 50/50/50 51/51/51 52/52/52
f 53/53/53 54/54/54 55/55/55
f 56/56/56 57/57/57 58/58/58
f 59/59/59 60/60/60 61/61/61
f 62/62/62 63/63/63 64/64/64
f 65/65/65 66/66/66 67/67/67
f 68/68/68 69/69/69 70/70/70
f 71/71/71 72/72/72 73/73/73
f 74/74/74 75/75/75 76/76/76
f 77/77/77 78/78/78 79/79/79
f 80/80/80 81/81/81 82/82/82
f 83/83/83 84/84/84 85/85/85
f 86/86/86 87/87/87 88/88/88
f 89/89/89 90/90/90 91/91/91
f 92/92/92 93/93/93 94/94/94
f 95/95/95 96/96/96 97/97/97
f 98/98/98 99/99/99 100/100/100
f 96/96/96 101/101/101 102/102/102
f 103/103/103 104/104/104 105/105/105
f 106/106/106 107/107/107 108/108/108
f 109/109/109 110/110/110 105/105/105
f 111/111/111 112/112/112 113/113/113
f 114/114/114 115/115/115 116/116/116
f 117/117/117 118/118/118 119/119/119
f 119/119/119 118/118/118 120/120/120
f 74/74/74 121/121/121 75/75/75
f 122/122/122 123/123/123 124/124/124
f 125/125/125 126/126/126 127/127/127
f 128/128/128 129/129/129 130/130/130
f 131/131/131 132/132/132 133/133/133
f 134/134/134 135/135/135 136/136/136
f 137/137/137 138/138/138 139/139/139
f 140/140/140 141/141/141 142/142/142
f 143/143/143 144/144/144 145/145/145
f 146/146/146 147/147/147 148/148/148
f 149/149/149 150/150/150 151/151/151
f 141/141/141 152/152/152 153/153/153
f 154/154/154 155/155/155 156/156/156
f 157/157/157 158/158/158 159/159/159
f 157/157/157 159/159/159 160/160/160
f 161/161/161 149/149/149 151/151/151
f 162/162/162 163/163/163 164/164/164
f 165/165/165 164/164/164 166/166/166
f 162/162/162 167/167/167 168/168/168
f 167/167/167 169/169/169 168/168/168
f 170/170/170 171/171/171 172/172/172
f 148/173/148 173/174/173 170/170/170
f 174/175/174 175/176/175 176/177/176
f 147/147/147 174/178/174 148/148/148
f 177/179/177 178/180/178 179/181/179
f 179/181/179 180/182/180 181/183/181
f 182/184/182 183/185/183 184/186/184
f 185/187/185 153/188/153 186/189/186
f 143/143/143 187/190/187 144/144/144
f 145/145/145 188/191/188 189/192/189
f 145/145/145 144/144/144 190/193/190
f 191/194/191 192/195/192 193/196/193
f 193/196/193 192/195/192 194/197/194
f 195/198/195 196/199/196 187/190/187
f 142/142/142 197/200/197 198/201/198
f 142/142/142 198/201/198 140/140/140
f 199/202/199 200/203/200 196/199/196
f 201/204/201 202/205/202 203/206/203
f 204/207/204 205/208/205 206/209/206
f 207/210/207 208/211/208 209/212/209
f 210/213/210 211/214/211 212/215/212
f 213/216/213 214/217/214 215/218/215
f 216/219/216 217/220/217 139/139/139
f 218/221/218 165/165/165 166/166/166
f 138/138/138 219/222/219 139/139/139
f 220/223/220 134/134/134 221/224/221
f 222/225/222 223/226/223 224/227/224
f 224/227/224 94/94/94 225/228/225
f 126/229/126 226/230/226 227/231/227
f 228/232/228 229/233/229 230/234/230
f 231/235/231 122/122/122 232/236/232
f 232/236/232 122/122/122 124/124/124
f 233/237/233 234/238/234 235/239/235
f 236/240/236 237/241/237 235/239/235
f 238/242/238 239/243/239 240/244/240
f 237/241/237 238/242/238 241/245/241
f 242/246/242 243/247/243 244/248/244
f 242/246/242 245/249/245 243/247/243
f 121/121/121 246/250/246 75/75/75
f 247/251/247 248/252/248 244/248/244
f 247/251/247 249/253/249 120/120/120
f 119/119/119 120/120/120 250/254/250
f 251/255/251 252/256/252 253/257/253
f 254/258/254 111/111/111 255/259/255
f 256/260/256 111/111/111 113/113/113
f 113/113/113 112/112/112 257/261/257
f 258/262/258 259/263/259 260/264/260
f 261/265/261 262/266/262 106/106/106
f 102/102/102 101/101/101 263/267/263
f 264/268/264 265/269/265 266/270/266
f 205/208/205 97/97/97 206/209/206
f 267/271/267 268/272/268 98/98/98
f 266/270/266 269/273/269 99/99/99
f 270/274/270 271/275/271 264/268/264
f 271/275/271 272/276/272 273/277/273
f 224/227/224 274/278/274 92/92/92
f 224/227/224 92/92/92 94/94/94
f 275/279/275 276/280/276 277/281/277
f 278/282/278 279/283/279 280/284/280
f 90/90/90 281/285/281 282/286/282
f 283/287/283 284/288/284 285/289/285
f 286/290/286 287/291/287 288/292/288
f 287/293/287 289/294/289 290/295/290
f 290/295/290 291/296/291 292/297/292
f 291/296/291 293/298/293 294/299/294
f 84/84/84 295/300/295 296/301/296
f 297/302/297 298/303/298 299/304/299
f 297/302/297 299/304/299 300/305/300
f 301/306/301 302/307/302 303/308/303
f 304/309/304 302/307/302 301/306/301
f 305/310/305 306/311/306 82/82/82
f 307/312/307 308/313/308 309/314/309
f 307/312/307 310/315/310 311/316/311
f 312/317/312 305/310/305 313/318/313
f 314/319/314 28/28/28 315/320/315
f 316/321/316 312/317/312 317/322/317
f 94/94/94 318/323/318 319/324/319
f 320/325/320 321/326/321 322/327/322
f 322/327/322 321/326/321 323/328/323
f 323/328/323 324/329/324 325/330/325
f 324/329/324 326/331/326 325/330/325
f 327/332/327 87/87/87 328/333/328
f 325/330/325 326/331/326 329/334/329
f 330/335/330 87/87/87 331/336/331
f 332/337/332 333/338/333 76/76/76
f 334/339/334 335/340/335 336/341/336
f 337/342/337 338/343/338 339/344/339
f 68/68/68 66/66/66 65/65/65
f 340/345/340 341/346/341 342/347/342
f 343/348/343 344/349/344 345/350/345
f 346/351/346 347/352/347 211/214/211
f 345/350/345 348/353/348 349/354/349
f 66/66/66 350/355/350 67/67/67
f 351/356/351 352/357/352 350/355/350
f 348/353/348 353/358/353 349/354/349
f 354/359/354 355/360/355 340/361/340
f 356/362/356 357/363/357 358/364/358
f 356/362/356 359/365/359 357/363/357
f 353/358/353 360/366/360 361/367/361
f 354/359/354 362/368/362 363/369/363
f 364/370/364 358/364/358 365/371/365
f 366/372/366 367/373/367 368/374/368
f 369/375/369 370/376/370 371/377/371
f 372/378/372 366/379/366 373/380/373
f 374/381/374 375/382/375 376/383/376
f 377/384/377 378/385/378 379/386/379
f 379/386/379 380/387/380 381/388/381
f 61/61/61 60/60/60 382/389/382
f 58/390/58 383/391/383 384/392/384
f 385/393/385 386/394/386 387/395/387
f 56/56/56 388/396/388 389/397/389
f 390/398/390 375/382/375 391/399/391
f 392/400/392 393/401/393 394/402/394
f 55/55/55 395/403/395 388/396/388
f 49/404/49 46/46/46 47/405/47
f 396/406/396 397/407/397 398/408/398
f 397/407/397 396/406/396 399/409/399
f 400/410/400 398/408/398 401/411/401
f 397/407/397 402/412/402 403/413/403
f 40/40/40 39/39/39 404/414/404
f 405/415/405 406/416/406 407/417/407
f 406/416/406 408/418/408 409/419/409
f 410/420/410 411/421/411 412/422/412
f 49/404/49 413/423/413 414/424/414
f 415/425/415 36/36/36 416/426/416
f 95/95/95 417/427/417 96/96/96
f 418/428/418 419/429/419 420/430/420
f 421/431/421 422/432/422 99/99/99
f 423/433/423 424/434/424 425/435/425
f 35/35/35 272/276/272 426/436/426
f 427/437/427 428/438/428 429/439/429
f 430/440/430 431/441/431 432/442/432
f 431/441/431 433/443/433 434/444/434
f 33/33/33 435/445/435 436/446/436
f 437/447/437 438/448/438 369/375/369
f 439/449/439 440/450/440 441/451/441
f 441/451/441 440/450/440 442/452/442
f 443/453/443 444/454/444 445/455/445
f 446/456/446 444/454/444 443/453/443
f 447/457/447 448/458/448 433/443/433
f 447/457/447 435/445/435 448/458/448
f 440/450/440 449/459/449 450/460/450
f 451/461/451 452/462/452 453/463/453
f 376/383/376 454/464/454 455/465/455
f 456/466/456 454/464/454 457/467/457
f 439/449/439 31/31/31 458/468/458
f 27/27/27 78/78/78 25/25/25
f 459/469/459 460/470/460 461/471/461
f 462/472/462 463/473/463 464/474/464
f 465/475/465 462/472/462 466/476/466
f 467/477/467 468/478/468 469/479/469
f 470/480/470 450/460/450 471/481/471
f 449/459/449 472/482/472 471/481/471
f 471/481/471 473/483/473 474/484/474
f 475/485/475 476/486/476 477/487/477
f 478/488/478 479/489/479 480/490/480
f 17/17/17 481/491/481 482/492/482
f 51/51/51 483/493/483 478/488/478
f 484/494/484 485/495/485 486/496/486
f 11/11/11 487/497/487 488/498/488
f 489/499/489 490/500/490 491/501/491
f 492/502/492 489/499/489 8/8/8
f 491/501/491 493/503/493 494/504/494
f 495/505/495 404/506/404 9/9/9
f 496/507/496 5/5/5 497/508/497
f 498/509/498 499/510/499 500/511/500
f 501/512/501 500/511/500 502/513/502
f 499/510/499 503/514/503 2/2/2
f 504/515/504 3/3/3 503/514/503
f 505/516/505 506/517/506 507/518/507
f 504/515/504 508/519/508 3/3/3
f 1/1/1 509/520/509 510/521/510
f 508/519/508 511/522/511 509/520/509
f 1/1/1 510/521/510 512/523/512
f 3/3/3 509/520/509 1/1/1
f 513/524/513 514/525/514 515/526/515
f 485/495/485 516/527/516 1/1/1
f 503/514/503 3/3/3 2/2/2
f 502/513/502 2/2/2 516/527/516
f 498/509/498 4/4/4 503/514/503
f 500/511/500 499/510/499 2/2/2
f 40/528/40 495/505/495 501/512/501
f 517/529/517 518/530/518 5/5/5
f 519/531/519 517/529/517 5/5/5
f 494/504/494 520/532/520 521/533/521
f 40/528/40 404/506/404 495/505/495
f 519/531/519 522/534/522 517/529/517
f 496/507/496 519/531/519 5/5/5
f 8/8/8 521/533/521 523/535/523
f 9/9/9 8/8/8 523/535/523
f 404/506/404 7/7/7 9/9/9
f 39/39/39 524/536/524 404/414/404
f 525/537/525 519/531/519 526/538/526
f 527/539/527 496/507/496 494/504/494
f 493/503/493 527/539/527 494/504/494
f 8/8/8 491/501/491 494/504/494
f 489/499/489 491/501/491 8/8/8
f 528/540/528 72/72/72 526/538/526
f 529/541/529 7/542/7 524/536/524
f 399/409/399 530/543/530 484/494/484
f 487/497/487 531/544/531 532/545/532
f 531/544/531 487/497/487 11/11/11
f 11/11/11 488/498/488 481/491/481
f 481/491/481 488/498/488 533/546/533
f 12/12/12 11/11/11 534/547/534
f 12/12/12 535/548/535 483/493/483
f 486/496/486 485/495/485 512/523/512
f 478/488/478 483/493/483 535/548/535
f 478/488/478 535/548/535 479/489/479
f 402/412/402 484/494/484 483/493/483
f 530/543/530 536/549/536 484/494/484
f 530/543/530 513/524/513 536/549/536
f 397/407/397 484/494/484 402/412/402
f 51/51/51 402/412/402 483/493/483
f 537/550/537 14/14/14 476/486/476
f 15/15/15 537/550/537 538/551/538
f 532/545/532 531/544/531 537/550/537
f 14/14/14 511/522/511 539/552/539
f 487/497/487 540/553/540 488/498/488
f 511/522/511 14/14/14 509/520/509
f 479/489/479 541/554/541 17/17/17
f 479/489/479 535/548/535 541/554/541
f 542/555/542 480/490/480 543/556/543
f 478/488/478 544/557/544 52/52/52
f 51/51/51 478/488/478 52/52/52
f 19/19/19 532/545/532 20/20/20
f 533/546/533 545/558/545 18/18/18
f 546/559/546 18/18/18 545/558/545
f 472/482/472 533/546/533 488/498/488
f 20/20/20 547/560/547 548/561/548
f 540/553/540 19/19/19 549/562/549
f 473/483/473 540/553/540 550/563/550
f 471/481/471 472/482/472 488/498/488
f 440/450/440 551/564/551 449/459/449
f 552/565/552 19/19/19 21/21/21
f 463/473/463 465/475/465 475/485/475
f 552/565/552 21/21/21 548/561/548
f 553/566/553 552/565/552 554/567/554
f 555/568/555 467/477/467 23/23/23
f 474/484/474 555/568/555 22/22/22
f 548/561/548 466/476/466 556/569/556
f 557/570/557 558/571/558 468/478/468
f 468/478/468 558/571/558 460/470/460
f 23/23/23 469/479/469 24/24/24
f 22/22/22 24/24/24 559/572/559
f 24/24/24 459/469/459 26/26/26
f 461/471/461 558/571/558 556/569/556
f 26/26/26 459/469/459 461/471/461
f 27/27/27 26/26/26 560/573/560
f 561/574/561 464/474/464 314/319/314
f 562/575/562 563/576/563 564/577/564
f 560/573/560 79/79/79 78/78/78
f 565/578/565 25/25/25 78/78/78
f 563/576/563 566/579/566 564/577/564
f 567/580/567 562/575/562 564/577/564
f 562/575/562 567/580/567 568/581/568
f 565/578/565 78/78/78 316/321/316
f 458/468/458 16/16/16 569/582/569
f 455/465/455 454/464/454 456/466/456
f 456/583/456 457/584/457 447/457/447
f 453/463/453 452/462/452 570/585/570
f 570/585/570 447/457/447 433/443/433
f 571/586/571 570/585/570 572/587/572
f 573/588/573 574/589/574 575/590/575
f 576/591/576 439/449/439 441/451/441
f 435/592/435 577/593/577 576/591/576
f 448/458/448 435/445/435 33/33/33
f 571/586/571 572/587/572 430/440/430
f 430/440/430 578/594/578 574/589/574
f 574/589/574 578/594/578 579/595/579
f 444/454/444 580/596/580 445/455/445
f 434/444/434 581/597/581 431/441/431
f 572/587/572 431/441/431 430/440/430
f 580/596/580 444/454/444 582/598/582
f 583/599/583 579/595/579 582/598/582
f 584/600/584 438/448/438 585/601/585
f 586/602/586 427/437/427 429/439/429
f 581/597/581 33/33/33 35/35/35
f 432/442/432 421/431/421 418/428/418
f 587/603/587 96/96/96 417/427/417
f 585/601/585 417/427/417 423/433/423
f 34/34/34 429/604/429 588/605/588
f 35/35/35 34/34/34 588/605/588
f 99/99/99 418/428/418 421/431/421
f 579/595/579 420/430/420 589/606/589
f 428/438/428 565/578/565 317/322/317
f 99/99/99 422/432/422 270/274/270
f 418/428/418 99/99/99 419/429/419
f 411/421/411 36/36/36 45/45/45
f 413/423/413 412/422/412 414/424/414
f 412/422/412 411/421/411 45/45/45
f 590/607/590 410/608/410 413/609/413
f 409/610/409 591/611/591 592/612/592
f 407/417/407 409/419/409 410/608/410
f 590/607/590 407/417/407 410/608/410
f 593/613/593 594/614/594 591/611/591
f 590/607/590 595/615/595 407/417/407
f 408/616/408 593/613/593 591/611/591
f 596/617/596 408/418/408 406/416/406
f 597/618/597 595/615/595 598/619/598
f 596/617/596 406/416/406 405/415/405
f 599/620/599 405/415/405 595/615/595
f 600/621/600 408/418/408 596/617/596
f 597/618/597 599/620/599 595/615/595
f 257/261/257 39/39/39 41/41/41
f 257/261/257 41/41/41 600/621/600
f 601/622/601 524/536/524 39/39/39
f 602/623/602 603/624/603 604/625/604
f 513/524/513 416/426/416 36/36/36
f 416/426/416 530/543/530 399/409/399
f 402/412/402 51/51/51 403/413/403
f 401/411/401 51/51/51 50/50/50
f 397/407/397 403/413/403 398/408/398
f 398/408/398 403/413/403 401/411/401
f 43/43/43 45/45/45 398/408/398
f 414/424/414 412/422/412 45/45/45
f 414/424/414 45/45/45 46/46/46
f 46/46/46 42/42/42 44/44/44
f 605/626/605 52/52/52 544/557/544
f 390/398/390 606/627/606 607/628/607
f 52/52/52 605/626/605 50/50/50
f 605/626/605 607/628/607 606/627/606
f 606/627/606 395/403/395 605/626/605
f 388/396/388 395/403/395 606/627/606
f 54/54/54 608/629/608 609/630/609
f 44/44/44 610/631/610 394/632/394
f 394/632/394 54/54/54 386/633/386
f 386/633/386 54/54/54 53/53/53
f 47/47/47 611/634/611 48/48/48
f 612/635/612 388/396/388 606/627/606
f 389/397/389 612/635/612 391/399/391
f 387/395/387 613/636/613 385/393/385
f 392/400/392 614/637/614 611/634/611
f 598/619/598 48/48/48 615/638/615
f 616/639/616 56/56/56 617/640/617
f 387/395/387 617/641/617 618/642/618
f 613/636/613 619/643/619 620/644/620
f 619/643/619 613/636/613 387/395/387
f 613/636/613 620/644/620 392/400/392
f 60/60/60 620/644/620 619/643/619
f 618/642/618 60/60/60 619/643/619
f 615/638/615 597/618/597 598/619/598
f 615/638/615 614/637/614 621/645/621
f 622/646/622 621/645/621 614/637/614
f 623/647/623 621/645/621 622/646/622
f 624/648/624 621/645/621 623/647/623
f 625/649/625 59/59/59 61/61/61
f 378/650/378 626/651/626 625/649/625
f 378/650/378 377/652/377 626/651/626
f 241/245/241 238/242/238 623/647/623
f 627/653/627 628/654/628 377/384/377
f 629/655/629 630/656/630 373/380/373
f 384/392/384 383/391/383 629/655/629
f 630/656/630 631/657/631 373/380/373
f 373/380/373 632/658/632 372/378/372
f 366/379/366 372/378/372 367/659/367
f 368/374/368 384/660/384 366/372/366
f 380/387/380 633/661/633 63/63/63
f 634/662/634 445/455/445 635/663/635
f 367/659/367 372/378/372 636/664/636
f 368/374/368 367/373/367 64/64/64
f 63/63/63 381/388/381 380/387/380
f 371/377/371 370/376/370 637/665/637
f 348/353/348 64/64/64 353/358/353
f 638/666/638 356/362/356 364/370/364
f 364/370/364 356/362/356 358/364/358
f 639/667/639 365/371/365 347/352/347
f 639/667/639 347/352/347 640/668/640
f 641/669/641 638/666/638 642/670/642
f 639/667/639 355/671/355 363/672/363
f 361/367/361 360/366/360 642/673/642
f 643/674/643 381/388/381 62/62/62
f 644/675/644 645/676/645 362/368/362
f 362/368/362 354/359/354 352/357/352
f 352/357/352 354/359/354 67/67/67
f 344/349/344 643/674/643 62/62/62
f 348/353/348 344/349/344 62/62/62
f 347/352/347 365/371/365 211/214/211
f 640/668/640 347/352/347 646/677/646
f 67/67/67 350/355/350 352/357/352
f 65/65/65 67/67/67 647/678/647
f 648/679/648 357/363/357 649/680/649
f 648/679/648 649/680/649 204/207/204
f 650/681/650 68/68/68 342/682/342
f 150/683/150 651/684/651 646/677/646
f 650/681/650 149/149/149 161/161/161
f 652/685/652 307/312/307 30/30/30
f 72/72/72 652/685/652 526/538/526
f 493/503/493 653/686/653 527/539/527
f 310/315/310 307/312/307 652/685/652
f 654/687/654 73/73/73 528/540/528
f 655/688/655 338/343/338 656/689/656
f 339/344/339 338/343/338 655/688/655
f 339/344/339 655/688/655 255/259/255
f 657/690/657 336/341/336 71/71/71
f 658/691/658 338/343/338 337/342/337
f 334/339/334 659/692/659 335/340/335
f 660/693/660 657/694/657 661/695/661
f 329/334/329 661/695/661 662/696/662
f 337/342/337 76/76/76 658/691/658
f 663/697/663 337/342/337 255/259/255
f 332/337/332 76/76/76 337/342/337
f 664/698/664 328/333/328 659/692/659
f 329/334/329 326/331/326 660/693/660
f 662/696/662 665/699/665 329/334/329
f 666/700/666 665/699/665 662/696/662
f 76/76/76 666/700/666 667/701/667
f 328/333/328 664/698/664 668/702/668
f 666/700/666 320/325/320 665/699/665
f 327/332/327 88/88/88 87/87/87
f 327/332/327 291/296/291 88/88/88
f 669/703/669 294/299/294 293/298/293
f 670/704/670 671/705/671 320/325/320
f 318/323/318 672/706/672 671/705/671
f 314/319/314 464/474/464 28/28/28
f 568/581/568 81/81/81 80/80/80
f 312/317/312 77/77/77 306/311/306
f 78/78/78 77/77/77 316/321/316
f 312/317/312 313/318/313 317/322/317
f 673/707/673 566/579/566 674/708/674
f 306/311/306 80/80/80 82/82/82
f 307/312/307 311/316/311 675/709/675
f 305/310/305 676/710/676 304/309/304
f 677/711/677 308/313/308 331/336/331
f 677/711/677 331/336/331 678/712/678
f 674/708/674 315/320/315 308/313/308
f 674/708/674 297/302/297 679/713/679
f 680/714/680 302/307/302 676/710/676
f 679/713/679 297/302/297 300/305/300
f 302/307/302 680/714/680 681/715/681
f 83/83/83 302/307/302 681/715/681
f 677/711/677 678/712/678 298/303/298
f 297/302/297 677/711/677 298/303/298
f 681/715/681 682/716/682 83/83/83
f 683/717/683 302/307/302 83/83/83
f 303/308/303 683/717/683 684/718/684
f 684/718/684 683/717/683 85/85/85
f 289/294/289 295/300/295 299/304/299
f 682/716/682 295/300/295 84/84/84
f 684/718/684 85/85/85 685/719/685
f 686/720/686 299/304/299 687/721/687
f 289/294/289 299/304/299 686/720/686
f 292/297/292 291/296/291 294/299/294
f 688/722/688 292/297/292 294/299/294
f 290/295/290 289/294/289 686/720/686
f 296/301/296 289/294/289 287/293/287
f 689/723/689 690/724/690 691/725/691
f 692/726/692 292/297/292 688/722/688
f 290/295/290 292/297/292 692/726/692
f 691/725/691 692/727/692 689/723/689
f 288/292/288 692/727/692 691/725/691
f 282/286/282 281/285/281 285/728/285
f 282/729/282 285/289/285 284/288/284
f 90/90/90 89/89/89 281/285/281
f 90/730/90 282/729/282 693/731/693
f 288/292/288 691/725/691 279/283/279
f 286/290/286 288/292/288 279/283/279
f 284/288/284 283/287/283 693/731/693
f 694/732/694 693/731/693 695/733/695
f 275/279/275 277/281/277 93/93/93
f 94/94/94 93/93/93 318/323/318
f 274/278/274 275/279/275 93/93/93
f 696/734/696 695/733/695 697/735/697
f 260/264/260 698/736/698 90/730/90
f 274/278/274 697/735/697 275/279/275
f 223/226/223 697/735/697 274/278/274
f 699/737/699 697/735/697 223/226/223
f 700/738/700 286/290/286 276/280/276
f 276/280/276 693/731/693 700/738/700
f 701/739/701 429/439/429 317/322/317
f 273/277/273 272/276/272 701/740/701
f 264/268/264 271/275/271 273/277/273
f 205/208/205 702/741/702 424/434/424
f 273/277/273 701/740/701 703/742/703
f 270/274/270 266/270/266 99/99/99
f 99/99/99 98/98/98 268/272/268
f 102/102/102 97/97/97 96/96/96
f 704/743/704 268/272/268 267/271/267
f 264/268/264 703/742/703 265/269/265
f 103/103/103 100/100/100 269/273/269
f 104/104/104 265/269/265 705/744/705
f 267/271/267 100/100/100 706/745/706
f 267/271/267 706/745/706 707/746/707
f 102/102/102 263/267/263 262/266/262
f 104/104/104 705/744/705 708/747/708
f 105/105/105 104/104/104 708/747/708
f 707/746/707 709/748/709 107/107/107
f 706/745/706 709/748/709 707/746/707
f 109/109/109 708/747/708 303/749/303
f 107/107/107 709/748/709 110/110/110
f 710/750/710 108/108/108 711/751/711
f 147/147/147 108/108/108 710/750/710
f 147/147/147 712/752/712 108/108/108
f 89/753/89 711/751/711 110/110/110
f 713/754/713 714/755/714 715/756/715
f 119/119/119 115/115/115 114/114/114
f 716/757/716 111/111/111 256/260/256
f 115/115/115 250/254/250 256/260/256
f 117/117/117 114/114/114 253/257/253
f 332/337/332 663/697/663 716/757/716
f 717/758/717 718/759/718 719/760/719
f 248/252/248 247/251/247 252/256/252
f 247/251/247 120/120/120 118/118/118
f 117/117/117 247/251/247 118/118/118
f 249/253/249 243/247/243 720/761/720
f 244/248/244 243/247/243 249/253/249
f 121/121/121 74/74/74 721/762/721
f 721/762/721 74/74/74 720/761/720
f 242/246/242 722/763/722 245/249/245
f 128/128/128 244/248/244 129/129/129
f 723/764/723 242/246/242 128/128/128
f 722/763/722 214/217/214 721/762/721
f 724/765/724 214/217/214 722/763/722
f 725/766/725 724/765/724 723/764/723
f 721/762/721 225/228/225 726/767/726
f 225/228/225 721/762/721 214/217/214
f 727/768/727 723/764/723 128/128/128
f 240/244/240 239/243/239 728/769/728
f 625/649/625 233/237/233 235/239/235
f 729/770/729 239/243/239 238/242/238
f 237/241/237 729/770/729 238/242/238
f 730/771/730 233/237/233 731/772/731
f 732/773/732 628/654/628 733/774/733
f 734/775/734 237/241/237 236/240/236
f 730/771/730 735/776/735 233/237/233
f 124/124/124 729/770/729 734/775/734
f 735/776/735 736/777/736 234/238/234
f 730/771/730 737/778/737 735/776/735
f 738/779/738 232/236/232 734/775/734
f 736/777/736 738/779/738 734/775/734
f 739/780/739 740/781/740 124/124/124
f 736/777/736 231/235/231 738/779/738
f 228/232/228 231/235/231 737/778/737
f 230/234/230 231/235/231 228/232/228
f 129/129/129 248/252/248 740/781/740
f 739/780/739 130/130/130 129/129/129
f 741/782/741 742/783/742 743/784/743
f 231/235/231 744/785/744 137/137/137
f 230/234/230 744/785/744 231/235/231
f 743/784/743 745/786/745 746/787/746
f 747/788/747 741/782/741 743/784/743
f 748/789/748 749/790/749 750/791/750
f 229/233/229 138/138/138 230/234/230
f 746/787/746 745/786/745 751/792/751
f 748/789/748 752/793/752 741/794/741
f 750/791/750 752/793/752 748/789/748
f 753/795/753 227/231/227 220/223/220
f 754/796/754 226/797/226 125/125/125
f 127/127/127 755/798/755 125/125/125
f 756/799/756 229/233/229 751/792/751
f 756/799/756 138/138/138 229/233/229
f 138/138/138 137/137/137 744/785/744
f 757/800/757 258/262/258 696/734/696
f 758/801/758 224/227/224 225/228/225
f 699/737/699 223/226/223 759/802/759
f 760/803/760 757/800/757 136/136/136
f 761/804/761 133/133/133 222/225/222
f 221/224/221 699/737/699 759/802/759
f 213/216/213 758/801/758 225/228/225
f 762/805/762 136/136/136 135/135/135
f 763/806/763 761/804/761 758/801/758
f 166/166/166 762/807/762 135/808/135
f 764/809/764 758/801/758 215/218/215
f 754/796/754 166/166/166 135/808/135
f 219/222/219 761/804/761 216/219/216
f 166/166/166 754/796/754 755/798/755
f 216/219/216 764/809/764 765/810/765
f 756/799/756 751/792/751 753/795/753
f 756/799/756 219/222/219 138/138/138
f 765/810/765 128/128/128 130/130/130
f 213/216/213 225/228/225 214/217/214
f 649/680/649 702/741/702 205/208/205
f 207/210/207 346/351/346 210/213/210
f 766/811/766 767/812/767 733/774/733
f 343/348/343 768/813/768 769/814/769
f 770/815/770 771/816/771 69/69/69
f 207/210/207 209/212/209 772/817/772
f 209/212/209 208/211/208 773/818/773
f 69/69/69 774/819/774 770/815/770
f 773/818/773 208/211/208 200/203/200
f 768/813/768 775/820/775 769/814/769
f 210/213/210 206/209/206 776/821/776
f 777/822/777 773/818/773 199/202/199
f 778/823/778 775/820/775 768/813/768
f 196/199/196 200/203/200 210/213/210
f 198/201/198 158/158/158 140/140/140
f 203/206/203 767/812/767 201/204/201
f 779/824/779 780/825/780 781/826/781
f 776/821/776 206/209/206 261/265/261
f 196/199/196 776/821/776 261/265/261
f 199/202/199 196/199/196 195/198/195
f 782/827/782 783/828/783 203/206/203
f 784/829/784 782/827/782 781/826/781
f 784/829/784 781/826/781 780/825/780
f 197/200/197 780/825/780 198/201/198
f 142/142/142 141/141/141 197/200/197
f 782/827/782 784/829/784 785/830/785
f 187/190/187 196/199/196 144/144/144
f 786/831/786 195/198/195 187/190/187
f 179/181/179 785/830/785 787/832/787
f 787/832/787 785/830/785 780/825/780
f 177/179/177 787/832/787 197/200/197
f 177/179/177 197/200/197 184/186/184
f 143/143/143 786/831/786 187/190/187
f 186/189/186 153/188/153 143/143/143
f 788/833/788 789/834/789 189/192/189
f 790/835/790 189/192/189 789/834/789
f 186/189/186 143/143/143 790/835/790
f 184/186/184 178/180/178 177/179/177
f 791/836/791 750/791/750 749/790/749
f 792/837/792 192/195/192 191/194/191
f 177/179/177 179/181/179 787/832/787
f 789/838/789 788/839/788 169/169/169
f 180/182/180 789/838/789 169/169/169
f 181/183/181 180/182/180 167/167/167
f 792/837/792 793/840/793 794/841/794
f 176/177/176 175/176/175 795/842/795
f 173/174/173 176/177/176 795/842/795
f 168/168/168 169/169/169 146/843/146
f 162/162/162 168/168/168 172/172/172
f 172/172/172 163/163/163 162/162/162
f 162/162/162 796/844/796 793/840/793
f 162/162/162 793/840/793 181/183/181
f 181/183/181 167/167/167 162/162/162
f 797/845/797 713/754/713 798/846/798
f 760/803/760 798/847/798 258/262/258
f 797/845/797 798/846/798 760/848/760
f 799/849/799 173/174/173 797/845/797
f 173/174/173 713/754/713 797/845/797
f 799/849/799 171/171/171 173/174/173
f 173/174/173 171/171/171 170/170/170
f 800/850/800 797/845/797 762/807/762
f 800/850/800 163/163/163 799/849/799
f 163/163/163 800/850/800 164/164/164
f 646/677/646 207/210/207 772/817/772
f 161/161/161 159/159/159 801/851/801
f 160/160/160 161/161/161 151/151/151
f 159/159/159 161/161/161 160/160/160
f 158/158/158 156/156/156 140/140/140
f 140/140/140 152/152/152 141/141/141
f 802/852/802 803/853/803 804/854/804
f 805/855/805 802/852/802 786/831/786
f 803/853/803 152/856/152 140/857/140
f 155/858/155 804/854/804 803/853/803
f 154/154/154 806/859/806 155/155/155
f 155/858/155 209/212/209 773/818/773
f 800/850/800 799/849/799 797/845/797
f 181/183/181 793/840/793 792/837/792
f 188/191/188 146/146/146 788/833/788
f 188/191/188 147/147/147 146/146/146
f 147/147/147 710/750/710 174/178/174
f 192/195/192 792/837/792 794/841/794
f 794/841/794 791/836/791 192/195/192
f 145/145/145 190/193/190 188/191/188
f 780/825/780 785/830/785 784/829/784
f 807/860/807 193/196/193 783/828/783
f 781/826/781 202/205/202 775/820/775
f 196/199/196 210/213/210 776/821/776
f 808/861/808 779/824/779 778/823/778
f 809/862/809 774/819/774 158/158/158
f 212/215/212 204/207/204 206/209/206
f 211/214/211 204/207/204 212/215/212
f 649/680/649 205/208/205 204/207/204
f 755/798/755 218/221/218 166/166/166
f 800/850/800 762/807/762 166/166/166
f 221/224/221 759/802/759 810/863/810
f 762/805/762 760/803/760 136/136/136
f 221/224/221 136/136/136 757/800/757
f 274/278/274 224/227/224 223/226/223
f 218/221/218 811/864/811 165/165/165
f 218/221/218 755/798/755 127/127/127
f 227/231/227 812/865/812 126/229/126
f 750/791/750 165/165/165 811/864/811
f 122/122/122 217/220/217 130/130/130
f 813/866/813 737/778/737 730/771/730
f 252/256/252 251/255/251 740/781/740
f 232/236/232 124/124/124 734/775/734
f 725/766/725 215/218/215 724/765/724
f 724/765/724 215/218/215 214/217/214
f 723/764/723 724/765/724 242/246/242
f 248/252/248 129/129/129 244/248/244
f 120/120/120 249/253/249 717/758/717
f 716/757/716 719/760/719 332/337/332
f 332/337/332 337/342/337 663/697/663
f 111/111/111 716/757/716 663/697/663
f 814/867/814 115/115/115 119/119/119
f 115/115/115 113/113/113 116/116/116
f 713/754/713 795/842/795 714/755/714
f 815/868/815 89/753/89 91/869/91
f 206/209/206 262/266/262 261/265/261
f 267/271/267 98/98/98 100/100/100
f 104/104/104 269/273/269 265/269/265
f 97/97/97 102/102/102 262/266/262
f 816/870/816 704/743/704 267/271/267
f 817/871/817 704/743/704 816/870/816
f 701/739/701 317/322/317 703/872/703
f 818/873/818 816/870/816 101/101/101
f 819/874/819 817/871/817 816/870/816
f 820/875/820 817/871/817 819/874/819
f 820/875/820 268/272/268 817/871/817
f 419/429/419 99/99/99 268/272/268
f 821/876/821 672/706/672 318/323/318
f 699/737/699 696/734/696 697/735/697
f 274/278/274 93/93/93 92/92/92
f 277/281/277 286/290/286 279/283/279
f 287/293/287 290/295/290 288/877/288
f 85/85/85 84/84/84 296/301/296
f 290/295/290 686/720/686 291/296/291
f 676/710/676 302/307/302 304/309/304
f 301/306/301 822/878/822 304/309/304
f 82/82/82 823/879/823 681/715/681
f 674/708/674 566/579/566 314/319/314
f 312/317/312 306/311/306 305/310/305
f 567/580/567 564/577/564 673/707/673
f 564/577/564 566/579/566 673/707/673
f 77/77/77 568/581/568 80/80/80
f 824/880/824 280/284/280 321/326/321
f 824/880/824 671/705/671 672/706/672
f 824/880/824 321/326/321 671/705/671
f 726/767/726 319/324/319 121/121/121
f 319/324/319 318/323/318 75/75/75
f 671/705/671 321/326/321 320/325/320
f 75/75/75 318/323/318 670/704/670
f 74/74/74 76/76/76 333/338/333
f 660/693/660 326/331/326 657/694/657
f 657/690/657 326/881/326 334/339/334
f 326/881/326 664/698/664 334/339/334
f 658/691/658 662/696/662 661/695/661
f 329/334/329 660/693/660 661/695/661
f 310/315/310 330/335/330 311/316/311
f 825/882/825 658/883/658 826/884/826
f 656/885/656 825/882/825 490/500/490
f 310/315/310 72/72/72 71/71/71
f 529/886/529 656/885/656 492/502/492
f 827/887/827 493/503/493 490/500/490
f 149/149/149 341/888/341 150/150/150
f 65/65/65 647/678/647 68/68/68
f 340/345/340 651/684/651 341/346/341
f 771/816/771 343/348/343 828/889/828
f 829/890/829 767/812/767 344/349/344
f 344/349/344 767/812/767 766/811/766
f 774/819/774 69/69/69 68/68/68
f 340/361/340 647/678/647 354/359/354
f 647/678/647 67/67/67 354/359/354
f 363/369/363 355/360/355 354/359/354
f 353/358/353 64/64/64 367/373/367
f 360/891/360 367/659/367 641/669/641
f 830/892/830 631/657/631 446/456/446
f 376/383/376 455/465/455 831/893/831
f 238/242/238 240/244/240 624/648/624
f 766/811/766 381/388/381 643/674/643
f 624/648/624 240/244/240 832/894/832
f 833/895/833 615/638/615 621/645/621
f 620/644/620 622/646/622 614/637/614
f 63/63/63 633/661/633 617/896/617
f 57/57/57 383/897/383 58/58/58
f 617/640/617 56/56/56 58/58/58
f 385/393/385 392/400/392 394/402/394
f 385/393/385 394/402/394 386/394/386
f 394/632/394 610/631/610 54/54/54
f 609/630/609 608/629/608 395/403/395
f 606/627/606 390/398/390 612/635/612
f 47/405/47 46/46/46 393/898/393
f 43/43/43 608/629/608 44/44/44
f 400/410/400 608/629/608 398/408/398
f 416/426/416 399/409/399 415/425/415
f 403/413/403 51/51/51 401/411/401
f 408/616/408 40/528/40 593/613/593
f 409/610/409 411/421/411 410/420/410
f 592/612/592 37/37/37 36/36/36
f 438/448/438 437/447/437 834/899/834
f 435/592/435 576/591/576 436/900/436
f 441/451/441 442/452/442 835/901/835
f 443/453/443 445/455/445 634/662/634
f 830/892/830 446/456/446 443/453/443
f 451/461/451 836/902/836 452/462/452
f 439/449/439 458/468/458 440/450/440
f 376/383/376 375/382/375 454/464/454
f 31/31/31 439/449/439 577/593/577
f 569/582/569 546/559/546 458/468/458
f 454/464/454 375/382/375 837/903/837
f 461/471/461 460/470/460 558/571/558
f 461/471/461 556/569/556 563/576/563
f 556/569/556 466/476/466 561/574/561
f 25/25/25 559/572/559 26/26/26
f 450/460/450 470/480/470 838/904/838
f 557/570/557 552/565/552 556/569/556
f 555/568/555 550/563/550 467/477/467
f 19/19/19 553/566/553 549/562/549
f 550/563/550 540/553/540 549/562/549
f 551/564/551 545/558/545 472/482/472
f 545/558/545 533/546/533 472/482/472
f 390/398/390 542/555/542 375/382/375
f 375/382/375 542/555/542 837/903/837
f 488/498/488 540/553/540 473/483/473
f 537/550/537 476/486/476 475/485/475
f 607/628/607 544/557/544 480/490/480
f 478/488/478 480/490/480 544/557/544
f 399/409/399 484/494/484 397/407/397
f 485/495/485 536/549/536 513/524/513
f 536/549/536 485/495/485 484/494/484
f 535/548/535 534/547/534 541/554/541
f 541/554/541 534/547/534 481/491/481
f 12/12/12 13/13/13 10/10/10
f 13/13/13 15/15/15 10/10/10
f 493/503/493 491/501/491 490/500/490
f 528/540/528 526/538/526 519/531/519
f 528/540/528 519/531/519 496/507/496
f 523/535/523 498/509/498 495/505/495
f 495/505/495 498/509/498 500/511/500
f 505/516/505 507/518/507 511/522/511
f 504/515/504 505/516/505 508/519/508
f 502/513/502 516/527/516 515/526/515
f 511/522/511 507/518/507 539/552/539
f 515/526/515 516/527/516 485/495/485
f 514/525/514 502/513/502 515/526/515
f 4/4/4 6/6/6 506/517/506
f 498/509/498 520/532/520 5/5/5
f 839/905/839 510/521/510 13/13/13
f 555/568/555 473/483/473 550/563/550
f 558/571/558 557/570/557 556/569/556
f 838/904/838 442/452/442 450/460/450
f 31/31/31 16/16/16 458/468/458
f 630/656/630 836/902/836 451/461/451
f 446/456/446 575/590/575 444/454/444
f 576/591/576 577/593/577 439/449/439
f 574/589/574 571/586/571 430/440/430
f 583/599/583 575/590/575 574/589/574
f 370/376/370 438/448/438 584/600/584
f 426/436/426 581/597/581 35/35/35
f 587/603/587 582/598/582 818/873/818
f 702/741/702 425/435/425 424/434/424
f 257/261/257 601/622/601 39/39/39
f 45/45/45 36/36/36 415/425/415
f 55/55/55 388/396/388 53/53/53
f 624/648/624 623/647/623 238/242/238
f 836/906/836 383/897/383 455/465/455
f 638/666/638 840/907/840 356/362/356
f 638/666/638 371/377/371 840/907/840
f 352/357/352 351/356/351 644/675/644
f 211/214/211 648/679/648 204/207/204
f 828/889/828 70/70/70 69/69/69
f 73/73/73 72/72/72 528/540/528
f 827/887/827 826/884/826 653/686/653
f 670/704/670 318/323/318 671/705/671
f 304/309/304 822/878/822 305/310/305
f 289/294/289 296/301/296 295/300/295
f 281/285/281 685/719/685 85/85/85
f 698/736/698 91/908/91 90/730/90
f 700/738/700 283/287/283 287/291/287
f 841/909/841 95/95/95 205/208/205
f 119/119/119 250/254/250 814/867/814
f 233/237/233 735/776/735 234/238/234
f 123/123/123 122/122/122 739/780/739
f 231/235/231 137/137/137 217/220/217
f 741/794/741 747/910/747 748/789/748
f 126/229/126 742/783/742 741/782/741
f 217/220/217 137/137/137 139/139/139
f 699/737/699 757/800/757 696/734/696
f 131/131/131 810/863/810 132/132/132
f 135/135/135 134/134/134 220/223/220
f 774/819/774 778/823/778 770/815/770
f 829/890/829 769/814/769 201/204/201
f 196/199/196 190/193/190 144/144/144
f 184/186/184 183/185/183 180/182/180
f 155/858/155 140/857/140 156/911/156
f 166/166/166 164/164/164 800/850/800
f 155/155/155 806/859/806 209/912/209
f 158/158/158 157/157/157 156/156/156
f 157/157/157 154/154/154 156/156/156
f 804/854/804 777/822/777 802/852/802
f 806/859/806 154/154/154 160/160/160
f 762/807/762 797/845/797 760/848/760
f 713/754/713 173/174/173 795/842/795
f 148/173/148 174/175/174 173/174/173
f 173/174/173 174/175/174 176/177/176
f 167/167/167 180/182/180 169/169/169
f 788/839/788 146/843/146 169/169/169
f 184/186/184 180/182/180 178/180/178
f 780/825/780 197/200/197 787/832/787
f 203/206/203 783/828/783 194/197/194
f 769/814/769 775/820/775 202/205/202
f 159/159/159 158/158/158 774/819/774
f 829/890/829 201/204/201 767/812/767
f 208/211/208 207/210/207 210/213/210
f 723/764/723 842/913/842 725/766/725
f 727/768/727 765/810/765 842/913/842
f 139/139/139 219/222/219 216/219/216
f 763/806/763 216/219/216 761/804/761
f 753/795/753 221/224/221 810/863/810
f 131/131/131 133/133/133 761/804/761
f 133/133/133 132/132/132 759/802/759
f 222/225/222 224/227/224 758/801/758
f 222/225/222 133/133/133 223/226/223
f 133/133/133 759/802/759 223/226/223
f 127/127/127 811/864/811 218/221/218
f 742/783/742 812/865/812 751/792/751
f 751/792/751 812/865/812 227/231/227
f 226/797/226 754/796/754 135/808/135
f 231/235/231 217/220/217 122/122/122
f 732/773/732 749/790/749 748/789/748
f 124/124/124 740/781/740 251/255/251
f 235/239/235 234/238/234 236/240/236
f 237/241/237 734/775/734 729/770/729
f 242/246/242 724/765/724 722/763/722
f 720/761/720 245/249/245 722/763/722
f 718/759/718 720/761/720 719/760/719
f 250/254/250 717/758/717 716/757/716
f 717/758/717 719/760/719 716/757/716
f 111/111/111 254/258/254 112/112/112
f 603/624/603 602/623/602 116/116/116
f 603/624/603 116/116/116 843/914/843
f 259/915/259 714/755/714 815/916/815
f 711/751/711 108/108/108 110/110/110
f 262/266/262 107/107/107 106/106/106
f 708/747/708 705/744/705 303/749/303
f 706/745/706 100/100/100 103/103/103
f 263/267/263 101/101/101 816/870/816
f 269/273/269 266/270/266 265/269/265
f 205/208/205 95/95/95 97/97/97
f 264/268/264 273/277/273 703/742/703
f 424/434/424 423/433/423 841/909/841
f 841/909/841 423/433/423 95/95/95
f 672/706/672 821/876/821 824/880/824
f 318/323/318 93/93/93 821/876/821
f 694/732/694 90/730/90 693/731/693
f 296/301/296 281/285/281 85/85/85
f 678/712/678 87/87/87 86/86/86
f 303/308/303 302/307/302 683/717/683
f 317/322/317 822/878/822 703/872/703
f 823/879/823 81/81/81 567/580/567
f 316/321/316 317/322/317 565/578/565
f 316/321/316 77/77/77 312/317/312
f 28/28/28 30/30/30 307/312/307
f 688/722/688 294/299/294 669/703/669
f 246/250/246 121/121/121 319/324/319
f 246/250/246 319/324/319 75/75/75
f 668/917/668 324/329/324 690/724/690
f 844/918/844 293/298/293 327/332/327
f 329/334/329 665/699/665 325/330/325
f 76/76/76 667/701/667 658/691/658
f 659/692/659 330/335/330 310/315/310
f 336/341/336 335/340/335 310/315/310
f 827/887/827 825/882/825 826/884/826
f 653/686/653 826/884/826 654/687/654
f 828/889/828 69/69/69 771/816/771
f 66/66/66 70/70/70 350/355/350
f 828/889/828 343/348/343 351/356/351
f 344/349/344 766/811/766 643/674/643
f 639/667/639 364/370/364 365/371/365
f 371/377/371 641/669/641 845/919/845
f 64/64/64 63/63/63 368/374/368
f 635/663/635 445/455/445 369/375/369
f 373/380/373 366/379/366 629/655/629
f 368/374/368 63/63/63 384/660/384
f 59/59/59 625/649/625 241/245/241
f 833/895/833 624/648/624 832/894/832
f 597/618/597 833/895/833 832/894/832
f 61/920/61 379/386/379 378/385/378
f 380/387/380 379/386/379 382/921/382
f 620/644/620 60/60/60 622/646/622
f 633/661/633 380/387/380 382/921/382
f 63/63/63 617/896/617 384/660/384
f 614/637/614 48/48/48 611/634/611
f 831/893/831 389/397/389 391/399/391
f 395/403/395 608/629/608 400/410/400
f 605/626/605 395/403/395 50/50/50
f 607/628/607 605/626/605 544/557/544
f 42/42/42 45/45/45 43/43/43
f 415/425/415 399/409/399 396/406/396
f 846/922/846 604/625/604 603/624/603
f 600/621/600 843/914/843 257/261/257
f 604/625/604 846/922/846 599/620/599
f 846/922/846 600/621/600 596/617/596
f 599/620/599 596/617/596 405/415/405
f 408/418/408 600/621/600 41/41/41
f 593/613/593 40/528/40 501/512/501
f 595/615/595 405/415/405 407/417/407
f 590/607/590 598/619/598 595/615/595
f 49/49/49 48/48/48 598/619/598
f 582/598/582 589/606/589 818/873/818
f 578/594/578 432/442/432 418/428/418
f 34/923/34 586/602/586 429/439/429
f 432/442/432 431/441/431 421/431/421
f 436/900/436 586/602/586 34/923/34
f 33/33/33 436/446/436 34/34/34
f 835/901/835 442/452/442 838/904/838
f 437/447/437 445/455/445 580/596/580
f 444/454/444 575/590/575 583/599/583
f 453/463/453 574/589/574 573/588/573
f 456/466/456 836/906/836 455/465/455
f 837/903/837 847/924/847 454/464/454
f 458/468/458 546/559/546 551/564/551
f 837/903/837 543/556/543 32/32/32
f 569/582/569 16/16/16 18/18/18
f 428/438/428 25/25/25 565/578/565
f 568/581/568 79/79/79 461/471/461
f 562/575/562 568/581/568 461/471/461
f 562/575/562 461/471/461 563/576/563
f 561/574/561 466/476/466 464/474/464
f 460/470/460 469/479/469 468/478/468
f 466/476/466 548/561/548 465/475/465
f 470/480/470 471/481/471 474/484/474
f 450/460/450 449/459/449 471/481/471
f 467/477/467 554/567/554 468/478/468
f 449/459/449 551/564/551 472/482/472
f 467/477/467 553/566/553 554/567/554
f 467/477/467 549/562/549 553/566/553
f 848/925/848 465/475/465 849/926/849
f 548/561/548 547/560/547 849/926/849
f 849/926/849 475/485/475 848/925/848
f 569/582/569 18/18/18 546/559/546
f 540/553/540 487/497/487 19/19/19
f 541/554/541 481/491/481 17/17/17
f 533/546/533 18/18/18 482/492/482
f 839/905/839 12/12/12 483/493/483
f 486/496/486 512/523/512 839/905/839
f 12/12/12 839/905/839 13/13/13
f 498/509/498 521/533/521 520/532/520
f 520/532/520 497/508/497 5/5/5
f 504/515/504 503/514/503 4/4/4
f 506/517/506 517/529/517 477/487/477
f 502/513/502 500/511/500 2/2/2
f 539/552/539 850/927/850 476/486/476
f 512/523/512 485/495/485 1/1/1
f 508/519/508 505/516/505 511/522/511
f 37/37/37 594/614/594 514/525/514
f 514/525/514 594/614/594 502/513/502
f 507/518/507 506/517/506 850/927/850
f 4/4/4 506/517/506 505/516/505
f 505/516/505 504/515/504 4/4/4
f 593/613/593 501/512/501 502/513/502
f 594/614/594 593/613/593 502/513/502
f 6/6/6 518/530/518 506/517/506
f 506/517/506 518/530/518 517/529/517
f 6/6/6 5/5/5 518/530/518
f 4/4/4 498/509/498 5/5/5
f 500/511/500 501/512/501 495/505/495
f 494/504/494 497/508/497 520/532/520
f 9/9/9 523/535/523 495/505/495
f 8/8/8 494/504/494 521/533/521
f 524/536/524 7/542/7 404/414/404
f 7/7/7 492/502/492 8/8/8
f 526/538/526 652/685/652 30/30/30
f 496/507/496 527/539/527 528/540/528
f 529/886/529 492/502/492 7/7/7
f 531/544/531 10/10/10 538/551/538
f 10/10/10 531/544/531 11/11/11
f 481/491/481 534/547/534 11/11/11
f 481/491/481 533/546/533 482/492/482
f 534/547/534 535/548/535 12/12/12
f 416/426/416 513/524/513 530/543/530
f 20/20/20 532/545/532 537/550/537
f 19/19/19 487/497/487 532/545/532
f 14/14/14 510/521/510 509/520/509
f 18/18/18 17/17/17 482/492/482
f 543/556/543 479/489/479 17/17/17
f 543/556/543 17/17/17 32/32/32
f 542/555/542 607/628/607 480/490/480
f 390/398/390 607/628/607 542/555/542
f 547/560/547 537/550/537 849/926/849
f 837/903/837 542/555/542 543/556/543
f 391/399/391 375/382/375 374/381/374
f 476/486/476 850/927/850 477/487/477
f 471/481/471 488/498/488 473/483/473
f 551/564/551 546/559/546 545/558/545
f 550/563/550 549/562/549 467/477/467
f 465/475/465 848/925/848 475/485/475
f 851/928/851 475/485/475 477/487/477
f 522/534/522 851/928/851 517/529/517
f 463/473/463 475/485/475 851/928/851
f 556/569/556 552/565/552 548/561/548
f 554/567/554 557/570/557 468/478/468
f 22/22/22 555/568/555 23/23/23
f 462/472/462 465/475/465 463/473/463
f 24/24/24 469/479/469 459/469/459
f 559/572/559 838/904/838 470/480/470
f 470/480/470 22/22/22 559/572/559
f 459/469/459 469/479/469 460/470/460
f 26/26/26 559/572/559 24/24/24
f 838/904/838 559/572/559 25/25/25
f 427/437/427 835/901/835 838/904/838
f 29/29/29 851/928/851 522/534/522
f 464/474/464 463/473/463 29/29/29
f 563/576/563 556/569/556 561/574/561
f 26/26/26 461/471/461 560/573/560
f 78/78/78 27/27/27 560/573/560
f 428/438/428 427/437/427 25/25/25
f 29/29/29 522/534/522 30/30/30
f 79/79/79 560/573/560 461/471/461
f 28/28/28 464/474/464 29/29/29
f 563/576/563 561/574/561 566/579/566
f 81/81/81 568/581/568 567/580/567
f 77/77/77 79/79/79 568/581/568
f 32/32/32 31/31/31 847/924/847
f 32/32/32 847/924/847 837/903/837
f 847/924/847 31/31/31 577/593/577
f 454/464/454 847/924/847 457/467/457
f 847/924/847 577/593/577 457/467/457
f 435/592/435 457/467/457 577/593/577
f 447/457/447 457/584/457 435/445/435
f 452/462/452 456/583/456 447/457/447
f 570/585/570 452/462/452 447/457/447
f 836/902/836 456/583/456 452/462/452
f 631/657/631 451/461/451 453/463/453
f 572/587/572 570/585/570 433/443/433
f 453/463/453 571/586/571 574/589/574
f 631/657/631 453/463/453 573/588/573
f 573/588/573 575/590/575 446/456/446
f 446/456/446 631/657/631 573/588/573
f 442/452/442 440/450/440 450/460/450
f 434/444/434 433/443/433 448/458/448
f 370/376/370 369/375/369 438/448/438
f 434/444/434 448/458/448 33/33/33
f 431/441/431 572/587/572 433/443/433
f 583/599/583 574/589/574 579/595/579
f 434/444/434 33/33/33 581/597/581
f 444/454/444 583/599/583 582/598/582
f 580/596/580 582/598/582 587/603/587
f 834/899/834 437/447/437 580/596/580
f 585/601/585 438/448/438 834/899/834
f 637/665/637 370/376/370 425/435/425
f 441/451/441 835/901/835 586/602/586
f 835/901/835 427/437/427 586/602/586
f 834/899/834 587/603/587 417/427/417
f 417/427/417 585/601/585 834/899/834
f 637/665/637 425/435/425 359/365/359
f 431/441/431 426/436/426 422/432/422
f 422/432/422 421/431/421 431/441/431
f 579/595/579 578/594/578 420/430/420
f 589/606/589 582/598/582 579/595/579
f 423/433/423 584/600/584 585/601/585
f 702/741/702 359/365/359 425/435/425
f 271/275/271 426/436/426 272/276/272
f 420/430/420 578/594/578 418/428/418
f 820/875/820 818/873/818 589/606/589
f 96/96/96 587/603/587 818/873/818
f 422/432/422 426/436/426 270/274/270
f 589/606/589 420/430/420 820/875/820
f 818/873/818 820/875/820 819/874/819
f 513/524/513 38/38/38 514/525/514
f 411/421/411 592/612/592 36/36/36
f 413/423/413 410/420/410 412/422/412
f 49/49/49 598/619/598 413/609/413
f 592/612/592 591/611/591 37/37/37
f 413/609/413 598/619/598 590/607/590
f 37/37/37 591/611/591 594/614/594
f 407/417/407 406/416/406 409/419/409
f 591/611/591 409/610/409 408/616/408
f 408/418/408 41/41/41 40/40/40
f 852/929/852 600/621/600 846/922/846
f 843/914/843 600/621/600 852/929/852
f 597/618/597 832/894/832 599/620/599
f 603/624/603 852/929/852 846/922/846
f 832/894/832 728/769/728 604/625/604
f 257/261/257 112/112/112 601/622/601
f 45/45/45 415/425/415 396/406/396
f 45/45/45 396/406/396 398/408/398
f 43/43/43 398/408/398 608/629/608
f 46/46/46 49/404/49 414/424/414
f 393/898/393 46/46/46 44/44/44
f 50/50/50 400/410/400 401/411/401
f 395/403/395 400/410/400 50/50/50
f 44/44/44 608/629/608 610/631/610
f 54/54/54 610/631/610 608/629/608
f 55/55/55 54/54/54 609/630/609
f 394/632/394 393/898/393 44/44/44
f 393/401/393 392/400/392 47/47/47
f 392/400/392 611/634/611 47/47/47
f 831/893/831 391/399/391 374/381/374
f 56/56/56 386/633/386 53/53/53
f 385/393/385 613/636/613 392/400/392
f 376/383/376 831/893/831 374/381/374
f 57/57/57 831/893/831 383/897/383
f 389/397/389 831/893/831 57/57/57
f 389/397/389 57/57/57 56/56/56
f 387/395/387 616/930/616 617/641/617
f 383/897/383 831/893/831 455/465/455
f 617/896/617 58/931/58 384/660/384
f 387/395/387 618/642/618 619/643/619
f 48/48/48 614/637/614 615/638/615
f 618/932/618 633/661/633 382/921/382
f 618/642/618 382/389/382 60/60/60
f 60/60/60 59/59/59 622/646/622
f 833/895/833 597/618/597 615/638/615
f 382/921/382 379/386/379 61/920/61
f 59/59/59 623/647/623 622/646/622
f 378/650/378 625/649/625 61/61/61
f 621/645/621 624/648/624 833/895/833
f 59/59/59 241/245/241 623/647/623
f 379/386/379 627/653/627 377/384/377
f 766/811/766 627/653/627 379/386/379
f 381/388/381 766/811/766 379/386/379
f 377/384/377 628/654/628 731/933/731
f 733/774/733 627/653/627 766/811/766
f 240/244/240 728/769/728 832/894/832
f 630/656/630 451/461/451 631/657/631
f 629/655/629 383/391/383 630/656/630
f 366/379/366 384/392/384 629/655/629
f 830/892/830 443/453/443 634/662/634
f 632/658/632 830/892/830 634/662/634
f 632/658/632 634/662/634 635/663/635
f 830/892/830 373/380/373 631/657/631
f 632/658/632 373/380/373 830/892/830
f 371/377/371 845/919/845 369/375/369
f 845/919/845 632/658/632 635/663/635
f 636/664/636 372/378/372 632/658/632
f 845/919/845 641/669/641 636/664/636
f 636/664/636 641/669/641 367/659/367
f 62/62/62 381/388/381 63/63/63
f 371/377/371 637/665/637 840/907/840
f 359/365/359 840/907/840 637/665/637
f 642/670/642 638/666/638 364/370/364
f 371/377/371 638/666/638 641/669/641
f 642/670/642 364/370/364 639/667/639
f 355/671/355 639/667/639 640/668/640
f 360/891/360 641/669/641 642/670/642
f 645/676/645 361/367/361 642/673/642
f 353/358/353 367/373/367 360/366/360
f 64/64/64 348/353/348 62/62/62
f 211/214/211 365/371/365 358/364/358
f 352/357/352 644/675/644 362/368/362
f 340/361/340 342/682/342 647/678/647
f 644/675/644 361/367/361 645/676/645
f 644/675/644 349/354/349 361/367/361
f 351/356/351 349/354/349 644/675/644
f 357/363/357 359/365/359 702/741/702
f 211/214/211 358/364/358 648/679/648
f 649/680/649 357/363/357 702/741/702
f 646/677/646 651/684/651 640/668/640
f 66/66/66 68/68/68 70/70/70
f 351/356/351 350/355/350 828/889/828
f 350/355/350 70/70/70 828/889/828
f 207/210/207 646/677/646 346/351/346
f 344/349/344 343/348/343 829/890/829
f 341/888/341 650/681/650 342/682/342
f 68/68/68 647/678/647 342/682/342
f 341/346/341 651/684/651 150/683/150
f 650/681/650 341/888/341 149/149/149
f 650/681/650 161/161/161 68/68/68
f 653/686/653 528/540/528 527/539/527
f 493/503/493 827/887/827 653/686/653
f 825/882/825 827/887/827 490/500/490
f 489/499/489 656/885/656 490/500/490
f 655/934/655 656/885/656 529/886/529
f 524/536/524 601/622/601 529/541/529
f 601/622/601 655/688/655 529/541/529
f 310/315/310 652/685/652 72/72/72
f 656/689/656 338/343/338 825/935/825
f 654/687/654 71/71/71 73/73/73
f 661/936/661 654/687/654 826/884/826
f 658/883/658 661/936/661 826/884/826
f 71/71/71 336/341/336 310/315/310
f 255/259/255 337/342/337 339/344/339
f 335/340/335 659/692/659 310/315/310
f 657/690/657 334/339/334 336/341/336
f 658/691/658 667/701/667 662/696/662
f 334/339/334 664/698/664 659/692/659
f 662/696/662 667/701/667 666/700/666
f 330/335/330 328/333/328 87/87/87
f 326/881/326 668/702/668 664/698/664
f 326/331/326 324/329/324 668/917/668
f 328/333/328 668/702/668 844/918/844
f 322/327/322 325/330/325 665/699/665
f 320/325/320 322/327/322 665/699/665
f 666/700/666 853/937/853 320/325/320
f 76/76/76 75/75/75 666/700/666
f 666/700/666 75/75/75 853/937/853
f 328/333/328 844/918/844 327/332/327
f 668/917/668 669/938/669 844/939/844
f 690/724/690 669/938/669 668/917/668
f 323/328/323 690/724/690 324/329/324
f 322/327/322 323/328/323 325/330/325
f 853/937/853 670/704/670 320/325/320
f 75/75/75 670/704/670 853/937/853
f 293/298/293 844/918/844 669/703/669
f 688/940/688 690/724/690 689/723/689
f 726/767/726 94/94/94 319/324/319
f 726/767/726 225/228/225 94/94/94
f 309/314/309 28/28/28 307/312/307
f 561/574/561 314/319/314 566/579/566
f 567/580/567 673/707/673 823/879/823
f 308/313/308 315/320/315 309/314/309
f 315/320/315 28/28/28 309/314/309
f 308/313/308 307/312/307 675/709/675
f 674/708/674 823/879/823 673/707/673
f 676/710/676 305/310/305 82/82/82
f 822/878/822 313/318/313 305/310/305
f 331/336/331 311/316/311 330/335/330
f 308/313/308 675/709/675 331/336/331
f 681/715/681 823/879/823 674/708/674
f 676/710/676 82/82/82 680/714/680
f 301/306/301 854/941/854 822/878/822
f 854/941/854 703/872/703 822/878/822
f 674/708/674 308/313/308 297/302/297
f 681/715/681 674/708/674 679/713/679
f 678/712/678 331/336/331 87/87/87
f 308/313/308 677/711/677 297/302/297
f 681/715/681 679/713/679 682/716/682
f 687/721/687 298/303/298 678/712/678
f 299/304/299 295/300/295 300/305/300
f 295/300/295 679/713/679 300/305/300
f 83/83/83 682/716/682 84/84/84
f 85/85/85 683/717/683 83/83/83
f 298/303/298 687/721/687 299/304/299
f 295/300/295 682/716/682 679/713/679
f 855/942/855 685/719/685 281/285/281
f 686/720/686 687/721/687 86/86/86
f 686/720/686 86/86/86 88/88/88
f 288/877/288 290/295/290 692/726/692
f 285/728/285 281/285/281 296/301/296
f 281/285/281 89/89/89 855/942/855
f 287/291/287 286/290/286 700/738/700
f 693/731/693 283/287/283 700/738/700
f 693/731/693 282/729/282 284/288/284
f 821/876/821 278/282/278 824/880/824
f 277/281/277 276/280/276 286/290/286
f 278/282/278 93/93/93 277/281/277
f 93/93/93 278/282/278 821/876/821
f 275/279/275 697/735/697 693/731/693
f 695/733/695 693/731/693 697/735/697
f 696/734/696 694/732/694 695/733/695
f 696/734/696 260/264/260 694/732/694
f 260/264/260 696/734/696 258/262/258
f 280/284/280 279/283/279 691/725/691
f 820/875/820 420/430/420 268/272/268
f 96/96/96 818/873/818 101/101/101
f 205/208/205 424/434/424 841/909/841
f 270/274/270 264/268/264 266/270/266
f 818/873/818 819/874/819 816/870/816
f 704/743/704 817/871/817 268/272/268
f 265/269/265 703/742/703 854/943/854
f 206/209/206 97/97/97 262/266/262
f 265/269/265 854/943/854 705/744/705
f 707/746/707 816/870/816 267/271/267
f 263/267/263 816/870/816 707/746/707
f 707/746/707 107/107/107 263/267/263
f 706/745/706 103/103/103 105/105/105
f 262/266/262 263/267/263 107/107/107
f 105/105/105 708/747/708 109/109/109
f 855/944/855 109/109/109 303/749/303
f 706/745/706 105/105/105 709/748/709
f 107/107/107 110/110/110 108/108/108
f 712/752/712 261/265/261 106/106/106
f 303/308/303 685/719/685 855/942/855
f 709/748/709 105/105/105 110/110/110
f 815/868/815 711/751/711 89/753/89
f 710/750/710 711/751/711 815/868/815
f 815/868/815 175/945/175 710/750/710
f 108/108/108 712/752/712 106/106/106
f 710/750/710 175/945/175 174/178/174
f 259/915/259 815/916/815 91/946/91
f 715/756/715 714/755/714 259/915/259
f 714/755/714 795/842/795 815/916/815
f 258/262/258 798/847/798 259/263/259
f 798/846/798 715/756/715 259/915/259
f 112/112/112 254/258/254 601/622/601
f 116/116/116 113/113/113 843/914/843
f 601/622/601 255/259/255 655/688/655
f 254/258/254 255/259/255 601/622/601
f 253/257/253 114/114/114 602/623/602
f 255/259/255 111/111/111 663/697/663
f 115/115/115 256/260/256 113/113/113
f 250/254/250 716/757/716 256/260/256
f 814/867/814 250/254/250 115/115/115
f 114/114/114 117/117/117 119/119/119
f 253/257/253 252/256/252 117/117/117
f 120/120/120 717/758/717 250/254/250
f 332/337/332 719/760/719 333/338/333
f 247/251/247 117/117/117 252/256/252
f 720/761/720 74/74/74 333/338/333
f 718/759/718 249/253/249 720/761/720
f 720/761/720 722/763/722 721/762/721
f 625/649/625 731/772/731 233/237/233
f 625/649/625 235/239/235 237/241/237
f 728/769/728 253/257/253 602/623/602
f 628/654/628 730/947/730 731/933/731
f 728/769/728 251/255/251 253/257/253
f 856/948/856 728/769/728 239/243/239
f 732/773/732 730/947/730 628/654/628
f 239/243/239 729/770/729 856/948/856
f 729/770/729 124/124/124 856/948/856
f 736/777/736 734/775/734 236/240/236
f 736/777/736 236/240/236 234/238/234
f 737/778/737 231/235/231 736/777/736
f 732/773/732 813/949/813 730/947/730
f 124/124/124 123/123/123 739/780/739
f 738/779/738 231/235/231 232/236/232
f 813/866/813 228/232/228 737/778/737
f 813/866/813 857/950/857 746/787/746
f 732/773/732 748/789/748 813/949/813
f 228/232/228 746/787/746 229/233/229
f 813/866/813 746/787/746 228/232/228
f 857/950/857 743/784/743 746/787/746
f 747/788/747 743/784/743 857/950/857
f 748/789/748 747/910/747 813/949/813
f 739/780/739 129/129/129 740/781/740
f 230/234/230 138/138/138 744/785/744
f 750/791/750 811/864/811 752/793/752
f 752/793/752 811/864/811 127/127/127
f 753/795/753 220/223/220 221/224/221
f 227/231/227 226/230/226 220/223/220
f 220/223/220 226/230/226 135/135/135
f 751/792/751 227/231/227 753/795/753
f 755/798/755 754/796/754 125/125/125
f 226/797/226 126/126/126 125/125/125
f 742/783/742 751/792/751 745/786/745
f 741/794/741 752/793/752 126/126/126
f 752/793/752 127/127/127 126/126/126
f 742/783/742 126/229/126 812/865/812
f 760/803/760 258/262/258 757/800/757
f 761/804/761 222/225/222 758/801/758
f 132/132/132 810/863/810 759/802/759
f 134/134/134 136/136/136 221/224/221
f 215/218/215 758/801/758 213/216/213
f 764/809/764 763/806/763 758/801/758
f 219/222/219 131/131/131 761/804/761
f 219/222/219 810/863/810 131/131/131
f 842/913/842 764/809/764 215/218/215
f 216/219/216 763/806/763 764/809/764
f 756/799/756 753/795/753 810/863/810
f 842/913/842 765/810/765 764/809/764
f 216/219/216 765/810/765 217/220/217
f 727/768/727 842/913/842 723/764/723
f 346/351/346 211/214/211 210/213/210
f 771/816/771 768/813/768 343/348/343
f 770/815/770 768/813/768 771/816/771
f 778/823/778 768/813/768 770/815/770
f 778/823/778 774/819/774 809/862/809
f 208/211/208 210/213/210 200/203/200
f 773/818/773 200/203/200 199/202/199
f 767/812/767 732/773/732 733/774/733
f 769/814/769 202/205/202 201/204/201
f 775/820/775 779/824/779 781/826/781
f 778/823/778 779/824/779 775/820/775
f 778/823/778 809/862/809 808/861/808
f 809/862/809 198/201/198 808/861/808
f 802/852/802 777/822/777 199/202/199
f 767/812/767 203/206/203 732/773/732
f 781/826/781 782/827/782 202/205/202
f 808/861/808 780/825/780 779/824/779
f 802/852/802 199/202/199 195/198/195
f 203/206/203 194/197/194 732/773/732
f 782/827/782 807/860/807 783/828/783
f 261/265/261 190/193/190 196/199/196
f 191/194/191 193/196/193 807/860/807
f 785/830/785 191/194/191 807/860/807
f 190/193/190 261/265/261 712/752/712
f 182/184/182 153/153/153 185/951/185
f 197/200/197 141/141/141 184/186/184
f 182/184/182 184/186/184 141/141/141
f 732/773/732 791/836/791 749/790/749
f 194/197/194 192/195/192 791/836/791
f 790/835/790 143/143/143 189/192/189
f 143/143/143 145/145/145 189/192/189
f 153/188/153 786/831/786 143/143/143
f 789/838/789 183/185/183 790/952/790
f 790/835/790 185/187/185 186/189/186
f 183/185/183 185/951/185 790/952/790
f 182/184/182 185/951/185 183/185/183
f 179/181/179 181/183/181 792/837/792
f 188/191/188 190/193/190 147/147/147
f 788/833/788 189/192/189 188/191/188
f 791/836/791 165/165/165 750/791/750
f 791/836/791 794/841/794 796/844/796
f 794/841/794 793/840/793 796/844/796
f 146/843/146 148/173/148 170/170/170
f 170/170/170 168/168/168 146/843/146
f 798/846/798 713/754/713 715/756/715
f 172/172/172 171/171/171 799/849/799
f 163/163/163 172/172/172 799/849/799
f 796/844/796 162/162/162 164/164/164
f 772/817/772 150/683/150 646/677/646
f 151/953/151 150/683/150 772/817/772
f 209/212/209 151/953/151 772/817/772
f 801/851/801 159/159/159 774/819/774
f 155/858/155 773/818/773 777/822/777
f 806/859/806 160/160/160 151/151/151
f 155/858/155 777/822/777 804/854/804
f 154/154/154 157/157/157 160/160/160
f 803/853/803 140/857/140 155/858/155
f 802/852/802 152/856/152 803/853/803
f 786/831/786 802/852/802 195/198/195
f 805/855/805 152/856/152 802/852/802
f 153/188/153 805/855/805 786/831/786
f 153/188/153 152/856/152 805/855/805
f 806/859/806 151/151/151 209/912/209
f 68/68/68 801/851/801 774/819/774
f 165/165/165 796/844/796 164/164/164
f 168/168/168 170/170/170 172/172/172
f 791/836/791 796/844/796 165/165/165
f 147/147/147 190/193/190 712/752/712
f 191/194/191 179/181/179 792/837/792
f 179/181/179 178/180/178 180/182/180
f 180/182/180 183/185/183 789/838/789
f 785/830/785 179/181/179 191/194/191
f 194/197/194 791/836/791 732/773/732
f 193/196/193 194/197/194 783/828/783
f 182/184/182 141/141/141 153/153/153
f 782/827/782 785/830/785 807/860/807
f 202/205/202 782/827/782 203/206/203
f 198/201/198 780/825/780 808/861/808
f 158/158/158 198/201/198 809/862/809
f 210/213/210 212/215/212 206/209/206
f 343/348/343 769/814/769 829/890/829
f 725/766/725 842/913/842 215/218/215
f 765/810/765 727/768/727 128/128/128
f 756/799/756 810/863/810 219/222/219
f 221/224/221 757/800/757 699/737/699
f 130/130/130 217/220/217 765/810/765
f 743/784/743 742/783/742 745/786/745
f 122/122/122 130/130/130 739/780/739
f 229/233/229 746/787/746 751/792/751
f 857/954/857 813/949/813 747/910/747
f 248/252/248 252/256/252 740/781/740
f 735/776/735 737/778/737 736/777/736
f 856/948/856 124/124/124 251/255/251
f 728/769/728 856/948/856 251/255/251
f 241/245/241 625/649/625 237/241/237
f 627/653/627 733/774/733 628/654/628
f 721/762/721 726/767/726 121/121/121
f 128/128/128 242/246/242 244/248/244
f 249/253/249 247/251/247 244/248/244
f 720/761/720 333/338/333 719/760/719
f 717/758/717 249/253/249 718/759/718
f 116/116/116 602/623/602 114/114/114
f 843/914/843 113/113/113 257/261/257
f 260/264/260 259/263/259 698/736/698
f 259/263/259 91/908/91 698/736/698
f 175/176/175 815/916/815 795/842/795
f 89/753/89 110/110/110 855/944/855
f 110/110/110 109/109/109 855/944/855
f 303/749/303 705/744/705 301/955/301
f 705/744/705 854/943/854 301/955/301
f 103/103/103 269/273/269 104/104/104
f 99/99/99 269/273/269 100/100/100
f 268/272/268 420/430/420 419/429/419
f 270/274/270 426/436/426 271/275/271
f 701/740/701 272/276/272 429/604/429
f 317/322/317 429/439/429 428/438/428
f 275/279/275 693/731/693 276/280/276
f 278/282/278 280/284/280 824/880/824
f 280/284/280 691/725/691 323/328/323
f 260/264/260 90/730/90 694/732/694
f 278/282/278 277/281/277 279/283/279
f 287/291/287 283/287/283 285/289/285
f 690/724/690 323/328/323 691/725/691
f 287/293/287 285/728/285 296/301/296
f 689/723/689 692/727/692 688/940/688
f 291/296/291 686/720/686 88/88/88
f 291/296/291 327/332/327 293/298/293
f 685/719/685 303/308/303 684/718/684
f 687/721/687 678/712/678 86/86/86
f 680/714/680 82/82/82 681/715/681
f 331/336/331 675/709/675 311/316/311
f 674/708/674 314/319/314 315/320/315
f 822/878/822 317/322/317 313/318/313
f 82/82/82 81/81/81 823/879/823
f 306/311/306 77/77/77 80/80/80
f 321/326/321 280/284/280 323/328/323
f 669/938/669 690/724/690 688/940/688
f 659/692/659 328/333/328 330/335/330
f 338/343/338 658/691/658 825/935/825
f 661/936/661 657/690/657 654/687/654
f 654/687/654 657/690/657 71/71/71
f 653/686/653 654/687/654 528/540/528
f 161/161/161 801/851/801 68/68/68
f 355/671/355 651/684/651 340/345/340
f 348/353/348 345/350/345 344/349/344
f 646/677/646 347/352/347 346/351/346
f 351/356/351 343/348/343 345/350/345
f 651/684/651 355/671/355 640/668/640
f 648/679/648 358/364/358 357/363/357
f 349/354/349 351/356/351 345/350/345
f 353/358/353 361/367/361 349/354/349
f 645/676/645 363/369/363 362/368/362
f 363/672/363 642/670/642 639/667/639
f 356/362/356 840/907/840 359/365/359
f 845/919/845 636/664/636 632/658/632
f 845/919/845 635/663/635 369/375/369
f 383/391/383 836/902/836 630/656/630
f 731/772/731 625/649/625 626/651/626
f 626/651/626 377/652/377 731/772/731
f 618/932/618 617/896/617 633/661/633
f 620/644/620 614/637/614 392/400/392
f 386/394/386 616/930/616 387/395/387
f 56/56/56 53/53/53 388/396/388
f 389/397/389 388/396/388 612/635/612
f 391/399/391 612/635/612 390/398/390
f 55/55/55 609/630/609 395/403/395
f 604/625/604 728/769/728 602/623/602
f 852/929/852 603/624/603 843/914/843
f 832/894/832 604/625/604 599/620/599
f 599/620/599 846/922/846 596/617/596
f 411/421/411 409/610/409 592/612/592
f 36/36/36 38/38/38 513/524/513
f 417/427/417 95/95/95 423/433/423
f 429/604/429 272/276/272 588/605/588
f 272/276/272 35/35/35 588/605/588
f 431/441/431 581/597/581 426/436/426
f 425/435/425 370/376/370 584/600/584
f 834/899/834 580/596/580 587/603/587
f 432/442/432 578/594/578 430/440/430
f 436/900/436 441/451/441 586/602/586
f 436/900/436 576/591/576 441/451/441
f 571/586/571 453/463/453 570/585/570
f 440/450/440 458/468/458 551/564/551
f 466/476/466 462/472/462 464/474/464
f 463/473/463 851/928/851 29/29/29
f 30/30/30 522/534/522 525/537/525
f 427/437/427 838/904/838 25/25/25
f 23/23/23 467/477/467 469/479/469
f 470/480/470 474/484/474 22/22/22
f 554/567/554 552/565/552 557/570/557
f 851/928/851 477/487/477 517/529/517
f 548/561/548 849/926/849 465/475/465
f 474/484/474 473/483/473 555/568/555
f 553/566/553 19/19/19 552/565/552
f 21/21/21 20/20/20 548/561/548
f 475/485/475 849/926/849 537/550/537
f 547/560/547 20/20/20 537/550/537
f 543/556/543 480/490/480 479/489/479
f 17/17/17 16/16/16 32/32/32
f 510/521/510 14/14/14 13/13/13
f 476/486/476 14/14/14 539/552/539
f 483/493/483 484/494/484 839/905/839
f 839/905/839 484/494/484 486/496/486
f 512/523/512 510/521/510 839/905/839
f 10/10/10 15/15/15 538/551/538
f 14/14/14 537/550/537 15/15/15
f 537/550/537 531/544/531 538/551/538
f 492/502/492 656/885/656 489/499/489
f 526/538/526 30/30/30 525/537/525
f 497/508/497 494/504/494 496/507/496
f 522/534/522 519/531/519 525/537/525
f 523/535/523 521/533/521 498/509/498
f 499/510/499 498/509/498 503/514/503
f 506/517/506 477/487/477 850/927/850
f 516/527/516 2/2/2 1/1/1
f 3/3/3 508/519/508 509/520/509
f 539/552/539 507/518/507 850/927/850
f 513/524/513 515/526/515 485/495/485
f 514/525/514 38/38/38 37/37/37
f 445/455/445 437/447/437 369/375/369
f 584/600/584 423/433/423 425/435/425
f 616/639/616 386/633/386 56/56/56
f 245/249/245 720/761/720 243/247/243
f 645/676/645 642/673/642 363/369/363
