# Blender v2.79 (sub 0) OBJ File: ''
# www.blender.org
o obj5
v -6.625288 -0.403461 -13.641282
v -8.019063 -0.677409 -12.880516
v -6.793255 0.764325 -13.209477
v -5.431353 0.602236 -13.619143
v -4.524088 0.513977 -13.767372
v -10.596295 -4.485818 -5.129709
v -10.036923 -6.187734 -5.973542
v -10.054346 -5.981611 -4.993337
v -10.445394 -3.562558 -7.204865
v -10.135311 -6.213419 -6.519823
v -10.171307 -3.167515 -5.894804
v -8.460446 -7.967607 -5.634580
v -9.909231 -6.801979 -5.010334
v -8.834373 -7.659258 -5.998329
v -10.253161 -7.964689 -3.029932
v -10.004080 -8.147184 -1.992140
v -10.349881 -5.839322 -1.956032
v -10.145739 -7.045111 -0.688220
v -9.885758 -8.470635 -0.805642
v -10.266658 -6.748656 1.006868
v -10.044938 -6.270148 1.767585
v -10.138707 -4.451520 1.498259
v -10.313067 -3.069320 -1.741207
v -10.431840 -4.017783 -1.355635
v -10.428218 -4.162392 -0.704828
v -9.540272 -2.267218 4.853209
v -10.005752 -2.256069 4.780910
v -8.888644 -2.695567 4.856249
v -9.739085 1.405312 5.543779
v -9.102736 0.483031 7.205096
v -9.206279 -0.960231 7.684825
v -8.911306 0.905591 8.391144
v -9.678588 -8.590951 1.194271
v -5.792909 -9.171806 1.817829
v -7.426064 -8.811666 2.411798
v -7.805779 -4.069467 4.760284
v -7.468745 -4.977858 4.775301
v -9.444777 -6.901432 5.213937
v -5.087206 -9.263861 0.950731
v -2.988764 -9.971694 1.172543
v -9.684979 -5.850449 9.205540
v -9.041956 -6.609866 9.162520
v -8.150585 -6.672014 9.508065
v -6.269984 -1.735122 14.266453
v -6.750418 -2.809256 13.829769
v -5.170963 -1.381564 14.701248
v -5.593445 -0.046302 14.172251
v -5.152636 -0.500743 14.517619
v -4.496273 -0.148082 14.871324
v -3.259865 -7.063124 9.964562
v -4.294260 -7.365231 9.462537
v -2.550929 -7.327602 9.192164
v -9.333126 7.054680 -10.012069
v -9.203382 7.346644 -11.268462
v -9.120444 7.079010 -10.894745
v -9.725051 9.058423 -4.111521
v -10.054452 7.888630 -2.717542
v -9.661109 9.917487 -2.942123
v -5.183947 10.035847 -10.205556
v -5.102506 9.259835 -10.971107
v -7.357992 9.931755 -10.719401
v -0.299106 8.380116 -13.011586
v -1.678110 10.148797 -10.744191
v -0.593819 9.727022 -11.075056
v -10.509794 8.364965 5.615083
v -10.794690 5.689277 4.371284
v -10.705403 5.612939 6.249432
v -8.070480 10.295451 7.353132
v -8.726291 8.954666 6.928152
v -8.396324 9.037500 8.417165
v 3.226217 -4.556105 -13.634686
v 2.307685 -3.900263 -13.638021
v 4.616354 -2.940602 -13.734327
v 5.747932 1.683705 -13.367456
v 6.171259 1.087993 -13.105961
v 5.649576 -0.970827 -13.572675
v 6.814335 -10.113883 5.031040
v 6.492735 -9.543866 3.570892
v 7.586765 -9.093249 3.776918
v 0.308074 -8.400092 -5.612955
v 0.009448 -7.963964 -7.328652
v 1.708413 -7.862455 -6.643573
v 0.146027 -7.161058 -8.939937
v 2.627109 -7.561595 -6.450795
v 2.876670 -7.937836 -6.053408
v 2.681529 -7.140662 -8.504685
v 3.064915 -7.039689 -8.057526
v 1.874513 -8.790784 -3.115247
v 3.281862 -8.220865 -3.376220
v 2.985183 -8.378036 -3.148877
v 5.345063 -5.851130 -9.840331
v 4.579720 -6.300355 -10.224273
v 5.164991 -5.695534 -10.797462
v 6.209680 -5.479222 -10.355772
v 6.362430 -5.843955 -9.037050
v 6.488655 0.058826 -10.017772
v 5.857367 -1.481828 -13.003213
v 6.476141 0.438751 -11.666833
v 7.511999 -6.440049 -4.945642
v 7.539164 -6.510092 -5.788553
v 8.171530 -5.625169 -4.772763
v 7.653044 -0.165160 -6.386927
v 7.799911 -1.446297 -5.514927
v 7.924205 -2.186827 -5.687132
v 7.088037 -9.498077 2.757098
v 8.110119 -3.934596 0.649913
v 7.724507 -4.695509 -0.081689
v 8.242109 -2.801260 -0.626033
v 8.256617 -2.139369 -0.524856
v 8.065975 -2.605619 -1.604922
v 8.476908 -3.098134 5.414419
v 8.704269 -3.625235 4.774289
v 8.312762 -2.065783 4.736481
v 8.778460 0.143764 4.709114
v 9.464532 -0.682644 3.864405
v 8.909318 1.417985 4.577284
v 2.987493 -8.232678 12.022200
v -0.441285 -7.606485 12.123582
v -0.149051 -8.085620 11.230380
v 5.046785 -0.878815 13.813189
v 5.482354 -1.295062 13.630134
v 6.856422 -0.824338 12.722732
v 5.352122 0.930412 13.762280
v 7.072820 0.353753 13.178715
v 6.447116 -1.764454 13.439673
v 6.390385 4.107697 -13.295047
v 5.704501 2.741717 -13.645956
v 5.247359 3.902324 -13.183875
v -0.031029 9.718525 -11.353498
v 2.541382 8.708316 -12.844171
v 6.415362 10.784796 -8.994058
v 2.710874 11.671963 -7.273783
v 6.340387 11.287618 -6.876779
v 8.023871 6.396796 -8.236558
v 7.932589 5.066442 -9.541055
v 8.542104 6.895275 -8.419312
v 8.801952 7.923773 -8.596691
v 8.065907 6.082187 -10.550684
v 2.959927 10.381020 3.493618
v 1.560010 10.777120 2.066922
v -0.897267 10.670158 4.488225
v 5.878422 10.025867 6.511614
v 5.561825 9.597931 6.154531
v 4.819341 10.129610 6.244931
v 5.676397 9.621149 9.155845
v 5.334627 10.285823 6.998091
v 4.165682 10.219988 6.843394
v 6.015566 9.510470 5.436101
v 6.525681 9.753423 7.720721
v 6.385182 9.824144 8.819230
v 10.075730 8.908916 5.344986
v 9.951076 8.536551 3.054544
v 9.463017 9.131449 2.496872
v 10.618400 8.301912 5.366540
v 0.314212 11.194696 9.277040
v 1.177529 11.070287 7.663521
v 0.115318 11.332463 7.523186
v 11.340549 7.086259 9.562152
v 11.027418 5.458516 10.029968
v 11.569607 6.021327 8.489911
v 11.079040 8.748650 8.915211
v 11.290528 8.944689 7.924772
v 9.858735 9.134562 7.543067
v 11.345671 8.393626 6.920637
v 10.973019 8.416800 5.776743
v 11.038215 6.645126 6.694203
v 10.449968 2.387511 9.193480
v 10.015435 1.900997 7.833981
v 10.062349 3.142403 7.817817
v 7.368143 7.933087 10.480839
v 6.222245 6.306718 12.013167
v 8.211220 6.546143 11.644975
v 7.459582 8.740186 9.861677
v 5.894730 9.049968 9.806342
v 5.745371 8.299540 10.168767
v 5.478790 5.981796 12.039709
v 5.092822 4.720030 12.889395
v 6.209486 5.348471 12.247734
v 8.033221 3.570334 12.068877
v 6.433452 1.400898 13.404790
v 1.330640 0.590776 14.199811
v 2.585079 1.372299 13.670162
v 2.420033 2.883028 13.593445
v 1.336741 8.580048 10.981572
v 0.429878 7.826923 11.694649
v 1.323097 6.657810 12.692134
v 0.558389 4.197090 13.948668
v -1.227111 3.168198 14.557316
v 1.885887 2.854109 13.743816
v -1.135295 5.771351 13.712971
v 0.266986 6.251867 13.363800
v 0.022936 7.138806 12.656736
v 9.711208 8.709682 6.542905
v 9.633319 8.279559 1.608415
v 9.785049 8.645360 1.334684
v 10.176594 6.577615 4.380308
v 9.933474 6.739347 2.930077
v 9.877464 7.541684 3.062362
v 9.964801 5.897279 2.997459
v 9.760319 1.184994 2.034464
v 9.913159 4.998377 0.910927
v 8.501782 9.984922 4.128035
v 9.386298 9.723825 -0.399397
v 9.507865 9.203199 -2.464221
v 8.546078 10.323380 -2.188097
v 9.574555 4.690741 -0.243321
v 9.403245 5.530401 -0.282487
v 9.881246 4.411594 -2.313543
v 9.932384 4.379098 -0.868771
v 9.539331 3.679360 -2.012565
v 7.996789 10.138757 1.791920
v 6.030755 10.477419 3.246881
v 6.674556 10.056728 4.412286
v 6.830544 10.606304 0.200932
v 5.038570 10.690487 0.136588
v 6.053885 10.816470 1.994813
v 6.453988 10.519331 -0.890716
v 3.492118 10.729922 -0.111499
v 4.173016 9.877124 6.554479
v 2.711943 10.415633 6.406819
v 3.003715 10.110944 1.769024
v 3.556138 10.427667 1.560023
v 2.782781 9.972808 0.899885
v 2.990431 10.357321 -0.513283
v 2.510849 10.554919 0.844594
v 3.403695 11.049154 -1.825633
v 4.058002 11.152950 -3.314259
v 1.686837 11.463721 -1.694549
v 3.587101 10.227437 4.896709
v 2.525132 10.105342 5.139268
v 2.502609 10.095648 5.702902
v 0.712647 10.628405 5.442660
v 0.355189 11.098804 7.190150
v -3.113239 11.211472 7.234542
v 8.888659 9.996868 -3.076600
v 9.358593 9.345984 -3.765898
v 9.135295 9.897161 -4.271774
v 9.528131 8.580263 -4.349293
v 9.264392 7.601665 -4.287495
v 9.449245 7.391263 -5.097926
v 8.563983 10.005406 -8.042130
v 8.943420 8.676750 -8.065721
v 8.321695 9.421471 -8.359559
v 8.951479 5.420614 -4.299067
v 8.887807 6.240459 -6.216425
v 8.763106 3.998470 -4.714859
v 8.426511 4.683547 -5.882545
v 7.993223 9.838571 -9.073845
v 7.860923 10.332279 -8.336791
v 7.545830 9.748160 -9.492636
v 7.414311 10.030069 -9.497885
v 7.703095 11.054383 -5.546489
v 6.804338 11.096897 -4.793662
v 0.778450 10.793396 -9.965446
v 3.899088 9.830832 -11.289684
v 0.556176 11.474026 -0.965716
v -0.524948 11.607017 -3.751174
v -2.627445 11.058676 -2.230322
v 5.221390 7.485902 -13.280773
v 5.408493 6.087715 -13.776217
v 4.821177 7.973696 -13.570976
v 4.781486 2.301612 -13.333081
v 4.083970 4.637668 -13.208028
v 3.059011 4.457715 -13.289063
v 3.275888 6.819984 -13.933536
v 2.280070 2.640297 -13.114119
v 2.421708 1.541091 -13.250364
v 1.256360 2.224062 -13.352389
v 1.447904 3.631097 -13.099765
v 9.487010 -1.427542 10.342017
v 8.328246 -1.920978 11.278167
v 9.002413 -3.903900 10.874825
v 8.200907 -2.863463 11.586770
v 7.601901 -1.660842 11.701446
v 7.572667 -2.818487 12.376453
v 7.993273 -3.554981 11.536273
v 6.783049 -3.702282 13.718076
v 5.183175 -6.954852 12.798664
v 6.309555 -6.690915 11.982308
v 5.624280 -5.925863 13.173914
v 5.657087 -7.776972 10.870141
v 6.053319 -8.164932 10.344171
v 7.100288 -7.987354 9.755472
v 5.273229 -8.910586 10.462464
v 6.393647 -9.608201 8.514170
v 7.638215 -9.098003 8.546851
v 5.024484 -1.743329 14.367643
v 5.355261 -2.177743 13.995275
v 4.239520 -6.560847 12.658338
v 3.126481 -6.890563 12.866403
v 4.356156 -7.401328 12.250914
v 3.495957 -8.537719 11.069950
v 2.465680 -8.604405 8.613564
v 3.679429 -8.811788 8.848083
v 0.904195 -8.632251 9.991180
v 0.775659 -0.660783 14.371317
v 0.698954 -2.258525 15.124874
v 1.898076 -1.976472 14.594151
v 10.085269 0.200613 9.228614
v 8.999032 -2.550508 7.611650
v 9.475594 0.290193 7.877385
v 9.423625 -0.153096 5.707426
v 9.354061 0.481818 6.739035
v 8.901062 -1.408899 5.400489
v 9.063680 -3.373737 8.474090
v 8.480480 -4.227196 7.150815
v 9.028442 0.858036 -0.971054
v 9.532834 1.519705 -2.349390
v 9.440670 2.154530 -1.827155
v 8.444011 -1.500251 0.150418
v 8.773002 -0.771948 -0.587343
v 8.486897 -1.579230 -1.640990
v 9.303386 -1.781029 -2.005671
v 9.691341 -0.572471 -1.790978
v 8.884296 -2.577852 3.656122
v 8.833211 -1.978011 1.579013
v 8.456553 -3.076278 2.142990
v 8.866194 -3.883041 5.484694
v 8.448259 -2.993268 6.412936
v 8.183342 -4.110661 6.682865
v 7.934645 -5.055140 1.237546
v 8.070998 -4.618166 5.865193
v 8.298676 -4.724376 6.516662
v 7.961274 -5.322956 6.124760
v 8.600035 -6.096879 7.393469
v 8.403747 -7.778164 7.968240
v 8.072318 -7.882000 7.129301
v 8.084425 -2.146843 -2.217685
v 7.688746 -2.923174 -2.837189
v 7.916056 -7.397201 1.865769
v 7.802527 -6.771626 6.866616
v 7.657673 -7.972791 5.152748
v 7.782190 -8.720313 4.541643
v 8.484988 -6.961023 4.675814
v 9.065580 -5.799055 3.791494
v 7.673517 -8.339411 6.353006
v 7.802082 -9.478030 7.503282
v 7.411115 -9.466861 6.607426
v 7.609071 -3.854567 -1.887960
v 7.621347 -3.934985 -3.125379
v 6.969368 -8.538565 -1.397982
v 7.325323 -5.452416 -2.173312
v 7.289402 -9.140787 1.300241
v 7.218462 -8.496490 -0.061852
v 6.985216 -9.585751 7.303741
v 6.626085 -9.556005 6.062208
v 7.531186 -9.361889 5.355278
v 6.162466 -9.281282 0.814950
v 5.807789 -8.808531 0.245513
v 2.593982 -9.195847 -1.181170
v 3.744199 -8.808473 -2.640167
v 4.667053 -8.866417 -0.944619
v 3.335992 -9.087458 7.593317
v 2.343081 -8.473517 8.320536
v 1.967587 -8.769927 7.375693
v 8.859245 1.214188 -4.742908
v 9.276246 -0.993258 -3.054512
v 8.418283 -1.640717 -4.752345
v 8.244133 -3.606251 -5.302186
v 7.536077 -3.659151 -6.764541
v 7.828923 -3.035079 -5.779484
v 7.369536 0.973297 -7.795433
v 6.888556 -1.293653 -8.100259
v 8.042133 -5.700301 -4.053504
v 7.218777 -6.209728 -4.468190
v 6.657286 -6.263951 -4.656377
v 6.073231 -7.549376 -6.020216
v 6.388127 -6.630277 -5.504836
v 6.385194 -2.462873 -10.469252
v 5.496006 -2.993584 -13.572111
v 5.098182 -6.666509 -8.869063
v 5.390616 -4.781133 -13.070230
v 3.996129 -5.983865 -11.036878
v 3.969295 -5.287642 -13.134498
v 5.355306 -7.480675 -6.844977
v 4.733773 -6.964262 -8.233565
v 5.441177 -7.059343 -7.883202
v 3.962830 -6.859207 -8.035571
v 3.179602 -6.678924 -8.667821
v 4.177339 -7.869443 -5.784955
v 4.038158 -8.536233 -4.061921
v 3.044913 -5.682948 -11.966372
v 0.794699 -5.057465 -13.343289
v -0.168718 -6.014287 -11.226446
v -0.063713 -5.493502 -12.021353
v 5.152265 -9.295795 1.294578
v 4.966634 -10.011713 4.900544
v 3.765697 -10.438829 4.653493
v 5.009521 -9.837627 2.489568
v 0.230357 -9.709785 1.429213
v 1.046383 -9.783897 0.661525
v 1.869838 -10.189425 1.593241
v 4.574475 -1.732663 -13.614368
v 0.958632 0.300111 -13.249528
v -0.091902 0.808538 -13.393076
v -0.874126 0.238435 -13.232029
v -0.201521 -1.197899 -12.900154
v -0.997290 -1.072329 -13.410988
v -0.589840 -3.732233 -13.441875
v -1.553651 -3.495529 -13.300547
v -0.205061 -2.058844 -13.055023
v -1.134791 7.920595 12.374448
v -2.205389 7.757105 12.709936
v -3.903760 10.429333 10.395029
v -3.172789 11.442351 9.411493
v -4.051459 11.166712 9.158227
v -3.641543 10.117514 10.999193
v -5.059361 10.159056 10.274445
v -3.351726 5.495575 14.114804
v -4.374538 2.907427 13.901856
v -3.020911 3.619210 14.393072
v -6.956630 8.705519 10.554966
v -4.687689 9.746408 11.050364
v -6.014584 10.016032 9.971104
v -6.271618 3.302589 12.824159
v -5.612805 3.566540 12.865719
v -6.736053 4.847906 12.122589
v -7.328188 4.019400 11.608397
v -7.670402 7.191275 10.676593
v -7.894055 9.126321 9.616190
v -7.753154 5.009356 10.427962
v -8.324974 4.657142 9.736299
v -8.357600 3.438312 10.112924
v -8.798632 2.126085 9.774499
v -8.710934 1.287023 10.301536
v -7.893617 2.069538 10.714108
v -2.748762 10.812278 -1.161857
v -1.441763 10.916096 -0.452958
v -2.317814 10.831369 4.995569
v -1.673050 11.080014 6.242645
v -1.801959 10.546597 5.001996
v -3.577121 11.189552 -1.741604
v -2.711112 11.247831 -2.371380
v -4.520507 11.133659 -1.759038
v -4.832581 11.106264 3.806842
v -3.065674 10.965523 3.443710
v -6.592940 10.877248 3.439721
v -4.401002 10.815994 5.347810
v -5.819227 10.814100 5.338325
v -6.097992 11.284256 6.870267
v -4.952943 11.233257 1.761553
v -5.171791 10.820272 -0.192261
v -6.118618 11.306886 1.593403
v -7.018057 10.953416 7.125436
v -7.492788 10.915917 6.008248
v -7.430882 10.999938 1.762013
v -7.797761 11.320445 2.808262
v -8.326610 10.162810 6.080106
v -8.218822 10.799018 -0.480218
v -9.142532 10.889894 0.023564
v -8.810072 9.786086 5.340250
v -8.013580 10.255847 5.559578
v -9.045645 4.265303 6.723672
v -8.180984 6.000279 9.675013
v -8.649302 5.720493 7.473722
v -9.515463 10.809701 -0.781148
v -10.052784 5.827280 6.494760
v -9.018418 5.069476 6.035656
v -9.100498 6.624045 6.441454
v -9.146593 4.925047 6.529046
v -8.590330 3.402555 8.484310
v -9.352199 2.609810 5.618278
v -9.560058 10.169645 -1.609564
v -10.123564 8.682363 -1.445055
v -9.843003 10.145857 -1.257518
v -10.043438 6.089663 -1.715743
v -10.317685 8.687128 0.342241
v -10.171171 8.867802 -0.554068
v -10.467019 3.148996 5.880883
v -10.467773 0.976622 5.367496
v -10.068887 9.297811 1.931748
v -10.346310 8.526444 2.226477
v -9.646043 10.106546 2.205868
v -9.957522 9.348588 -0.286670
v -10.372434 3.371880 2.170147
v -10.723726 3.414536 5.391967
v -1.984181 11.540271 -4.062332
v -2.102216 11.172009 -3.572859
v 0.263131 11.511165 -4.635286
v -1.526073 11.248840 -6.066717
v -2.209662 8.156397 -12.423706
v -2.927383 8.929193 -11.560747
v -8.941439 6.664968 -12.428294
v -9.275239 5.566791 -12.069581
v -9.499123 6.474853 -10.668344
v -9.396232 7.326120 -7.552044
v -9.740170 3.884775 -6.876475
v -9.624733 4.083079 -4.801148
v -9.839631 0.856517 -6.783222
v -9.761554 3.133244 -4.233215
v -2.376041 2.343203 -13.190136
v -4.175287 2.907153 -13.094184
v -2.493940 3.585847 -13.052877
v -6.197892 7.874586 -12.835817
v -3.696303 6.758152 -13.402295
v -6.891459 5.704680 -13.486604
v -3.155007 0.553339 14.973734
v -1.272664 -1.154067 14.917366
v -1.790044 0.217043 14.905519
v -2.721876 -2.639625 14.790000
v -1.590433 -3.604706 14.086173
v -1.394059 -2.316018 14.827159
v -1.168577 -7.781688 10.044870
v -2.201722 -7.734575 9.553183
v -1.836671 -7.649966 9.304270
v -3.743602 1.214980 14.716460
v -3.736489 -0.866204 15.148966
v -4.373050 -1.670000 14.688954
v -6.401609 -6.829567 10.696585
v -3.952514 -7.355522 10.435365
v -6.400272 -6.582649 11.982950
v -6.432060 -0.411627 13.698681
v -6.442380 1.059300 13.546361
v -6.763976 -1.207339 13.737153
v -8.957644 -0.497526 11.218687
v -8.007304 -0.278338 12.787436
v -7.882411 0.976892 12.248280
v -9.300364 -3.918958 10.950392
v -8.656292 -5.337473 10.901122
v -8.575096 -4.222526 12.583508
v -9.319367 -5.276886 10.077697
v -9.387989 -5.874396 9.606851
v -1.795542 -8.915348 6.323237
v -2.613929 -8.737018 5.199942
v -0.438938 -9.608260 4.803121
v -3.591552 -8.919583 4.393403
v -3.302177 -8.164916 7.388707
v -3.026541 -8.805256 5.475636
v -3.892944 -9.675234 0.586407
v -1.157899 -9.635447 0.518049
v -5.084580 -9.148597 -2.400996
v -3.307217 -9.266623 -2.718740
v -3.180308 -9.103866 -1.358337
v -6.487447 -7.649689 6.284117
v -6.979026 -7.674642 5.663621
v -5.088313 -8.300483 5.341241
v -7.597645 -7.305985 7.646734
v -5.916151 -7.480722 7.292663
v -5.478271 -8.233775 4.699443
v -8.164762 -8.454112 3.935054
v -8.421866 -8.632690 3.170385
v -6.924606 -8.663578 3.399416
v -8.932281 -6.607035 7.948626
v -7.996991 -6.993415 7.881472
v -7.113490 -7.342078 8.308824
v -9.697694 -6.926243 3.991314
v -7.835124 -7.184523 4.185499
v -9.407413 -8.325072 3.483999
v -9.603251 -8.101093 2.860527
v -9.144610 -2.233272 7.482319
v -9.560222 -2.078063 5.159972
v -9.430404 -2.912584 6.063602
v -9.555202 -0.119240 5.630354
v -9.787658 -6.993912 5.951660
v -10.248883 -5.075484 2.088574
v -10.188252 -7.347052 2.194401
v -10.221641 -7.402955 0.164243
v -9.506838 -8.544497 0.573126
v -10.211024 -7.598725 0.939631
v -1.977687 -8.725404 -3.577047
v -0.184792 -8.630206 -4.759131
v -0.691076 -8.737007 -2.725564
v -3.100145 -8.214437 -6.048808
v -2.868558 -7.886822 -7.024774
v -2.246858 -8.483318 -5.897497
v -1.956578 -8.312218 -4.674929
v -2.991309 -7.574261 -7.648366
v -4.810501 -7.526299 -7.834603
v -3.696119 -8.303327 -5.065468
v -3.285530 -6.970035 -9.283185
v -6.978636 -6.609348 -9.859068
v -5.663321 -6.358147 -10.757206
v -6.955168 -8.986583 -3.949619
v -8.042377 -8.285275 -4.454309
v -4.356100 -9.012979 -3.926490
v -9.833534 -5.578742 -8.782613
v -8.228959 -6.084822 -9.769897
v -8.325261 -6.954268 -8.929185
v -9.285573 -6.397727 -8.284296
v -9.213957 -7.118877 -7.139799
v -10.005013 -5.835150 -7.755366
v -9.470228 -0.611070 -11.569661
v -9.870615 -2.997592 -9.918230
v -9.688089 2.199065 -9.556262
v -9.795877 0.039875 -4.991740
v -10.618065 -2.595342 -5.475619
v -9.301352 -8.724413 -3.749945
v -9.287568 -8.710099 -2.794165
v -0.420459 1.473596 -13.089810
v -0.971785 0.997993 -13.278148
v -0.785871 1.975866 -12.804626
v -2.728300 1.255756 -13.302670
v -3.386171 0.761694 -13.403479
v -4.172050 0.042966 -13.544271
v -3.237539 0.239492 -13.734344
v -3.400004 -1.741128 -13.569503
v -4.547353 -1.482795 -13.578056
v -6.687894 -1.813150 -13.402861
v -7.872462 -2.981468 -12.885984
v -8.775727 2.657518 -12.471792
v -8.024860 2.682835 -13.028054
v -5.436065 -2.118615 -13.075821
v -5.755469 -2.616323 -13.439705
v -4.752827 -2.910266 -13.252756
v -4.249456 1.772804 -13.250600
v -4.306536 0.802733 -13.735404
v -3.635065 -3.969744 -13.484710
v -10.129002 -7.390662 -3.956092
v -9.429682 -7.912451 -4.245934
v -10.243201 -4.806156 -4.533193
v -10.520049 -6.254999 -3.204140
v -10.383352 -5.013934 -3.649968
v -9.308743 -5.018198 -9.653080
v -10.210984 -4.435146 -7.970957
v -10.271836 -2.705182 -8.338789
v -9.925441 0.225384 -8.436716
v -9.914378 0.628716 -5.901155
v -9.989855 -2.186553 -7.161859
v -9.510779 2.250998 -11.377227
v -9.769859 1.049712 -7.698116
v -10.106495 0.963922 -4.330481
v -8.206031 -8.024416 -6.334792
v -8.228615 -5.176717 -10.711311
v -8.552807 -8.633794 -4.213000
v -7.517241 -7.382661 -8.152698
v -8.115591 -7.584701 -7.885100
v -8.911741 -4.170990 -11.081042
v -6.486488 -4.733596 -12.817424
v -6.866601 -7.371089 -8.804236
v -7.242075 -6.255993 -10.457203
v -8.019866 -5.562230 -10.364132
v -6.219992 -8.042547 -5.422379
v -5.983969 -7.787200 -6.936820
v -5.822127 -4.069374 -13.223106
v -5.742451 -5.716403 -11.592207
v -7.024764 -5.594123 -11.478552
v -7.298467 -9.169402 -2.551661
v -4.992534 -8.165588 -6.227024
v -3.246397 -6.727254 -10.336619
v -2.508231 -6.005428 -11.519533
v -3.315739 -6.601943 -9.628423
v -2.795016 -6.286302 -9.514693
v -2.752519 -7.101658 -8.686563
v -2.273318 -7.542340 -7.521686
v -2.432493 -6.507583 -9.851391
v -2.323010 -7.395590 -8.608830
v -1.399074 -6.808176 -9.851723
v -0.705093 -9.065233 -2.329972
v -2.519638 -4.999607 -13.377653
v -1.013688 -5.449214 -12.430766
v -10.202257 -4.584374 0.841337
v -10.249048 -4.933910 -0.625006
v -10.169082 -4.131806 3.493644
v -10.185696 -5.146117 2.910235
v -10.071062 -7.122320 3.547565
v -10.174612 -2.524321 0.158351
v -10.261770 -3.934923 1.212101
v -9.990956 -4.178380 2.774684
v -10.114001 -2.841479 2.072244
v -10.120692 -1.946401 3.325860
v -10.300748 -1.879521 4.455125
v -10.041300 -3.991258 3.980266
v -10.302427 -0.585690 4.690434
v -8.822495 -8.871490 0.005945
v -8.076060 -8.856780 -0.802370
v -9.595511 -5.470922 7.812440
v -9.199267 -6.444750 8.564548
v -9.768978 -5.950896 6.688108
v -9.835350 -5.605135 5.265749
v -9.257609 -2.558965 8.984876
v -9.242961 -0.294530 6.265236
v -9.440950 1.977071 6.225999
v -9.307665 -6.949928 6.817425
v -6.181789 -7.017340 4.675925
v -9.918312 -5.220979 4.311591
v -6.605272 -8.378354 4.072543
v -6.780152 -7.815974 4.109643
v -7.492383 -7.015722 8.740388
v -6.003497 -7.316137 8.305490
v -5.369956 -9.357652 0.047883
v -2.695772 -9.986871 2.250360
v -3.413500 -7.843508 8.391836
v -5.916577 -8.946541 3.696715
v -1.853617 -9.994120 2.948925
v -2.229608 -9.619774 4.217330
v -2.185513 -9.988444 1.666511
v -1.455698 -9.777024 -0.115188
v -2.108697 -9.253872 -2.031436
v -0.577946 -9.574568 1.016924
v -0.606246 -8.949675 7.408039
v -9.149735 -1.211386 10.079270
v -8.133455 -1.794905 13.044334
v -7.817985 -6.478480 10.859305
v -8.246790 0.813357 10.921741
v -7.660047 -4.805093 13.119090
v -5.025378 -6.998807 12.653503
v -6.237725 -5.184916 13.424753
v -5.623233 -1.001304 14.330803
v -4.208049 -7.180639 12.642179
v -3.346206 -4.643636 13.863845
v -4.437841 -3.765143 14.217368
v -2.073530 -5.001664 13.591092
v -2.162351 -7.614009 10.344481
v -1.180582 -7.513763 12.426968
v -1.034231 -8.366474 9.230417
v -1.333603 -7.806034 11.123186
v -1.419830 -4.875231 13.508515
v -1.831086 1.579502 14.638504
v -0.137788 -3.625413 14.372028
v -8.032928 6.756180 -13.070419
v -6.265469 3.813983 -13.752424
v -3.372323 5.862413 -13.370829
v -3.467564 8.338796 -12.552242
v -2.884026 4.777012 -13.247503
v -0.584854 2.807073 -12.882329
v -1.525679 5.337908 -13.152559
v -2.532041 4.217773 -12.854371
v -0.427092 4.341904 -12.950522
v -1.888469 6.256702 -13.076706
v 0.569345 6.757886 -13.792576
v -9.901041 5.332142 -4.713685
v -9.536780 6.801385 -6.292434
v -9.600633 8.853461 -5.460488
v -8.016006 8.425231 -12.296189
v -9.303744 7.285861 -5.495604
v -8.542614 8.384943 -11.445164
v -9.189807 8.629498 -9.802967
v -9.313983 7.962203 -10.442143
v -9.070338 7.959157 -9.037868
v -9.319654 8.449265 -8.694873
v -9.320199 9.397641 -7.671221
v -8.371044 9.536847 -11.146306
v -9.537088 9.695222 -5.369883
v -9.743615 10.141498 -3.679975
v -8.578816 9.504360 -9.862252
v -7.143548 11.239367 -7.521771
v -8.674300 10.680400 -6.554649
v -8.072934 11.141815 -5.269313
v -7.061029 9.131151 -11.517081
v -6.168248 11.483732 -6.314895
v -5.433709 11.489884 -3.132535
v -3.758663 11.445657 -3.354568
v -6.090670 11.559012 -3.745002
v -3.370258 10.336551 -10.099439
v -5.399894 11.403374 -5.317833
v -0.804485 10.897470 -9.298359
v -3.559417 11.056427 -9.563749
v -3.596727 11.607802 -8.607091
v -0.215579 11.147908 -8.598057
v -0.892023 10.242333 -10.387415
v -1.156945 10.407999 -9.912513
v -10.134905 0.224133 0.327809
v -10.079866 0.870959 -0.731909
v -10.180480 4.702631 1.224902
v -9.879334 2.919176 -2.016440
v -10.092925 8.555101 1.342400
v -10.549120 5.912631 2.153349
v -10.330969 7.416984 2.267682
v -10.552402 7.359651 3.146060
v -10.186847 8.027282 2.622258
v -9.984114 8.983860 4.878753
v -10.511093 7.942849 3.975802
v -9.899533 9.791908 3.090876
v -9.665534 10.611549 0.862256
v -9.944116 10.567064 0.242300
v -9.054368 10.860158 1.105175
v -8.335545 9.926291 6.894761
v -8.197454 10.755665 5.051535
v -8.512130 10.978713 3.145164
v -9.331938 10.572576 -1.619615
v -8.831869 7.489594 7.005991
v -8.599745 6.538878 7.487339
v -7.660383 10.071274 8.488785
v -7.486035 10.372829 -0.479161
v -5.852610 10.451369 -1.160751
v -9.489289 10.699674 -2.303742
v -7.118534 10.990878 0.463008
v -6.770003 10.818620 5.602558
v -6.605633 11.132952 4.502385
v -4.909778 11.479817 8.286457
v -5.869123 11.006586 8.925811
v -5.131010 10.639008 4.742183
v -3.668179 11.035921 0.446061
v -3.626711 11.238832 6.341275
v -3.041529 10.928137 2.337861
v -3.010394 10.886206 1.371030
v -1.988225 10.972584 0.588675
v -2.452443 10.848783 -0.061434
v -1.247277 10.812315 4.186061
v -0.232775 10.471786 2.473479
v -7.860149 1.355964 11.808650
v -7.927533 2.473480 11.738091
v -8.159206 3.477531 10.994665
v -5.193576 4.876001 13.004043
v -6.443102 6.518104 12.417737
v -6.829947 7.785679 12.014298
v -6.991277 2.239362 12.659751
v -4.052119 7.285004 13.716643
v -5.351870 9.108355 12.008309
v -4.595934 10.481724 9.428035
v -5.106234 8.565227 12.752496
v -4.189189 8.867393 12.556969
v -4.200138 10.279291 9.900129
v -3.436256 9.089540 12.037407
v -1.963088 8.700225 12.125884
v -1.800226 9.607817 11.222203
v -2.236901 11.136378 10.254463
v -2.057981 5.601293 13.612294
v -2.538674 3.581786 14.458445
v 1.196884 -0.860226 -13.167974
v 0.424367 -2.182336 -13.312447
v 0.302965 2.111322 -13.120575
v 1.103179 -2.927692 -13.285902
v 2.710104 -1.869091 -13.176016
v 2.542914 -0.270349 -13.057566
v 2.199939 0.242848 -13.407132
v 3.089839 1.091034 -13.669857
v 3.891656 0.384843 -13.284678
v 3.231732 -1.424847 -13.149671
v 4.516400 0.441045 -13.603619
v 6.888422 3.192750 -12.818191
v -0.442031 -10.434650 2.166336
v -0.133518 -10.461832 2.953982
v 0.692120 -10.136147 1.944849
v 2.633239 -9.832387 1.491060
v 2.287973 -10.529606 4.104528
v 1.660561 -10.341908 2.944702
v 1.741339 -10.204187 4.769074
v 1.474069 -8.416285 -4.556323
v 2.502892 -8.407627 -4.288180
v 2.804099 -6.407290 -10.091261
v 1.204829 -6.649857 -10.303351
v 5.113513 -8.484342 -2.208374
v 4.667963 -8.249179 -3.770990
v 5.442631 -8.493905 -2.994762
v 5.188056 -5.978875 -8.905616
v 5.466977 -6.241165 -8.062078
v 6.381674 -7.994876 -3.558208
v 6.135018 -6.150460 -7.905081
v 6.272130 -4.734600 -11.276463
v 6.358992 -3.580118 -11.202646
v 6.670586 -8.005579 -2.613120
v 6.985991 -6.406976 -3.641459
v 7.180812 -5.725389 -3.995983
v 7.316236 -3.058826 -7.663749
v 7.096334 -5.610328 -7.704616
v 6.444052 -3.795033 -10.047863
v 6.430084 -2.143052 -8.961838
v 6.896490 -6.651644 -4.960981
v 7.560912 -4.949475 -3.608995
v 8.697272 -4.469728 -3.874455
v 7.248389 -2.189146 -6.682798
v 7.189662 -1.816822 -7.384490
v 6.381769 -0.977146 -9.415219
v 6.624204 -0.289693 -8.433776
v 8.327844 -3.811763 -3.486680
v 8.709312 -3.163930 -3.341514
v 8.305452 -2.702417 -4.613352
v 8.040892 -0.656854 -5.654967
v 8.459195 3.381583 -6.526798
v 8.510653 -3.057040 -3.386626
v 8.715279 -2.176842 -3.938734
v 9.030098 -2.192257 -3.082567
v 9.620331 0.055248 -1.862320
v 9.512716 0.685024 -2.517342
v 9.235568 2.925585 -3.103072
v -0.439466 -10.087779 4.605515
v -0.674552 -8.900509 6.257611
v -0.041776 -9.027227 5.527226
v -0.043046 -9.002831 6.408477
v 0.919163 -9.360508 5.729591
v -0.233439 -8.585692 8.465956
v 0.305952 -8.476058 7.685117
v 1.002936 -8.807826 7.716804
v 1.184588 -9.801309 -0.015744
v 2.199710 -8.924634 -1.624077
v 0.359696 -9.600754 4.864367
v 1.427037 -9.833961 5.208892
v 0.104427 -9.558960 -1.091997
v 4.024666 -10.004290 5.528894
v 2.880919 -10.000011 4.919854
v 4.601988 -8.871924 7.809887
v 4.259374 -8.668523 8.686251
v 4.981806 -9.225164 0.457401
v 6.009642 -8.985845 -1.494832
v 8.068748 -6.404384 5.003095
v 7.712528 -7.014734 5.177715
v 7.765538 -6.327952 5.542934
v 7.945466 -5.673805 4.935682
v 7.885720 -6.358736 6.620335
v 8.506925 -4.703197 4.816142
v 8.167617 -5.072555 5.664474
v 8.193031 -2.676096 0.236659
v 7.925659 -5.314405 6.984854
v 9.224333 -4.087490 4.361881
v 8.070154 -4.616490 7.127923
v 8.237651 -3.606647 6.045861
v 8.566671 -2.905684 5.800502
v 8.610041 -2.393368 1.248772
v 8.922695 -1.948400 3.897635
v 8.633431 -0.406974 -1.218923
v 9.171184 -0.751527 2.178609
v 8.842978 0.795679 -1.599587
v 9.736063 1.897790 1.215935
v 8.860593 0.006027 -0.143482
v 9.673281 1.621268 4.064898
v 9.525406 -0.252204 2.848652
v 9.647495 1.997116 -0.220103
v -0.249676 -8.236785 10.044740
v -0.120419 -5.566459 13.367684
v 0.970043 -4.197238 14.056427
v -0.072424 -6.957057 12.439654
v 2.046172 -4.765904 14.322908
v 1.558047 -2.984013 14.508518
v 3.273135 -3.868788 14.436944
v 2.837221 0.321540 13.801407
v 3.132660 -5.734537 13.342003
v 3.575375 -5.850637 12.822948
v 3.511056 -5.185928 13.314240
v 4.299139 -5.208562 13.490249
v 4.815555 -4.150812 14.299467
v 3.288418 -5.072159 13.941941
v 3.726093 -1.159885 14.193575
v 3.225521 -2.497781 14.792768
v 4.514315 -2.107655 14.578537
v 5.709663 -7.133401 11.711514
v 4.458002 -2.870900 14.764249
v 5.542658 -4.356793 13.925963
v 7.506897 -5.845970 11.698551
v 7.187704 -5.026506 12.772551
v 7.816815 -8.396357 8.725515
v 7.271120 1.528574 13.194772
v 8.407372 -7.381691 9.287704
v 8.336022 -5.480182 10.612943
v 9.005711 -4.914680 7.746218
v 8.627622 0.133160 10.926003
v 8.120534 1.879219 12.111778
v 8.044059 0.088524 12.154749
v 8.950168 -4.928978 9.706813
v 9.914061 -1.103612 9.652582
v 8.425003 2.183939 10.915226
v 9.803139 1.060632 9.948603
v 0.988771 5.540851 -13.638943
v 2.070580 6.109504 -13.939685
v 2.000660 5.081345 -13.494957
v 3.612803 3.140509 -13.067223
v 1.767492 7.531612 -13.475298
v 2.756153 5.494928 -13.589088
v 4.623626 10.887397 -4.960807
v 3.286246 11.366927 -6.157064
v 5.178398 11.092742 -4.684700
v 6.163687 10.292340 -10.362389
v 5.352557 8.921931 -11.817167
v 3.930945 8.907218 -12.521967
v 4.701290 8.371156 -12.616848
v 6.349437 9.854226 -10.899465
v 7.157137 2.943327 -11.004721
v 6.513238 1.485368 -11.303030
v 6.727911 2.309896 -12.277581
v 6.928448 2.763264 -9.610483
v 7.580563 4.393673 -10.224967
v 7.694245 4.245458 -8.182873
v 7.189925 4.504886 -13.001175
v 8.108386 5.452435 -8.526269
v 7.438161 5.379168 -12.276054
v 8.352006 5.904684 -7.825760
v 7.472026 7.991154 -11.176148
v 8.306895 8.602762 -9.569321
v 7.435125 10.935689 -3.438104
v 7.638990 10.504880 -2.668006
v 8.946639 7.928837 -6.964050
v 9.254387 7.828422 -6.077166
v 9.656211 5.343835 -2.761008
v 9.175707 3.185659 -2.502986
v 9.507062 8.158055 -5.482536
v 9.173748 9.502310 -6.732302
v 9.726503 7.981569 -2.670870
v 9.634834 9.634308 -5.538262
v 8.037040 10.449887 -7.018543
v 7.543473 10.953233 -6.761780
v 2.057518 10.755765 -1.076618
v 2.623544 10.778282 6.954406
v 0.971505 10.672044 7.218778
v 0.821024 10.945456 6.536225
v 0.213337 11.136221 -0.151879
v 4.253069 10.057408 4.382896
v 5.504512 10.528941 4.257665
v 2.950163 9.930991 4.201667
v 3.972872 10.530643 8.866102
v 4.742742 9.715044 5.412209
v 6.285065 10.268684 6.932956
v 7.486866 10.383150 1.138619
v 7.472546 9.676299 6.713397
v 8.988362 9.616004 6.007988
v 8.750139 9.591015 5.072309
v 7.370315 10.820415 -2.278795
v 8.088769 10.468369 -0.992064
v 9.671551 3.449651 0.030418
v 9.729335 2.819936 0.991100
v 10.107087 4.828455 -0.959855
v 9.732027 6.301328 -1.750379
v 9.771631 8.228245 -1.175745
v 9.483830 2.664148 4.765462
v 10.070355 3.082686 3.834632
v 10.272626 4.715553 5.349974
v 10.470500 3.700362 7.494681
v 10.682673 5.668260 6.224236
v 10.223048 5.686465 5.495829
v 9.845222 7.269538 1.969650
v 9.729643 7.011058 0.474821
v 9.929475 7.359094 -0.223656
v 8.998696 10.015977 1.125118
v 8.671079 10.226885 1.741490
v -0.284454 5.061944 13.766299
v -0.563147 7.499432 12.959696
v -0.027444 9.940851 10.520144
v 1.964128 10.304981 9.882968
v -0.094848 1.231586 14.220349
v -0.241392 8.179198 12.037092
v 0.634754 7.450515 12.357983
v 2.573435 4.108896 13.722889
v 2.859540 6.499516 12.578036
v 1.766795 6.860769 12.432449
v 3.895135 4.188141 13.395438
v 3.002133 9.123698 10.699267
v 4.990705 7.650301 11.202752
v 7.788651 5.153293 11.785313
v 7.463003 9.369753 9.033193
v 8.775140 6.892137 11.402114
v 8.434625 3.416133 11.329163
v 8.352887 4.420158 11.827556
v 9.827313 3.265206 10.019099
v 9.569270 4.014287 10.805615
v 8.603710 8.120231 9.967152
v 9.369615 8.431001 9.842205
v 9.821909 7.069299 11.052518
v 8.480649 9.163226 8.777427
v 9.924509 6.093996 11.000397
v 11.488850 8.098342 9.422808
v 10.783742 4.702511 7.658503
v 11.355021 6.675039 7.524963
v 11.762979 7.686633 8.842934
v 10.698119 3.733578 8.779240
v 10.037069 2.370242 4.093861
v 9.828588 6.119913 -0.749501
v 8.353137 9.333747 7.871665
v 1.941589 10.918110 0.026046
v 0.556164 11.176993 0.020333
v -0.837775 10.662665 5.185070
v 7.287107 9.712141 -10.589006
v 6.801351 9.005205 -11.592261
v 6.029644 8.402344 -12.862531
v -0.616239 11.538492 -6.820014
v 7.261204 -4.051263 12.773545
v 7.749558 3.229964 -7.347888
v -6.878962 10.832157 -0.507174
v -10.080183 10.000330 -0.047822
v -2.583269 11.671181 -7.271594
v -5.521518 11.251390 -7.912719
v -5.844408 11.381658 -7.556807
v -5.832591 11.325624 -8.466327
v -7.068707 10.251146 -9.908102
v -8.879918 10.874817 -3.898067
v -4.545333 1.817620 -13.005239
v -4.944465 2.773880 -13.284291
v -7.767904 0.981259 11.541486
v -8.596538 -8.825336 -1.901241
v -9.938028 0.215972 -0.444479
v -10.156182 -2.000258 -2.030809
v -2.345868 -9.043056 -3.171515
v -10.540889 -2.561085 -3.967480
v -10.585979 -4.305596 -2.953551
v -1.995461 -0.209127 -13.415802
v -9.547118 -4.597627 7.532226
v -9.650919 -4.597832 9.142010
v -9.404853 -4.458152 9.550385
v -8.521475 10.006567 -8.944897
v 0.057919 11.471244 -6.275592
v -10.319738 7.523717 6.594175
v -9.837616 8.461170 6.683321
v 8.294628 -3.018944 -2.888376
v 0.090398 -9.519011 0.248811
v 6.098376 7.233637 -13.212821
v 8.449783 9.493976 6.846999
v 9.260689 6.382878 11.592367
v 8.740911 10.379287 -0.019504
v 8.571112 -5.147199 2.300120
v 9.358240 -4.259031 3.451808
v 6.274789 -8.451303 -2.480077
v 5.967936 -9.374173 7.816950
v 3.553586 -0.663818 -13.547530
v 4.084560 -0.725651 -13.476789
v -4.355965 11.388346 -9.323281
v -7.330298 10.692978 -1.936883
v -7.173770 10.603405 -9.335747
v -4.763095 -7.074384 11.648626
v -4.678368 -5.592972 -12.111566
v -3.279606 -2.481752 -13.790793
v -9.341218 7.848724 -8.356339
v -5.887355 11.047108 -9.263741
v -3.091033 10.654876 5.122361
v 8.030587 10.414179 0.496469
v 9.129826 9.117147 7.464197
vt -0.455936 -0.981995
vt -0.603425 -1.076289
vt -0.383497 -1.106117
vt -0.282948 -0.964263
vt -0.221231 -0.878010
vt -1.517021 -1.131203
vt -1.478053 -0.946944
vt -1.567193 -0.988937
vt -1.290358 -1.142749
vt -1.426919 -0.938422
vt -1.395992 -1.224604
vt -1.542107 -0.725985
vt -1.583619 -0.909487
vt -1.504513 -0.769695
vt -1.788977 -0.869076
vt -1.881690 -0.859660
vt -1.850007 -1.069898
vt -1.982788 -0.978559
vt -1.989867 -0.848389
vt -2.134676 -1.026737
vt -2.202167 -1.076633
vt -2.162236 -1.253194
vt -1.809732 -1.334774
vt -1.868357 -1.251338
vt -1.932961 -1.252576
vt -2.600924 -1.505700
vt -2.541063 -1.520338
vt -2.672264 -1.430099
vt -2.665666 -1.987068
vt 1.669946 2.294868
vt 1.798192 2.182086
vt 1.770770 2.402908
vt -2.176257 -0.856911
vt -2.304227 -0.490868
vt -2.330756 -0.683099
vt 1.698331 1.569999
vt 1.773657 1.502577
vt 1.977365 1.611098
vt -2.223473 -0.403858
vt -2.277768 -0.163243
vt 2.154407 1.868826
vt 2.194682 1.814188
vt 2.266777 1.804703
vt 2.521688 2.384627
vt 2.489455 2.273150
vt 2.624710 2.442976
vt 2.531447 2.566206
vt 2.599693 2.530604
vt 2.669933 2.581875
vt 2.664160 1.592816
vt 2.555845 1.600376
vt 2.685878 1.504089
vt -0.475661 -2.065349
vt -0.312295 -2.022462
vt -0.371195 -2.010435
vt -1.079708 -2.623279
vt -1.309395 -2.546510
vt -1.180462 -2.786782
vt 2.187671 0.290290
vt 2.308082 0.254071
vt 2.294199 0.530700
vt 2.362514 -0.342485
vt 2.132621 -0.101869
vt 2.146435 -0.230321
vt 0.379105 1.386358
vt 0.531611 1.702231
vt 0.290446 1.710340
vt 1.237513 3.550247
vt 1.211671 3.325233
vt 1.414142 3.393342
vt -0.315319 0.274002
vt -0.271952 0.137646
vt -0.061989 0.387128
vt 2.611446 -1.250170
vt 2.616463 -1.340616
vt 2.844089 -1.469068
vt -2.720717 1.020452
vt -2.557420 0.993099
vt -2.574739 1.148629
vt -1.458191 0.178058
vt -1.262317 0.114485
vt -1.302591 0.327747
vt -1.055309 0.096410
vt -1.293588 0.447127
vt -1.357230 0.477023
vt -1.041426 0.402316
vt -1.079227 0.465752
vt -1.741692 0.392763
vt -1.673583 0.572761
vt -1.709940 0.538122
vt -0.729747 0.730285
vt -0.741362 0.597228
vt -0.613941 0.654272
vt 3.012059 -2.298610
vt 2.930755 -2.175656
vt 2.833367 -2.335792
vt 2.437359 -1.672501
vt 2.832955 -1.565699
vt 2.545673 -1.509892
vt 2.418596 -2.722728
vt 2.488836 -2.653932
vt 2.309595 -2.652351
vt 2.092072 -1.962669
vt 2.082450 -2.148097
vt 2.145267 -2.218199
vt -2.452610 1.055091
vt -2.005125 1.730683
vt -1.929319 1.591785
vt -1.786777 1.845940
vt 1.482870 -2.604517
vt 1.521976 -2.683622
vt 1.638881 -2.622386
vt 0.417111 3.354442
vt 0.518141 3.399322
vt 0.331133 3.494922
vt 0.700338 -2.584517
vt 0.869201 -2.597369
vt 0.634840 -2.429467
vt 3.414185 1.493917
vt 3.040994 1.683949
vt 3.032265 1.557284
vt -0.446520 2.331844
vt -0.375250 2.362909
vt -0.337587 2.563731
vt -0.620195 2.467237
vt -0.473049 2.623250
vt -0.269821 2.435416
vt 2.403270 -1.104262
vt 2.543543 -1.157113
vt 2.497015 -1.038695
vt 2.149184 -0.294856
vt 2.228840 -0.582825
vt 1.777643 -0.800004
vt 1.660050 -0.454786
vt 1.594415 -0.780761
vt 1.885614 -1.270376
vt 2.042313 -1.293537
vt 1.853999 -1.209002
vt 1.818742 -1.121031
vt 2.057982 -1.163780
vt 0.466389 -0.443858
vt 0.642262 -0.261867
vt 0.358417 0.048438
vt 0.068662 -0.815262
vt 0.136359 -0.776912
vt 0.112167 -0.671346
vt -1.472830 3.200698
vt -1.655232 3.400558
vt -1.773719 3.330044
vt 0.220688 -0.829420
vt -1.480046 3.402071
vt -1.435854 3.285852
vt 0.235533 -1.392161
vt 0.560889 -1.411130
vt 0.636214 -1.303159
vt 0.217595 -1.519376
vt -1.999283 2.858229
vt -2.019145 3.068673
vt -2.133233 3.006199
vt -0.873456 3.413617
vt -0.763423 3.325783
vt -0.762667 3.472791
vt -0.997922 3.482619
vt -0.997716 3.559525
vt -1.126923 3.576845
vt -0.949125 3.648252
vt -0.967682 3.782134
vt -0.772220 3.658012
vt -0.436623 3.247365
vt -0.299031 3.371212
vt -0.424459 3.409631
vt -1.172902 3.156713
vt -1.082869 2.910874
vt -0.984863 3.094858
vt -1.239774 3.237880
vt -1.389257 3.143174
vt -1.328776 3.078432
vt -1.108986 2.826477
vt -1.006856 2.682630
vt -0.999090 2.842765
vt -0.721362 2.911767
vt -0.604113 2.608198
vt -0.835587 2.023669
vt -0.834281 2.215557
vt -0.996272 2.295762
vt -1.661006 2.686066
vt -1.646573 2.529779
vt -1.451455 2.481258
vt -1.257025 2.194870
vt -1.284516 1.931093
vt -1.029468 2.237893
vt -1.538258 2.155077
vt -1.476472 2.327239
vt -1.590766 2.397548
vt 0.069418 -1.348313
vt 0.138627 -1.538757
vt 0.761161 -1.400821
vt 0.796968 -1.353949
vt 0.460272 -1.712707
vt 0.645218 -1.638138
vt 0.600201 -1.537795
vt 0.665218 -1.747896
vt 0.993736 -2.293249
vt 0.955042 -1.782603
vt 0.415255 -1.137182
vt 0.978272 -1.186254
vt 1.215245 -1.192989
vt 1.150503 -1.047286
vt 1.105830 -1.768927
vt 1.076484 -1.676556
vt 1.348164 -1.717243
vt 1.199643 -1.775661
vt 1.362185 -1.812500
vt 0.697039 -1.042819
vt 0.514704 -0.815812
vt 0.368520 -0.904264
vt 0.871194 -0.884746
vt 0.866108 -0.685229
vt 0.666936 -0.808046
vt 0.989131 -0.833544
vt 0.883221 -0.512173
vt -1.803822 3.365644
vt -1.947462 3.296024
vt 0.680544 -0.446263
vt 0.702949 -0.523719
vt 0.769340 -0.432380
vt 0.912019 -0.441246
vt 0.775869 -0.371831
vt 1.076277 -0.483857
vt 1.245279 -0.553066
vt 1.071466 -0.293001
vt 0.104057 -0.402415
vt 0.281305 -0.524956
vt 0.265704 -0.391350
vt 0.198832 -0.375268
vt 0.230859 -0.149635
vt -2.134539 3.062694
vt -2.456322 2.809295
vt 1.268371 -1.082200
vt 1.353937 -1.149003
vt 1.390912 -1.082131
vt 1.428231 -1.214088
vt 1.454348 -1.313812
vt 1.539433 -1.300616
vt 1.702179 -0.984950
vt 1.747952 -1.084949
vt 1.752145 -1.001170
vt 1.544381 -1.527211
vt 1.692008 -1.363365
vt 1.659775 -1.648309
vt 1.745822 -1.525149
vt 1.795718 -0.947082
vt 1.726578 -0.925020
vt 1.835924 -0.917804
vt 1.836130 -0.891893
vt 1.484794 -0.904883
vt 1.405070 -0.832856
vt 1.960252 -0.323585
vt 2.031797 -0.641450
vt 1.003976 -0.168123
vt 1.322528 -0.076028
vt 1.170709 0.178608
vt 2.230764 -0.835536
vt 2.329663 -0.915673
vt 2.241279 -0.782135
vt 2.648215 -1.122062
vt 2.511791 -0.904951
vt 2.588354 -0.834162
vt 2.380934 -0.723579
vt 2.797286 -0.882546
vt 2.888762 -0.975191
vt 2.910136 -0.815331
vt 2.761890 -0.739318
vt -0.100408 2.911561
vt -0.123019 2.734107
vt 0.121995 2.715550
vt -0.039103 2.654727
vt -0.191541 2.664417
vt -0.090030 2.549230
vt 0.028937 2.609091
vt -0.067762 2.357273
vt 0.306872 2.107655
vt 0.335394 2.284903
vt 0.171685 2.174320
vt 0.544669 2.247378
vt 0.616077 2.312944
vt 0.622331 2.466963
vt 3.612051 1.188560
vt 3.647240 0.884303
vt 3.819678 0.837981
vt -0.357518 2.253426
vt -0.290027 2.284972
vt 3.748819 1.283198
vt 3.754592 1.180657
vt 3.649577 1.653228
vt 3.495832 1.675633
vt 3.624835 1.525669
vt 3.427105 1.354813
vt 3.173363 1.113166
vt 3.333430 1.086775
vt 3.082986 1.358180
vt 3.328413 2.611840
vt 3.293293 2.386414
vt 3.464149 2.410056
vt -0.205905 3.128397
vt 0.197526 3.140699
vt -0.121645 3.283172
vt 0.042477 3.493616
vt -0.077865 3.414235
vt 0.201375 3.453066
vt 0.226323 2.997402
vt 0.417729 3.081181
vt 1.387270 -2.202322
vt 1.521152 -2.043837
vt 1.423764 -1.996071
vt 1.368851 -2.552352
vt 1.422596 -2.420533
vt 1.599982 -2.474690
vt 1.683898 -2.393591
vt 1.607817 -2.294555
vt -2.571509 2.122156
vt -2.595289 1.893293
vt -2.406425 2.018034
vt -2.083131 2.049992
vt -2.189452 1.898860
vt 0.509069 3.314237
vt 0.338487 3.248876
vt 0.449069 3.144754
vt -2.118663 1.595634
vt 0.553260 3.201180
vt 0.521577 3.130665
vt 0.614359 3.131490
vt 0.571610 2.917197
vt 0.704392 2.746478
vt 0.785422 2.829020
vt 1.698744 -2.546236
vt 1.811525 -2.622661
vt -2.286633 1.320311
vt 0.706454 2.954104
vt -2.749307 1.320724
vt -2.668759 1.214127
vt -2.637213 1.462302
vt -2.491648 1.600926
vt 0.904115 2.879053
vt 0.930369 2.668953
vt 1.010437 2.766408
vt -1.475922 1.721543
vt -1.647398 1.629929
vt -1.477847 1.566700
vt -1.920590 1.042170
vt -1.676538 1.394674
vt -2.275156 1.081620
vt -2.085055 1.093029
vt 3.650951 0.707192
vt 3.767925 0.686230
vt 3.666140 0.593929
vt 3.533289 0.570355
vt 3.611570 0.426646
vt -2.221617 0.945402
vt -2.130003 0.910076
vt -1.979008 0.493518
vt -1.799217 0.628705
vt -1.990348 0.758394
vt 3.218449 0.943615
vt 3.154807 1.079352
vt 3.051509 1.021277
vt 1.798398 -1.935453
vt 1.749121 -2.265827
vt 1.992623 -2.231050
vt 2.200936 -2.405756
vt 2.375023 -2.292012
vt 2.219355 -2.299091
vt 2.157844 -1.757586
vt 2.352412 -1.946519
vt 2.254818 -2.725340
vt 2.376741 -2.790631
vt -1.384102 1.132272
vt -1.301835 0.871176
vt -1.301492 1.022445
vt 2.677768 -1.866520
vt 3.021475 -1.646522
vt -0.908782 0.712209
vt -0.288103 0.566301
vt -0.650298 0.492350
vt -0.389476 0.397918
vt -1.210428 0.771452
vt -1.018403 0.686711
vt -1.074965 0.778737
vt -1.056065 0.579290
vt -0.989949 0.469463
vt -1.367951 0.636746
vt -1.586093 0.662657
vt -0.566381 0.332489
vt -0.472362 0.005621
vt -0.774007 -0.013761
vt -0.664387 -0.034516
vt -2.278935 0.822861
vt -2.757417 0.810765
vt -2.713638 0.650492
vt -2.439415 0.801555
vt -2.308076 0.209123
vt -2.220930 0.308022
vt -2.345120 0.404447
vt 3.111440 -1.569960
vt 3.006149 -1.447556
vt 3.121267 -0.927082
vt 3.147797 -0.778974
vt 3.273568 -0.739112
vt 3.368549 -0.933405
vt 3.437002 -0.825915
vt -0.379786 -0.213346
vt -0.407345 -0.328877
vt -0.166868 -0.264135
vt -1.758530 2.357204
vt -1.824990 2.236175
vt -2.273025 2.430193
vt -2.298729 2.612871
vt -2.394879 2.558851
vt -2.196463 2.387307
vt -2.379897 2.340366
vt 2.576258 3.315336
vt 2.548217 2.940358
vt 2.706084 3.083174
vt 1.754275 3.486537
vt 1.923689 3.800484
vt 1.689603 3.717668
vt 2.273787 2.899122
vt 2.331381 2.964001
vt 2.110765 3.052797
vt 2.052966 2.917884
vt 1.792282 3.262485
vt 1.574759 3.454854
vt 1.857504 2.982076
vt 1.768227 2.896304
vt 1.863071 2.762560
vt 1.867195 2.590397
vt 1.955372 2.521463
vt 2.000664 2.643730
vt 1.052154 0.206168
vt 0.956966 0.068987
vt 0.304535 0.227680
vt 0.137390 0.159708
vt 0.298143 0.154485
vt 1.137170 0.301149
vt 1.196963 0.188161
vt 1.154077 0.412213
vt 0.484739 0.531112
vt 0.507282 0.308160
vt 0.560133 0.730353
vt 0.283092 0.493449
vt 0.297044 0.677158
vt 0.085294 0.730628
vt 0.740200 0.518260
vt 0.979165 0.517229
vt 0.774082 0.653172
vt 0.074023 0.869115
vt 0.226186 0.911451
vt 0.780749 0.809734
vt 0.658620 0.864647
vt 0.247766 1.055779
vt 0.066669 1.040452
vt 1.053529 0.869183
vt 1.010574 0.982103
vt 0.360892 1.118321
vt 0.312233 0.999216
vt 1.395998 2.695276
vt 1.704929 3.062075
vt 1.432424 2.922145
vt 1.105899 1.006707
vt 0.203987 1.671647
vt 0.043989 1.756388
vt 0.093954 1.548418
vt 1.264454 2.757955
vt 1.336411 2.769020
vt 1.666304 2.687303
vt -2.806283 -2.479982
vt -2.668346 -2.604448
vt -2.734188 -2.144385
vt 1.226035 1.053098
vt 1.235244 1.252614
vt 1.175108 1.079833
vt -1.509393 -2.368368
vt -1.661006 -2.783208
vt -1.537640 -2.766370
vt -1.432624 -2.703484
vt -2.588004 -2.236274
vt -2.561956 -1.941776
vt 0.810164 1.229178
vt 0.781848 1.322854
vt 0.767003 1.120245
vt 1.122256 1.253851
vt 1.015522 1.299487
vt 1.078133 1.196326
vt -2.091722 -2.170845
vt -2.509929 -2.262047
vt -2.315636 -2.539156
vt 1.383352 0.083764
vt 1.319710 0.106375
vt 1.407132 -0.176301
vt 1.589604 -0.005994
vt 2.436191 -0.127780
vt 2.325883 -0.008331
vt -0.220406 -1.869543
vt -0.339099 -1.778205
vt -0.441984 -1.956553
vt -0.737100 -2.239229
vt -0.998815 -1.887275
vt -1.224242 -2.009610
vt -1.143762 -1.572159
vt -1.330220 -1.926244
vt 3.134601 -0.412724
vt 3.174463 -0.156233
vt 2.998726 -0.326334
vt 2.615088 0.321149
vt 2.682854 -0.014448
vt 2.937078 0.345135
vt 2.796736 2.692252
vt 3.057694 2.524556
vt 2.963263 2.682355
vt 2.892267 2.341397
vt 3.014740 2.208478
vt 3.044086 2.379678
vt 2.859553 1.496804
vt 2.743884 1.513573
vt 2.755018 1.470206
vt 2.707115 2.756168
vt 2.769588 2.525312
vt 2.708008 2.425589
vt 2.445400 1.807727
vt 2.632958 1.664430
vt 2.497496 1.904771
vt 2.444988 2.500914
vt 2.383545 2.645517
vt 2.443750 2.416104
vt 2.116057 2.368957
vt 2.270214 2.450330
vt 2.187671 2.566411
vt 2.204510 2.073772
vt 2.278530 1.969649
vt 2.342927 2.116314
vt 2.197156 1.941883
vt 2.186916 1.882915
vt 2.592890 1.135846
vt 2.439077 1.091036
vt 2.617769 0.875849
vt 2.291519 1.081895
vt 2.522032 1.347871
vt 2.420040 1.143613
vt -2.199212 -0.262280
vt -2.201205 0.051393
vt -1.868219 -0.380010
vt -1.831519 -0.196507
vt -1.976672 -0.181662
vt 2.202792 1.478454
vt 2.129528 1.472199
vt 2.238737 1.295226
vt 2.210901 1.638795
vt 2.307120 1.520240
vt 2.152895 1.278593
vt -2.449311 -0.807977
vt -2.372336 -0.797668
vt -2.454260 -0.665436
vt 2.134202 1.743673
vt 2.195369 1.682368
vt 2.277911 1.656526
vt -2.768551 -1.083643
vt -2.427319 -1.000895
vt -2.565874 -0.873199
vt -2.370962 -0.886120
vt -2.314949 -0.898972
vt 1.846851 2.053085
vt 1.624724 1.891713
vt 1.776612 1.898585
vt 1.525412 2.129647
vt 2.008361 1.653502
vt -2.228695 -1.194432
vt -2.249933 -0.979933
vt -2.065468 -0.957253
vt -2.120312 -0.837461
vt -2.138182 -0.949350
vt -1.717844 -0.055547
vt -1.564512 0.132079
vt -1.796193 0.096341
vt -1.453930 -0.199463
vt -1.341010 -0.192521
vt -1.461352 -0.103450
vt -1.589873 -0.066406
vt -1.271114 -0.216644
vt -1.283004 -0.407089
vt -1.565474 -0.253757
vt -1.098539 -0.290320
vt -1.114002 -0.652034
vt -0.996272 -0.552928
vt -1.724991 -0.566880
vt -1.653927 -0.678219
vt -1.709115 -0.312519
vt -1.212352 -0.917529
vt -1.125686 -0.773957
vt -1.227747 -0.745916
vt -1.274894 -0.846121
vt -1.393105 -0.814918
vt -1.312351 -0.931480
vt -0.766997 -1.202886
vt -1.021633 -1.079657
vt -0.797581 -1.576352
vt -1.360116 -1.558139
vt -1.441971 -1.289963
vt -1.743891 -0.767771
vt -1.821897 -0.772101
vt 3.098244 -0.689834
vt 3.194394 -0.669834
vt 3.069859 -0.611691
vt 3.289925 -0.446469
vt 3.397072 -0.401590
vt -0.235733 -0.809008
vt -0.147349 -0.741105
vt -0.340680 -0.612584
vt -0.394012 -0.737119
vt -0.569474 -0.883371
vt -0.733320 -0.894024
vt -0.452912 -1.437109
vt -0.359992 -1.377591
vt -0.517378 -0.762204
vt -0.580127 -0.759043
vt -0.540471 -0.660419
vt -0.076010 -0.966669
vt -0.092435 -0.796087
vt -0.178345 -0.880691
vt 3.326007 -0.220150
vt -0.108724 -0.420009
vt -0.572223 -0.503995
vt -1.693926 -0.890794
vt -1.675507 -0.809901
vt -1.584787 -1.111134
vt -1.745335 -1.011960
vt -1.672483 -1.114571
vt -1.113934 -0.909968
vt -1.249534 -1.039932
vt -1.147061 -1.172577
vt -1.008300 -1.435048
vt -1.244654 -1.582743
vt -1.231114 -1.265840
vt -0.605212 -1.475940
vt -1.042663 -1.551197
vt -1.412074 -1.678756
vt -1.476816 -0.702274
vt -1.011255 -0.813819
vt -1.701555 -0.713958
vt -1.297299 -0.664955
vt -1.337642 -0.709559
vt -0.953180 -0.915467
vt -0.788990 -0.701586
vt -1.229053 -0.613203
vt -1.057302 -0.686810
vt -1.052285 -0.780005
vt -1.550079 -0.510455
vt -1.393037 -0.506056
vt -0.696002 -0.684061
vt -0.900535 -0.589217
vt -0.938541 -0.700349
vt -1.855024 -0.595334
vt -1.458878 -0.398773
vt -0.978197 -0.313482
vt -0.823148 -0.272314
vt -1.049742 -0.301798
vt -1.040464 -0.251764
vt -1.144449 -0.217400
vt -1.267815 -0.141869
vt -1.002527 -0.215820
vt -1.152971 -0.162487
vt -0.986582 -0.099395
vt -1.855436 0.095654
vt -0.609198 -0.350182
vt -0.657995 -0.152453
vt -2.097151 -1.232576
vt -1.960246 -1.177525
vt -2.379828 -1.296286
vt -2.315567 -1.189690
vt -2.370068 -0.996359
vt -1.993372 -1.434498
vt -2.125742 -1.303846
vt -2.297561 -1.290101
vt -2.208765 -1.431061
vt -2.350481 -1.548517
vt -2.486974 -1.568035
vt -2.436528 -1.311888
vt -2.502507 -1.731057
vt -2.074952 -0.759318
vt -2.008424 -0.683305
vt 2.052690 1.818380
vt 2.152895 1.794738
vt 2.005612 1.736319
vt 1.909600 1.675771
vt 1.994753 2.100438
vt 1.611734 2.158650
vt 1.465138 2.390812
vt 2.065955 1.681200
vt 2.010286 1.332751
vt -2.769651 -1.215600
vt -2.465943 -1.174707
vt -2.553159 -0.669628
vt -2.592402 -0.731552
vt 2.275230 1.711303
vt 2.358872 1.603194
vt -2.127322 -0.419459
vt -2.740442 -0.739524
vt -2.404226 -0.139669
vt 2.573440 1.448832
vt -2.515771 -0.555609
vt -2.502713 -0.049018
vt -2.657212 -0.118914
vt -2.674051 -0.309633
vt -2.339278 -0.073279
vt -2.124573 0.018473
vt -1.901415 -0.062970
vt -2.260311 0.118540
vt 2.771994 1.172753
vt 2.033516 2.269508
vt 2.326845 2.320367
vt 2.350212 1.882641
vt 2.053241 2.509230
vt 2.432548 2.091503
vt 2.630071 1.893087
vt 2.552271 2.067036
vt 2.560863 2.469849
vt 2.698318 1.866215
vt 2.819691 2.115421
vt 2.716393 2.210952
vt 2.942850 2.054666
vt 2.782578 1.581751
vt 2.970067 1.739069
vt 2.836048 1.385121
vt 2.903057 1.612128
vt 3.016389 2.052123
vt 2.932748 2.859535
vt 3.186971 2.206141
vt -0.089893 -1.807689
vt -0.030100 -1.611128
vt -0.089137 -1.360203
vt 2.773987 -0.091560
vt 3.163397 0.177921
vt 2.472273 0.020810
vt 2.875498 -0.204961
vt 2.968692 -0.584131
vt 2.742166 -0.333962
vt 2.926494 -0.286197
vt 2.798866 -0.508874
vt 2.653439 -0.249152
vt 2.498183 -0.495541
vt -1.190978 -2.159299
vt -0.909401 -2.243284
vt -0.922665 -2.530978
vt 2.562375 0.559771
vt 2.791856 0.702244
vt 2.622030 0.811039
vt -0.983489 -2.332080
vt 2.511654 0.678601
vt -0.402397 -2.264315
vt -0.367758 -2.144317
vt -0.525626 -2.228783
vt -0.542189 -2.307407
vt -0.610092 -2.479501
vt 2.383064 0.628705
vt 2.473166 0.860455
vt -0.894762 -2.638674
vt -1.078746 -2.777092
vt 2.260523 0.720732
vt 1.879497 0.586231
vt 1.818329 0.806503
vt 1.640531 0.757501
vt 2.418528 0.469807
vt 1.716338 0.505202
vt 1.338954 0.488157
vt 1.333044 0.291940
vt 1.421290 0.551387
vt 2.111934 0.096891
vt 1.586511 0.443072
vt 1.935854 -0.145374
vt 2.021832 0.140189
vt 1.904995 0.171529
vt 1.848226 -0.192521
vt 2.070148 -0.172384
vt 2.026918 -0.129498
vt -1.952892 -1.741710
vt -1.811519 -1.786589
vt -1.930693 -2.307338
vt -1.597914 -1.981913
vt -1.798873 -2.804789
vt -2.015572 -2.494140
vt -1.968150 -2.693587
vt -2.090279 -2.718741
vt 0.739169 1.390276
vt 0.786453 1.464020
vt 0.676695 1.485051
vt 0.888376 1.315637
vt 0.451406 1.284366
vt 0.570992 1.419072
vt 0.662950 1.181275
vt 0.920747 1.056809
vt 0.986863 1.073991
vt -2.573227 -2.575101
vt 1.395723 1.071036
vt 0.881641 0.987944
vt 1.360329 2.428200
vt 0.134572 1.098321
vt 0.400479 0.974336
vt 0.631816 0.961965
vt 1.222530 0.985951
vt 1.282254 3.129016
vt 1.237925 2.983519
vt 1.395930 3.028605
vt 0.130586 1.246635
vt 1.411875 3.568185
vt 1.060195 0.781349
vt 1.100126 0.589531
vt 1.309470 0.984164
vt 0.923496 0.752621
vt 0.274432 0.812208
vt 0.430169 0.761418
vt -2.822227 2.508749
vt -2.543125 2.577133
vt -2.755974 2.610328
vt -2.577351 2.437410
vt 0.364534 0.584170
vt 0.879991 0.346372
vt -2.571166 2.848263
vt 0.642950 0.293521
vt 0.760199 0.277645
vt 0.840611 0.146169
vt 0.923702 0.194209
vt 0.399173 0.093729
vt 0.602469 -0.042970
vt -2.398385 3.001319
vt 2.135782 2.608885
vt 2.088429 2.723866
vt 1.967056 2.803109
vt 2.326914 3.140837
vt 2.081831 3.273756
vt 1.957434 3.396091
vt 1.519777 3.843782
vt 2.238943 2.744691
vt 2.378666 3.517533
vt 2.007811 3.636569
vt -2.496321 2.292188
vt -2.281548 2.280298
vt -2.401683 2.446757
vt 2.122174 3.585573
vt 2.171796 3.714437
vt -2.341134 2.434179
vt -2.095433 2.147379
vt -2.065193 2.261123
vt -1.900040 2.352737
vt -1.987256 2.478234
vt -2.156669 2.599607
vt -1.600526 2.059476
vt -1.429669 1.840373
vt 3.460644 -1.005087
vt 3.218517 -1.050173
vt 3.419201 -1.088317
vt 2.984362 -0.722548
vt -0.202400 -0.056440
vt 3.183123 -1.282610
vt 3.432260 -1.221786
vt 3.046767 -1.129622
vt 3.030684 -1.046736
vt 2.872748 -1.078008
vt 2.877216 -1.202817
vt 3.096663 -1.290445
vt 2.813848 -1.255806
vt 3.156456 -1.853186
vt 2.411380 -1.216837
vt -2.420996 0.129468
vt -2.513091 0.164519
vt -2.385326 0.264655
vt -2.319210 0.505545
vt -2.656319 0.465546
vt -2.509517 0.386509
vt -2.754393 0.391732
vt -2.789857 1.129111
vt -1.564375 0.329465
vt -1.582382 0.457092
vt -0.821360 0.379155
vt -0.859848 0.179433
vt -1.819079 0.805816
vt -1.623618 0.744992
vt -1.721005 0.846778
vt -0.850639 0.790353
vt -0.978266 0.835094
vt -1.627192 0.968976
vt 2.784021 -2.498195
vt 2.577907 -2.786507
vt 2.879622 -2.527473
vt 2.944912 -2.017583
vt 2.840103 -1.914285
vt -1.747190 1.025951
vt -1.528430 1.189935
vt 2.286227 -2.842933
vt 2.428905 -2.161567
vt 2.640930 -2.429124
vt 2.744640 -2.034627
vt 2.508973 -1.952223
vt 2.473510 -2.777092
vt 2.133789 -2.800665
vt 2.124099 -2.620118
vt 1.951730 -2.736955
vt -1.454273 1.403403
vt 2.269320 -2.137787
vt 2.313856 -2.052428
vt 2.464369 -1.808170
vt 2.327257 -1.826314
vt 2.013241 -2.625204
vt 1.963551 -2.542181
vt 2.045887 -2.357234
vt 2.032073 -2.064180
vt 1.863277 -1.623636
vt 1.938122 -2.527885
vt 1.929325 -2.349881
vt 1.823003 -2.396959
vt 1.579570 -2.236618
vt 1.592491 -2.130296
vt 1.526512 -1.840403
vt -2.717624 0.108162
vt 2.702441 1.056397
vt 2.720585 0.942515
vt 2.778111 1.028562
vt 2.832336 0.886983
vt 2.875291 1.259762
vt 2.882027 1.149729
vt 2.962507 1.109042
vt -2.136051 0.321424
vt -1.917016 0.445271
vt -2.806283 0.193797
vt 2.850756 0.775370
vt 2.709795 0.826503
vt 2.852268 0.689117
vt -2.007737 0.194141
vt 3.170752 0.648636
vt 2.999895 0.647468
vt 3.246008 0.517710
vt 3.385869 0.909320
vt 3.397278 1.034817
vt -2.174813 0.801624
vt -1.919834 0.916811
vt 1.088923 2.909500
vt 0.820748 2.572185
vt 0.955867 3.034172
vt 0.815525 3.177056
vt 0.856280 3.097538
vt 0.762811 3.117332
vt -2.714325 1.627043
vt -2.706834 1.531236
vt 0.683362 3.007986
vt -2.638587 1.753157
vt 0.615940 3.203310
vt 0.737176 3.230801
vt 0.630648 3.327707
vt -1.904508 1.893018
vt 0.557659 3.044687
vt -2.527180 1.817349
vt 0.481852 3.073896
vt 0.434774 3.246128
vt 0.369002 3.325783
vt 1.202736 -2.665753
vt 1.265484 -2.705133
vt 0.821092 -2.843139
vt 0.923702 -2.760253
vt 1.484313 -2.348437
vt 0.084194 3.630727
vt 1.075315 -2.539294
vt 1.469330 -2.191945
vt 1.061226 -2.169608
vt 1.330844 -2.348575
vt 0.723361 -2.341084
vt 0.966313 -2.502800
vt -0.060477 3.709832
vt 1.230846 -2.089403
vt 2.959276 1.434536
vt 3.149996 1.947932
vt 3.312605 2.111572
vt 3.109171 1.753089
vt 3.441813 2.026693
vt 3.408824 2.269646
vt 3.613701 2.118651
vt -0.738819 1.879823
vt -0.518478 1.910956
vt -0.710984 2.173633
vt 3.544561 1.828689
vt 3.599268 1.763810
vt 3.628683 1.862022
vt 0.043645 1.907520
vt 0.253814 1.984632
vt 0.043645 2.016178
vt -0.109342 2.118582
vt -0.044120 1.895080
vt -0.497035 2.166348
vt -0.375731 2.023189
vt -0.344528 2.181193
vt 3.796103 1.415293
vt 3.765933 1.576665
vt -0.270852 2.128410
vt -0.044601 2.198856
vt 0.265567 2.452461
vt 0.114709 2.390263
vt 0.729134 2.601806
vt -0.571880 2.693420
vt 0.573466 2.644968
vt 0.300961 2.617751
vt 0.427145 2.956991
vt -0.313120 2.881940
vt -0.547825 2.835892
vt -0.379580 2.744141
vt 0.299381 2.767233
vt -0.093398 3.011629
vt -0.523220 2.968124
vt -0.336350 3.087916
vt 2.593920 -0.587567
vt 2.488767 -0.657463
vt 2.590621 -0.706329
vt 2.662167 -0.962820
vt 2.373098 -0.567018
vt 2.513853 -0.750727
vt 1.426170 -0.617945
vt 1.546924 -0.500008
vt 1.391256 -0.672240
vt 1.902109 -0.795537
vt 2.071866 -0.783441
vt 2.154133 -0.687360
vt 2.163823 -0.760830
vt 1.951249 -0.823234
vt 2.295162 -1.360203
vt 2.433579 -1.453535
vt 2.440314 -1.320066
vt 2.208909 -1.479858
vt 2.137913 -1.305702
vt 1.987949 -1.443639
vt 2.322927 -1.129072
vt 1.940802 -1.323915
vt 2.224097 -1.115464
vt 1.856130 -1.321510
vt 2.024925 -0.989899
vt 1.871319 -1.026256
vt 1.283423 -0.903714
vt 1.199437 -0.948181
vt 1.689534 -1.187353
vt 1.613453 -1.227353
vt 1.372975 -1.601437
vt 1.450500 -1.841984
vt 1.547268 -1.219792
vt 1.612009 -1.068179
vt 1.270433 -1.319104
vt 1.510911 -1.097732
vt 1.618263 -0.943370
vt 1.589260 -0.888113
vt 0.979715 -0.341248
vt -1.922308 3.225578
vt -2.068629 3.118775
vt -2.138937 3.165372
vt 0.908307 -0.123450
vt 0.351270 -0.606467
vt 0.397524 -0.756706
vt 0.364191 -0.458497
vt -1.680524 3.126129
vt 0.225086 -0.677257
vt -1.565818 3.466949
vt -1.634683 3.499389
vt 0.771333 -0.972717
vt 0.056153 -1.025568
vt 0.156771 -1.214707
vt 0.281649 -1.184810
vt 1.149404 -0.913680
vt 1.019027 -1.011960
vt 1.131741 -1.927000
vt 1.046724 -2.047342
vt 1.195932 -1.720336
vt 1.228921 -1.531060
vt 1.102463 -1.336905
vt -0.228241 3.744608
vt 0.684186 -2.141293
vt 0.422609 -2.001294
vt -0.483977 3.481451
vt -0.507482 3.760897
vt -0.650847 3.689283
vt 0.358761 -1.886450
vt 0.751677 -1.537108
vt 0.945283 -1.528448
vt 1.020608 -1.463295
vt 0.797724 -1.157663
vt 0.716282 -1.123299
vt -1.404446 2.181949
vt -1.650490 2.340435
vt -1.887463 2.682355
vt -1.778255 2.896716
vt -0.999502 1.918379
vt -1.725678 2.472735
vt -1.575234 2.477890
vt -1.110154 2.387582
vt -1.325752 2.608404
vt -1.442864 2.544899
vt -1.031323 2.524900
vt -1.580938 2.867919
vt -1.302729 2.923520
vt -0.885690 2.984413
vt -1.309739 3.326058
vt -0.981565 3.162830
vt -0.662462 2.988330
vt -0.787203 2.994997
vt -0.567687 3.176781
vt -0.680813 3.135201
vt -1.115377 3.278567
vt -1.077440 3.345302
vt -0.939366 3.252862
vt -1.222455 3.402002
vt -0.859779 3.227708
vt -0.942665 3.446743
vt -0.600333 3.504749
vt -0.797581 3.572309
vt -1.151734 3.701653
vt -0.907133 3.485437
vt -0.551811 3.351212
vt -0.623631 3.787357
vt 0.578827 -2.257236
vt 0.693121 -2.239710
vt 1.122256 -1.589685
vt -1.278330 3.488667
vt -1.445613 3.568872
vt 0.868102 -0.310801
vt 0.086050 -0.154927
vt 0.882397 -0.160700
vt 0.270721 0.043352
vt 1.921627 -0.892855
vt 2.020870 -0.886395
vt 2.134820 -0.858423
vt 1.659225 -0.112385
vt 0.013886 2.442770
vt 3.179892 2.863315
vt 1.410774 -2.703621
vt -1.639219 1.828071
vt 1.972348 -1.578688
vt 2.972610 -2.431048
vt -2.784427 0.544514
vt -0.150717 -0.177126
vt 2.960101 3.089085
vt 1.028512 0.710697
vt 1.037171 1.124437
vt 1.739636 0.091599
vt 1.880116 0.392076
vt 1.847401 0.438124
vt 1.948499 0.412694
vt 2.184235 0.520391
vt 1.489468 0.888977
vt 1.718675 1.013167
vt 3.339340 -0.167092
vt 3.231644 -0.057128
vt -0.091611 -1.011960
vt 2.113446 2.566617
vt -1.904576 -0.720899
vt -1.862721 -1.717862
vt -1.750833 -1.438828
vt -1.774131 -0.095272
vt -1.577845 -1.334705
vt -1.725678 -1.191271
vt -0.089961 -0.585574
vt 3.411366 -0.639663
vt 1.987262 1.863190
vt 2.099906 1.946901
vt 2.126297 1.978309
vt 2.124717 0.734821
vt 2.334268 0.851039
vt 1.593934 -0.176370
vt 0.260412 1.473436
vt 0.236014 1.357149
vt 1.400191 2.278786
vt 2.770688 3.097951
vt 1.844858 -2.548985
vt -2.176325 0.192422
vt -2.046293 1.975835
vt 2.209870 -0.909419
vt -1.322522 3.608941
vt -0.915724 3.166403
vt 0.920266 -1.093884
vt 0.043989 -1.157044
vt -1.767259 3.439390
vt 0.413125 2.222017
vt -0.211472 1.945664
vt 3.587653 1.943121
vt -0.425215 1.804909
vt -2.280173 1.630204
vt -2.420515 1.779824
vt -1.786434 0.953993
vt 3.556450 0.829596
vt 2.445881 -2.850492
vt 3.087247 -2.182117
vt 2.993503 -1.260204
vt 2.959002 -1.313881
vt 0.137183 0.402385
vt 2.000458 0.232353
vt 1.225760 0.743618
vt 2.104580 0.545476
vt 1.483282 1.037497
vt 2.023962 0.926090
vt 2.809587 0.540390
vt 2.613783 1.805871
vt 1.646991 1.774738
vt -0.822254 -0.505644
vt -0.407758 -0.560489
vt 1.603212 1.850545
vt -2.671989 -0.559595
vt -2.780097 0.089262
vt -0.049756 -1.141787
vt -0.615453 -2.253731
vt 2.043000 0.397643
vt 1.225279 3.734918
vt 0.300205 0.329259
vt -1.912480 1.983807
vt -1.682930 1.908826
vt 0.853188 -1.025568
vt -1.205823 3.566948
vt -2.421889 2.117482
vt -1.443964 1.266566
vn -0.2712 0.0367 -0.9618
vn -0.5906 -0.0268 -0.8065
vn -0.2211 0.0976 -0.9703
vn -0.1837 0.3649 -0.9127
vn 0.0918 0.0062 -0.9958
vn -0.9822 -0.1684 0.0836
vn -0.8831 -0.4649 0.0626
vn -0.9714 -0.2281 0.0667
vn -0.9773 0.0969 -0.1884
vn -0.8961 -0.4411 -0.0495
vn -0.9167 0.1293 -0.3782
vn -0.3565 -0.9228 -0.1465
vn -0.8724 -0.4104 -0.2654
vn -0.6366 -0.7635 -0.1086
vn -0.8803 -0.4688 -0.0729
vn -0.8252 -0.5625 0.0513
vn -0.9855 -0.0866 0.1457
vn -0.9926 -0.0876 -0.0841
vn -0.7207 -0.6931 -0.0144
vn -0.9907 -0.0306 0.1324
vn -0.9973 -0.0136 -0.0727
vn -0.9992 -0.0276 0.0286
vn -0.9947 0.1022 0.0068
vn -0.9980 0.0205 -0.0590
vn -0.9715 -0.1065 0.2119
vn -0.4148 -0.3982 0.8181
vn -0.5491 -0.2011 0.8112
vn -0.8728 -0.4793 0.0929
vn -0.2656 -0.0197 0.9639
vn -0.9644 0.0641 0.2565
vn -0.9970 0.0430 -0.0645
vn -0.9906 0.0929 0.1001
vn -0.5819 -0.8133 0.0068
vn -0.2104 -0.9771 0.0308
vn -0.1788 -0.9739 0.1400
vn -0.8845 -0.4659 0.0224
vn -0.8435 -0.5337 -0.0605
vn -0.4899 -0.5282 -0.6936
vn -0.2509 -0.9677 0.0225
vn -0.0905 -0.9784 -0.1857
vn -0.9044 -0.3291 0.2715
vn -0.4907 -0.7803 0.3877
vn -0.2970 -0.9079 0.2958
vn -0.4901 0.0058 0.8717
vn -0.4038 -0.1268 0.9060
vn -0.2740 -0.0916 0.9573
vn -0.4826 0.2116 0.8499
vn -0.5248 0.1603 0.8360
vn -0.3568 0.1479 0.9224
vn -0.0815 -0.9853 -0.1504
vn -0.0619 -0.9782 0.1982
vn -0.3568 -0.8855 0.2977
vn -0.9317 0.3315 -0.1484
vn -0.9510 0.1832 -0.2492
vn -0.9839 -0.0848 -0.1575
vn -0.9938 0.0632 -0.0920
vn -0.9713 -0.0560 -0.2312
vn -0.9977 0.0649 0.0201
vn -0.0227 0.6858 -0.7274
vn 0.0345 0.7905 -0.6115
vn -0.1169 0.8832 -0.4541
vn -0.1751 0.5534 -0.8143
vn -0.0454 0.8430 -0.5360
vn -0.0911 0.7881 -0.6088
vn -0.8808 0.4444 0.1633
vn -0.9991 0.0181 -0.0385
vn -0.7977 -0.0596 0.6001
vn -0.7104 0.6623 0.2381
vn -0.6940 0.1357 0.7071
vn -0.9207 0.2662 0.2855
vn 0.0075 -0.4204 -0.9073
vn -0.0862 0.0318 -0.9958
vn 0.0601 -0.0179 -0.9980
vn 0.1669 -0.0961 -0.9813
vn 0.7860 -0.1195 -0.6066
vn 0.5095 -0.0333 -0.8598
vn 0.2424 -0.9018 0.3578
vn 0.2403 -0.9641 -0.1127
vn 0.7763 -0.6202 -0.1124
vn 0.1265 -0.9647 -0.2312
vn 0.0835 -0.9276 -0.3641
vn 0.1858 -0.9328 -0.3089
vn 0.0509 -0.9249 -0.3767
vn 0.2466 -0.8386 -0.4857
vn 0.1568 -0.8549 -0.4945
vn 0.3420 -0.8897 -0.3023
vn 0.3176 -0.8903 -0.3263
vn 0.1903 -0.9609 -0.2010
vn -0.0142 -0.9233 -0.3837
vn 0.1547 -0.9308 -0.3311
vn 0.4547 -0.8564 -0.2446
vn 0.2904 -0.8742 -0.3892
vn 0.3490 -0.8780 -0.3276
vn 0.7099 -0.6405 -0.2929
vn 0.4332 -0.8690 -0.2392
vn 0.9686 -0.1864 -0.1645
vn 0.9493 -0.1063 -0.2960
vn 0.9760 -0.1771 -0.1271
vn 0.5284 -0.7836 0.3268
vn 0.6278 -0.7409 -0.2387
vn 0.8805 -0.4573 -0.1244
vn 0.8839 -0.1570 -0.4405
vn 0.9203 -0.0011 -0.3911
vn 0.8889 -0.0034 -0.4580
vn 0.4180 -0.9072 -0.0465
vn 0.9598 -0.2354 -0.1530
vn 0.9610 -0.2040 -0.1867
vn 0.9845 -0.1382 -0.1079
vn 0.9764 -0.2149 -0.0208
vn 0.9377 -0.2975 -0.1793
vn 0.9887 0.1217 0.0871
vn 0.9359 0.2038 0.2872
vn 0.9870 -0.1065 0.1202
vn 0.9872 -0.1548 0.0381
vn 0.8995 -0.2627 0.3492
vn 0.9300 -0.2447 0.2741
vn 0.0134 -0.7788 0.6271
vn -0.0125 -0.7789 0.6270
vn -0.2303 -0.9315 0.2816
vn 0.3550 0.2372 0.9043
vn 0.5294 0.2838 0.7995
vn 0.6090 -0.0811 0.7890
vn 0.2025 0.0651 0.9771
vn 0.4550 -0.2442 0.8564
vn 0.5434 0.2838 0.7901
vn 0.2744 -0.0858 -0.9578
vn 0.0834 0.0021 -0.9965
vn -0.1274 -0.0039 -0.9918
vn -0.1420 0.7889 -0.5980
vn -0.0260 0.6786 -0.7341
vn 0.2706 0.9100 -0.3142
vn 0.0304 0.9985 -0.0458
vn 0.1715 0.9807 -0.0940
vn 0.8338 -0.4612 -0.3033
vn 0.9464 -0.3084 -0.0963
vn 0.9286 -0.3521 -0.1175
vn 0.9666 -0.0754 -0.2448
vn 0.9510 -0.1081 -0.2896
vn 0.0861 0.9831 0.1614
vn 0.1529 0.9829 0.1030
vn 0.0674 0.9948 0.0768
vn 0.0404 0.8641 -0.5017
vn 0.1676 0.9214 -0.3505
vn 0.1658 0.9512 -0.2604
vn 0.1709 0.8686 0.4651
vn 0.0380 0.9991 0.0176
vn 0.1235 0.9281 -0.3511
vn 0.0257 0.9972 0.0704
vn 0.3365 0.9272 0.1646
vn 0.1864 0.9221 0.3392
vn 0.6742 0.7335 0.0859
vn 0.8906 0.2040 -0.4066
vn 0.8621 0.5048 -0.0449
vn 0.7587 0.5357 -0.3707
vn 0.1755 0.9323 0.3164
vn 0.1849 0.9486 -0.2570
vn 0.1185 0.9600 -0.2537
vn 0.8714 -0.0672 0.4859
vn 0.8202 -0.1917 0.5390
vn 0.9920 -0.1183 -0.0430
vn 0.4465 0.8056 0.3894
vn 0.5996 0.8002 -0.0108
vn 0.1200 0.9789 -0.1656
vn 0.9393 0.2201 -0.2631
vn 0.6879 0.5591 -0.4627
vn 0.9111 -0.1827 -0.3694
vn 0.9697 -0.1358 0.2030
vn 0.9529 -0.2422 -0.1826
vn 0.9162 -0.3861 0.1073
vn 0.1499 0.6372 0.7560
vn 0.0674 0.3929 0.9171
vn 0.0666 0.3780 0.9234
vn 0.2008 0.6947 0.6907
vn 0.2081 0.6342 0.7447
vn 0.3141 0.5992 0.7364
vn 0.0895 0.4292 0.8988
vn 0.2558 0.3514 0.9006
vn 0.2493 0.3053 0.9191
vn 0.6263 0.1137 0.7713
vn 0.1944 0.2486 0.9489
vn 0.1612 0.1546 0.9747
vn 0.1688 0.1149 0.9789
vn 0.2101 -0.0030 0.9777
vn 0.0741 0.5725 0.8166
vn 0.2777 0.6270 0.7279
vn 0.2104 0.5809 0.7863
vn 0.1606 0.2074 0.9650
vn 0.1249 0.1403 0.9822
vn 0.2168 0.0353 0.9756
vn 0.0184 0.3821 0.9239
vn 0.1457 0.4975 0.8552
vn 0.2764 0.6304 0.7254
vn 0.3951 0.9183 -0.0257
vn 0.8669 0.2235 0.4455
vn 0.9643 0.2261 0.1376
vn 0.9766 -0.0637 -0.2052
vn 0.9926 0.0540 -0.1084
vn 0.9787 0.0489 -0.1995
vn 0.9947 0.0092 -0.1023
vn 0.9714 -0.1962 -0.1339
vn 0.9848 -0.0029 -0.1738
vn 0.3146 0.9378 0.1469
vn 0.8338 0.5509 -0.0359
vn 0.8811 0.4063 -0.2422
vn 0.5406 0.7838 -0.3057
vn 0.9799 0.0941 0.1759
vn 0.9826 0.0192 0.1845
vn 0.8901 -0.2105 -0.4042
vn 0.9509 -0.2486 0.1845
vn 0.9302 -0.3250 -0.1703
vn 0.0547 0.9737 0.2213
vn 0.1633 0.9766 0.1396
vn 0.1757 0.9214 0.3466
vn 0.1078 0.9939 -0.0254
vn 0.0436 0.9943 -0.0975
vn 0.0879 0.9857 0.1439
vn 0.0609 0.9944 0.0858
vn -0.3517 0.9257 0.1394
vn -0.0353 0.9963 -0.0789
vn 0.1254 0.9365 -0.3276
vn -0.0364 0.9964 -0.0768
vn -0.3348 0.9400 0.0661
vn 0.3175 0.9477 0.0317
vn -0.1241 0.9677 0.2196
vn 0.6316 0.7688 0.1004
vn 0.1032 0.9594 0.2623
vn 0.1586 0.9809 0.1130
vn 0.2004 0.9334 0.2976
vn 0.0700 0.9793 -0.1901
vn 0.1027 0.9947 0.0012
vn -0.2432 0.9516 -0.1880
vn 0.1401 0.9781 -0.1539
vn 0.2386 0.9195 -0.3122
vn 0.1069 0.9903 -0.0888
vn 0.6498 0.7285 0.2170
vn 0.9308 0.3610 0.0563
vn 0.7443 0.6563 0.1233
vn 0.9996 0.0173 0.0233
vn 0.9845 -0.1753 -0.0115
vn 0.9808 -0.1942 -0.0165
vn 0.6990 0.5394 -0.4696
vn 0.9560 0.1030 -0.2745
vn 0.7748 0.4758 -0.4162
vn 0.9476 -0.1454 -0.2845
vn 0.9375 -0.2569 -0.2348
vn 0.9320 0.0316 -0.3612
vn 0.9571 -0.1146 -0.2661
vn 0.6785 0.5789 -0.4522
vn 0.5306 0.7656 -0.3638
vn 0.7275 0.5762 -0.3725
vn 0.7503 0.6339 0.1877
vn 0.3877 0.9183 0.0805
vn 0.1545 0.9807 0.1195
vn -0.0398 0.8914 -0.4514
vn 0.0748 0.8034 -0.5908
vn 0.1022 0.9438 0.3144
vn -0.0434 0.9990 0.0088
vn 0.1504 0.8884 0.4337
vn 0.4472 0.4660 -0.7635
vn 0.2085 -0.0095 -0.9780
vn 0.4772 0.6067 -0.6358
vn -0.1261 0.0891 -0.9880
vn 0.0145 -0.1469 -0.9891
vn 0.0357 -0.2112 -0.9768
vn -0.0122 0.1089 -0.9940
vn 0.0563 0.1135 -0.9919
vn -0.0880 0.1070 -0.9904
vn -0.0313 0.1204 -0.9922
vn -0.0482 -0.0509 -0.9975
vn 0.7547 -0.0029 0.6561
vn 0.5920 0.0977 0.8000
vn 0.8398 -0.1747 0.5140
vn 0.7181 0.0107 0.6959
vn 0.7798 0.1231 0.6138
vn 0.8142 0.0817 0.5749
vn 0.6883 -0.0163 0.7253
vn 0.5776 -0.0852 0.8119
vn 0.1519 -0.6396 0.7536
vn 0.5401 -0.6734 0.5047
vn 0.2598 -0.4806 0.8376
vn 0.6768 -0.5395 0.5009
vn 0.5186 -0.4693 0.7147
vn 0.4808 -0.6257 0.6143
vn 0.1974 -0.8592 0.4721
vn -0.0200 -0.9806 0.1951
vn 0.6352 -0.5976 0.4892
vn 0.4841 0.1895 0.8542
vn 0.5231 0.0849 0.8480
vn -0.0409 -0.3792 0.9244
vn 0.1521 -0.4464 0.8818
vn 0.2027 -0.6268 0.7524
vn -0.1051 -0.9767 0.1871
vn 0.0541 -0.9918 -0.1160
vn -0.0487 -0.9937 0.1010
vn -0.1233 -0.9800 0.1562
vn 0.1134 0.2347 0.9654
vn 0.1597 -0.0729 0.9845
vn 0.1330 0.1531 0.9792
vn 0.9933 -0.1130 -0.0233
vn 0.9390 -0.2191 -0.2649
vn 0.9441 -0.1971 -0.2643
vn 0.9775 -0.1766 -0.1150
vn 0.9741 -0.1825 -0.1338
vn 0.9005 -0.2753 -0.3365
vn 0.9606 -0.1552 -0.2308
vn 0.7588 -0.2802 -0.5879
vn 0.9229 -0.3575 -0.1426
vn 0.9985 -0.0429 0.0339
vn 0.9975 -0.0437 -0.0549
vn 0.9573 -0.2645 -0.1169
vn 0.9758 -0.2182 -0.0130
vn 0.7475 -0.5154 0.4190
vn 0.7161 -0.5210 0.4646
vn 0.9088 -0.0995 0.4053
vn 0.9919 0.0716 0.1052
vn 0.9498 -0.2438 -0.1960
vn 0.9535 -0.1625 -0.2540
vn 0.9509 -0.0093 0.3093
vn 0.9363 -0.2906 -0.1971
vn 0.9725 -0.1709 -0.1582
vn 0.9443 -0.1143 -0.3087
vn 0.9311 -0.2059 0.3010
vn 0.9821 -0.1856 0.0330
vn 0.9692 -0.2402 0.0542
vn 0.7745 -0.1008 -0.6245
vn 0.9474 -0.3154 -0.0542
vn 0.8902 -0.1268 -0.4376
vn 0.6474 -0.6690 0.3652
vn 0.7253 -0.5091 0.4634
vn 0.9373 -0.2477 -0.2451
vn 0.8848 -0.0660 -0.4613
vn 0.9409 -0.1576 0.2999
vn 0.9385 -0.3236 0.1202
vn 0.8192 -0.2308 0.5250
vn 0.9650 -0.2615 -0.0195
vn 0.9751 -0.1341 -0.1768
vn 0.6820 -0.7310 -0.0214
vn 0.5944 -0.7904 -0.1483
vn 0.9699 -0.2140 -0.1160
vn 0.8247 -0.2649 0.4997
vn 0.7503 -0.6331 -0.1902
vn 0.9778 -0.1976 -0.0694
vn 0.6585 -0.7118 -0.2446
vn 0.7504 -0.6043 -0.2679
vn -0.0244 -0.9993 -0.0287
vn 0.0911 -0.9924 0.0831
vn 0.7950 -0.5970 0.1079
vn 0.1002 -0.9233 -0.3708
vn 0.1620 -0.9093 -0.3834
vn 0.0488 -0.9376 -0.3442
vn 0.1775 -0.8000 -0.5732
vn 0.0889 -0.9884 -0.1229
vn -0.1261 -0.9321 0.3396
vn 0.5095 -0.8467 -0.1531
vn -0.0855 -0.9561 0.2804
vn 0.9405 -0.0754 -0.3314
vn 0.9456 -0.1281 -0.2992
vn 0.8770 -0.1051 -0.4689
vn 0.9197 0.0649 -0.3872
vn 0.9474 0.0256 -0.3190
vn 0.8879 0.1447 -0.4367
vn 0.9382 -0.1443 -0.3144
vn 0.8823 0.0191 -0.4702
vn 0.5256 -0.6673 0.5278
vn 0.1440 -0.7567 0.6377
vn 0.6360 -0.7340 0.2383
vn 0.6800 -0.6553 -0.3290
vn 0.6492 -0.7297 -0.2145
vn 0.9896 0.0598 -0.1309
vn 0.6103 -0.1210 -0.7829
vn 0.6706 -0.7049 -0.2312
vn 0.5662 -0.5169 -0.6421
vn 0.1500 -0.9129 -0.3797
vn 0.0558 -0.7745 -0.6301
vn 0.1504 -0.9378 -0.3128
vn 0.1674 -0.9088 -0.3822
vn 0.5673 -0.5710 -0.5934
vn -0.1002 -0.9284 -0.3577
vn 0.2399 -0.9267 -0.2894
vn 0.0502 -0.9451 -0.3229
vn -0.1484 -0.9889 0.0012
vn -0.0147 -0.9161 -0.4006
vn -0.0234 -0.6337 -0.7732
vn 0.0255 -0.8592 -0.5109
vn 0.0556 -0.8984 -0.4356
vn 0.1049 -0.9715 -0.2128
vn 0.1592 -0.9824 0.0980
vn 0.1214 -0.9093 0.3979
vn 0.1901 -0.9515 -0.2418
vn -0.0513 -0.9170 -0.3956
vn -0.1414 -0.9832 -0.1158
vn 0.1689 -0.9396 -0.2976
vn -0.0993 0.0688 -0.9927
vn -0.0381 -0.0926 -0.9950
vn -0.0602 0.0001 -0.9982
vn 0.0638 -0.0453 -0.9969
vn 0.1605 0.0518 -0.9857
vn 0.2920 0.0339 -0.9558
vn -0.0426 0.0865 -0.9953
vn 0.0286 0.2040 -0.9786
vn -0.0141 0.1537 -0.9880
vn 0.1840 0.5866 0.7887
vn 0.2046 0.4944 0.8448
vn -0.3676 0.8181 0.4422
vn -0.1814 0.9503 0.2531
vn -0.2439 0.8861 0.3942
vn -0.1356 0.7322 0.6675
vn -0.2297 0.8888 0.3966
vn -0.0836 0.2166 0.9727
vn -0.4900 0.2246 0.8423
vn -0.2428 0.1406 0.9598
vn -0.5799 0.5596 0.5921
vn -0.2570 0.7975 0.5458
vn -0.3461 0.7004 0.6243
vn -0.4106 0.3114 0.8570
vn -0.4073 0.2345 0.8827
vn -0.6481 0.0735 0.7580
vn -0.7294 0.2298 0.6443
vn -0.8655 0.1390 0.4812
vn -0.7267 0.4359 0.5309
vn -0.8774 0.1210 0.4643
vn -0.9323 0.1315 0.3370
vn -0.9485 0.1240 0.2916
vn -0.9390 0.1524 0.3083
vn -0.8626 0.1869 0.4701
vn -0.9146 0.0538 0.4008
vn 0.1738 0.9838 0.0449
vn -0.1107 0.9836 0.1425
vn 0.0970 0.9927 -0.0712
vn 0.0748 0.9758 -0.2056
vn 0.2641 0.9643 0.0219
vn 0.0724 0.9938 0.0846
vn 0.2057 0.9020 0.3797
vn -0.1499 0.9713 0.1846
vn 0.0026 0.9969 -0.0789
vn 0.0407 0.9989 0.0250
vn 0.1766 0.9836 -0.0375
vn -0.0167 0.9873 -0.1578
vn -0.0718 0.9454 -0.3179
vn -0.2361 0.9599 -0.1512
vn 0.0711 0.9962 0.0506
vn -0.1378 0.9816 -0.1324
vn -0.0103 0.9991 -0.0416
vn -0.3731 0.9206 0.1156
vn -0.3621 0.9015 -0.2371
vn -0.1365 0.9675 -0.2129
vn -0.1232 0.9912 0.0489
vn -0.6929 0.7209 0.0152
vn 0.2223 0.9054 -0.3618
vn -0.2430 0.9690 -0.0450
vn -0.6515 0.7138 0.2572
vn -0.5574 0.8028 0.2116
vn -0.9791 0.0650 0.1929
vn -0.9350 0.0514 0.3509
vn -0.9501 0.0897 0.2988
vn -0.4738 0.8722 -0.1218
vn -0.0362 -0.1568 0.9870
vn -0.6803 -0.1948 0.7066
vn -0.5040 -0.0664 0.8611
vn -0.9954 -0.0733 0.0619
vn -0.9741 0.1125 0.1960
vn -0.6519 -0.0480 0.7567
vn -0.8977 0.3647 -0.2474
vn -0.9884 0.1156 -0.0981
vn -0.8729 0.3567 -0.3329
vn -0.9984 -0.0177 -0.0545
vn -0.9658 0.2226 0.1331
vn -0.9804 0.1879 -0.0598
vn -0.4805 -0.2147 0.8503
vn -0.7497 -0.1820 0.6363
vn -0.9487 0.3043 0.0852
vn -0.9982 -0.0577 -0.0192
vn -0.7862 0.6085 0.1076
vn -0.9849 0.1708 -0.0290
vn -0.9890 -0.0219 -0.1464
vn -0.9840 -0.0928 0.1522
vn 0.0021 0.9723 0.2339
vn -0.0464 0.9675 0.2486
vn 0.0266 0.9986 -0.0454
vn 0.1105 0.9914 0.0700
vn -0.0739 0.5542 -0.8291
vn -0.0674 0.7502 -0.6578
vn -0.7565 0.1804 -0.6286
vn -0.8664 0.0458 -0.4973
vn -0.9500 0.2474 -0.1906
vn -0.9966 0.0669 -0.0487
vn -0.9988 0.0488 0.0050
vn -0.9730 -0.0288 -0.2290
vn -0.9964 0.0790 -0.0294
vn -0.9790 0.0832 -0.1863
vn 0.1092 0.0751 -0.9912
vn 0.1056 -0.0357 -0.9938
vn -0.0128 0.1875 -0.9822
vn -0.0571 0.5192 -0.8527
vn 0.0904 0.2405 -0.9664
vn -0.1715 0.1308 -0.9764
vn -0.0325 0.2002 0.9792
vn 0.0876 0.0673 0.9939
vn 0.2528 0.1359 0.9579
vn -0.0013 -0.3155 0.9489
vn -0.0101 -0.4494 0.8933
vn -0.0577 -0.2677 0.9618
vn -0.3269 -0.9274 0.1820
vn -0.2945 -0.9328 -0.2077
vn -0.3485 -0.8855 0.3073
vn -0.2210 0.2496 0.9428
vn -0.1700 -0.0685 0.9831
vn -0.2090 -0.2403 0.9479
vn -0.1989 -0.9645 0.1734
vn -0.0783 -0.9962 -0.0390
vn -0.4084 -0.8364 0.3656
vn -0.5258 0.1806 0.8312
vn -0.4769 0.2547 0.8413
vn -0.5545 0.1897 0.8103
vn -0.9360 0.2930 0.1953
vn -0.7045 0.2247 0.6732
vn -0.7487 0.4952 0.4407
vn -0.9589 -0.0881 0.2696
vn -0.7044 -0.4868 0.5166
vn -0.7702 -0.2507 0.5865
vn -0.9039 -0.2065 0.3747
vn -0.7448 -0.4913 0.4515
vn -0.2015 -0.9592 0.1984
vn -0.1111 -0.9816 0.1552
vn -0.1176 -0.6658 0.7368
vn -0.2211 -0.8154 0.5350
vn -0.2514 -0.9307 0.2655
vn -0.1018 -0.9873 0.1223
vn -0.1904 -0.9713 -0.1427
vn 0.1073 -0.9934 0.0399
vn -0.0105 -0.9998 -0.0192
vn 0.0121 -0.9961 -0.0878
vn -0.0948 -0.9899 -0.1054
vn -0.2101 -0.9526 0.2199
vn -0.2676 -0.9542 0.1340
vn -0.2785 -0.9414 0.1901
vn -0.2766 -0.9413 0.1935
vn -0.1691 -0.9658 0.1967
vn -0.3553 -0.8793 0.3171
vn -0.1423 -0.6695 0.7291
vn -0.2292 -0.9728 0.0327
vn -0.1936 -0.9205 0.3393
vn -0.6119 -0.7679 0.1894
vn -0.3637 -0.8792 0.3079
vn -0.1335 -0.9347 0.3295
vn -0.4453 -0.2707 0.8535
vn -0.1468 -0.2295 0.9622
vn -0.5539 -0.7491 0.3633
vn -0.6756 -0.7301 0.1028
vn -0.9894 0.0932 0.1114
vn -0.9944 -0.0971 -0.0426
vn -0.9913 0.0675 0.1131
vn -0.9405 -0.0532 0.3357
vn -0.7827 -0.6224 0.0024
vn -0.9988 -0.0231 0.0430
vn -0.9708 -0.2278 0.0753
vn -0.9741 -0.2227 -0.0387
vn -0.5421 -0.8403 -0.0030
vn -0.9528 -0.3037 -0.0031
vn 0.1003 -0.9221 -0.3737
vn 0.0218 -0.9883 -0.1510
vn 0.0977 -0.9034 -0.4175
vn -0.1009 -0.9753 -0.1963
vn 0.0109 -0.9046 -0.4261
vn -0.1679 -0.9774 -0.1281
vn -0.0999 -0.9856 -0.1364
vn 0.0710 -0.9073 -0.4144
vn 0.0119 -0.9462 -0.3234
vn 0.0333 -0.9611 -0.2741
vn 0.2947 -0.7818 -0.5495
vn -0.2003 -0.8289 -0.5224
vn -0.0907 -0.8684 -0.4875
vn -0.0469 -0.8659 -0.4979
vn -0.1073 -0.8045 -0.5842
vn 0.0198 -0.9348 -0.3545
vn -0.8477 -0.4529 -0.2762
vn -0.4542 -0.5851 -0.6718
vn -0.4490 -0.8051 -0.3875
vn -0.6794 -0.6430 -0.3536
vn -0.6566 -0.7109 -0.2518
vn -0.8458 -0.3367 -0.4138
vn -0.8493 -0.0099 -0.5279
vn -0.9231 -0.1311 -0.3615
vn -0.9968 0.0329 -0.0726
vn -0.9257 0.1898 -0.3272
vn -0.8629 0.1771 -0.4734
vn -0.4460 -0.8238 -0.3499
vn -0.4061 -0.9123 0.0528
vn -0.1877 0.3136 -0.9308
vn -0.0224 0.1902 -0.9815
vn -0.1360 0.1219 -0.9832
vn 0.1085 0.0929 -0.9897
vn 0.2090 0.3537 -0.9117
vn 0.1169 -0.1270 -0.9850
vn 0.1777 0.2239 -0.9583
vn 0.1035 0.1122 -0.9883
vn -0.0918 -0.1121 -0.9894
vn -0.1939 -0.1282 -0.9726
vn -0.5425 -0.2295 -0.8081
vn -0.7156 -0.0534 -0.6965
vn -0.4600 -0.0440 -0.8868
vn 0.0482 -0.1076 -0.9930
vn 0.0530 0.1372 -0.9891
vn 0.0361 0.1844 -0.9822
vn -0.2152 0.3285 -0.9197
vn 0.0706 0.2479 -0.9662
vn -0.0279 0.0080 -0.9996
vn -0.8550 -0.3464 -0.3860
vn -0.5588 -0.6045 -0.5677
vn -0.9789 -0.1795 0.0978
vn -0.9850 -0.0481 -0.1656
vn -0.9828 -0.0504 -0.1775
vn -0.6606 -0.3854 -0.6443
vn -0.9741 -0.1264 -0.1876
vn -0.9990 0.0225 -0.0398
vn -0.9929 0.1042 -0.0577
vn -0.9980 0.0604 0.0185
vn -0.9686 0.1597 -0.1908
vn -0.9356 -0.0285 -0.3519
vn -0.9932 0.1141 -0.0229
vn -0.9386 0.1499 -0.3108
vn -0.2643 -0.9524 -0.1519
vn -0.5960 -0.6242 -0.5051
vn -0.1938 -0.6618 -0.7242
vn -0.1433 -0.8891 -0.4347
vn -0.2579 -0.8030 -0.5374
vn -0.7743 -0.4719 -0.4217
vn -0.3255 -0.5637 -0.7592
vn -0.0806 -0.9314 -0.3550
vn -0.4151 -0.7080 -0.5714
vn -0.5706 -0.6620 -0.4860
vn -0.1079 -0.9908 -0.0817
vn -0.0162 -0.9368 -0.3495
vn -0.1849 -0.2556 -0.9489
vn -0.1011 -0.8474 -0.5213
vn -0.4003 -0.7948 -0.4562
vn -0.1302 -0.9899 -0.0555
vn -0.0312 -0.9709 -0.2376
vn 0.0856 -0.9857 -0.1450
vn 0.0092 -0.8802 -0.4746
vn 0.3601 -0.8682 -0.3414
vn -0.0792 -0.9636 -0.2555
vn -0.1045 -0.8855 -0.4526
vn -0.0625 -0.9316 -0.3581
vn -0.2215 -0.9445 -0.2426
vn -0.3005 -0.9000 -0.3158
vn -0.0685 -0.8976 -0.4355
vn 0.0527 -0.9012 -0.4301
vn -0.0225 -0.5679 -0.8228
vn 0.0370 -0.9026 -0.4289
vn -0.9994 -0.0097 0.0345
vn -0.9939 -0.0687 0.0867
vn -0.9990 0.0250 0.0375
vn -0.9857 0.0590 -0.1579
vn -0.8786 -0.2806 0.3865
vn -0.9881 0.0100 0.1538
vn -0.9961 -0.0399 0.0784
vn -0.9984 0.0569 -0.0053
vn -0.9987 -0.0103 0.0494
vn -0.9727 -0.2158 0.0852
vn -0.9706 -0.0881 0.2240
vn -0.9801 -0.0343 0.1954
vn -0.9927 -0.1067 0.0556
vn -0.2131 -0.9733 0.0847
vn -0.1874 -0.9818 -0.0317
vn -0.9903 -0.1326 0.0417
vn -0.6745 -0.7318 -0.0979
vn -0.9867 -0.0896 0.1360
vn -0.8500 -0.0047 -0.5268
vn -0.9942 0.1067 0.0139
vn -0.9776 -0.0321 0.2078
vn -0.9817 0.0718 0.1766
vn -0.5760 -0.7490 0.3275
vn -0.7881 -0.6049 -0.1139
vn -0.6612 -0.1263 0.7395
vn -0.2730 -0.5734 0.7724
vn -0.2642 -0.2515 0.9311
vn -0.1862 -0.9181 0.3499
vn -0.1276 -0.9665 0.2226
vn -0.1219 -0.9925 0.0054
vn -0.1891 -0.9773 0.0960
vn -0.1842 -0.9076 0.3772
vn -0.2513 -0.8681 0.4280
vn -0.2237 -0.9548 0.1958
vn -0.2535 -0.8259 0.5036
vn -0.0221 -0.9739 -0.2260
vn -0.0232 -0.9987 -0.0452
vn -0.0086 -0.9866 -0.1630
vn 0.0416 -0.9607 -0.2746
vn 0.1250 -0.9852 0.1173
vn -0.9889 0.1350 0.0618
vn -0.6980 0.0827 0.7113
vn -0.4687 -0.7607 0.4489
vn -0.8151 0.3786 0.4385
vn -0.5110 -0.4226 0.7485
vn -0.2508 -0.8145 0.5231
vn -0.2263 -0.3935 0.8911
vn -0.4084 0.2074 0.8889
vn -0.1171 -0.8246 0.5535
vn 0.0237 -0.4247 0.9050
vn -0.1419 -0.3164 0.9380
vn 0.1139 -0.3917 0.9130
vn -0.2219 -0.9747 -0.0263
vn 0.0117 -0.7816 0.6237
vn -0.2871 -0.8811 0.3757
vn -0.1996 -0.9726 0.1192
vn 0.0202 -0.4053 0.9140
vn 0.1389 0.0951 0.9857
vn -0.0596 -0.4509 0.8906
vn -0.3813 0.2177 -0.8984
vn -0.0686 -0.0504 -0.9964
vn 0.1154 -0.0083 -0.9933
vn 0.0773 0.6782 -0.7308
vn 0.1679 -0.2211 -0.9607
vn -0.0872 -0.0075 -0.9962
vn -0.0492 -0.1513 -0.9873
vn 0.1301 -0.0977 -0.9867
vn -0.0837 -0.1640 -0.9829
vn -0.0361 0.1737 -0.9841
vn -0.1443 0.1417 -0.9793
vn -0.9137 -0.0592 -0.4021
vn -0.9972 0.0560 0.0495
vn -0.9734 0.0652 -0.2194
vn -0.3942 0.5575 -0.7306
vn -0.9698 -0.0976 -0.2236
vn -0.8082 0.3319 -0.4864
vn -0.9536 0.2787 -0.1141
vn -0.9665 0.2039 -0.1562
vn -0.9830 0.0815 -0.1647
vn -0.9878 -0.0541 -0.1460
vn -0.9306 0.3326 -0.1529
vn -0.5175 0.7212 -0.4605
vn -0.9172 0.3722 -0.1422
vn -0.9247 0.3682 -0.0966
vn -0.6694 0.7068 -0.2289
vn -0.3039 0.9349 -0.1835
vn -0.6457 0.7530 -0.1271
vn -0.4008 0.9147 -0.0515
vn 0.0545 0.7399 -0.6705
vn -0.1044 0.9944 0.0181
vn -0.1072 0.9606 0.2563
vn 0.0381 0.9933 0.1095
vn -0.1108 0.9883 0.1044
vn -0.0529 0.6738 -0.7370
vn -0.0411 0.9990 0.0192
vn 0.0025 0.8841 -0.4673
vn 0.0631 0.7255 -0.6854
vn -0.0039 0.9791 -0.2033
vn 0.0175 0.9580 -0.2862
vn -0.0592 0.8671 -0.4946
vn -0.0804 0.8591 -0.5054
vn -0.9957 -0.0050 -0.0921
vn -0.9999 -0.0105 -0.0014
vn -0.9835 -0.0130 -0.1802
vn -0.9997 0.0017 0.0237
vn -0.9976 0.0466 -0.0520
vn -0.9702 0.0219 -0.2413
vn -0.9722 0.2010 -0.1204
vn -0.9678 0.2041 -0.1471
vn -0.9827 0.1720 -0.0681
vn -0.7497 0.6463 0.1424
vn -0.9650 0.2535 -0.0671
vn -0.8371 0.5399 0.0878
vn -0.6080 0.7613 0.2252
vn -0.7269 0.6500 -0.2214
vn -0.3330 0.9388 0.0886
vn -0.8325 0.4974 0.2441
vn -0.4408 0.7899 0.4263
vn -0.4855 0.8591 0.1620
vn -0.4228 0.9053 -0.0419
vn -0.8907 0.0716 0.4490
vn -0.9484 0.0302 0.3157
vn -0.6119 0.6908 0.3851
vn 0.0208 0.9347 -0.3550
vn -0.1830 0.9820 0.0463
vn -0.6114 0.7822 0.1203
vn -0.0916 0.9748 -0.2034
vn -0.1083 0.9854 -0.1313
vn 0.0481 0.9891 0.1394
vn -0.0360 0.9862 0.1614
vn -0.3205 0.8301 0.4563
vn -0.0626 0.9838 0.1678
vn 0.0711 0.9974 0.0098
vn 0.0193 0.9763 -0.2156
vn 0.0864 0.9962 0.0128
vn 0.0402 0.9990 -0.0205
vn 0.0334 0.9994 -0.0011
vn 0.0293 0.9992 -0.0281
vn 0.1968 0.9742 0.1106
vn -0.0339 0.9994 0.0116
vn -0.9735 0.0265 0.2270
vn -0.8846 0.0698 0.4611
vn -0.9058 0.1573 0.3935
vn -0.5069 0.0234 0.8617
vn -0.6308 0.0292 0.7754
vn -0.7078 0.3009 0.6391
vn -0.6667 0.2189 0.7125
vn -0.0911 0.3175 0.9439
vn -0.3613 0.7883 0.4980
vn -0.0055 0.5917 0.8061
vn -0.3267 0.5376 0.7773
vn 0.0815 0.7326 0.6758
vn -0.4455 0.8476 0.2882
vn 0.1248 0.7167 0.6862
vn 0.2175 0.5916 0.7763
vn 0.1634 0.6204 0.7670
vn 0.0231 0.7993 0.6006
vn 0.0519 0.3870 0.9206
vn -0.0243 0.2079 0.9779
vn -0.0597 -0.0102 -0.9982
vn -0.1193 0.1647 -0.9791
vn -0.2102 0.1742 -0.9620
vn -0.0070 0.1620 -0.9868
vn -0.0824 0.1724 -0.9816
vn -0.0062 -0.1313 -0.9913
vn 0.2797 -0.0842 -0.9564
vn -0.1575 0.0018 -0.9875
vn -0.0973 -0.0517 -0.9939
vn -0.2200 0.0585 -0.9737
vn -0.2438 -0.0306 -0.9693
vn 0.8355 -0.2047 -0.5098
vn -0.0136 -0.9610 -0.2763
vn -0.0810 -0.9965 0.0197
vn -0.0228 -0.9175 -0.3971
vn 0.1917 -0.9511 -0.2424
vn 0.0073 -0.9967 0.0805
vn 0.0856 -0.9767 -0.1967
vn -0.0733 -0.8310 0.5514
vn 0.1250 -0.9590 -0.2544
vn 0.1849 -0.9673 -0.1735
vn 0.1468 -0.9443 -0.2945
vn 0.0544 -0.8889 -0.4548
vn 0.0212 -0.9726 -0.2314
vn 0.0434 -0.9704 0.2377
vn 0.1301 -0.9663 -0.2221
vn 0.7233 -0.6710 -0.1632
vn 0.5975 -0.6852 -0.4164
vn 0.6407 -0.7301 -0.2377
vn 0.2914 -0.9217 -0.2560
vn 0.9237 -0.2517 -0.2887
vn 0.9704 0.0158 -0.2409
vn 0.7937 -0.5056 -0.3382
vn 0.9323 -0.3187 -0.1709
vn 0.6512 -0.6775 0.3421
vn 0.9570 0.0837 -0.2779
vn 0.8373 -0.4244 -0.3446
vn 0.9821 -0.0076 -0.1884
vn 0.9501 0.0967 -0.2965
vn -0.0797 -0.9287 0.3622
vn 0.7181 -0.3895 0.5767
vn 0.9074 -0.2648 0.3264
vn 0.9526 0.0191 -0.3035
vn 0.9713 0.0284 -0.2360
vn 0.9829 -0.1027 -0.1530
vn 0.9119 -0.3030 -0.2767
vn 0.4108 -0.3519 0.8411
vn 0.8311 0.2672 0.4877
vn 0.9405 -0.0334 -0.3382
vn 0.7944 -0.2395 -0.5582
vn 0.8648 0.0749 -0.4964
vn 0.8941 0.3641 0.2608
vn 0.9036 -0.2423 -0.3534
vn 0.8994 -0.4139 -0.1405
vn 0.8945 0.2182 0.3902
vn 0.9970 0.0717 -0.0292
vn 0.9902 0.0114 -0.1395
vn -0.2102 -0.7503 0.6267
vn 0.0349 -0.9753 0.2179
vn -0.0550 -0.9319 0.3585
vn -0.2060 -0.9446 0.2555
vn -0.2787 -0.8827 0.3783
vn -0.0030 -0.9864 0.1644
vn -0.1360 -0.9893 0.0534
vn 0.0377 -0.9242 0.3801
vn 0.0231 -0.9874 -0.1566
vn 0.0677 -0.9406 -0.3327
vn -0.1777 -0.6375 0.7497
vn -0.2014 -0.8470 0.4920
vn 0.0340 -0.9535 -0.2994
vn -0.0201 -0.9708 0.2389
vn -0.0573 -0.7788 0.6247
vn -0.0923 -0.9719 0.2167
vn 0.0175 -0.9965 0.0823
vn 0.1970 -0.9256 -0.3231
vn 0.1391 -0.9735 -0.1813
vn 0.7720 0.0388 0.6344
vn 0.8732 -0.1065 0.4757
vn 0.9809 -0.1426 0.1326
vn 0.8092 -0.1789 0.5596
vn 0.9881 -0.1536 0.0080
vn 0.8035 -0.2637 0.5337
vn 0.9052 -0.2943 0.3065
vn 0.9809 -0.1379 -0.1372
vn 0.9120 -0.1307 -0.3889
vn 0.8741 0.0799 0.4791
vn 0.8742 -0.2541 -0.4139
vn 0.9606 -0.1382 0.2411
vn 0.9947 0.0037 0.1029
vn 0.9348 -0.2741 -0.2259
vn 0.9159 -0.2347 0.3257
vn 0.9504 -0.1637 0.2645
vn 0.9385 -0.2910 -0.1861
vn 0.9313 -0.2620 0.2530
vn 0.9866 -0.1316 -0.0966
vn 0.9630 -0.2590 -0.0748
vn 0.8201 -0.3102 0.4808
vn 0.9591 -0.2627 -0.1056
vn 0.9745 -0.1928 -0.1145
vn -0.3295 -0.9170 0.2249
vn -0.1082 -0.4615 0.8805
vn -0.1136 -0.2928 0.9494
vn 0.0592 -0.5207 0.8517
vn -0.0801 -0.2805 0.9565
vn 0.0554 -0.3033 0.9513
vn -0.0137 -0.2901 0.9569
vn 0.1405 0.1890 0.9719
vn 0.5440 -0.4295 0.7208
vn 0.1612 -0.4384 0.8842
vn 0.2601 -0.7760 0.5747
vn 0.0052 -0.6226 0.7825
vn 0.2238 -0.4210 0.8790
vn 0.1908 -0.6444 0.7405
vn 0.1006 0.3822 0.9186
vn -0.0292 0.0751 0.9967
vn 0.2839 0.2248 0.9321
vn 0.4030 -0.7601 0.5098
vn 0.3235 -0.0235 0.9459
vn 0.2977 -0.3357 0.8937
vn 0.6775 -0.5131 0.5270
vn 0.6604 -0.3522 0.6632
vn 0.7276 -0.4642 0.5051
vn 0.4791 0.1369 0.8670
vn 0.7972 -0.4458 0.4072
vn 0.7922 -0.4037 0.4577
vn 0.9102 -0.0600 -0.4097
vn 0.7550 -0.0135 0.6556
vn 0.8780 0.0213 0.4782
vn 0.7968 -0.2080 0.5673
vn 0.9533 -0.2567 0.1589
vn 0.9807 -0.1387 0.1377
vn 0.8236 -0.0467 0.5652
vn 0.7523 -0.0311 0.6580
vn -0.1204 -0.3121 -0.9424
vn -0.0040 -0.1085 -0.9941
vn -0.0121 -0.3284 -0.9445
vn -0.0413 0.0387 -0.9984
vn -0.0282 0.4149 -0.9094
vn 0.0797 -0.3052 -0.9489
vn -0.0090 0.9944 -0.1057
vn 0.0698 0.9754 0.2092
vn 0.0253 0.9588 -0.2828
vn 0.2019 0.8661 -0.4573
vn 0.1117 0.7696 -0.6287
vn 0.1799 0.7724 -0.6092
vn 0.2131 0.7035 -0.6780
vn 0.2487 0.6588 -0.7101
vn 0.9480 -0.3157 -0.0410
vn 0.9897 -0.1167 -0.0825
vn 0.9807 -0.1944 0.0189
vn 0.9588 -0.2480 -0.1385
vn 0.9445 -0.3093 -0.1110
vn 0.9434 -0.2723 -0.1894
vn 0.7804 -0.0834 -0.6197
vn 0.9783 -0.1056 -0.1785
vn 0.9143 0.0484 -0.4020
vn 0.9184 -0.2197 -0.3290
vn 0.8183 0.2107 -0.5347
vn 0.8604 0.2543 -0.4417
vn 0.3220 0.9340 0.1547
vn 0.3836 0.9217 -0.0577
vn 0.9637 -0.1546 -0.2177
vn 0.9343 -0.1475 -0.3247
vn 0.9492 -0.0327 -0.3131
vn 0.9816 -0.0950 -0.1654
vn 0.9775 -0.1131 -0.1780
vn 0.8965 0.3436 -0.2796
vn 0.9901 0.0739 -0.1197
vn 0.9146 0.3926 -0.0972
vn 0.6897 0.7229 -0.0406
vn 0.4342 0.8800 -0.1926
vn 0.2820 0.8884 0.3622
vn 0.1267 0.9353 -0.3304
vn 0.2891 0.9108 -0.2949
vn 0.2446 0.9670 -0.0718
vn -0.0594 0.9756 0.2113
vn -0.0156 0.8792 0.4761
vn 0.0420 0.9279 0.3704
vn 0.3136 0.9205 0.2331
vn 0.3279 0.9040 0.2742
vn 0.3034 0.9408 -0.1511
vn 0.2308 0.9716 -0.0512
vn 0.1992 0.9733 0.1144
vn 0.2197 0.9694 0.1096
vn 0.3825 0.9117 0.1499
vn 0.2593 0.9562 0.1358
vn 0.2319 0.9637 -0.1320
vn 0.2787 0.9600 0.0265
vn 0.9999 -0.0061 -0.0101
vn 0.9919 -0.0428 -0.1195
vn 0.9741 -0.0442 0.2216
vn 0.9944 0.0534 -0.0914
vn 0.9891 0.1451 -0.0257
vn 0.9277 -0.3250 0.1836
vn 0.9940 -0.0866 0.0672
vn 0.9782 -0.1337 -0.1590
vn 0.9362 -0.3047 -0.1750
vn 0.9200 -0.1316 -0.3691
vn 0.9541 -0.0195 -0.2990
vn 0.9947 0.0916 -0.0464
vn 0.9959 -0.0900 0.0071
vn 0.9988 -0.0353 0.0326
vn 0.6887 0.7136 0.1281
vn 0.4194 0.8993 0.1239
vn 0.1376 0.2896 0.9472
vn 0.2429 0.6845 0.6874
vn 0.2118 0.5355 0.8175
vn 0.1813 0.6775 0.7128
vn 0.1959 0.0895 0.9765
vn 0.3885 0.2999 0.8713
vn 0.3187 0.7792 0.5397
vn 0.2051 0.1458 0.9678
vn 0.1763 0.4878 0.8550
vn 0.0979 0.6421 0.7604
vn 0.2035 0.2441 0.9482
vn 0.1327 0.6271 0.7676
vn 0.1980 0.5795 0.7906
vn 0.1765 0.1371 0.9747
vn 0.2498 0.8804 0.4031
vn 0.0811 0.5939 0.8004
vn 0.7677 -0.2094 0.6056
vn 0.4253 -0.0367 0.9043
vn 0.7265 -0.2348 0.6458
vn 0.6160 -0.3444 0.7084
vn 0.0257 0.7371 0.6753
vn 0.0418 0.7663 0.6412
vn 0.4513 0.3977 0.7989
vn 0.1960 0.9167 0.3482
vn 0.6507 -0.0625 0.7568
vn 0.7323 0.4376 0.5218
vn 0.9220 -0.2956 -0.2499
vn 0.9577 -0.1302 -0.2565
vn 0.9927 -0.0033 0.1203
vn 0.9508 -0.2906 0.1073
vn 0.9155 -0.1610 0.3688
vn 0.9736 -0.0219 0.2273
vn 0.2655 0.9532 0.1447
vn 0.3081 0.9513 -0.0060
vn 0.0292 0.9918 -0.1245
vn 0.0006 0.9863 -0.1650
vn 0.6056 0.6209 -0.4977
vn 0.4759 0.6074 -0.6361
vn 0.3090 0.5908 -0.7453
vn -0.0153 0.9986 0.0497
vn 0.8754 -0.0669 0.4787
vn 0.9166 -0.1069 -0.3852
vn -0.1802 0.8663 -0.4659
vn -0.9699 0.2069 -0.1283
vn 0.0501 0.9985 -0.0220
vn 0.0374 0.9956 -0.0859
vn -0.0428 0.9902 -0.1333
vn -0.1434 0.9756 -0.1662
vn -0.2195 0.8488 -0.4809
vn -0.4560 0.8878 -0.0622
vn -0.2345 0.2214 -0.9466
vn 0.2253 -0.1617 -0.9608
vn -0.8582 0.5091 0.0651
vn -0.2768 -0.9593 0.0564
vn -0.9962 -0.0589 -0.0646
vn -0.9954 0.0402 0.0873
vn 0.1552 -0.9183 -0.3641
vn -0.9942 0.0132 0.1065
vn -0.9711 0.1520 -0.1839
vn 0.1288 0.1024 -0.9864
vn -0.9799 0.1091 0.1668
vn -0.9708 0.1027 0.2168
vn -0.9595 0.0670 0.2737
vn -0.6355 0.7124 -0.2979
vn -0.0297 0.9978 0.0595
vn -0.5734 0.0850 0.8149
vn -0.5205 0.2825 0.8058
vn 0.2153 -0.8836 0.4159
vn -0.0799 -0.9672 0.2412
vn 0.4997 0.2695 -0.8232
vn 0.3004 0.9305 0.2098
vn 0.3806 0.1498 0.9125
vn 0.4551 0.8903 -0.0135
vn 0.8700 -0.1138 -0.4797
vn 0.9811 0.0156 -0.1928
vn 0.3562 -0.7984 -0.4855
vn -0.3227 -0.9270 -0.1912
vn -0.1502 -0.0826 -0.9852
vn -0.0509 0.0320 -0.9982
vn -0.0831 0.8615 -0.5008
vn -0.0951 0.9326 0.3482
vn -0.3566 0.8350 -0.4190
vn -0.2696 -0.9625 0.0292
vn -0.0977 -0.8637 -0.4945
vn 0.0838 -0.1027 -0.9912
vn -0.9907 0.0860 -0.1056
vn -0.1881 0.8344 -0.5181
vn -0.0948 0.9825 -0.1601
vn 0.1630 0.9782 0.1290
vn 0.2295 0.9719 -0.0532
s 1
f 1/1/1 2/2/2 3/3/3
f 1/1/1 4/4/4 5/5/5
f 6/6/6 7/7/7 8/8/8
f 9/9/9 10/10/10 11/11/11
f 12/12/12 13/13/13 14/14/14
f 15/15/15 16/16/16 17/17/17
f 18/18/18 16/16/16 19/19/19
f 20/20/20 21/21/21 22/22/22
f 23/23/23 24/24/24 25/25/25
f 26/26/26 27/27/27 28/28/28
f 29/29/29 27/27/27 26/26/26
f 30/30/30 31/31/31 32/32/32
f 33/33/33 34/34/34 35/35/35
f 36/36/36 37/37/37 38/38/38
f 34/34/34 39/39/39 40/40/40
f 41/41/41 42/42/42 43/43/43
f 44/44/44 45/45/45 46/46/46
f 47/47/47 48/48/48 49/49/49
f 50/50/50 51/51/51 52/52/52
f 53/53/53 54/54/54 55/55/55
f 56/56/56 57/57/57 58/58/58
f 59/59/59 60/60/60 61/61/61
f 62/62/62 63/63/63 64/64/64
f 65/65/65 66/66/66 67/67/67
f 68/68/68 69/69/69 70/70/70
f 71/71/71 72/72/72 73/73/73
f 74/74/74 75/75/75 76/76/76
f 77/77/77 78/78/78 79/79/79
f 80/80/80 81/81/81 82/82/82
f 81/81/81 83/83/83 82/82/82
f 82/82/82 84/84/84 85/85/85
f 82/82/82 86/86/86 87/87/87
f 88/88/88 89/89/89 90/90/90
f 91/91/91 92/92/92 93/93/93
f 91/94/91 94/95/94 95/96/95
f 96/97/96 97/98/97 98/99/98
f 99/100/99 100/101/100 101/102/101
f 102/103/102 103/104/103 104/105/104
f 79/79/79 78/78/78 105/106/105
f 106/107/106 107/108/107 108/109/108
f 109/110/109 108/111/108 110/112/110
f 111/113/111 112/114/112 113/115/113
f 114/116/114 115/117/115 116/118/116
f 117/119/117 118/120/118 119/121/119
f 120/122/120 121/123/121 122/124/122
f 123/125/123 122/124/122 124/126/124
f 121/123/121 125/127/125 122/124/122
f 126/128/126 127/129/127 128/130/128
f 129/131/129 130/132/130 62/62/62
f 131/133/131 132/134/132 133/135/133
f 134/136/134 135/137/135 136/138/136
f 137/139/137 136/138/136 138/140/138
f 139/141/139 140/142/140 141/143/141
f 142/144/142 143/145/143 144/146/144
f 145/147/145 146/148/146 147/149/147
f 142/144/142 148/150/148 143/145/143
f 149/151/149 146/148/146 150/152/150
f 151/153/151 152/154/152 153/155/153
f 154/156/154 152/154/152 151/153/151
f 155/157/155 156/158/156 157/159/157
f 158/160/158 159/161/159 160/162/160
f 161/163/161 162/164/162 163/165/163
f 162/164/162 164/166/164 165/167/165
f 164/166/164 166/168/166 165/167/165
f 167/169/167 168/170/168 169/171/169
f 170/172/170 171/173/171 172/174/172
f 173/175/173 174/176/174 175/177/175
f 145/147/145 174/176/174 150/152/150
f 176/178/176 177/179/177 178/180/178
f 179/181/179 123/125/123 180/182/180
f 181/183/181 182/184/182 183/185/183
f 184/186/184 185/187/185 186/188/186
f 187/189/187 188/190/188 189/191/189
f 190/192/190 191/193/191 192/194/192
f 193/195/193 165/196/165 154/156/154
f 153/155/153 194/197/194 195/198/195
f 196/199/196 197/200/197 198/201/198
f 196/199/196 199/202/199 197/200/197
f 199/202/199 200/203/200 201/204/201
f 151/153/151 153/155/153 202/205/202
f 203/206/203 204/207/204 205/208/205
f 201/204/201 206/209/206 207/210/207
f 208/211/208 209/212/209 210/213/210
f 211/214/211 212/215/212 213/216/213
f 214/217/214 215/218/215 216/219/216
f 215/218/215 217/220/217 218/221/218
f 219/222/219 220/223/220 147/149/147
f 221/224/221 222/225/222 223/226/223
f 223/226/223 224/227/224 225/228/225
f 226/229/226 227/230/227 228/231/228
f 220/232/220 229/233/229 230/234/230
f 231/235/231 230/234/230 232/236/232
f 157/159/157 233/237/233 234/238/234
f 235/239/235 236/240/236 237/241/237
f 236/240/236 238/242/238 237/241/237
f 238/242/238 239/243/239 240/244/240
f 241/245/241 242/246/242 243/247/243
f 240/244/240 244/248/244 245/249/245
f 244/248/244 246/250/246 247/251/247
f 248/252/248 131/133/131 249/253/249
f 131/133/131 250/254/250 251/255/251
f 252/256/252 133/135/133 253/257/253
f 254/258/254 255/259/255 129/131/129
f 256/260/256 228/231/228 257/261/257
f 257/261/257 258/262/258 256/260/256
f 259/263/259 260/264/260 261/265/261
f 262/266/262 127/129/127 74/74/74
f 263/267/263 264/268/264 265/269/265
f 266/270/266 267/271/267 268/272/268
f 266/270/266 268/272/268 269/273/269
f 270/274/270 271/275/271 272/276/272
f 273/277/273 271/275/271 274/278/274
f 275/279/275 276/280/276 273/277/273
f 277/281/277 275/279/275 125/127/125
f 278/282/278 279/283/279 280/284/280
f 281/285/281 282/286/282 283/287/283
f 284/288/284 285/289/285 286/290/286
f 287/291/287 288/292/288 121/123/121
f 281/293/281 284/288/284 282/294/282
f 120/122/120 287/291/287 121/123/121
f 289/295/289 290/296/290 291/297/291
f 292/298/292 293/299/293 294/300/294
f 292/298/292 117/119/117 295/301/295
f 296/302/296 297/303/297 298/304/298
f 299/305/299 300/306/300 301/307/301
f 302/308/302 303/309/303 304/310/304
f 305/311/305 306/312/306 300/306/300
f 307/313/307 308/314/308 309/315/309
f 310/316/310 109/110/109 311/317/311
f 312/318/312 313/319/313 314/320/314
f 113/321/113 112/322/112 315/323/315
f 316/324/316 315/323/315 317/325/317
f 111/113/111 318/326/318 112/114/112
f 319/327/319 306/312/306 320/328/320
f 317/325/317 321/329/321 106/107/106
f 322/330/322 323/331/323 324/332/324
f 325/333/325 326/334/326 327/335/327
f 328/336/328 313/319/313 312/318/312
f 312/318/312 110/112/110 328/336/328
f 328/336/328 110/112/110 329/337/329
f 321/329/321 330/338/330 107/108/107
f 331/339/331 325/333/325 327/335/327
f 332/340/332 333/341/333 334/342/334
f 330/338/330 335/343/335 79/79/79
f 336/344/336 337/345/337 338/346/338
f 329/347/329 339/348/339 340/349/340
f 107/108/107 341/350/341 342/351/342
f 330/338/330 343/352/343 344/353/344
f 285/289/285 345/354/345 337/355/337
f 338/356/338 346/357/346 347/358/347
f 344/353/344 348/359/348 349/360/349
f 350/361/350 351/362/351 352/363/352
f 353/364/353 354/365/354 355/366/355
f 356/367/356 357/368/357 358/369/358
f 359/370/359 360/371/360 361/372/361
f 101/102/101 100/101/100 360/371/360
f 362/373/362 102/103/102 363/374/363
f 364/375/364 365/376/365 101/102/101
f 366/377/366 367/378/367 368/379/368
f 97/98/97 369/380/369 370/381/370
f 371/382/371 92/92/92 91/91/91
f 372/383/372 373/384/373 374/385/374
f 375/386/375 376/387/376 377/388/377
f 376/387/376 92/92/92 371/382/371
f 376/387/376 378/389/378 379/390/379
f 378/389/378 87/87/87 379/390/379
f 89/89/89 380/391/380 381/392/381
f 84/84/84 378/389/378 376/387/376
f 71/71/71 382/393/382 383/394/383
f 384/395/384 385/396/385 382/393/382
f 83/83/83 86/86/86 82/82/82
f 105/106/105 386/397/386 348/359/348
f 387/398/387 78/78/78 77/77/77
f 388/399/388 389/400/389 387/398/387
f 390/401/390 391/402/391 392/403/392
f 370/381/370 73/404/73 393/405/393
f 394/406/394 395/407/395 268/272/268
f 396/408/396 397/409/397 398/410/398
f 399/411/399 400/412/400 401/413/401
f 190/192/190 402/414/402 403/415/403
f 404/416/404 405/417/405 406/418/406
f 407/419/407 404/416/404 408/420/408
f 409/421/409 410/422/410 411/423/411
f 412/424/412 413/425/413 414/426/414
f 415/427/415 416/428/416 417/429/417
f 418/430/418 415/427/415 417/429/417
f 419/431/419 412/424/412 420/432/420
f 421/433/421 422/434/422 423/435/423
f 424/436/424 425/437/425 426/438/426
f 256/260/256 427/439/427 428/440/428
f 429/441/429 430/442/430 431/443/431
f 432/444/432 433/445/433 434/446/434
f 435/447/435 436/448/436 437/449/437
f 438/450/438 439/451/439 440/452/440
f 441/453/441 442/454/442 443/455/443
f 444/456/444 439/451/439 445/457/445
f 443/455/443 446/458/446 447/459/447
f 445/457/445 448/460/448 68/461/68
f 446/458/446 449/462/449 450/463/450
f 451/464/451 448/460/448 452/465/452
f 453/466/453 454/467/454 455/468/455
f 450/463/450 449/462/449 456/469/456
f 457/470/457 458/471/458 459/472/459
f 458/473/458 453/466/453 460/474/460
f 453/466/453 461/475/461 454/467/454
f 458/476/458 457/477/457 462/478/462
f 463/479/463 464/480/464 465/481/465
f 466/482/466 467/483/467 468/484/468
f 468/484/468 464/485/464 466/482/466
f 469/486/469 470/487/470 462/478/462
f 462/478/462 470/487/470 29/29/29
f 471/488/471 472/489/472 473/490/473
f 468/491/468 467/492/467 474/493/474
f 475/494/475 476/495/476 66/496/66
f 257/261/257 477/497/477 478/498/478
f 479/499/479 480/500/480 477/497/477
f 481/501/481 482/502/482 63/63/63
f 483/503/483 484/504/484 54/54/54
f 53/53/53 55/55/55 485/505/485
f 486/506/486 485/505/485 487/507/487
f 488/508/488 489/509/489 490/510/490
f 491/511/491 492/512/492 493/513/493
f 494/514/494 495/515/495 496/516/496
f 497/517/497 498/518/498 499/519/499
f 500/520/500 501/521/501 502/522/502
f 503/523/503 504/524/504 505/525/505
f 506/526/506 507/527/507 497/517/497
f 45/45/45 508/528/508 46/46/46
f 509/529/509 510/530/510 511/531/511
f 512/532/512 47/47/47 513/533/513
f 47/47/47 512/532/512 514/534/514
f 515/535/515 516/536/516 517/537/517
f 518/538/518 519/539/519 520/540/520
f 521/541/521 519/539/519 518/538/518
f 522/542/522 41/41/41 43/43/43
f 523/543/523 524/544/524 525/545/525
f 524/544/524 526/546/526 525/545/525
f 527/547/527 528/548/528 523/543/523
f 40/40/40 529/549/529 530/550/530
f 531/551/531 532/552/532 533/553/533
f 534/554/534 535/555/535 536/556/536
f 537/557/537 534/554/534 538/558/538
f 535/555/535 38/38/38 539/559/539
f 540/560/540 541/561/541 542/562/542
f 543/563/543 544/564/544 545/565/545
f 37/566/37 546/567/546 547/568/547
f 548/569/548 541/561/541 540/560/540
f 549/570/549 35/35/35 541/561/541
f 30/30/30 550/571/550 31/31/31
f 551/572/551 552/573/552 553/574/553
f 554/575/554 38/38/38 535/555/535
f 555/576/555 21/21/21 556/577/556
f 18/18/18 19/19/19 557/578/557
f 557/578/557 558/579/558 559/580/559
f 560/581/560 561/582/561 562/583/562
f 563/584/563 564/585/564 565/586/565
f 566/587/566 563/584/563 565/586/565
f 567/588/567 564/585/564 568/589/568
f 569/590/569 563/584/563 566/587/566
f 560/581/560 569/590/569 566/587/566
f 570/591/570 571/592/571 572/593/572
f 573/594/573 574/595/574 575/596/575
f 576/597/576 577/598/577 578/599/578
f 579/600/579 580/601/580 581/602/581
f 582/603/582 583/604/583 584/605/584
f 585/606/585 11/11/11 586/607/586
f 15/15/15 587/608/587 588/609/588
f 589/610/589 590/611/590 591/612/591
f 592/613/592 593/614/593 491/511/491
f 594/615/594 595/616/595 596/617/596
f 597/618/597 598/619/598 5/5/5
f 2/2/2 598/619/598 599/620/599
f 600/621/600 601/622/601 2/2/2
f 598/619/598 602/623/602 603/624/603
f 3/3/3 4/4/4 1/1/1
f 602/623/602 597/618/597 604/625/604
f 594/615/594 597/618/597 5/5/5
f 605/626/605 593/627/593 606/628/606
f 491/511/491 593/614/593 605/629/605
f 596/617/596 398/630/398 400/412/400
f 400/412/400 399/411/399 607/631/607
f 401/413/401 400/412/400 398/630/398
f 590/611/590 592/613/592 591/612/591
f 608/632/608 13/13/13 609/633/609
f 608/632/608 609/633/609 587/608/587
f 608/632/608 587/608/587 15/15/15
f 580/601/580 10/10/10 581/602/581
f 7/7/7 14/14/14 13/13/13
f 610/634/610 13/13/13 608/632/608
f 17/17/17 611/635/611 15/15/15
f 610/634/610 608/632/608 612/636/612
f 583/604/583 613/637/613 576/597/576
f 614/638/614 583/604/583 576/597/576
f 615/639/615 583/604/583 614/638/614
f 616/640/616 583/604/583 615/639/615
f 617/641/617 618/642/618 9/9/9
f 617/641/617 489/509/489 618/642/618
f 584/605/584 583/604/583 616/640/616
f 600/621/600 2/2/2 619/643/619
f 584/605/584 616/640/616 620/644/620
f 490/510/490 585/606/585 621/645/621
f 609/633/609 12/12/12 574/595/574
f 14/14/14 580/601/580 622/646/622
f 578/599/578 579/600/579 576/597/576
f 613/637/613 583/604/583 623/647/623
f 609/633/609 574/595/574 624/648/624
f 579/600/579 625/649/625 626/650/626
f 627/651/627 599/620/599 628/652/628
f 588/609/588 587/608/587 573/594/573
f 578/599/578 629/653/629 625/649/625
f 630/654/630 571/592/571 631/655/631
f 571/592/571 577/598/577 631/655/631
f 578/599/578 571/592/571 629/653/629
f 598/619/598 603/624/603 599/620/599
f 12/12/12 622/646/622 632/656/632
f 626/650/626 633/657/633 622/646/622
f 630/654/630 623/647/623 572/593/572
f 599/620/599 634/658/634 628/652/628
f 632/656/632 575/596/575 574/595/574
f 635/659/635 572/593/572 636/660/636
f 637/661/637 575/596/575 531/551/531
f 632/656/632 569/590/569 575/596/575
f 568/589/568 625/649/625 629/653/629
f 568/589/568 638/662/638 633/657/633
f 572/593/572 635/659/635 639/663/639
f 635/659/635 640/664/640 639/663/639
f 638/662/638 568/589/568 563/584/563
f 641/665/641 639/663/639 642/666/642
f 570/591/570 641/665/641 643/667/643
f 643/667/643 641/665/641 642/666/642
f 643/667/643 567/588/567 570/591/570
f 564/585/564 567/588/567 644/668/644
f 645/669/645 646/670/646 643/667/643
f 644/668/644 567/588/567 643/667/643
f 644/668/644 643/667/643 646/670/646
f 646/670/646 645/669/645 647/671/647
f 560/581/560 562/583/562 648/672/648
f 80/80/80 565/586/565 81/81/81
f 81/81/81 644/668/644 646/670/646
f 565/586/565 644/668/644 81/81/81
f 649/673/649 383/394/383 650/674/650
f 559/580/559 558/579/558 33/33/33
f 557/578/557 20/20/20 651/675/651
f 652/676/652 557/578/557 651/675/651
f 653/677/653 654/678/654 655/679/655
f 652/676/652 651/675/651 656/680/656
f 657/681/657 651/675/651 22/22/22
f 658/682/658 654/678/654 653/677/653
f 659/683/659 555/576/555 658/682/658
f 25/25/25 652/676/652 656/680/656
f 660/684/660 658/682/658 653/677/653
f 656/680/656 651/675/651 657/681/657
f 661/685/661 660/684/660 662/686/662
f 661/685/661 27/27/27 663/687/663
f 660/684/660 661/685/661 663/687/663
f 664/688/664 19/19/19 665/689/665
f 548/569/548 549/570/549 541/561/541
f 666/690/666 543/563/543 667/691/667
f 666/690/666 552/573/552 668/692/668
f 611/635/611 17/17/17 23/23/23
f 551/572/551 669/693/669 552/573/552
f 31/31/31 550/571/550 670/694/670
f 470/487/470 27/27/27 29/29/29
f 553/574/553 671/695/671 672/696/672
f 672/696/672 550/571/550 30/30/30
f 543/563/543 673/697/673 537/557/537
f 667/691/667 543/563/543 545/565/545
f 673/697/673 534/554/534 537/557/537
f 544/564/544 537/557/537 545/565/545
f 37/37/37 674/698/674 38/38/38
f 36/699/36 675/700/675 37/566/37
f 542/562/542 541/561/541 35/35/35
f 540/560/540 676/701/676 677/702/677
f 545/565/545 537/557/537 538/558/538
f 678/703/678 545/565/545 679/704/679
f 558/579/558 680/705/680 39/39/39
f 674/706/674 677/702/677 676/701/676
f 39/39/39 680/705/680 529/549/529
f 681/707/681 34/34/34 40/40/40
f 534/554/534 536/556/536 528/548/528
f 679/704/679 527/547/527 682/708/682
f 683/709/683 684/710/684 685/711/685
f 683/709/683 685/711/685 526/712/526
f 681/707/681 40/40/40 686/713/686
f 529/549/529 533/553/533 687/714/687
f 529/549/529 687/714/687 530/550/530
f 533/553/533 532/552/532 688/715/688
f 687/714/687 533/553/533 688/715/688
f 689/716/689 40/40/40 530/550/530
f 686/713/686 40/40/40 689/716/689
f 528/548/528 524/544/524 523/543/523
f 682/708/682 527/547/527 690/717/690
f 42/42/42 41/41/41 667/691/667
f 515/535/515 691/718/691 518/538/518
f 515/535/515 520/540/520 692/719/692
f 522/542/522 693/720/693 519/539/519
f 515/535/515 692/719/692 516/536/516
f 425/437/425 32/32/32 691/718/691
f 425/437/425 694/721/694 426/438/426
f 678/703/678 42/42/42 667/691/667
f 45/45/45 520/540/520 695/722/695
f 693/720/693 43/43/43 509/529/509
f 692/719/692 45/45/45 514/534/514
f 45/45/45 44/44/44 514/534/514
f 512/532/512 692/719/692 514/534/514
f 516/536/516 692/719/692 512/532/512
f 695/722/695 511/531/511 696/723/696
f 43/43/43 679/704/679 51/51/51
f 509/529/509 43/43/43 510/530/510
f 510/530/510 43/43/43 51/51/51
f 697/724/697 695/722/695 696/723/696
f 47/47/47 44/44/44 698/725/698
f 415/427/415 513/533/513 47/47/47
f 699/726/699 697/724/697 696/723/696
f 700/727/700 697/724/697 699/726/699
f 698/725/698 48/48/48 47/47/47
f 508/528/508 45/45/45 701/728/701
f 49/49/49 46/46/46 508/528/508
f 510/530/510 51/51/51 50/50/50
f 700/727/700 699/726/699 702/729/702
f 507/527/507 508/528/508 500/520/500
f 510/530/510 50/50/50 703/730/703
f 500/520/500 701/728/701 700/727/700
f 50/50/50 52/52/52 504/524/504
f 702/729/702 699/726/699 704/731/704
f 501/521/501 700/727/700 702/729/702
f 507/527/507 500/520/500 498/518/498
f 705/732/705 505/525/505 682/708/682
f 504/524/504 52/52/52 505/525/505
f 706/733/706 703/730/703 503/523/503
f 702/729/702 707/734/707 501/521/501
f 498/518/498 500/520/500 502/522/502
f 708/735/708 497/517/497 499/519/499
f 704/731/704 706/733/706 118/120/118
f 709/736/709 502/522/502 501/521/501
f 710/737/710 601/622/601 600/621/600
f 496/738/496 601/622/601 710/737/710
f 496/738/496 711/739/711 601/622/601
f 712/740/712 711/741/711 496/516/496
f 494/514/494 713/742/713 495/515/495
f 712/740/712 714/743/714 492/512/492
f 715/744/715 491/511/491 493/513/493
f 712/740/712 716/745/716 714/743/714
f 717/746/717 716/745/716 718/747/718
f 715/744/715 591/612/591 491/511/491
f 719/748/719 720/749/720 716/745/716
f 485/505/485 619/643/619 584/605/584
f 485/505/485 584/605/584 487/507/487
f 721/750/721 490/510/490 466/482/466
f 54/54/54 484/504/484 55/55/55
f 486/506/486 487/507/487 722/751/722
f 488/508/488 721/750/721 723/752/723
f 56/56/56 721/750/721 466/482/466
f 56/56/56 466/482/466 57/57/57
f 724/753/724 483/754/483 54/755/54
f 723/752/723 722/751/722 725/756/725
f 726/757/726 724/753/724 54/755/54
f 727/758/727 728/759/728 729/760/729
f 727/758/727 729/760/729 730/761/730
f 486/506/486 722/751/722 731/762/731
f 732/763/732 726/757/726 728/764/728
f 733/765/733 731/762/731 722/751/722
f 733/765/733 722/751/722 723/752/723
f 734/766/734 733/765/733 56/56/56
f 732/763/732 724/753/724 726/757/726
f 61/61/61 724/753/724 732/763/732
f 735/767/735 61/61/61 732/763/732
f 736/768/736 737/769/737 738/770/738
f 724/753/724 61/61/61 739/771/739
f 738/770/738 740/772/740 736/768/736
f 741/773/741 742/774/742 743/775/743
f 59/59/59 744/776/744 60/60/60
f 433/445/433 742/774/742 434/446/434
f 742/774/742 477/497/477 745/777/745
f 482/502/482 481/501/481 713/742/713
f 478/498/478 742/774/742 433/445/433
f 746/778/746 747/779/747 748/780/748
f 62/62/62 481/501/481 63/63/63
f 746/778/746 748/780/748 749/781/749
f 750/782/750 63/63/63 751/783/751
f 746/778/746 750/782/750 751/783/751
f 433/445/433 257/261/257 478/498/478
f 752/784/752 470/487/470 476/495/476
f 753/785/753 752/784/752 754/786/754
f 754/786/754 752/784/752 475/494/475
f 466/482/466 755/787/755 754/786/754
f 466/482/466 754/786/754 756/788/756
f 754/786/754 757/789/757 756/788/756
f 758/790/758 756/788/756 757/789/757
f 759/791/759 758/790/758 757/789/757
f 760/792/760 758/793/758 759/794/759
f 756/795/756 760/792/760 472/489/472
f 756/795/756 474/493/474 467/492/467
f 65/65/65 761/796/761 762/797/762
f 762/797/762 763/798/763 760/792/760
f 763/798/763 762/797/762 761/796/761
f 764/799/764 471/488/471 473/490/473
f 471/488/471 764/799/764 765/800/765
f 67/801/67 469/486/469 457/477/457
f 463/479/463 58/802/58 464/480/464
f 766/803/766 450/463/450 764/799/764
f 30/30/30 32/32/32 453/466/453
f 453/466/453 462/804/462 672/696/672
f 453/466/453 458/473/458 462/804/462
f 65/65/65 767/805/767 451/464/451
f 768/806/768 769/807/769 763/798/763
f 449/462/449 770/808/770 456/469/456
f 771/809/771 69/69/69 459/810/459
f 69/69/69 771/809/771 772/811/772
f 68/461/68 767/805/767 69/812/69
f 773/813/773 70/70/70 420/432/420
f 768/806/768 451/464/451 452/465/452
f 767/805/767 448/460/448 451/464/451
f 68/461/68 448/460/448 767/805/767
f 774/814/774 775/815/775 776/816/776
f 777/817/777 774/814/774 449/462/449
f 446/458/446 766/803/766 447/459/447
f 778/818/778 452/465/452 445/457/445
f 437/449/437 447/459/447 779/819/779
f 768/806/768 778/818/778 779/819/779
f 442/454/442 777/817/777 443/455/443
f 444/820/444 780/821/780 440/822/440
f 781/823/781 780/821/780 444/820/444
f 439/451/439 782/824/782 778/818/778
f 438/450/438 782/824/782 439/451/439
f 441/453/441 783/825/783 442/454/442
f 435/447/435 782/824/782 438/450/438
f 784/826/784 440/822/440 780/821/780
f 785/827/785 786/828/786 441/453/441
f 787/829/787 428/440/428 788/830/788
f 141/143/141 789/831/789 431/443/431
f 427/439/427 256/260/256 258/262/258
f 787/829/787 790/832/790 428/440/428
f 789/831/789 790/832/790 785/827/785
f 233/237/233 430/833/430 234/238/234
f 461/475/461 32/32/32 424/436/424
f 423/435/423 424/436/424 426/438/426
f 426/438/426 791/834/791 792/835/792
f 423/435/423 426/438/426 793/836/793
f 454/467/454 461/475/461 422/434/422
f 422/434/422 461/475/461 423/435/423
f 417/429/417 419/431/419 418/430/418
f 419/431/419 454/467/454 421/433/421
f 420/432/420 70/70/70 454/467/454
f 793/836/793 792/835/792 418/430/418
f 417/429/417 794/837/794 795/838/795
f 412/424/412 419/431/419 796/839/796
f 781/840/781 773/813/773 420/432/420
f 513/533/513 415/427/415 797/841/797
f 417/429/417 416/428/416 794/837/794
f 795/838/795 794/837/794 798/842/798
f 799/843/799 413/425/413 412/424/412
f 408/420/408 414/844/414 413/845/413
f 408/420/408 800/846/800 414/844/414
f 795/838/795 798/842/798 801/847/801
f 802/848/802 801/847/801 798/842/798
f 799/843/799 802/848/802 413/425/413
f 408/420/408 404/416/404 803/849/803
f 408/420/408 413/845/413 407/419/407
f 803/849/803 406/418/406 800/846/800
f 802/850/802 403/415/403 804/851/804
f 407/419/407 413/845/413 804/851/804
f 804/851/804 403/415/403 805/852/805
f 806/853/806 804/851/804 805/852/805
f 806/853/806 807/854/807 407/419/407
f 808/855/808 809/856/809 190/192/190
f 805/852/805 403/415/403 402/414/402
f 806/853/806 805/852/805 402/414/402
f 397/409/397 401/857/401 398/410/398
f 397/409/397 810/858/810 401/857/401
f 810/858/810 811/859/811 401/857/401
f 268/272/268 395/407/395 812/860/812
f 394/406/394 396/408/396 395/407/395
f 73/73/73 72/72/72 813/861/813
f 814/862/814 813/863/813 815/864/815
f 267/271/267 815/864/815 816/865/816
f 73/404/73 813/863/813 814/862/814
f 817/866/817 818/867/818 815/864/815
f 393/405/393 73/404/73 814/862/814
f 393/405/393 814/862/814 819/868/819
f 262/266/262 820/869/820 818/867/818
f 370/381/370 372/870/372 73/404/73
f 821/871/821 75/75/75 127/129/127
f 822/872/822 689/716/689 390/401/390
f 823/873/823 822/872/822 824/874/824
f 391/402/391 825/875/825 392/403/392
f 826/876/826 823/873/823 827/877/827
f 828/878/828 826/876/826 388/399/388
f 827/877/827 389/400/389 826/876/826
f 389/400/389 386/397/386 105/106/105
f 347/879/347 77/77/77 79/79/79
f 345/354/345 338/356/338 337/355/337
f 384/395/384 650/674/650 385/396/385
f 561/582/561 80/80/80 829/880/829
f 88/88/88 561/582/561 829/880/829
f 830/881/830 829/880/829 85/85/85
f 831/882/831 832/883/832 373/384/373
f 379/390/379 86/86/86 831/882/831
f 379/390/379 831/882/831 376/387/376
f 86/86/86 379/390/379 87/87/87
f 71/71/71 374/385/374 382/393/382
f 351/362/351 90/90/90 833/884/833
f 90/90/90 89/89/89 834/885/834
f 380/391/380 830/881/830 85/85/85
f 85/85/85 84/84/84 380/391/380
f 833/884/833 90/90/90 835/886/835
f 90/90/90 834/885/834 835/886/835
f 93/93/93 373/384/373 372/383/372
f 836/887/836 371/382/371 91/91/91
f 836/887/836 837/888/837 371/382/371
f 381/392/381 367/378/367 838/889/838
f 835/886/835 834/885/834 838/889/838
f 838/889/838 834/885/834 381/392/381
f 375/386/375 377/388/377 367/378/367
f 839/890/839 368/891/368 837/892/837
f 94/95/94 372/870/372 840/893/840
f 369/380/369 841/894/841 370/381/370
f 342/351/342 842/895/842 843/896/843
f 365/376/365 364/375/364 844/897/844
f 845/898/845 846/899/846 847/900/847
f 369/380/369 847/900/847 841/894/841
f 848/901/848 847/900/847 369/380/369
f 97/98/97 76/76/76 75/75/75
f 75/75/75 98/99/98 97/98/97
f 98/99/98 75/75/75 821/871/821
f 849/902/849 99/100/99 365/376/365
f 365/376/365 99/100/99 101/102/101
f 94/95/94 847/900/847 846/899/846
f 850/903/850 364/375/364 851/904/851
f 340/905/340 850/903/850 851/904/851
f 340/349/340 342/351/342 850/906/850
f 852/907/852 360/371/360 845/898/845
f 853/908/853 845/898/845 363/374/363
f 854/909/854 855/910/855 848/901/848
f 363/374/363 848/901/848 855/910/855
f 855/910/855 854/909/854 362/373/362
f 851/904/851 364/375/364 101/102/101
f 340/905/340 851/904/851 856/911/856
f 329/337/329 340/905/340 857/912/857
f 104/105/104 361/372/361 852/907/852
f 858/913/858 361/372/361 104/105/104
f 102/103/102 104/105/104 852/907/852
f 859/914/859 358/369/358 103/104/103
f 102/103/102 853/908/853 363/374/363
f 102/103/102 859/914/859 103/104/103
f 860/915/860 356/367/356 859/914/859
f 857/912/857 856/911/856 851/904/851
f 861/916/861 857/912/857 858/913/858
f 861/916/861 858/913/858 862/917/862
f 357/368/357 313/319/313 863/918/863
f 358/369/358 859/914/859 356/367/356
f 864/919/864 357/368/357 865/920/865
f 308/314/308 865/920/865 866/921/866
f 867/922/867 684/710/684 823/873/823
f 868/923/868 869/924/869 870/925/870
f 88/88/88 648/672/648 562/583/562
f 869/924/869 871/926/871 870/925/870
f 872/927/872 873/928/873 874/929/874
f 875/930/875 876/931/876 350/361/350
f 877/932/877 867/922/867 828/878/828
f 878/933/878 877/934/877 828/935/828
f 876/931/876 879/936/879 88/88/88
f 88/88/88 90/90/90 876/931/876
f 876/931/876 90/90/90 350/361/350
f 880/937/880 881/938/881 387/939/387
f 354/365/354 353/364/353 294/300/294
f 349/360/349 350/361/350 352/363/352
f 294/300/294 882/940/882 883/941/883
f 352/363/352 351/362/351 833/884/833
f 348/359/348 386/397/386 884/942/884
f 882/940/882 346/357/346 345/354/345
f 884/942/884 349/360/349 348/359/348
f 345/354/345 346/357/346 338/356/338
f 341/350/341 349/360/349 885/943/885
f 339/348/339 342/351/342 340/349/340
f 336/344/336 338/346/338 347/944/347
f 326/334/326 286/945/286 337/345/337
f 336/344/336 347/944/347 332/946/332
f 327/335/327 326/334/326 337/345/337
f 343/352/343 330/338/330 79/79/79
f 336/344/336 327/335/327 337/345/337
f 335/343/335 333/341/333 79/79/79
f 886/947/886 887/948/887 332/946/332
f 888/949/888 887/948/887 886/947/886
f 887/948/887 331/339/331 336/344/336
f 889/950/889 886/951/886 334/342/334
f 324/332/324 890/952/890 888/949/888
f 889/950/889 334/342/334 891/953/891
f 892/954/892 888/949/888 889/955/889
f 889/955/889 891/956/891 892/954/892
f 324/332/324 888/949/888 892/954/892
f 112/114/112 318/326/318 891/956/891
f 108/109/108 893/957/893 106/107/106
f 894/958/894 325/333/325 331/339/331
f 895/959/895 334/342/334 335/343/335
f 322/330/322 324/332/324 892/954/892
f 894/958/894 324/332/324 323/331/323
f 320/328/320 896/960/896 323/331/323
f 112/322/112 891/953/891 895/959/895
f 897/961/897 322/330/322 318/326/318
f 319/327/319 897/961/897 111/113/111
f 898/962/898 111/113/111 113/115/113
f 316/963/316 899/964/899 310/316/310
f 114/116/114 113/965/113 900/966/900
f 113/115/113 319/327/319 898/962/898
f 319/327/319 113/115/113 304/310/304
f 901/967/901 311/317/311 312/318/312
f 304/310/304 113/115/113 114/968/114
f 314/320/314 313/319/313 357/368/357
f 902/969/902 316/963/316 310/316/310
f 903/970/903 864/919/864 865/920/865
f 904/971/904 902/969/902 905/972/905
f 904/971/904 200/203/200 902/969/902
f 906/973/906 907/974/907 200/203/200
f 116/975/116 303/309/303 302/308/302
f 309/315/309 908/976/908 307/313/307
f 905/972/905 307/313/307 908/976/908
f 301/307/301 303/309/303 168/170/168
f 115/117/115 907/974/907 906/973/906
f 168/170/168 167/169/167 301/307/301
f 909/977/909 705/732/705 872/927/872
f 119/121/119 503/523/503 909/977/909
f 707/734/707 910/978/910 709/736/709
f 909/977/909 872/927/872 295/301/295
f 709/736/709 910/978/910 911/979/911
f 910/978/910 912/980/912 913/981/913
f 297/303/297 709/736/709 914/982/914
f 298/304/298 297/303/297 914/982/914
f 914/982/914 911/979/911 915/983/915
f 296/984/296 298/985/298 181/183/181
f 181/183/181 298/985/298 916/986/916
f 292/298/292 295/301/295 293/299/293
f 913/981/913 290/296/290 917/987/917
f 182/184/182 181/183/181 916/986/916
f 290/296/290 289/295/289 918/988/918
f 292/298/292 294/300/294 284/288/284
f 919/989/919 918/988/918 289/295/289
f 919/990/919 289/991/289 920/992/920
f 921/993/921 922/994/922 920/992/920
f 923/995/923 924/996/924 925/997/925
f 120/122/120 923/995/923 287/291/287
f 123/125/123 182/184/182 916/986/916
f 291/297/291 284/288/284 926/998/926
f 926/998/926 278/999/278 291/297/291
f 278/999/278 289/295/289 291/297/291
f 920/992/920 289/991/289 280/284/280
f 927/1000/927 921/993/921 928/1001/928
f 923/995/923 925/997/925 287/291/287
f 287/291/287 925/997/925 288/292/288
f 883/941/883 882/940/882 285/289/285
f 279/283/279 281/285/281 929/1002/929
f 277/281/277 928/1001/928 930/1003/930
f 280/284/280 930/1003/930 928/1001/928
f 282/294/282 284/288/284 286/290/286
f 283/287/283 282/286/282 931/1004/931
f 280/284/280 279/283/279 929/1002/929
f 930/1003/930 280/284/280 929/1002/929
f 122/124/122 125/127/125 273/277/273
f 932/1005/932 180/182/180 124/126/124
f 931/1004/931 286/945/286 326/334/326
f 931/1004/931 933/1006/933 283/287/283
f 934/1007/934 929/1002/929 283/287/283
f 933/1006/933 326/334/326 935/1008/935
f 930/1003/930 929/1002/929 934/1007/934
f 273/277/273 276/280/276 272/276/272
f 936/1009/936 274/278/274 271/275/271
f 937/1010/937 938/1011/938 936/1009/936
f 939/1012/939 934/1007/934 933/1006/933
f 305/311/305 939/1012/939 935/1008/935
f 940/1013/940 939/1012/939 305/311/305
f 941/1014/941 937/1010/937 936/1009/936
f 942/1015/942 940/1013/940 299/305/299
f 942/1015/942 299/305/299 167/169/167
f 715/744/715 589/610/589 591/612/591
f 718/747/718 715/744/715 493/513/493
f 716/745/716 943/1016/943 718/747/718
f 720/749/720 719/748/719 481/501/481
f 943/1016/943 944/1017/944 945/1018/945
f 264/268/264 946/1019/946 269/273/269
f 264/268/264 269/273/269 945/1018/945
f 947/1020/947 265/269/265 944/1017/944
f 262/266/262 266/270/266 946/1019/946
f 265/269/265 264/268/264 948/1021/948
f 260/264/260 128/130/128 263/267/263
f 260/264/260 126/128/126 128/130/128
f 64/64/64 129/131/129 62/62/62
f 257/261/257 479/499/479 477/497/477
f 746/778/746 254/258/254 750/782/750
f 132/134/132 746/778/746 749/781/749
f 949/1022/949 950/1023/950 479/499/479
f 951/1024/951 949/1022/949 479/499/479
f 254/258/254 952/1025/952 255/259/255
f 255/259/255 953/1026/953 954/1027/954
f 954/1027/954 259/263/259 261/265/261
f 955/1028/955 259/263/259 954/1027/954
f 255/259/255 956/1029/956 953/1026/953
f 251/255/251 952/1025/952 131/133/131
f 957/1030/957 958/1031/958 959/1032/959
f 957/1030/957 960/1033/960 958/1031/958
f 821/871/821 957/1030/957 959/1032/959
f 961/1034/961 962/1035/962 960/1033/960
f 961/1034/961 821/871/821 963/1036/963
f 135/137/135 962/1035/962 961/1034/961
f 964/1037/964 962/1035/962 135/137/135
f 961/1034/961 965/1038/965 135/137/135
f 966/1039/966 962/1035/962 964/1037/964
f 247/251/247 962/1035/962 966/1039/966
f 135/137/135 138/140/138 136/138/136
f 136/138/136 966/1039/966 134/136/134
f 967/1040/967 968/1041/968 138/140/138
f 248/252/248 250/254/250 131/133/131
f 969/1042/969 235/239/235 253/257/253
f 235/239/235 237/241/237 253/257/253
f 970/1043/970 235/239/235 969/1042/969
f 971/1044/971 245/249/245 966/1039/966
f 972/1045/972 245/249/245 971/1044/971
f 242/246/242 971/1044/971 137/139/137
f 248/252/248 242/246/242 968/1041/968
f 243/247/243 242/246/242 248/252/248
f 970/1043/970 204/207/204 235/239/235
f 249/253/249 243/247/243 248/252/248
f 973/1046/973 208/211/208 974/1047/974
f 974/1047/974 866/921/866 973/1046/973
f 240/244/240 239/243/239 244/248/244
f 975/1048/975 238/242/238 240/244/240
f 976/1049/976 975/1048/975 972/1045/972
f 238/242/238 977/1050/977 239/243/239
f 978/1051/978 975/1048/975 976/1049/976
f 976/1049/976 241/245/241 979/1052/979
f 237/241/237 252/256/252 253/257/253
f 980/1053/980 976/1049/976 979/1052/979
f 141/143/141 140/142/140 790/832/790
f 981/1054/981 228/231/228 256/260/256
f 155/157/155 982/1055/982 156/158/156
f 983/1056/983 220/223/220 984/1057/984
f 981/1054/981 256/260/256 985/1058/985
f 156/158/156 982/1055/982 220/223/220
f 218/221/218 224/227/224 222/225/222
f 986/1059/986 987/1060/987 988/1061/988
f 989/1062/989 147/149/147 982/1055/982
f 990/1063/990 229/233/229 144/146/144
f 212/215/212 216/219/216 222/225/222
f 212/215/212 222/225/222 987/1060/987
f 148/150/148 213/216/213 987/1060/987
f 991/1064/991 142/1065/142 146/148/146
f 992/1066/992 214/217/214 216/219/216
f 212/215/212 211/214/211 216/219/216
f 993/1067/993 994/1068/994 995/1069/995
f 996/1070/996 997/1071/997 205/208/205
f 309/315/309 308/314/308 974/1047/974
f 151/153/151 202/205/202 995/1069/995
f 998/1072/998 999/1073/999 908/976/908
f 1000/1074/1000 206/209/206 209/212/209
f 977/1050/977 1001/1075/1001 973/1046/973
f 203/206/203 1002/1076/1002 204/207/204
f 151/153/151 994/1068/994 193/195/193
f 1003/1077/1003 168/170/168 303/309/303
f 199/202/199 1004/1078/1004 200/203/200
f 1004/1078/1004 196/199/196 1005/1079/1005
f 1006/1080/1006 1005/1081/1005 1007/1082/1007
f 196/199/196 1004/1078/1004 199/202/199
f 196/199/196 1008/1083/1008 1005/1079/1005
f 1009/1084/1009 201/204/201 1010/1085/1010
f 197/200/197 199/202/199 1009/1084/1009
f 165/196/165 1008/1083/1008 196/199/196
f 195/198/195 1011/1086/1011 203/206/203
f 153/155/153 198/201/198 194/197/194
f 152/154/152 154/156/154 198/201/198
f 1012/1087/1012 195/198/195 203/206/203
f 195/198/195 1012/1087/1012 1013/1088/1013
f 153/155/153 195/198/195 1013/1088/1013
f 151/153/151 995/1069/995 994/1068/994
f 190/192/190 1014/1089/1014 191/193/191
f 402/414/402 1015/1090/1015 192/194/192
f 1016/1091/1016 1017/1092/1017 807/854/807
f 189/191/189 188/190/188 1018/1093/1018
f 188/190/188 187/189/187 1014/1089/1014
f 191/193/191 186/188/186 192/194/192
f 185/187/185 1019/1094/1019 402/414/402
f 186/188/186 185/187/185 1020/1095/1020
f 1016/1091/1016 185/187/185 184/186/184
f 1016/1091/1016 184/186/184 1017/1092/1017
f 1021/1096/1021 189/191/189 183/185/183
f 1022/1097/1022 186/188/186 1021/1096/1021
f 1023/1098/1023 186/188/186 1022/1097/1022
f 1021/1096/1021 183/185/183 1024/1099/1024
f 1025/1100/1025 989/1062/989 1017/1092/1017
f 1021/1096/1021 176/178/176 1022/1097/1022
f 1021/1096/1021 177/179/177 176/178/176
f 174/176/174 145/147/145 989/1062/989
f 1026/1101/1026 176/178/176 171/173/171
f 178/180/178 177/179/177 179/181/179
f 178/180/178 179/181/179 1027/1102/1027
f 174/176/174 173/175/173 1028/1103/1028
f 1029/1104/1029 170/172/170 172/174/172
f 179/181/179 937/1010/937 1030/1105/1030
f 1027/1102/1027 1031/1106/1031 172/174/172
f 1032/1107/1032 1030/1105/1030 941/1014/941
f 1031/1106/1031 1030/1105/1030 1033/1108/1033
f 1034/1109/1034 1029/1104/1029 1035/1110/1035
f 1035/1110/1035 1029/1104/1029 1036/1111/1036
f 1037/1112/1037 1034/1109/1034 1035/1110/1035
f 1035/1110/1035 161/163/161 1037/1112/1037
f 1038/1113/1038 1033/1108/1033 159/161/159
f 161/163/161 1035/1110/1035 1039/1114/1039
f 1040/1115/1040 1006/1080/1006 1007/1082/1007
f 166/168/166 1040/1115/1040 1007/1082/1007
f 1041/1116/1041 160/162/160 166/168/166
f 165/167/165 193/1117/193 162/164/162
f 164/166/164 1041/1116/1041 166/168/166
f 1042/1118/1042 1041/1116/1041 164/166/164
f 162/164/162 1042/1118/1042 164/166/164
f 1039/1114/1039 1036/1111/1036 158/160/158
f 1032/1107/1032 1043/1119/1043 159/161/159
f 158/160/158 1038/1113/1038 159/161/159
f 158/160/158 160/162/160 1041/1116/1041
f 1040/1115/1040 1043/1119/1043 1006/1080/1006
f 1006/1080/1006 167/169/167 169/171/169
f 1006/1080/1006 169/171/169 168/170/168
f 1036/1111/1036 1039/1114/1039 1035/1110/1035
f 937/1010/937 941/1014/941 1030/1105/1030
f 170/172/170 1034/1109/1034 173/175/173
f 1031/1106/1031 179/181/179 1030/1105/1030
f 171/173/171 170/172/170 1026/1101/1026
f 180/182/180 932/1005/932 179/181/179
f 1025/1100/1025 174/176/174 989/1062/989
f 183/185/183 182/184/182 1024/1099/1024
f 1017/1092/1017 989/1062/989 155/157/155
f 187/189/187 189/191/189 1021/1096/1021
f 1016/1091/1016 1019/1094/1019 185/187/185
f 201/204/201 207/210/207 1010/1085/1010
f 1008/1120/1008 1007/1082/1007 1005/1081/1005
f 1004/1078/1004 1003/1121/1003 1044/1122/1044
f 205/208/205 997/1071/997 203/206/203
f 154/156/154 151/153/151 193/195/193
f 1045/1123/1045 1000/1074/1000 1001/1075/1001
f 1001/1075/1001 208/211/208 973/1046/973
f 201/204/201 999/1073/999 206/209/206
f 200/203/200 904/971/904 999/1073/999
f 1028/1103/1028 1046/1124/1046 993/1125/993
f 997/1071/997 996/1070/996 217/220/217
f 995/1069/995 142/144/142 993/1067/993
f 1028/1103/1028 149/151/149 150/152/150
f 211/214/211 992/1066/992 216/219/216
f 987/1060/987 213/216/213 212/215/212
f 216/219/216 215/218/215 218/221/218
f 224/227/224 226/229/226 981/1054/981
f 147/149/147 220/223/220 982/1055/982
f 220/232/220 230/234/230 231/235/231
f 139/141/139 221/224/221 140/142/140
f 1047/1126/1047 224/227/224 981/1054/981
f 156/158/156 220/223/220 983/1056/983
f 984/1127/984 220/232/220 232/236/232
f 1048/1128/1048 985/1058/985 790/832/790
f 984/1127/984 232/236/232 1049/1129/1049
f 239/243/239 973/1046/973 244/248/244
f 866/921/866 974/1047/974 308/314/308
f 1050/1130/1050 968/1041/968 967/1040/967
f 976/1049/976 972/1045/972 971/1044/971
f 976/1049/976 971/1044/971 242/246/242
f 244/248/244 247/251/247 245/249/245
f 973/1046/973 866/921/866 244/248/244
f 860/915/860 246/250/246 356/367/356
f 1051/1131/1051 967/1040/967 1052/1132/1052
f 1050/1130/1050 967/1040/967 1051/1131/1051
f 961/1034/961 960/1033/960 957/1030/957
f 961/1034/961 957/1030/957 821/871/821
f 960/1033/960 98/99/98 958/1031/958
f 996/1070/996 970/1043/970 227/230/227
f 953/1026/953 1051/1131/1051 1052/1132/1052
f 950/1023/950 132/134/132 1053/1133/1053
f 255/259/255 954/1027/954 130/132/130
f 750/782/750 129/131/129 64/64/64
f 260/264/260 963/1036/963 126/128/126
f 74/74/74 127/129/127 75/75/75
f 264/268/264 128/130/128 946/1019/946
f 946/1019/946 266/270/266 269/273/269
f 941/1014/941 936/1009/936 942/1015/942
f 271/275/271 273/277/273 272/276/272
f 933/1006/933 931/1004/931 326/334/326
f 938/1011/938 122/124/122 274/278/274
f 125/127/125 275/279/275 273/277/273
f 275/279/275 1054/1134/1054 276/280/276
f 277/281/277 930/1003/930 1054/1134/1054
f 282/286/282 286/945/286 931/1004/931
f 121/123/121 288/292/288 125/127/125
f 288/292/288 277/281/277 125/127/125
f 923/995/923 298/985/298 924/996/924
f 709/736/709 911/979/911 914/982/914
f 119/121/119 909/977/909 295/301/295
f 1018/1135/1018 498/518/498 296/302/296
f 297/303/297 296/302/296 498/518/498
f 498/518/498 502/522/502 297/303/297
f 118/120/118 706/733/706 119/121/119
f 114/116/114 900/966/900 115/117/115
f 311/317/311 109/110/109 312/318/312
f 310/316/310 893/1136/893 109/110/109
f 897/961/897 323/331/323 322/330/322
f 894/958/894 323/331/323 896/960/896
f 329/347/329 110/1137/110 339/348/339
f 327/335/327 336/344/336 331/339/331
f 330/338/330 344/353/344 107/108/107
f 105/106/105 348/359/348 343/352/343
f 348/359/348 344/353/344 343/352/343
f 294/300/294 353/364/353 882/940/882
f 353/364/353 355/366/355 881/938/881
f 872/927/872 690/717/690 873/928/873
f 874/929/874 873/928/873 870/925/870
f 873/928/873 868/923/868 870/925/870
f 314/320/314 357/368/357 864/919/864
f 866/921/866 865/920/865 357/368/357
f 102/103/102 362/373/362 1055/1138/1055
f 837/892/837 836/1139/836 839/890/839
f 381/392/381 380/391/380 367/378/367
f 92/92/92 376/387/376 831/882/831
f 650/674/650 383/394/383 385/396/385
f 881/1140/881 388/399/388 387/398/387
f 828/878/828 867/922/867 826/876/826
f 823/873/823 826/876/826 867/922/867
f 689/716/689 391/402/391 390/401/390
f 74/74/74 76/76/76 820/869/820
f 372/383/372 71/71/71 73/73/73
f 815/864/815 813/863/813 811/859/811
f 397/409/397 394/406/394 810/858/810
f 401/413/401 811/1141/811 399/411/399
f 188/1142/188 506/526/506 708/735/708
f 157/159/157 234/238/234 405/417/405
f 405/417/405 784/826/784 406/418/406
f 794/837/794 409/421/409 798/842/798
f 416/428/416 410/422/410 409/421/409
f 415/427/415 47/47/47 416/428/416
f 414/426/414 420/432/420 412/424/412
f 792/835/792 797/841/797 415/427/415
f 792/835/792 791/834/791 797/841/797
f 784/826/784 405/417/405 234/238/234
f 786/828/786 783/825/783 441/453/441
f 437/449/437 785/827/785 441/453/441
f 435/447/435 437/449/437 779/819/779
f 1056/1143/1056 775/815/775 774/814/774
f 434/446/434 741/773/741 775/815/775
f 447/459/447 437/449/437 443/455/443
f 777/817/777 449/462/449 446/458/446
f 70/70/70 772/811/772 454/467/454
f 772/811/772 455/468/455 454/467/454
f 459/810/459 460/474/460 772/811/772
f 460/474/460 453/466/453 455/468/455
f 769/807/769 473/490/473 763/798/763
f 456/469/456 465/481/465 1057/1144/1057
f 66/66/66 65/65/65 762/797/762
f 752/784/752 663/687/663 470/487/470
f 744/776/744 63/63/63 482/502/482
f 744/776/744 482/502/482 60/60/60
f 1058/1145/1058 1059/1146/1059 1060/1147/1060
f 742/774/742 745/777/745 743/775/743
f 713/742/713 494/514/494 739/771/739
f 1060/1147/1060 1059/1146/1059 1061/1148/1061
f 60/60/60 739/771/739 61/61/61
f 1062/1149/1062 61/61/61 735/767/735
f 1063/1150/1063 738/770/738 733/1151/733
f 56/56/56 733/765/733 723/752/723
f 487/507/487 488/508/488 722/751/722
f 488/508/488 490/510/490 721/750/721
f 466/482/466 621/645/621 755/787/755
f 492/512/492 491/511/491 605/629/605
f 492/512/492 605/629/605 1064/1152/1064
f 492/512/492 1065/1153/1065 711/741/711
f 1064/1154/1064 3/3/3 711/739/711
f 711/739/711 3/3/3 601/622/601
f 702/729/702 704/731/704 707/734/707
f 497/517/497 507/527/507 498/518/498
f 51/51/51 679/704/679 682/708/682
f 44/44/44 46/46/46 698/725/698
f 695/722/695 697/724/697 701/728/701
f 791/834/791 513/533/513 797/841/797
f 694/721/694 517/537/517 1066/1155/1066
f 694/721/694 515/535/515 517/537/517
f 520/540/520 519/539/519 695/722/695
f 536/556/536 539/559/539 526/546/526
f 538/558/538 534/554/534 527/547/527
f 533/553/533 680/705/680 637/661/637
f 676/701/676 542/562/542 683/709/683
f 19/19/19 1067/1156/1067 665/689/665
f 671/695/671 550/571/550 672/696/672
f 19/19/19 16/16/16 1067/1156/1067
f 1068/1157/1068 1069/1158/1069 23/23/23
f 752/784/752 23/23/23 25/25/25
f 660/684/660 653/677/653 662/686/662
f 24/24/24 652/676/652 25/25/25
f 669/693/669 554/575/554 552/573/552
f 557/578/557 652/676/652 18/18/18
f 639/663/639 640/664/640 645/669/645
f 638/662/638 563/584/563 569/590/569
f 532/552/532 575/596/575 1070/1159/1070
f 622/646/622 638/662/638 569/590/569
f 570/591/570 568/589/568 629/653/629
f 632/656/632 622/646/622 569/590/569
f 623/647/623 630/654/630 631/655/631
f 631/655/631 577/598/577 613/637/613
f 579/600/579 578/599/578 625/649/625
f 631/655/631 613/637/613 623/647/623
f 753/785/753 1071/1160/1071 1069/1158/1069
f 1072/1161/1072 612/636/612 608/632/608
f 9/9/9 581/602/581 10/10/10
f 6/6/6 8/8/8 610/634/610
f 576/597/576 579/600/579 614/638/614
f 628/652/628 634/658/634 649/673/649
f 4/4/4 606/628/606 5/5/5
f 603/624/603 604/625/604 607/631/607
f 597/618/597 602/623/602 598/619/598
f 1064/1154/1064 4/4/4 3/3/3
f 595/616/595 593/627/593 1073/1162/1073
f 1073/1163/1073 396/408/396 398/410/398
f 15/15/15 611/635/611 608/632/608
f 611/635/611 1072/1161/1072 608/632/608
f 6/6/6 586/607/586 10/10/10
f 582/603/582 599/620/599 627/651/627
f 650/674/650 647/671/647 640/664/640
f 384/395/384 647/671/647 650/674/650
f 654/678/654 556/577/556 655/679/655
f 654/678/654 658/682/658 556/577/556
f 35/35/35 549/570/549 33/33/33
f 28/28/28 27/27/27 36/699/36
f 552/573/552 1074/1164/1074 671/695/671
f 34/34/34 33/33/33 558/579/558
f 39/39/39 529/549/529 40/40/40
f 670/694/670 1075/1165/1075 1076/1166/1076
f 694/721/694 425/437/425 691/718/691
f 791/834/791 1066/1155/1066 517/537/517
f 791/834/791 517/537/517 513/533/513
f 496/516/496 495/515/495 712/740/712
f 481/501/481 719/748/719 495/515/495
f 1077/1167/1077 735/767/735 727/1168/727
f 736/768/736 1060/1147/1060 1061/1148/1061
f 61/61/61 1062/1149/1062 59/59/59
f 59/59/59 747/779/747 744/776/744
f 747/779/747 751/783/751 744/776/744
f 1053/1133/1053 480/500/480 1078/1169/1078
f 754/786/754 755/787/755 753/785/753
f 1079/1170/1079 1080/1171/1080 65/65/65
f 473/490/473 766/803/766 764/799/764
f 462/804/462 29/1172/29 553/574/553
f 672/696/672 30/30/30 453/466/453
f 443/455/443 777/817/777 446/458/446
f 431/443/431 1049/1129/1049 141/143/141
f 426/438/426 1066/1155/1066 791/834/791
f 804/851/804 413/845/413 802/850/802
f 411/423/411 506/526/506 809/1173/809
f 402/414/402 190/192/190 1015/1090/1015
f 819/868/819 814/862/814 815/864/815
f 71/71/71 372/383/372 374/385/374
f 389/400/389 827/877/827 825/875/825
f 88/88/88 829/880/829 830/881/830
f 839/890/839 836/1139/836 95/96/95
f 102/103/102 860/915/860 859/914/859
f 328/336/328 329/337/329 1081/1174/1081
f 1082/1175/1082 687/714/687 875/930/875
f 391/402/391 1082/1175/1082 875/930/875
f 833/884/833 885/943/885 352/363/352
f 888/949/888 331/339/331 887/948/887
f 935/1008/935 896/960/896 306/312/306
f 896/960/896 935/1008/935 894/958/894
f 106/107/106 899/1176/899 317/325/317
f 915/983/915 911/979/911 913/981/913
f 270/274/270 272/276/272 940/1013/940
f 62/62/62 947/1020/947 720/749/720
f 1083/1177/1083 965/1038/965 963/1036/963
f 953/1026/953 955/1028/955 954/1027/954
f 1052/1132/1052 967/1040/967 1083/1177/1083
f 137/139/137 966/1039/966 136/138/136
f 990/1063/990 148/150/148 986/1059/986
f 993/1125/993 1046/1124/1046 1084/1178/1084
f 211/214/211 1013/1088/1013 992/1066/992
f 996/1070/996 205/208/205 970/1043/970
f 908/976/908 309/315/309 998/1072/998
f 974/1047/974 208/211/208 210/213/210
f 207/210/207 206/209/206 1000/1074/1000
f 1044/1122/1044 1003/1121/1003 906/973/906
f 200/203/200 999/1073/999 201/204/201
f 191/193/191 1021/1096/1021 186/188/186
f 176/178/176 1026/1101/1026 1022/1097/1022
f 1041/1116/1041 1042/1118/1042 158/160/158
f 1043/1119/1043 1040/1115/1040 160/162/160
f 1043/1119/1043 167/169/167 1006/1080/1006
f 165/167/165 166/168/166 1008/1120/1008
f 1085/1179/1085 1036/1111/1036 1029/1104/1029
f 1085/1179/1085 1029/1104/1029 172/174/172
f 171/173/171 178/180/178 1027/1102/1027
f 1017/1092/1017 184/186/184 1025/1100/1025
f 1022/1097/1022 1025/1100/1025 1023/1098/1023
f 1023/1098/1023 1025/1100/1025 184/186/184
f 191/193/191 1014/1089/1014 187/189/187
f 708/735/708 1018/1135/1018 188/1142/188
f 154/156/154 196/199/196 198/201/198
f 195/198/195 1010/1085/1010 1011/1086/1011
f 1005/1079/1005 1003/1121/1003 1004/1078/1004
f 203/206/203 997/1071/997 1086/1180/1086
f 204/207/204 1002/1076/1002 977/1050/977
f 1045/1123/1045 207/210/207 1000/1074/1000
f 1000/1074/1000 208/211/208 1001/1075/1001
f 206/209/206 999/1073/999 998/1072/998
f 998/1072/998 309/315/309 210/213/210
f 1084/1181/1084 193/195/193 994/1068/994
f 142/144/142 995/1069/995 148/150/148
f 148/150/148 144/146/144 143/145/143
f 139/141/139 987/1060/987 222/225/222
f 220/223/220 219/222/219 144/1182/144
f 139/141/139 222/225/222 221/224/221
f 220/232/220 231/235/231 232/236/232
f 1048/1128/1048 140/142/140 1047/1126/1047
f 233/237/233 984/1057/984 430/833/430
f 237/241/237 238/242/238 978/1051/978
f 245/249/245 975/1048/975 240/244/240
f 1050/1130/1050 250/254/250 968/1041/968
f 244/248/244 866/921/866 356/367/356
f 250/254/250 1050/1130/1050 251/255/251
f 860/915/860 102/103/102 1055/1138/1055
f 133/135/133 252/256/252 980/1053/980
f 956/1029/956 952/1025/952 1050/1130/1050
f 949/1022/949 253/257/253 950/1023/950
f 228/231/228 227/230/227 951/1024/951
f 126/128/126 821/871/821 127/129/127
f 128/130/128 127/129/127 262/266/262
f 266/270/266 262/266/262 267/271/267
f 265/269/265 948/1021/948 944/1017/944
f 720/749/720 947/1020/947 944/1017/944
f 718/747/718 945/1018/945 269/273/269
f 716/745/716 720/749/720 943/1016/943
f 274/278/274 122/124/122 273/277/273
f 275/279/275 277/281/277 1054/1134/1054
f 926/1183/926 281/285/281 279/283/279
f 929/1002/929 281/285/281 283/287/283
f 284/288/284 883/941/883 285/289/285
f 925/997/925 924/996/924 927/1000/927
f 924/996/924 915/1184/915 927/1000/927
f 915/983/915 913/981/913 922/1185/922
f 918/988/918 919/989/919 917/987/917
f 918/988/918 917/987/917 290/296/290
f 913/981/913 917/987/917 922/1185/922
f 924/996/924 298/985/298 914/1186/914
f 1018/1093/1018 296/984/296 181/183/181
f 913/981/913 911/979/911 910/978/910
f 297/303/297 502/522/502 709/736/709
f 910/978/910 704/731/704 912/980/912
f 905/972/905 311/317/311 307/313/307
f 901/967/901 312/318/312 314/320/314
f 899/1176/899 316/324/316 317/325/317
f 111/113/111 897/961/897 318/326/318
f 332/340/332 334/342/334 886/951/886
f 323/331/323 897/961/897 320/328/320
f 1087/1187/1087 1088/1188/1088 335/343/335
f 109/110/109 893/1136/893 108/111/108
f 110/1137/110 108/109/108 339/348/339
f 106/107/106 321/329/321 107/108/107
f 321/329/321 1087/1187/1087 330/338/330
f 341/350/341 107/108/107 344/353/344
f 885/943/885 1089/1189/1089 341/350/341
f 345/354/345 285/289/285 1090/1190/1090
f 881/1140/881 828/878/828 388/399/388
f 873/928/873 690/717/690 868/923/868
f 869/924/869 868/923/868 525/545/525
f 689/716/689 1082/1175/1082 391/402/391
f 862/917/862 358/369/358 357/368/357
f 862/917/862 357/368/357 863/918/863
f 861/916/861 329/337/329 857/912/857
f 359/370/359 101/102/101 360/371/360
f 960/1033/960 96/97/96 98/99/98
f 362/373/362 854/909/854 96/97/96
f 363/374/363 845/898/845 848/901/848
f 96/97/96 854/909/854 97/98/97
f 848/901/848 369/380/369 854/909/854
f 849/902/849 365/376/365 366/1191/366
f 839/890/839 95/96/95 846/899/846
f 94/95/94 93/1192/93 372/870/372
f 91/94/91 95/96/95 836/1139/836
f 375/386/375 380/391/380 376/387/376
f 373/384/373 382/393/382 374/385/374
f 89/89/89 381/392/381 834/885/834
f 378/389/378 82/82/82 87/87/87
f 382/393/382 385/396/385 383/394/383
f 647/671/647 384/395/384 832/883/832
f 78/78/78 387/398/387 389/400/389
f 827/877/827 824/874/824 392/403/392
f 1082/1175/1082 689/716/689 530/550/530
f 393/405/393 76/76/76 370/381/370
f 819/868/819 1091/1193/1091 1092/1194/1092
f 268/272/268 267/271/267 394/406/394
f 590/611/590 395/407/395 396/408/396
f 404/416/404 407/419/407 807/854/807
f 809/1173/809 409/421/409 411/423/411
f 404/416/404 807/854/807 405/417/405
f 407/419/407 804/851/804 806/853/806
f 410/422/410 506/526/506 411/423/411
f 794/837/794 416/428/416 409/421/409
f 419/431/419 417/429/417 795/838/795
f 415/427/415 418/430/418 792/835/792
f 454/467/454 422/434/422 421/433/421
f 793/836/793 426/438/426 792/835/792
f 790/832/790 985/1058/985 428/440/428
f 430/442/430 1049/1129/1049 431/443/431
f 785/827/785 787/829/787 786/828/786
f 784/1195/784 430/442/430 429/441/429
f 787/829/787 788/830/788 786/828/786
f 788/830/788 427/439/427 432/444/432
f 786/828/786 788/830/788 783/825/783
f 434/446/434 783/825/783 432/444/432
f 775/815/775 442/454/442 434/446/434
f 444/456/444 440/452/440 439/451/439
f 445/457/445 439/451/439 778/818/778
f 445/457/445 452/465/452 448/460/448
f 444/456/444 445/457/445 68/461/68
f 773/813/773 68/68/68 70/70/70
f 766/803/766 446/458/446 450/463/450
f 765/800/765 764/799/764 450/463/450
f 770/808/770 776/816/776 463/479/463
f 58/58/58 57/57/57 464/485/464
f 465/481/465 770/808/770 463/479/463
f 465/481/465 474/493/474 1057/1144/1057
f 763/798/763 473/490/473 472/489/472
f 472/489/472 471/488/471 756/795/756
f 476/495/476 470/487/470 469/486/469
f 475/494/475 752/784/752 476/495/476
f 1093/1196/1093 748/780/748 747/779/747
f 482/502/482 713/742/713 60/60/60
f 739/771/739 60/60/60 713/742/713
f 1061/1148/1061 1059/1146/1059 748/780/748
f 1094/1197/1094 775/815/775 743/775/743
f 1095/1198/1095 736/768/736 1061/1148/1061
f 776/816/776 1094/1197/1094 1063/1150/1063
f 735/767/735 1095/1198/1095 1062/1149/1062
f 776/816/776 1063/1150/1063 734/1199/734
f 737/769/737 731/1200/731 733/1151/733
f 737/769/737 1077/1167/1077 731/1200/731
f 727/1168/727 735/767/735 732/763/732
f 727/1168/727 732/763/732 728/764/728
f 728/759/728 54/54/54 53/53/53
f 55/55/55 484/504/484 485/505/485
f 716/745/716 717/746/717 714/743/714
f 495/515/495 713/742/713 481/501/481
f 483/754/483 724/753/724 710/1201/710
f 710/737/710 484/504/484 483/503/483
f 910/978/910 707/734/707 704/731/704
f 503/523/503 703/730/703 504/524/504
f 704/731/704 699/726/699 510/530/510
f 696/723/696 511/531/511 1096/1202/1096
f 45/45/45 695/722/695 701/728/701
f 517/537/517 516/536/516 513/533/513
f 678/703/678 667/691/667 545/565/545
f 693/720/693 522/542/522 43/43/43
f 424/436/424 32/32/32 425/437/425
f 45/45/45 692/719/692 520/540/520
f 691/718/691 670/694/670 518/538/518
f 534/554/534 528/548/528 527/547/527
f 683/709/683 34/34/34 681/707/681
f 679/704/679 538/558/538 527/547/527
f 38/38/38 674/698/674 539/559/539
f 535/555/535 539/559/539 536/556/536
f 542/562/542 35/35/35 683/709/683
f 665/689/665 637/661/637 680/705/680
f 37/566/37 547/568/547 674/706/674
f 676/701/676 540/560/540 542/562/542
f 547/568/547 546/567/546 540/560/540
f 1068/1157/1068 753/785/753 1069/1158/1069
f 28/1203/28 669/693/669 551/572/551
f 664/688/664 558/579/558 19/19/19
f 1067/1156/1067 16/16/16 588/609/588
f 752/784/752 659/683/659 663/687/663
f 663/687/663 659/683/659 660/684/660
f 659/683/659 658/682/658 660/684/660
f 662/686/662 655/679/655 675/700/675
f 666/690/666 673/697/673 543/563/543
f 21/21/21 20/20/20 559/580/559
f 20/20/20 557/578/557 559/580/559
f 648/672/648 1070/1159/1070 560/581/560
f 642/666/642 639/663/639 645/669/645
f 1070/1159/1070 575/596/575 560/581/560
f 640/664/640 635/659/635 1097/1204/1097
f 641/665/641 572/593/572 639/663/639
f 570/591/570 629/653/629 571/592/571
f 635/659/635 636/660/636 1097/1204/1097
f 622/646/622 580/601/580 626/650/626
f 623/647/623 583/604/583 627/651/627
f 579/600/579 626/650/626 580/601/580
f 615/639/615 614/638/614 618/642/618
f 1072/1161/1072 1069/1158/1069 612/636/612
f 7/7/7 10/10/10 14/14/14
f 1073/1162/1073 398/630/398 596/617/596
f 396/408/396 593/614/593 592/613/592
f 607/631/607 649/673/649 634/658/634
f 1/1/1 5/5/5 598/619/598
f 2/2/2 601/622/601 3/3/3
f 1/1/1 598/619/598 2/2/2
f 607/631/607 634/658/634 603/624/603
f 603/624/603 602/623/602 604/625/604
f 1064/1154/1064 605/626/605 4/4/4
f 606/628/606 594/615/594 5/5/5
f 605/626/605 606/628/606 4/4/4
f 604/625/604 597/618/597 1098/1205/1098
f 597/618/597 594/615/594 596/617/596
f 597/618/597 596/617/596 1098/1205/1098
f 604/625/604 400/412/400 607/631/607
f 1098/1205/1098 400/412/400 604/625/604
f 596/617/596 400/412/400 1098/1205/1098
f 595/616/595 1073/1162/1073 596/617/596
f 607/631/607 399/411/399 649/673/649
f 383/394/383 649/673/649 399/411/399
f 16/16/16 15/15/15 588/609/588
f 12/12/12 609/633/609 13/13/13
f 14/14/14 10/10/10 580/601/580
f 610/634/610 8/8/8 13/13/13
f 581/602/581 614/638/614 579/600/579
f 6/6/6 10/10/10 7/7/7
f 581/602/581 9/9/9 614/638/614
f 586/607/586 11/11/11 10/10/10
f 610/634/610 1071/1160/1071 6/6/6
f 1071/1160/1071 610/634/610 612/636/612
f 1071/1160/1071 612/636/612 1069/1158/1069
f 583/604/583 582/603/582 627/651/627
f 489/509/489 615/639/615 618/642/618
f 585/606/585 9/9/9 11/11/11
f 621/645/621 585/606/585 586/607/586
f 2/2/2 599/620/599 619/643/619
f 582/603/582 619/643/619 599/620/599
f 619/643/619 582/603/582 584/605/584
f 616/640/616 489/509/489 620/644/620
f 621/645/621 586/607/586 1071/1160/1071
f 621/645/621 1071/1160/1071 755/787/755
f 624/648/624 587/608/587 609/633/609
f 577/598/577 576/597/576 613/637/613
f 622/646/622 12/12/12 14/14/14
f 571/592/571 578/599/578 577/598/577
f 574/595/574 12/12/12 632/656/632
f 573/594/573 587/608/587 624/648/624
f 636/660/636 627/651/627 628/652/628
f 622/646/622 633/657/633 638/662/638
f 572/593/572 571/592/571 630/654/630
f 623/647/623 636/660/636 572/593/572
f 573/594/573 575/596/575 637/661/637
f 568/589/568 626/650/626 625/649/625
f 636/660/636 628/652/628 1097/1204/1097
f 570/591/570 572/593/572 641/665/641
f 532/552/532 531/551/531 575/596/575
f 570/591/570 567/588/567 568/589/568
f 650/674/650 1097/1204/1097 649/673/649
f 1097/1204/1097 628/652/628 649/673/649
f 575/596/575 569/590/569 560/581/560
f 688/715/688 532/552/532 1070/1159/1070
f 643/667/643 642/666/642 645/669/645
f 561/582/561 560/581/560 566/587/566
f 565/586/565 564/585/564 644/668/644
f 647/671/647 645/669/645 640/664/640
f 556/577/556 33/33/33 549/570/549
f 559/580/559 33/33/33 556/577/556
f 557/578/557 19/19/19 558/579/558
f 18/18/18 652/676/652 16/16/16
f 17/17/17 16/16/16 652/676/652
f 559/580/559 556/577/556 21/21/21
f 655/679/655 546/567/546 675/700/675
f 554/575/554 669/693/669 38/38/38
f 668/692/668 554/575/554 673/697/673
f 552/573/552 554/575/554 668/692/668
f 20/20/20 22/22/22 651/675/651
f 22/22/22 21/21/21 555/576/555
f 658/682/658 555/576/555 556/577/556
f 41/41/41 666/690/666 667/691/667
f 652/676/652 24/24/24 17/17/17
f 662/686/662 653/677/653 655/679/655
f 27/27/27 662/686/662 675/700/675
f 657/681/657 22/22/22 659/683/659
f 555/576/555 659/683/659 22/22/22
f 25/25/25 656/680/656 752/784/752
f 27/27/27 661/685/661 662/686/662
f 656/680/656 657/681/657 659/683/659
f 752/784/752 656/680/656 659/683/659
f 753/785/753 1068/1157/1068 752/784/752
f 546/567/546 655/679/655 548/569/548
f 550/571/550 1074/1164/1074 666/690/666
f 1075/1165/1075 550/571/550 666/690/666
f 23/23/23 1072/1161/1072 611/635/611
f 36/699/36 27/27/27 675/700/675
f 670/694/670 550/571/550 1075/1165/1075
f 1069/1158/1069 1072/1161/1072 23/23/23
f 671/695/671 1074/1164/1074 550/571/550
f 28/1203/28 551/572/551 26/1206/26
f 671/695/671 553/574/553 552/573/552
f 553/574/553 26/1206/26 551/572/551
f 553/574/553 29/1172/29 26/1206/26
f 753/785/753 755/787/755 1071/1160/1071
f 540/560/540 546/567/546 548/569/548
f 534/554/534 673/697/673 554/575/554
f 544/564/544 543/563/543 537/557/537
f 37/566/37 675/700/675 546/567/546
f 28/1203/28 36/36/36 669/693/669
f 1067/1156/1067 588/609/588 637/661/637
f 669/693/669 36/36/36 38/38/38
f 677/702/677 547/568/547 540/560/540
f 554/575/554 535/555/535 534/554/534
f 665/689/665 1067/1156/1067 637/661/637
f 680/705/680 664/688/664 665/689/665
f 558/579/558 664/688/664 680/705/680
f 679/704/679 545/565/545 538/558/538
f 539/1207/539 674/706/674 676/701/676
f 531/551/531 533/553/533 637/661/637
f 34/34/34 558/579/558 39/39/39
f 526/712/526 539/1207/539 676/701/676
f 529/549/529 680/705/680 533/553/533
f 684/710/684 683/709/683 681/707/681
f 536/556/536 526/546/526 528/548/528
f 528/548/528 526/546/526 524/544/524
f 1070/1159/1070 648/672/648 688/715/688
f 822/872/822 686/713/686 689/716/689
f 822/872/822 684/710/684 681/707/681
f 681/707/681 686/713/686 822/872/822
f 867/922/867 525/1208/525 685/711/685
f 690/717/690 523/543/523 868/923/868
f 690/717/690 527/547/527 523/543/523
f 521/541/521 522/542/522 519/539/519
f 1075/1165/1075 41/41/41 522/542/522
f 666/690/666 41/41/41 1075/1165/1075
f 1076/1166/1076 522/542/522 521/541/521
f 1075/1165/1075 522/542/522 1076/1166/1076
f 1076/1166/1076 518/538/518 670/694/670
f 515/535/515 518/538/518 520/540/520
f 32/32/32 31/31/31 670/694/670
f 426/438/426 694/721/694 1066/1155/1066
f 43/43/43 42/42/42 678/703/678
f 511/531/511 519/539/519 693/720/693
f 695/722/695 519/539/519 511/531/511
f 513/533/513 516/536/516 512/532/512
f 47/47/47 514/534/514 44/44/44
f 1096/1202/1096 511/531/511 510/530/510
f 48/48/48 698/725/698 46/46/46
f 47/47/47 49/49/49 410/422/410
f 49/49/49 506/526/506 410/422/410
f 51/51/51 682/708/682 52/52/52
f 49/49/49 508/528/508 507/527/507
f 49/49/49 507/527/507 506/526/506
f 501/521/501 500/520/500 700/727/700
f 705/732/705 503/523/503 505/525/505
f 119/121/119 706/733/706 503/523/503
f 708/735/708 499/519/499 498/518/498
f 494/514/494 496/516/496 710/1201/710
f 711/739/711 1065/1209/1065 1064/1154/1064
f 492/512/492 1064/1152/1064 1065/1153/1065
f 712/740/712 492/512/492 711/741/711
f 714/743/714 717/746/717 492/512/492
f 717/746/717 493/513/493 492/512/492
f 495/515/495 719/748/719 712/740/712
f 719/748/719 716/745/716 712/740/712
f 620/644/620 489/509/489 487/507/487
f 490/510/490 489/509/489 617/641/617
f 617/641/617 585/606/585 490/510/490
f 484/504/484 600/621/600 619/643/619
f 490/510/490 621/645/621 466/482/466
f 484/504/484 710/737/710 600/621/600
f 484/504/484 619/643/619 485/505/485
f 1099/1210/1099 53/53/53 485/505/485
f 1099/1210/1099 485/505/485 486/506/486
f 725/756/725 722/751/722 488/508/488
f 723/752/723 725/756/725 488/508/488
f 1099/1210/1099 729/760/729 53/53/53
f 729/760/729 728/759/728 53/53/53
f 56/56/56 723/752/723 721/750/721
f 731/762/731 727/758/727 730/761/730
f 727/1168/727 731/1200/731 1077/1167/1077
f 734/766/734 56/56/56 58/58/58
f 733/1151/733 734/1199/734 1063/1150/1063
f 776/816/776 734/1199/734 463/479/463
f 733/1151/733 738/770/738 737/769/737
f 1095/1198/1095 735/767/735 1077/1167/1077
f 1077/1167/1077 736/768/736 1095/1198/1095
f 743/775/743 1063/1150/1063 1094/1197/1094
f 737/769/737 736/768/736 1077/1167/1077
f 1062/1149/1062 1095/1198/1095 1100/1211/1100
f 1095/1198/1095 1061/1148/1061 1100/1211/1100
f 738/770/738 745/777/745 740/772/740
f 1100/1211/1100 59/59/59 1062/1149/1062
f 748/780/748 1100/1211/1100 1061/1148/1061
f 740/772/740 1058/1145/1058 1060/1147/1060
f 740/772/740 745/777/745 1058/1145/1058
f 1100/1211/1100 1093/1196/1093 59/59/59
f 477/497/477 1058/1145/1058 745/777/745
f 1093/1196/1093 747/779/747 59/59/59
f 1059/1146/1059 1058/1145/1058 748/780/748
f 751/783/751 63/63/63 744/776/744
f 746/778/746 751/783/751 747/779/747
f 480/500/480 1053/1133/1053 1058/1145/1058
f 750/782/750 64/64/64 63/63/63
f 258/262/258 257/261/257 433/445/433
f 1058/1145/1058 1053/1133/1053 749/781/749
f 67/801/67 476/495/476 469/486/469
f 476/495/476 67/801/67 66/496/66
f 475/494/475 757/789/757 754/786/754
f 757/789/757 475/494/475 66/496/66
f 1079/1170/1079 67/67/67 457/470/457
f 466/482/466 756/788/756 467/483/467
f 1079/1170/1079 65/65/65 67/67/67
f 756/795/756 758/793/758 760/792/760
f 759/794/759 762/797/762 760/792/760
f 763/798/763 472/489/472 760/792/760
f 471/488/471 765/800/765 1057/1144/1057
f 462/478/462 457/477/457 469/486/469
f 1079/1170/1079 457/470/457 459/472/459
f 464/485/464 57/57/57 466/482/466
f 465/481/465 464/480/464 468/491/468
f 465/481/465 468/491/468 474/493/474
f 761/796/761 65/65/65 451/464/451
f 456/469/456 770/808/770 465/481/465
f 1057/1144/1057 450/463/450 456/469/456
f 453/466/453 32/32/32 461/475/461
f 460/474/460 459/810/459 458/473/458
f 1080/1171/1080 1079/1170/1079 459/472/459
f 65/65/65 1080/1171/1080 767/805/767
f 767/805/767 1080/1171/1080 69/812/69
f 768/806/768 763/798/763 451/464/451
f 473/490/473 769/807/769 766/803/766
f 772/811/772 460/474/460 455/468/455
f 70/70/70 69/69/69 772/811/772
f 774/814/774 776/816/776 770/808/770
f 449/462/449 774/814/774 770/808/770
f 766/803/766 769/807/769 447/459/447
f 776/816/776 775/815/775 1094/1197/1094
f 769/807/769 779/819/779 447/459/447
f 452/465/452 778/818/778 768/806/768
f 444/1212/444 68/68/68 773/813/773
f 774/814/774 777/817/777 1056/1143/1056
f 773/813/773 781/840/781 444/1212/444
f 777/817/777 775/815/775 1056/1143/1056
f 778/818/778 782/824/782 779/819/779
f 777/817/777 442/454/442 775/815/775
f 779/819/779 782/824/782 435/447/435
f 781/823/781 406/418/406 780/821/780
f 783/825/783 434/446/434 442/454/442
f 438/450/438 1101/1213/1101 435/447/435
f 406/418/406 784/826/784 780/821/780
f 783/825/783 788/830/788 432/444/432
f 437/449/437 436/448/436 785/827/785
f 435/447/435 1101/1213/1101 436/448/436
f 440/452/440 784/1195/784 438/450/438
f 1101/1213/1101 429/441/429 436/448/436
f 438/450/438 784/1195/784 1101/1213/1101
f 432/444/432 427/439/427 258/262/258
f 432/444/432 258/262/258 433/445/433
f 427/439/427 788/830/788 428/440/428
f 784/1195/784 429/441/429 1101/1213/1101
f 784/826/784 234/238/234 430/833/430
f 789/831/789 785/827/785 436/448/436
f 429/441/429 789/831/789 436/448/436
f 429/441/429 431/443/431 789/831/789
f 984/1127/984 1049/1129/1049 430/442/430
f 421/433/421 423/435/423 793/836/793
f 418/430/418 421/433/421 793/836/793
f 419/431/419 421/433/421 418/430/418
f 419/431/419 795/838/795 796/839/796
f 801/847/801 796/839/796 795/838/795
f 412/424/412 796/839/796 799/843/799
f 799/843/799 796/839/796 801/847/801
f 410/422/410 416/428/416 47/47/47
f 802/848/802 799/843/799 801/847/801
f 781/823/781 414/844/414 406/418/406
f 414/844/414 800/846/800 406/418/406
f 798/1214/798 403/415/403 802/850/802
f 404/416/404 406/418/406 803/849/803
f 409/1215/409 403/415/403 798/1214/798
f 808/855/808 403/415/403 409/1215/409
f 809/1173/809 506/526/506 188/1142/188
f 409/1215/409 809/856/809 808/855/808
f 190/192/190 403/415/403 808/855/808
f 190/192/190 809/856/809 188/190/188
f 806/853/806 1016/1091/1016 807/854/807
f 405/417/405 807/854/807 155/157/155
f 155/157/155 157/159/157 405/417/405
f 589/610/589 395/407/395 590/611/590
f 399/411/399 811/1141/811 813/861/813
f 812/860/812 395/407/395 589/610/589
f 399/411/399 813/861/813 72/72/72
f 399/411/399 72/72/72 383/394/383
f 394/406/394 397/409/397 396/408/396
f 394/406/394 816/865/816 810/858/810
f 267/271/267 816/865/816 394/406/394
f 72/72/72 71/71/71 383/394/383
f 816/865/816 815/864/815 810/858/810
f 267/271/267 817/866/817 815/864/815
f 1092/1194/1092 393/405/393 819/868/819
f 818/867/818 1092/1194/1092 1091/1193/1091
f 267/271/267 262/266/262 817/866/817
f 818/867/818 76/76/76 1092/1194/1092
f 262/266/262 74/74/74 820/869/820
f 824/874/824 822/872/822 390/401/390
f 105/106/105 78/78/78 389/400/389
f 387/398/387 77/77/77 347/879/347
f 83/83/83 646/670/646 647/671/647
f 832/883/832 83/83/83 647/671/647
f 81/81/81 646/670/646 83/83/83
f 561/582/561 88/88/88 562/583/562
f 829/880/829 80/80/80 82/82/82
f 86/86/86 83/83/83 832/883/832
f 831/882/831 86/86/86 832/883/832
f 373/384/373 384/395/384 382/393/382
f 92/92/92 831/882/831 373/384/373
f 89/89/89 830/881/830 380/391/380
f 380/391/380 84/84/84 376/387/376
f 371/382/371 837/888/837 376/387/376
f 377/388/377 368/379/368 367/378/367
f 843/896/843 838/889/838 367/378/367
f 841/894/841 840/893/840 372/870/372
f 370/381/370 841/894/841 372/870/372
f 76/76/76 97/98/97 370/381/370
f 1089/1189/1089 835/886/835 842/895/842
f 842/895/842 835/886/835 838/889/838
f 842/895/842 838/889/838 843/896/843
f 368/891/368 100/101/100 849/902/849
f 366/1191/366 368/891/368 849/902/849
f 846/899/846 95/96/95 94/95/94
f 839/890/839 100/101/100 368/891/368
f 99/100/99 849/902/849 100/101/100
f 844/897/844 366/1191/366 365/376/365
f 840/893/840 847/900/847 94/95/94
f 97/98/97 854/909/854 369/380/369
f 100/101/100 839/890/839 846/899/846
f 846/899/846 360/371/360 100/101/100
f 845/898/845 360/371/360 846/899/846
f 850/903/850 844/897/844 364/375/364
f 853/908/853 852/907/852 845/898/845
f 362/373/362 96/97/96 960/1033/960
f 851/904/851 101/102/101 359/370/359
f 856/911/856 857/912/857 340/905/340
f 852/907/852 361/372/361 360/371/360
f 359/370/359 858/913/858 857/912/857
f 329/337/329 861/916/861 1081/1174/1081
f 358/369/358 862/917/862 104/105/104
f 313/319/313 1081/1174/1081 863/918/863
f 861/916/861 863/918/863 1081/1174/1081
f 356/367/356 866/921/866 357/368/357
f 1082/1175/1082 530/550/530 687/714/687
f 684/710/684 822/872/822 823/873/823
f 875/930/875 687/714/687 879/936/879
f 525/1208/525 867/922/867 877/932/877
f 879/936/879 648/672/648 88/88/88
f 875/930/875 879/936/879 876/931/876
f 878/933/878 869/924/869 877/934/877
f 869/924/869 878/933/878 871/926/871
f 355/366/355 872/927/872 874/929/874
f 355/366/355 870/925/870 871/926/871
f 350/361/350 884/942/884 875/930/875
f 825/875/825 391/402/391 875/930/875
f 884/942/884 825/875/825 875/930/875
f 828/935/828 881/938/881 878/933/878
f 353/364/353 881/938/881 880/937/880
f 350/361/350 90/90/90 351/362/351
f 350/361/350 349/360/349 884/942/884
f 386/397/386 825/875/825 884/942/884
f 885/943/885 349/360/349 352/363/352
f 346/357/346 882/940/882 353/364/353
f 1089/1189/1089 833/884/833 835/886/835
f 346/357/346 387/939/387 347/358/347
f 1090/1190/1090 882/940/882 345/354/345
f 882/940/882 1090/1190/1090 285/289/285
f 341/350/341 344/353/344 349/360/349
f 79/79/79 105/106/105 343/352/343
f 342/351/342 339/348/339 107/108/107
f 887/948/887 336/344/336 332/946/332
f 890/952/890 331/339/331 888/949/888
f 886/947/886 889/955/889 888/949/888
f 894/958/894 890/952/890 324/332/324
f 891/953/891 334/342/334 895/959/895
f 318/326/318 892/954/892 891/956/891
f 108/109/108 107/108/107 339/348/339
f 109/110/109 110/112/110 312/318/312
f 333/341/333 335/343/335 334/342/334
f 325/333/325 935/1008/935 326/334/326
f 935/1008/935 325/333/325 894/958/894
f 1088/1188/1088 895/959/895 335/343/335
f 317/325/317 1087/1187/1087 321/329/321
f 895/959/895 1088/1188/1088 315/323/315
f 315/323/315 112/322/112 895/959/895
f 319/327/319 320/328/320 897/961/897
f 319/327/319 300/306/300 306/312/306
f 313/319/313 328/336/328 1081/1174/1081
f 310/316/310 899/964/899 893/1136/893
f 905/972/905 310/316/310 311/317/311
f 903/970/903 901/967/901 864/919/864
f 903/970/903 307/313/307 901/967/901
f 307/313/307 311/317/311 901/967/901
f 114/968/114 302/308/302 304/310/304
f 116/975/116 302/308/302 114/968/114
f 308/314/308 307/313/307 903/970/903
f 304/310/304 300/306/300 319/327/319
f 902/969/902 900/966/900 316/963/316
f 304/310/304 303/309/303 300/306/300
f 905/972/905 902/969/902 310/316/310
f 900/966/900 907/974/907 115/117/115
f 902/969/902 200/203/200 907/974/907
f 308/314/308 903/970/903 865/920/865
f 908/976/908 904/971/904 905/972/905
f 1003/1077/1003 303/309/303 116/975/116
f 301/307/301 300/306/300 303/309/303
f 906/973/906 116/118/116 115/117/115
f 912/980/912 704/731/704 118/120/118
f 709/736/709 501/521/501 707/734/707
f 1018/1135/1018 708/735/708 498/518/498
f 355/366/355 293/299/293 295/301/295
f 117/119/117 912/980/912 118/120/118
f 913/981/913 912/980/912 290/296/290
f 117/119/117 119/121/119 295/301/295
f 290/296/290 912/980/912 117/119/117
f 284/288/284 117/119/117 292/298/292
f 291/297/291 117/119/117 284/288/284
f 291/297/291 290/296/290 117/119/117
f 922/994/922 919/990/919 920/992/920
f 915/1184/915 922/994/922 921/993/921
f 927/1000/927 915/1184/915 921/993/921
f 916/986/916 923/995/923 120/122/120
f 281/293/281 926/998/926 284/288/284
f 280/284/280 289/991/289 278/282/278
f 925/997/925 927/1000/927 928/1001/928
f 916/986/916 120/122/120 123/125/123
f 288/292/288 925/997/925 928/1001/928
f 120/122/120 122/124/122 123/125/123
f 928/1001/928 920/992/920 280/284/280
f 277/281/277 288/292/288 928/1001/928
f 934/1007/934 283/287/283 933/1006/933
f 1054/1134/1054 930/1003/930 276/280/276
f 938/1011/938 124/126/124 122/124/122
f 272/276/272 930/1003/930 934/1007/934
f 272/276/272 276/280/276 930/1003/930
f 936/1009/936 938/1011/938 274/278/274
f 935/1008/935 939/1012/939 933/1006/933
f 272/276/272 934/1007/934 939/1012/939
f 306/312/306 305/311/305 935/1008/935
f 940/1013/940 272/276/272 939/1012/939
f 940/1013/940 305/311/305 299/305/299
f 942/1015/942 270/274/270 940/1013/940
f 942/1015/942 936/1009/936 270/274/270
f 167/169/167 299/305/299 301/307/301
f 812/860/812 589/610/589 715/744/715
f 812/860/812 715/744/715 718/747/718
f 62/62/62 720/749/720 481/501/481
f 269/273/269 268/272/268 812/860/812
f 945/1018/945 718/747/718 943/1016/943
f 944/1017/944 943/1016/943 720/749/720
f 947/1020/947 130/132/130 265/269/265
f 945/1018/945 948/1021/948 264/268/264
f 944/1017/944 948/1021/948 945/1018/945
f 260/264/260 263/267/263 265/269/265
f 261/265/261 260/264/260 265/269/265
f 259/263/259 1083/1177/1083 260/264/260
f 260/264/260 1083/1177/1083 963/1036/963
f 967/1040/967 965/1038/965 1083/1177/1083
f 479/499/479 1078/1169/1078 480/500/480
f 750/782/750 254/258/254 129/131/129
f 132/134/132 254/258/254 746/778/746
f 1053/1133/1053 132/134/132 749/781/749
f 130/132/130 947/1020/947 62/62/62
f 129/131/129 255/259/255 130/132/130
f 1078/1169/1078 479/499/479 950/1023/950
f 228/231/228 479/499/479 257/261/257
f 228/231/228 951/1024/951 479/499/479
f 130/132/130 261/265/261 265/269/265
f 130/132/130 954/1027/954 261/265/261
f 132/134/132 950/1023/950 133/135/133
f 131/133/131 952/1025/952 254/258/254
f 131/133/131 254/258/254 132/134/132
f 955/1028/955 1052/1132/1052 259/263/259
f 951/1024/951 969/1042/969 253/257/253
f 996/1070/996 227/230/227 226/229/226
f 951/1024/951 253/257/253 949/1022/949
f 1052/1132/1052 955/1028/955 953/1026/953
f 959/1032/959 98/99/98 821/871/821
f 953/1026/953 1050/1130/1050 1051/1131/1051
f 227/230/227 970/1043/970 969/1042/969
f 131/133/131 133/135/133 249/253/249
f 959/1032/959 958/1031/958 98/99/98
f 960/1033/960 962/1035/962 362/373/362
f 126/128/126 963/1036/963 821/871/821
f 965/1038/965 961/1034/961 963/1036/963
f 952/1025/952 251/255/251 1050/1130/1050
f 133/135/133 980/1053/980 249/253/249
f 247/251/247 860/915/860 1055/1138/1055
f 138/140/138 135/137/135 965/1038/965
f 135/137/135 134/136/134 964/1037/964
f 134/136/134 966/1039/966 964/1037/964
f 246/250/246 244/248/244 356/367/356
f 247/251/247 246/250/246 860/915/860
f 245/249/245 247/251/247 966/1039/966
f 968/1041/968 137/139/137 138/140/138
f 968/1041/968 242/246/242 137/139/137
f 250/254/250 248/252/248 968/1041/968
f 980/1053/980 979/1052/979 241/245/241
f 972/1045/972 975/1048/975 245/249/245
f 236/240/236 977/1050/977 238/242/238
f 204/207/204 977/1050/977 235/239/235
f 235/239/235 977/1050/977 236/240/236
f 980/1053/980 978/1051/978 976/1049/976
f 252/256/252 237/241/237 978/1051/978
f 249/253/249 241/245/241 243/247/243
f 141/143/141 790/832/790 789/831/789
f 428/440/428 985/1058/985 256/260/256
f 1049/1129/1049 232/236/232 141/143/141
f 140/142/140 1048/1128/1048 790/832/790
f 232/236/232 139/141/139 141/143/141
f 984/1057/984 233/237/233 983/1056/983
f 156/158/156 233/237/233 157/159/157
f 156/158/156 983/1056/983 233/237/233
f 232/236/232 230/234/230 139/141/139
f 985/1058/985 1047/1126/1047 981/1054/981
f 225/228/225 224/227/224 1047/1126/1047
f 140/142/140 225/228/225 1047/1126/1047
f 140/142/140 221/224/221 225/228/225
f 155/157/155 989/1062/989 982/1055/982
f 230/234/230 229/233/229 988/1061/988
f 222/225/222 224/227/224 223/226/223
f 988/1061/988 987/1060/987 139/141/139
f 229/233/229 986/1059/986 988/1061/988
f 220/232/220 144/146/144 229/233/229
f 147/149/147 146/148/146 144/1182/144
f 226/229/226 218/221/218 217/220/217
f 216/219/216 218/221/218 222/225/222
f 148/150/148 987/1060/987 986/1059/986
f 144/146/144 148/150/148 990/1063/990
f 146/148/146 142/1065/142 144/1182/144
f 146/148/146 145/147/145 150/152/150
f 149/151/149 993/1125/993 991/1064/991
f 995/1069/995 202/205/202 213/216/213
f 991/1064/991 993/1125/993 142/1065/142
f 214/217/214 1086/1180/1086 997/1071/997
f 992/1066/992 1102/1216/1102 214/217/214
f 211/214/211 202/205/202 1013/1088/1013
f 202/205/202 211/214/211 213/216/213
f 1084/1181/1084 994/1068/994 993/1067/993
f 1013/1088/1013 1012/1087/1012 1102/1216/1102
f 1103/1217/1103 1084/1178/1084 1046/1124/1046
f 1037/1112/1037 1103/1217/1103 1046/1124/1046
f 1037/1112/1037 163/165/163 1103/1217/1103
f 202/205/202 153/155/153 1013/1088/1013
f 1012/1087/1012 1086/1180/1086 1102/1216/1102
f 210/213/210 309/315/309 974/1047/974
f 999/1073/999 904/971/904 908/976/908
f 208/211/208 1000/1074/1000 209/212/209
f 1001/1075/1001 1002/1076/1002 1045/1123/1045
f 1002/1076/1002 1001/1075/1001 977/1050/977
f 1011/1086/1011 1045/1123/1045 1002/1076/1002
f 1103/1217/1103 193/1117/193 1084/1178/1084
f 1103/1217/1103 163/165/163 193/1117/193
f 205/208/205 204/207/204 970/1043/970
f 1004/1078/1004 1044/1122/1044 200/203/200
f 1005/1081/1005 1006/1080/1006 168/170/168
f 1009/1084/1009 199/202/199 201/204/201
f 195/198/195 1009/1084/1009 1010/1085/1010
f 194/197/194 1009/1084/1009 195/198/195
f 1009/1084/1009 194/197/194 198/201/198
f 203/206/203 1086/1180/1086 1012/1087/1012
f 1014/1089/1014 190/192/190 188/190/188
f 192/194/192 1015/1090/1015 190/192/190
f 806/853/806 402/414/402 1019/1094/1019
f 192/194/192 185/187/185 402/414/402
f 186/188/186 1020/1095/1020 192/194/192
f 189/191/189 1018/1093/1018 181/183/181
f 186/188/186 1023/1098/1023 184/186/184
f 183/185/183 189/191/189 181/183/181
f 1021/1096/1021 191/193/191 187/189/187
f 1021/1096/1021 1024/1099/1024 177/179/177
f 1025/1100/1025 1022/1097/1022 1026/1101/1026
f 1026/1101/1026 174/176/174 1025/1100/1025
f 178/180/178 171/173/171 176/178/176
f 173/175/173 1026/1101/1026 170/172/170
f 1024/1099/1024 123/125/123 179/181/179
f 177/179/177 1024/1099/1024 179/181/179
f 1027/1102/1027 179/181/179 1031/1106/1031
f 172/174/172 171/173/171 1027/1102/1027
f 170/172/170 1029/1104/1029 1034/1109/1034
f 1028/1103/1028 173/175/173 1037/1112/1037
f 1028/1103/1028 1037/1112/1037 1046/1124/1046
f 937/1010/937 179/181/179 932/1005/932
f 1034/1109/1034 1037/1112/1037 173/175/173
f 1033/1108/1033 1085/1179/1085 1031/1106/1031
f 172/174/172 1031/1106/1031 1085/1179/1085
f 161/163/161 163/165/163 1037/1112/1037
f 1032/1107/1032 941/1014/941 942/1015/942
f 1038/1113/1038 1085/1179/1085 1033/1108/1033
f 1038/1113/1038 1036/1111/1036 1085/1179/1085
f 166/168/166 160/162/160 1040/1115/1040
f 1007/1082/1007 1008/1120/1008 166/168/166
f 1032/1107/1032 942/1015/942 167/169/167
f 167/169/167 1043/1119/1043 1032/1107/1032
f 159/161/159 1033/1108/1033 1032/1107/1032
f 1042/1118/1042 1039/1114/1039 158/160/158
f 162/164/162 161/163/161 1042/1118/1042
f 1042/1118/1042 161/163/161 1039/1114/1039
f 1043/1119/1043 160/162/160 159/161/159
f 158/160/158 1036/1111/1036 1038/1113/1038
f 1033/1108/1033 1030/1105/1030 1032/1107/1032
f 150/152/150 174/176/174 1028/1103/1028
f 173/175/173 175/177/175 1026/1101/1026
f 1026/1101/1026 175/177/175 174/176/174
f 1024/1099/1024 182/184/182 123/125/123
f 185/187/185 192/194/192 1020/1095/1020
f 807/854/807 1017/1092/1017 155/157/155
f 1016/1091/1016 806/853/806 1019/1094/1019
f 163/165/163 162/164/162 193/1117/193
f 203/206/203 1011/1086/1011 1002/1076/1002
f 198/201/198 153/155/153 152/154/152
f 196/199/196 154/156/154 165/196/165
f 1009/1084/1009 198/201/198 197/200/197
f 1010/1085/1010 207/210/207 1011/1086/1011
f 168/170/168 1003/1077/1003 1005/1081/1005
f 1044/1122/1044 906/973/906 200/203/200
f 1045/1123/1045 1011/1086/1011 207/210/207
f 206/209/206 998/1072/998 209/212/209
f 209/212/209 998/1072/998 210/213/210
f 1003/1121/1003 116/118/116 906/973/906
f 1013/1088/1013 1102/1216/1102 992/1066/992
f 1102/1216/1102 1086/1180/1086 214/217/214
f 149/151/149 1028/1103/1028 993/1125/993
f 217/220/217 214/217/214 997/1071/997
f 215/218/215 214/217/214 217/220/217
f 148/150/148 995/1069/995 213/216/213
f 226/229/226 217/220/217 996/1070/996
f 146/148/146 149/151/149 991/1064/991
f 989/1062/989 145/147/145 147/149/147
f 229/233/229 990/1063/990 986/1059/986
f 225/228/225 221/224/221 223/226/223
f 218/221/218 226/229/226 224/227/224
f 981/1054/981 226/229/226 228/231/228
f 230/234/230 988/1061/988 139/141/139
f 1048/1128/1048 1047/1126/1047 985/1058/985
f 241/245/241 976/1049/976 242/246/242
f 978/1051/978 238/242/238 975/1048/975
f 977/1050/977 973/1046/973 239/243/239
f 249/253/249 980/1053/980 241/245/241
f 137/139/137 971/1044/971 966/1039/966
f 252/256/252 978/1051/978 980/1053/980
f 965/1038/965 967/1040/967 138/140/138
f 1055/1138/1055 962/1035/962 247/251/247
f 1055/1138/1055 362/373/362 962/1035/962
f 956/1029/956 1050/1130/1050 953/1026/953
f 259/263/259 1052/1132/1052 1083/1177/1083
f 227/230/227 969/1042/969 951/1024/951
f 255/259/255 952/1025/952 956/1029/956
f 1078/1169/1078 950/1023/950 1053/1133/1053
f 128/130/128 262/266/262 946/1019/946
f 263/267/263 128/130/128 264/268/264
f 718/747/718 269/273/269 812/860/812
f 300/306/300 299/305/299 305/311/305
f 936/1009/936 271/275/271 270/274/270
f 937/1010/937 932/1005/932 938/1011/938
f 932/1005/932 124/126/124 938/1011/938
f 337/355/337 286/290/286 285/289/285
f 180/182/180 123/125/123 124/126/124
f 279/283/279 278/282/278 926/1183/926
f 921/993/921 920/992/920 928/1001/928
f 284/288/284 294/300/294 883/941/883
f 916/986/916 298/985/298 923/995/923
f 914/1186/914 915/1184/915 924/996/924
f 293/299/293 354/365/354 294/300/294
f 354/365/354 293/299/293 355/366/355
f 872/927/872 705/732/705 690/717/690
f 907/974/907 900/966/900 902/969/902
f 900/1218/900 113/321/113 315/323/315
f 900/1218/900 315/323/315 316/324/316
f 864/919/864 901/967/901 314/320/314
f 899/1176/899 106/107/106 893/957/893
f 898/962/898 319/327/319 111/113/111
f 315/323/315 1088/1188/1088 317/325/317
f 318/326/318 322/330/322 892/954/892
f 1088/1188/1088 1087/1187/1087 317/325/317
f 320/328/320 306/312/306 896/960/896
f 894/958/894 331/339/331 890/952/890
f 1087/1187/1087 335/343/335 330/338/330
f 332/340/332 347/879/347 333/341/333
f 79/79/79 333/341/333 347/879/347
f 342/351/342 341/350/341 842/895/842
f 842/895/842 341/350/341 1089/1189/1089
f 885/943/885 833/884/833 1089/1189/1089
f 346/357/346 880/937/880 387/939/387
f 880/937/880 346/357/346 353/364/353
f 878/933/878 881/938/881 355/366/355
f 355/366/355 874/929/874 870/925/870
f 355/366/355 871/926/871 878/933/878
f 355/366/355 295/301/295 872/927/872
f 869/924/869 525/545/525 877/934/877
f 862/917/862 863/918/863 861/916/861
f 862/917/862 858/913/858 104/105/104
f 853/908/853 102/103/102 852/907/852
f 358/369/358 104/105/104 103/104/103
f 858/913/858 359/370/359 361/372/361
f 857/912/857 851/904/851 359/370/359
f 362/373/362 363/374/363 855/910/855
f 847/900/847 848/901/848 845/898/845
f 850/906/850 342/351/342 843/896/843
f 841/894/841 847/900/847 840/893/840
f 843/896/843 844/1219/844 850/906/850
f 844/1219/844 843/896/843 366/377/366
f 366/377/366 843/896/843 367/378/367
f 837/888/837 368/379/368 377/388/377
f 94/95/94 91/94/91 93/1192/93
f 377/388/377 376/387/376 837/888/837
f 93/93/93 92/92/92 373/384/373
f 367/378/367 380/391/380 375/386/375
f 82/82/82 378/389/378 84/84/84
f 373/384/373 832/883/832 384/395/384
f 829/880/829 82/82/82 85/85/85
f 388/399/388 826/876/826 389/400/389
f 386/397/386 389/400/389 825/875/825
f 827/877/827 392/403/392 825/875/825
f 824/874/824 390/401/390 392/403/392
f 823/873/823 824/874/824 827/877/827
f 817/866/817 262/266/262 818/867/818
f 818/867/818 820/869/820 76/76/76
f 1092/1194/1092 76/76/76 393/405/393
f 815/864/815 818/867/818 1091/1193/1091
f 815/864/815 1091/1193/1091 819/868/819
f 811/859/811 810/858/810 815/864/815
f 408/420/408 803/849/803 800/846/800
f 420/432/420 414/426/414 781/840/781
f 419/431/419 420/432/420 454/467/454
f 461/475/461 424/436/424 423/435/423
f 785/827/785 790/832/790 787/829/787
f 443/455/443 437/449/437 441/453/441
f 775/815/775 741/773/741 743/775/743
f 768/806/768 779/819/779 769/807/769
f 771/809/771 459/810/459 772/811/772
f 69/812/69 1080/1171/1080 459/472/459
f 765/800/765 450/463/450 1057/1144/1057
f 763/798/763 761/796/761 451/464/451
f 471/488/471 1057/1144/1057 756/795/756
f 762/797/762 759/794/759 66/66/66
f 759/791/759 757/789/757 66/496/66
f 748/780/748 1058/1145/1058 749/781/749
f 480/500/480 1058/1145/1058 477/497/477
f 478/498/478 477/497/477 742/774/742
f 742/774/742 741/773/741 434/446/434
f 743/775/743 745/777/745 738/770/738
f 736/768/736 740/772/740 1060/1147/1060
f 710/1201/710 724/753/724 494/514/494
f 724/753/724 739/771/739 494/514/494
f 743/775/743 738/770/738 1063/1150/1063
f 463/479/463 734/1199/734 58/802/58
f 731/762/731 730/761/730 1099/1210/1099
f 731/762/731 1099/1210/1099 486/506/486
f 730/761/730 729/760/729 1099/1210/1099
f 728/764/728 726/757/726 54/755/54
f 487/507/487 489/509/489 488/508/488
f 487/507/487 584/605/584 620/644/620
f 718/747/718 493/513/493 717/746/717
f 591/612/591 592/613/592 491/511/491
f 909/977/909 503/523/503 705/732/705
f 505/525/505 52/52/52 682/708/682
f 704/731/704 510/530/510 706/733/706
f 510/530/510 703/730/703 706/733/706
f 504/524/504 703/730/703 50/50/50
f 708/735/708 506/526/506 497/517/497
f 500/520/500 508/528/508 701/728/701
f 699/726/699 1096/1202/1096 510/530/510
f 48/48/48 46/46/46 49/49/49
f 701/728/701 697/724/697 700/727/700
f 696/723/696 1096/1202/1096 699/726/699
f 511/531/511 693/720/693 509/529/509
f 43/43/43 678/703/678 679/704/679
f 515/535/515 694/721/694 691/718/691
f 32/32/32 670/694/670 691/718/691
f 518/538/518 1076/1166/1076 521/541/521
f 868/923/868 523/543/523 525/545/525
f 685/711/685 684/710/684 867/922/867
f 525/1208/525 526/712/526 685/711/685
f 687/714/687 648/672/648 879/936/879
f 705/732/705 682/708/682 690/717/690
f 648/672/648 687/714/687 688/715/688
f 526/712/526 676/701/676 683/709/683
f 683/709/683 35/35/35 34/34/34
f 674/706/674 547/568/547 677/702/677
f 462/804/462 553/574/553 672/696/672
f 1074/1164/1074 552/573/552 666/690/666
f 752/784/752 1068/1157/1068 23/23/23
f 470/487/470 663/687/663 27/27/27
f 24/24/24 23/23/23 17/17/17
f 668/692/668 673/697/673 666/690/666
f 655/679/655 549/570/549 548/569/548
f 556/577/556 549/570/549 655/679/655
f 80/80/80 561/582/561 565/586/565
f 565/586/565 561/582/561 566/587/566
f 640/664/640 1097/1204/1097 650/674/650
f 563/584/563 568/589/568 564/585/564
f 633/657/633 626/650/626 568/589/568
f 599/620/599 603/624/603 634/658/634
f 588/609/588 573/594/573 637/661/637
f 627/651/627 636/660/636 623/647/623
f 573/594/573 624/648/624 574/595/574
f 489/509/489 616/640/616 615/639/615
f 586/607/586 6/6/6 1071/1160/1071
f 9/9/9 618/642/618 614/638/614
f 7/7/7 13/13/13 8/8/8
f 396/408/396 1073/1163/1073 593/614/593
f 593/627/593 595/616/595 606/628/606
f 594/615/594 606/628/606 595/616/595
f 585/606/585 617/641/617 9/9/9
f 1100/1211/1100 748/780/748 1093/1196/1093
f 830/881/830 89/89/89 88/88/88
f 147/149/147 144/1182/144 219/222/219
f 133/135/133 950/1023/950 253/257/253
f 474/493/474 756/795/756 1057/1144/1057
f 592/613/592 590/611/590 396/408/396
f 922/1185/922 917/987/917 919/989/919
