# Blender v2.79 (sub 0) OBJ File: ''
# www.blender.org
o CavePlatform2-3
v -3.656000 -2.557107 -18.372999
v -2.703000 -2.870857 -17.538000
v -3.563000 -2.936077 -17.305000
v -2.097000 -2.850787 -18.723000
v -4.980000 -2.974397 -17.289000
v -5.029000 -2.145717 -18.646999
v -4.187000 -1.382397 -19.174999
v -2.895000 -1.822297 -19.547001
v -1.320000 -2.956107 -17.355000
v -2.937000 -2.892837 -16.024000
v -5.778000 -2.885138 -14.986000
v -7.073000 -2.745627 -17.047001
v -6.506000 -1.877707 -18.344000
v -5.381000 -0.891997 -18.785000
v -4.457000 -0.023797 -19.315001
v -3.279000 -0.428697 -19.757999
v -1.918000 -0.744197 -19.903000
v -1.455000 -1.905617 -19.615000
v -0.709000 -2.500057 -18.681999
v -0.372000 -3.040187 -15.589001
v 0.414000 -2.569857 -17.518000
v -1.979000 -2.882608 -12.230000
v -8.100000 -2.898747 -16.004999
v -8.468000 -2.128347 -17.089001
v -7.763000 -1.801997 -17.752001
v -6.471000 -0.436897 -18.606001
v -7.692000 -0.596597 -18.083000
v -5.553000 0.666603 -18.848000
v -4.469000 1.110803 -19.233999
v -3.572000 0.870703 -19.658001
v -2.265000 0.633703 -19.975000
v -0.820000 0.154103 -19.645000
v -0.852000 -0.956197 -19.471001
v -0.443000 -1.615697 -19.148001
v 0.188000 -1.859497 -18.594000
v 1.775000 -2.596417 -16.094000
v 1.475000 -1.845897 -17.253000
v 0.802000 -1.564697 -17.992001
v 1.192000 -2.956578 -14.218001
v -8.048000 -2.896478 -14.419000
v -9.463000 -2.806827 -15.424000
v -9.335000 -2.433337 -16.569000
v -8.465000 -1.195997 -17.493999
v -9.527000 -1.191297 -17.011000
v -8.802000 -0.294797 -17.511999
v -6.996000 0.732003 -18.402000
v -8.303000 0.865003 -17.729000
v -6.186000 2.099703 -18.225000
v -7.450000 1.860603 -17.872000
v -8.188000 1.840703 -17.552000
v -9.767000 0.585303 -16.938999
v -10.713000 -0.628597 -15.954000
v -10.181000 -1.939527 -16.171000
v -9.547000 -3.081768 -13.703001
v -10.921000 -2.194358 -15.165000
v -7.267000 -2.884438 -12.091000
v -5.360000 -2.882568 -9.541700
v -9.270000 -2.950208 -12.297001
v -10.693000 -2.726438 -12.484000
v -11.101000 -2.532748 -13.885000
v -11.491000 -1.669498 -14.356000
v -11.329000 -0.990098 -14.951000
v -11.414000 0.139002 -14.949000
v -10.764000 1.168903 -15.702000
v -9.931000 1.837503 -16.358000
v -8.953000 2.072703 -17.073999
v -7.948000 2.498703 -17.295000
v -7.987000 2.953903 -15.886999
v -9.253000 2.615403 -15.812000
v -10.279000 2.370503 -15.590000
v -10.994000 2.296402 -14.740000
v -11.461000 1.248702 -14.677000
v -11.854000 0.575802 -13.734000
v -11.713000 -0.716898 -14.122000
v -11.635000 -1.748798 -13.352000
v -9.557000 -2.916128 -11.028000
v -11.110000 -2.394828 -10.960000
v -11.797000 -1.664798 -12.064000
v -8.396000 -2.904739 -9.030400
v -10.469000 -2.624088 -9.624300
v -11.200000 -1.609098 -9.944700
v -11.640000 -1.139698 -10.884000
v -11.927000 -0.404698 -11.794000
v -11.850000 -0.641698 -12.960000
v -11.807000 1.645202 -12.556000
v -11.946000 0.357402 -12.543000
v -11.598000 1.840502 -13.827000
v -10.707000 2.782902 -13.110000
v -9.583000 3.019502 -14.455999
v -8.671000 2.868502 -14.978000
v -9.216000 2.986102 -12.889999
v -7.927000 2.897502 -13.716000
v -10.991000 2.564102 -11.526000
v -9.699000 2.971402 -11.625999
v -11.626000 1.726902 -11.389000
v -11.926000 0.761802 -11.592000
v -11.636000 0.083702 -10.799000
v -11.368000 -0.451098 -9.962200
v -11.402000 -2.095809 -9.085600
v -11.675000 -0.996998 -9.160600
v -10.856000 -2.799139 -7.903300
v -6.052000 -2.881129 -6.505200
v -8.610000 -2.862459 -4.734800
v -8.887000 -2.881569 -6.806601
v -10.341000 -3.115099 -5.974000
v -12.091000 -2.825089 -6.277201
v -12.369000 -2.268999 -7.607700
v -12.005000 -1.629799 -8.383100
v -11.873000 0.243201 -9.165000
v -12.304000 -0.382599 -8.349700
v -11.392000 0.708002 -9.896400
v -11.549000 1.208502 -10.668000
v -11.269000 2.209202 -10.622000
v -10.016000 2.757602 -10.025100
v -9.008000 2.866402 -10.728000
v -8.290000 2.892302 -11.642000
v -8.982000 2.897801 -8.198900
v -8.043000 2.828502 -9.636300
v -10.728000 2.558101 -8.443200
v -11.247000 1.929802 -9.783900
v -11.665000 1.531201 -9.008000
v -12.422000 1.061601 -8.159400
v -12.750000 -1.164699 -7.621100
v -13.130000 0.092601 -7.527300
v -12.989000 -1.954639 -6.925900
v -10.997000 -2.917989 -4.233901
v -12.681000 -2.845559 -4.822001
v -13.454000 -2.120849 -5.910901
v -9.238000 -2.882610 -2.482501
v -12.598000 -2.778990 -3.283601
v -13.734000 -2.093159 -4.406200
v -13.984000 -0.825799 -5.457700
v -13.444000 -0.905199 -6.682200
v -13.128000 1.235501 -7.229000
v -13.836000 0.583101 -6.322000
v -12.554000 2.207901 -7.245600
v -11.853000 2.219501 -8.075600
v -11.315000 2.900301 -6.997499
v -9.547000 2.872201 -6.970300
v -6.283000 2.825401 -6.147099
v -10.127000 2.872601 -5.096399
v -12.392000 2.758501 -5.836200
v -13.309000 1.870201 -6.416399
v -13.753000 1.858801 -4.994200
v -14.207000 0.339601 -4.923200
v -14.104000 -0.723299 -4.002200
v -13.560000 -1.781200 -2.869800
v -11.176000 -2.861090 -2.168300
v -12.468000 -2.341010 -1.780900
v -8.268000 -2.888950 -0.542201
v -9.984000 -2.852690 -0.947100
v -11.303000 -2.550170 -0.537450
v -12.190000 -1.724600 -0.705600
v -13.039000 -1.248200 -1.672100
v -13.714000 -0.384700 -2.626900
v -14.204000 0.718201 -3.618500
v -12.255000 2.942401 -3.996099
v -13.362000 1.920900 -3.161400
v -7.848000 2.831001 -2.988600
v -6.327000 2.838001 -3.098799
v -10.504000 3.040601 -2.646100
v -12.250000 2.507101 -2.310400
v -12.930000 1.692500 -2.057900
v -13.589000 0.892900 -2.254100
v -13.059000 -0.035900 -1.484400
v -12.482000 -0.788500 -0.824430
v -11.662000 -1.010800 0.317050
v -11.708000 -1.999990 0.120360
v -9.841000 -2.884150 0.957300
v -11.128000 -2.383400 0.510100
v -5.889000 -2.885210 2.186300
v -9.217000 -2.943191 3.330400
v -10.965000 -2.672930 2.318300
v -11.185000 -2.485300 1.221200
v -11.501000 -1.944720 0.767650
v -11.984000 -0.692300 1.997200
v -11.662000 0.581800 0.930600
v -11.668000 -1.830500 1.590400
v -12.368000 0.233700 -0.411280
v -12.815000 1.092400 -1.258800
v -12.340000 1.959700 -1.309100
v -11.253000 2.694500 -0.841910
v -8.951000 2.907400 -0.709960
v -4.821000 2.811200 -0.260010
v -8.443000 2.857200 1.742700
v -10.206000 2.784000 0.656271
v -11.275000 2.304500 0.343120
v -11.958000 1.548600 -0.242340
v -11.444000 1.673200 0.784720
v -11.581000 1.652200 1.754000
v -12.191000 0.763200 2.666500
v -12.436000 -0.731201 3.522300
v -12.068000 -1.981470 2.935700
v -11.039000 -2.871441 3.952199
v -7.617000 -2.882521 5.525599
v -9.735000 -2.888781 5.029099
v -11.116000 -2.847451 5.651299
v -12.338000 -2.099251 4.564600
v -12.660000 -0.714201 5.077100
v -12.615000 0.397499 4.106200
v -12.182000 1.834199 4.095901
v -11.753000 1.976900 2.764300
v -11.147000 2.347100 2.264500
v -11.027000 2.329300 1.330900
v -10.235000 2.786999 2.241601
v -9.520000 2.860399 3.860000
v -11.033000 2.617100 3.364901
v -11.025000 2.890899 4.986300
v -12.017000 2.079399 5.982201
v -12.674000 0.764899 5.567600
v -12.226000 -0.425201 6.586200
v -12.277000 -1.914881 6.261099
v -9.430000 -2.905211 6.708200
v -10.975000 -2.580571 7.393099
v -7.414000 -2.898921 8.167300
v -9.417000 -2.862341 8.609500
v -10.680000 -1.849301 8.972300
v -11.549000 -1.320801 7.582600
v -11.516000 -0.241801 7.671300
v -11.750000 1.030199 7.266800
v -10.931000 2.672599 6.654100
v -11.534000 2.032799 6.931001
v -9.361000 2.915899 5.937800
v -6.914000 2.842199 4.595700
v -3.035000 2.798199 4.657701
v -1.597000 2.771100 2.393000
v -9.768000 2.813599 8.051200
v -7.813000 2.857799 7.299700
v -11.095000 2.143399 7.653700
v -11.070000 0.268699 8.617000
v -11.031000 -0.746801 8.413300
v -7.959000 -2.886202 10.013000
v -9.430000 -2.476892 10.188000
v -9.852000 -1.374302 10.323000
v -10.783000 -0.619302 9.620800
v -10.559000 0.623298 9.900000
v -10.690000 1.613399 8.873400
v -9.589000 2.505098 9.910000
v -7.759000 2.964399 9.376001
v -5.009000 2.813799 8.296600
v 0.127000 2.808699 8.515500
v 0.100000 2.776299 4.390501
v -5.949000 2.881198 11.259000
v -2.795000 2.849598 11.831000
v -8.140000 2.478698 11.248000
v -9.285000 1.785198 10.809000
v -10.121000 1.569198 10.153000
v -9.502000 0.869398 10.689000
v -9.761000 -0.222702 10.517000
v -8.962000 -0.967802 11.184000
v -8.978000 -1.831502 10.988000
v -8.981000 0.126198 11.536000
v -8.751000 1.357698 11.859000
v -8.174000 2.566298 12.945000
v -6.851000 3.010998 12.734001
v -4.829000 2.884198 14.225000
v 0.766000 2.883398 13.360000
v -6.943000 2.971398 14.197001
v -8.267000 2.531498 14.408000
v -9.026000 1.632298 13.448000
v -9.373000 0.580698 12.635000
v -9.311000 -0.668702 12.540000
v -9.349000 0.197698 14.000000
v -8.863000 1.529498 14.742000
v -7.406000 2.889597 15.673000
v -8.337000 2.187797 15.413000
v -6.055000 2.954397 15.492001
v -1.696000 2.895397 15.372000
v 2.249000 2.916898 15.201000
v 3.152000 2.983598 14.124001
v 3.335000 2.864398 11.579000
v 5.104000 2.885198 13.526000
v 3.189000 3.072497 15.392001
v 4.230000 2.756597 15.442000
v 0.900000 2.899897 16.129000
v -3.526000 2.964997 16.264999
v -4.942000 3.039897 16.643000
v -6.358000 2.865197 16.716000
v -7.237000 2.496897 16.791000
v -8.022000 1.941097 16.399000
v -8.534000 1.479597 15.625000
v -8.849000 0.590097 15.328000
v -8.393000 0.934197 16.164000
v -7.367000 1.818197 17.270000
v -7.805000 0.695597 17.166000
v -6.744000 2.327997 17.448000
v -5.720000 2.361397 17.747999
v -3.757000 2.838997 17.492001
v -4.587000 2.493797 18.000000
v -2.438000 3.053997 17.572001
v -0.527000 3.016397 17.731001
v 1.439000 2.840297 18.162001
v 3.073000 3.114997 16.811001
v 5.213000 2.448298 15.085000
v 4.994000 2.232197 15.948000
v 4.746000 2.472797 16.840000
v 4.115000 2.153597 18.079000
v 2.920000 2.481897 18.516001
v 1.961000 1.679497 19.594999
v 0.103000 2.101597 19.261999
v -1.739000 2.397797 19.101999
v -3.395000 2.127897 18.614000
v -4.915000 1.130797 18.510000
v -6.680000 1.482697 18.024000
v -7.818000 -1.051503 17.139999
v -6.674000 -0.015803 18.341999
v -8.440000 -0.116803 16.142000
v -8.888000 -0.660502 15.090000
v -8.449000 -1.173803 15.940000
v -7.183000 -2.444643 17.211000
v -6.431000 -1.577803 18.163000
v -8.060000 -2.265643 16.139000
v -5.029000 -0.597703 18.517000
v -3.533000 0.005697 18.950001
v -3.600000 1.094197 18.882000
v -2.540000 1.087997 19.032000
v -1.207000 1.049397 19.746000
v 0.383000 0.623497 19.621000
v 3.093000 0.345497 19.427999
v 1.615000 0.210297 19.976000
v 3.365000 1.606497 19.011999
v 4.104000 1.033697 18.607000
v 5.030000 1.067797 17.389000
v 4.278000 -0.116603 18.530001
v 3.307000 -1.123803 19.177999
v 1.990000 -0.956503 19.812000
v 0.505000 -0.705603 19.617001
v -0.999001 -0.358903 19.863001
v -2.128000 0.083297 19.363001
v -4.952000 -1.992933 18.396000
v -5.904000 -2.742173 17.580999
v -6.257000 -2.998513 15.675999
v -8.726000 -1.808403 15.199000
v -8.054000 -2.735212 14.557000
v -9.162000 -1.640102 13.826000
v -6.721000 -2.892882 12.899000
v -8.374000 -2.631382 12.997000
v -4.051000 -2.920793 17.152000
v -3.338000 -2.887982 13.582000
v -3.665000 -2.168923 18.672001
v -3.948000 -1.228603 18.752001
v -2.535000 -1.245803 19.219999
v -0.832000 -1.874783 19.671000
v 0.745000 -1.839303 19.511999
v 2.074000 -2.347163 19.339001
v 4.278000 -1.398803 18.247000
v 3.369000 -2.288573 18.705000
v 4.939000 -0.444603 17.563999
v 5.079000 -1.694803 17.056000
v 4.054000 -2.642913 17.715000
v 2.265000 -3.041293 17.785000
v 0.060000 -2.890173 18.388000
v -2.224000 -2.627913 18.538000
v -1.787000 -2.931003 16.690001
v -9.040000 -1.867532 12.159000
v -8.245000 -2.553382 11.510000
v -6.011000 -2.882262 10.551000
v -7.204000 -2.831682 11.245000
v 0.622000 -2.879843 15.622000
v 3.438000 -2.998683 16.238001
v 4.555000 -2.726373 16.896999
v 5.630000 -0.081903 16.153000
v 5.509000 -1.583102 15.589000
v 4.889000 -2.589833 16.160999
v 5.544000 1.561897 15.784000
v 4.646000 -2.722912 14.781000
v 6.222000 -0.473002 14.610000
v 6.230000 -1.906112 14.309000
v 2.662000 -2.999262 14.382999
v 0.873000 -2.876802 11.968000
v 3.620000 -2.910022 13.085000
v 5.556000 -2.974542 13.121999
v 7.035000 -0.817502 13.528000
v 7.313000 -2.112282 13.056000
v 6.197000 1.001898 14.508000
v 7.006000 0.401198 13.694000
v 5.874000 2.171198 14.557000
v 6.279000 2.034198 13.569000
v 6.749000 1.266998 13.395000
v 7.956000 0.091898 13.000000
v 7.663000 1.200698 13.002000
v 7.984000 -1.008202 12.910000
v 6.574000 -2.909472 11.751000
v 4.343000 -2.892612 11.026000
v -3.641000 -2.881581 7.845300
v 1.948000 -2.882431 7.605199
v 7.767000 -3.036312 10.345999
v 6.111000 -2.909422 10.472000
v 8.109000 -2.597292 11.957000
v 8.459000 -1.618302 12.357000
v 8.849000 -0.438902 12.048000
v 8.621000 1.035998 12.208000
v 8.101000 2.064698 12.518000
v 7.106000 2.007798 12.818000
v 7.329000 2.711498 11.892000
v 6.346000 2.548198 12.635000
v 8.752000 2.293898 11.343000
v 9.407000 0.802098 10.894000
v 9.387000 -0.381802 11.006000
v 9.203000 -1.656602 11.198000
v 9.448000 -2.048321 9.390900
v 8.141000 -2.885921 8.439900
v 5.749000 -2.876781 8.683900
v 7.181000 -2.876091 6.788700
v 9.278000 -1.846801 7.992199
v 8.868000 -2.723041 7.054500
v 9.721000 -0.161702 9.787300
v 9.264000 -0.585601 8.364500
v 9.228000 2.062499 9.497900
v 9.654000 0.953398 9.881000
v 7.457000 3.045598 10.203001
v 7.696000 2.893599 8.554900
v 8.675000 2.330799 8.011800
v 9.222000 1.024599 8.342800
v 9.611000 0.983698 9.321800
v 9.958000 0.423899 7.467900
v 9.907000 -0.742701 7.348700
v 9.965000 -1.886531 7.024300
v 9.843000 -2.700221 5.827099
v 8.384000 -2.898131 5.866499
v 5.036000 -2.882161 5.662899
v 2.629000 -2.882281 4.098400
v 7.266000 -2.887231 4.751299
v 8.808000 -2.869961 4.843299
v 10.911000 -2.062301 6.628500
v 10.838000 -3.054421 4.424200
v 9.640000 -2.944241 4.560500
v 11.590000 -2.570431 5.783500
v 10.897000 -1.020301 6.886000
v 10.902000 0.124499 7.067500
v 10.784000 1.265199 6.958700
v 9.839000 1.377099 7.113400
v 11.553000 0.797699 6.532800
v 11.744000 -0.191601 6.448300
v 11.813000 -1.337201 6.228500
v 12.757000 -1.462001 5.013500
v 12.114000 -2.657871 4.810599
v 12.478000 -2.397881 3.635299
v 11.153000 -2.864220 2.866800
v 9.110000 -2.879130 3.111099
v 5.527000 -2.882420 2.018500
v -0.728000 -2.882731 3.765300
v 1.834000 -2.882260 1.646000
v 12.244000 -2.172410 2.164000
v 11.073000 -2.916300 1.222700
v 13.013000 -1.033801 3.713100
v 12.705000 -0.854600 2.518700
v 12.809000 -0.036701 5.090800
v 12.389000 -0.451301 5.730600
v 13.063000 0.034799 4.172200
v 12.345000 0.744199 5.655300
v 12.885000 0.834799 4.736200
v 12.975000 -0.062801 3.214500
v 12.664000 0.695900 2.375300
v 13.055000 0.099100 1.329300
v 12.868000 -1.180200 1.320700
v 12.527000 -2.241670 1.033900
v 12.346000 -2.553160 -0.171860
v 10.981000 -2.925410 -0.496600
v 8.947000 -2.872950 0.257450
v 3.112000 -2.882340 -0.737970
v -1.152000 -2.882490 -0.733020
v 6.797000 -2.878779 -2.257300
v 13.222000 -1.514600 0.184020
v 13.879000 -2.198350 -1.125030
v 12.217000 -3.032790 -1.686800
v 13.393000 -0.409900 0.440560
v 13.587000 0.818900 0.064930
v 12.892000 1.370600 1.124800
v 14.206000 -0.222100 -0.777780
v 13.963000 -0.767800 -2.514500
v 13.394000 -2.385740 -3.033100
v 11.708000 -3.064800 -3.428000
v 10.144000 -2.861910 -1.999601
v 2.626000 -2.882189 -4.018200
v -2.014000 -2.882299 -4.974300
v 6.710000 -2.881949 -6.438500
v 9.630000 -2.932739 -4.277000
v 12.750000 -2.431369 -4.346301
v 11.570000 -2.854539 -5.100700
v 13.198000 -0.945099 -4.426800
v 12.646000 -2.042909 -5.404901
v 10.193000 -3.020989 -6.674601
v 11.947000 -2.436729 -6.309200
v 1.730000 -2.882259 -8.295900
v 8.687000 -2.876029 -8.543800
v 11.777000 -2.392899 -7.630100
v 10.483000 -2.828969 -8.452100
v 12.531000 -0.977499 -6.557000
v 12.883000 0.046201 -5.545000
v 12.655000 0.731301 -6.625300
v 12.001000 0.428501 -7.980500
v 11.791000 -1.078699 -8.256100
v 11.294000 -2.061799 -8.725000
v 10.590000 -2.327028 -9.569500
v 9.630000 -2.811188 -9.450400
v -2.745000 -2.882089 -8.295900
v 6.404000 -2.879918 -10.488000
v 8.580000 -2.867568 -10.089300
v 9.740000 -2.680138 -10.687000
v 11.173000 -1.305998 -9.466800
v 10.691000 -1.671498 -10.634000
v 11.418000 -0.092698 -9.205600
v 10.755000 -0.402098 -10.319000
v 9.999000 -0.703598 -11.498000
v 10.034000 -1.825798 -11.484000
v 9.295000 -2.298258 -11.994000
v 8.445000 -2.815648 -11.295000
v 2.836000 -2.888098 -12.307000
v 5.760000 -2.882528 -13.851000
v 8.181000 -2.899308 -12.969000
v 9.765000 -1.426098 -12.244000
v 9.563000 -1.838298 -13.293000
v 10.206000 0.629702 -11.208000
v 10.004000 0.270702 -12.224000
v 9.755000 -0.448598 -13.006000
v 11.045000 0.851702 -10.083300
v 11.492000 0.999701 -9.066400
v 10.199000 1.689602 -10.577000
v 10.897000 2.035702 -9.371700
v 9.739000 1.528602 -11.446000
v 9.781000 1.211402 -12.282000
v 9.898000 0.725902 -13.081000
v 9.495000 -0.810798 -14.520000
v 9.126000 -2.283918 -14.659000
v 7.755000 -2.939478 -14.887001
v 3.374000 -2.820908 -14.866000
v 4.870000 -2.650767 -15.643000
v 3.826000 -2.292957 -15.780000
v 3.029000 -2.275447 -15.959000
v 6.495000 -2.858107 -15.813000
v 8.531000 -2.328847 -15.670000
v 7.728000 -2.571707 -15.992000
v 8.821000 -1.285597 -15.668000
v 9.776000 0.651502 -14.277000
v 8.979000 0.307703 -15.766000
v 9.181000 1.685802 -13.444000
v 9.171000 2.020402 -12.096000
v 9.501000 2.160202 -11.128000
v 9.558000 2.547502 -10.077200
v 8.527000 2.675302 -11.221000
v 8.127000 2.579702 -12.744000
v 8.032000 2.379402 -14.290000
v 8.831000 1.543402 -14.937000
v 8.338000 1.514603 -16.025999
v 7.585000 0.798203 -16.759001
v 7.992000 -0.719597 -16.532000
v 8.176000 -1.829997 -16.298000
v 7.199000 -1.942867 -16.743000
v 5.518000 -1.803797 -16.707001
v 4.311000 -1.949787 -16.268999
v 3.517000 -1.755297 -16.184999
v 2.444000 -1.444197 -16.476999
v 3.931000 -0.764997 -16.472000
v 2.159000 -0.183197 -16.638000
v 1.365000 -0.859197 -17.474001
v 6.712000 -0.640697 -17.098000
v 5.425000 -0.424497 -16.988001
v 6.242000 1.748403 -16.485001
v 6.192000 0.557703 -17.278999
v 7.476000 1.916103 -16.117001
v 7.990000 2.153703 -15.401000
v 6.970000 2.830602 -13.601000
v 6.839000 2.559302 -15.197000
v 6.431000 2.737102 -11.583000
v 7.919000 2.774001 -9.357700
v 5.226000 2.789402 -14.071000
v 2.785000 2.744802 -12.029000
v 5.574000 2.464603 -15.605000
v 4.784000 0.850603 -16.796000
v 5.006000 1.900803 -16.191999
v 3.114000 0.753103 -16.283001
v 1.941000 0.728203 -16.782000
v 1.199000 0.374103 -17.641001
v 1.540000 1.191603 -17.212000
v 2.121000 1.436903 -16.506001
v 4.001000 1.613003 -16.052000
v 2.983000 1.720103 -16.167000
v 4.417000 2.425303 -15.492000
v 3.324000 2.652702 -14.656000
v 4.996000 2.745701 -7.503500
v 8.171000 2.746101 -7.265900
v 9.804000 2.755502 -8.276600
v 1.653000 2.770402 -14.586000
v 3.401000 2.155303 -15.654000
v 2.167000 2.290103 -15.856000
v 1.319000 1.994403 -17.115999
v 1.061000 1.393203 -17.948000
v 0.257000 -0.666497 -18.683001
v 0.301000 0.897703 -18.799999
v 0.157000 2.117803 -18.124001
v -1.032000 1.682103 -19.462999
v 0.249000 2.701203 -16.289000
v -0.117000 2.823702 -14.069000
v 0.979000 2.758401 -9.011900
v -0.367000 2.771102 -11.592000
v -1.629000 2.887903 -15.935000
v -1.654000 2.747603 -17.997000
v -2.664000 2.016803 -19.580999
v -3.274000 3.019803 -17.065001
v -3.253000 2.623703 -18.649000
v -3.160000 2.838502 -13.910000
v 8.492000 2.749001 -4.791399
v 9.716000 2.765701 -6.524799
v -5.079000 3.054103 -16.784000
v -6.099000 2.909302 -14.842000
v -5.923000 2.835302 -11.314000
v -2.453000 2.792301 -9.394900
v 5.431000 2.758800 -2.089799
v 9.260000 2.759200 -1.785200
v 10.779000 2.787601 -3.263299
v 11.099000 2.747200 -1.673300
v 10.774000 2.807800 -0.045790
v -0.080000 2.768601 -4.640699
v 5.303000 2.775300 1.734300
v 8.477000 2.768500 1.062400
v 1.135000 2.765600 0.966500
v 3.783000 2.789399 4.954401
v 7.338000 2.798999 3.859101
v 9.448000 2.790299 3.534500
v 11.277000 2.816499 2.471400
v 9.151000 2.774999 5.397901
v 10.777000 2.855099 4.813400
v 5.111000 2.841799 8.711400
v 7.381000 2.911099 6.644801
v 10.308000 2.188699 6.321200
v 9.256000 2.248799 7.050900
v 12.448000 2.050099 4.492401
v 11.481000 1.782999 5.933701
v 5.795000 2.826298 11.380000
v 5.154000 1.854897 16.533001
v 12.732000 1.723600 3.060500
v 12.954000 1.151699 3.986400
v 12.978000 0.748299 3.350900
v 12.378000 1.837000 1.965800
v 12.166000 2.373200 0.810010
v 13.089000 2.025800 0.069530
v 12.263000 2.688100 -0.715210
v 13.586000 1.841300 -1.199300
v 12.332000 2.716400 -2.277800
v 13.267000 2.085800 -2.739100
v 12.281000 2.475901 -3.748600
v 14.063000 0.893700 -0.736950
v 14.042000 0.883400 -2.296700
v 14.143000 0.895100 -1.241500
v 13.189000 1.475601 -3.897500
v 13.685000 0.265101 -3.569700
v 12.447000 2.139001 -4.852200
v 11.120000 2.801601 -5.221000
v 12.212000 1.852801 -6.023799
v 11.098000 2.636601 -6.999599
v 12.675000 1.385601 -5.015400
v 13.105000 0.503701 -4.678700
v 12.734000 0.910801 -5.587500
v 11.910000 1.682201 -7.430300
v 11.172000 2.297001 -8.160100
v 11.523000 1.529601 -8.423500
v -6.805000 2.803703 -16.976999
v -4.666000 2.329403 -18.648001
v -3.772000 1.814803 -19.218000
v -5.999000 -2.882440 -2.485900
vt -0.389204 0.142288
vt -0.403878 0.188688
vt -0.425338 0.162008
vt -0.352838 0.191704
vt -0.447726 0.112418
vt -0.400688 0.089798
vt -0.113530 2.890386
vt -0.126000 2.936844
vt -0.157958 2.902044
vt -0.176924 2.953664
vt -0.212710 2.928492
vt -0.389030 0.240134
vt -0.460776 0.203768
vt -0.541048 0.119784
vt -0.488500 0.042470
vt -0.434154 0.042586
vt -0.076352 2.923272
vt -0.062258 2.865388
vt -0.088706 2.974544
vt -0.136556 2.991074
vt -0.183652 3.010388
vt -0.219902 2.980808
vt -0.332944 0.241236
vt 1.026692 -1.779252
vt 1.039626 -1.819446
vt 1.073846 -1.782094
vt -0.436532 0.300686
vt -0.356608 0.298656
vt -0.579502 0.295872
vt -0.540990 0.022402
vt 2.968938 2.239568
vt 2.941156 2.290956
vt 2.916158 2.241076
vt 2.989934 2.272686
vt 2.994516 2.325814
vt -0.033142 2.913180
vt 0.003862 2.877626
vt -0.018004 2.835518
vt -0.036216 2.968164
vt -0.061040 3.008010
vt -0.096942 3.023670
vt -0.142936 3.046406
vt 1.083416 -1.889568
vt 1.034000 -1.867644
vt 1.038930 -1.920366
vt 1.072396 -1.847808
vt 1.083242 -1.817590
vt 1.110618 -1.798102
vt 1.130512 -1.758430
vt -0.385724 0.368488
vt 1.176854 -1.774264
vt 1.200228 -1.731634
vt 1.144954 -1.797522
vt -0.460718 0.376840
vt -0.595974 0.048676
vt -0.582402 -0.016574
vt -0.540178 -0.029682
vt 2.953916 2.202332
vt 0.002470 2.803502
vt 0.018942 2.836852
vt 0.026134 2.770674
vt 0.054728 2.809998
vt 0.048986 2.857906
vt 0.011228 2.935974
vt 0.059252 2.905872
vt 0.022538 2.991886
vt 0.056700 2.955056
vt 0.080886 2.935858
vt 0.103564 2.858602
vt 0.114178 2.790916
vt 0.066212 2.764120
vt 2.933906 -1.499634
vt 2.979088 -1.509552
vt 2.953568 -1.464428
vt -0.644230 0.006916
vt 3.000548 -1.452190
vt -0.613954 -0.063844
vt -0.665806 0.112012
vt -0.726126 0.218384
vt -0.689470 0.038352
vt -0.704782 -0.014602
vt -0.661804 -0.050504
vt -1.751972 0.359614
vt -1.726394 0.315244
vt -1.712532 0.351668
vt 0.093588 2.729610
vt 0.135580 2.755652
vt -1.710734 0.385946
vt 0.164116 2.788422
vt 0.160404 2.841840
vt 0.144454 2.886732
vt 0.113598 2.921996
vt -1.983740 2.068932
vt -2.007984 2.037902
vt -1.950332 2.026128
vt -1.985886 1.993010
vt -2.019352 1.992836
vt 0.092660 2.957782
vt -2.010768 1.961400
vt 3.125480 1.167438
vt 3.121768 1.205544
vt 3.078500 1.184548
vt 3.101816 1.131942
vt 3.058722 1.141164
vt 0.194624 2.818176
vt -1.679356 0.415874
vt -1.632608 0.394182
vt -1.641714 0.437740
vt -1.678950 0.370576
vt -1.687418 0.321798
vt -1.697742 0.270642
vt -0.738538 0.047806
vt -0.764812 -0.005728
vt -1.650240 0.288390
vt -1.645948 0.237524
vt -0.790912 0.119436
vt -0.801932 0.037366
vt -1.597344 0.230216
vt -1.621588 0.193560
vt -1.606102 0.269250
vt -1.608016 0.314374
vt -1.645542 0.340416
vt -1.572926 0.389658
vt -1.606740 0.355380
vt -1.602332 0.429910
vt 3.067770 1.102478
vt -2.011058 1.918770
vt -1.962570 1.877416
vt -1.962396 1.944696
vt -2.083268 1.679346
vt -2.038028 1.676040
vt -2.043944 1.732648
vt -1.948244 1.982512
vt -1.913096 1.907402
vt -1.895290 1.963488
vt -1.932062 1.823766
vt -1.896334 1.858218
vt -1.991744 1.694948
vt -1.986234 1.756312
vt -1.959032 1.726268
vt -1.570896 0.339604
vt -1.541374 0.359150
vt -1.570606 0.299294
vt -1.565096 0.261536
vt -1.586672 0.193676
vt -1.556860 0.225170
vt -0.868458 0.050242
vt 0.992240 2.553290
vt 1.030694 2.531366
vt 1.019964 2.598008
vt -0.843634 0.240772
vt -0.945308 0.178074
vt -0.876694 0.136430
vt -0.928372 0.098092
vt -0.944670 0.031856
vt 0.971070 2.616858
vt 0.987890 2.667608
vt 0.961500 2.578636
vt -1.551466 0.187180
vt -1.521828 0.258288
vt -1.514578 0.219602
vt -1.531630 0.290362
vt -1.537140 0.325278
vt -1.947896 1.761938
vt -1.510576 0.350160
vt -1.866464 1.803234
vt -1.918142 1.790358
vt -1.853936 1.848706
vt -1.855154 1.893308
vt -1.791122 1.774582
vt -1.798604 1.840122
vt -1.848658 1.739144
vt 2.256640 3.029354
vt 2.316728 3.031790
vt 2.275142 3.083990
vt 2.231526 3.049306
vt -1.496424 0.319420
vt -1.484070 0.287810
vt -1.469454 0.252662
vt 0.927686 2.607404
vt 0.878908 2.600038
vt 0.914984 2.568428
vt 2.149398 -1.987762
vt 2.106942 -1.974654
vt 2.114540 -2.026100
vt 0.945028 2.643306
vt -0.999712 0.101804
vt -1.004990 0.033480
vt 0.935980 2.685588
vt 0.969388 2.725028
vt -1.034222 0.190660
vt -1.057828 0.060160
vt 0.921886 2.741210
vt 2.939068 1.529126
vt 2.959310 1.477738
vt 2.976652 1.540900
vt 0.881112 2.691910
vt 0.900716 2.644292
vt 2.075390 -2.005046
vt 2.052886 -1.959632
vt 0.842832 2.643828
vt 2.061992 -2.046168
vt 2.094298 -2.071398
vt 2.139132 -2.066352
vt 2.272416 2.995946
vt 2.108972 -2.109330
vt -1.830562 1.681898
vt -1.777608 1.724470
vt -1.872902 1.700806
vt -1.661028 1.780208
vt -1.748840 1.654870
vt -1.833868 1.621172
vt -1.873250 1.659104
vt 2.035544 -2.010150
vt 2.007356 -2.048372
vt 1.986302 -1.982832
vt 2.009386 -1.927210
vt 0.836220 2.699682
vt 0.868062 2.743414
vt 3.005304 1.489918
vt 3.032912 1.545598
vt -1.075170 0.127324
vt -1.108694 0.087884
vt 2.992312 1.429714
vt -1.087582 0.254692
vt -1.099762 0.188108
vt -1.134504 0.148030
vt 3.025894 1.394392
vt 2.993472 1.365914
vt 3.036044 1.445432
vt 3.059476 1.496124
vt 3.090100 1.546526
vt 3.060984 1.586256
vt 1.960086 -1.922280
vt -1.930612 1.684218
vt -1.984610 1.644314
vt -1.908108 1.618852
vt -1.958510 1.577556
vt -2.016278 1.581210
vt -1.784684 1.570132
vt -1.629766 1.648490
vt -1.587542 1.689090
vt -1.699830 1.573148
vt -1.743214 1.520600
vt -1.906658 1.552152
vt -1.944474 1.534114
vt -1.984726 1.532664
vt 3.109414 1.492006
vt 3.082212 1.449550
vt 3.059824 1.411212
vt 3.061100 1.356982
vt 3.023226 1.356228
vt -1.164548 0.222444
vt -1.168666 0.170360
vt 3.010988 1.329722
vt -1.146916 0.380436
vt -1.238440 0.280966
vt -1.229740 0.203884
vt -1.194534 0.179234
vt 2.651330 -1.391290
vt 2.641122 -1.416984
vt 2.666526 -1.407124
vt 3.031810 1.331694
vt 2.705908 -1.399642
vt 2.703240 -1.466400
vt 2.759268 -1.435892
vt 2.663684 -1.439488
vt 3.125944 1.349790
vt 3.101120 1.403904
vt 3.124436 1.446824
vt -1.951028 1.497806
vt -1.915880 1.509232
vt -1.677674 1.501634
vt -1.863680 1.499546
vt -1.606450 1.554066
vt -1.473340 1.642168
vt -1.531224 1.494094
vt -1.609988 1.483016
vt -1.649254 1.466254
vt -1.908224 1.465036
vt -1.865536 1.451696
vt 3.148564 1.401526
vt 2.800332 -1.438386
vt 2.791052 -1.474810
vt 2.751786 -1.504912
vt 3.162600 1.359476
vt 2.689262 -1.525270
vt 2.647038 -1.490470
vt 2.623142 -1.454278
vt -1.288378 0.226446
vt 2.600870 -1.513206
vt -1.290988 0.371098
vt -1.306184 0.288912
vt -1.349336 0.249936
vt 2.628478 -1.551254
vt -1.329906 0.190254
vt 2.676212 -1.584198
vt 2.726324 -1.557692
vt 2.778118 -1.566682
vt 2.794300 -1.515932
vt 0.437006 -0.941152
vt 0.417518 -0.969108
vt 0.443618 -0.977344
vt -1.846396 1.381748
vt -1.850688 1.415562
vt -1.880210 1.392768
vt -1.883284 1.428380
vt -1.617702 1.443112
vt -1.571940 1.435456
vt -1.511098 1.405122
vt -1.567996 1.382734
vt -1.598388 1.412546
vt 0.421462 -1.012260
vt 0.375642 -0.989582
vt 0.384806 -1.057732
vt 0.331678 -1.044102
vt 0.304882 -0.992424
vt 2.726556 -1.615054
vt 2.671340 -1.639240
vt 2.619256 -1.614880
vt -2.074742 -0.880948
vt -2.133786 -0.845220
vt -2.134888 -0.906990
vt -1.360530 0.325510
vt -1.408438 0.281720
vt -2.196368 -0.871494
vt -1.380830 0.418890
vt -1.427230 0.355264
vt 0.754788 -1.655190
vt 0.818530 -1.640342
vt 0.754788 -1.600554
vt 0.808032 -1.692600
vt 0.870208 -1.688830
vt 0.840976 -1.738188
vt 0.247230 -1.001066
vt 0.225770 -1.046074
vt 0.269850 -1.058544
vt 0.199090 -1.020206
vt 0.333998 -1.095606
vt 0.306738 -1.076234
vt -1.527976 1.334884
vt -1.484244 1.288078
vt -1.455418 1.347644
vt -1.416094 1.447346
vt -1.299920 1.540668
vt -1.313028 1.642864
vt -1.415630 1.275202
vt -1.376306 1.345382
vt 0.292006 -1.105234
vt 0.304882 -1.156622
vt 0.215678 -1.089226
vt 0.747422 -1.735868
vt 0.791560 -1.728966
vt 0.765402 -1.700952
vt 0.194160 -1.063358
vt -1.454142 0.428170
vt -1.482968 0.379160
vt 0.700964 -1.608616
vt 0.691278 -1.653160
vt 0.721496 -1.697066
vt 0.192536 -1.138526
vt 0.246360 -1.131972
vt 0.693424 -1.735172
vt -1.364764 1.224858
vt -1.323758 1.285294
vt 0.246882 -1.199020
vt -1.269006 1.384764
vt -1.111826 1.504302
vt -1.213848 1.625522
vt -1.224114 1.274100
vt -1.116872 1.334594
vt -1.289074 1.220856
vt 0.204484 -1.211780
vt 0.216084 -1.260964
vt 0.212894 -1.173906
vt 0.182270 -1.184868
vt 0.669528 -1.690628
vt 0.156518 -1.151982
vt 0.642732 -1.649390
vt 0.659668 -1.620564
vt 0.141554 -1.200412
vt 0.618836 -1.686162
vt 0.166784 -1.239272
vt -1.248474 1.169874
vt -1.214544 1.208386
vt 0.172178 -1.303420
vt -1.118206 1.213954
vt -0.974134 1.376818
vt -1.181368 1.162914
vt -1.215356 1.124344
vt 0.129780 -1.278132
vt 0.131114 -1.336364
vt 0.122182 -1.228716
vt -1.968254 -1.436356
vt -2.014364 -1.450450
vt -1.981884 -1.483510
vt -1.937862 -1.480726
vt 0.074970 -1.254236
vt -2.019700 -1.396220
vt 0.092602 -1.310786
vt -1.158806 1.107988
vt 0.094284 -1.352024
vt 0.110060 -1.392566
vt -1.123368 1.146442
vt -0.997508 1.256932
vt -0.885104 1.358780
vt -0.884872 1.412720
vt -0.941886 1.492470
vt -0.841836 1.478318
vt -0.852682 1.376122
vt -0.820666 1.400308
vt -0.902214 1.298228
vt -1.029640 1.185650
vt -1.062236 1.139656
vt -1.102256 1.102884
vt -1.126384 1.079220
vt 0.062268 -1.377254
vt 0.069866 -1.414954
vt 0.068648 -1.338046
vt 0.051538 -1.305276
vt 0.040054 -1.342396
vt 0.038082 -1.409386
vt 0.008908 -1.373890
vt -0.034998 2.684022
vt -0.062954 2.661286
vt -0.038188 2.658096
vt 0.049624 -1.437516
vt -1.058118 1.088268
vt 0.001136 2.668768
vt -1.006382 1.143774
vt -1.018446 1.108568
vt -0.965434 1.173702
vt -0.905056 1.215868
vt -0.836384 1.251422
vt -0.821246 1.331346
vt -0.800424 1.435108
vt -0.785750 1.404368
vt -0.771134 1.371772
vt -0.759418 1.319862
vt -0.784010 1.277464
vt 0.353080 -1.640342
vt 0.405802 -1.668878
vt 0.398088 -1.595682
vt 0.465136 -1.627640
vt -0.848912 1.186520
vt -0.907260 1.145920
vt -1.069370 -2.136126
vt -1.102894 -2.196620
vt -1.037992 -2.195054
vt -1.070588 -2.236640
vt -1.032830 -2.247660
vt 0.047942 2.629212
vt 0.094806 2.681122
vt 0.043128 2.684370
vt -0.023398 2.625790
vt 0.011576 -1.434790
vt -0.037202 -1.335668
vt -0.037202 -1.410720
vt 0.012272 -1.318442
vt 0.024336 -1.271984
vt -0.010638 -1.290834
vt 1.837648 3.001688
vt 1.854526 3.056382
vt 1.788928 3.034632
vt 1.816536 3.104116
vt 1.792118 2.974254
vt 1.754186 2.998208
vt -0.006694 2.569588
vt 0.059948 2.564194
vt 0.015346 2.514894
vt 0.112264 2.600328
vt 0.099098 2.640058
vt 0.156402 2.706352
vt 0.138944 2.650092
vt 0.227510 2.713602
vt 0.193464 2.660068
vt 0.301692 2.715806
vt 0.254364 2.660764
vt 0.354066 2.678512
vt 0.305868 2.656936
vt 0.348904 2.729088
vt 0.340900 -1.601888
vt 0.305172 -1.637500
vt 2.767040 -0.674120
vt 2.799114 -0.656430
vt 2.761124 -0.621282
vt 2.801550 -0.706310
vt 2.746508 -0.728930
vt 2.794068 -0.760482
vt 2.723482 -0.663680
vt 2.704110 -0.612524
vt -0.621784 -2.151148
vt -0.673984 -2.182178
vt -0.640866 -2.215412
vt -0.587274 -2.197374
vt 0.271184 2.612914
vt 0.329126 2.618134
vt 0.215098 2.609782
vt 0.165914 2.616162
vt 0.074854 2.513792
vt 1.883816 3.015028
vt 1.906030 3.065488
vt -1.671236 0.519056
vt -1.627156 0.575258
vt -1.695422 0.566384
vt -1.688752 0.617076
vt 1.748154 2.960276
vt -1.615498 0.494812
vt 2.389518 2.640000
vt 2.433308 2.621904
vt 2.444096 2.670972
vt -1.963324 -1.325460
vt -1.995688 -1.307944
vt -2.003170 -1.345412
vt -1.951202 -1.376790
vt 2.488814 2.622252
vt -1.536618 0.516156
vt -1.565560 0.459548
vt 2.504938 2.678048
vt -1.645078 0.675598
vt -1.508546 0.645728
vt -1.798604 -0.987204
vt -1.817976 -0.917604
vt -1.853472 -0.976068
vt 0.125546 2.519534
vt 0.107102 2.551144
vt -1.880790 -0.933670
vt 0.162434 2.563440
vt 0.233832 2.556074
vt 0.289686 2.573822
vt -0.607980 -2.260942
vt 0.341364 2.569008
vt 2.674994 -0.654864
vt -0.558796 -2.235596
vt 2.657304 -0.612292
vt 2.695294 -0.700974
vt 2.644312 -0.702018
vt 2.627724 -0.650398
vt -1.570084 0.907540
vt -1.585454 0.960668
vt -1.627678 0.924824
vt -1.540040 0.969484
vt -1.991570 -0.800966
vt -1.927190 -0.795108
vt -2.000908 -0.746968
vt -1.625242 0.839274
vt -1.965702 -0.855022
vt -1.935658 -0.915980
vt -1.894304 -0.877120
vt -1.665726 0.761264
vt -1.593980 0.748156
vt 2.547104 2.650440
vt -1.511214 0.441162
vt 2.558704 2.696028
vt -1.443064 0.504962
vt -1.485868 0.473700
vt -1.519276 0.816422
vt -1.497584 0.924998
vt 3.023516 -0.278908
vt 2.980828 -0.238192
vt 2.980016 -0.274964
vt -1.503558 0.974472
vt 2.687116 -0.762164
vt 2.629290 -0.756944
vt 2.982800 -0.305936
vt 3.019224 -0.336444
vt 2.742854 -0.794876
vt 2.957512 -0.348508
vt 2.651678 -0.815350
vt 2.597564 -0.805142
vt 3.010930 -0.392820
vt -1.472528 0.974936
vt -1.427694 0.945124
vt -1.444282 0.869144
vt -1.386862 0.768978
vt -1.383846 0.882832
vt 2.951016 -0.421182
vt -1.355310 0.951504
vt 2.620242 -0.858676
vt 2.566534 -0.860474
vt 3.014294 -0.454822
vt 2.703472 -0.838492
vt 2.665598 -0.869812
vt 2.749002 -0.847482
vt 2.770926 -0.823238
vt 2.730094 -0.883558
vt 2.696164 -0.886632
vt 2.637816 -0.903858
vt 2.680388 -0.914008
vt 2.597448 -0.891968
vt -1.325904 1.012404
vt -1.291394 0.966236
vt -1.300268 0.876568
vt -1.311346 0.546722
vt -1.216806 0.739630
vt -1.223592 0.986536
vt -1.253520 0.930218
vt -1.274980 1.023424
vt 2.565316 -0.909194
vt -1.620254 -1.799262
vt -1.653720 -1.825884
vt -1.605928 -1.852564
vt 2.600232 -0.941964
vt 2.656666 -0.953332
vt 2.701848 -0.948750
vt 2.713100 -0.921142
vt 2.494498 -1.653972
vt 2.498616 -1.698458
vt 2.531328 -1.666906
vt 2.546292 -1.700140
vt 2.573552 -1.670502
vt 2.445836 -1.668530
vt 2.691582 -1.000080
vt 2.627202 -1.004952
vt 2.586312 -0.984768
vt 2.544726 -0.957914
vt -1.679530 -1.780122
vt -2.175488 -1.082614
vt -2.162322 -1.164742
vt -2.120794 -1.118226
vt -2.230762 -1.144674
vt -1.150802 0.970354
vt -1.164084 1.031080
vt -1.196216 0.889908
vt -1.107476 0.911136
vt -0.472956 3.124184
vt -0.415188 3.087470
vt -0.427252 3.147732
vt -0.377952 3.134798
vt -1.090830 0.974588
vt 2.510332 -1.013304
vt 2.578598 -1.031748
vt -1.631564 2.761684
vt -1.698960 2.749156
vt -1.668684 2.698000
vt -1.675180 2.793758
vt 2.660088 -1.062894
vt 2.619952 -1.043058
vt -0.816200 1.581268
vt -0.787664 1.632598
vt -0.853842 1.634164
vt -0.818868 1.698834
vt -0.887250 1.688742
vt -0.871648 1.729052
vt -1.742576 2.705540
vt -1.790948 2.680542
vt -1.739734 2.646380
vt -1.712242 2.679150
vt -1.696350 2.665056
vt -1.480822 2.779026
vt -1.542244 2.774270
vt -1.500832 2.733670
vt -1.544506 2.727928
vt -1.588412 2.759132
vt -1.586498 2.713544
vt -0.400572 3.182648
vt -1.032656 0.989958
vt -1.056494 0.939266
vt -0.346342 3.183460
vt -1.100922 0.818336
vt -1.082942 0.709528
vt -1.034512 0.882716
vt -1.013980 0.938396
vt 1.163804 -2.110142
vt 1.184916 -2.057362
vt 1.144954 -2.057594
vt -0.967986 1.003356
vt -0.991186 0.963336
vt -1.004178 1.050800
vt 1.224414 -2.080852
vt 0.006472 -1.955050
vt -0.024500 -1.990488
vt 0.015694 -1.999768
vt -0.030822 -1.949772
vt -0.020730 -2.034800
vt 0.016564 -2.044776
vt -0.020672 -2.077140
vt -2.033388 1.821156
vt -2.025558 1.787516
vt -1.993194 1.806830
vt -1.462552 2.728160
vt -0.053442 -2.060030
vt -0.060576 -2.022736
vt -0.067420 -1.978482
vt -0.071480 -1.928718
vt -0.125362 -1.971116
vt -0.111152 -1.922512
vt -0.961896 1.054222
vt -0.914916 1.048944
vt -0.908304 0.990480
vt -0.948382 0.922330
vt -0.965144 0.779476
vt -1.122962 0.586278
vt -1.008934 0.643814
vt -0.866776 1.018088
vt -0.851696 0.962350
vt 0.018304 -1.597654
vt -0.028038 -1.624160
vt 0.030020 -1.650376
vt -0.013132 -1.670154
vt 0.082916 -1.632222
vt 0.060934 -1.583502
vt -0.125710 -2.025752
vt -0.097174 -2.011658
vt -0.041552 -1.571032
vt -0.006868 -1.560708
vt -0.098450 -2.056492
vt -0.137310 -2.057362
vt -0.034592 -1.535478
vt 0.029556 -1.557750
vt 0.054496 -1.524516
vt 0.099388 -1.537740
vt 0.108842 -1.586402
vt 0.126648 -1.625494
vt -0.822638 1.010606
vt -0.783024 0.985666
vt -0.792652 0.932596
vt -0.850478 0.872682
vt -0.905346 0.652050
vt -0.971234 0.502062
vt -0.795146 0.758306
vt -0.782038 1.022032
vt -0.725894 1.024932
vt -0.731694 0.957768
vt 0.155010 -1.589244
vt 0.137552 -1.548992
vt 0.142888 -1.499402
vt 0.097010 -1.489252
vt 0.184126 -1.529852
vt 0.211154 -1.602758
vt 0.252798 -1.538726
vt 0.282900 -1.597944
vt -0.666212 0.978474
vt -0.678334 0.912992
vt -0.752632 0.879990
vt -0.797466 0.584422
vt -0.835282 0.406420
vt -0.649392 0.690794
vt -0.680422 0.826804
vt -0.629962 0.935554
vt -0.621610 0.882368
vt 0.323790 -1.534608
vt -1.158226 -1.107786
vt -1.128994 -1.059472
vt -1.203118 -1.074146
vt -1.118090 -1.118458
vt 3.235622 -0.951302
vt 3.189048 -0.976822
vt 3.221470 -1.005532
vt -0.587448 0.809694
vt -0.573238 0.877090
vt 3.189106 -0.930828
vt -0.660760 0.486982
vt -0.544876 0.727914
vt -0.529390 0.850758
vt -0.520400 0.792526
vt -1.091758 -1.154882
vt -1.060148 -1.109932
vt -1.050868 -1.182316
vt -1.071052 -1.054078
vt -1.022100 -1.056804
vt -0.981500 -1.099434
vt -1.004178 -1.154070
vt -1.005976 -1.198382
vt 2.386154 3.061370
vt 2.426870 3.015782
vt 2.433656 3.059340
vt 2.469500 3.035386
vt -0.498418 0.747112
vt -0.479452 0.779128
vt -0.729722 0.329570
vt -0.511642 0.617656
vt -0.492154 0.700364
vt -0.453236 0.731974
vt -0.978484 -1.229528
vt -0.966536 -1.191016
vt 2.637120 2.652760
vt 2.682244 2.636636
vt 2.673718 2.691446
vt -0.934984 -1.230456
vt -0.950412 -1.145718
vt -0.916772 -1.183592
vt -0.879826 -1.223264
vt -0.905462 -1.257948
vt 2.628130 2.693012
vt 2.636830 2.730944
vt -0.451844 0.677048
vt -0.414086 0.696188
vt -0.502594 0.464130
vt -0.403240 0.543184
vt -0.396976 0.641958
vt 2.602610 2.713544
vt 2.587704 2.752288
vt 2.641876 2.791844
vt -0.871416 -1.263226
vt -0.861382 -1.173848
vt -0.837660 -1.207836
vt -0.827974 -1.248552
vt -0.899604 -1.137192
vt -0.931214 -1.107960
vt -0.855872 -1.127448
vt -0.891774 -1.086268
vt -0.828554 -1.154070
vt -0.812314 -1.181156
vt -0.801758 -1.212244
vt -0.847984 -1.299534
vt -0.789404 -1.293444
vt -0.813126 -1.345296
vt 2.568738 2.805416
vt -0.336076 0.597414
vt -0.322968 0.649208
vt -0.404284 0.443598
vt -0.353940 0.484314
vt 0.653636 -1.392392
vt 0.683912 -1.422552
vt 0.677474 -1.360782
vt 0.637106 -1.366756
vt 0.624172 -1.320298
vt -0.322910 0.538834
vt -0.296578 0.612726
vt -0.297622 0.579492
vt -0.758258 -1.337292
vt -0.777398 -1.372208
vt -0.767712 -1.240374
vt -0.722356 -1.288166
vt -0.760752 -1.195018
vt -0.791666 -1.156448
vt -0.820550 -1.129420
vt 2.780902 2.223792
vt 2.817906 2.185918
vt 2.841106 2.224778
vt 2.856534 2.184642
vt 2.894582 2.201462
vt 2.882286 2.154598
vt 2.933964 2.155468
vt 2.902586 2.105472
vt 2.963486 2.103674
vt 2.939184 2.059014
vt -0.716730 -1.233240
vt -0.679784 -1.260500
vt -0.664820 -1.303884
vt -0.710176 -1.343730
vt -0.743816 -1.372324
vt 0.722482 -1.526140
vt 0.702066 -1.554502
vt 0.733502 -1.554096
vt 0.714014 -1.477826
vt 0.682172 -1.523472
vt 0.651026 -1.466632
vt 0.642964 -1.418550
vt 0.625448 -1.392798
vt 0.593548 -1.362522
vt 1.226792 -1.773104
vt 0.597202 -1.423074
vt 0.547728 -1.370990
vt 1.181088 -1.813066
vt 1.230330 -1.822230
vt 0.628522 -1.527358
vt 0.602712 -1.484438
vt -0.653220 -2.025462
vt -0.703796 -2.050750
vt -0.656642 -2.079170
vt -0.694632 -2.010382
vt -0.597482 -2.050112
vt -1.768618 0.850352
vt -1.768792 0.788002
vt -1.722392 0.820714
vt -1.806782 0.819322
vt -1.817222 0.786494
vt -0.613606 -2.105676
vt 2.973868 2.028970
vt 2.982510 2.064582
vt 3.006754 2.042484
vt -1.437844 2.372214
vt -1.452286 2.325582
vt -1.397070 2.328772
vt -1.495322 2.369662
vt -1.466322 2.404114
vt -1.418704 2.252792
vt -1.347886 2.293566
vt -1.289364 2.285098
vt -1.320162 2.223560
vt -1.515390 2.296698
vt -1.537372 2.176522
vt -1.499092 2.412756
vt -1.542766 2.350696
vt -1.826502 0.862996
vt -1.788744 0.895708
vt -1.708124 0.876800
vt -1.750986 0.895998
vt 2.961688 -1.126868
vt 2.936342 -1.168280
vt 2.990978 -1.176516
vt 0.580440 -1.526952
vt 2.943766 -1.229122
vt 3.009364 -1.240606
vt 2.985526 -1.284454
vt 1.277890 -1.845372
vt 1.232012 -1.858132
vt 1.187816 -1.860452
vt 1.216816 -1.882550
vt 1.251732 -1.879186
vt -1.678776 0.934800
vt -1.724306 0.924708
vt -1.702614 0.957072
vt -1.670192 0.974820
vt -1.764558 0.933118
vt -1.574144 2.319028
vt -1.585918 2.267408
vt -1.361052 2.097062
vt -1.261408 2.167938
vt -1.237918 2.237828
vt -1.633536 2.224256
vt -1.608132 2.298960
vt -1.649544 2.274658
vt -1.732426 0.958348
vt -1.705050 0.996802
vt 1.221862 -1.911782
vt 1.276730 -1.901922
vt 1.189904 -1.901632
vt 1.125466 -1.841602
vt 1.143562 -1.898906
vt 3.003680 2.549462
vt 2.990050 2.594934
vt 2.958962 2.550970
vt 2.928628 2.614828
vt 1.099424 -1.943798
vt 3.000838 2.509094
vt -1.705572 2.291188
vt -1.716824 2.240206
vt -1.764558 2.292406
vt -1.673208 2.165560
vt -1.516724 2.043064
vt -1.619790 2.086274
vt -1.763630 2.183598
vt -1.814960 2.243976
vt -2.126362 -1.197802
vt -2.056356 -1.208242
vt -2.081586 -1.139106
vt -2.008738 -1.165206
vt 1.051748 -1.968100
vt -1.839958 2.176522
vt -1.878180 2.224024
vt -1.883690 2.266248
vt -1.759164 2.086158
vt -1.191170 2.102688
vt -1.197550 2.183946
vt -1.886416 2.123974
vt -1.868900 2.041614
vt -1.777144 1.941738
vt -1.627504 1.970158
vt -1.215356 1.947770
vt -1.094716 2.032682
vt -1.086132 2.113650
vt -1.037644 2.074558
vt -1.007310 2.018472
vt -1.440744 1.887914
vt -1.125282 1.831654
vt -1.048026 1.929326
vt -1.267266 1.752078
vt -1.091178 1.699182
vt -1.013052 1.818778
vt -0.958648 1.880142
vt -0.930692 1.956412
vt -0.921702 1.817792
vt -0.888004 1.874922
vt -0.959808 1.620766
vt -0.943394 1.737462
vt -0.864862 1.819184
vt -0.878086 1.771740
vt -2.135294 1.880838
vt -2.134424 1.809092
vt -2.080310 1.842384
vt -2.071146 1.793664
vt -0.846534 1.925730
vt -1.428738 2.695332
vt -1.427926 2.742022
vt -1.428390 2.785058
vt -0.874084 1.558706
vt -0.827046 1.535274
vt 2.602378 -1.718004
vt 2.608410 -1.664354
vt 2.638976 -1.675548
vt 2.774116 -0.789424
vt 2.764778 -0.768718
vt -2.069348 1.892670
vt -2.039710 1.858566
vt -2.102002 1.916334
vt 2.051958 3.033066
vt 2.021508 3.081322
vt 1.960492 3.043158
vt 0.021204 -1.490644
vt -0.035868 -1.489948
vt -0.008666 -1.517904
vt 0.018362 -1.528344
vt 1.982300 3.098780
vt 0.060470 -1.479914
vt 1.934740 3.112526
vt 1.975166 3.140018
vt -0.945192 2.027462
vt 1.934160 3.157824
vt -0.936086 2.072180
vt -0.979760 2.074790
vt 0.132216 -1.456250
vt 2.040590 3.198598
vt 2.007820 3.239894
vt 1.994306 3.178240
vt 0.182618 -1.451900
vt 1.942802 3.209212
vt -1.016068 2.122640
vt 1.948776 3.255612
vt -0.999770 2.159470
vt -1.053652 2.164980
vt 0.173744 -1.488846
vt -1.160430 -0.951360
vt -1.111014 -0.928682
vt -1.164548 -0.901828
vt 0.192942 -1.484844
vt 0.232324 -1.478058
vt -1.090482 -0.972588
vt -1.133112 -1.000022
vt 0.283828 -1.493486
vt -1.727496 2.789814
vt -1.776854 2.797238
vt -1.763224 2.746894
vt -1.806956 2.754086
vt -1.124064 2.179828
vt -1.075808 2.201810
vt -0.830236 -2.160892
vt -0.836906 -2.114492
vt -0.887424 -2.152772
vt -0.893920 -2.084854
vt -1.168376 2.231912
vt -1.053826 -1.002516
vt -1.038804 -0.977170
vt -1.008644 -1.012376
vt -1.088568 -1.019974
vt -1.048780 -1.028906
vt -0.849550 -2.060378
vt -0.968334 -1.049322
vt -0.890092 -2.038454
vt -1.194650 2.268162
vt -1.232524 2.297336
vt -0.938232 -1.077684
vt -0.924196 -1.050772
vt -1.942154 2.087434
vt -1.954508 2.139750
vt 3.110980 -1.096766
vt 3.158308 -1.115616
vt 3.157902 -1.059878
vt 3.188932 -1.094272
vt -1.919940 2.189456
vt -0.019918 3.034400
vt 3.080008 -1.452944
vt 3.091898 -1.409502
vt 3.041960 -1.433108
vt -0.063940 3.043332
vt 3.044744 -1.481016
vt -0.094796 3.075986
vt -0.984226 0.304572
vt 2.589618 2.664360
vt 0.638382 -1.581762
vt -1.904338 -1.475680
vt -1.919534 -1.433282
vn -0.1572 -0.8437 -0.5133
vn -0.0543 -0.9928 -0.1070
vn 0.0267 -0.9859 -0.1655
vn -0.0297 -0.9022 -0.4303
vn -0.0905 -0.9557 -0.2801
vn -0.2189 -0.5640 -0.7962
vn -0.3269 -0.3406 -0.8815
vn -0.2278 -0.4704 -0.8525
vn 0.0790 -0.9900 -0.1171
vn -0.0085 -0.9999 0.0057
vn -0.0053 -1.0000 -0.0065
vn -0.2088 -0.8797 -0.4271
vn -0.3057 -0.4653 -0.8307
vn -0.3058 -0.1435 -0.9412
vn -0.3897 -0.0517 -0.9195
vn -0.2690 -0.1112 -0.9567
vn 0.1021 -0.1320 -0.9860
vn 0.2422 -0.4317 -0.8689
vn 0.3648 -0.7593 -0.5389
vn 0.0717 -0.9950 -0.0689
vn 0.4374 -0.7907 -0.4284
vn -0.0060 -0.9999 0.0123
vn -0.1057 -0.9623 -0.2505
vn -0.3531 -0.5934 -0.7234
vn -0.4363 -0.4478 -0.7805
vn -0.2962 -0.0739 -0.9523
vn -0.4424 -0.1066 -0.8905
vn -0.3306 0.1212 -0.9360
vn -0.3792 0.2343 -0.8951
vn -0.3153 0.1637 -0.9348
vn 0.0126 0.1063 -0.9942
vn 0.4414 -0.0074 -0.8973
vn 0.4712 -0.1149 -0.8745
vn 0.5325 -0.2707 -0.8020
vn 0.6327 -0.3890 -0.6696
vn 0.3131 -0.8314 -0.4591
vn 0.6431 -0.3862 -0.6613
vn 0.7024 -0.2620 -0.6618
vn 0.0487 -0.9976 -0.0500
vn 0.0203 -0.9992 -0.0358
vn -0.2815 -0.9261 -0.2513
vn -0.3848 -0.6956 -0.6066
vn -0.4701 -0.2555 -0.8448
vn -0.5319 -0.2216 -0.8173
vn -0.4764 -0.0682 -0.8766
vn -0.3620 0.1455 -0.9208
vn -0.4554 0.1360 -0.8799
vn -0.2666 0.5976 -0.7562
vn -0.3086 0.4582 -0.8336
vn -0.4036 0.3337 -0.8519
vn -0.6197 0.1003 -0.7784
vn -0.7709 -0.0786 -0.6321
vn -0.6378 -0.4753 -0.6060
vn -0.1495 -0.9865 -0.0667
vn -0.6845 -0.5773 -0.4451
vn 0.0234 -0.9997 0.0111
vn 0.0030 -1.0000 -0.0002
vn -0.0683 -0.9959 0.0600
vn -0.4693 -0.8822 0.0394
vn -0.6588 -0.7416 -0.1263
vn -0.9062 -0.3071 -0.2905
vn -0.8717 -0.1268 -0.4733
vn -0.8819 0.0139 -0.4713
vn -0.7674 0.2115 -0.6052
vn -0.5984 0.4797 -0.6418
vn -0.4816 0.5522 -0.6805
vn -0.2791 0.7227 -0.6323
vn -0.1655 0.9715 -0.1694
vn -0.2779 0.8807 -0.3836
vn -0.5254 0.6808 -0.5104
vn -0.6880 0.6253 -0.3683
vn -0.8789 0.2014 -0.4325
vn -0.9791 0.0548 -0.1960
vn -0.9623 -0.1016 -0.2523
vn -0.9137 -0.3992 -0.0759
vn -0.1522 -0.9876 0.0393
vn -0.7017 -0.6942 0.1601
vn -0.9209 -0.3873 0.0427
vn -0.0396 -0.9992 -0.0023
vn -0.4730 -0.8776 -0.0776
vn -0.9275 -0.3672 -0.0696
vn -0.9425 -0.1829 0.2798
vn -0.9907 -0.0642 0.1196
vn -0.9912 -0.1009 -0.0862
vn -0.9179 0.3968 -0.0078
vn -0.9991 0.0154 -0.0396
vn -0.8754 0.4456 -0.1875
vn -0.4659 0.8841 -0.0357
vn -0.1574 0.9740 -0.1630
vn -0.0616 0.9914 -0.1157
vn -0.0131 0.9998 0.0142
vn 0.0308 0.9995 0.0018
vn -0.5843 0.8089 0.0654
vn -0.1051 0.9928 0.0582
vn -0.9025 0.4027 0.1528
vn -0.9785 0.0993 0.1806
vn -0.9556 -0.0073 0.2947
vn -0.9930 -0.0814 -0.0853
vn -0.7560 -0.5481 -0.3577
vn -0.8634 -0.1818 -0.4706
vn -0.2931 -0.9283 -0.2290
vn -0.0003 -1.0000 0.0029
vn 0.0363 -0.9991 0.0196
vn 0.0332 -0.9989 -0.0335
vn -0.0107 -0.9996 -0.0268
vn -0.3421 -0.9238 -0.1719
vn -0.6155 -0.6080 -0.5015
vn -0.7441 -0.3909 -0.5418
vn -0.8589 0.0203 -0.5117
vn -0.7980 -0.1067 -0.5932
vn -0.9900 0.0822 -0.1143
vn -0.9552 0.1533 0.2532
vn -0.7803 0.5977 0.1842
vn -0.2744 0.9587 0.0744
vn -0.0020 0.9969 0.0784
vn 0.0398 0.9987 0.0316
vn -0.0705 0.9974 -0.0175
vn -0.0018 1.0000 0.0098
vn -0.3687 0.9052 -0.2113
vn -0.8542 0.5198 0.0088
vn -0.7908 0.4136 -0.4512
vn -0.7731 0.2322 -0.5903
vn -0.7782 -0.2199 -0.5882
vn -0.8008 -0.0266 -0.5984
vn -0.7492 -0.4913 -0.4442
vn -0.0388 -0.9986 0.0348
vn -0.3656 -0.9296 -0.0469
vn -0.7617 -0.5775 -0.2939
vn -0.0026 -1.0000 0.0059
vn -0.3960 -0.9044 0.1591
vn -0.8234 -0.5670 0.0224
vn -0.9542 -0.1962 -0.2258
vn -0.8643 -0.2007 -0.4612
vn -0.7853 0.2933 -0.5453
vn -0.9189 0.1102 -0.3787
vn -0.6228 0.6443 -0.4437
vn -0.5583 0.6705 -0.4886
vn -0.2142 0.9569 -0.1963
vn -0.0254 0.9984 -0.0510
vn 0.0122 0.9999 0.0011
vn 0.0035 0.9998 -0.0219
vn -0.3998 0.9063 -0.1370
vn -0.7680 0.5437 -0.3385
vn -0.8191 0.5684 -0.0778
vn -0.9912 0.0532 -0.1216
vn -0.9766 -0.1829 0.1129
vn -0.8329 -0.4391 0.3368
vn -0.1469 -0.9825 0.1146
vn -0.5944 -0.7077 0.3819
vn -0.0079 -1.0000 -0.0017
vn -0.0889 -0.9954 0.0364
vn -0.4618 -0.8612 0.2121
vn -0.7935 -0.3732 0.4807
vn -0.8135 -0.2407 0.5293
vn -0.9004 -0.1122 0.4204
vn -0.9633 0.1786 0.2003
vn -0.3566 0.9322 0.0615
vn -0.7254 0.6337 0.2687
vn 0.0302 0.9995 -0.0102
vn 0.0054 1.0000 0.0012
vn -0.0799 0.9952 0.0572
vn -0.5228 0.8105 0.2642
vn -0.7223 0.5602 0.4055
vn -0.8461 0.2471 0.4724
vn -0.8318 -0.0452 0.5532
vn -0.8073 -0.1452 0.5720
vn -0.9591 -0.1286 0.2523
vn -0.8192 -0.4802 0.3135
vn -0.1812 -0.9834 -0.0091
vn -0.5866 -0.8057 0.0826
vn 0.0040 -1.0000 -0.0016
vn -0.0419 -0.9991 -0.0113
vn -0.4427 -0.8916 -0.0954
vn -0.6352 -0.7667 -0.0937
vn -0.8915 -0.4515 0.0375
vn -0.9647 -0.0751 -0.2524
vn -0.9902 0.1265 0.0589
vn -0.8847 -0.4389 -0.1571
vn -0.8471 0.0018 0.5314
vn -0.8008 0.2867 0.5259
vn -0.7025 0.5861 0.4037
vn -0.4506 0.8647 0.2220
vn -0.0213 0.9993 0.0311
vn 0.0130 0.9999 0.0004
vn -0.0180 0.9998 0.0037
vn -0.2693 0.9608 0.0651
vn -0.7098 0.6658 0.2298
vn -0.8146 0.4023 0.4179
vn -0.9093 0.3861 0.1551
vn -0.8641 0.4558 -0.2132
vn -0.9442 0.1832 -0.2737
vn -0.9702 -0.1035 -0.2191
vn -0.8252 -0.5147 -0.2328
vn -0.3095 -0.9487 -0.0651
vn 0.0058 -1.0000 0.0032
vn -0.0172 -0.9998 0.0104
vn -0.3213 -0.9439 0.0756
vn -0.8259 -0.5611 -0.0553
vn -0.9927 -0.1084 0.0536
vn -0.9824 0.0981 -0.1588
vn -0.8282 0.5468 -0.1232
vn -0.7616 0.6075 -0.2257
vn -0.6006 0.7817 -0.1678
vn -0.6728 0.7398 0.0003
vn -0.2746 0.9606 -0.0433
vn -0.0496 0.9981 -0.0357
vn -0.4320 0.8943 -0.1169
vn -0.3519 0.9359 -0.0154
vn -0.7717 0.5918 0.2328
vn -0.9676 0.1732 0.1837
vn -0.8950 -0.0249 0.4453
vn -0.8459 -0.4336 0.3106
vn -0.0605 -0.9977 0.0310
vn -0.5270 -0.7905 0.3121
vn -0.0023 -1.0000 0.0036
vn -0.2649 -0.9513 0.1574
vn -0.7843 -0.4395 0.4379
vn -0.8381 -0.1638 0.5204
vn -0.8587 -0.0350 0.5113
vn -0.8630 0.1901 0.4680
vn -0.4366 0.8731 0.2169
vn -0.7470 0.5390 0.3892
vn -0.0322 0.9992 0.0255
vn 0.0150 0.9999 -0.0032
vn 0.0084 1.0000 -0.0034
vn 0.0068 1.0000 -0.0015
vn -0.3191 0.9303 0.1811
vn 0.0074 0.9999 -0.0101
vn -0.6858 0.6020 0.4090
vn -0.9212 0.0340 0.3877
vn -0.9121 -0.0860 0.4008
vn -0.1221 -0.9869 0.1057
vn -0.5878 -0.6726 0.4495
vn -0.6932 -0.2297 0.6831
vn -0.8556 -0.1194 0.5037
vn -0.7977 0.1080 0.5933
vn -0.8113 0.4309 0.3952
vn -0.5414 0.7463 0.3872
vn -0.0847 0.9929 0.0837
vn 0.0185 0.9997 -0.0128
vn -0.0015 0.9999 -0.0104
vn 0.0013 1.0000 -0.0062
vn -0.0320 0.9995 -0.0074
vn 0.0032 0.9999 -0.0124
vn -0.4588 0.8641 0.2068
vn -0.6725 0.3823 0.6338
vn -0.7279 0.3027 0.6152
vn -0.7351 0.0655 0.6748
vn -0.6915 -0.0514 0.7205
vn -0.9487 -0.0945 0.3017
vn -0.8383 -0.3318 0.4325
vn -0.9889 0.0414 0.1429
vn -0.9076 0.4069 0.1032
vn -0.5941 0.8019 -0.0627
vn -0.1410 0.9887 -0.0503
vn 0.0278 0.9993 -0.0268
vn -0.0145 0.9998 -0.0115
vn -0.1548 0.9879 0.0027
vn -0.6399 0.7652 0.0712
vn -0.8798 0.4749 -0.0205
vn -0.9644 0.1896 -0.1845
vn -0.9875 -0.0787 -0.1368
vn -0.9821 0.0547 0.1802
vn -0.9050 0.3517 0.2395
vn -0.3978 0.8951 0.2014
vn -0.7838 0.5485 0.2911
vn -0.0341 0.9993 0.0136
vn 0.0078 0.9992 -0.0389
vn -0.0884 0.9955 -0.0354
vn 0.0314 0.9993 -0.0182
vn 0.0051 0.9997 -0.0235
vn 0.3138 0.9386 0.1435
vn 0.0715 0.9963 -0.0480
vn 0.3447 0.9350 0.0831
vn -0.0168 0.9997 -0.0150
vn -0.0055 1.0000 0.0011
vn -0.0620 0.9790 0.1944
vn -0.1833 0.9270 0.3272
vn -0.5247 0.7083 0.4722
vn -0.7723 0.4237 0.4733
vn -0.8854 0.2600 0.3853
vn -0.9178 0.0835 0.3881
vn -0.8702 0.1272 0.4759
vn -0.6590 0.3913 0.6423
vn -0.7747 0.1149 0.6218
vn -0.3968 0.6597 0.6383
vn -0.1935 0.6923 0.6952
vn -0.0823 0.9336 0.3488
vn -0.1935 0.7282 0.6575
vn -0.1038 0.9649 0.2414
vn 0.0299 0.9744 0.2229
vn 0.0315 0.9253 0.3779
vn 0.1477 0.9789 0.1409
vn 0.5475 0.7740 0.3181
vn 0.7000 0.6913 0.1792
vn 0.6786 0.6884 0.2562
vn 0.5841 0.5795 0.5684
vn 0.2684 0.7774 0.5689
vn 0.1318 0.4652 0.8754
vn 0.0246 0.6083 0.7933
vn -0.1775 0.6320 0.7544
vn -0.2250 0.5471 0.8063
vn -0.2357 0.2294 0.9444
vn -0.4396 0.3415 0.8307
vn -0.7746 -0.1543 0.6133
vn -0.4384 0.0070 0.8987
vn -0.8823 -0.0251 0.4701
vn -0.9263 -0.0807 0.3679
vn -0.8797 -0.1349 0.4561
vn -0.5261 -0.6661 0.5288
vn -0.3855 -0.3014 0.8721
vn -0.7022 -0.5958 0.3897
vn -0.2072 -0.0612 0.9764
vn -0.2627 0.0254 0.9645
vn -0.2010 0.1664 0.9653
vn -0.3007 0.1656 0.9392
vn -0.1891 0.1977 0.9618
vn -0.0298 0.1428 0.9893
vn 0.4709 0.0583 0.8803
vn 0.0124 0.0450 0.9989
vn 0.4795 0.3850 0.7886
vn 0.6828 0.1747 0.7094
vn 0.8553 0.1819 0.4851
vn 0.7229 -0.0353 0.6901
vn 0.5261 -0.1967 0.8273
vn 0.1476 -0.1766 0.9732
vn -0.0327 -0.0860 0.9958
vn -0.1208 -0.0195 0.9925
vn -0.3685 0.0628 0.9275
vn -0.1982 -0.4513 0.8701
vn -0.1912 -0.8161 0.5453
vn -0.1555 -0.9831 0.0963
vn -0.8748 -0.3595 0.3248
vn -0.4947 -0.8608 0.1198
vn -0.9176 -0.3752 0.1316
vn -0.1070 -0.9941 -0.0203
vn -0.5329 -0.8461 -0.0127
vn -0.0559 -0.9584 0.2800
vn 0.0072 -0.9999 -0.0100
vn -0.2268 -0.5377 0.8121
vn -0.2746 -0.1076 0.9555
vn -0.3013 -0.1898 0.9344
vn -0.0768 -0.4289 0.9001
vn -0.0268 -0.4108 0.9113
vn 0.1732 -0.6139 0.7701
vn 0.7237 -0.2467 0.6445
vn 0.4734 -0.5832 0.6602
vn 0.8509 -0.0671 0.5211
vn 0.8541 -0.3081 0.4191
vn 0.4982 -0.7390 0.4535
vn 0.1072 -0.9663 0.2341
vn -0.0359 -0.9247 0.3790
vn -0.1443 -0.8211 0.5522
vn -0.0094 -0.9984 0.0554
vn -0.9010 -0.4269 -0.0773
vn -0.4649 -0.8767 0.1233
vn -0.0101 -0.9999 0.0061
vn -0.1333 -0.9892 0.0607
vn -0.0252 -0.9996 -0.0107
vn 0.1396 -0.9897 0.0310
vn 0.5494 -0.7959 0.2544
vn 0.9258 -0.0244 0.3773
vn 0.8671 -0.3871 0.3135
vn 0.6725 -0.7345 0.0906
vn 0.8567 0.3697 0.3597
vn 0.3647 -0.9203 0.1413
vn 0.8412 -0.0701 0.5361
vn 0.6842 -0.4631 0.5634
vn 0.0374 -0.9992 -0.0157
vn -0.0081 -0.9999 -0.0109
vn 0.0137 -0.9998 0.0140
vn 0.2260 -0.9501 0.2150
vn 0.6620 -0.1049 0.7421
vn 0.5282 -0.5498 0.6471
vn 0.8664 0.2157 0.4504
vn 0.6701 0.1486 0.7272
vn 0.7510 0.5786 0.3181
vn 0.6910 0.5620 0.4546
vn 0.6185 0.3846 0.6852
vn 0.6437 0.0304 0.7647
vn 0.4983 0.2817 0.8199
vn 0.6196 -0.1213 0.7755
vn 0.1094 -0.9801 0.1659
vn -0.0084 -0.9999 -0.0130
vn 0.0012 -1.0000 -0.0001
vn -0.0000 -1.0000 -0.0003
vn 0.2719 -0.9592 0.0773
vn -0.0435 -0.9991 0.0030
vn 0.4980 -0.7639 0.4104
vn 0.7119 -0.2838 0.6424
vn 0.8155 -0.0206 0.5783
vn 0.7724 0.1494 0.6173
vn 0.4965 0.5171 0.6972
vn 0.3874 0.5779 0.7183
vn 0.2152 0.8966 0.3871
vn 0.3374 0.8626 0.3769
vn 0.7009 0.6349 0.3251
vn 0.9211 0.1689 0.3508
vn 0.9327 -0.0313 0.3593
vn 0.8646 -0.3730 0.3367
vn 0.8734 -0.4864 -0.0247
vn 0.3456 -0.9384 -0.0008
vn -0.0144 -0.9998 -0.0150
vn 0.0259 -0.9996 0.0102
vn 0.8485 -0.4424 0.2903
vn 0.3780 -0.8969 0.2293
vn 0.9992 -0.0371 -0.0150
vn 0.9816 -0.0421 0.1861
vn 0.8038 0.5942 -0.0293
vn 0.9693 0.2244 0.1003
vn 0.2074 0.9764 0.0600
vn 0.2882 0.9568 -0.0388
vn 0.6511 0.7581 0.0371
vn 0.9571 0.2686 0.1088
vn 0.9598 0.1825 -0.2131
vn 0.6077 0.1080 0.7868
vn 0.6217 -0.1502 0.7687
vn 0.4937 -0.5202 0.6969
vn 0.1261 -0.9439 0.3053
vn 0.0684 -0.9967 0.0437
vn 0.0001 -1.0000 0.0012
vn 0.0001 -1.0000 -0.0000
vn 0.0014 -1.0000 -0.0013
vn 0.0088 -0.9992 0.0393
vn 0.3528 -0.5287 0.7720
vn 0.1205 -0.9908 0.0620
vn -0.0691 -0.9933 0.0931
vn 0.4552 -0.7232 0.5195
vn 0.4547 -0.1780 0.8727
vn 0.4837 -0.0129 0.8752
vn 0.4191 0.4075 0.8114
vn 0.5182 0.4634 0.7188
vn 0.6535 0.2290 0.7214
vn 0.6622 -0.0239 0.7489
vn 0.6598 -0.2159 0.7198
vn 0.8903 -0.2686 0.3677
vn 0.5927 -0.7817 0.1940
vn 0.7426 -0.6630 -0.0954
vn 0.2725 -0.9596 -0.0694
vn -0.0234 -0.9996 -0.0141
vn 0.0006 -1.0000 -0.0007
vn 0.0002 -1.0000 0.0001
vn 0.0000 -1.0000 -0.0000
vn 0.7518 -0.6579 0.0436
vn 0.2406 -0.9692 0.0523
vn 0.9782 -0.1892 -0.0857
vn 0.9826 -0.1773 -0.0558
vn 0.9006 0.0237 0.4341
vn 0.7886 -0.0337 0.6140
vn 0.9959 0.0116 0.0901
vn 0.7747 0.2306 0.5888
vn 0.9166 0.2110 0.3395
vn 0.9747 -0.0106 -0.2233
vn 0.9898 0.1330 -0.0509
vn 0.9400 0.0160 0.3407
vn 0.9147 -0.2702 0.3005
vn 0.7128 -0.6683 0.2126
vn 0.4390 -0.8679 0.2322
vn 0.0639 -0.9966 0.0529
vn -0.0113 -0.9999 -0.0037
vn 0.0003 -1.0000 -0.0002
vn 0.0002 -1.0000 -0.0001
vn -0.0008 -1.0000 0.0041
vn 0.8108 -0.4096 0.4182
vn 0.7842 -0.5878 0.1989
vn 0.2127 -0.9739 0.0789
vn 0.8867 -0.1202 0.4464
vn 0.8647 0.2299 0.4466
vn 0.8494 0.3879 0.3580
vn 0.9645 -0.0510 0.2591
vn 0.9628 -0.1312 -0.2364
vn 0.7328 -0.6390 -0.2337
vn 0.1765 -0.9814 -0.0758
vn -0.0469 -0.9987 0.0172
vn -0.0001 -1.0000 -0.0001
vn -0.0136 -0.9999 -0.0021
vn -0.0147 -0.9999 0.0062
vn 0.6748 -0.6852 -0.2741
vn 0.3276 -0.9329 -0.1495
vn 0.9318 -0.1461 -0.3323
vn 0.7960 -0.5306 -0.2913
vn 0.1505 -0.9870 -0.0571
vn 0.6391 -0.7412 -0.2055
vn 0.0000 -1.0000 0.0004
vn 0.0142 -0.9993 -0.0339
vn 0.7213 -0.6315 -0.2844
vn 0.3368 -0.9155 -0.2202
vn 0.9255 -0.1826 -0.3320
vn 0.9679 0.0431 -0.2478
vn 0.9388 0.2005 -0.2803
vn 0.9112 0.0853 -0.4031
vn 0.8984 -0.1440 -0.4150
vn 0.7593 -0.4835 -0.4356
vn 0.6546 -0.6935 -0.3009
vn 0.2113 -0.9709 -0.1125
vn -0.0001 -1.0000 0.0001
vn 0.0083 -1.0000 -0.0006
vn 0.0644 -0.9970 -0.0425
vn 0.4525 -0.8536 -0.2580
vn 0.8840 -0.2063 -0.4194
vn 0.8499 -0.2780 -0.4476
vn 0.8940 -0.0560 -0.4445
vn 0.8588 -0.0200 -0.5120
vn 0.9274 -0.0388 -0.3719
vn 0.7992 -0.3608 -0.4807
vn 0.6292 -0.7336 -0.2568
vn 0.1951 -0.9765 -0.0916
vn 0.0077 -1.0000 -0.0006
vn -0.0250 -0.9991 -0.0342
vn 0.3218 -0.9466 -0.0226
vn 0.9376 -0.2510 -0.2407
vn 0.8898 -0.4429 -0.1097
vn 0.8970 0.1631 -0.4109
vn 0.9872 0.0099 -0.1595
vn 0.9800 -0.1291 -0.1517
vn 0.8371 0.1617 -0.5225
vn 0.9005 0.2051 -0.3835
vn 0.7117 0.5011 -0.4923
vn 0.6828 0.6217 -0.3838
vn 0.8150 0.4758 -0.3308
vn 0.8791 0.4498 -0.1578
vn 0.9655 0.2269 -0.1277
vn 0.9374 -0.1482 -0.3152
vn 0.7694 -0.5838 -0.2593
vn 0.2389 -0.9579 -0.1593
vn 0.0349 -0.9589 -0.2814
vn -0.1355 -0.8636 -0.4857
vn -0.0699 -0.7422 -0.6666
vn 0.1722 -0.6494 -0.7406
vn -0.0293 -0.8980 -0.4391
vn 0.6280 -0.5947 -0.5019
vn 0.3087 -0.7626 -0.5685
vn 0.8025 -0.1488 -0.5778
vn 0.9352 0.2212 -0.2765
vn 0.7819 0.0986 -0.6156
vn 0.7106 0.6797 -0.1819
vn 0.6667 0.7085 -0.2316
vn 0.6435 0.6802 -0.3510
vn 0.4034 0.8813 -0.2461
vn 0.2941 0.9422 -0.1606
vn 0.3779 0.9188 -0.1138
vn 0.4621 0.8685 -0.1793
vn 0.7268 0.6112 -0.3133
vn 0.6050 0.5186 -0.6041
vn 0.3970 0.2548 -0.8817
vn 0.5413 -0.0597 -0.8387
vn 0.5741 -0.3059 -0.7595
vn 0.2098 -0.4389 -0.8737
vn -0.1684 -0.4583 -0.8727
vn -0.2104 -0.5377 -0.8165
vn 0.0080 -0.4579 -0.8890
vn 0.3854 -0.2951 -0.8743
vn -0.1264 -0.1267 -0.9839
vn 0.4874 0.0319 -0.8726
vn 0.7111 -0.0291 -0.7025
vn 0.1504 -0.1383 -0.9789
vn -0.2343 -0.1323 -0.9631
vn 0.0298 0.6616 -0.7493
vn -0.0109 0.1917 -0.9814
vn 0.2436 0.7116 -0.6590
vn 0.4594 0.8178 -0.3466
vn 0.1481 0.9861 -0.0753
vn 0.1447 0.9290 -0.3405
vn 0.0262 0.9997 0.0030
vn 0.0398 0.9989 -0.0261
vn -0.0175 0.9926 -0.1204
vn 0.0084 1.0000 -0.0037
vn -0.0186 0.8806 -0.4734
vn -0.2667 0.3009 -0.9156
vn -0.1691 0.6455 -0.7448
vn 0.1201 0.1762 -0.9770
vn 0.6212 0.0753 -0.7800
vn 0.7625 -0.0134 -0.6469
vn 0.7852 0.1207 -0.6074
vn 0.5247 0.3057 -0.7945
vn -0.0988 0.5318 -0.8411
vn 0.1879 0.4678 -0.8636
vn -0.1048 0.8351 -0.5400
vn 0.0133 0.9652 -0.2612
vn 0.0000 1.0000 -0.0007
vn -0.0040 1.0000 0.0040
vn 0.1817 0.9765 -0.1162
vn 0.0856 0.9873 -0.1339
vn 0.0673 0.7617 -0.6444
vn 0.2689 0.8043 -0.5299
vn 0.6131 0.5849 -0.5311
vn 0.7403 0.2476 -0.6250
vn 0.6795 -0.0729 -0.7300
vn 0.6573 0.1462 -0.7394
vn 0.4493 0.7138 -0.5372
vn 0.3551 0.4919 -0.7950
vn 0.1996 0.9584 -0.2043
vn 0.0265 0.9996 -0.0037
vn 0.0069 1.0000 -0.0007
vn 0.0107 0.9999 0.0104
vn 0.0705 0.9973 -0.0185
vn 0.1639 0.9338 -0.3182
vn -0.0746 0.5879 -0.8055
vn -0.0031 0.9905 -0.1374
vn -0.1078 0.8584 -0.5015
vn 0.0156 0.9993 0.0343
vn -0.0099 1.0000 -0.0010
vn 0.0220 0.9995 -0.0210
vn -0.0805 0.9766 -0.1993
vn -0.0079 0.9999 0.0117
vn 0.0120 0.9998 0.0129
vn 0.0107 0.9999 0.0030
vn 0.0009 1.0000 -0.0028
vn -0.0045 1.0000 -0.0039
vn 0.0617 0.9980 -0.0121
vn 0.0304 0.9995 0.0008
vn 0.0925 0.9956 0.0120
vn 0.0063 1.0000 -0.0007
vn -0.0013 1.0000 -0.0060
vn -0.0072 1.0000 -0.0057
vn 0.0017 1.0000 -0.0015
vn -0.0092 0.9999 -0.0110
vn 0.0060 0.9998 -0.0165
vn -0.0168 0.9998 -0.0051
vn 0.3523 0.9359 -0.0007
vn 0.1072 0.9808 0.1632
vn 0.2395 0.9386 0.2485
vn -0.0260 0.9996 -0.0106
vn 0.1502 0.9880 0.0358
vn 0.3385 0.7454 0.5743
vn 0.5130 0.7480 0.4210
vn 0.7295 0.6243 0.2794
vn 0.5679 0.5939 0.5699
vn 0.0407 0.9957 0.0838
vn 0.8581 0.4354 0.2724
vn 0.8841 0.4445 -0.1441
vn 0.9643 0.2562 0.0671
vn 0.9803 0.1038 -0.1683
vn 0.8384 0.5423 0.0552
vn 0.5423 0.8149 0.2046
vn 0.7151 0.6272 0.3085
vn 0.3227 0.9417 0.0952
vn 0.7573 0.6433 0.1123
vn 0.3159 0.9480 -0.0397
vn 0.7079 0.6805 -0.1892
vn 0.4732 0.8654 -0.1647
vn 0.8825 0.3339 0.3313
vn 0.9473 0.2518 -0.1981
vn 0.9548 0.2958 0.0284
vn 0.8359 0.4228 -0.3500
vn 0.9219 0.0728 -0.3805
vn 0.7247 0.6360 -0.2651
vn 0.2726 0.9577 -0.0920
vn 0.7880 0.5755 -0.2189
vn 0.4397 0.8869 -0.1413
vn 0.8883 0.3399 -0.3089
vn 0.9205 0.1717 -0.3510
vn 0.9319 0.3011 -0.2021
vn 0.8166 0.4824 -0.3170
vn 0.6260 0.7273 -0.2814
vn 0.8611 0.3770 -0.3411
vn -0.1044 0.9160 -0.3873
vn -0.2633 0.6784 -0.6860
vn -0.3030 0.4769 -0.8251
vn -0.0007 -1.0000 -0.0017
s 1
f 1/1/1 2/2/2 3/3/3
f 4/4/4 2/2/2 1/1/1
f 5/5/5 1/1/1 3/3/3
f 6/6/6 1/1/1 5/5/5
f 6/7/6 7/8/7 1/9/1
f 1/9/1 8/10/8 4/11/4
f 8/10/8 1/9/1 7/8/7
f 9/12/9 10/13/10 2/2/2
f 2/2/2 10/13/10 3/3/3
f 4/4/4 9/12/9 2/2/2
f 3/3/3 10/13/10 5/5/5
f 5/5/5 10/13/10 11/14/11
f 5/5/5 11/14/11 12/15/12
f 12/15/12 13/16/13 5/5/5
f 13/16/13 6/6/6 5/5/5
f 6/7/6 14/17/14 7/8/7
f 6/7/6 13/18/13 14/17/14
f 7/8/7 14/17/14 15/19/15
f 15/19/15 16/20/16 7/8/7
f 16/20/16 8/10/8 7/8/7
f 17/21/17 8/10/8 16/20/16
f 18/22/18 8/10/8 17/21/17
f 8/10/8 18/22/18 4/11/4
f 19/23/19 9/12/9 4/4/4
f 4/24/4 18/25/18 19/26/19
f 9/12/9 20/27/20 10/13/10
f 21/28/21 20/27/20 9/12/9
f 19/23/19 21/28/21 9/12/9
f 20/27/20 22/29/22 10/13/10
f 23/30/23 12/15/12 11/14/11
f 24/31/24 12/32/12 23/33/23
f 24/31/24 25/34/25 12/32/12
f 13/35/13 12/32/12 25/34/25
f 14/17/14 13/18/13 26/36/26
f 13/18/13 27/37/27 26/36/26
f 25/38/25 27/37/27 13/18/13
f 14/17/14 28/39/28 15/19/15
f 14/17/14 26/36/26 28/39/28
f 15/19/15 28/39/28 29/40/29
f 29/40/29 30/41/30 15/19/15
f 30/41/30 16/20/16 15/19/15
f 31/42/31 16/20/16 30/41/30
f 17/21/17 16/20/16 31/42/31
f 32/43/32 17/44/17 31/45/31
f 33/46/33 17/44/17 32/43/32
f 33/46/33 18/25/18 17/44/17
f 34/47/34 18/25/18 33/46/33
f 18/25/18 34/47/34 19/26/19
f 35/48/35 21/49/21 19/26/19
f 19/26/19 34/47/34 35/48/35
f 21/28/21 36/50/36 20/27/20
f 37/51/37 36/52/36 21/49/21
f 21/49/21 38/53/38 37/51/37
f 35/48/35 38/53/38 21/49/21
f 20/27/20 39/54/39 22/29/22
f 36/50/36 39/54/39 20/27/20
f 10/13/10 22/29/22 11/14/11
f 23/30/23 11/14/11 40/55/40
f 23/30/23 40/55/40 41/56/41
f 41/56/41 42/57/42 23/30/23
f 42/58/42 24/31/24 23/33/23
f 25/38/25 24/59/24 43/60/43
f 24/59/24 42/61/42 44/62/44
f 43/60/43 24/59/24 44/62/44
f 25/38/25 43/60/43 27/37/27
f 43/60/43 44/62/44 45/63/45
f 27/37/27 43/60/43 45/63/45
f 46/64/46 27/37/27 47/65/47
f 26/36/26 27/37/27 46/64/46
f 47/65/47 27/37/27 45/63/45
f 28/39/28 26/36/26 46/64/46
f 48/66/48 46/64/46 49/67/49
f 28/39/28 46/64/46 48/66/48
f 47/65/47 49/67/49 46/64/46
f 50/68/50 49/67/49 47/65/47
f 44/62/44 51/69/51 45/63/45
f 45/63/45 51/69/51 47/65/47
f 51/69/51 44/62/44 52/70/52
f 52/70/52 44/62/44 53/71/53
f 44/62/44 42/61/42 53/71/53
f 42/72/42 41/73/41 53/74/53
f 41/56/41 40/55/40 54/75/54
f 53/74/53 41/73/41 55/76/55
f 41/56/41 54/75/54 55/77/55
f 11/14/11 56/78/56 40/55/40
f 40/55/40 56/78/56 54/75/54
f 11/14/11 22/29/22 56/78/56
f 22/29/22 57/79/57 56/78/56
f 54/75/54 56/78/56 58/80/58
f 59/81/59 54/75/54 58/80/58
f 60/82/60 54/75/54 59/81/59
f 60/82/60 55/77/55 54/75/54
f 55/83/55 60/84/60 61/85/61
f 52/70/52 53/71/53 55/86/55
f 62/87/62 52/70/52 55/86/55
f 62/88/62 55/83/55 61/85/61
f 62/87/62 63/89/63 52/70/52
f 52/70/52 63/89/63 64/90/64
f 64/90/64 51/69/51 52/70/52
f 51/69/51 65/91/65 66/92/66
f 47/65/47 51/69/51 66/92/66
f 65/91/65 51/69/51 64/90/64
f 47/65/47 66/92/66 50/68/50
f 67/93/67 66/94/66 68/95/68
f 68/95/68 66/94/66 69/96/69
f 66/94/66 65/97/65 69/96/69
f 50/68/50 66/92/66 67/98/67
f 65/97/65 70/99/70 69/96/69
f 70/100/70 65/101/65 64/102/64
f 71/103/71 70/100/70 64/102/64
f 72/104/72 71/103/71 64/102/64
f 72/105/72 64/90/64 63/89/63
f 63/106/63 73/107/73 72/108/72
f 73/107/73 63/106/63 74/109/74
f 63/106/63 62/88/62 74/109/74
f 62/88/62 61/85/61 74/109/74
f 61/85/61 75/110/75 74/109/74
f 61/85/61 60/84/60 75/110/75
f 60/84/60 59/111/59 75/110/75
f 59/81/59 76/112/76 77/113/77
f 58/80/58 76/112/76 59/81/59
f 75/110/75 59/111/59 78/114/78
f 59/111/59 77/115/77 78/114/78
f 58/80/58 56/78/56 76/112/76
f 56/78/56 57/79/57 79/116/79
f 56/78/56 79/116/79 76/112/76
f 76/112/76 79/116/79 80/117/80
f 80/117/80 77/113/77 76/112/76
f 81/118/81 77/115/77 80/119/80
f 81/118/81 82/120/82 77/115/77
f 77/115/77 82/120/82 78/114/78
f 78/114/78 82/120/82 83/121/83
f 78/114/78 83/121/83 84/122/84
f 75/110/75 78/114/78 84/122/84
f 74/109/74 75/110/75 84/122/84
f 74/109/74 84/122/84 73/107/73
f 85/123/85 73/107/73 86/124/86
f 87/125/87 73/107/73 85/123/85
f 87/125/87 72/108/72 73/107/73
f 84/122/84 86/124/86 73/107/73
f 72/104/72 87/126/87 71/103/71
f 71/127/71 88/128/88 89/129/89
f 71/130/71 87/131/87 88/132/88
f 70/99/70 71/127/71 89/129/89
f 69/96/69 70/99/70 89/129/89
f 69/96/69 89/129/89 90/133/90
f 68/95/68 69/96/69 90/133/90
f 89/129/89 91/134/91 92/135/92
f 90/133/90 89/129/89 92/135/92
f 89/129/89 88/128/88 91/134/91
f 88/128/88 93/136/93 94/137/94
f 91/134/91 88/128/88 94/137/94
f 88/132/88 85/138/85 93/139/93
f 87/131/87 85/138/85 88/132/88
f 85/138/85 95/140/95 93/139/93
f 96/141/96 95/142/95 85/123/85
f 86/124/86 96/141/96 85/123/85
f 83/121/83 96/141/96 86/124/86
f 84/122/84 83/121/83 86/124/86
f 83/121/83 97/143/97 96/141/96
f 82/120/82 97/143/97 83/121/83
f 97/143/97 82/120/82 98/144/98
f 98/144/98 82/120/82 81/118/81
f 99/145/99 100/146/100 81/118/81
f 81/118/81 100/146/100 98/144/98
f 99/145/99 81/118/81 80/119/80
f 101/147/101 80/117/80 79/116/79
f 99/148/99 80/149/80 101/150/101
f 57/79/57 102/151/102 79/116/79
f 102/151/102 103/152/103 104/153/104
f 79/116/79 102/151/102 104/153/104
f 79/116/79 104/153/104 101/147/101
f 101/147/101 104/153/104 105/154/105
f 106/155/106 101/147/101 105/154/105
f 107/156/107 101/150/101 106/157/106
f 107/156/107 108/158/108 101/150/101
f 99/148/99 101/150/101 108/158/108
f 100/146/100 99/145/99 108/159/108
f 100/146/100 109/160/109 98/144/98
f 109/160/109 100/146/100 110/161/110
f 110/161/110 100/146/100 108/159/108
f 98/144/98 109/160/109 111/162/111
f 111/162/111 97/143/97 98/144/98
f 112/163/112 97/143/97 111/162/111
f 97/143/97 112/163/112 96/141/96
f 96/141/96 112/163/112 95/142/95
f 95/140/95 113/164/113 93/139/93
f 112/163/112 113/165/113 95/142/95
f 93/136/93 114/166/114 94/137/94
f 113/167/113 114/166/114 93/136/93
f 94/137/94 114/166/114 115/168/115
f 116/169/116 94/137/94 115/168/115
f 91/134/91 94/137/94 116/169/116
f 114/166/114 117/170/117 118/171/118
f 115/168/115 114/166/114 118/171/118
f 114/166/114 119/172/119 117/170/117
f 120/173/120 119/174/119 114/175/114
f 113/176/113 120/173/120 114/175/114
f 113/165/113 112/163/112 120/177/120
f 120/177/120 112/163/112 111/162/111
f 109/160/109 121/178/121 111/162/111
f 111/162/111 121/178/121 120/177/120
f 121/178/121 109/160/109 122/179/122
f 122/179/122 109/160/109 110/161/110
f 123/180/123 124/181/124 110/182/110
f 110/183/110 124/184/124 122/185/122
f 108/158/108 123/180/123 110/182/110
f 107/156/107 123/180/123 108/158/108
f 123/180/123 107/156/107 125/186/125
f 107/156/107 106/157/106 125/186/125
f 106/155/106 126/187/126 127/188/127
f 105/154/105 126/187/126 106/155/106
f 125/186/125 106/157/106 128/189/128
f 106/157/106 127/190/127 128/189/128
f 105/154/105 103/152/103 126/187/126
f 104/153/104 103/152/103 105/154/105
f 103/152/103 129/191/129 126/187/126
f 127/188/127 126/187/126 130/192/130
f 128/189/128 127/190/127 131/193/131
f 127/194/127 130/195/130 131/196/131
f 128/189/128 131/193/131 132/197/132
f 128/189/128 132/197/132 133/198/133
f 125/186/125 128/189/128 133/198/133
f 133/198/133 123/180/123 125/186/125
f 124/181/124 123/180/123 133/198/133
f 134/199/134 122/185/122 124/184/124
f 124/184/124 135/200/135 134/199/134
f 135/201/135 124/181/124 133/198/133
f 136/202/136 137/203/137 122/185/122
f 134/199/134 136/202/136 122/185/122
f 137/203/137 121/204/121 122/185/122
f 120/173/120 121/205/121 119/174/119
f 121/204/121 137/203/137 119/206/119
f 119/172/119 138/207/138 139/208/139
f 117/170/117 119/172/119 139/208/139
f 119/172/119 137/209/137 138/207/138
f 117/170/117 139/208/139 140/210/140
f 118/171/118 117/170/117 140/210/140
f 139/208/139 141/211/141 140/210/140
f 139/208/139 138/207/138 141/211/141
f 138/207/138 142/212/142 141/211/141
f 136/213/136 142/212/142 138/207/138
f 137/209/137 136/213/136 138/207/138
f 136/202/136 143/214/143 142/215/142
f 134/199/134 143/214/143 136/202/136
f 143/214/143 134/199/134 135/200/135
f 144/216/144 135/200/135 145/217/145
f 143/214/143 135/200/135 144/216/144
f 132/197/132 145/218/145 135/201/135
f 133/198/133 132/197/132 135/201/135
f 132/197/132 146/219/146 145/218/145
f 131/193/131 146/219/146 132/197/132
f 131/196/131 147/220/147 146/221/146
f 131/196/131 130/195/130 147/220/147
f 130/192/130 148/222/148 149/223/149
f 126/187/126 148/222/148 130/192/130
f 130/195/130 149/224/149 147/220/147
f 126/187/126 129/191/129 148/222/148
f 129/191/129 150/225/150 151/226/151
f 129/191/129 151/226/151 148/222/148
f 148/222/148 151/226/151 152/227/152
f 152/227/152 149/223/149 148/222/148
f 153/228/153 149/224/149 152/229/152
f 153/228/153 154/230/154 149/224/149
f 149/224/149 154/230/154 147/220/147
f 147/220/147 154/230/154 155/231/155
f 147/220/147 155/231/155 146/221/146
f 146/221/146 155/231/155 156/232/156
f 146/221/146 156/232/156 145/233/145
f 145/217/145 156/234/156 144/216/144
f 142/235/142 144/236/144 157/237/157
f 144/236/144 158/238/158 157/237/157
f 156/239/156 158/238/158 144/236/144
f 143/214/143 144/216/144 142/215/142
f 142/212/142 157/240/157 141/211/141
f 140/210/140 141/211/141 159/241/159
f 140/210/140 159/241/159 160/242/160
f 141/211/141 161/243/161 159/241/159
f 141/211/141 157/240/157 161/243/161
f 157/240/157 162/244/162 161/243/161
f 157/237/157 158/238/158 162/245/162
f 158/238/158 163/246/163 162/245/162
f 164/247/164 163/246/163 158/238/158
f 156/239/156 164/247/164 158/238/158
f 155/231/155 164/248/164 156/232/156
f 155/231/155 165/249/165 164/248/164
f 154/230/154 165/249/165 155/231/155
f 165/249/165 154/230/154 166/250/166
f 166/250/166 154/230/154 153/228/153
f 153/228/153 167/251/167 166/250/166
f 168/252/168 167/251/167 153/228/153
f 152/229/152 168/252/168 153/228/153
f 169/253/169 152/227/152 151/226/151
f 170/254/170 152/227/152 169/253/169
f 170/255/170 168/252/168 152/229/152
f 151/226/151 150/225/150 169/253/169
f 169/253/169 171/256/171 172/257/172
f 150/225/150 171/256/171 169/253/169
f 173/258/173 169/253/169 172/257/172
f 174/259/174 169/253/169 173/258/173
f 174/259/174 170/254/170 169/253/169
f 170/260/170 174/261/174 175/262/175
f 170/255/170 175/263/175 168/252/168
f 168/252/168 175/263/175 167/251/167
f 167/264/167 176/265/176 177/266/177
f 167/264/167 178/267/178 176/265/176
f 175/262/175 178/267/178 167/264/167
f 167/251/167 177/268/177 179/269/179
f 166/250/166 167/251/167 179/269/179
f 179/269/179 165/249/165 166/250/166
f 180/270/180 165/249/165 179/269/179
f 165/249/165 180/270/180 164/248/164
f 164/247/164 180/271/180 163/246/163
f 163/246/163 181/272/181 162/245/162
f 180/271/180 181/272/181 163/246/163
f 162/244/162 182/273/182 161/243/161
f 181/272/181 182/274/182 162/245/162
f 161/243/161 182/273/182 183/275/183
f 159/241/159 161/243/161 183/275/183
f 159/241/159 183/275/183 184/276/184
f 160/242/160 159/241/159 184/276/184
f 184/276/184 183/275/183 185/277/185
f 183/275/183 186/278/186 185/277/185
f 182/273/182 186/278/186 183/275/183
f 187/279/187 186/278/186 182/273/182
f 188/280/188 187/281/187 182/274/182
f 181/272/181 188/280/188 182/274/182
f 181/272/181 180/271/180 188/280/188
f 188/282/188 180/270/180 179/269/179
f 177/268/177 188/282/188 179/269/179
f 189/283/189 177/266/177 190/284/190
f 177/266/177 191/285/191 190/284/190
f 176/265/176 191/285/191 177/266/177
f 189/286/189 188/282/188 177/268/177
f 176/265/176 192/287/192 191/285/191
f 193/288/193 192/287/192 176/265/176
f 178/267/178 193/288/193 176/265/176
f 178/267/178 173/289/173 193/288/193
f 175/262/175 174/261/174 178/267/178
f 174/261/174 173/289/173 178/267/178
f 173/258/173 172/257/172 194/290/194
f 173/289/173 194/291/194 193/288/193
f 172/257/172 195/292/195 196/293/196
f 171/256/171 195/292/195 172/257/172
f 172/257/172 196/293/196 194/290/194
f 194/290/194 196/293/196 197/294/197
f 193/288/193 194/291/194 198/295/198
f 194/290/194 197/294/197 198/296/198
f 193/288/193 198/295/198 192/287/192
f 192/287/192 199/297/199 200/298/200
f 198/295/198 199/297/199 192/287/192
f 192/287/192 200/298/200 191/285/191
f 201/299/201 191/285/191 200/298/200
f 202/300/202 191/285/191 201/299/201
f 202/300/202 190/284/190 191/285/191
f 190/301/190 202/302/202 203/303/203
f 203/304/203 204/305/204 190/306/190
f 190/306/190 204/305/204 189/307/189
f 189/307/189 204/305/204 187/281/187
f 189/307/189 187/281/187 188/280/188
f 187/279/187 204/308/204 186/278/186
f 186/278/186 205/309/205 185/277/185
f 186/278/186 204/308/204 205/309/205
f 205/309/205 206/310/206 185/277/185
f 205/309/205 207/311/207 206/310/206
f 203/312/203 207/311/207 205/309/205
f 204/308/204 203/312/203 205/309/205
f 203/303/203 202/302/202 207/313/207
f 202/302/202 201/314/201 207/313/207
f 207/313/207 201/314/201 208/315/208
f 201/314/201 209/316/209 208/315/208
f 210/317/210 209/316/209 201/314/201
f 200/298/200 210/318/210 201/299/201
f 199/297/199 210/318/210 200/298/200
f 199/297/199 211/319/211 210/318/210
f 212/320/212 211/319/211 199/297/199
f 198/295/198 212/320/212 199/297/199
f 198/321/198 197/322/197 212/323/212
f 197/294/197 213/324/213 214/325/214
f 196/293/196 213/324/213 197/294/197
f 197/322/197 214/326/214 212/323/212
f 196/293/196 195/292/195 213/324/213
f 213/324/213 215/327/215 216/328/216
f 195/292/195 215/327/215 213/324/213
f 216/328/216 214/325/214 213/324/213
f 217/329/217 214/330/214 216/331/216
f 217/329/217 218/332/218 214/330/214
f 214/330/214 218/332/218 212/333/212
f 212/333/212 218/332/218 211/334/211
f 211/335/211 219/336/219 220/337/220
f 218/338/218 219/336/219 211/335/211
f 211/335/211 220/337/220 210/317/210
f 210/317/210 220/337/220 209/316/209
f 208/315/208 209/316/209 221/339/221
f 209/316/209 222/340/222 221/339/221
f 220/337/220 222/340/222 209/316/209
f 208/341/208 221/342/221 223/343/223
f 206/310/206 208/341/208 223/343/223
f 207/311/207 208/341/208 206/310/206
f 185/277/185 206/310/206 224/344/224
f 184/276/184 185/277/185 224/344/224
f 184/276/184 224/344/224 225/345/225
f 226/346/226 184/276/184 225/345/225
f 206/310/206 223/343/223 224/344/224
f 223/343/223 227/347/227 228/348/228
f 224/344/224 223/343/223 228/348/228
f 221/342/221 227/347/227 223/343/223
f 229/349/229 227/350/227 221/339/221
f 222/340/222 229/349/229 221/339/221
f 220/337/220 229/349/229 222/340/222
f 220/337/220 219/336/219 230/351/230
f 230/352/230 219/353/219 231/354/231
f 219/336/219 218/338/218 231/355/231
f 231/354/231 218/332/218 217/329/217
f 216/328/216 232/356/232 233/357/233
f 215/327/215 232/356/232 216/328/216
f 216/331/216 233/358/233 217/329/217
f 217/329/217 234/359/234 235/360/235
f 233/358/233 234/359/234 217/329/217
f 217/329/217 235/360/235 231/354/231
f 231/354/231 235/360/235 230/352/230
f 230/351/230 236/361/236 237/362/237
f 235/360/235 236/363/236 230/352/230
f 237/362/237 220/337/220 230/351/230
f 229/349/229 220/337/220 237/362/237
f 229/349/229 237/362/237 227/350/227
f 227/347/227 238/364/238 239/365/239
f 228/348/228 227/347/227 239/365/239
f 227/350/227 237/362/237 238/366/238
f 228/348/228 239/365/239 240/367/240
f 224/344/224 228/348/228 240/367/240
f 225/345/225 224/344/224 240/367/240
f 225/345/225 240/367/240 241/368/241
f 242/369/242 225/345/225 241/368/241
f 226/346/226 225/345/225 242/369/242
f 240/367/240 243/370/243 244/371/244
f 240/367/240 239/365/239 243/370/243
f 239/365/239 245/372/245 243/370/243
f 238/364/238 245/372/245 239/365/239
f 246/373/246 245/374/245 238/366/238
f 247/375/247 246/373/246 238/366/238
f 237/362/237 247/375/247 238/366/238
f 236/361/236 247/375/247 237/362/237
f 236/361/236 248/376/248 247/375/247
f 235/360/235 249/377/249 236/363/236
f 249/378/249 248/376/248 236/361/236
f 234/359/234 249/377/249 235/360/235
f 249/377/249 234/359/234 250/379/250
f 250/379/250 234/359/234 251/380/251
f 251/380/251 234/359/234 233/358/233
f 248/376/248 249/378/249 252/381/252
f 252/382/252 249/377/249 250/379/250
f 246/373/246 248/376/248 253/383/253
f 253/383/253 248/376/248 252/381/252
f 248/376/248 246/373/246 247/375/247
f 246/373/246 253/383/253 245/374/245
f 245/372/245 254/384/254 255/385/255
f 243/370/243 245/372/245 255/385/255
f 245/374/245 253/383/253 254/386/254
f 243/370/243 255/385/255 256/387/256
f 244/371/244 243/370/243 256/387/256
f 241/368/241 240/367/240 244/371/244
f 241/368/241 244/371/244 257/388/257
f 255/385/255 258/389/258 256/387/256
f 255/385/255 254/384/254 258/389/258
f 254/384/254 259/390/259 258/389/258
f 254/386/254 260/391/260 259/392/259
f 253/383/253 260/391/260 254/386/254
f 261/393/261 260/391/260 253/383/253
f 252/381/252 261/393/261 253/383/253
f 262/394/262 261/395/261 252/396/252
f 250/397/250 262/394/262 252/396/252
f 261/393/261 263/398/263 260/391/260
f 262/394/262 263/399/263 261/395/261
f 260/391/260 264/400/264 259/392/259
f 263/398/263 264/400/264 260/391/260
f 259/390/259 265/401/265 258/389/258
f 266/402/266 265/403/265 259/392/259
f 264/400/264 266/402/266 259/392/259
f 258/389/258 265/401/265 267/404/267
f 256/387/256 258/389/258 267/404/267
f 244/371/244 256/387/256 268/405/268
f 244/371/244 268/405/268 257/388/257
f 257/388/257 269/406/269 270/407/270
f 271/408/271 257/388/257 270/407/270
f 241/368/241 257/388/257 271/408/271
f 271/408/271 270/407/270 272/409/272
f 270/407/270 273/410/273 274/411/274
f 272/409/272 270/407/270 274/411/274
f 270/407/270 269/406/269 273/410/273
f 257/388/257 275/412/275 269/406/269
f 257/388/257 268/405/268 275/412/275
f 268/405/268 256/387/256 276/413/276
f 256/387/256 277/414/277 276/413/276
f 256/387/256 267/404/267 277/414/277
f 267/404/267 278/415/278 277/414/277
f 267/404/267 265/401/265 278/415/278
f 265/401/265 279/416/279 278/415/278
f 265/403/265 280/417/280 279/418/279
f 266/402/266 280/417/280 265/403/265
f 281/419/281 280/417/280 266/402/266
f 281/419/281 266/402/266 264/400/264
f 282/420/282 264/400/264 263/398/263
f 281/419/281 264/400/264 282/420/282
f 283/421/283 280/417/280 281/419/281
f 282/420/282 283/421/283 281/419/281
f 280/417/280 284/422/284 279/418/279
f 285/423/285 284/422/284 280/417/280
f 283/421/283 285/423/285 280/417/280
f 278/424/278 279/425/279 286/426/286
f 284/422/284 286/427/286 279/418/279
f 277/414/277 278/415/278 287/428/287
f 287/429/287 278/424/278 286/426/286
f 277/414/277 288/430/288 276/413/276
f 289/431/289 288/430/288 277/414/277
f 289/431/289 277/414/277 287/428/287
f 276/413/276 288/430/288 290/432/290
f 268/405/268 276/413/276 290/432/290
f 268/405/268 290/432/290 291/433/291
f 275/412/275 268/405/268 291/433/291
f 275/412/275 291/433/291 292/434/292
f 269/406/269 275/412/275 293/435/293
f 273/410/273 269/406/269 293/435/293
f 293/435/293 274/411/274 273/410/273
f 294/436/294 274/411/274 295/437/295
f 296/438/296 274/411/274 293/435/293
f 296/438/296 295/437/295 274/411/274
f 274/411/274 294/436/294 272/409/272
f 296/438/296 293/435/293 297/439/297
f 292/434/292 293/435/293 275/412/275
f 298/440/298 293/435/293 292/434/292
f 298/440/298 297/439/297 293/435/293
f 298/441/298 292/442/292 299/443/299
f 299/443/299 292/442/292 300/444/300
f 292/434/292 291/433/291 300/445/300
f 300/445/300 291/433/291 301/446/301
f 291/433/291 290/432/290 301/446/301
f 301/447/301 290/448/290 302/449/302
f 290/448/290 288/450/288 302/449/302
f 289/451/289 302/449/302 288/450/288
f 303/452/303 302/453/302 289/454/289
f 289/454/289 287/429/287 303/452/303
f 287/429/287 286/426/286 304/455/304
f 303/452/303 287/429/287 304/455/304
f 304/456/304 286/427/286 284/422/284
f 285/423/285 304/456/304 284/422/284
f 305/457/305 306/458/306 285/423/285
f 306/458/306 304/456/304 285/423/285
f 283/421/283 307/459/307 285/423/285
f 285/423/285 307/459/307 305/457/305
f 307/459/307 283/421/283 282/420/282
f 308/460/308 307/459/307 282/420/282
f 309/461/309 305/457/305 307/459/307
f 309/461/309 307/459/307 308/460/308
f 310/462/310 311/463/311 305/464/305
f 311/463/311 306/465/306 305/464/305
f 312/466/312 310/462/310 305/464/305
f 309/467/309 312/466/312 305/464/305
f 303/452/303 304/455/304 306/468/306
f 313/469/313 303/452/303 306/468/306
f 313/469/313 306/468/306 311/470/311
f 303/452/303 313/469/313 314/471/314
f 302/453/302 303/452/303 315/472/315
f 314/471/314 315/472/315 303/452/303
f 301/473/301 302/453/302 316/474/316
f 302/453/302 315/472/315 316/474/316
f 300/475/300 301/473/301 317/476/317
f 317/476/317 301/473/301 316/474/316
f 299/477/299 300/475/300 318/478/318
f 318/478/318 300/475/300 317/476/317
f 319/479/319 299/477/299 320/480/320
f 321/481/321 299/477/299 319/479/319
f 321/482/321 298/441/298 299/443/299
f 320/480/320 299/477/299 318/478/318
f 297/483/297 298/441/298 321/482/321
f 322/484/322 321/485/321 319/486/319
f 322/484/322 297/487/297 321/485/321
f 323/488/323 296/489/296 297/487/297
f 323/488/323 297/487/297 322/484/322
f 324/490/324 322/484/322 319/486/319
f 322/484/322 324/490/324 323/488/323
f 325/491/325 324/490/324 319/486/319
f 319/492/319 320/493/320 326/494/326
f 325/495/325 319/492/319 326/494/326
f 320/480/320 318/478/318 327/496/327
f 326/497/326 320/480/320 327/496/327
f 318/478/318 317/476/317 328/498/328
f 327/496/327 318/478/318 328/498/328
f 317/476/317 316/474/316 329/499/329
f 328/498/328 317/476/317 329/499/329
f 316/474/316 315/472/315 314/471/314
f 329/499/329 316/474/316 314/471/314
f 330/500/330 313/469/313 311/470/311
f 311/463/311 331/501/331 330/502/330
f 331/501/331 311/463/311 310/462/310
f 312/503/312 332/504/332 310/505/310
f 332/504/332 331/506/331 310/505/310
f 312/466/312 309/467/309 333/507/333
f 312/503/312 334/508/334 332/504/332
f 312/509/312 333/510/333 334/511/334
f 333/512/333 309/513/309 308/514/308
f 333/512/333 308/514/308 335/515/335
f 334/511/334 333/510/333 335/516/335
f 332/504/332 334/508/334 336/517/336
f 337/518/337 336/517/336 334/508/334
f 337/519/337 334/511/334 335/516/335
f 332/504/332 338/520/338 331/506/331
f 339/521/339 338/520/338 332/504/332
f 336/517/336 339/521/339 332/504/332
f 331/522/331 338/523/338 330/524/330
f 340/525/340 341/526/341 330/500/330
f 313/469/313 330/500/330 341/526/341
f 340/527/340 330/524/330 338/523/338
f 341/526/341 314/471/314 313/469/313
f 314/471/314 342/528/342 329/499/329
f 341/526/341 342/528/342 314/471/314
f 328/498/328 329/499/329 342/528/342
f 327/496/327 328/498/328 343/529/343
f 343/529/343 328/498/328 342/528/342
f 326/497/326 327/496/327 344/530/344
f 344/530/344 327/496/327 343/529/343
f 345/531/345 325/495/325 326/494/326
f 345/532/345 326/497/326 344/530/344
f 346/533/346 324/490/324 325/491/325
f 347/534/347 325/495/325 345/531/345
f 347/535/347 346/533/346 325/491/325
f 323/488/323 324/490/324 348/536/348
f 348/536/348 324/490/324 346/533/346
f 349/537/349 346/533/346 350/538/350
f 349/537/349 348/536/348 346/533/346
f 350/538/350 346/533/346 347/535/347
f 351/539/351 347/540/347 345/541/345
f 350/542/350 347/540/347 351/539/351
f 344/543/344 352/544/352 345/545/345
f 352/546/352 351/539/351 345/541/345
f 343/547/343 352/544/352 344/543/344
f 342/548/342 353/549/353 343/547/343
f 353/549/353 352/544/352 343/547/343
f 341/526/341 340/525/340 342/528/342
f 353/549/353 342/548/342 340/527/340
f 340/527/340 338/523/338 353/549/353
f 353/550/353 338/520/338 354/551/354
f 339/521/339 354/551/354 338/520/338
f 355/552/355 337/519/337 335/516/335
f 356/553/356 336/517/336 337/518/337
f 356/554/356 337/519/337 355/552/355
f 357/555/357 339/521/339 336/517/336
f 358/556/358 357/555/357 336/517/336
f 358/556/358 336/517/336 356/553/356
f 354/551/354 352/546/352 353/550/353
f 359/557/359 352/546/352 354/551/354
f 339/521/339 359/557/359 354/551/354
f 359/557/359 351/539/351 352/546/352
f 360/558/360 351/539/351 359/557/359
f 350/542/350 351/539/351 360/558/360
f 349/559/349 350/560/350 361/561/361
f 360/558/360 361/562/361 350/542/350
f 349/537/349 362/563/362 348/536/348
f 349/537/349 363/564/363 362/563/362
f 349/559/349 364/565/364 363/566/363
f 364/565/364 349/559/349 361/561/361
f 348/536/348 362/563/362 323/488/323
f 362/563/362 365/567/365 323/488/323
f 366/568/366 363/566/363 364/565/364
f 363/564/363 367/569/367 362/563/362
f 368/570/368 367/569/367 363/564/363
f 363/566/363 366/568/366 368/571/368
f 364/572/364 360/558/360 366/573/366
f 364/572/364 361/562/361 360/558/360
f 366/573/366 360/558/360 369/574/369
f 369/574/369 360/558/360 359/557/359
f 232/356/232 358/556/358 356/553/356
f 357/555/357 358/556/358 232/356/232
f 370/575/370 359/557/359 339/521/339
f 370/575/370 369/574/369 359/557/359
f 371/576/371 366/573/366 369/574/369
f 371/576/371 369/574/369 370/575/370
f 366/568/366 372/577/372 368/571/368
f 372/578/372 366/573/366 371/576/371
f 367/569/367 368/570/368 373/579/373
f 373/579/373 368/570/368 374/580/374
f 374/581/374 368/571/368 372/577/372
f 367/569/367 375/582/375 362/563/362
f 375/582/375 367/569/367 376/583/376
f 376/583/376 367/569/367 373/579/373
f 362/563/362 375/582/375 365/567/365
f 365/567/365 377/584/377 294/585/294
f 375/582/375 377/584/377 365/567/365
f 378/586/378 377/584/377 375/582/375
f 379/587/379 378/586/378 375/582/375
f 379/587/379 375/582/375 376/583/376
f 380/588/380 381/589/381 376/583/376
f 381/589/381 379/587/379 376/583/376
f 380/588/380 376/583/376 373/579/373
f 382/590/382 380/588/380 373/579/373
f 374/580/374 382/590/382 373/579/373
f 374/591/374 372/578/372 383/592/383
f 383/592/383 372/578/372 384/593/384
f 384/593/384 372/578/372 371/576/371
f 384/593/384 371/576/371 370/575/370
f 385/594/385 339/521/339 357/555/357
f 385/594/385 370/575/370 339/521/339
f 386/595/386 384/593/384 370/575/370
f 387/596/387 383/592/383 388/597/388
f 389/598/389 383/592/383 387/596/387
f 389/598/389 374/591/374 383/592/383
f 388/597/388 383/592/383 384/593/384
f 374/580/374 390/599/390 382/590/382
f 389/600/389 390/601/390 374/602/374
f 382/590/382 391/603/391 380/588/380
f 390/599/390 391/603/391 382/590/382
f 392/604/392 381/589/381 380/588/380
f 391/603/391 392/604/392 380/588/380
f 393/605/393 381/589/381 392/604/392
f 379/587/379 381/589/381 394/606/394
f 394/606/394 381/589/381 393/605/393
f 394/606/394 378/586/378 379/587/379
f 393/607/393 395/608/395 394/609/394
f 395/608/395 396/610/396 394/609/394
f 378/611/378 394/609/394 396/610/396
f 397/612/397 395/608/395 393/607/393
f 393/605/393 392/604/392 397/613/397
f 397/613/397 392/604/392 398/614/398
f 391/603/391 398/614/398 392/604/392
f 399/615/399 398/614/398 391/603/391
f 391/603/391 400/616/400 399/615/399
f 390/599/390 400/616/400 391/603/391
f 390/601/390 389/600/389 400/617/400
f 387/618/387 400/619/400 389/620/389
f 400/619/400 387/618/387 401/621/401
f 387/596/387 402/622/402 401/623/401
f 403/624/403 387/596/387 388/597/388
f 402/622/402 387/596/387 403/624/403
f 403/624/403 388/597/388 384/593/384
f 403/624/403 384/593/384 386/595/386
f 386/595/386 370/575/370 385/594/385
f 404/625/404 402/622/402 403/624/403
f 401/626/401 402/627/402 405/628/405
f 402/627/402 406/629/406 405/628/405
f 406/630/406 402/622/402 404/625/404
f 401/631/401 407/632/407 400/616/400
f 401/633/401 408/634/408 407/635/407
f 405/636/405 408/634/408 401/633/401
f 400/616/400 407/632/407 399/615/399
f 398/614/398 399/615/399 407/632/407
f 409/637/409 397/613/397 398/614/398
f 410/638/410 409/637/409 398/614/398
f 410/638/410 398/614/398 407/632/407
f 395/639/395 397/640/397 411/641/411
f 397/640/397 409/642/409 411/641/411
f 411/641/411 409/642/409 412/643/412
f 409/642/409 413/644/413 412/643/412
f 414/645/414 413/646/413 409/647/409
f 415/648/415 414/645/414 409/647/409
f 415/648/415 409/647/409 410/649/410
f 410/649/410 407/635/407 415/648/415
f 407/635/407 408/634/408 414/645/414
f 415/648/415 407/635/407 414/645/414
f 414/650/414 408/651/408 416/652/416
f 416/652/416 408/651/408 417/653/417
f 408/651/408 405/654/405 417/653/417
f 417/653/417 405/654/405 418/655/418
f 418/656/418 405/628/405 406/629/406
f 419/657/419 406/630/406 420/658/420
f 418/656/418 406/629/406 419/659/419
f 420/658/420 406/630/406 404/625/404
f 421/660/421 404/625/404 403/624/403
f 421/660/421 403/624/403 386/595/386
f 422/661/422 421/660/421 386/595/386
f 423/662/423 404/625/404 421/660/421
f 423/662/423 420/658/420 404/625/404
f 424/663/424 419/657/419 420/658/420
f 424/663/424 420/658/420 423/662/423
f 419/664/419 425/665/425 418/666/418
f 426/667/426 419/657/419 427/668/427
f 428/669/428 419/657/419 426/667/426
f 428/670/428 425/665/425 419/664/419
f 427/668/427 419/657/419 424/663/424
f 418/671/418 429/672/429 417/673/417
f 425/674/425 429/672/429 418/671/418
f 430/675/430 416/676/416 417/673/417
f 429/672/429 430/675/430 417/673/417
f 430/675/430 431/677/431 416/676/416
f 431/678/431 432/679/432 416/680/416
f 432/681/432 414/650/414 416/652/416
f 433/682/433 431/677/431 430/675/430
f 429/672/429 434/683/434 430/675/430
f 434/683/434 433/682/433 430/675/430
f 435/684/435 434/683/434 429/672/429
f 425/674/425 435/684/435 429/672/429
f 428/685/428 435/684/435 425/674/425
f 436/686/436 428/685/428 437/687/437
f 436/686/436 435/684/435 428/685/428
f 426/667/426 437/688/437 428/669/428
f 437/688/437 426/667/426 438/689/438
f 426/667/426 439/690/439 438/689/438
f 440/691/440 426/667/426 427/668/427
f 439/690/439 426/667/426 440/691/440
f 440/691/440 427/668/427 424/663/424
f 440/691/440 424/663/424 423/662/423
f 441/692/441 423/662/423 421/660/421
f 441/692/441 421/660/421 422/661/422
f 442/693/442 422/661/422 386/595/386
f 443/694/443 441/692/441 422/661/422
f 443/694/443 422/661/422 442/693/442
f 441/692/441 440/691/440 423/662/423
f 438/689/438 439/690/439 444/695/444
f 439/690/439 445/696/445 444/695/444
f 445/696/445 439/690/439 440/691/440
f 446/697/446 436/698/436 438/699/438
f 438/699/438 436/698/436 437/700/437
f 438/699/438 444/701/444 447/702/447
f 446/697/446 438/699/438 447/702/447
f 436/686/436 448/703/448 449/704/449
f 436/686/436 449/704/449 435/684/435
f 448/705/448 436/698/436 450/706/450
f 436/698/436 446/697/446 450/706/450
f 449/704/449 434/683/434 435/684/435
f 433/682/433 434/683/434 451/707/451
f 451/707/451 434/683/434 449/704/449
f 449/704/449 448/703/448 451/707/451
f 448/703/448 452/708/452 451/707/451
f 448/705/448 450/706/450 452/709/452
f 446/697/446 453/710/453 450/706/450
f 446/697/446 447/702/447 453/710/453
f 447/702/447 454/711/454 453/710/453
f 454/711/454 447/702/447 455/712/455
f 455/712/455 447/702/447 456/713/456
f 447/702/447 444/701/444 456/713/456
f 456/713/456 444/701/444 457/714/457
f 457/715/457 444/695/444 445/696/445
f 458/716/458 445/696/445 459/717/459
f 457/715/457 445/696/445 458/716/458
f 460/718/460 445/696/445 440/691/440
f 459/717/459 445/696/445 460/718/460
f 460/718/460 440/691/440 441/692/441
f 461/719/461 441/692/441 443/694/443
f 462/720/462 461/719/461 443/694/443
f 463/721/463 441/692/441 461/719/461
f 463/721/463 460/718/460 441/692/441
f 458/716/458 464/722/464 457/715/457
f 464/722/464 458/716/458 465/723/465
f 458/716/458 466/724/466 465/723/465
f 466/724/466 458/716/458 459/717/459
f 457/714/457 464/725/464 456/713/456
f 456/713/456 467/726/467 455/712/455
f 464/725/464 467/726/467 456/713/456
f 455/712/455 468/727/468 469/728/469
f 469/728/469 454/711/454 455/712/455
f 467/726/467 468/727/468 455/712/455
f 468/727/468 467/726/467 470/729/470
f 464/725/464 470/729/470 467/726/467
f 465/730/465 470/729/470 464/725/464
f 465/730/465 471/731/471 470/729/470
f 472/732/472 471/731/471 465/730/465
f 465/723/465 466/724/466 472/733/472
f 466/724/466 473/734/473 472/733/472
f 474/735/474 466/724/466 459/717/459
f 473/734/473 466/724/466 474/735/474
f 474/735/474 459/717/459 460/718/460
f 475/736/442 463/721/463 461/719/461
f 475/736/442 461/719/461 462/720/462
f 475/736/442 462/720/462 476/737/475
f 477/738/476 463/721/463 475/736/442
f 463/721/463 474/735/474 460/718/460
f 478/739/477 473/734/473 474/735/474
f 478/739/477 474/735/474 463/721/463
f 472/733/472 473/734/473 479/740/478
f 473/734/473 480/741/479 479/740/478
f 480/741/479 473/734/473 478/739/477
f 472/732/472 481/742/480 471/731/471
f 479/743/478 481/744/480 472/745/472
f 482/746/481 481/744/480 479/743/478
f 480/747/479 482/748/481 479/749/478
f 483/750/482 480/741/479 478/739/477
f 484/751/483 480/741/479 483/750/482
f 484/752/483 482/748/481 480/747/479
f 477/738/476 478/739/477 463/721/463
f 483/750/482 478/739/477 477/738/476
f 485/753/484 475/736/442 476/737/475
f 486/754/485 483/750/482 477/738/476
f 484/751/483 483/750/482 487/755/486
f 483/750/482 488/756/487 487/755/486
f 488/756/487 483/750/482 486/754/485
f 484/757/483 489/758/488 482/746/481
f 484/757/483 487/759/486 489/758/488
f 482/746/481 489/758/488 481/744/480
f 489/758/488 490/760/489 481/744/480
f 489/758/488 491/761/490 490/760/489
f 489/758/488 492/762/491 491/761/490
f 493/763/492 492/762/491 489/758/488
f 487/759/486 493/763/492 489/758/488
f 494/764/493 493/763/492 487/759/486
f 487/765/486 488/766/487 494/767/493
f 488/766/487 495/768/494 494/767/493
f 496/769/495 488/756/487 486/754/485
f 495/770/494 488/756/487 496/769/495
f 485/753/484 477/738/476 475/736/442
f 485/753/484 476/737/475 497/771/496
f 22/29/22 485/753/484 497/771/496
f 498/772/497 477/738/476 485/753/484
f 498/772/497 486/754/485 477/738/476
f 499/773/498 496/769/495 486/754/485
f 499/773/498 486/754/485 498/772/497
f 500/774/499 495/770/494 496/769/495
f 500/774/499 496/769/495 499/773/498
f 495/775/494 501/776/500 494/764/493
f 502/777/501 495/778/494 500/779/499
f 502/780/501 501/776/500 495/775/494
f 493/763/492 494/764/493 501/776/500
f 492/762/491 493/763/492 503/781/502
f 503/781/502 493/763/492 501/776/500
f 502/780/501 504/782/503 501/776/500
f 501/776/500 504/782/503 503/781/502
f 502/780/501 505/783/504 504/782/503
f 506/784/505 505/783/504 502/780/501
f 502/777/501 500/779/499 506/785/505
f 500/779/499 507/786/506 506/785/505
f 508/787/507 500/774/499 499/773/498
f 507/788/506 500/774/499 508/787/507
f 508/787/507 499/773/498 498/772/497
f 509/789/508 498/772/497 485/753/484
f 509/789/508 485/753/484 22/29/22
f 510/790/509 498/772/497 509/789/508
f 511/791/510 507/788/506 508/787/507
f 511/791/510 508/787/507 498/772/497
f 507/786/506 512/792/511 506/785/505
f 513/793/512 507/786/506 511/794/510
f 513/793/512 512/792/511 507/786/506
f 505/783/504 506/784/505 512/795/511
f 505/783/504 514/796/513 504/782/503
f 505/783/504 515/797/514 514/796/513
f 516/798/515 515/797/514 505/783/504
f 516/798/515 505/783/504 512/795/511
f 504/782/503 517/799/516 503/781/502
f 504/782/503 514/796/513 517/799/516
f 518/800/517 492/762/491 503/781/502
f 503/781/502 517/799/516 518/800/517
f 517/799/516 519/801/518 520/802/519
f 518/800/517 517/799/516 520/802/519
f 514/796/513 519/801/518 517/799/516
f 521/803/520 519/801/518 514/796/513
f 521/803/520 514/796/513 522/804/521
f 514/796/513 515/797/514 522/804/521
f 515/797/514 523/805/522 522/804/521
f 516/798/515 523/805/522 515/797/514
f 513/806/512 516/798/515 512/795/511
f 513/806/512 524/807/523 516/798/515
f 525/808/524 524/807/523 513/806/512
f 513/793/512 511/794/510 525/809/524
f 511/791/510 526/810/525 525/811/524
f 510/790/509 511/791/510 498/772/497
f 526/810/525 511/791/510 510/790/509
f 527/812/526 510/790/509 509/789/508
f 39/54/39 509/789/508 22/29/22
f 527/812/526 509/789/508 39/54/39
f 527/812/526 528/813/527 510/790/509
f 529/814/528 528/815/527 527/816/526
f 36/50/36 527/812/526 39/54/39
f 530/817/529 527/816/526 36/818/36
f 530/817/529 529/814/528 527/816/526
f 531/819/530 526/810/525 510/790/509
f 531/819/530 510/790/509 528/813/527
f 525/811/524 526/810/525 532/820/531
f 526/810/525 533/821/532 532/820/531
f 533/821/532 526/810/525 531/819/530
f 525/808/524 534/822/533 524/807/523
f 532/823/531 534/822/533 525/808/524
f 516/798/515 524/807/523 535/824/534
f 524/807/523 536/825/535 535/824/534
f 534/822/533 536/825/535 524/807/523
f 516/798/515 535/824/534 523/805/522
f 523/805/522 535/824/534 537/826/536
f 523/805/522 537/826/536 522/804/521
f 537/826/536 538/827/537 522/804/521
f 522/804/521 538/827/537 521/803/520
f 521/803/520 539/828/538 519/801/518
f 521/803/520 538/827/537 539/828/538
f 520/829/519 519/830/518 540/831/539
f 519/830/518 539/832/538 540/831/539
f 539/832/538 541/833/540 540/831/539
f 539/832/538 538/834/537 541/833/540
f 541/833/540 538/834/537 542/835/541
f 538/834/537 537/836/536 542/835/541
f 542/835/541 537/836/536 543/837/542
f 537/836/536 544/838/543 543/837/542
f 535/824/534 544/839/543 537/826/536
f 536/825/535 544/839/543 535/824/534
f 545/840/544 544/839/543 536/825/535
f 536/825/535 546/841/545 545/840/544
f 546/841/545 536/825/535 547/842/546
f 536/825/535 534/822/533 547/842/546
f 547/842/546 534/822/533 548/843/547
f 534/822/533 532/823/531 548/843/547
f 533/844/532 548/845/547 532/846/531
f 531/847/530 549/848/548 533/844/532
f 549/848/548 548/845/547 533/844/532
f 528/815/527 550/849/549 531/847/530
f 550/849/549 549/848/548 531/847/530
f 529/814/528 551/850/550 528/815/527
f 550/849/549 528/815/527 551/850/550
f 551/850/550 529/814/528 552/851/551
f 530/817/529 552/851/551 529/814/528
f 552/851/551 530/817/529 553/852/552
f 36/818/36 553/852/552 530/817/529
f 37/51/37 553/853/552 36/52/36
f 554/854/553 553/852/552 555/855/554
f 552/851/551 553/852/552 554/854/553
f 37/51/37 556/856/555 553/853/552
f 553/853/552 556/856/555 555/857/554
f 551/850/550 552/851/551 554/854/553
f 551/850/550 554/854/553 550/849/549
f 557/858/556 550/849/549 558/859/557
f 549/848/548 550/849/549 557/858/556
f 550/849/549 554/854/553 558/859/557
f 547/860/546 549/861/548 557/862/556
f 548/863/547 549/861/548 547/860/546
f 547/860/546 557/862/556 546/864/545
f 559/865/558 546/866/545 560/867/559
f 561/868/560 546/866/545 559/865/558
f 561/868/560 545/869/544 546/866/545
f 546/864/545 557/862/556 560/870/559
f 545/871/544 562/872/561 544/838/543
f 545/871/544 561/873/560 562/872/561
f 544/838/543 562/872/561 543/837/542
f 543/874/542 563/875/562 542/876/541
f 543/874/542 564/877/563 563/875/562
f 562/878/561 564/877/563 543/874/542
f 542/876/541 565/879/564 541/880/540
f 563/875/562 565/879/564 542/876/541
f 540/881/539 541/880/540 566/882/565
f 541/880/540 565/879/564 566/882/565
f 567/883/566 568/884/567 565/879/564
f 563/875/562 567/883/566 565/879/564
f 564/877/563 567/883/566 563/875/562
f 562/878/561 561/885/560 564/877/563
f 569/886/568 567/883/566 564/877/563
f 561/868/560 559/865/558 564/887/563
f 559/865/558 569/888/568 564/887/563
f 570/889/569 559/865/558 560/867/559
f 571/890/570 559/865/558 570/889/569
f 571/890/570 569/888/568 559/865/558
f 560/891/559 558/892/557 570/893/569
f 557/858/556 558/859/557 560/894/559
f 558/892/557 554/895/553 570/893/569
f 570/893/569 554/895/553 572/896/571
f 554/895/553 555/897/554 572/896/571
f 572/898/571 555/857/554 573/899/572
f 556/856/555 574/900/573 555/857/554
f 555/857/554 574/900/573 573/899/572
f 556/856/555 37/51/37 38/53/38
f 574/900/573 575/901/574 573/899/572
f 576/902/575 572/898/571 573/899/572
f 573/899/572 575/901/574 576/902/575
f 570/889/569 572/903/571 577/904/576
f 578/905/577 572/903/571 576/906/575
f 578/905/577 577/904/576 572/903/571
f 571/890/570 570/889/569 577/904/576
f 571/890/570 579/907/578 569/888/568
f 577/904/576 579/907/578 571/890/570
f 569/886/568 579/908/578 567/883/566
f 567/883/566 580/909/579 568/884/567
f 567/883/566 579/908/578 580/909/579
f 565/879/564 581/910/580 566/882/565
f 565/879/564 568/884/567 581/910/580
f 566/882/565 582/911/581 583/912/582
f 540/881/539 566/882/565 583/912/582
f 566/882/565 581/910/580 582/911/581
f 580/909/579 584/913/583 568/884/567
f 579/908/578 585/914/584 580/909/579
f 580/909/579 586/915/585 584/913/583
f 585/914/584 586/915/585 580/909/579
f 585/916/584 579/907/578 577/904/576
f 577/904/576 578/905/577 585/916/584
f 585/916/584 578/905/577 586/917/585
f 578/905/577 576/906/575 586/917/585
f 576/902/575 587/918/586 586/919/585
f 576/902/575 575/901/574 587/918/586
f 575/901/574 588/920/587 587/918/586
f 588/920/587 575/901/574 574/900/573
f 589/921/588 590/922/589 574/900/573
f 574/900/573 590/922/589 588/920/587
f 556/856/555 589/921/588 574/900/573
f 38/53/38 589/921/588 556/856/555
f 35/48/35 589/921/588 38/53/38
f 33/46/33 589/921/588 34/47/34
f 589/921/588 35/48/35 34/47/34
f 590/922/589 589/921/588 32/43/32
f 32/43/32 589/921/588 33/46/33
f 588/923/587 590/924/589 591/925/590
f 590/924/589 592/926/591 591/925/590
f 592/927/591 590/922/589 32/43/32
f 588/923/587 591/925/590 587/928/586
f 586/915/585 587/929/586 593/930/592
f 587/929/586 591/931/590 593/930/592
f 586/915/585 593/930/592 584/913/583
f 584/913/583 594/932/593 568/884/567
f 593/930/592 594/932/593 584/913/583
f 568/884/567 595/933/594 581/910/580
f 568/884/567 596/934/595 595/933/594
f 594/932/593 596/934/595 568/884/567
f 593/930/592 597/935/596 594/932/593
f 598/936/597 597/935/596 593/930/592
f 591/931/590 598/936/597 593/930/592
f 591/937/590 592/938/591 598/939/597
f 592/938/591 599/940/598 598/939/597
f 592/927/591 31/45/31 599/941/598
f 32/43/32 31/45/31 592/927/591
f 598/936/597 600/942/599 597/935/596
f 601/943/600 600/942/599 598/936/597
f 599/944/598 601/943/600 598/936/597
f 597/935/596 602/945/601 594/932/593
f 582/911/581 581/910/580 603/946/602
f 604/947/603 582/911/581 603/946/602
f 594/932/593 602/945/601 596/934/595
f 600/942/599 602/945/601 597/935/596
f 605/948/604 606/949/605 602/945/601
f 600/942/599 605/948/604 602/945/601
f 606/949/605 607/950/606 602/945/601
f 596/934/595 602/945/601 608/951/607
f 596/934/595 608/951/607 595/933/594
f 581/910/580 609/952/608 603/946/602
f 603/946/602 609/952/608 610/953/609
f 611/954/610 610/953/609 612/955/611
f 603/946/602 610/953/609 611/954/610
f 612/955/611 610/953/609 613/956/612
f 602/945/601 607/950/606 608/951/607
f 606/949/605 92/135/92 607/950/606
f 68/95/68 90/133/90 92/135/92
f 606/949/605 68/95/68 92/135/92
f 92/135/92 116/169/116 607/950/606
f 608/951/607 607/950/606 140/210/140
f 608/951/607 614/957/613 595/933/594
f 608/951/607 140/210/140 614/957/613
f 595/933/594 614/957/613 581/910/580
f 581/910/580 614/957/613 609/952/608
f 609/952/608 615/958/614 616/959/615
f 610/953/609 609/952/608 616/959/615
f 607/950/606 118/171/118 140/210/140
f 116/169/116 118/171/118 607/950/606
f 92/135/92 91/134/91 116/169/116
f 116/169/116 115/168/115 118/171/118
f 140/210/140 184/276/184 614/957/613
f 140/210/140 160/242/160 184/276/184
f 614/957/613 617/960/616 609/952/608
f 614/957/613 184/276/184 617/960/616
f 609/952/608 617/960/616 615/958/614
f 615/958/614 617/960/616 618/961/617
f 615/958/614 618/961/617 619/962/618
f 616/959/615 615/958/614 619/962/618
f 616/959/615 619/962/618 620/963/619
f 616/959/615 620/963/619 621/964/620
f 620/963/619 622/965/621 623/966/622
f 621/964/620 620/963/619 623/966/622
f 620/963/619 619/962/618 622/965/621
f 618/961/617 624/967/623 625/968/624
f 619/962/618 618/961/617 625/968/624
f 625/968/624 622/965/621 619/962/618
f 623/966/622 622/965/621 626/969/625
f 627/970/626 622/965/621 625/968/624
f 627/970/626 626/969/625 622/965/621
f 628/971/627 623/972/622 629/973/628
f 629/973/628 623/972/622 626/974/625
f 623/966/622 628/975/627 621/964/620
f 432/679/432 431/678/431 626/974/625
f 626/974/625 431/678/431 629/973/628
f 626/976/625 627/977/626 432/681/432
f 413/644/413 627/970/626 625/968/624
f 627/977/626 413/978/413 414/650/414
f 432/681/432 627/977/626 414/650/414
f 412/643/412 413/644/413 625/968/624
f 625/968/624 624/967/623 412/643/412
f 184/276/184 226/346/226 617/960/616
f 617/960/616 242/369/242 618/961/617
f 624/967/623 630/979/629 411/641/411
f 412/643/412 624/967/623 411/641/411
f 630/979/629 396/980/396 395/639/395
f 411/641/411 630/979/629 395/639/395
f 618/961/617 241/368/241 624/967/623
f 242/369/242 241/368/241 618/961/617
f 617/960/616 226/346/226 242/369/242
f 624/967/623 271/408/271 630/979/629
f 624/967/623 241/368/241 271/408/271
f 272/409/272 396/980/396 630/979/629
f 630/979/629 271/408/271 272/409/272
f 378/611/378 396/610/396 272/981/272
f 377/982/377 378/611/378 272/981/272
f 294/983/294 377/982/377 272/981/272
f 295/984/295 365/567/365 294/585/294
f 295/984/295 631/985/630 365/567/365
f 295/984/295 296/489/296 631/985/630
f 365/567/365 631/985/630 323/488/323
f 323/488/323 631/985/630 296/489/296
f 451/986/451 628/971/627 629/973/628
f 451/986/451 629/973/628 433/987/433
f 433/987/433 629/973/628 431/678/431
f 451/986/451 452/988/452 628/971/627
f 628/989/627 632/990/631 621/991/620
f 632/992/631 628/993/627 633/994/632
f 633/994/632 628/993/627 452/709/452
f 452/709/452 450/706/450 633/994/632
f 450/706/450 634/995/633 633/994/632
f 634/995/633 632/992/631 633/994/632
f 632/990/631 635/996/634 621/991/620
f 454/711/454 635/997/634 632/992/631
f 634/995/633 454/711/454 632/992/631
f 634/995/633 450/706/450 453/710/453
f 453/710/453 454/711/454 634/995/633
f 635/997/634 454/711/454 469/728/469
f 635/996/634 636/998/635 621/991/620
f 635/996/634 469/999/469 636/998/635
f 621/964/620 636/1000/635 613/956/612
f 613/956/612 616/959/615 621/964/620
f 637/1001/636 636/998/635 469/999/469
f 636/1000/635 637/1002/636 638/1003/637
f 638/1003/637 613/956/612 636/1000/635
f 468/727/468 637/1004/636 469/728/469
f 637/1005/636 639/1006/638 638/1007/637
f 639/1008/638 637/1004/636 468/727/468
f 638/1007/637 639/1006/638 640/1009/639
f 612/955/611 613/956/612 638/1003/637
f 640/1010/639 612/955/611 638/1003/637
f 610/953/609 616/959/615 613/956/612
f 611/954/610 612/955/611 640/1010/639
f 639/1006/638 641/1011/640 640/1009/639
f 640/1010/639 641/1012/640 642/1013/641
f 642/1013/641 611/954/610 640/1010/639
f 643/1014/642 639/1008/638 468/727/468
f 644/1015/643 641/1016/640 639/1017/638
f 645/1018/644 644/1019/643 639/1008/638
f 645/1018/644 639/1008/638 643/1014/642
f 643/1014/642 468/727/468 470/729/470
f 470/729/470 471/731/471 644/1019/643
f 645/1018/644 470/729/470 644/1019/643
f 644/1015/643 646/1020/645 641/1016/640
f 647/1021/646 646/1020/645 644/1015/643
f 471/731/471 647/1022/646 644/1019/643
f 641/1023/640 646/1024/645 642/1025/641
f 646/1024/645 648/1026/647 642/1025/641
f 642/1013/641 649/1027/648 611/954/610
f 648/1028/647 649/1027/648 642/1013/641
f 649/1027/648 603/946/602 611/954/610
f 648/1029/647 650/1030/649 649/1031/648
f 649/1031/648 650/1030/649 651/1032/650
f 604/947/603 603/946/602 649/1027/648
f 651/1033/650 604/947/603 649/1027/648
f 652/1034/651 648/1035/647 646/1020/645
f 652/1034/651 650/1036/649 648/1035/647
f 653/1037/652 646/1020/645 647/1021/646
f 652/1034/651 646/1020/645 653/1037/652
f 481/742/480 647/1022/646 471/731/471
f 481/744/480 653/1037/652 647/1021/646
f 653/1037/652 654/1038/653 652/1034/651
f 654/1038/653 653/1037/652 490/760/489
f 653/1037/652 481/744/480 490/760/489
f 654/1038/653 650/1036/649 652/1034/651
f 650/1030/649 655/1039/654 651/1032/650
f 491/761/490 655/1040/654 650/1036/649
f 654/1038/653 491/761/490 650/1036/649
f 655/1039/654 656/1041/655 651/1032/650
f 651/1033/650 583/912/582 604/947/603
f 656/1042/655 583/912/582 651/1033/650
f 583/912/582 582/911/581 604/947/603
f 656/1042/655 520/1043/519 583/912/582
f 583/912/582 520/1043/519 540/881/539
f 657/1044/656 656/1045/655 655/1040/654
f 657/1044/656 520/802/519 656/1045/655
f 492/762/491 655/1040/654 491/761/490
f 657/1044/656 655/1040/654 492/762/491
f 490/760/489 491/761/490 654/1038/653
f 492/762/491 518/800/517 657/1044/656
f 518/800/517 520/802/519 657/1044/656
f 643/1014/642 470/729/470 645/1018/644
f 658/1046/657 68/95/68 606/949/605
f 67/93/67 68/95/68 658/1046/657
f 605/948/604 658/1046/657 606/949/605
f 605/948/604 48/1047/48 658/1046/657
f 48/1048/48 49/1049/49 658/1050/657
f 49/1049/49 67/1051/67 658/1050/657
f 50/68/50 67/98/67 49/67/49
f 659/1052/658 48/1047/48 605/948/604
f 28/39/28 48/66/48 659/1053/658
f 600/942/599 659/1052/658 605/948/604
f 601/943/600 659/1052/658 600/942/599
f 660/1054/659 659/1055/658 601/1056/600
f 29/40/29 28/39/28 659/1053/658
f 29/40/29 659/1053/658 660/1057/659
f 660/1054/659 601/1056/600 599/1058/598
f 660/1057/659 599/1059/598 30/41/30
f 30/41/30 29/40/29 660/1057/659
f 30/41/30 599/1059/598 31/42/31
f 22/29/22 497/771/496 57/79/57
f 497/771/496 476/737/475 102/151/102
f 57/79/57 497/771/496 102/151/102
f 102/151/102 476/737/475 661/1060/660
f 103/152/103 661/1060/660 129/191/129
f 102/151/102 661/1060/660 103/152/103
f 476/737/475 462/720/462 661/1060/660
f 462/720/462 442/693/442 171/256/171
f 462/720/462 171/256/171 661/1060/660
f 129/191/129 661/1060/660 150/225/150
f 661/1060/660 171/256/171 150/225/150
f 442/693/442 386/595/386 385/594/385
f 171/256/171 442/693/442 385/594/385
f 171/256/171 385/594/385 195/292/195
f 385/594/385 357/555/357 215/327/215
f 195/292/195 385/594/385 215/327/215
f 215/327/215 357/555/357 232/356/232
f 356/553/356 233/357/233 232/356/232
f 251/1061/251 356/554/356 355/552/355
f 251/380/251 233/358/233 356/1062/356
f 251/1063/251 355/1064/355 250/397/250
f 355/1064/355 335/515/335 262/394/262
f 355/1064/355 262/394/262 250/397/250
f 335/515/335 308/514/308 263/399/263
f 335/515/335 263/399/263 262/394/262
f 308/460/308 282/420/282 263/398/263
f 462/720/462 443/694/443 442/693/442
