# Blender v2.79 (sub 0) OBJ File: ''
# www.blender.org
o cedar_LOD_1500_Cylinder
v -0.258034 -0.611391 -2.798737
v -0.254850 8.755215 -2.197474
v 1.079008 8.291878 -1.559089
v 1.508875 -0.611391 -2.058687
v 1.638789 8.298803 -0.205985
v 2.241350 -0.611391 -0.290660
v 1.088763 7.651384 1.141233
v 1.509498 -0.611391 1.477347
v -0.249614 7.496456 1.700147
v -0.257980 -0.611391 2.209660
v -1.592326 7.924763 1.143360
v -2.025723 -0.611391 1.477292
v -2.152107 7.917837 -0.209744
v -2.758205 -0.611391 -0.290735
v 1.463513 25.338724 -0.319522
v 2.088200 25.463242 1.164039
v -2.025512 -0.611391 -2.066430
v -1.593227 8.600288 -1.638560
v 1.236209 39.747803 0.836970
v 0.787408 39.679310 -0.903512
v 1.212560 51.216164 -0.966845
v 1.427805 51.263805 0.554354
v -1.311443 24.661469 2.647145
v -1.936131 24.536955 1.163578
v 0.122365 24.984348 3.220766
v 1.561838 25.316452 2.559646
v -1.408582 24.683739 -0.242937
v 0.030890 25.015852 -0.904063
v -1.388855 38.781570 1.196288
v -0.287192 38.726444 1.694956
v 0.209844 51.398262 1.097633
v -0.752523 51.559830 0.591817
v -1.777621 38.713074 -0.472656
v -0.314256 39.734436 -1.402181
v -0.968351 51.512188 -0.948141
v 0.249617 51.377735 -1.491426
v 0.349520 63.456211 0.631362
v -0.846735 63.453243 0.557378
v -0.721259 63.610073 -0.859617
v 0.540594 63.103390 -0.576769
v -0.263291 74.722595 -0.048799
v -4.149023 58.454315 -13.508134
v 1.109879 63.114979 -5.517888
v -5.034568 61.625759 -8.922551
v -10.169151 57.448776 -16.357346
v 2.157090 68.485916 0.435249
v 0.311624 73.708054 0.051605
v 0.518258 83.759476 0.314442
v 1.891659 77.081787 0.363000
v -0.223139 63.638577 -3.679007
v -0.404681 71.843063 -4.208673
v -1.498161 64.834000 -7.182083
v 0.203788 63.345043 -0.510305
v -1.947640 68.268143 -1.167908
v 1.255137 72.452209 3.269192
v 1.405334 63.856342 3.717490
v 3.397542 68.087814 6.149727
v -1.052652 58.332119 -4.854974
v 4.658737 56.996189 -9.193761
v 7.987858 52.819214 -17.593592
v 2.669239 53.671463 -13.666759
v 0.285556 68.544540 -2.294333
v 0.273375 77.140411 -2.019511
v 0.675501 83.759476 -0.012426
v 0.398649 73.708054 -0.045446
v -3.339238 63.697208 1.650065
v -3.816099 71.901703 1.943523
v -6.347575 64.329605 4.013947
v 0.413214 69.078476 0.745662
v 0.027855 58.715488 -0.250512
v 3.518913 63.914974 -1.563308
v 3.114559 72.510834 -1.318301
v 5.454154 66.703445 -4.041109
v -4.622247 60.558006 -4.425777
v -5.202154 56.900997 -8.613738
v -10.353831 56.669834 -9.975013
v -8.986947 57.087101 -4.836555
v 3.761263 36.606754 17.220463
v 5.087282 42.140179 11.570055
v -1.583607 41.775238 7.211655
v -2.885870 34.990414 13.841870
v 0.277026 65.810913 0.280628
v 0.661918 59.778126 -2.879614
v -3.122868 59.964214 0.897571
v -15.663918 19.287462 8.492201
v -8.524270 17.680397 10.649625
v -4.886200 24.455942 4.944719
v -12.721004 24.812553 3.476936
v 3.796192 59.436581 6.086499
v 3.223451 55.779575 10.275452
v 7.816017 55.548401 12.977518
v 7.887745 55.965672 7.660843
v 6.386686 27.038832 -0.202344
v 8.765819 27.403778 -7.807352
v 14.563860 21.870359 -8.068583
v 13.121108 20.254021 -0.753007
v 0.350123 64.689499 0.231784
v -0.873996 58.656696 3.170627
v 3.790298 58.842793 0.556022
v 1.364193 46.115852 -5.692001
v 1.525432 38.132111 -10.976254
v 9.108192 38.454182 -11.757159
v 9.134437 45.000599 -7.122085
v 8.963476 53.824749 -11.005097
v 5.241585 58.485405 -2.193320
v 4.658737 56.996189 -9.193761
v 7.987858 52.819214 -17.593592
v -4.600128 62.961685 -1.763202
v -9.859031 58.301022 -9.753447
v 5.241585 58.485405 -2.193320
v 10.246250 53.671879 -4.423834
v 8.963476 53.824749 -11.005097
v 0.123172 63.866154 0.368499
v -3.062521 53.347759 -10.051735
v 1.641099 60.420452 8.818275
v -1.962530 60.459980 4.425150
v -0.228518 57.113941 12.871426
v 3.618959 57.542847 17.473026
v -6.383303 55.790886 6.213209
v -12.480585 52.913277 12.666103
v -6.762456 53.163330 11.428525
v -4.732670 55.830418 0.776199
v -9.285510 51.268616 1.172477
v -10.792085 52.484367 6.910524
v -0.032594 61.040012 0.135389
v -0.703042 56.509373 5.294199
v -0.765123 52.704247 10.725498
v 9.892053 54.630306 0.309092
v 13.166382 50.189255 4.186287
v 18.338078 48.086010 0.988170
v 12.815817 49.076153 -2.161793
v 7.226442 8.183398 15.687759
v 8.002749 14.088499 9.542824
v 0.436138 13.699050 5.662180
v -0.205539 6.458494 12.844339
v -0.032594 58.735241 0.135389
v 4.206216 55.615887 3.729574
v 3.855645 54.502766 -2.618507
v 3.855645 54.502766 -2.618507
v 7.367994 47.766228 -5.288067
v 12.815817 49.076153 -2.161793
v 9.892053 54.630306 0.309092
v -7.400266 50.228806 -6.320055
v -6.962011 45.699104 -11.664987
v -12.845472 42.562614 -12.302175
v -10.428308 43.894558 -6.199551
v -16.089716 8.350136 -10.637544
v -13.094170 14.377276 -5.070524
v -4.506329 13.979777 -6.328373
v -8.228314 6.589569 -12.677660
v -0.032594 55.620407 0.135388
v -0.775658 52.302509 -5.561199
v -4.241961 50.497959 -0.095757
v 3.902571 27.743824 3.498100
v 9.209363 19.518904 7.167996
v 6.501142 20.834242 14.934251
v 1.777767 27.574625 11.944173
v 1.249061 47.723568 9.757256
v -2.086320 42.362804 12.894307
v 1.987714 39.724411 17.551212
v 4.523370 41.777485 11.668947
v 6.536381 16.932165 0.745314
v 10.334520 17.297108 -6.259719
v 16.074463 11.763688 -5.400332
v 13.250907 10.147343 1.500883
v -0.032594 53.369831 0.135388
v -3.044589 49.261734 4.429883
v 3.565108 48.676411 3.204525
v 7.219974 13.707933 1.072392
v 14.138457 6.477277 3.139517
v 14.010278 8.192282 11.097962
v 8.002749 14.088499 9.542824
v 9.134437 45.000599 -7.122085
v 14.029165 38.772221 -5.875821
v 16.321514 36.067242 -12.655564
v 9.108192 38.454182 -11.757159
v -17.762365 12.979703 7.526933
v -11.469328 19.006842 8.129150
v -7.743982 18.609344 0.289827
v -15.091043 11.219137 -0.142995
v 0.407211 51.204632 -0.158489
v 6.285164 46.433903 0.189339
v 1.364193 46.115852 -5.692001
v -4.249550 13.173898 17.930695
v 2.537760 11.478792 13.952806
v 0.731410 18.625528 7.048290
v -6.020598 19.001680 12.058435
v -11.026848 42.689793 1.370067
v -15.025270 37.155975 -1.709938
v -20.581747 35.710052 2.544520
v -14.220428 37.250443 5.412714
v -11.609037 13.165117 14.557808
v -6.628078 18.616749 3.675400
v -13.023397 11.460227 6.821041
v 0.076597 46.852406 0.062419
v -4.941222 42.852627 -2.924958
v -4.136396 42.947098 4.197695
v 12.569259 17.803465 13.554080
v 13.032648 16.108355 5.700646
v 6.288213 23.255096 3.366587
v 6.702715 23.631250 11.764160
v 9.196504 41.733578 8.317125
v 9.859840 36.200161 14.083014
v 17.280094 35.148525 15.622667
v 15.010962 36.208496 8.393270
v 3.670763 51.063465 -5.061847
v -0.825443 49.630165 -11.492969
v 2.930178 43.401787 -14.870374
v 7.863256 43.434166 -9.050117
v 0.076597 45.173550 0.062419
v 1.444612 41.368641 6.471978
v 6.595732 41.376965 0.782239
v 6.595732 41.376965 0.782239
v 13.353433 34.601425 1.121293
v 15.010962 36.208496 8.393270
v 9.196504 41.733578 8.317125
v -1.025527 39.923145 -12.163533
v 2.618763 34.812450 -16.600595
v -1.100392 34.084446 -22.879589
v -4.738293 34.818100 -16.553823
v 7.221815 16.495354 4.345529
v 14.652267 16.884804 0.210138
v 19.330265 10.979714 4.269594
v 12.837034 9.254797 8.869294
v -0.949843 42.689770 -0.236627
v 2.692672 39.275257 -5.513502
v -4.664384 39.280910 -5.466731
v -4.693928 43.083740 -14.046288
v -8.257439 42.761669 -7.307631
v -3.953343 50.745419 -4.237753
v -0.825443 49.630165 -11.492969
v -6.756698 37.510605 10.607417
v -12.191533 31.977186 12.644103
v -11.892880 30.925543 20.216528
v -5.425847 31.985512 16.268021
v -10.030777 61.530571 -0.401311
v -6.226447 65.187576 1.443241
v -2.005108 64.407684 -2.091343
v -6.536826 59.926723 -4.076683
v -0.949843 40.950573 -0.236627
v -6.839026 37.145664 2.639376
v -0.073349 37.153992 6.263289
v 3.565108 48.676411 3.204525
v 7.193112 41.442699 5.524446
v 4.523370 41.777485 11.668947
v 1.249061 47.723568 9.757256
v 10.428414 33.297012 -2.509570
v 14.613003 27.210295 0.612164
v 20.332033 25.469913 -4.162811
v 13.476538 27.372919 -6.976592
v 4.206216 55.615887 3.729574
v 13.166382 50.189255 4.186287
v 8.109257 50.119823 8.134555
v -1.233483 38.168304 -0.661115
v 4.096125 33.684517 2.325881
v 2.959661 33.847137 -5.262881
v -3.122868 59.964214 0.897571
v -8.207747 55.690639 0.236030
v -8.986947 57.087101 -4.836555
v -4.622247 60.558006 -4.425777
v -10.769551 30.400152 -7.812256
v -11.436505 24.739182 -13.452541
v -18.811426 22.819433 -14.132007
v -15.876306 24.243807 -7.211545
v -3.044589 49.261734 4.429883
v -2.086320 42.362804 12.894307
v -6.782664 42.680325 8.115381
v -1.233483 34.990437 -0.661116
v -2.868784 30.955599 -6.864101
v -7.308587 30.460222 -0.623105
v 14.010278 8.192282 11.097962
v 14.138457 6.477277 3.139517
v 7.219974 13.707933 1.072392
v 1.777767 27.574625 11.944173
v -1.586771 21.324436 17.068186
v 4.128160 19.181683 22.770350
v 6.501142 20.834242 14.934251
v 2.930178 43.401787 -14.870374
v 3.670763 51.063465 -5.061847
v 7.863256 43.434166 -9.050117
v -1.233483 32.720875 -0.661116
v -4.185341 28.234020 5.632036
v 3.902571 27.743824 3.498100
v -12.870334 12.988768 14.306060
v -4.747161 11.238304 14.191030
v -2.851950 18.618408 7.068945
v 4.937528 26.422136 -12.045158
v 10.669579 20.597179 -14.159930
v 10.395890 19.490126 -22.132824
v 3.566992 20.605938 -18.011095
v 13.331484 25.954004 10.860888
v 10.940299 32.204193 5.216606
v 2.379014 32.863586 6.667853
v 5.348404 25.184954 13.109962
v -1.233483 30.043350 -0.661117
v 4.981371 26.037968 -3.656962
v -2.121216 26.046726 -7.508124
v -12.972412 25.235506 -12.913510
v -13.959456 23.543760 -5.124325
v -7.399798 30.676294 -2.348758
v -7.250509 31.051702 -10.738526
v -18.059927 19.279139 1.200674
v -23.069159 18.227495 6.887357
v 3.753554 22.409264 5.147357
v 11.398645 22.774204 2.900361
v 14.837111 17.240788 7.576097
v 7.952902 15.624447 10.440864
v -1.035269 28.252527 -0.364470
v -7.282207 24.447617 -2.346808
v 5.344151 53.705723 -11.798089
v -0.281914 52.395794 -9.005296
v -0.013645 59.132332 -4.601758
v 5.774234 59.259876 -7.994308
v 11.398645 22.774204 2.900361
v 14.837111 17.240788 7.576097
v 22.042646 16.189148 5.228575
v 16.483675 17.249117 0.079696
v -6.782664 42.680325 8.115381
v -0.616166 26.214176 0.262744
v 3.753554 22.409264 5.147357
v 5.400122 22.417591 -2.349044
v -0.013645 59.132332 -4.601758
v -0.281914 52.395794 -9.005296
v 5.344151 53.705723 -11.798089
v 5.774234 59.259876 -7.994308
v -2.298470 20.141493 -12.950080
v 1.218691 14.149901 -18.158211
v -3.797476 13.011179 -24.652319
v -7.025501 14.158910 -17.109461
v 11.560149 18.895674 -6.361262
v -0.616166 23.866301 0.262743
v 2.775124 19.746340 -5.971120
v -5.469069 19.755356 -4.922379
v 1.707896 32.002480 -15.022442
v -4.844145 31.216345 -11.193012
v -2.710141 38.476707 -5.325924
v 3.728610 37.926586 -10.006260
v -10.799685 12.055861 22.510204
v -5.033437 56.932072 -2.385878
v -9.344875 54.858379 2.700655
v -13.545518 50.328678 -0.633257
v -9.950311 51.300709 -6.177567
v -0.616166 22.630106 0.262743
v 1.418158 29.085505 6.868735
v 4.140362 22.309961 13.063178
v -1.620081 23.917030 17.800932
v -4.155087 29.442122 12.567634
v 10.334520 17.297108 -6.259719
v 16.074463 11.763688 -5.400332
v 19.491348 10.712040 -12.164616
v 11.920572 11.772009 -11.854196
v -2.868784 30.955599 -6.864101
v -10.769551 30.400152 -7.812256
v -11.436505 24.739182 -13.452541
v -3.843481 23.997004 -13.369284
v -0.008382 20.737072 0.398903
v 6.536381 16.932165 0.745314
v 2.382489 16.940481 -5.708549
v 2.589558 63.472355 -2.783721
v 6.881839 59.198772 -5.589068
v 10.773418 60.595238 -2.243342
v 7.191236 64.066154 0.283974
v -24.218834 7.204650 -9.204263
v -19.008427 8.359200 -2.803674
v 13.250907 10.147343 1.500883
v -0.538253 18.124186 -0.394096
v -7.425038 13.988844 1.505504
v -4.664384 39.280910 -5.466731
v -8.802417 33.015831 -10.746574
v -4.738293 34.818100 -16.553823
v -1.025527 39.923145 -12.163533
v 14.526864 7.061116 19.167549
v -0.604982 23.246309 7.611846
v 6.702715 23.631250 11.764160
v 5.676058 17.794685 17.799347
v -1.542588 16.089790 14.676977
v 0.645449 17.759537 -1.328837
v -8.802417 33.015831 -10.746574
v 0.191418 69.078476 0.713964
v -0.223139 63.638577 -3.679007
v -0.404681 71.843063 -4.208673
v 0.013134 79.129898 1.260225
v 3.518913 63.914974 -1.563308
v 0.413214 69.078476 0.745662
v 0.630383 79.129898 1.172814
v 3.114559 72.510834 -1.318301
v -1.947640 68.268143 -1.167908
v -2.262571 76.472626 -1.251300
v -4.054540 69.463562 -1.683479
v 0.013134 79.129898 1.260225
v 0.191418 69.078476 0.713964
v 1.891659 77.081787 0.363000
v 2.157090 68.485916 0.435249
v 3.977768 72.717392 0.257697
v 0.630383 79.129898 1.172814
v 0.285556 68.544540 -2.294333
v 0.398649 73.708054 -0.045446
v 0.675501 83.759476 -0.012426
v 0.273375 77.140411 -2.019511
v -0.376831 68.326767 2.062293
v -0.389012 76.531265 2.387847
v -0.205688 68.959167 4.281825
v -0.207849 63.345043 -0.181046
v -0.287578 71.332993 -4.031549
v -14.024783 61.299404 3.125834
v -8.992922 61.716663 4.844117
v -0.775658 52.302509 -5.561199
v -7.400266 50.228806 -6.320055
v -6.962011 45.699104 -11.664987
v -0.354699 46.671143 -11.755980
v 0.408681 70.440491 -0.015571
v -0.967246 64.593773 3.154091
v 10.773418 60.595238 -2.243342
v 6.881839 59.198772 -5.589068
v 2.589558 63.472355 -2.783721
v 7.191236 64.066154 0.283974
v 10.355995 60.409142 3.087464
v 15.154194 60.177975 0.770116
v -0.354699 46.671143 -11.755980
v 0.408681 69.319061 -0.103477
v 2.172143 63.286263 2.547086
v -8.207747 55.690639 0.236030
v 4.461851 16.393257 -16.306803
v 0.558323 21.926668 -12.011687
v 4.272614 21.561726 -4.961833
v 8.631276 14.776911 -10.124958
v 1.109879 63.114979 -5.517888
v 2.035746 58.301449 -10.918316
v -4.149023 58.454315 -13.508134
v -5.034568 61.625759 -8.922551
v 0.396271 68.495712 0.161181
v -4.600128 62.961685 -1.763202
v -9.859031 58.301022 -9.753447
v -10.037687 57.977329 -2.979267
v -0.228518 57.113941 12.871426
v -1.962530 60.459980 4.425150
v 1.641099 60.420452 8.818275
v 3.618959 57.542847 17.473026
v 5.766809 57.792900 12.031026
v -4.162491 55.898182 8.430844
v 0.115903 65.669579 0.161180
v 4.032790 61.138943 3.584751
v 8.514241 57.333813 6.653874
v 10.817133 54.818817 -8.562727
v 11.031275 52.715588 -14.639612
v -1.354813 54.175732 8.094735
v 0.115903 63.364811 0.161180
v 5.459330 60.245449 -1.366395
v -2.121216 26.046726 -7.508124
v -3.457818 18.914192 -14.504297
v 3.566992 20.605938 -18.011095
v 4.937528 26.422136 -12.045158
v -9.344875 54.858379 2.700655
v -13.545518 50.328678 -0.633257
v -17.344023 47.192177 3.904632
v -10.926985 48.524128 5.285323
v 4.272614 21.561726 -4.961833
v 0.558323 21.926668 -12.011687
v 4.461851 16.393257 -16.306803
v 8.631276 14.776911 -10.124958
v 0.115903 60.249973 0.161180
v -5.033437 56.932072 -2.385878
v -2.414902 55.127529 3.532709
v -0.073349 37.153992 6.263289
v 1.230261 30.378447 12.902725
v -5.425847 31.985512 16.268021
v -6.756698 37.510605 10.607417
v 8.828218 52.353138 4.441205
v 9.583503 46.992359 8.957340
v 15.719008 44.353981 8.157181
v 12.236850 46.407051 2.780823
v 6.205258 45.998211 2.453392
v 12.046210 46.363152 -2.966918
v 17.208881 40.829735 -0.315068
v 12.324459 39.213398 5.318902
v 0.115903 57.999397 0.161179
v 2.013241 53.891300 5.051468
v 4.666590 53.305973 -1.125042
v -4.136396 42.947098 4.197695
v -7.995111 36.280533 8.742392
v -14.220428 37.250443 5.412714
v -11.026848 42.689793 1.370067
v -1.433370 40.696808 -20.543047
v 3.000822 47.309891 10.207128
v 0.115903 55.834206 -0.367771
v 9.209363 19.518904 7.167996
v -4.965643 47.319359 9.988475
v -9.747989 41.785545 11.601853
v -9.297604 40.339615 18.585546
v -3.378604 41.880005 14.889841
v 2.172143 63.286263 2.547086
v 10.355995 60.409142 3.087464
v 5.999241 58.805294 5.682586
v 0.115903 51.481972 0.029848
v -5.155783 47.482193 2.542280
v 1.213603 47.576660 5.830274
v 1.213603 47.576660 5.830274
v 2.848546 40.910099 11.563584
v -3.378604 41.880005 14.889841
v -4.965643 47.319359 9.988475
v 12.046210 46.363152 -2.966918
v 17.208881 40.829735 -0.315068
v 22.611567 39.778091 -5.629359
v 15.339896 40.838062 -7.759136
v 11.930523 38.804596 1.459462
v 0.115903 49.803120 0.029848
v 6.205258 45.998211 2.453392
v 4.336280 46.006535 -4.990668
v 3.790298 58.842793 0.556022
v 8.507535 54.569214 2.566324
v 7.887745 55.965672 7.660843
v 3.796192 59.436581 6.086499
v -10.661873 44.552700 -5.846216
v -12.326453 39.442005 -11.341445
v -19.613493 38.714012 -11.737562
v -16.374968 39.447662 -5.198328
v 4.096125 33.684517 2.325881
v 10.428414 33.297012 -2.509570
v 14.613003 27.210295 0.612164
v 9.055324 26.242931 5.749106
v -0.703015 47.319336 0.717158
v -3.066857 43.904819 -5.243173
v -7.115378 43.910477 0.899953
v 19.282953 10.988597 -3.920911
v 12.736990 9.273576 -8.449010
v 7.174496 16.504234 -3.844976
v 14.652267 16.884804 0.210138
v 10.223392 35.555103 21.179199
v 10.533278 36.615070 13.608397
v 8.109257 50.119823 8.134555
v -0.703015 45.580143 0.717158
v 5.188406 41.783558 3.599584
v -7.683980 42.855537 -0.199652
v 8.649080 31.839857 -11.751242
v 7.856210 30.099485 -19.159288
v -2.005108 64.407684 -2.091343
v -6.226447 65.187576 1.443241
v -10.030777 61.530571 -0.401311
v -6.536826 59.926723 -4.076683
v -1.213539 42.797874 0.717164
v 4.231045 38.314087 -2.054725
v 1.525432 38.132111 -10.976254
v -12.457479 35.029716 4.673064
v -17.517727 29.368744 2.094004
v -22.180016 27.448999 7.848506
v -14.795203 28.873369 9.252894
v -5.155783 47.482193 2.542280
v -9.747989 41.785545 11.601853
v -10.619119 40.710323 4.611343
v -1.213539 39.620007 0.717163
v -7.279645 35.585167 -1.369373
v -4.557124 35.089783 5.789516
v -4.557124 35.089783 5.789516
v -7.473389 27.579123 10.963949
v -14.795203 28.873369 9.252894
v -12.457479 35.029716 4.673064
v 21.247719 23.811255 9.277105
v 16.050638 25.463814 2.950499
v -3.066857 43.904819 -5.243173
v -10.661873 44.552700 -5.846216
v -12.326453 39.442005 -11.341445
v -5.244035 37.633450 -11.582014
v -1.213539 37.350433 0.717163
v 5.098176 32.373394 -1.242528
v -4.413593 47.485107 6.336902
v -5.824281 25.226740 -16.679451
v -12.605528 24.119686 -20.881439
v -13.229997 28.626566 -4.173074
v -1.213539 34.672920 0.717163
v -0.251653 30.667536 -6.114703
v -7.399798 30.676294 -2.348758
v -13.959456 23.543760 -5.124325
v -12.972412 25.235506 -12.913510
v -7.250509 31.051702 -10.738526
v -4.155087 29.442122 12.567634
v -9.013903 23.908703 15.742140
v -7.068635 22.857059 23.066521
v -1.620081 23.917030 17.800932
v 1.154828 23.525232 -13.087173
v -0.856768 32.882088 0.717156
v -5.975663 29.077181 4.809935
v 1.418158 29.085505 6.868735
v -5.469069 19.755356 -4.922379
v -10.786400 12.418772 -9.962528
v -7.025501 14.158910 -17.109461
v -2.298470 20.141493 -12.950080
v 8.765819 27.403778 -7.807352
v 14.563860 21.870359 -8.068583
v 16.615202 20.818716 -15.363970
v 9.245652 21.878683 -13.602467
v -4.506329 13.979777 -6.328373
v -13.094170 14.377276 -5.070524
v -16.089716 8.350136 -10.637544
v -8.228314 6.589569 -12.677660
v -0.102418 30.843739 0.717155
v 6.386686 27.038832 -0.202344
v 1.068480 27.047161 -5.736228
v 4.140362 22.309961 13.063178
v -12.023072 24.771063 -5.224797
v -14.399399 18.779463 -11.042717
v -22.585888 17.640741 -10.479912
v -18.107681 18.788477 -3.605288
v -13.590481 17.662798 -4.767840
v -0.102418 28.495872 0.717155
v -3.401536 24.375908 -5.565973
v -7.109824 24.384914 1.871448
v -7.995111 36.280533 8.742392
v 5.676058 17.794685 17.799347
v 12.737864 16.685427 21.544556
v -5.975663 29.077181 4.809935
v -9.013903 23.908703 15.742140
v -11.493397 22.292366 8.709973
v -0.102418 27.259676 0.717155
v -0.604982 23.246309 7.611846
v -13.231163 22.949558 -0.173092
v 0.735922 15.341614 -22.905905
v -3.212114 16.401575 -16.438595
v 19.330265 10.979714 4.269594
v 7.221815 16.495354 4.345529
v 12.837034 9.254797 8.869294
v 0.348470 25.366631 0.287450
v -3.401359 21.570053 -5.093631
v -2.414902 55.127529 3.532709
v -4.413593 47.485107 6.336902
v -10.926985 48.524128 5.285323
v -21.086981 11.834212 15.082304
v 7.952902 15.624447 10.440864
v -0.605273 22.753757 0.287449
v 1.230261 30.378447 12.902725
v 26.279539 9.857430 0.132834
v -7.892011 20.555386 11.680062
v 1.525310 20.555840 0.287449
v 7.174496 16.504234 -3.844976
v 12.736990 9.273576 -8.449010
v 19.282953 10.988597 -3.920911
v 0.518258 83.759476 0.314442
v 0.311624 73.708054 0.051605
v -1.498161 64.834000 -7.182083
v 0.891430 58.715488 0.023326
v 1.255137 72.452209 3.269192
v 3.397542 68.087814 6.149727
v 1.405334 63.856342 3.717490
v -0.376831 68.326767 2.062293
v -0.389012 76.531265 2.387847
v -3.339238 63.697208 1.650065
v -6.347575 64.329605 4.013947
v -3.816099 71.901703 1.943523
v 0.027855 58.715488 -0.250512
v 5.454154 66.703445 -4.041109
v -10.353831 56.669834 -9.975013
v -5.202154 56.900997 -8.613738
v -6.839026 37.145664 2.639376
v -12.191533 31.977186 12.644103
v -13.075336 30.360849 5.240181
v 0.661918 59.778126 -2.879614
v 0.277026 65.810913 0.280628
v 13.353433 34.601425 1.121293
v 7.816017 55.548401 12.977518
v 3.223451 55.779575 10.275452
v 5.999241 58.805294 5.682586
v -0.873996 58.656696 3.170627
v 0.350123 64.689499 0.231784
v -3.401359 21.570053 -5.093631
v -7.594856 14.794512 -10.403633
v -3.212114 16.401575 -16.438595
v -10.169151 57.448776 -16.357346
v 10.246250 53.671879 -4.423834
v 0.123172 63.866154 0.368499
v -1.052652 58.332119 -4.854974
v 2.669239 53.671463 -13.666759
v -3.062521 53.347759 -10.051735
v 0.891430 58.715488 0.023326
v -6.383303 55.790886 6.213209
v -6.762456 53.163330 11.428525
v -12.480585 52.913277 12.666103
v -4.732670 55.830418 0.776199
v -10.792085 52.484367 6.910524
v -9.285510 51.268616 1.172477
v -0.032594 61.040012 0.135389
v -0.703042 56.509373 5.294199
v -0.765123 52.704247 10.725498
v 18.338078 48.086010 0.988170
v -4.941222 42.852627 -2.924958
v -15.025270 37.155975 -1.709938
v -9.696876 36.080757 -6.318011
v -0.032594 58.735241 0.135389
v 8.507535 54.569214 2.566324
v -12.845472 42.562614 -12.302175
v -10.428308 43.894558 -6.199551
v -3.843481 23.997004 -13.369284
v -0.032594 55.620407 0.135388
v -4.241961 50.497959 -0.095757
v 11.433128 35.008007 6.204384
v 1.987714 39.724411 17.551212
v 9.055324 26.242931 5.749106
v -0.032594 53.369831 0.135388
v 7.193112 41.442699 5.524446
v 16.321514 36.067242 -12.655564
v 14.029165 38.772221 -5.875821
v 2.692672 39.275257 -5.513502
v 2.618763 34.812450 -16.600595
v 6.753613 33.003876 -10.845460
v 6.285164 46.433903 0.189339
v 0.407211 51.204632 -0.158489
v 8.611156 46.072262 -2.852715
v -20.581747 35.710052 2.544520
v 1.444612 41.368641 6.471978
v 9.859840 36.200161 14.083014
v 2.461717 34.583820 13.151891
v 0.076597 46.852406 0.062419
v 6.652340 26.586777 -10.296845
v 17.280094 35.148525 15.622667
v 5.459330 60.245449 -1.366395
v 10.817133 54.818817 -8.562727
v 11.290357 54.749386 -2.164340
v 0.076597 45.173550 0.062419
v 1.876105 20.271618 -12.454060
v -1.100392 34.084446 -22.879589
v -9.696876 36.080757 -6.318011
v -0.949843 42.689770 -0.236627
v 2.848546 40.910099 11.563584
v -11.892880 30.925543 20.216528
v 11.290357 54.749386 -2.164340
v -0.949843 40.950573 -0.236627
v 5.098176 32.373394 -1.242528
v 11.097893 24.148476 -3.616038
v 16.050638 25.463814 2.950499
v 10.940299 32.204193 5.216606
v 20.332033 25.469913 -4.162811
v 13.476538 27.372919 -6.976592
v 4.981371 26.037968 -3.656962
v 10.669579 20.597179 -14.159930
v 11.560149 18.895674 -6.361262
v -1.233483 38.168304 -0.661115
v 2.959661 33.847137 -5.262881
v 11.434463 15.642049 -5.409796
v -18.811426 22.819433 -14.132007
v -15.876306 24.243807 -7.211545
v -7.282207 24.447617 -2.346808
v -12.721004 24.812553 3.476936
v -18.059927 19.279139 1.200674
v -13.590481 17.662798 -4.767840
v -1.233483 34.990437 -0.661116
v -7.308587 30.460222 -0.623105
v 6.652340 26.586777 -10.296845
v 4.128160 19.181683 22.770350
v -1.586771 21.324436 17.068186
v 12.324459 39.213398 5.318902
v -4.185341 28.234020 5.632036
v -1.233483 32.720875 -0.661116
v -7.473389 27.579123 10.963949
v 10.395890 19.490126 -22.132824
v 2.775124 19.746340 -5.971120
v 1.218691 14.149901 -18.158211
v 6.645416 12.399719 -12.180028
v -1.233483 30.043350 -0.661117
v 5.400122 22.417591 -2.349044
v 11.434463 15.642049 -5.409796
v 16.483675 17.249117 0.079696
v -23.069159 18.227495 6.887357
v -15.663918 19.287462 8.492201
v 13.121108 20.254021 -0.753007
v -1.035269 28.252527 -0.364470
v -4.886200 24.455942 4.944719
v -3.953343 50.745419 -4.237753
v -8.257439 42.761669 -7.307631
v -4.693928 43.083740 -14.046288
v 22.042646 16.189148 5.228575
v -3.401536 24.375908 -5.565973
v -12.023072 24.771063 -5.224797
v -14.399399 18.779463 -11.042717
v -6.413781 17.029284 -12.233510
v -0.616166 26.214176 0.262744
v -13.231163 22.949558 -0.173092
v -3.797476 13.011179 -24.652319
v -6.628078 18.616749 3.675400
v -6.020598 19.001680 12.058435
v -11.609037 13.165117 14.557808
v -13.023397 11.460227 6.821041
v -0.616166 23.866301 0.262743
v -10.799685 12.055861 22.510204
v -4.249550 13.173898 17.930695
v 6.645416 12.399719 -12.180028
v -0.616166 22.630106 0.262743
v 0.731410 18.625528 7.048290
v 2.382489 16.940481 -5.708549
v 4.467765 10.164944 -12.145403
v 11.920572 11.772009 -11.854196
v 19.491348 10.712040 -12.164616
v 0.436138 13.699050 5.662180
v 7.226442 8.183398 15.687759
v -0.205539 6.458494 12.844339
v -0.008382 20.737072 0.398903
v -0.967246 64.593773 3.154091
v -4.342333 60.320202 7.014453
v -8.992922 61.716663 4.844117
v -24.218834 7.204650 -9.204263
v -19.008427 8.359200 -2.803674
v -0.205058 55.297153 -7.750583
v -0.538253 18.124186 -0.394096
v -7.425038 13.988844 1.505504
v -7.683980 42.855537 -0.199652
v 14.526864 7.061116 19.167549
v -5.244035 37.633450 -11.582014
v 0.645449 17.759537 -1.328837
v -8.524270 17.680397 10.649625
v -4.054540 69.463562 -1.683479
v -2.262571 76.472626 -1.251300
v 0.203788 63.345043 -0.510305
v 3.977768 72.717392 0.257697
v -0.205688 68.959167 4.281825
v -0.207849 63.345043 -0.181046
v -0.287578 71.332993 -4.031549
v -14.024783 61.299404 3.125834
v -0.205058 55.297153 -7.750583
v 0.408681 70.440491 -0.015571
v -4.342333 60.320202 7.014453
v 15.154194 60.177975 0.770116
v -1.354813 54.175732 8.094735
v 0.408681 69.319061 -0.103477
v 1.068480 27.047161 -5.736228
v 1.876105 20.271618 -12.454060
v 9.245652 21.878683 -13.602467
v 2.035746 58.301449 -10.918316
v 0.396271 68.495712 0.161181
v -10.037687 57.977329 -2.979267
v 5.766809 57.792900 12.031026
v -4.162491 55.898182 8.430844
v 0.115903 65.669579 0.161180
v 4.032790 61.138943 3.584751
v 8.514241 57.333813 6.653874
v 11.031275 52.715588 -14.639612
v 2.461717 34.583820 13.151891
v 0.115903 63.364811 0.161180
v -7.115378 43.910477 0.899953
v -13.804378 37.645397 1.407224
v -16.374968 39.447662 -5.198328
v -17.344023 47.192177 3.904632
v -7.892011 20.555386 11.680062
v 0.115903 60.249973 0.161180
v 11.097893 24.148476 -3.616038
v 8.828218 52.353138 4.441205
v 15.719008 44.353981 8.157181
v 9.583503 46.992359 8.957340
v 12.236850 46.407051 2.780823
v -9.950311 51.300709 -6.177567
v 2.013241 53.891300 5.051468
v 0.115903 57.999397 0.161179
v 4.666590 53.305973 -1.125042
v 6.288213 23.255096 3.366587
v 13.032648 16.108355 5.700646
v 12.569259 17.803465 13.554080
v -1.433370 40.696808 -20.543047
v -0.251653 30.667536 -6.114703
v -5.824281 25.226740 -16.679451
v 1.154828 23.525232 -13.087173
v 0.115903 55.834206 -0.367771
v 8.611156 46.072262 -2.852715
v -9.297604 40.339615 18.585546
v 2.379014 32.863586 6.667853
v 13.331484 25.954004 10.860888
v 5.348404 25.184954 13.109962
v 0.115903 51.481972 0.029848
v -2.710141 38.476707 -5.325924
v -4.844145 31.216345 -11.193012
v 1.707896 32.002480 -15.022442
v 3.728610 37.926586 -10.006260
v 22.611567 39.778091 -5.629359
v 15.339896 40.838062 -7.759136
v 3.000822 47.309891 10.207128
v 0.115903 49.803120 0.029848
v 4.336280 46.006535 -4.990668
v 2.537760 11.478792 13.952806
v -19.613493 38.714012 -11.737562
v -11.493397 22.292366 8.709973
v -0.703015 47.319336 0.717158
v -10.786400 12.418772 -9.962528
v 5.087282 42.140179 11.570055
v 10.223392 35.555103 21.179199
v 3.761263 36.606754 17.220463
v 10.533278 36.615070 13.608397
v -7.279645 35.585167 -1.369373
v -17.517727 29.368744 2.094004
v -13.229997 28.626566 -4.173074
v -1.583607 41.775238 7.211655
v -0.703015 45.580143 0.717158
v 5.188406 41.783558 3.599584
v 8.372614 39.230991 -10.421093
v 7.856210 30.099485 -19.159288
v 8.649080 31.839857 -11.751242
v -1.542588 16.089790 14.676977
v 4.231045 38.314087 -2.054725
v -1.213539 42.797874 0.717164
v -3.457818 18.914192 -14.504297
v -22.180016 27.448999 7.848506
v 9.832560 30.872488 -4.276263
v -1.213539 39.620007 0.717163
v -14.254723 17.048340 3.492435
v 21.247719 23.811255 9.277105
v -2.885870 34.990414 13.841870
v -1.213539 37.350433 0.717163
v -14.399743 6.608736 3.886565
v -12.605528 24.119686 -20.881439
v -10.619119 40.710323 4.611343
v -1.213539 34.672920 0.717163
v 4.467765 10.164944 -12.145403
v -7.068635 22.857059 23.066521
v 9.832560 30.872488 -4.276263
v -0.856768 32.882088 0.717156
v 11.433128 35.008007 6.204384
v 16.615202 20.818716 -15.363970
v -6.413781 17.029284 -12.233510
v -0.102418 30.843739 0.717155
v 8.372614 39.230991 -10.421093
v -22.585888 17.640741 -10.479912
v -18.107681 18.788477 -3.605288
v -7.594856 14.794512 -10.403633
v -0.102418 28.495872 0.717155
v -7.109824 24.384914 1.871448
v 7.367994 47.766228 -5.288067
v 12.737864 16.685427 21.544556
v -13.075336 30.360849 5.240181
v -0.102418 27.259676 0.717155
v -14.399743 6.608736 3.886565
v 0.735922 15.341614 -22.905905
v -7.743982 18.609344 0.289827
v -11.469328 19.006842 8.129150
v -17.762365 12.979703 7.526933
v -15.091043 11.219137 -0.142995
v 0.348470 25.366631 0.287450
v -2.851950 18.618408 7.068945
v -4.747161 11.238304 14.191030
v -12.870334 12.988768 14.306060
v -21.086981 11.834212 15.082304
v 6.753613 33.003876 -10.845460
v -0.605273 22.753757 0.287449
v -13.804378 37.645397 1.407224
v 26.279539 9.857430 0.132834
v 11.930523 38.804596 1.459462
v 1.525310 20.555840 0.287449
v -14.254723 17.048340 3.492435
v -5.648422 1.874500 -11.001123
v -6.257407 6.506845 -6.180630
v -0.321653 6.201333 -3.136395
v 0.181717 0.521366 -8.770562
v 12.642323 2.005287 9.650191
v 10.292418 6.733382 5.283046
v 3.555549 6.421554 6.269788
v 6.475317 0.624180 11.250591
v -5.107088 8.737602 0.720722
v -8.086599 9.023885 6.215938
v -12.589391 4.683103 5.541777
v -10.374412 3.415140 0.128002
v -5.643342 6.208300 0.464145
v -11.070665 0.536097 -1.157453
v -10.970111 1.881465 -7.400582
v -6.257407 6.506845 -6.180630
v 13.954457 5.637031 -4.599233
v 9.017780 10.365123 -5.071649
v 6.095372 10.053297 1.078035
v 11.858897 4.255926 1.417569
v 3.354111 5.789375 -12.760634
v -1.970307 4.459615 -9.640112
v -0.553286 10.065991 -4.223751
v 4.743439 10.361072 -8.154037
v 9.127378 5.782489 -10.114717
v 5.219981 10.059105 -1.577834
v 10.236901 4.445059 -4.045481
v -5.644792 8.394943 -2.103526
v -11.473731 8.700455 1.140549
v -15.143466 4.068106 -2.043959
v -10.049747 2.714967 -5.652263
v -10.970111 1.881465 -7.400582
v -11.070665 0.536097 -1.157453
v -5.643342 6.208300 0.464145
v 10.116830 5.644142 -9.917228
v 3.744469 4.270959 -9.826992
v 2.257738 10.060412 -4.239955
v 1.823556 11.255215 11.464300
v -0.935542 6.555000 15.549899
v 2.999474 5.661715 20.644310
v 5.531749 6.562072 14.727193
v 0.503842 14.177206 1.099286
v -2.156511 10.945230 5.989543
v 4.310780 10.952304 5.166838
v 8.492468 4.912311 -16.353107
v 0.503842 13.207449 1.099286
v -8.086599 9.023885 6.215938
v -12.589391 4.683103 5.541777
v -15.269830 3.858132 10.848128
v -9.330805 4.689634 10.604613
v 0.027056 11.722422 0.992473
v -5.107088 8.737602 0.720722
v -1.848503 8.744132 5.783557
v 19.019339 1.106694 8.525826
v 14.931959 2.012399 3.504775
v -10.374412 3.415140 0.128002
v 0.442723 9.672705 1.614552
v 5.845177 6.428669 0.124379
v -11.375358 0.994103 -13.730901
v -0.485853 9.386652 2.347826
v -15.106347 4.075069 4.381222
v -9.971254 2.729697 7.933359
v -5.607675 8.401910 4.321654
v -11.473731 8.700455 1.140549
v 4.310780 10.952304 5.166838
v 8.482049 5.196990 9.120667
v 5.531749 6.562072 14.727193
v 1.823556 11.255215 11.464300
v 3.555549 6.421554 6.269788
v 10.292418 6.733382 5.283046
v 12.642323 2.005287 9.650191
v 6.475317 0.624180 11.250591
v -15.143466 4.068106 -2.043959
v -5.644792 8.394943 -2.103526
v -10.049747 2.714967 -5.652263
v 16.562510 4.738441 -10.526172
v 0.495293 13.304443 1.079905
v -20.594936 3.187708 1.201193
v -1.176069 11.580256 1.079904
v -5.607675 8.401910 4.321654
v -9.971254 2.729697 7.933359
v -15.106347 4.075069 4.381222
v -2.156511 10.945230 5.989543
v -0.935542 6.555000 15.549899
v -5.192623 5.182047 10.860221
v 2.999474 5.661715 20.644310
v 5.219981 10.059105 -1.577834
v 4.743439 10.361072 -8.154037
v 9.127378 5.782489 -10.114717
v 10.236901 4.445059 -4.045481
v 0.503842 14.177206 1.099286
v 8.492468 4.912311 -16.353107
v 3.354111 5.789375 -12.760634
v -5.192623 5.182047 10.860221
v 0.503842 13.207449 1.099286
v -0.553286 10.065991 -4.223751
v -1.848503 8.744132 5.783557
v -3.484326 3.428950 10.833055
v -9.330805 4.689634 10.604613
v -15.269830 3.858132 10.848128
v -0.321653 6.201333 -3.136395
v -5.648422 1.874500 -11.001123
v 0.181717 0.521366 -8.770562
v 0.027056 11.722422 0.992473
v 19.019339 1.106694 8.525826
v 14.931959 2.012399 3.504775
v 0.442723 9.672705 1.614552
v 5.845177 6.428669 0.124379
v -11.375358 0.994103 -13.730901
v -0.485853 9.386652 2.347826
v -1.970307 4.459615 -9.640112
v 8.482049 5.196990 9.120667
v 11.316595 0.639223 -1.743485
v -3.484326 3.428950 10.833055
v 11.316595 0.639223 -1.743485
v 6.095372 10.053297 1.078035
v 9.017780 10.365123 -5.071649
v 13.954457 5.637031 -4.599233
v 11.858897 4.255926 1.417569
v 2.257738 10.060412 -4.239955
v 3.744469 4.270959 -9.826992
v 10.116830 5.644142 -9.917228
v 16.562510 4.738441 -10.526172
v 0.495293 13.304443 1.079905
v -20.594936 3.187708 1.201193
v -1.176069 11.580256 1.079904
vt 0.112039 0.521168
vt 0.103947 0.667314
vt 0.056154 0.537753
vt 0.002509 0.561250
vt 0.459475 0.539263
vt 0.365636 0.664479
vt 0.399503 0.520887
vt 0.321350 0.658831
vt 0.340966 0.510767
vt 0.283273 0.506176
vt 0.231505 0.651997
vt 0.226171 0.506176
vt 0.064817 0.680237
vt 0.135655 0.955138
vt 0.100153 0.962282
vt 0.187506 0.652619
vt 0.169149 0.510881
vt 0.244772 0.867970
vt 0.023368 0.776262
vt 0.336480 0.776262
vt 0.138658 0.554398
vt 0.188866 0.779745
vt 0.154310 0.784298
vt 0.276350 0.654463
vt 0.243863 0.933256
vt 0.279385 0.936048
vt 0.313710 0.942266
vt 0.144956 0.657889
vt 0.207478 0.936626
vt 0.171475 0.944976
vt 0.407658 0.670998
vt 0.347312 0.949389
vt 0.278873 0.524568
vt 0.317461 0.773704
vt 0.285316 0.777305
vt 0.242883 0.526065
vt 0.208943 0.549785
vt 0.176118 0.550938
vt 0.382758 0.954383
vt 0.347349 0.544755
vt 0.249590 0.777861
vt 0.218120 0.779902
vt 0.311925 0.522142
vt 0.321984 0.767154
vt 0.291894 0.761614
vt 0.223888 0.760111
vt 0.196424 0.773906
vt 0.349836 0.774476
vt 0.256799 0.764869
vt 0.270318 0.987128
vt 0.115077 0.554859
vt 0.244772 0.554859
vt 0.336480 0.646567
vt 0.023368 0.646567
vt 0.115077 0.867970
vt 0.219810 0.129565
vt 0.110452 0.112839
vt 0.220239 0.222626
vt 0.110452 0.112839
vt 0.125033 0.222626
vt 0.019268 0.090029
vt 0.089010 0.003910
vt 0.219810 0.129565
vt 0.204801 0.023637
vt 0.089010 0.003910
vt 0.125033 0.222626
vt 0.019268 0.090029
vt 0.031972 0.220053
vt 0.110452 0.112839
vt 0.125033 0.222626
vt 0.019268 0.090029
vt 0.125033 0.222626
vt 0.110452 0.112839
vt 0.019268 0.090029
vt 0.089010 0.003910
vt 0.219810 0.129565
vt 0.204801 0.023637
vt 0.110452 0.112839
vt 0.000665 0.003052
vt 0.019268 0.090029
vt 0.125033 0.222626
vt 0.031972 0.220053
vt 0.110452 0.112839
vt 0.219810 0.129565
vt 0.220239 0.222626
vt 0.125033 0.222626
vt 0.110452 0.112839
vt 0.204801 0.023637
vt 0.219810 0.129565
vt 0.000665 0.003052
vt 0.089010 0.003910
vt 0.019268 0.090029
vt 0.031972 0.220053
vt 0.110452 0.112839
vt 0.125033 0.222626
vt 0.110452 0.112839
vt 0.219810 0.129565
vt 0.220239 0.222626
vt 0.125033 0.222626
vt 0.110452 0.112839
vt 0.204801 0.023637
vt 0.089010 0.003910
vt 0.000665 0.003052
vt 0.089010 0.003910
vt 0.019268 0.090029
vt 0.031972 0.220053
vt 0.110452 0.112839
vt 0.019268 0.090029
vt 0.219810 0.129565
vt 0.110452 0.112839
vt 0.220239 0.222626
vt 0.125033 0.222626
vt 0.019268 0.090029
vt 0.089010 0.003910
vt 0.204801 0.023637
vt 0.219810 0.129565
vt 0.000665 0.003052
vt 0.031972 0.220053
vt 0.110452 0.112839
vt 0.219810 0.129565
vt 0.220239 0.222626
vt 0.110452 0.112839
vt 0.220239 0.222626
vt 0.125033 0.222626
vt 0.089010 0.003910
vt 0.204801 0.023637
vt 0.219810 0.129565
vt 0.000665 0.003052
vt 0.019268 0.090029
vt 0.031972 0.220053
vt 0.110452 0.112839
vt 0.219810 0.129565
vt 0.220239 0.222626
vt 0.125033 0.222626
vt 0.110452 0.112839
vt 0.204801 0.023637
vt 0.219810 0.129565
vt 0.000665 0.003052
vt 0.089010 0.003910
vt 0.019268 0.090029
vt 0.031972 0.220053
vt 0.110452 0.112839
vt 0.019268 0.090029
vt 0.110452 0.112839
vt 0.219810 0.129565
vt 0.220239 0.222626
vt 0.125033 0.222626
vt 0.110452 0.112839
vt 0.204801 0.023637
vt 0.219810 0.129565
vt 0.000665 0.003052
vt 0.089010 0.003910
vt 0.019268 0.090029
vt 0.031972 0.220053
vt 0.110452 0.112839
vt 0.019268 0.090029
vt 0.110452 0.112839
vt 0.219810 0.129565
vt 0.220239 0.222626
vt 0.125033 0.222626
vt 0.110452 0.112839
vt 0.204801 0.023637
vt 0.089010 0.003910
vt 0.000665 0.003052
vt 0.089010 0.003910
vt 0.019268 0.090029
vt 0.031972 0.220053
vt 0.110452 0.112839
vt 0.019268 0.090029
vt 0.110452 0.112839
vt 0.219810 0.129565
vt 0.220239 0.222626
vt 0.125033 0.222626
vt 0.110452 0.112839
vt 0.204801 0.023637
vt 0.219810 0.129565
vt 0.000665 0.003052
vt 0.089010 0.003910
vt 0.019268 0.090029
vt 0.031972 0.220053
vt 0.110452 0.112839
vt 0.125033 0.222626
vt 0.110452 0.112839
vt 0.219810 0.129565
vt 0.220239 0.222626
vt 0.125033 0.222626
vt 0.204801 0.023637
vt 0.219810 0.129565
vt 0.000665 0.003052
vt 0.089010 0.003910
vt 0.019268 0.090029
vt 0.031972 0.220053
vt 0.110452 0.112839
vt 0.125033 0.222626
vt 0.110452 0.112839
vt 0.219810 0.129565
vt 0.220239 0.222626
vt 0.125033 0.222626
vt 0.110452 0.112839
vt 0.204801 0.023637
vt 0.089010 0.003910
vt 0.000665 0.003052
vt 0.089010 0.003910
vt 0.019268 0.090029
vt 0.031972 0.220053
vt 0.110452 0.112839
vt 0.019268 0.090029
vt 0.110452 0.112839
vt 0.219810 0.129565
vt 0.220239 0.222626
vt 0.125033 0.222626
vt 0.110452 0.112839
vt 0.204801 0.023637
vt 0.089010 0.003910
vt 0.000665 0.003052
vt 0.089010 0.003910
vt 0.019268 0.090029
vt 0.031972 0.220053
vt 0.110452 0.112839
vt 0.125033 0.222626
vt 0.110452 0.112839
vt 0.219810 0.129565
vt 0.220239 0.222626
vt 0.125033 0.222626
vt 0.110452 0.112839
vt 0.204801 0.023637
vt 0.219810 0.129565
vt 0.000665 0.003052
vt 0.089010 0.003910
vt 0.019268 0.090029
vt 0.031972 0.220053
vt 0.110452 0.112839
vt 0.019268 0.090029
vt 0.110452 0.112839
vt 0.219810 0.129565
vt 0.220239 0.222626
vt 0.125033 0.222626
vt 0.204801 0.023637
vt 0.089010 0.003910
vt 0.000665 0.003052
vt 0.089010 0.003910
vt 0.019268 0.090029
vt 0.031972 0.220053
vt 0.110452 0.112839
vt 0.019268 0.090029
vt 0.110452 0.112839
vt 0.219810 0.129565
vt 0.220239 0.222626
vt 0.125033 0.222626
vt 0.204801 0.023637
vt 0.089010 0.003910
vt 0.000665 0.003052
vt 0.089010 0.003910
vt 0.019268 0.090029
vt 0.031972 0.220053
vt 0.125033 0.222626
vt 0.110452 0.112839
vt 0.219810 0.129565
vt 0.220239 0.222626
vt 0.125033 0.222626
vt 0.204801 0.023637
vt 0.219810 0.129565
vt 0.000665 0.003052
vt 0.089010 0.003910
vt 0.019268 0.090029
vt 0.031972 0.220053
vt 0.125033 0.222626
vt 0.110452 0.112839
vt 0.219810 0.129565
vt 0.220239 0.222626
vt 0.125033 0.222626
vt 0.110452 0.112839
vt 0.204801 0.023637
vt 0.219810 0.129565
vt 0.000665 0.003052
vt 0.089010 0.003910
vt 0.019268 0.090029
vt 0.031972 0.220053
vt 0.110452 0.112839
vt 0.125033 0.222626
vt 0.219810 0.129565
vt 0.220239 0.222626
vt 0.110452 0.112839
vt 0.204801 0.023637
vt 0.089010 0.003910
vt 0.000665 0.003052
vt 0.089010 0.003910
vt 0.019268 0.090029
vt 0.031972 0.220053
vt 0.110452 0.112839
vt 0.125033 0.222626
vt 0.110452 0.112839
vt 0.219810 0.129565
vt 0.220239 0.222626
vt 0.125033 0.222626
vt 0.204801 0.023637
vt 0.000665 0.003052
vt 0.089010 0.003910
vt 0.019268 0.090029
vt 0.031972 0.220053
vt 0.110452 0.112839
vt 0.019268 0.090029
vt 0.110452 0.112839
vt 0.219810 0.129565
vt 0.220239 0.222626
vt 0.125033 0.222626
vt 0.204801 0.023637
vt 0.000665 0.003052
vt 0.089010 0.003910
vt 0.019268 0.090029
vt 0.031972 0.220053
vt 0.110452 0.112839
vt 0.125033 0.222626
vt 0.220239 0.222626
vt 0.110452 0.112839
vt 0.204801 0.023637
vt 0.089010 0.003910
vt 0.000665 0.003052
vt 0.089010 0.003910
vt 0.019268 0.090029
vt 0.031972 0.220053
vt 0.110452 0.112839
vt 0.019268 0.090029
vt 0.110452 0.112839
vt 0.219810 0.129565
vt 0.220239 0.222626
vt 0.125033 0.222626
vt 0.110452 0.112839
vt 0.204801 0.023637
vt 0.089010 0.003910
vt 0.000665 0.003052
vt 0.089010 0.003910
vt 0.019268 0.090029
vt 0.031972 0.220053
vt 0.110452 0.112839
vt 0.019268 0.090029
vt 0.220239 0.222626
vt 0.125033 0.222626
vt 0.204801 0.023637
vt 0.000665 0.003052
vt 0.089010 0.003910
vt 0.019268 0.090029
vt 0.031972 0.220053
vt 0.110452 0.112839
vt 0.019268 0.090029
vt 0.220239 0.222626
vt 0.110452 0.112839
vt 0.204801 0.023637
vt 0.089010 0.003910
vt 0.000665 0.003052
vt 0.089010 0.003910
vt 0.019268 0.090029
vt 0.031972 0.220053
vt 0.110452 0.112839
vt 0.219810 0.129565
vt 0.220239 0.222626
vt 0.110452 0.112839
vt 0.125033 0.222626
vt 0.019268 0.090029
vt 0.089010 0.003910
vt 0.219810 0.129565
vt 0.204801 0.023637
vt 0.110452 0.112839
vt 0.125033 0.222626
vt 0.019268 0.090029
vt 0.031972 0.220053
vt 0.220239 0.222626
vt 0.110452 0.112839
vt 0.125033 0.222626
vt 0.019268 0.090029
vt 0.089010 0.003910
vt 0.219810 0.129565
vt 0.204801 0.023637
vt 0.000665 0.003052
vt 0.031972 0.220053
vt 0.220239 0.222626
vt 0.125033 0.222626
vt 0.110452 0.112839
vt 0.204801 0.023637
vt 0.089010 0.003910
vt 0.000665 0.003052
vt 0.089010 0.003910
vt 0.019268 0.090029
vt 0.031972 0.220053
vt 0.110452 0.112839
vt 0.125033 0.222626
vt 0.219810 0.129565
vt 0.220239 0.222626
vt 0.204801 0.023637
vt 0.000665 0.003052
vt 0.089010 0.003910
vt 0.019268 0.090029
vt 0.031972 0.220053
vt 0.220239 0.222626
vt 0.110452 0.112839
vt 0.204801 0.023637
vt 0.219810 0.129565
vt 0.089010 0.003910
vt 0.204801 0.023637
vt 0.219810 0.129565
vt 0.110452 0.112839
vt 0.000665 0.003052
vt 0.019268 0.090029
vt 0.125033 0.222626
vt 0.031972 0.220053
vt 0.219810 0.129565
vt 0.110452 0.112839
vt 0.220239 0.222626
vt 0.125033 0.222626
vt 0.089010 0.003910
vt 0.204801 0.023637
vt 0.000665 0.003052
vt 0.019268 0.090029
vt 0.031972 0.220053
vt 0.219810 0.129565
vt 0.220239 0.222626
vt 0.204801 0.023637
vt 0.000665 0.003052
vt 0.089010 0.003910
vt 0.019268 0.090029
vt 0.031972 0.220053
vt 0.110452 0.112839
vt 0.019268 0.090029
vt 0.110452 0.112839
vt 0.219810 0.129565
vt 0.220239 0.222626
vt 0.125033 0.222626
vt 0.110452 0.112839
vt 0.204801 0.023637
vt 0.089010 0.003910
vt 0.000665 0.003052
vt 0.089010 0.003910
vt 0.019268 0.090029
vt 0.031972 0.220053
vt 0.110452 0.112839
vt 0.019268 0.090029
vt 0.110452 0.112839
vt 0.219810 0.129565
vt 0.220239 0.222626
vt 0.125033 0.222626
vt 0.110452 0.112839
vt 0.204801 0.023637
vt 0.089010 0.003910
vt 0.000665 0.003052
vt 0.089010 0.003910
vt 0.019268 0.090029
vt 0.031972 0.220053
vt 0.110452 0.112839
vt 0.019268 0.090029
vt 0.220239 0.222626
vt 0.204801 0.023637
vt 0.000665 0.003052
vt 0.089010 0.003910
vt 0.019268 0.090029
vt 0.031972 0.220053
vt 0.110452 0.112839
vt 0.219810 0.129565
vt 0.220239 0.222626
vt 0.125033 0.222626
vt 0.204801 0.023637
vt 0.089010 0.003910
vt 0.000665 0.003052
vt 0.089010 0.003910
vt 0.019268 0.090029
vt 0.031972 0.220053
vt 0.110452 0.112839
vt 0.019268 0.090029
vt 0.110452 0.112839
vt 0.219810 0.129565
vt 0.220239 0.222626
vt 0.125033 0.222626
vt 0.204801 0.023637
vt 0.000665 0.003052
vt 0.089010 0.003910
vt 0.019268 0.090029
vt 0.031972 0.220053
vt 0.110452 0.112839
vt 0.019268 0.090029
vt 0.110452 0.112839
vt 0.219810 0.129565
vt 0.220239 0.222626
vt 0.125033 0.222626
vt 0.110452 0.112839
vt 0.204801 0.023637
vt 0.089010 0.003910
vt 0.000665 0.003052
vt 0.089010 0.003910
vt 0.019268 0.090029
vt 0.031972 0.220053
vt 0.110452 0.112839
vt 0.125033 0.222626
vt 0.220239 0.222626
vt 0.125033 0.222626
vt 0.204801 0.023637
vt 0.000665 0.003052
vt 0.089010 0.003910
vt 0.019268 0.090029
vt 0.031972 0.220053
vt 0.219810 0.129565
vt 0.220239 0.222626
vt 0.110452 0.112839
vt 0.204801 0.023637
vt 0.089010 0.003910
vt 0.000665 0.003052
vt 0.089010 0.003910
vt 0.019268 0.090029
vt 0.031972 0.220053
vt 0.110452 0.112839
vt 0.219810 0.129565
vt 0.220239 0.222626
vt 0.125033 0.222626
vt 0.204801 0.023637
vt 0.089010 0.003910
vt 0.000665 0.003052
vt 0.089010 0.003910
vt 0.019268 0.090029
vt 0.031972 0.220053
vt 0.110452 0.112839
vt 0.019268 0.090029
vt 0.220239 0.222626
vt 0.125033 0.222626
vt 0.110452 0.112839
vt 0.204801 0.023637
vt 0.089010 0.003910
vt 0.000665 0.003052
vt 0.089010 0.003910
vt 0.019268 0.090029
vt 0.031972 0.220053
vt 0.219810 0.129565
vt 0.220239 0.222626
vt 0.204801 0.023637
vt 0.000665 0.003052
vt 0.089010 0.003910
vt 0.019268 0.090029
vt 0.031972 0.220053
vt 0.110452 0.112839
vt 0.019268 0.090029
vt 0.110452 0.112839
vt 0.219810 0.129565
vt 0.220239 0.222626
vt 0.125033 0.222626
vt 0.204801 0.023637
vt 0.000665 0.003052
vt 0.089010 0.003910
vt 0.019268 0.090029
vt 0.031972 0.220053
vt 0.110452 0.112839
vt 0.019268 0.090029
vt 0.110452 0.112839
vt 0.219810 0.129565
vt 0.220239 0.222626
vt 0.125033 0.222626
vt 0.110452 0.112839
vt 0.204801 0.023637
vt 0.089010 0.003910
vt 0.000665 0.003052
vt 0.089010 0.003910
vt 0.019268 0.090029
vt 0.031972 0.220053
vt 0.110452 0.112839
vt 0.219810 0.129565
vt 0.220239 0.222626
vt 0.125033 0.222626
vt 0.204801 0.023637
vt 0.000665 0.003052
vt 0.089010 0.003910
vt 0.019268 0.090029
vt 0.031972 0.220053
vt 0.219810 0.129565
vt 0.220239 0.222626
vt 0.204801 0.023637
vt 0.089010 0.003910
vt 0.000665 0.003052
vt 0.089010 0.003910
vt 0.019268 0.090029
vt 0.031972 0.220053
vt 0.220239 0.222626
vt 0.125033 0.222626
vt 0.204801 0.023637
vt 0.219810 0.129565
vt 0.000665 0.003052
vt 0.089010 0.003910
vt 0.019268 0.090029
vt 0.031972 0.220053
vt 0.019268 0.090029
vt 0.220239 0.222626
vt 0.204801 0.023637
vt 0.000665 0.003052
vt 0.089010 0.003910
vt 0.019268 0.090029
vt 0.031972 0.220053
vt 0.220239 0.222626
vt 0.204801 0.023637
vt 0.000665 0.003052
vt 0.089010 0.003910
vt 0.019268 0.090029
vt 0.031972 0.220053
vt 0.019268 0.090029
vt 0.220239 0.222626
vt 0.110452 0.112839
vt 0.089010 0.003910
vt 0.204801 0.023637
vt 0.000665 0.003052
vt 0.125033 0.222626
vt 0.031972 0.220053
vt 0.019268 0.090029
vt 0.219810 0.129565
vt 0.220239 0.222626
vt 0.089010 0.003910
vt 0.204801 0.023637
vt 0.219810 0.129565
vt 0.000665 0.003052
vt 0.031972 0.220053
vt 0.220239 0.222626
vt 0.219810 0.129565
vt 0.125033 0.222626
vt 0.204801 0.023637
vt 0.089010 0.003910
vt 0.089010 0.003910
vt 0.000665 0.003052
vt 0.031972 0.220053
vt 0.220239 0.222626
vt 0.219810 0.129565
vt 0.125033 0.222626
vt 0.204801 0.023637
vt 0.089010 0.003910
vt 0.000665 0.003052
vt 0.031972 0.220053
vt 0.019268 0.090029
vt 0.220239 0.222626
vt 0.089010 0.003910
vt 0.204801 0.023637
vt 0.000665 0.003052
vt 0.019268 0.090029
vt 0.125033 0.222626
vt 0.031972 0.220053
vt 0.110452 0.112839
vt 0.125033 0.222626
vt 0.220239 0.222626
vt 0.089010 0.003910
vt 0.219810 0.129565
vt 0.204801 0.023637
vt 0.000665 0.003052
vt 0.019268 0.090029
vt 0.031972 0.220053
vt 0.220239 0.222626
vt 0.219810 0.129565
vt 0.125033 0.222626
vt 0.204801 0.023637
vt 0.089010 0.003910
vt 0.000665 0.003052
vt 0.031972 0.220053
vt 0.220239 0.222626
vt 0.219810 0.129565
vt 0.125033 0.222626
vt 0.204801 0.023637
vt 0.000665 0.003052
vt 0.019268 0.090029
vt 0.031972 0.220053
vt 0.220239 0.222626
vt 0.219810 0.129565
vt 0.125033 0.222626
vt 0.204801 0.023637
vt 0.000665 0.003052
vt 0.031972 0.220053
vt 0.220239 0.222626
vt 0.219810 0.129565
vt 0.125033 0.222626
vt 0.204801 0.023637
vt 0.089010 0.003910
vt 0.089010 0.003910
vt 0.000665 0.003052
vt 0.031972 0.220053
vt 0.220239 0.222626
vt 0.219810 0.129565
vt 0.125033 0.222626
vt 0.204801 0.023637
vt 0.089010 0.003910
vt 0.000665 0.003052
vt 0.031972 0.220053
vt 0.220239 0.222626
vt 0.219810 0.129565
vt 0.125033 0.222626
vt 0.204801 0.023637
vt 0.089010 0.003910
vt 0.000665 0.003052
vt 0.031972 0.220053
vt 0.220239 0.222626
vt 0.219810 0.129565
vt 0.125033 0.222626
vt 0.204801 0.023637
vt 0.000665 0.003052
vt 0.031972 0.220053
vt 0.220239 0.222626
vt 0.219810 0.129565
vt 0.125033 0.222626
vt 0.204801 0.023637
vt 0.000665 0.003052
vt 0.031972 0.220053
vt 0.110452 0.112839
vt 0.019268 0.090029
vt 0.220239 0.222626
vt 0.219810 0.129565
vt 0.125033 0.222626
vt 0.204801 0.023637
vt 0.089010 0.003910
vt 0.000665 0.003052
vt 0.019268 0.090029
vt 0.031972 0.220053
vt 0.220239 0.222626
vt 0.219810 0.129565
vt 0.125033 0.222626
vt 0.110452 0.112839
vt 0.204801 0.023637
vt 0.089010 0.003910
vt 0.000665 0.003052
vt 0.019268 0.090029
vt 0.031972 0.220053
vt 0.220239 0.222626
vt 0.219810 0.129565
vt 0.125033 0.222626
vt 0.204801 0.023637
vt 0.089010 0.003910
vt 0.000665 0.003052
vt 0.031972 0.220053
vt 0.220239 0.222626
vt 0.219810 0.129565
vt 0.125033 0.222626
vt 0.204801 0.023637
vt 0.089010 0.003910
vt 0.000665 0.003052
vt 0.031972 0.220053
vt 0.019268 0.090029
vt 0.220239 0.222626
vt 0.219810 0.129565
vt 0.125033 0.222626
vt 0.204801 0.023637
vt 0.000665 0.003052
vt 0.019268 0.090029
vt 0.031972 0.220053
vt 0.019268 0.090029
vt 0.220239 0.222626
vt 0.219810 0.129565
vt 0.125033 0.222626
vt 0.110452 0.112839
vt 0.204801 0.023637
vt 0.089010 0.003910
vt 0.000665 0.003052
vt 0.031972 0.220053
vt 0.220239 0.222626
vt 0.219810 0.129565
vt 0.125033 0.222626
vt 0.110452 0.112839
vt 0.204801 0.023637
vt 0.089010 0.003910
vt 0.000665 0.003052
vt 0.220239 0.222626
vt 0.219810 0.129565
vt 0.125033 0.222626
vt 0.204801 0.023637
vt 0.000665 0.003052
vt 0.019268 0.090029
vt 0.031972 0.220053
vt 0.019268 0.090029
vt 0.220239 0.222626
vt 0.219810 0.129565
vt 0.125033 0.222626
vt 0.204801 0.023637
vt 0.089010 0.003910
vt 0.000665 0.003052
vt 0.031972 0.220053
vt 0.019268 0.090029
vt 0.220239 0.222626
vt 0.219810 0.129565
vt 0.125033 0.222626
vt 0.204801 0.023637
vt 0.000665 0.003052
vt 0.019268 0.090029
vt 0.031972 0.220053
vt 0.220239 0.222626
vt 0.219810 0.129565
vt 0.125033 0.222626
vt 0.204801 0.023637
vt 0.000665 0.003052
vt 0.031972 0.220053
vt 0.220239 0.222626
vt 0.204801 0.023637
vt 0.219810 0.129565
vt 0.000665 0.003052
vt 0.031972 0.220053
vt 0.220239 0.222626
vt 0.089010 0.003910
vt 0.204801 0.023637
vt 0.000665 0.003052
vt 0.031972 0.220053
vt 0.220239 0.222626
vt 0.219810 0.129565
vt 0.125033 0.222626
vt 0.204801 0.023637
vt 0.000665 0.003052
vt 0.031972 0.220053
vt 0.220239 0.222626
vt 0.219810 0.129565
vt 0.125033 0.222626
vt 0.204801 0.023637
vt 0.000665 0.003052
vt 0.031972 0.220053
vt 0.019268 0.090029
vt 0.220239 0.222626
vt 0.089010 0.003910
vt 0.204801 0.023637
vt 0.000665 0.003052
vt 0.031972 0.220053
vt 0.125033 0.222626
vt 0.089010 0.003910
vt 0.204801 0.023637
vt 0.000665 0.003052
vt 0.019268 0.090029
vt 0.031972 0.220053
vt 0.220239 0.222626
vt 0.219810 0.129565
vt 0.125033 0.222626
vt 0.204801 0.023637
vt 0.000665 0.003052
vt 0.031972 0.220053
vt 0.019268 0.090029
vt 0.220239 0.222626
vt 0.219810 0.129565
vt 0.125033 0.222626
vt 0.204801 0.023637
vt 0.000665 0.003052
vt 0.031972 0.220053
vt 0.110452 0.112839
vt 0.220239 0.222626
vt 0.219810 0.129565
vt 0.125033 0.222626
vt 0.204801 0.023637
vt 0.089010 0.003910
vt 0.000665 0.003052
vt 0.019268 0.090029
vt 0.031972 0.220053
vt 0.019268 0.090029
vt 0.220239 0.222626
vt 0.219810 0.129565
vt 0.125033 0.222626
vt 0.204801 0.023637
vt 0.089010 0.003910
vt 0.000665 0.003052
vt 0.031972 0.220053
vt 0.220239 0.222626
vt 0.219810 0.129565
vt 0.125033 0.222626
vt 0.204801 0.023637
vt 0.089010 0.003910
vt 0.000665 0.003052
vt 0.031972 0.220053
vt 0.110452 0.112839
vt 0.019268 0.090029
vt 0.220239 0.222626
vt 0.219810 0.129565
vt 0.125033 0.222626
vt 0.204801 0.023637
vt 0.000665 0.003052
vt 0.019268 0.090029
vt 0.031972 0.220053
vt 0.220239 0.222626
vt 0.219810 0.129565
vt 0.125033 0.222626
vt 0.204801 0.023637
vt 0.000665 0.003052
vt 0.031972 0.220053
vt 0.110452 0.112839
vt 0.220239 0.222626
vt 0.219810 0.129565
vt 0.125033 0.222626
vt 0.204801 0.023637
vt 0.089010 0.003910
vt 0.089010 0.003910
vt 0.000665 0.003052
vt 0.019268 0.090029
vt 0.031972 0.220053
vt 0.220239 0.222626
vt 0.219810 0.129565
vt 0.125033 0.222626
vt 0.204801 0.023637
vt 0.089010 0.003910
vt 0.000665 0.003052
vt 0.031972 0.220053
vt 0.220239 0.222626
vt 0.219810 0.129565
vt 0.125033 0.222626
vt 0.204801 0.023637
vt 0.000665 0.003052
vt 0.031972 0.220053
vt 0.220239 0.222626
vt 0.219810 0.129565
vt 0.125033 0.222626
vt 0.204801 0.023637
vt 0.000665 0.003052
vt 0.031972 0.220053
vt 0.220239 0.222626
vt 0.219810 0.129565
vt 0.125033 0.222626
vt 0.204801 0.023637
vt 0.000665 0.003052
vt 0.031972 0.220053
vt 0.220239 0.222626
vt 0.219810 0.129565
vt 0.125033 0.222626
vt 0.204801 0.023637
vt 0.000665 0.003052
vt 0.031972 0.220053
vt 0.220239 0.222626
vt 0.219810 0.129565
vt 0.125033 0.222626
vt 0.204801 0.023637
vt 0.000665 0.003052
vt 0.031972 0.220053
vt 0.220239 0.222626
vt 0.219810 0.129565
vt 0.125033 0.222626
vt 0.031972 0.220053
vt 0.000665 0.003052
vt 0.019268 0.090029
vt 0.031972 0.220053
vt 0.220239 0.222626
vt 0.219810 0.129565
vt 0.125033 0.222626
vt 0.204801 0.023637
vt 0.000665 0.003052
vt 0.031972 0.220053
vt 0.220239 0.222626
vt 0.219810 0.129565
vt 0.125033 0.222626
vt 0.110452 0.112839
vt 0.204801 0.023637
vt 0.089010 0.003910
vt 0.000665 0.003052
vt 0.031972 0.220053
vt 0.019268 0.090029
vt 0.220239 0.222626
vt 0.219810 0.129565
vt 0.125033 0.222626
vt 0.204801 0.023637
vt 0.000665 0.003052
vt 0.031972 0.220053
vt 0.220239 0.222626
vt 0.219810 0.129565
vt 0.125033 0.222626
vt 0.204801 0.023637
vt 0.000665 0.003052
vt 0.031972 0.220053
vt 0.220239 0.222626
vt 0.110452 0.112839
vt 0.204801 0.023637
vt 0.219810 0.129565
vt 0.110452 0.112839
vt 0.204801 0.023637
vt 0.219810 0.129565
vt 0.110452 0.112839
vt 0.204801 0.023637
vt 0.089010 0.003910
vt 0.031972 0.220053
vt 0.110452 0.112839
vt 0.019268 0.090029
vt 0.110452 0.112839
vt 0.204801 0.023637
vt 0.219810 0.129565
vt 0.031972 0.220053
vt 0.110452 0.112839
vt 0.125033 0.222626
vt 0.204801 0.023637
vt 0.219810 0.129565
vt 0.110452 0.112839
vt 0.204801 0.023637
vt 0.089010 0.003910
vt 0.031972 0.220053
vt 0.125033 0.222626
vt 0.031972 0.220053
vt 0.125033 0.222626
vt 0.110452 0.112839
vt 0.219810 0.129565
vt 0.220239 0.222626
vt 0.125033 0.222626
vt 0.000665 0.003052
vt 0.089010 0.003910
vt 0.019268 0.090029
vt 0.220239 0.222626
vt 0.000665 0.003052
vt 0.089010 0.003910
vt 0.019268 0.090029
vt 0.110452 0.112839
vt 0.219810 0.129565
vt 0.220239 0.222626
vt 0.125033 0.222626
vt 0.000665 0.003052
vt 0.089010 0.003910
vt 0.019268 0.090029
vt 0.220239 0.222626
vt 0.125033 0.222626
vt 0.204801 0.023637
vt 0.000665 0.003052
vt 0.089010 0.003910
vt 0.019268 0.090029
vt 0.220239 0.222626
vt 0.000665 0.003052
vt 0.089010 0.003910
vt 0.019268 0.090029
vt 0.031972 0.220053
vt 0.110452 0.112839
vt 0.125033 0.222626
vt 0.031972 0.220053
vt 0.110452 0.112839
vt 0.019268 0.090029
vt 0.110452 0.112839
vt 0.204801 0.023637
vt 0.089010 0.003910
vt 0.204801 0.023637
vt 0.219810 0.129565
vt 0.220239 0.222626
vt 0.000665 0.003052
vt 0.089010 0.003910
vt 0.019268 0.090029
vt 0.220239 0.222626
vt 0.000665 0.003052
vt 0.089010 0.003910
vt 0.019268 0.090029
vt 0.031972 0.220053
vt 0.019268 0.090029
vt 0.204801 0.023637
vt 0.089010 0.003910
vt 0.220239 0.222626
vt 0.219810 0.129565
vt 0.125033 0.222626
vt 0.110452 0.112839
vt 0.204801 0.023637
vt 0.089010 0.003910
vt 0.000665 0.003052
vt 0.220239 0.222626
vt 0.219810 0.129565
vt 0.125033 0.222626
vt 0.204801 0.023637
vt 0.000665 0.003052
vt 0.019268 0.090029
vt 0.031972 0.220053
vt 0.019268 0.090029
vt 0.220239 0.222626
vt 0.219810 0.129565
vt 0.125033 0.222626
vt 0.204801 0.023637
vt 0.089010 0.003910
vt 0.000665 0.003052
vt 0.220239 0.222626
vt 0.219810 0.129565
vt 0.125033 0.222626
vt 0.000665 0.003052
vt 0.019268 0.090029
vt 0.220239 0.222626
vt 0.219810 0.129565
vt 0.125033 0.222626
vt 0.000665 0.003052
vt 0.031972 0.220053
vt 0.031972 0.220053
vt 0.031972 0.220053
vt 0.031972 0.220053
vt 0.031972 0.220053
vt 0.110452 0.112839
vt 0.204801 0.023637
vt 0.089010 0.003910
vt 0.031972 0.220053
vt 0.019268 0.090029
vt 0.220239 0.222626
vt 0.219810 0.129565
vt 0.125033 0.222626
vt 0.000665 0.003052
vt 0.220239 0.222626
vt 0.219810 0.129565
vt 0.125033 0.222626
vt 0.000665 0.003052
vt 0.000665 0.003052
vt 0.000665 0.003052
vn 0.3920 0.0689 -0.9174
vn 0.4376 0.0589 -0.8972
vn 0.3854 0.0702 -0.9201
vn 0.9219 0.0660 -0.3818
vn 0.9219 0.0659 -0.3819
vn 0.9218 0.0659 -0.3819
vn 0.9213 0.0620 0.3839
vn 0.9151 0.0585 0.3989
vn 0.9222 0.0625 0.3817
vn 0.3818 0.0575 0.9225
vn 0.3795 0.0570 0.9234
vn 0.3821 0.0576 0.9223
vn -0.3693 0.0554 0.9277
vn -0.3804 0.0580 0.9230
vn -0.3821 0.0584 0.9223
vn -0.9221 0.0619 0.3819
vn -0.9224 0.0618 0.3814
vn -0.9221 0.0619 0.3820
vn 0.9239 0.0070 -0.3827
vn 0.9215 0.0069 -0.3882
vn 0.9214 0.0069 -0.3886
vn -0.3895 0.0593 -0.9191
vn -0.3829 0.0606 -0.9218
vn -0.3821 0.0608 -0.9221
vn -0.9372 0.0608 -0.3434
vn -0.9242 0.0681 -0.3757
vn -0.9222 0.0691 -0.3805
vn 0.0000 -1.0000 -0.0000
vn 0.9703 -0.0356 -0.2392
vn 0.9884 -0.0216 -0.1501
vn 0.9900 -0.0199 -0.1395
vn -0.9237 -0.0196 0.3827
vn -0.9210 -0.0195 0.3890
vn -0.9238 -0.0196 0.3823
vn -0.3993 -0.0751 0.9137
vn -0.3583 -0.0735 0.9307
vn -0.4023 -0.0752 0.9124
vn 0.3947 -0.0877 0.9146
vn 0.4299 -0.0839 0.8990
vn 0.3925 -0.0880 0.9155
vn -0.3946 0.0837 -0.9150
vn -0.4291 0.0793 -0.8998
vn -0.4311 0.0791 -0.8988
vn 0.3698 0.0595 -0.9272
vn 0.3656 0.0593 -0.9289
vn 0.9334 -0.0535 0.3549
vn 0.9360 -0.0523 0.3480
vn 0.9332 -0.0535 0.3553
vn -0.9370 0.0409 -0.3470
vn -0.9369 0.0409 -0.3471
vn -0.4117 0.0593 0.9094
vn -0.4532 0.0644 0.8891
vn -0.4557 0.0647 0.8878
vn -0.9269 0.0348 0.3737
vn -0.9709 0.0368 0.2366
vn -0.9736 0.0369 0.2253
vn 0.3834 -0.0221 -0.9233
vn 0.4095 -0.0180 -0.9122
vn 0.4116 -0.0177 -0.9112
vn 0.9315 0.0638 0.3580
vn -0.5308 0.0032 -0.8475
vn -0.4185 0.0118 -0.9081
vn -0.4062 0.0127 -0.9137
vn -0.3887 0.0920 0.9168
vn -0.4056 0.0891 0.9097
vn -0.3877 0.0921 0.9172
vn 0.3954 0.1133 0.9115
vn 0.4250 0.1165 0.8977
vn 0.3930 0.1130 0.9125
vn 0.9248 0.0294 -0.3794
vn 0.9639 0.0502 -0.2614
vn 0.9665 0.0519 -0.2513
vn -0.4198 -0.0269 -0.9072
vn -0.5097 -0.0402 -0.8594
vn -0.5151 -0.0411 -0.8561
vn -0.9348 -0.0304 -0.3538
vn -0.9737 0.0687 0.2170
vn -0.9879 0.0569 0.1443
vn -0.9722 0.0698 0.2236
vn 0.4153 -0.0207 -0.9094
vn 0.4705 -0.0291 -0.8819
vn 0.4115 -0.0202 -0.9112
vn 0.4754 0.0222 0.8795
vn 0.4155 0.0163 0.9094
vn 0.4791 0.0226 0.8775
vn -0.4387 0.0377 0.8979
vn -0.0853 0.0046 0.9963
vn -0.0617 0.0024 0.9981
vn 0.4712 0.0570 -0.8802
vn 0.2562 0.0689 -0.9642
vn 0.4849 0.0560 -0.8728
vn 0.9903 0.0623 -0.1246
vn 0.9900 0.0849 0.1127
vn 0.9876 0.0865 0.1309
vn 0.4100 0.0305 0.9116
vn -0.9925 -0.0053 0.1219
vn -0.9975 0.0188 -0.0687
vn -0.9961 0.0210 -0.0859
vn -0.4059 0.0150 -0.9138
vn -0.9954 0.0471 -0.0829
vn -0.0618 0.0568 0.9965
vn 0.9885 0.0621 0.1382
vn 0.2415 0.0607 -0.9685
vn 0.4515 0.0624 -0.8901
vn 0.9219 0.0660 -0.3817
vn 0.9142 0.0580 0.4011
vn 0.3791 0.0569 0.9236
vn -0.3675 0.0550 0.9284
vn -0.9224 0.0617 0.3813
vn 0.9240 0.0070 -0.3823
vn -0.3905 0.0591 -0.9187
vn -0.9390 0.0598 -0.3387
vn 0.9680 -0.0370 -0.2482
vn -0.9209 -0.0195 0.3894
vn -0.3561 -0.0734 0.9315
vn 0.4318 -0.0837 0.8981
vn -0.3923 0.0840 -0.9160
vn 0.9362 -0.0523 0.3476
vn -0.4092 0.0590 0.9105
vn -0.9221 0.0345 0.3854
vn 0.3820 -0.0223 -0.9239
vn -0.5375 0.0027 -0.8433
vn -0.4071 0.0888 0.9091
vn 0.4268 0.1167 0.8968
vn 0.9205 0.0275 -0.3899
vn -0.4123 -0.0258 -0.9107
vn -0.9890 0.0557 0.1369
vn 0.4743 -0.0297 -0.8798
vn 0.4088 0.0156 0.9125
vn -0.4597 0.0396 0.8872
vn 0.2446 0.0694 -0.9671
vn 0.9881 0.0605 -0.1417
vn -0.9903 -0.0074 0.1390
vn -0.1172 -0.8272 0.5495
vn -0.1096 -0.8273 0.5510
vn -0.1215 -0.8272 0.5486
vn 0.1899 0.0017 -0.9818
vn 0.1544 0.0188 -0.9878
vn 0.1977 -0.0021 -0.9803
vn -0.9395 0.0013 0.3424
vn 0.3612 0.0472 -0.9313
vn 0.3613 0.0458 -0.9313
vn 0.3604 0.0590 -0.9309
vn -0.7888 0.0183 0.6144
vn -0.2148 0.8272 -0.5193
vn -0.2314 0.8273 -0.5120
vn -0.2044 0.8270 -0.5237
vn 0.9948 -0.0212 -0.0999
vn 0.9977 -0.0026 -0.0678
vn 0.9983 0.0033 -0.0577
vn 0.6189 0.0079 0.7855
vn 0.3696 -0.1025 0.9235
vn 0.4792 -0.1016 0.8718
vn 0.7777 0.0187 0.6284
vn 0.1420 0.7358 -0.6622
vn -0.6250 0.7737 0.1034
vn -0.4412 0.6786 0.5872
vn -0.4431 0.6798 0.5843
vn -0.4549 0.6873 0.5663
vn 0.3113 0.4565 -0.8335
vn -0.8150 0.5041 0.2858
vn -0.0843 0.6815 0.7270
vn -0.0878 0.6802 0.7277
vn -0.0631 0.6890 0.7220
vn -0.3155 0.7358 0.5992
vn 0.6297 0.7737 0.0692
vn -0.6851 -0.6786 -0.2648
vn -0.6828 -0.6798 -0.2675
vn -0.6972 -0.6717 -0.2504
vn -0.5248 0.4565 0.7185
vn 0.8619 0.5041 -0.0550
vn 0.0915 -0.5625 0.8217
vn 0.0888 -0.5605 0.8234
vn 0.0743 -0.5494 0.8323
vn -0.5220 -0.8272 0.2079
vn -0.5190 -0.8273 0.2150
vn -0.5237 -0.8272 0.2038
vn 0.5542 -0.8273 0.0920
vn 0.5511 -0.8272 0.1099
vn 0.5491 -0.8270 0.1210
vn 0.6625 0.7407 -0.1119
vn 0.6570 0.7244 -0.2088
vn -0.3333 0.6836 -0.6493
vn -0.3909 0.7351 -0.5539
vn -0.4985 0.7700 0.3982
vn -0.5211 0.7631 0.3822
vn -0.5321 0.7595 0.3741
vn 0.0590 0.8898 0.4526
vn -0.6846 0.6556 -0.3186
vn -0.7377 0.6385 -0.2193
vn 0.0120 0.7505 0.6607
vn -0.0407 0.8935 0.4472
vn 0.1289 0.8115 0.5700
vn 0.5438 0.7425 0.3912
vn 0.4849 0.5557 -0.6754
vn -0.3773 0.6786 0.6302
vn -0.3796 0.6798 0.6275
vn -0.3932 0.6873 0.6108
vn 0.3546 0.8717 0.3383
vn 0.3003 0.6985 -0.6496
vn -0.3473 -0.5126 0.7853
vn -0.3506 -0.5110 0.7848
vn -0.3687 -0.5022 0.7822
vn -0.3115 0.7122 -0.6291
vn -0.8710 0.4212 0.2531
vn -0.0585 0.6786 -0.7322
vn -0.0552 0.6798 -0.7313
vn -0.0344 0.6873 -0.7256
vn -0.2140 0.8560 -0.4706
vn -0.7324 0.5862 0.3463
vn -0.7747 -0.6044 -0.1859
vn -0.7751 -0.6028 -0.1892
vn -0.7772 -0.5940 -0.2074
vn -0.3714 0.6301 0.6819
vn 0.6908 0.5363 0.4850
vn -0.6213 -0.6786 -0.3917
vn -0.6186 -0.6798 -0.3939
vn -0.6360 -0.6717 -0.3798
vn -0.3488 0.7873 0.5084
vn 0.6351 0.7002 0.3263
vn -0.7223 -0.6815 0.1179
vn -0.7240 -0.6802 0.1148
vn -0.7329 -0.6732 0.0980
vn 0.7844 0.6200 0.0178
vn 0.0891 0.5753 -0.8131
vn -0.6413 0.6786 -0.3581
vn -0.6387 0.6798 -0.3604
vn -0.6224 0.6873 -0.3745
vn 0.6243 0.7758 0.0912
vn -0.0195 0.7342 -0.6786
vn 0.4760 0.6815 0.5559
vn 0.4742 0.6802 0.5590
vn 0.4868 0.6890 0.5370
vn -0.5521 0.6729 -0.4923
vn -0.4303 0.6874 0.5851
vn -0.7345 0.6786 0.0049
vn -0.7334 0.6798 0.0016
vn -0.7262 0.6873 -0.0187
vn -0.3573 0.8037 -0.4758
vn -0.2448 0.8170 0.5222
vn 0.7267 0.6815 -0.0869
vn 0.7282 0.6802 -0.0837
vn 0.7169 0.6890 -0.1064
vn -0.0422 0.7184 0.6943
vn 0.6854 0.7198 -0.1096
vn -0.5868 -0.6154 0.5262
vn -0.5874 -0.6174 0.5232
vn -0.5835 -0.6043 0.5426
vn -0.1652 0.8322 0.5293
vn 0.5091 0.8334 -0.2152
vn -0.6735 -0.6815 0.2864
vn -0.6759 -0.6802 0.2838
vn -0.6885 -0.6732 0.2695
vn 0.5403 0.7373 -0.4055
vn -0.5440 0.7384 -0.3985
vn -0.3143 -0.6786 -0.6638
vn -0.3109 -0.6798 -0.6642
vn -0.3331 -0.6717 -0.6617
vn 0.5017 0.8420 -0.1985
vn -0.5027 0.8428 -0.1923
vn -0.7341 0.5625 -0.3804
vn -0.7340 0.5605 -0.3836
vn -0.7344 0.5748 -0.3609
vn -0.6840 0.7184 0.1267
vn 0.2720 0.7198 0.6387
vn -0.3773 0.6809 -0.6277
vn -0.3739 0.6818 -0.6288
vn -0.3527 0.6872 -0.6351
vn -0.5535 0.8322 -0.0324
vn 0.3318 0.8334 0.4420
vn -0.7866 -0.5208 -0.3318
vn -0.7866 -0.5187 -0.3350
vn -0.7866 -0.5074 -0.3518
vn 0.5934 0.6508 0.4735
vn 0.4328 0.6741 -0.5986
vn -0.4227 -0.7402 -0.5229
vn -0.4194 -0.7419 -0.5232
vn -0.4404 -0.7308 -0.5215
vn 0.4030 0.7885 0.4646
vn 0.2545 0.8098 -0.5286
vn 0.6260 -0.7283 -0.2789
vn 0.6283 -0.7273 -0.2761
vn 0.6408 -0.7220 -0.2610
vn -0.1201 0.7078 -0.6962
vn -0.7473 0.6380 0.1856
vn 0.5158 -0.6339 -0.5763
vn 0.5165 -0.6360 -0.5733
vn 0.5118 -0.6223 -0.5922
vn 0.0067 0.8374 -0.5465
vn -0.5745 0.7727 0.2701
vn 0.7223 0.6815 -0.1179
vn 0.7240 0.6802 -0.1148
vn 0.7117 0.6890 -0.1370
vn -0.3559 0.6996 0.6196
vn 0.6907 0.6364 0.3434
vn 0.5868 0.6154 -0.5262
vn 0.5874 0.6174 -0.5232
vn 0.5909 0.6297 -0.5043
vn -0.3579 0.8315 0.4249
vn 0.6117 0.7728 0.1694
vn 0.1397 0.6815 0.7184
vn 0.1367 0.6802 0.7202
vn 0.1585 0.6890 0.7072
vn 0.6846 0.7184 -0.1233
vn -0.2687 0.7198 -0.6400
vn 0.1564 0.6805 0.7159
vn 0.1532 0.6821 0.7151
vn 0.1333 0.6918 0.7096
vn 0.5533 0.8322 0.0352
vn -0.3295 0.8334 -0.4437
vn -0.7309 0.6815 0.0380
vn -0.7322 0.6802 0.0347
vn -0.7224 0.6890 0.0581
vn -0.5825 0.7184 -0.3802
vn -0.2439 0.7198 0.6499
vn -0.1604 -0.6786 -0.7168
vn -0.1570 -0.6798 -0.7164
vn -0.1792 -0.6717 -0.7188
vn -0.3782 0.8322 -0.4054
vn -0.0649 0.8334 0.5489
vn -0.4600 0.5126 -0.7250
vn -0.4577 0.5110 -0.7275
vn -0.4736 0.5223 -0.7091
vn 0.3080 0.7184 0.6237
vn 0.5406 0.7198 -0.4354
vn -0.5158 0.6339 0.5763
vn -0.5165 0.6360 0.5733
vn -0.5208 0.6487 0.5549
vn 0.1194 0.8322 0.5414
vn 0.3351 0.8334 -0.4395
vn 0.4600 -0.5126 0.7250
vn 0.4577 -0.5110 0.7275
vn 0.4455 -0.5022 0.7412
vn 0.4839 0.7184 -0.4997
vn -0.5918 0.7198 -0.3628
vn 0.7332 0.6786 0.0443
vn 0.7318 0.6798 0.0476
vn 0.7233 0.6873 0.0674
vn 0.4698 0.8322 -0.2944
vn -0.5266 0.8334 -0.1679
vn -0.4248 0.6536 -0.6264
vn -0.4231 0.6519 -0.6293
vn -0.4352 0.6636 -0.6084
vn -0.6748 0.7184 0.1689
vn 0.3110 0.7198 0.6206
vn 0.6257 -0.7379 0.2530
vn 0.6228 -0.7400 0.2540
vn 0.6412 -0.7264 0.2474
vn -0.5544 0.8322 0.0020
vn 0.3585 0.8334 0.4206
vn -0.5576 -0.6815 -0.4740
vn -0.5563 -0.6802 -0.4773
vn -0.5493 -0.6732 -0.4950
vn 0.6594 0.7184 0.2214
vn 0.0725 0.7198 -0.6904
vn -0.0557 -0.6881 0.7235
vn -0.0586 -0.6897 0.7217
vn -0.0402 -0.6793 0.7327
vn 0.4681 0.8322 0.2972
vn -0.0753 0.8334 -0.5475
vn -0.2940 -0.7283 0.6190
vn -0.2975 -0.7273 0.6184
vn -0.3169 -0.7220 0.6151
vn -0.2177 0.7184 -0.6607
vn -0.5962 0.7198 0.3555
vn 0.6213 0.6786 0.3917
vn 0.6186 0.6798 0.3939
vn 0.6016 0.6873 0.4071
vn -0.0425 0.8322 -0.5528
vn -0.3933 0.8334 0.3883
vn 0.6663 -0.6943 0.2721
vn 0.6659 -0.6932 0.2756
vn 0.6640 -0.6871 0.2949
vn -0.2062 0.7184 0.6643
vn 0.6918 0.7198 0.0566
vn 0.4040 -0.6786 -0.6134
vn 0.4061 -0.6798 -0.6107
vn 0.3924 -0.6717 -0.6283
vn -0.2863 0.8322 0.4748
vn 0.5457 0.8334 -0.0879
vn -0.6663 0.6943 -0.2721
vn -0.6659 0.6932 -0.2756
vn -0.6680 0.7009 -0.2500
vn 0.9938 0.0186 -0.1099
vn 0.9938 0.0199 -0.1092
vn 0.9940 0.0235 -0.1072
vn -0.6157 0.0108 -0.7879
vn -0.6309 0.0304 -0.7752
vn -0.6026 -0.0056 -0.7980
vn -0.2373 0.0008 0.9714
vn -0.9091 -0.0281 0.4156
vn -0.9198 -0.0072 0.3924
vn -0.9249 0.0037 0.3802
vn 0.0726 0.0106 0.9973
vn 0.2498 -0.0364 0.9676
vn 0.2537 -0.0302 0.9668
vn 0.2434 -0.0464 0.9688
vn -0.9977 0.0026 0.0678
vn -0.9948 0.0212 0.0999
vn -0.9983 -0.0033 0.0577
vn 0.9969 0.0046 -0.0782
vn 0.9766 -0.0599 0.2065
vn 0.9945 -0.0593 0.0862
vn 0.9547 0.0109 -0.2975
vn -0.4717 0.7358 -0.4859
vn -0.2612 0.7737 0.5771
vn 0.1373 -0.7379 0.6608
vn 0.1348 -0.7400 0.6590
vn 0.1506 -0.7264 0.6706
vn -0.5201 0.4565 -0.7219
vn -0.2152 0.5041 0.8364
vn 0.2940 0.7283 -0.6190
vn 0.2975 0.7273 -0.6184
vn 0.2719 0.7339 -0.6225
vn 0.3229 0.7358 0.5953
vn 0.4074 0.7737 -0.4851
vn -0.1373 0.7379 -0.6608
vn -0.1348 0.7400 -0.6590
vn -0.1196 0.7526 -0.6476
vn 0.3058 0.4565 0.8355
vn 0.4331 0.5041 -0.7472
vn -0.6260 0.7283 0.2789
vn -0.6283 0.7273 0.2761
vn -0.6114 0.7339 0.2960
vn 0.5190 0.8273 -0.2150
vn 0.5220 0.8272 -0.2079
vn 0.5237 0.8272 -0.2038
vn 0.6709 0.6786 -0.2990
vn 0.6712 0.6798 -0.2955
vn 0.6727 0.6873 -0.2740
vn 0.2750 0.7407 -0.6130
vn 0.1914 0.7244 -0.6623
vn -0.7250 0.6836 -0.0836
vn -0.6777 0.7351 0.0173
vn 0.5211 -0.7631 -0.3822
vn 0.4985 -0.7700 -0.3982
vn 0.5321 -0.7595 -0.3741
vn 0.4091 0.8898 0.2023
vn -0.6453 0.6556 0.3922
vn -0.5922 0.6385 0.4915
vn 0.5560 0.7505 0.3571
vn 0.3492 0.8935 0.2823
vn 0.5456 0.8115 0.2095
vn 0.6274 0.7425 -0.2349
vn -0.2922 0.5557 -0.7784
vn -0.4796 0.6809 0.5535
vn -0.4817 0.6818 0.5506
vn -0.4943 0.6872 0.5324
vn 0.4783 0.8717 -0.1069
vn -0.3733 0.6985 -0.6106
vn 0.4376 -0.6815 0.5866
vn 0.4356 -0.6802 0.5895
vn 0.4248 -0.6732 0.6052
vn -0.6961 0.7122 -0.0905
vn -0.2735 0.4212 0.8648
vn -0.6709 -0.6786 0.2990
vn -0.6712 -0.6798 0.2955
vn -0.6692 -0.6717 0.3178
vn -0.5102 0.8560 -0.0835
vn -0.1190 0.5862 0.8014
vn -0.4406 -0.6815 -0.5843
vn -0.4386 -0.6802 -0.5873
vn -0.4279 -0.6732 -0.6030
vn 0.3606 0.6301 0.6877
vn 0.7870 0.5363 -0.3049
vn -0.4632 -0.6786 -0.5700
vn -0.4599 -0.6798 -0.5712
vn -0.4809 -0.6717 -0.5635
vn 0.2290 0.7873 0.5725
vn 0.6241 0.7002 -0.3468
vn 0.2869 -0.6614 -0.6930
vn 0.2904 -0.6598 -0.6930
vn 0.3088 -0.6513 -0.6932
vn 0.4506 0.6200 -0.6423
vn -0.6265 0.5753 -0.5258
vn 0.1926 0.6339 0.7491
vn 0.1897 0.6360 0.7480
vn 0.1720 0.6487 0.7413
vn 0.4227 0.7758 -0.4684
vn -0.5751 0.7342 -0.3608
vn 0.7747 0.6044 0.1859
vn 0.7751 0.6028 0.1892
vn 0.7718 0.6141 0.1651
vn -0.7161 0.6729 0.1855
vn 0.2474 0.6874 0.6828
vn -0.1937 -0.6809 -0.7063
vn -0.1902 -0.6818 -0.7064
vn -0.2132 -0.6758 -0.7056
vn -0.5942 0.8037 0.0327
vn 0.2982 0.8170 0.4936
vn -0.4168 -0.6614 -0.6236
vn -0.4149 -0.6598 -0.6265
vn -0.4048 -0.6513 -0.6419
vn 0.5538 0.7184 0.4209
vn 0.2897 0.7198 -0.6308
vn 0.7636 0.6154 0.1956
vn 0.7614 0.6174 0.1977
vn 0.7476 0.6297 0.2111
vn 0.3483 0.8322 0.4314
vn 0.1039 0.8334 -0.5428
vn -0.6780 -0.7283 0.0995
vn -0.6795 -0.7273 0.0962
vn -0.6874 -0.7220 0.0783
vn -0.0370 0.7373 -0.6745
vn -0.6336 0.7384 0.2309
vn -0.4849 -0.6236 -0.6132
vn -0.4817 -0.6252 -0.6141
vn -0.5022 -0.6145 -0.6084
vn 0.1137 0.8420 -0.5274
vn -0.4392 0.8428 0.3111
vn 0.3032 0.6815 -0.6661
vn 0.3067 0.6802 -0.6657
vn 0.2815 0.6890 -0.6679
vn -0.2746 0.7184 0.6391
vn 0.6821 0.7198 0.1287
vn 0.4227 0.7402 0.5229
vn 0.4194 0.7419 0.5232
vn 0.3991 0.7521 0.5244
vn -0.3344 0.8322 0.4422
vn 0.5519 0.8334 -0.0303
vn -0.8212 0.3828 0.4231
vn -0.8234 0.3809 0.4207
vn -0.8079 0.3945 0.4378
vn 0.7234 0.6508 -0.2303
vn -0.2573 0.6741 -0.6924
vn 0.3773 -0.6809 0.6277
vn 0.3739 -0.6818 0.6288
vn 0.3958 -0.6758 0.6218
vn 0.6102 0.7885 -0.0770
vn -0.2981 0.8098 -0.5053
vn -0.0915 0.5625 -0.8217
vn -0.0888 0.5605 -0.8234
vn -0.1080 0.5748 -0.8112
vn -0.6456 0.7078 -0.2869
vn -0.2608 0.6380 0.7245
vn 0.7664 -0.6422 -0.0165
vn 0.7652 -0.6437 -0.0134
vn 0.7728 -0.6337 -0.0336
vn -0.4507 0.8374 -0.3092
vn -0.0946 0.7727 0.6277
vn 0.0957 -0.6040 -0.7912
vn 0.0990 -0.6025 -0.7920
vn 0.1170 -0.5938 -0.7960
vn 0.3174 0.6996 0.6402
vn 0.6693 0.6364 -0.3836
vn -0.1326 -0.6920 0.7096
vn -0.1357 -0.6931 0.7079
vn -0.1156 -0.6860 0.7184
vn 0.1545 0.8315 0.5337
vn 0.4807 0.7728 -0.4145
vn -0.1044 0.3828 0.9179
vn -0.1076 0.3809 0.9183
vn -0.0848 0.3945 0.9150
vn 0.2779 0.7184 -0.6377
vn -0.6814 0.7198 -0.1322
vn -0.5706 0.6881 -0.4482
vn -0.5676 0.6897 -0.4497
vn -0.5487 0.6992 -0.4582
vn 0.3367 0.8322 -0.4405
vn -0.5520 0.8334 0.0275
vn 0.7309 -0.6815 -0.0380
vn 0.7322 -0.6802 -0.0347
vn 0.7392 -0.6732 -0.0170
vn -0.6398 0.7184 0.2731
vn 0.4049 0.7198 0.5638
vn 0.4442 0.6786 -0.5850
vn 0.4461 0.6798 -0.5820
vn 0.4578 0.6873 -0.5639
vn -0.5472 0.8322 0.0893
vn 0.4203 0.8334 0.3589
vn 0.6977 -0.6815 0.2208
vn 0.6978 -0.6802 0.2243
vn 0.6982 -0.6732 0.2434
vn 0.6897 0.7184 0.0904
vn -0.0617 0.7198 -0.6914
vn 0.0585 -0.6786 0.7322
vn 0.0552 -0.6798 0.7313
vn 0.0768 -0.6717 0.7368
vn 0.5165 0.8322 0.2015
vn -0.1793 0.8334 -0.5228
vn 0.5576 0.6815 0.4740
vn 0.5563 0.6802 0.4773
vn 0.5653 0.6890 0.4536
vn -0.1467 0.7184 -0.6800
vn -0.6304 0.7198 0.2905
vn -0.5028 0.6786 -0.5355
vn -0.4996 0.6798 -0.5369
vn -0.4798 0.6873 -0.5454
vn 0.0162 0.8322 -0.5542
vn -0.4322 0.8334 0.3446
vn -0.2869 0.6614 0.6930
vn -0.2904 0.6598 0.6930
vn -0.2659 0.6707 0.6924
vn -0.2345 0.7184 0.6549
vn 0.6888 0.7198 0.0862
vn 0.7245 -0.6786 -0.1205
vn 0.7239 -0.6798 -0.1171
vn 0.7276 -0.6717 -0.1392
vn -0.3064 0.8322 0.4621
vn 0.5489 0.8334 -0.0644
vn -0.7110 0.6040 0.3600
vn -0.7135 0.6025 0.3577
vn -0.6955 0.6134 0.3742
vn 0.5505 0.7184 -0.4253
vn -0.5337 0.7198 -0.4438
vn 0.3143 0.6786 0.6638
vn 0.3109 0.6798 0.6642
vn 0.2894 0.6873 0.6663
vn 0.5071 0.8322 -0.2241
vn -0.4971 0.8334 -0.2416
vn 0.1044 -0.3828 -0.9179
vn 0.1076 -0.3809 -0.9183
vn 0.1249 -0.3704 -0.9204
vn -0.6703 0.7184 -0.1860
vn -0.0357 0.7198 0.6932
vn 0.1604 0.6786 0.7168
vn 0.1570 0.6798 0.7164
vn 0.1356 0.6873 0.7136
vn -0.4832 0.8322 -0.2718
vn 0.1043 0.8334 0.5428
vn 0.4406 0.6815 0.5843
vn 0.4386 0.6802 0.5873
vn 0.4526 0.6890 0.5661
vn 0.4378 0.7184 0.5405
vn 0.4314 0.7198 -0.5438
vn -0.5084 0.6805 0.5278
vn -0.5094 0.6821 0.5246
vn -0.5160 0.6918 0.5051
vn 0.2357 0.8322 0.5019
vn 0.2301 0.8334 -0.5025
vn -0.3032 -0.6815 0.6661
vn -0.3067 -0.6802 0.6657
vn -0.3257 -0.6732 0.6638
vn -0.9938 -0.0199 0.1092
vn -0.9938 -0.0186 0.1099
vn -0.9940 -0.0235 0.1072
vn -0.1544 -0.0188 0.9878
vn -0.1899 -0.0017 0.9818
vn -0.1977 0.0021 0.9803
vn 0.9395 -0.0013 -0.3424
vn -0.9729 -0.0810 0.2166
vn -0.9731 -0.0787 0.2166
vn -0.9746 -0.0580 0.2163
vn 0.7888 -0.0183 -0.6144
vn -0.9459 0.0155 -0.3242
vn -0.9430 0.0230 -0.3320
vn -0.9414 0.0270 -0.3361
vn 0.6309 -0.0304 0.7752
vn 0.6157 -0.0108 0.7879
vn 0.6026 0.0056 0.7980
vn -0.6189 -0.0079 -0.7855
vn -0.3696 0.1025 -0.9235
vn -0.4792 0.1016 -0.8718
vn -0.7777 -0.0187 -0.6284
vn -0.1420 -0.7358 0.6622
vn 0.6250 -0.7737 -0.1034
vn 0.7334 -0.6786 0.0406
vn 0.7320 -0.6798 0.0438
vn 0.7404 -0.6717 0.0231
vn -0.3113 -0.4565 0.8335
vn 0.8150 -0.5041 -0.2858
vn 0.6735 0.6815 -0.2864
vn 0.6759 0.6802 -0.2838
vn 0.6587 0.6890 -0.3024
vn 0.3155 -0.7358 -0.5992
vn -0.6297 -0.7737 -0.0692
vn 0.1937 0.6809 0.7063
vn 0.1902 0.6818 0.7064
vn 0.1680 0.6872 0.7068
vn 0.5248 -0.4565 -0.7185
vn -0.8619 -0.5041 0.0550
vn 0.6589 -0.6815 0.3184
vn 0.6585 -0.6802 0.3219
vn 0.6562 -0.6732 0.3409
vn -0.2537 0.0302 -0.9668
vn -0.2498 0.0364 -0.9676
vn -0.2434 0.0464 -0.9688
vn -0.5511 0.8272 -0.1099
vn -0.5542 0.8273 -0.0920
vn -0.5491 0.8270 -0.1210
vn -0.6625 -0.7407 0.1119
vn -0.6570 -0.7244 0.2088
vn 0.3333 -0.6836 0.6493
vn 0.3909 -0.7351 0.5539
vn 0.9729 0.0810 -0.2166
vn 0.9731 0.0787 -0.2166
vn 0.9710 0.1010 -0.2168
vn -0.0590 -0.8898 -0.4526
vn 0.6846 -0.6556 0.3186
vn 0.7377 -0.6385 0.2193
vn -0.0120 -0.7505 -0.6607
vn 0.0407 -0.8935 -0.4472
vn -0.1289 -0.8115 -0.5700
vn -0.5438 -0.7425 -0.3912
vn -0.4849 -0.5557 0.6754
vn 0.4395 -0.6422 0.6281
vn 0.4362 -0.6437 0.6288
vn 0.4573 -0.6337 0.6239
vn -0.3546 -0.8717 -0.3383
vn -0.3003 -0.6985 0.6496
vn 0.6780 0.7283 -0.0995
vn 0.6795 0.7273 -0.0962
vn 0.6686 0.7339 -0.1198
vn 0.3115 -0.7122 0.6291
vn 0.8710 -0.4212 -0.2531
vn 0.0557 0.6881 -0.7235
vn 0.0586 0.6897 -0.7217
vn 0.0761 0.6992 -0.7108
vn 0.2140 -0.8560 0.4706
vn 0.7324 -0.5862 -0.3463
vn 0.7307 0.6815 -0.0417
vn 0.7320 0.6802 -0.0384
vn 0.7221 0.6890 -0.0618
vn 0.3714 -0.6301 -0.6819
vn -0.6908 -0.5363 -0.4850
vn 0.4849 0.6236 0.6132
vn 0.4817 0.6252 0.6141
vn 0.4618 0.6351 0.6192
vn 0.3488 -0.7873 -0.5084
vn -0.6351 -0.7002 -0.3263
vn 0.7866 0.5208 0.3318
vn 0.7866 0.5187 0.3350
vn 0.7861 0.5333 0.3125
vn -0.7844 -0.6200 -0.0178
vn -0.0891 -0.5753 0.8131
vn -0.6637 -0.6920 0.2840
vn -0.6640 -0.6931 0.2805
vn -0.6615 -0.6860 0.3030
vn -0.6243 -0.7758 -0.0912
vn 0.0195 -0.7342 0.6786
vn 0.7129 0.5208 -0.4697
vn 0.7155 0.5187 -0.4680
vn 0.6965 0.5333 -0.4800
vn 0.5521 -0.6729 0.4923
vn 0.4303 -0.6874 -0.5851
vn 0.2166 -0.6786 -0.7018
vn 0.2194 -0.6798 -0.6998
vn 0.2013 -0.6717 -0.7129
vn 0.3573 -0.8037 0.4758
vn 0.2448 -0.8170 -0.5222
vn 0.2848 0.6536 -0.7013
vn 0.2881 0.6519 -0.7014
vn 0.2641 0.6636 -0.6999
vn 0.0422 -0.7184 -0.6943
vn -0.6854 -0.7198 0.1096
vn -0.6697 -0.7402 0.0610
vn -0.6680 -0.7419 0.0581
vn -0.6783 -0.7308 0.0764
vn 0.1652 -0.8322 -0.5293
vn -0.5091 -0.8334 0.2152
vn -0.2389 0.6815 -0.6917
vn -0.2361 0.6802 -0.6939
vn -0.2559 0.6890 -0.6781
vn -0.5403 -0.7373 0.4055
vn 0.5440 -0.7384 0.3985
vn -0.4395 0.6422 -0.6281
vn -0.4362 0.6437 -0.6288
vn -0.4158 0.6528 -0.6332
vn -0.5017 -0.8420 0.1985
vn 0.5027 -0.8428 0.1923
vn 0.4168 0.6614 0.6236
vn 0.4149 0.6598 0.6265
vn 0.4280 0.6707 0.6057
vn 0.6840 -0.7184 -0.1267
vn -0.2720 -0.7198 -0.6387
vn 0.6697 0.7402 -0.0610
vn 0.6680 0.7419 -0.0581
vn 0.6578 0.7521 -0.0405
vn 0.5535 -0.8322 0.0324
vn -0.3318 -0.8334 -0.4420
vn -0.5849 -0.6044 0.5408
vn -0.5880 -0.6028 0.5393
vn -0.6043 -0.5940 0.5310
vn -0.5934 -0.6508 -0.4735
vn -0.4328 -0.6741 0.5986
vn -0.7332 -0.6786 -0.0443
vn -0.7318 -0.6798 -0.0476
vn -0.7403 -0.6717 -0.0269
vn -0.4030 -0.7885 -0.4646
vn -0.2545 -0.8098 0.5286
vn 0.4424 0.6815 -0.5830
vn 0.4458 0.6802 -0.5819
vn 0.4216 0.6890 -0.5895
vn 0.1201 -0.7078 0.6962
vn 0.7473 -0.6380 -0.1856
vn 0.5028 -0.6786 0.5355
vn 0.4996 -0.6798 0.5369
vn 0.5200 -0.6717 0.5277
vn -0.0067 -0.8374 0.5465
vn 0.5745 -0.7727 -0.2701
vn -0.2848 -0.6536 0.7013
vn -0.2881 -0.6519 0.7014
vn -0.3062 -0.6427 0.7023
vn 0.3559 -0.6996 -0.6196
vn -0.6907 -0.6364 -0.3434
vn 0.4632 0.6786 0.5700
vn 0.4599 0.6798 0.5712
vn 0.4396 0.6873 0.5783
vn 0.3579 -0.8315 -0.4249
vn -0.6117 -0.7728 -0.1694
vn -0.0957 0.6040 0.7912
vn -0.0990 0.6025 0.7920
vn -0.0753 0.6134 0.7862
vn -0.6846 -0.7184 0.1233
vn 0.2687 -0.7198 0.6400
vn -0.6211 -0.6786 0.3920
vn -0.6219 -0.6798 0.3886
vn -0.6168 -0.6717 0.4103
vn -0.5533 -0.8322 -0.0352
vn 0.3295 -0.8334 0.4437
vn -0.4424 -0.6815 0.5830
vn -0.4458 -0.6802 0.5819
vn -0.4639 -0.6732 0.5758
vn 0.5825 -0.7184 0.3802
vn 0.2439 -0.7198 -0.6499
vn 0.6851 0.6786 0.2648
vn 0.6828 0.6798 0.2675
vn 0.6687 0.6873 0.2837
vn 0.3782 -0.8322 0.4054
vn 0.0649 -0.8334 -0.5489
vn 0.7341 -0.5625 0.3804
vn 0.7340 -0.5605 0.3836
vn 0.7333 -0.5494 0.4006
vn -0.3080 -0.7184 -0.6237
vn -0.5406 -0.7198 0.4354
vn -0.0192 -0.6786 0.7343
vn -0.0224 -0.6798 0.7330
vn -0.0015 -0.6717 0.7408
vn -0.1194 -0.8322 -0.5414
vn -0.3351 -0.8334 0.4395
vn 0.7110 -0.6040 -0.3600
vn 0.7135 -0.6025 -0.3577
vn 0.7269 -0.5938 -0.3450
vn -0.4839 -0.7184 0.4997
vn 0.5918 -0.7198 0.3628
vn 0.7345 -0.6786 -0.0049
vn 0.7334 -0.6798 -0.0016
vn 0.7405 -0.6717 -0.0228
vn -0.4698 -0.8322 0.2944
vn 0.5266 -0.8334 0.1679
vn -0.6081 0.7700 -0.1933
vn -0.6073 0.7631 -0.2210
vn -0.6067 0.7595 -0.2346
vn 0.6748 -0.7184 -0.1689
vn -0.3110 -0.7198 -0.6206
vn 0.6211 0.6786 -0.3920
vn 0.6219 0.6798 -0.3886
vn 0.6265 0.6873 -0.3675
vn 0.5544 -0.8322 -0.0020
vn -0.3585 -0.8334 -0.4206
vn 0.1013 -0.6815 0.7248
vn 0.0982 -0.6802 0.7264
vn 0.0811 -0.6732 0.7350
vn -0.6594 -0.7184 -0.2214
vn -0.0725 -0.7198 0.6904
vn 0.3773 -0.6786 -0.6302
vn 0.3796 -0.6798 -0.6275
vn 0.3651 -0.6717 -0.6446
vn -0.4681 -0.8322 -0.2972
vn 0.0753 -0.8334 0.5475
vn 0.1159 -0.7283 -0.6754
vn 0.1195 -0.7273 -0.6758
vn 0.1390 -0.7220 -0.6778
vn 0.2177 -0.7184 0.6607
vn 0.5962 -0.7198 -0.3555
vn -0.3123 -0.6809 0.6625
vn -0.3151 -0.6818 0.6602
vn -0.2971 -0.6758 0.6746
vn 0.0425 -0.8322 0.5528
vn 0.3933 -0.8334 -0.3883
vn 0.8212 -0.3828 -0.4231
vn 0.8234 -0.3809 -0.4207
vn 0.8347 -0.3704 -0.4075
vn 0.2062 -0.7184 -0.6643
vn -0.6918 -0.7198 -0.0566
vn 0.1326 0.6920 -0.7096
vn 0.1357 0.6931 -0.7079
vn 0.1549 0.6996 -0.6976
vn 0.2863 -0.8322 -0.4748
vn -0.5457 -0.8334 0.0879
vn 0.0843 -0.6815 -0.7270
vn 0.0878 -0.6802 -0.7277
vn 0.1064 -0.6732 -0.7317
vn -0.4620 -0.0122 0.8868
vn -0.4602 -0.0101 0.8878
vn -0.4632 -0.0137 0.8862
vn 0.9198 0.0072 -0.3924
vn 0.9091 0.0281 -0.4156
vn 0.9249 -0.0037 -0.3802
vn 0.2373 -0.0008 -0.9714
vn -0.3612 -0.0472 0.9313
vn -0.3613 -0.0458 0.9313
vn -0.3620 -0.0338 0.9316
vn -0.0726 -0.0106 -0.9973
vn 0.9430 -0.0230 0.3320
vn 0.9459 -0.0155 0.3242
vn 0.9414 -0.0270 0.3361
vn -0.9969 -0.0046 0.0782
vn -0.9766 0.0599 -0.2065
vn -0.9945 0.0593 -0.0862
vn -0.9547 -0.0109 0.2975
vn 0.4717 -0.7358 0.4859
vn 0.2612 -0.7737 -0.5771
vn 0.3123 0.6809 -0.6625
vn 0.3151 0.6818 -0.6602
vn 0.3322 0.6872 -0.6461
vn 0.5201 -0.4565 0.7219
vn 0.2152 -0.5041 -0.8364
vn -0.1159 0.7283 0.6754
vn -0.1195 0.7273 0.6758
vn -0.0936 0.7339 0.6728
vn -0.3229 -0.7358 -0.5953
vn -0.4074 -0.7737 0.4851
vn 0.4796 -0.6809 -0.5535
vn 0.4817 -0.6818 -0.5506
vn 0.4683 -0.6758 -0.5692
vn -0.3058 -0.4565 -0.8355
vn -0.4331 -0.5041 0.7472
vn 0.2389 -0.6815 0.6917
vn 0.2361 -0.6802 0.6939
vn 0.2210 -0.6732 0.7056
vn 0.1096 0.8273 -0.5510
vn 0.1172 0.8272 -0.5495
vn 0.1215 0.8272 -0.5486
vn 0.2314 -0.8273 0.5120
vn 0.2148 -0.8272 0.5193
vn 0.2044 -0.8270 0.5237
vn -0.2750 -0.7407 0.6130
vn -0.1914 -0.7244 0.6623
vn 0.7250 -0.6836 0.0836
vn 0.6777 -0.7351 -0.0173
vn 0.6073 -0.7631 0.2210
vn 0.6081 -0.7700 0.1933
vn 0.6067 -0.7595 0.2346
vn -0.4091 -0.8898 -0.2023
vn 0.6453 -0.6556 -0.3922
vn 0.5922 -0.6385 -0.4915
vn -0.5560 -0.7505 -0.3571
vn -0.3492 -0.8935 -0.2823
vn -0.5456 -0.8115 -0.2095
vn -0.6274 -0.7425 0.2349
vn 0.2922 -0.5557 0.7784
vn -0.2166 0.6786 0.7018
vn -0.2194 0.6798 0.6998
vn -0.2366 0.6873 0.6868
vn -0.4783 -0.8717 0.1069
vn 0.3733 -0.6985 0.6106
vn 0.5964 -0.6943 -0.4028
vn 0.5992 -0.6932 -0.4006
vn 0.6141 -0.6871 -0.3883
vn 0.6961 -0.7122 0.0905
vn 0.2735 -0.4212 -0.8648
vn 0.5084 -0.6805 -0.5278
vn 0.5094 -0.6821 -0.5246
vn 0.5023 -0.6715 -0.5447
vn 0.5102 -0.8560 0.0835
vn 0.1190 -0.5862 -0.8014
vn 0.5849 0.6044 -0.5408
vn 0.5880 0.6028 -0.5393
vn 0.5661 0.6141 -0.5500
vn -0.3606 -0.6301 -0.6877
vn -0.7870 -0.5363 0.3049
vn -0.6257 0.7379 -0.2530
vn -0.6228 0.7400 -0.2540
vn -0.6049 0.7526 -0.2603
vn -0.2290 -0.7873 -0.5725
vn -0.6241 -0.7002 0.3468
vn -0.7267 -0.6815 0.0869
vn -0.7282 -0.6802 0.0837
vn -0.7364 -0.6732 0.0665
vn -0.4506 -0.6200 0.6423
vn 0.6265 -0.5753 0.5258
vn -0.4442 -0.6786 0.5850
vn -0.4461 -0.6798 0.5820
vn -0.4337 -0.6717 0.6006
vn -0.4227 -0.7758 0.4684
vn 0.5751 -0.7342 0.3608
vn -0.7129 -0.5208 0.4697
vn -0.7155 -0.5187 0.4680
vn -0.7296 -0.5074 0.4586
vn 0.7161 -0.6729 -0.1855
vn -0.2474 -0.6874 -0.6828
vn -0.1564 -0.6805 -0.7159
vn -0.1532 -0.6821 -0.7151
vn -0.1738 -0.6715 -0.7203
vn 0.5942 -0.8037 -0.0327
vn -0.2982 -0.8170 -0.4936
vn 0.4248 -0.6536 0.6264
vn 0.4231 -0.6519 0.6293
vn 0.4138 -0.6427 0.6448
vn -0.5538 -0.7184 -0.4209
vn -0.2897 -0.7198 0.6308
vn -0.1926 -0.6339 -0.7491
vn -0.1897 -0.6360 -0.7480
vn -0.2080 -0.6223 -0.7546
vn -0.3483 -0.8322 -0.4314
vn -0.1039 -0.8334 0.5428
vn -0.4760 -0.6815 -0.5559
vn -0.4742 -0.6802 -0.5590
vn -0.4644 -0.6732 -0.5754
vn 0.0370 -0.7373 0.6745
vn 0.6336 -0.7384 -0.2309
vn -0.7245 0.6786 0.1205
vn -0.7239 0.6798 0.1171
vn -0.7200 0.6873 0.0959
vn -0.1137 -0.8420 0.5274
vn 0.4392 -0.8428 -0.3111
vn -0.6977 0.6815 -0.2208
vn -0.6978 0.6802 -0.2243
vn -0.6969 0.6890 -0.1990
vn 0.2746 -0.7184 -0.6391
vn -0.6821 -0.7198 -0.1287
vn 0.5706 -0.6881 0.4482
vn 0.5676 -0.6897 0.4497
vn 0.5869 -0.6793 0.4405
vn 0.3344 -0.8322 -0.4422
vn -0.5519 -0.8334 0.0303
vn 0.1360 0.6815 -0.7191
vn 0.1395 0.6802 -0.7196
vn 0.1145 0.6890 -0.7157
vn -0.7234 -0.6508 0.2303
vn 0.2573 -0.6741 0.6924
vn -0.4040 0.6786 0.6134
vn -0.4061 0.6798 0.6107
vn -0.4190 0.6873 0.5934
vn -0.6102 -0.7885 0.0770
vn 0.2981 -0.8098 0.5053
vn -0.4376 0.6815 -0.5866
vn -0.4356 0.6802 -0.5895
vn -0.4497 0.6890 -0.5684
vn 0.6456 -0.7078 0.2869
vn 0.2608 -0.6380 -0.7245
vn -0.7793 -0.6236 0.0625
vn -0.7782 -0.6252 0.0593
vn -0.7849 -0.6145 0.0795
vn 0.4507 -0.8374 0.3092
vn 0.0946 -0.7727 -0.6277
vn -0.5712 0.6815 0.4575
vn -0.5742 0.6802 0.4556
vn -0.5526 0.6890 0.4689
vn -0.3174 -0.6996 -0.6402
vn -0.6693 -0.6364 0.3836
vn 0.4412 -0.6786 -0.5872
vn 0.4431 -0.6798 -0.5843
vn 0.4306 -0.6717 -0.6028
vn -0.1545 -0.8315 -0.5337
vn -0.4807 -0.7728 0.4145
vn 0.5197 -0.6815 -0.5153
vn 0.5228 -0.6802 -0.5138
vn 0.5399 -0.6732 -0.5052
vn -0.2779 -0.7184 0.6377
vn 0.6814 -0.7198 0.1322
vn -0.7664 0.6422 0.0165
vn -0.7652 0.6437 0.0134
vn -0.7575 0.6528 -0.0060
vn -0.3367 -0.8322 0.4405
vn 0.5520 -0.8334 -0.0275
vn -0.1013 0.6815 -0.7248
vn -0.0982 0.6802 -0.7264
vn -0.1206 0.6890 -0.7147
vn 0.6398 -0.7184 -0.2731
vn -0.4049 -0.7198 -0.5638
vn 0.7793 0.6236 -0.0625
vn 0.7782 0.6252 -0.0593
vn 0.7714 0.6351 -0.0399
vn 0.5472 -0.8322 -0.0893
vn -0.4203 -0.8334 -0.3589
vn -0.7307 -0.6815 0.0417
vn -0.7320 -0.6802 0.0384
vn -0.7391 -0.6732 0.0207
vn -0.6897 -0.7184 -0.0904
vn 0.0617 -0.7198 0.6914
vn 0.0192 0.6786 -0.7343
vn 0.0224 0.6798 -0.7330
vn 0.0425 0.6873 -0.7252
vn -0.5165 -0.8322 -0.2015
vn 0.1793 -0.8334 0.5228
vn -0.1360 -0.6815 0.7191
vn -0.1395 -0.6802 0.7196
vn -0.1584 -0.6732 0.7222
vn 0.1467 -0.7184 0.6800
vn 0.6304 -0.7198 -0.2905
vn -0.6589 0.6815 -0.3184
vn -0.6585 0.6802 -0.3219
vn -0.6612 0.6890 -0.2967
vn -0.0162 -0.8322 0.5542
vn 0.4322 -0.8334 -0.3446
vn 0.3473 0.5126 -0.7853
vn 0.3506 0.5110 -0.7848
vn 0.3265 0.5223 -0.7878
vn 0.2345 -0.7184 -0.6549
vn -0.6888 -0.7198 -0.0862
vn -0.7334 0.6786 -0.0406
vn -0.7320 0.6798 -0.0438
vn -0.7236 0.6873 -0.0637
vn 0.3064 -0.8322 -0.4621
vn -0.5489 -0.8334 0.0644
vn -0.5197 0.6815 0.5153
vn -0.5228 0.6802 0.5138
vn -0.5000 0.6890 0.5247
vn -0.5505 -0.7184 0.4253
vn 0.5337 -0.7198 0.4438
vn 0.6413 -0.6786 0.3581
vn 0.6387 -0.6798 0.3604
vn 0.6553 -0.6717 0.3455
vn -0.5071 -0.8322 0.2241
vn 0.4971 -0.8334 0.2416
vn -0.1397 -0.6815 -0.7184
vn -0.1367 -0.6802 -0.7202
vn -0.1201 -0.6732 -0.7296
vn 0.6703 -0.7184 0.1860
vn 0.0357 -0.7198 -0.6932
vn 0.6637 0.6920 -0.2840
vn 0.6640 0.6931 -0.2805
vn 0.6661 0.6996 -0.2587
vn 0.4832 -0.8322 0.2718
vn -0.1043 -0.8334 -0.5428
vn -0.5964 0.6943 0.4028
vn -0.5992 0.6932 0.4006
vn -0.5790 0.7009 0.4166
vn -0.4378 -0.7184 -0.5405
vn -0.4314 -0.7198 0.5438
vn -0.7636 -0.6154 -0.1956
vn -0.7614 -0.6174 -0.1977
vn -0.7753 -0.6043 -0.1837
vn -0.2357 -0.8322 -0.5019
vn -0.2301 -0.8334 0.5025
vn 0.5712 -0.6815 -0.4575
vn 0.5742 -0.6802 -0.4556
vn 0.5903 -0.6732 -0.4453
vn 0.4602 0.0101 -0.8878
vn 0.4620 0.0122 -0.8868
vn 0.4632 0.0137 -0.8862
vn 0.3773 0.6786 -0.6302
vn 0.3796 0.6798 -0.6275
vn 0.3932 0.6873 -0.6108
vn 0.0585 0.6786 0.7322
vn 0.0552 0.6798 0.7313
vn 0.0344 0.6873 0.7256
vn 0.6213 -0.6786 0.3917
vn 0.6186 -0.6798 0.3939
vn 0.6360 -0.6717 0.3798
vn 0.7223 -0.6815 -0.1179
vn 0.7240 -0.6802 -0.1148
vn 0.7329 -0.6732 -0.0980
vn 0.6413 0.6786 0.3581
vn 0.6387 0.6798 0.3604
vn 0.6224 0.6873 0.3745
vn -0.4760 0.6815 -0.5559
vn -0.4742 0.6802 -0.5590
vn -0.4868 0.6890 -0.5370
vn 0.7345 0.6786 -0.0049
vn 0.7334 0.6798 -0.0016
vn 0.7262 0.6873 0.0187
vn 0.3143 -0.6786 0.6638
vn 0.3109 -0.6798 0.6642
vn 0.3331 -0.6717 0.6617
vn -0.7223 0.6815 0.1179
vn -0.7240 0.6802 0.1148
vn -0.7117 0.6890 0.1370
vn -0.1397 0.6815 -0.7184
vn -0.1367 0.6802 -0.7202
vn -0.1585 0.6890 -0.7072
vn -0.4839 0.7184 0.4997
vn 0.5918 0.7198 0.3628
vn -0.4698 0.8322 0.2944
vn 0.5266 0.8334 0.1679
vn 0.6748 0.7184 -0.1689
vn -0.3110 0.7198 -0.6206
vn 0.5544 0.8322 -0.0020
vn -0.3585 0.8334 -0.4206
vn -0.6594 0.7184 -0.2214
vn -0.0725 0.7198 0.6904
vn -0.4681 0.8322 -0.2972
vn 0.0753 0.8334 0.5475
vn 0.2177 0.7184 0.6607
vn 0.5962 0.7198 -0.3555
vn -0.6213 0.6786 -0.3917
vn -0.6186 0.6798 -0.3939
vn -0.6016 0.6873 -0.4071
vn 0.0425 0.8322 0.5528
vn 0.3933 0.8334 -0.3883
vn 0.2062 0.7184 -0.6643
vn -0.6918 0.7198 -0.0566
vn 0.2863 0.8322 -0.4748
vn -0.5457 0.8334 0.0879
vn -0.3032 0.6815 0.6661
vn -0.3067 0.6802 0.6657
vn -0.2815 0.6890 0.6679
vn -0.6977 -0.6815 -0.2208
vn -0.6978 -0.6802 -0.2243
vn -0.6982 -0.6732 -0.2434
vn -0.0585 -0.6786 -0.7322
vn -0.0552 -0.6798 -0.7313
vn -0.0768 -0.6717 -0.7368
vn -0.3143 0.6786 -0.6638
vn -0.3109 0.6798 -0.6642
vn -0.2894 0.6873 -0.6663
vn 0.6703 0.7184 0.1860
vn 0.0357 0.7198 -0.6932
vn 0.4832 0.8322 0.2718
vn -0.1043 0.8334 -0.5428
vn -0.4378 0.7184 -0.5405
vn -0.4314 0.7198 0.5438
vn -0.2357 0.8322 -0.5019
vn -0.2301 0.8334 0.5025
vn 0.3032 -0.6815 -0.6661
vn 0.3067 -0.6802 -0.6657
vn 0.3257 -0.6732 -0.6638
vn 0.6211 -0.6786 -0.3920
vn 0.6219 -0.6798 -0.3886
vn 0.6168 -0.6717 -0.4103
vn 0.4839 -0.7184 -0.4997
vn -0.5918 -0.7198 -0.3628
vn -0.7345 -0.6786 0.0049
vn -0.7334 -0.6798 0.0016
vn -0.7405 -0.6717 0.0228
vn 0.4698 -0.8322 -0.2944
vn -0.5266 -0.8334 -0.1679
vn -0.6748 -0.7184 0.1689
vn 0.3110 -0.7198 0.6206
vn -0.6211 0.6786 0.3920
vn -0.6219 0.6798 0.3886
vn -0.6265 0.6873 0.3675
vn -0.5544 -0.8322 0.0020
vn 0.3585 -0.8334 0.4206
vn -0.1013 -0.6815 -0.7248
vn -0.0982 -0.6802 -0.7264
vn -0.0811 -0.6732 -0.7350
vn 0.6594 -0.7184 0.2214
vn 0.0725 -0.7198 -0.6904
vn -0.3773 -0.6786 0.6302
vn -0.3796 -0.6798 0.6275
vn -0.3651 -0.6717 0.6446
vn 0.4681 -0.8322 0.2972
vn -0.0753 -0.8334 -0.5475
vn -0.2177 -0.7184 -0.6607
vn -0.5962 -0.7198 0.3555
vn -0.0425 -0.8322 -0.5528
vn -0.3933 -0.8334 0.3883
vn -0.2062 -0.7184 0.6643
vn 0.6918 -0.7198 0.0566
vn -0.2863 -0.8322 0.4748
vn 0.5457 -0.8334 -0.0879
vn 0.4760 -0.6815 0.5559
vn 0.4742 -0.6802 0.5590
vn 0.4644 -0.6732 0.5754
vn 0.6977 0.6815 0.2208
vn 0.6978 0.6802 0.2243
vn 0.6969 0.6890 0.1990
vn -0.5197 -0.6815 0.5153
vn -0.5228 -0.6802 0.5138
vn -0.5399 -0.6732 0.5052
vn 0.1013 0.6815 0.7248
vn 0.0982 0.6802 0.7264
vn 0.1206 0.6890 0.7147
vn 0.5197 0.6815 -0.5153
vn 0.5228 0.6802 -0.5138
vn 0.5000 0.6890 -0.5247
vn -0.6413 -0.6786 -0.3581
vn -0.6387 -0.6798 -0.3604
vn -0.6553 -0.6717 -0.3455
vn 0.1397 -0.6815 0.7184
vn 0.1367 -0.6802 0.7202
vn 0.1201 -0.6732 0.7296
vn -0.6703 -0.7184 -0.1860
vn -0.0357 -0.7198 0.6932
vn -0.4832 -0.8322 -0.2718
vn 0.1043 -0.8334 0.5428
vn 0.4378 -0.7184 0.5405
vn 0.4314 -0.7198 -0.5438
vn 0.2357 -0.8322 0.5019
vn 0.2301 -0.8334 -0.5025
vn -0.1053 -0.8273 0.5518
vn 0.1461 0.0229 -0.9890
vn 0.3620 0.0338 -0.9316
vn -0.2419 0.8272 -0.5072
vn 0.9936 -0.0270 -0.1100
vn -0.4306 0.6717 0.6028
vn -0.1064 0.6732 0.7317
vn -0.6687 -0.6873 -0.2837
vn 0.1080 -0.5748 0.8112
vn -0.5173 -0.8273 0.2191
vn 0.5561 -0.8272 0.0806
vn -0.4868 0.7733 0.4063
vn -0.3651 0.6717 0.6446
vn -0.3265 -0.5223 0.7878
vn -0.0768 0.6717 -0.7368
vn -0.7718 -0.6141 -0.1651
vn -0.6016 -0.6873 -0.4071
vn -0.7117 -0.6890 0.1370
vn -0.6553 0.6717 -0.3455
vn 0.4644 0.6732 0.5754
vn -0.7405 0.6717 0.0228
vn 0.7364 0.6732 -0.0665
vn -0.5909 -0.6297 0.5043
vn -0.6587 -0.6890 0.3024
vn -0.2894 -0.6873 -0.6663
vn -0.7333 0.5494 -0.4006
vn -0.3958 0.6758 -0.6218
vn -0.7861 -0.5333 -0.3125
vn -0.3991 -0.7521 -0.5244
vn 0.6114 -0.7339 -0.2960
vn 0.5208 -0.6487 -0.5549
vn 0.7329 0.6732 -0.0980
vn 0.5835 0.6043 -0.5426
vn 0.1201 0.6732 0.7296
vn 0.1738 0.6715 0.7203
vn -0.7392 0.6732 0.0170
vn -0.1356 -0.6873 -0.7136
vn -0.4455 0.5022 -0.7412
vn -0.5118 0.6223 0.5922
vn 0.4736 -0.5223 0.7091
vn 0.7403 0.6717 0.0269
vn -0.4138 0.6427 -0.6448
vn 0.6049 -0.7526 0.2603
vn -0.5653 -0.6890 -0.4536
vn -0.0761 -0.6992 0.7108
vn -0.2719 -0.7339 0.6225
vn 0.6360 0.6717 0.3798
vn 0.6680 -0.7009 0.2500
vn 0.4190 -0.6873 -0.5934
vn -0.6640 0.6871 -0.2949
vn 0.9936 0.0148 -0.1120
vn -0.6430 0.0464 -0.7645
vn -0.9030 -0.0393 0.4278
vn 0.2605 -0.0194 0.9653
vn -0.9936 0.0270 0.1100
vn 0.1196 -0.7526 0.6476
vn 0.3169 0.7220 -0.6151
vn -0.1506 0.7264 -0.6706
vn -0.6408 0.7220 0.2610
vn 0.5173 0.8273 -0.2191
vn 0.6692 0.6717 -0.3178
vn 0.4868 -0.7733 -0.4063
vn -0.4683 0.6758 0.5692
vn 0.4497 -0.6890 0.5684
vn -0.6727 -0.6873 0.2740
vn -0.4526 -0.6890 -0.5661
vn -0.4396 -0.6873 -0.5783
vn 0.2659 -0.6707 -0.6924
vn 0.2080 0.6223 0.7546
vn 0.7772 0.5940 0.2074
vn -0.1680 -0.6872 -0.7068
vn -0.4280 -0.6707 -0.6057
vn 0.7753 0.6043 0.1837
vn -0.6686 -0.7339 0.1198
vn -0.4618 -0.6351 -0.6192
vn 0.3257 0.6732 -0.6638
vn 0.4404 0.7308 0.5215
vn -0.8347 0.3704 0.4075
vn 0.3527 -0.6872 0.6351
vn -0.0743 0.5494 -0.8323
vn 0.7575 -0.6528 0.0060
vn 0.0753 -0.6134 -0.7862
vn -0.1549 -0.6996 0.6976
vn -0.1249 0.3704 0.9204
vn -0.5869 0.6793 -0.4405
vn 0.7224 -0.6890 -0.0581
vn 0.4337 0.6717 -0.6006
vn 0.6969 -0.6890 0.1990
vn 0.0344 -0.6873 0.7256
vn 0.5493 0.6732 0.4950
vn -0.5200 0.6717 -0.5277
vn -0.3088 0.6513 0.6932
vn 0.7200 -0.6873 -0.0959
vn -0.7269 0.5938 0.3450
vn 0.3331 0.6717 0.6617
vn 0.0848 -0.3945 -0.9150
vn 0.1792 0.6717 0.7188
vn 0.4279 0.6732 0.6030
vn -0.5023 0.6715 0.5447
vn -0.2815 -0.6890 0.6679
vn -0.9936 -0.0148 0.1120
vn -0.1461 -0.0229 0.9890
vn -0.9710 -0.1010 0.2168
vn -0.9474 0.0113 -0.3198
vn 0.6430 -0.0464 0.7645
vn 0.7236 -0.6873 0.0637
vn 0.6885 0.6732 -0.2695
vn 0.2132 0.6758 0.7056
vn 0.6612 -0.6890 0.2967
vn -0.2605 0.0194 -0.9653
vn -0.5561 0.8272 -0.0806
vn 0.9746 0.0580 -0.2163
vn 0.4158 -0.6528 0.6332
vn 0.6874 0.7220 -0.0783
vn 0.0402 0.6793 -0.7327
vn 0.7391 0.6732 -0.0207
vn 0.5022 0.6145 0.6084
vn 0.7866 0.5074 0.3518
vn -0.6661 -0.6996 0.2587
vn 0.7296 0.5074 -0.4586
vn 0.2366 -0.6873 -0.6868
vn 0.3062 0.6427 -0.7023
vn -0.6578 -0.7521 0.0405
vn -0.2210 0.6732 -0.7056
vn -0.4573 0.6337 -0.6239
vn 0.4048 0.6513 0.6419
vn 0.6783 0.7308 -0.0764
vn -0.5661 -0.6141 0.5500
vn -0.7233 -0.6873 -0.0674
vn 0.4639 0.6732 -0.5758
vn 0.4798 -0.6873 0.5454
vn -0.2641 -0.6636 0.6999
vn 0.4809 0.6717 0.5635
vn -0.1170 0.5938 0.7960
vn -0.6265 -0.6873 0.3675
vn -0.4216 -0.6890 0.5895
vn 0.6972 0.6717 0.2504
vn 0.7344 -0.5748 0.3609
vn -0.0425 -0.6873 0.7252
vn 0.6955 -0.6134 -0.3742
vn 0.7262 -0.6873 0.0187
vn -0.6083 0.7733 -0.1790
vn 0.6168 0.6717 -0.4103
vn 0.1206 -0.6890 0.7147
vn 0.3932 -0.6873 -0.6108
vn 0.0936 -0.7339 -0.6728
vn -0.3322 -0.6872 0.6461
vn 0.8079 -0.3945 -0.4378
vn 0.1156 0.6860 -0.7184
vn 0.0631 -0.6890 -0.7220
vn -0.4589 -0.0086 0.8884
vn 0.9030 0.0393 -0.4278
vn -0.3604 -0.0590 0.9309
vn 0.9474 -0.0113 0.3198
vn 0.2971 0.6758 -0.6746
vn -0.1390 0.7220 0.6778
vn 0.4943 -0.6872 -0.5324
vn 0.2559 -0.6890 0.6781
vn 0.1053 0.8273 -0.5518
vn 0.2419 -0.8272 0.5072
vn 0.6083 -0.7733 0.1790
vn -0.2013 0.6717 0.7129
vn 0.5790 -0.7009 -0.4166
vn 0.5160 -0.6918 -0.5051
vn 0.6043 0.5940 -0.5310
vn -0.6412 0.7264 -0.2474
vn -0.7169 -0.6890 0.1064
vn -0.4578 -0.6873 0.5639
vn -0.6965 -0.5333 0.4800
vn -0.1333 -0.6918 -0.7096
vn 0.4352 -0.6636 0.6084
vn -0.1720 -0.6487 -0.7413
vn -0.4868 -0.6890 -0.5370
vn -0.7276 0.6717 0.1392
vn -0.6982 0.6732 -0.2434
vn 0.5487 -0.6992 0.4582
vn 0.1584 0.6732 -0.7222
vn -0.3924 0.6717 0.6283
vn -0.4248 0.6732 -0.6052
vn -0.7714 -0.6351 0.0399
vn -0.5903 0.6732 0.4453
vn 0.4549 -0.6873 -0.5663
vn 0.5000 -0.6890 -0.5247
vn -0.7728 0.6337 0.0336
vn -0.0811 0.6732 -0.7350
vn 0.7849 0.6145 -0.0795
vn -0.7221 -0.6890 0.0618
vn 0.0015 0.6717 -0.7408
vn -0.1145 -0.6890 0.7157
vn -0.6562 0.6732 -0.3409
vn 0.3687 0.5022 -0.7822
vn -0.7404 0.6717 -0.0231
vn -0.5399 0.6732 0.5052
vn 0.6224 -0.6873 0.3745
vn -0.1585 -0.6890 -0.7072
vn 0.6615 0.6860 -0.3030
vn -0.6141 0.6871 0.3883
vn -0.7476 -0.6297 -0.2111
vn 0.5526 -0.6890 -0.4689
vn 0.4589 0.0086 -0.8884
vn 0.3651 0.6717 -0.6446
vn 0.0768 0.6717 0.7368
vn 0.6016 -0.6873 0.4071
vn 0.7117 -0.6890 -0.1370
vn 0.6553 0.6717 0.3455
vn -0.4644 0.6732 -0.5754
vn 0.7405 0.6717 -0.0228
vn 0.2894 -0.6873 0.6663
vn -0.7329 0.6732 0.0980
vn -0.1201 0.6732 -0.7296
vn -0.6360 0.6717 -0.3798
vn -0.3257 0.6732 0.6638
vn -0.6969 -0.6890 -0.1990
vn -0.0344 -0.6873 -0.7256
vn -0.3331 0.6717 -0.6617
vn 0.2815 -0.6890 -0.6679
vn 0.6265 -0.6873 -0.3675
vn -0.7262 -0.6873 -0.0187
vn -0.6168 0.6717 0.4103
vn -0.1206 -0.6890 -0.7147
vn -0.3932 -0.6873 0.6108
vn 0.4868 -0.6890 0.5370
vn 0.6982 0.6732 0.2434
vn -0.5000 -0.6890 0.5247
vn 0.0811 0.6732 0.7350
vn 0.5399 0.6732 -0.5052
vn -0.6224 -0.6873 -0.3745
vn 0.1585 -0.6890 0.7072
s 1
f 1/1/1 3/2/2 4/3/3
f 3/2/4 6/4/5 4/3/6
f 6/5/7 7/6/8 8/7/9
f 8/7/10 9/8/11 10/9/12
f 9/8/13 12/10/14 10/9/15
f 12/10/16 13/11/17 14/12/18
f 5/13/19 15/14/20 16/15/21
f 18/16/22 1/1/23 17/17/24
f 13/11/25 17/17/26 14/12/27
f 8/18/28 12/19/28 6/20/28
f 19/21/29 21/22/30 22/23/31
f 11/24/32 24/25/33 13/11/34
f 9/8/35 23/26/36 11/24/37
f 7/6/38 25/27/39 9/8/40
f 2/28/41 27/29/42 28/30/43
f 3/2/2 28/30/44 15/14/45
f 5/31/46 26/32/47 7/6/48
f 18/16/49 24/25/50 27/29/50
f 29/33/51 31/34/52 32/35/53
f 24/25/54 29/33/55 33/36/56
f 15/14/57 34/37/58 20/38/59
f 26/32/60 16/39/60 19/40/60
f 34/37/61 35/41/62 36/42/63
f 25/27/64 29/33/65 23/26/66
f 26/32/67 30/43/68 25/27/69
f 16/15/70 20/38/71 19/21/72
f 28/30/73 33/36/74 34/37/75
f 27/29/76 24/25/76 33/36/76
f 29/33/77 35/41/78 33/36/79
f 34/37/80 21/22/81 20/38/82
f 19/40/83 31/34/84 30/43/85
f 32/35/86 37/44/87 38/45/88
f 36/42/89 40/46/90 21/22/91
f 22/23/92 40/46/93 37/47/94
f 31/34/95 22/48/95 37/44/95
f 35/41/96 38/45/97 39/49/98
f 36/42/99 35/41/99 39/49/99
f 39/49/100 38/45/100 41/50/100
f 38/45/101 37/44/101 41/50/101
f 37/47/102 40/46/102 41/50/102
f 40/46/103 39/49/103 41/50/103
f 1/1/1 2/28/104 3/2/2
f 3/2/4 5/13/105 6/4/5
f 6/5/7 5/31/106 7/6/8
f 8/7/10 7/6/107 9/8/11
f 9/8/13 11/24/108 12/10/14
f 12/10/16 11/24/109 13/11/17
f 5/13/19 3/2/110 15/14/20
f 18/16/22 2/28/111 1/1/23
f 13/11/25 18/16/112 17/17/26
f 17/51/28 1/52/28 4/53/28
f 4/53/28 6/20/28 14/54/28
f 8/18/28 10/55/28 12/19/28
f 12/19/28 14/54/28 6/20/28
f 17/51/28 4/53/28 14/54/28
f 19/21/29 20/38/113 21/22/30
f 11/24/32 23/26/114 24/25/33
f 9/8/35 25/27/115 23/26/36
f 7/6/38 26/32/116 25/27/39
f 2/28/41 18/16/117 27/29/42
f 3/2/2 2/28/104 28/30/44
f 5/31/46 16/39/118 26/32/47
f 18/16/49 13/11/49 24/25/50
f 29/33/51 30/43/119 31/34/52
f 24/25/54 23/26/120 29/33/55
f 15/14/57 28/30/121 34/37/58
f 34/37/61 33/36/122 35/41/62
f 25/27/64 30/43/123 29/33/65
f 26/32/67 19/40/124 30/43/68
f 16/15/70 15/14/125 20/38/71
f 28/30/73 27/29/126 33/36/74
f 29/33/77 32/35/127 35/41/78
f 34/37/80 36/42/128 21/22/81
f 19/40/83 22/48/129 31/34/84
f 32/35/86 31/34/130 37/44/87
f 36/42/89 39/49/131 40/46/90
f 22/23/92 21/22/132 40/46/93
f 35/41/96 32/35/133 38/45/97
f 42/56/134 44/57/135 45/58/136
f 47/59/137 49/60/138 46/61/139
f 50/62/140 51/63/140 52/64/140
f 46/61/141 54/65/142 47/59/143
f 55/66/144 56/67/144 57/68/144
f 59/69/145 61/70/146 58/71/147
f 63/72/148 65/73/149 62/74/150
f 66/75/151 67/76/151 68/77/151
f 69/78/152 66/75/152 70/79/152
f 71/80/153 69/78/153 70/79/153
f 72/81/154 71/80/154 73/82/154
f 74/83/155 75/84/155 76/85/155
f 74/83/156 76/85/156 77/86/156
f 79/87/157 81/88/158 78/89/159
f 74/83/160 82/90/160 83/91/160
f 84/92/161 82/90/161 74/83/161
f 86/93/162 88/94/163 85/95/164
f 89/96/165 90/97/165 91/98/165
f 89/96/166 91/98/166 92/99/166
f 94/100/167 96/101/168 93/102/169
f 89/96/170 97/103/170 98/104/170
f 99/105/171 97/103/171 89/96/171
f 101/106/172 103/107/173 100/108/174
f 104/109/175 106/110/176 107/111/177
f 109/112/178 44/57/179 108/113/180
f 110/114/181 111/115/181 112/116/181
f 59/69/182 113/117/182 110/114/182
f 58/71/183 113/117/183 59/69/183
f 61/70/184 114/118/184 58/71/184
f 115/119/185 117/120/186 118/121/187
f 119/122/188 120/123/188 121/124/188
f 122/125/189 123/126/189 124/127/189
f 119/122/190 125/128/190 122/125/190
f 126/129/191 125/128/191 119/122/191
f 126/129/192 119/122/192 121/124/192
f 121/124/193 127/130/193 126/129/193
f 128/131/194 129/132/194 130/133/194
f 128/131/195 130/133/195 131/134/195
f 133/135/196 135/136/197 132/137/198
f 128/131/199 136/138/199 137/139/199
f 138/140/200 136/138/200 128/131/200
f 140/141/201 142/142/202 139/143/203
f 143/144/204 144/145/204 145/146/204
f 143/144/205 145/146/205 146/147/205
f 148/148/206 150/149/207 147/150/208
f 143/144/209 151/151/209 152/152/209
f 153/153/210 151/151/210 143/144/210
f 155/154/211 157/155/212 154/156/213
f 158/157/214 159/158/214 160/159/214
f 158/157/215 160/159/215 161/160/215
f 163/161/216 165/162/217 162/163/218
f 158/157/219 166/164/219 167/165/219
f 168/166/220 166/164/220 158/157/220
f 170/167/221 172/168/222 169/169/223
f 173/170/224 174/171/224 175/172/224
f 173/170/225 175/172/225 176/173/225
f 178/174/226 180/175/227 177/176/228
f 173/170/229 181/177/229 182/178/229
f 183/179/230 181/177/230 173/170/230
f 185/180/231 187/181/232 184/182/233
f 188/183/234 189/184/234 190/185/234
f 188/183/235 190/185/235 191/186/235
f 187/181/236 194/187/237 192/188/238
f 188/183/239 195/189/239 196/190/239
f 197/191/240 195/189/240 188/183/240
f 199/192/241 201/193/242 198/194/243
f 202/195/244 203/196/244 204/197/244
f 202/195/245 204/197/245 205/198/245
f 207/199/246 209/200/247 206/201/248
f 202/195/249 210/202/249 211/203/249
f 212/204/250 210/202/250 202/195/250
f 214/205/251 216/206/252 213/207/253
f 217/208/254 218/209/254 219/210/254
f 217/208/255 219/210/255 220/211/255
f 222/212/256 224/213/257 221/214/258
f 217/208/259 225/215/259 226/216/259
f 227/217/260 225/215/260 217/208/260
f 229/218/261 231/219/262 228/220/263
f 232/221/264 233/222/264 234/223/264
f 232/221/265 234/223/265 235/224/265
f 237/225/266 239/226/267 236/227/268
f 232/221/269 240/228/269 241/229/269
f 242/230/270 240/228/270 232/221/270
f 244/231/271 246/232/272 243/233/273
f 247/234/274 248/235/274 249/236/274
f 247/234/275 249/236/275 250/237/275
f 142/142/276 253/238/277 251/239/278
f 247/234/279 254/240/279 255/241/279
f 256/242/280 254/240/280 247/234/280
f 258/243/281 260/244/282 257/245/283
f 261/246/284 262/247/284 263/248/284
f 261/246/285 263/248/285 264/249/285
f 246/232/286 267/250/287 265/251/288
f 261/246/289 268/252/289 269/253/289
f 270/254/290 268/252/290 261/246/290
f 272/255/291 133/135/292 271/256/293
f 274/257/294 275/258/294 276/259/294
f 274/257/295 276/259/295 277/260/295
f 231/219/296 280/261/297 278/262/298
f 274/257/299 281/263/299 282/264/299
f 283/265/300 281/263/300 274/257/300
f 285/266/301 178/174/302 284/267/303
f 287/268/304 288/269/304 289/270/304
f 287/268/305 289/270/305 290/271/305
f 292/272/306 294/273/307 291/274/308
f 287/268/309 295/275/309 296/276/309
f 297/277/310 295/275/310 287/268/310
f 299/278/311 301/279/312 298/280/313
f 88/94/314 302/281/314 303/282/314
f 88/94/315 303/282/315 85/95/315
f 305/283/316 307/284/317 304/285/318
f 88/94/319 308/286/319 309/287/319
f 87/288/320 308/286/320 88/94/320
f 311/289/321 313/290/322 310/291/323
f 314/292/324 315/293/324 316/294/324
f 314/292/325 316/294/325 317/295/325
f 158/157/326 318/296/327 159/158/328
f 314/292/329 319/297/329 320/298/329
f 321/299/330 319/297/330 314/292/330
f 323/300/331 325/301/332 322/302/333
f 326/303/334 327/304/334 328/305/334
f 326/303/335 328/305/335 329/306/335
f 287/268/336 330/307/337 288/269/338
f 326/303/339 331/308/339 332/309/339
f 333/310/340 331/308/340 326/303/340
f 335/311/341 337/312/342 334/313/343
f 187/181/344 192/188/344 338/314/344
f 187/181/345 338/314/345 184/182/345
f 340/315/346 342/316/347 339/317/348
f 187/181/349 343/318/349 193/319/349
f 186/320/350 343/318/350 187/181/350
f 345/321/351 347/322/352 344/323/353
f 348/324/354 349/325/354 350/326/354
f 348/324/355 350/326/355 351/327/355
f 353/328/356 355/329/357 352/330/358
f 348/324/359 356/331/359 357/332/359
f 358/333/360 356/331/360 348/324/360
f 360/334/361 362/335/362 359/336/363
f 148/148/364 147/150/364 363/337/364
f 148/148/365 363/337/365 364/338/365
f 348/324/366 365/339/367 349/325/368
f 148/148/369 366/340/369 149/341/369
f 367/342/370 366/340/370 148/148/370
f 369/343/371 371/344/372 368/345/373
f 133/135/374 132/137/374 372/346/374
f 133/135/375 372/346/375 271/256/375
f 374/347/376 376/348/377 373/349/378
f 133/135/379 377/350/379 134/351/379
f 273/352/380 377/350/380 133/135/380
f 378/353/381 217/208/382 220/211/383
f 379/354/384 381/355/385 382/356/386
f 384/357/387 386/358/388 383/359/389
f 387/360/390 388/361/390 389/362/390
f 55/66/391 391/363/392 56/67/393
f 392/364/394 393/365/394 394/366/394
f 67/76/395 69/78/396 395/367/397
f 397/368/398 399/369/399 396/370/400
f 400/371/401 401/372/401 402/373/401
f 65/73/402 400/371/402 403/374/402
f 62/74/403 65/73/403 403/374/403
f 63/72/404 62/74/404 404/375/404
f 237/225/405 236/227/405 405/376/405
f 237/225/406 405/376/406 406/377/406
f 408/378/407 410/379/408 407/380/409
f 237/225/410 411/381/410 238/382/410
f 412/383/411 411/381/411 237/225/411
f 414/384/412 416/385/413 413/386/414
f 416/385/415 417/387/415 418/388/415
f 416/385/416 418/388/416 413/386/416
f 143/144/417 419/389/418 144/145/419
f 416/385/420 420/390/420 421/391/420
f 415/392/421 420/390/421 416/385/421
f 422/393/422 74/83/423 77/86/424
f 59/69/425 112/116/426 60/394/427
f 424/395/428 426/396/429 423/397/430
f 427/398/431 428/399/431 429/400/431
f 430/401/432 431/402/432 427/398/432
f 432/403/433 431/402/433 430/401/433
f 433/404/434 434/405/434 432/403/434
f 435/406/435 437/407/436 438/408/437
f 115/119/438 118/121/438 439/409/438
f 116/410/439 440/411/439 117/120/439
f 115/119/440 441/412/440 116/410/440
f 442/413/441 441/412/441 115/119/441
f 442/413/442 115/119/442 439/409/442
f 439/409/443 443/414/443 442/413/443
f 313/290/444 444/415/444 445/416/444
f 313/290/445 445/416/445 310/291/445
f 89/96/446 446/417/447 90/97/448
f 313/290/449 447/418/449 448/419/449
f 312/420/450 447/418/450 313/290/450
f 450/421/451 452/422/452 449/423/453
f 453/424/454 454/425/454 455/426/454
f 453/424/455 455/426/455 456/427/455
f 458/428/456 460/429/457 457/430/458
f 453/424/459 461/431/459 462/432/459
f 463/433/460 461/431/460 453/424/460
f 465/434/461 467/435/462 464/436/463
f 468/437/464 469/438/464 470/439/464
f 468/437/465 470/439/465 471/440/465
f 473/441/466 475/442/467 472/443/468
f 468/437/469 476/444/469 477/445/469
f 478/446/470 476/444/470 468/437/470
f 480/447/471 482/448/472 479/449/473
f 231/219/474 278/262/474 483/450/474
f 231/219/475 483/450/475 228/220/475
f 468/437/476 484/451/477 469/438/478
f 231/219/479 485/452/479 279/453/479
f 230/454/480 485/452/480 231/219/480
f 486/455/481 274/257/482 277/260/483
f 487/456/484 488/457/484 489/458/484
f 487/456/485 489/458/485 490/459/485
f 362/335/486 493/460/487 491/461/488
f 487/456/489 494/462/489 495/463/489
f 496/464/490 494/462/490 487/456/490
f 498/465/491 500/466/492 497/467/493
f 501/468/494 502/469/494 503/470/494
f 501/468/495 503/470/495 504/471/495
f 173/170/496 505/472/497 174/171/498
f 501/468/499 506/473/499 507/474/499
f 508/475/500 506/473/500 501/468/500
f 510/476/501 512/477/502 509/478/503
f 513/479/504 514/480/504 515/481/504
f 513/479/505 515/481/505 516/482/505
f 518/483/506 520/484/507 517/485/508
f 513/479/509 521/486/509 522/487/509
f 523/488/510 521/486/510 513/479/510
f 525/489/511 527/490/512 524/491/513
f 79/87/514 78/89/514 528/492/514
f 79/87/515 528/492/515 529/493/515
f 128/131/516 530/494/517 129/132/518
f 79/87/519 531/495/519 80/496/519
f 532/497/520 531/495/520 79/87/520
f 533/498/521 143/144/522 146/147/523
f 337/312/524 534/499/524 535/500/524
f 337/312/525 535/500/525 334/313/525
f 537/501/526 539/502/527 536/503/528
f 337/312/529 540/504/529 541/505/529
f 336/506/530 540/504/530 337/312/530
f 542/507/531 173/170/532 176/173/533
f 543/508/534 544/509/534 545/510/534
f 543/508/535 545/510/535 546/511/535
f 500/466/536 549/512/537 547/513/538
f 543/508/539 550/514/539 551/515/539
f 552/516/540 550/514/540 543/508/540
f 554/517/541 556/518/542 553/519/543
f 292/272/544 291/274/544 557/520/544
f 292/272/545 557/520/545 558/521/545
f 560/522/546 562/523/547 559/524/548
f 292/272/549 563/525/549 293/526/549
f 564/527/550 563/525/550 292/272/550
f 565/528/551 453/424/552 456/427/553
f 301/279/554 566/529/554 567/530/554
f 301/279/555 567/530/555 298/280/555
f 543/508/556 568/531/557 544/509/558
f 301/279/559 569/532/559 570/533/559
f 300/534/560 569/532/560 301/279/560
f 572/535/561 574/536/562 571/537/563
f 575/538/564 576/539/564 577/540/564
f 575/538/565 577/540/565 578/541/565
f 301/279/566 579/542/567 566/529/568
f 575/538/569 580/543/569 581/544/569
f 582/545/570 580/543/570 575/538/570
f 584/546/571 586/547/572 583/548/573
f 587/549/574 588/550/574 589/551/574
f 587/549/575 589/551/575 590/552/575
f 592/553/576 594/554/577 591/555/578
f 587/549/579 595/556/579 596/557/579
f 597/558/580 595/556/580 587/549/580
f 598/559/581 575/538/582 578/541/583
f 599/560/584 600/561/584 601/562/584
f 599/560/585 601/562/585 602/563/585
f 88/94/586 603/564/587 302/281/588
f 599/560/589 604/565/589 605/566/589
f 606/567/590 604/565/590 599/560/590
f 607/568/591 188/183/592 191/186/593
f 201/193/594 608/569/594 609/570/594
f 201/193/595 609/570/595 198/194/595
f 347/322/596 612/571/597 610/572/598
f 201/193/599 613/573/599 614/574/599
f 200/575/600 613/573/600 201/193/600
f 615/576/601 261/246/602 264/249/603
f 424/395/604 423/397/604 616/577/604
f 424/395/605 616/577/605 617/578/605
f 527/490/606 620/579/607 618/580/608
f 424/395/609 621/581/609 425/582/609
f 622/583/610 621/581/610 424/395/610
f 624/584/611 340/315/612 623/585/613
f 178/174/614 177/176/614 626/586/614
f 178/174/615 626/586/615 284/267/615
f 314/292/616 627/587/617 315/293/618
f 178/174/619 628/588/619 179/589/619
f 286/590/620 628/588/620 178/174/620
f 629/591/621 232/221/622 235/224/623
f 527/490/624 618/580/624 630/592/624
f 527/490/625 630/592/625 524/491/625
f 274/257/626 631/593/627 275/258/628
f 527/490/629 632/594/629 619/595/629
f 526/596/630 632/594/630 527/490/630
f 634/597/631 222/212/632 633/598/633
f 51/63/634 391/363/635 390/599/636
f 392/364/637 637/600/638 393/365/639
f 380/601/640 638/602/640 381/355/640
f 56/67/641 50/62/642 639/603/643
f 640/604/644 641/605/644 642/606/644
f 397/368/645 644/607/646 398/608/647
f 72/81/648 69/78/649 71/80/650
f 645/609/651 646/610/651 647/611/651
f 384/357/652 648/612/652 645/609/652
f 383/359/653 648/612/653 384/357/653
f 386/358/654 649/613/654 383/359/654
f 260/244/655 650/614/655 651/615/655
f 260/244/656 259/616/656 650/614/656
f 467/435/657 654/617/658 652/618/659
f 260/244/660 655/619/660 656/620/660
f 257/245/661 260/244/661 656/620/661
f 657/621/662 202/195/663 205/198/664
f 512/477/665 658/622/665 659/623/665
f 512/477/666 511/624/666 658/622/666
f 416/385/667 660/625/668 417/387/669
f 512/477/670 661/626/670 662/627/670
f 509/478/671 512/477/671 662/627/671
f 664/628/672 458/428/673 663/629/674
f 384/357/675 647/611/676 385/630/677
f 430/401/678 433/404/679 432/403/680
f 105/631/681 104/109/681 667/632/681
f 106/110/682 105/631/682 668/633/682
f 669/634/683 106/110/683 668/633/683
f 670/635/684 669/634/684 671/636/684
f 642/606/685 380/601/686 379/354/687
f 673/637/688 674/638/688 675/639/688
f 676/640/689 677/641/689 678/642/689
f 673/637/690 676/640/690 679/643/690
f 680/644/691 673/637/691 679/643/691
f 680/644/692 674/638/692 673/637/692
f 674/638/693 680/644/693 681/645/693
f 142/142/694 682/646/694 252/647/694
f 142/142/695 141/648/695 682/646/695
f 482/448/696 685/649/697 683/650/698
f 142/142/699 251/239/699 686/651/699
f 139/143/700 142/142/700 686/651/700
f 687/652/701 89/96/702 92/99/703
f 408/378/704 688/653/704 409/654/704
f 408/378/705 689/655/705 688/653/705
f 261/246/706 690/656/707 262/247/708
f 408/378/709 407/380/709 691/657/709
f 692/658/710 408/378/710 691/657/710
f 693/659/711 79/87/712 529/493/713
f 246/232/714 694/660/714 266/661/714
f 246/232/715 245/662/715 694/660/715
f 247/234/716 695/663/717 248/235/718
f 246/232/719 265/251/719 696/664/719
f 243/233/720 246/232/720 696/664/720
f 697/665/721 158/157/722 161/160/723
f 103/107/724 698/666/724 699/667/724
f 103/107/725 102/668/725 698/666/725
f 371/344/726 702/669/727 700/670/728
f 103/107/729 703/671/729 704/672/729
f 100/108/730 103/107/730 704/672/730
f 705/673/731 468/437/732 471/440/733
f 482/448/734 706/674/734 684/675/734
f 482/448/735 481/676/735 706/674/735
f 216/206/736 709/677/737 707/678/738
f 482/448/739 683/650/739 710/679/739
f 479/449/740 482/448/740 710/679/740
f 711/680/741 247/234/742 250/237/743
f 216/206/744 712/681/744 708/682/744
f 216/206/745 215/683/745 712/681/745
f 325/301/746 715/684/747 713/685/748
f 216/206/749 707/678/749 716/686/749
f 213/207/750 216/206/750 716/686/750
f 717/687/751 587/549/752 590/552/753
f 371/344/754 718/688/754 701/689/754
f 371/344/755 370/690/755 718/688/755
f 188/183/756 719/691/757 189/184/758
f 371/344/759 700/670/759 720/692/759
f 368/345/760 371/344/760 720/692/760
f 721/693/761 487/456/762 490/459/763
f 467/435/764 722/694/764 653/695/764
f 467/435/765 466/696/765 722/694/765
f 313/290/766 723/697/767 444/415/768
f 467/435/769 652/618/769 724/698/769
f 464/436/770 467/435/770 724/698/770
f 726/699/771 728/700/772 725/701/773
f 518/483/774 729/702/774 519/703/774
f 518/483/775 730/704/775 729/702/775
f 452/422/776 733/705/777 731/706/778
f 518/483/779 517/485/779 734/707/779
f 735/708/780 518/483/780 734/707/780
f 736/709/781 314/292/782 317/295/783
f 353/328/784 737/710/784 354/711/784
f 353/328/785 738/712/785 737/710/785
f 740/713/786 742/714/787 739/715/788
f 353/328/789 352/330/789 743/716/789
f 744/717/790 353/328/790 743/716/790
f 745/718/791 518/483/792 735/708/793
f 157/155/794 746/719/794 747/720/794
f 157/155/795 156/721/795 746/719/795
f 501/468/796 748/722/797 502/469/798
f 157/155/799 749/723/799 750/724/799
f 154/156/800 157/155/800 750/724/800
f 751/725/801 543/508/802 546/511/803
f 452/422/804 752/726/804 732/727/804
f 452/422/805 451/728/805 752/726/805
f 586/547/806 755/729/807 753/730/808
f 452/422/809 731/706/809 756/731/809
f 449/423/810 452/422/810 756/731/810
f 758/732/811 305/283/812 757/733/813
f 740/713/814 760/734/814 741/735/814
f 740/713/815 761/736/815 760/734/815
f 587/549/816 762/737/817 588/550/818
f 740/713/819 739/715/819 763/738/819
f 764/739/820 740/713/820 763/738/820
f 766/740/821 207/199/822 765/741/823
f 305/283/824 768/742/824 306/743/824
f 305/283/825 759/744/825 768/742/825
f 770/745/826 772/746/827 769/747/828
f 305/283/829 304/285/829 773/748/829
f 757/733/830 305/283/830 773/748/830
f 774/749/831 353/328/832 744/717/833
f 586/547/834 775/750/834 754/751/834
f 586/547/835 585/752/835 775/750/835
f 777/753/836 779/754/837 776/755/838
f 586/547/839 753/730/839 780/756/839
f 583/548/840 586/547/840 780/756/840
f 119/122/841 124/127/842 120/123/843
f 777/753/844 781/757/844 778/758/844
f 777/753/845 782/759/845 781/757/845
f 326/303/846 783/760/847 327/304/848
f 777/753/849 776/755/849 784/761/849
f 785/762/850 777/753/850 784/761/850
f 787/763/851 163/161/852 786/764/853
f 163/161/854 789/765/854 164/766/854
f 163/161/855 788/767/855 789/765/855
f 172/168/856 792/768/857 790/769/858
f 163/161/859 162/163/859 793/770/859
f 786/764/860 163/161/860 793/770/860
f 795/771/861 537/501/862 794/772/863
f 592/553/864 797/773/864 593/774/864
f 592/553/865 798/775/865 797/773/865
f 260/244/866 799/776/867 655/619/868
f 592/553/869 591/555/869 800/777/869
f 801/778/870 592/553/870 800/777/870
f 802/779/871 408/378/872 692/658/873
f 172/168/874 803/780/874 791/781/874
f 172/168/875 171/782/875 803/780/875
f 513/479/876 804/783/877 514/480/878
f 172/168/879 790/769/879 805/784/879
f 169/169/880 172/168/880 805/784/880
f 806/785/881 740/713/882 764/739/883
f 388/361/884 637/600/885 636/786/886
f 379/354/887 640/604/888 642/606/889
f 54/65/890 807/787/890 808/788/890
f 393/365/891 387/360/892 809/789/893
f 49/60/894 810/790/894 46/61/894
f 401/372/895 65/73/896 64/791/897
f 643/792/898 811/793/898 644/607/898
f 397/368/899 812/794/899 643/792/899
f 396/370/900 812/794/900 397/368/900
f 399/369/901 813/795/901 396/370/901
f 537/501/902 814/796/902 538/797/902
f 537/501/903 796/798/903 814/796/903
f 74/83/904 815/799/905 75/84/906
f 537/501/907 536/503/907 816/800/907
f 794/772/908 537/501/908 816/800/908
f 817/801/909 237/225/910 406/377/911
f 362/335/912 818/802/912 492/803/912
f 362/335/913 361/804/913 818/802/913
f 512/477/914 819/805/915 661/626/916
f 362/335/917 491/461/917 820/806/917
f 359/336/918 362/335/918 820/806/918
f 822/807/919 94/100/920 821/808/921
f 430/401/922 429/400/923 666/809/924
f 670/635/925 106/110/926 669/634/927
f 43/810/928 42/56/928 824/811/928
f 44/57/929 43/810/929 825/812/929
f 108/113/930 44/57/930 825/812/930
f 109/112/931 108/113/931 826/813/931
f 677/641/932 673/637/933 675/639/934
f 437/407/935 827/814/935 438/408/935
f 436/815/936 435/406/936 828/816/936
f 437/407/937 436/815/937 829/817/937
f 830/818/938 437/407/938 829/817/938
f 830/818/939 827/814/939 437/407/939
f 827/814/940 830/818/940 831/819/940
f 325/301/941 832/820/941 714/821/941
f 325/301/942 324/822/942 832/820/942
f 202/195/943 833/823/944 203/196/945
f 325/301/946 713/685/946 834/824/946
f 322/302/947 325/301/947 834/824/947
f 836/825/948 560/522/949 835/826/950
f 340/315/951 838/827/951 341/828/951
f 340/315/952 625/829/952 838/827/952
f 157/155/953 839/830/954 749/723/955
f 340/315/956 339/317/956 840/831/956
f 623/585/957 340/315/957 840/831/957
f 841/832/958 292/272/959 558/521/960
f 842/833/961 843/834/961 844/835/961
f 842/833/962 845/836/962 843/834/962
f 453/424/963 846/837/964 454/425/965
f 842/833/966 847/838/966 848/839/966
f 849/840/967 842/833/967 848/839/967
f 851/841/968 374/347/969 850/842/970
f 207/199/971 853/843/971 208/844/971
f 207/199/972 767/845/972 853/843/972
f 574/536/973 856/846/974 854/847/975
f 207/199/976 206/201/976 857/848/976
f 765/741/977 207/199/977 857/848/977
f 858/849/978 842/833/979 849/840/980
f 500/466/981 859/850/981 548/851/981
f 500/466/982 499/852/982 859/850/982
f 728/700/983 862/853/984 860/854/985
f 500/466/986 547/513/986 863/855/986
f 497/467/987 500/466/987 863/855/987
f 865/856/988 867/857/989 864/858/990
f 473/441/991 868/859/991 474/860/991
f 473/441/992 869/861/992 868/859/992
f 842/833/993 870/862/994 847/838/995
f 473/441/996 472/443/996 871/863/996
f 872/864/997 473/441/997 871/863/997
f 873/865/998 777/753/999 785/762/1000
f 560/522/1001 874/866/1001 561/867/1001
f 560/522/1002 837/868/1002 874/866/1002
f 575/538/1003 875/869/1004 576/539/1005
f 560/522/1006 559/524/1006 876/870/1006
f 835/826/1007 560/522/1007 876/870/1007
f 877/871/1008 326/303/1009 329/306/1010
f 878/872/1011 879/873/1011 880/874/1011
f 878/872/1012 881/875/1012 879/873/1012
f 556/518/1013 884/876/1014 882/877/1015
f 878/872/1016 885/878/1016 886/879/1016
f 887/880/1017 878/872/1017 886/879/1017
f 888/881/1018 501/468/1019 504/471/1020
f 867/857/1021 889/882/1021 890/883/1021
f 867/857/1022 866/884/1022 889/882/1022
f 201/193/1023 891/885/1024 608/569/1025
f 867/857/1026 892/886/1026 893/887/1026
f 864/858/1027 867/857/1027 893/887/1027
f 894/888/1028 287/268/1029 290/271/1030
f 556/518/1031 895/889/1031 883/890/1031
f 556/518/1032 555/891/1032 895/889/1032
f 867/857/1033 896/892/1034 892/886/1035
f 556/518/1036 882/877/1036 897/893/1036
f 553/519/1037 556/518/1037 897/893/1037
f 898/894/1038 599/560/1039 602/563/1040
f 728/700/1041 899/895/1041 861/896/1041
f 728/700/1042 727/897/1042 899/895/1042
f 878/872/1043 900/898/1044 885/878/1045
f 728/700/1046 860/854/1046 901/899/1046
f 725/701/1047 728/700/1047 901/899/1047
f 902/900/1048 592/553/1049 801/778/1050
f 574/536/1051 903/901/1051 855/902/1051
f 574/536/1052 573/903/1052 903/901/1052
f 487/456/1053 904/904/1054 488/457/1055
f 574/536/1056 854/847/1056 905/905/1056
f 571/537/1057 574/536/1057 905/905/1057
f 906/906/1058 348/324/1059 351/327/1060
f 347/322/1061 907/907/1061 611/908/1061
f 347/322/1062 346/909/1062 907/907/1062
f 337/312/1063 908/910/1064 534/499/1065
f 347/322/1066 610/572/1066 909/911/1066
f 344/323/1067 347/322/1067 909/911/1067
f 910/912/1068 878/872/1069 887/880/1070
f 94/100/1071 911/913/1071 95/914/1071
f 94/100/1072 823/915/1072 911/913/1072
f 599/560/1073 912/916/1074 600/561/1075
f 94/100/1076 93/102/1076 913/917/1076
f 821/808/1077 94/100/1077 913/917/1077
f 914/918/1078 473/441/1079 872/864/1080
f 770/745/1081 915/919/1081 771/920/1081
f 770/745/1082 916/921/1082 915/919/1082
f 917/922/1083 424/395/1084 617/578/1085
f 770/745/1086 769/747/1086 918/923/1086
f 919/924/1087 770/745/1087 918/923/1087
f 920/925/1088 128/131/1089 131/134/1090
f 374/347/1091 921/926/1091 375/927/1091
f 374/347/1092 852/928/1092 921/926/1092
f 232/221/1093 922/929/1094 233/222/1095
f 374/347/1096 373/349/1096 923/930/1096
f 850/842/1097 374/347/1097 923/930/1097
f 924/931/1098 148/148/1099 364/338/1100
f 458/428/1101 925/932/1101 459/933/1101
f 458/428/1102 665/934/1102 925/932/1102
f 927/935/1103 929/936/1104 926/937/1105
f 458/428/1106 457/430/1106 930/938/1106
f 663/629/1107 458/428/1107 930/938/1107
f 932/939/1108 927/935/1109 931/940/1110
f 927/935/1111 934/941/1111 928/942/1111
f 927/935/1112 933/943/1112 934/941/1112
f 217/208/1113 935/944/1114 218/209/1115
f 927/935/1116 926/937/1116 936/945/1116
f 931/940/1117 927/935/1117 936/945/1117
f 937/946/1118 513/479/1119 516/482/1120
f 222/212/1121 938/947/1121 223/948/1121
f 222/212/1122 635/949/1122 938/947/1122
f 103/107/1123 939/950/1124 703/671/1125
f 222/212/1126 221/214/1126 940/951/1126
f 633/598/1127 222/212/1127 940/951/1127
f 941/952/1128 770/745/1129 919/924/1130
f 47/59/1131 808/788/1132 48/953/1133
f 943/954/1134 945/955/1135 942/956/1136
f 947/957/1137 949/958/1138 946/959/1139
f 951/960/1140 953/961/1141 950/962/1142
f 955/963/1143 957/964/1144 954/965/1145
f 959/966/1146 961/967/1147 958/968/1148
f 963/969/1149 965/970/1150 962/971/1151
f 965/970/1152 968/972/1153 966/973/1154
f 970/974/1155 972/975/1156 969/976/1157
f 974/977/1158 943/954/1159 973/978/1160
f 977/979/1161 959/966/1162 976/980/1163
f 979/981/1164 980/982/1164 981/983/1164
f 979/981/1165 981/983/1165 982/984/1165
f 979/981/1166 983/985/1166 984/986/1166
f 985/987/1167 983/985/1167 979/981/1167
f 965/970/1168 966/973/1168 986/988/1168
f 965/970/1169 986/988/1169 962/971/1169
f 965/970/1170 987/989/1170 967/990/1170
f 964/991/1171 987/989/1171 965/970/1171
f 988/992/1172 989/993/1172 990/994/1172
f 988/992/1173 990/994/1173 991/995/1173
f 988/992/1174 992/996/1174 993/997/1174
f 994/998/1175 992/996/1175 988/992/1175
f 947/957/1176 946/959/1176 995/999/1176
f 947/957/1177 995/999/1177 996/1000/1177
f 988/992/1178 997/1001/1179 989/993/1180
f 947/957/1181 998/1002/1181 948/1003/1181
f 999/1004/1182 998/1002/1182 947/957/1182
f 943/954/1183 942/956/1183 1000/1005/1183
f 943/954/1184 1000/1005/1184 973/978/1184
f 943/954/1185 1001/1006/1185 944/1007/1185
f 975/1008/1186 1001/1006/1186 943/954/1186
f 1003/1009/1187 1005/1010/1188 1002/1011/1189
f 1007/1012/1190 1009/1013/1191 1006/1014/1192
f 1011/1015/1193 1013/1016/1194 1010/1017/1195
f 1005/1010/1196 1016/1018/1197 1014/1019/1198
f 959/966/1199 958/968/1199 1017/1020/1199
f 959/966/1200 1017/1020/1200 976/980/1200
f 959/966/1201 1018/1021/1201 960/1022/1201
f 978/1023/1202 1018/1021/1202 959/966/1202
f 1005/1010/1203 1014/1019/1203 1019/1024/1203
f 1005/1010/1204 1019/1024/1204 1002/1011/1204
f 1005/1010/1205 1020/1025/1205 1015/1026/1205
f 1004/1027/1206 1020/1025/1206 1005/1010/1206
f 1022/1028/1207 970/974/1208 1021/1029/1209
f 1009/1013/1210 1026/1030/1211 1024/1031/1212
f 1009/1013/1213 1027/1032/1213 1025/1033/1213
f 1009/1013/1214 1008/1034/1214 1027/1032/1214
f 1029/1035/1215 1031/1036/1216 1028/1037/1217
f 1009/1013/1218 1024/1031/1218 1032/1038/1218
f 1006/1014/1219 1009/1013/1219 1032/1038/1219
f 1029/1035/1220 1033/1039/1220 1030/1040/1220
f 1029/1035/1221 1034/1041/1221 1033/1039/1221
f 979/981/1222 1035/1042/1223 980/982/1224
f 1029/1035/1225 1028/1037/1225 1036/1043/1225
f 1037/1044/1226 1029/1035/1226 1036/1043/1226
f 1039/1045/1227 951/960/1228 1038/1046/1229
f 951/960/1230 1041/1047/1230 952/1048/1230
f 951/960/1231 1040/1049/1231 1041/1047/1231
f 957/964/1232 1044/1050/1233 1042/1051/1234
f 951/960/1235 950/962/1235 1045/1052/1235
f 1038/1046/1236 951/960/1236 1045/1052/1236
f 1011/1015/1237 1046/1053/1237 1012/1054/1237
f 1011/1015/1238 1047/1055/1238 1046/1053/1238
f 1011/1015/1239 1010/1017/1239 1048/1056/1239
f 1049/1057/1240 1011/1015/1240 1048/1056/1240
f 957/964/1241 1050/1058/1241 1043/1059/1241
f 957/964/1242 956/1060/1242 1050/1058/1242
f 957/964/1243 1042/1051/1243 1051/1061/1243
f 954/965/1244 957/964/1244 1051/1061/1244
f 1052/1062/1245 1029/1035/1246 1037/1044/1247
f 1053/1063/1248 979/981/1249 982/984/1250
f 1054/1064/1251 1011/1015/1252 1049/1057/1253
f 1055/1065/1254 988/992/1255 991/995/1256
f 1056/1066/1257 947/957/1258 996/1000/1259
f 1058/1067/1260 1060/1068/1261 1057/1069/1262
f 1062/1070/1263 1058/1067/1264 1061/1071/1265
f 1058/1067/1266 1064/1072/1266 1059/1073/1266
f 1058/1067/1267 1063/1074/1267 1064/1072/1267
f 1058/1067/1268 1057/1069/1268 1065/1075/1268
f 1061/1071/1269 1058/1067/1269 1065/1075/1269
f 970/974/1270 1066/1076/1270 971/1077/1270
f 970/974/1271 1023/1078/1271 1066/1076/1271
f 970/974/1272 969/976/1272 1067/1079/1272
f 1021/1029/1273 970/974/1273 1067/1079/1273
f 42/56/134 43/810/1274 44/57/135
f 47/59/137 48/953/1275 49/60/138
f 46/61/141 53/1080/1276 54/65/142
f 59/69/145 60/394/1277 61/70/146
f 63/72/148 64/791/1278 65/73/149
f 79/87/157 80/496/1279 81/88/158
f 86/93/162 87/288/1280 88/94/163
f 94/100/167 95/914/1281 96/101/168
f 101/106/172 102/668/1282 103/107/173
f 104/109/175 105/631/1283 106/110/176
f 109/112/178 45/58/1284 44/57/179
f 115/119/185 116/410/1285 117/120/186
f 133/135/196 134/351/1286 135/136/197
f 140/141/201 141/648/1287 142/142/202
f 148/148/206 149/341/1288 150/149/207
f 155/154/211 156/721/1289 157/155/212
f 163/161/216 164/766/1290 165/162/217
f 170/167/221 171/782/1291 172/168/222
f 178/174/226 179/589/1292 180/175/227
f 185/180/231 186/320/1293 187/181/232
f 187/181/236 193/319/1294 194/187/237
f 199/192/241 200/575/1295 201/193/242
f 207/199/246 208/844/1296 209/200/247
f 214/205/251 215/683/1297 216/206/252
f 222/212/256 223/948/1298 224/213/257
f 229/218/261 230/454/1299 231/219/262
f 237/225/266 238/382/1300 239/226/267
f 244/231/271 245/662/1301 246/232/272
f 142/142/276 252/647/1302 253/238/277
f 258/243/281 259/616/1303 260/244/282
f 246/232/286 266/661/1304 267/250/287
f 272/255/291 273/352/1305 133/135/292
f 231/219/296 279/453/1306 280/261/297
f 285/266/301 286/590/1307 178/174/302
f 292/272/306 293/526/1308 294/273/307
f 299/278/311 300/534/1309 301/279/312
f 305/283/316 306/743/1310 307/284/317
f 311/289/321 312/420/1311 313/290/322
f 158/157/326 167/165/1312 318/296/327
f 323/300/331 324/822/1313 325/301/332
f 287/268/336 296/276/1314 330/307/337
f 335/311/341 336/506/1315 337/312/342
f 340/315/346 341/828/1316 342/316/347
f 345/321/351 346/909/1317 347/322/352
f 353/328/356 354/711/1318 355/329/357
f 360/334/361 361/804/1319 362/335/362
f 348/324/366 357/332/1320 365/339/367
f 369/343/371 370/690/1321 371/344/372
f 374/347/376 375/927/1322 376/348/377
f 378/353/381 227/217/1323 217/208/382
f 379/354/384 380/601/1324 381/355/385
f 384/357/387 385/630/1325 386/358/388
f 55/66/391 390/599/1326 391/363/392
f 67/76/395 66/75/1327 69/78/396
f 397/368/398 398/608/1328 399/369/399
f 408/378/407 409/654/1329 410/379/408
f 414/384/412 415/392/1330 416/385/413
f 143/144/417 152/152/1331 419/389/418
f 422/393/422 84/92/1332 74/83/423
f 59/69/425 110/114/1333 112/116/426
f 424/395/428 425/582/1334 426/396/429
f 435/406/435 436/815/1335 437/407/436
f 89/96/446 98/104/1336 446/417/447
f 450/421/451 451/728/1337 452/422/452
f 458/428/456 459/933/1338 460/429/457
f 465/434/461 466/696/1339 467/435/462
f 473/441/466 474/860/1340 475/442/467
f 480/447/471 481/676/1341 482/448/472
f 468/437/476 477/445/1342 484/451/477
f 486/455/481 283/265/1343 274/257/482
f 362/335/486 492/803/1344 493/460/487
f 498/465/491 499/852/1345 500/466/492
f 173/170/496 182/178/1346 505/472/497
f 510/476/501 511/624/1347 512/477/502
f 518/483/506 519/703/1348 520/484/507
f 525/489/511 526/596/1349 527/490/512
f 128/131/516 137/139/1350 530/494/517
f 533/498/521 153/153/1351 143/144/522
f 537/501/526 538/797/1352 539/502/527
f 542/507/531 183/179/1353 173/170/532
f 500/466/536 548/851/1354 549/512/537
f 554/517/541 555/891/1355 556/518/542
f 560/522/546 561/867/1356 562/523/547
f 565/528/551 463/433/1357 453/424/552
f 543/508/556 551/515/1358 568/531/557
f 572/535/561 573/903/1359 574/536/562
f 301/279/566 570/533/1360 579/542/567
f 584/546/571 585/752/1361 586/547/572
f 592/553/576 593/774/1362 594/554/577
f 598/559/581 582/545/1363 575/538/582
f 88/94/586 309/287/1364 603/564/587
f 607/568/591 197/191/1365 188/183/592
f 347/322/596 611/908/1366 612/571/597
f 615/576/601 270/254/1367 261/246/602
f 527/490/606 619/595/1368 620/579/607
f 624/584/611 625/829/1369 340/315/612
f 314/292/616 320/298/1370 627/587/617
f 629/591/621 242/230/1371 232/221/622
f 274/257/626 282/264/1372 631/593/627
f 634/597/631 635/949/1373 222/212/632
f 51/63/634 50/62/1374 391/363/635
f 392/364/637 636/786/1375 637/600/638
f 56/67/641 391/363/1376 50/62/642
f 397/368/645 643/792/1377 644/607/646
f 72/81/648 395/367/1378 69/78/649
f 467/435/657 653/695/1379 654/617/658
f 657/621/662 212/204/1380 202/195/663
f 416/385/667 421/391/1381 660/625/668
f 664/628/672 665/934/1382 458/428/673
f 384/357/675 645/609/1383 647/611/676
f 430/401/678 666/809/1384 433/404/679
f 642/606/685 672/1081/1385 380/601/686
f 482/448/696 684/675/1386 685/649/697
f 687/652/701 99/105/1387 89/96/702
f 261/246/706 269/253/1388 690/656/707
f 693/659/711 532/497/1389 79/87/712
f 247/234/716 255/241/1390 695/663/717
f 697/665/721 168/166/1391 158/157/722
f 371/344/726 701/689/1392 702/669/727
f 705/673/731 478/446/1393 468/437/732
f 216/206/736 708/682/1394 709/677/737
f 711/680/741 256/242/1395 247/234/742
f 325/301/746 714/821/1396 715/684/747
f 717/687/751 597/558/1397 587/549/752
f 188/183/756 196/190/1398 719/691/757
f 721/693/761 496/464/1399 487/456/762
f 313/290/766 448/419/1400 723/697/767
f 726/699/771 727/897/1401 728/700/772
f 452/422/776 732/727/1402 733/705/777
f 736/709/781 321/299/1403 314/292/782
f 740/713/786 741/735/1404 742/714/787
f 745/718/791 730/704/1405 518/483/792
f 501/468/796 507/474/1406 748/722/797
f 751/725/801 552/516/1407 543/508/802
f 586/547/806 754/751/1408 755/729/807
f 758/732/811 759/744/1409 305/283/812
f 587/549/816 596/557/1410 762/737/817
f 766/740/821 767/845/1411 207/199/822
f 770/745/826 771/920/1412 772/746/827
f 774/749/831 738/712/1413 353/328/832
f 777/753/836 778/758/1414 779/754/837
f 119/122/841 122/125/1415 124/127/842
f 326/303/846 332/309/1416 783/760/847
f 787/763/851 788/767/1417 163/161/852
f 172/168/856 791/781/1418 792/768/857
f 795/771/861 796/798/1419 537/501/862
f 260/244/866 651/615/1420 799/776/867
f 802/779/871 689/655/1421 408/378/872
f 513/479/876 522/487/1422 804/783/877
f 806/785/881 761/736/1423 740/713/882
f 388/361/884 387/360/1424 637/600/885
f 379/354/887 382/356/1425 640/604/888
f 393/365/891 637/600/1426 387/360/892
f 401/372/895 400/371/1427 65/73/896
f 74/83/904 83/91/1428 815/799/905
f 817/801/909 412/383/1429 237/225/910
f 512/477/914 659/623/1430 819/805/915
f 822/807/919 823/915/1431 94/100/920
f 430/401/922 427/398/1432 429/400/923
f 670/635/925 107/111/1433 106/110/926
f 677/641/932 676/640/1434 673/637/933
f 202/195/943 211/203/1435 833/823/944
f 836/825/948 837/868/1436 560/522/949
f 157/155/953 747/720/1437 839/830/954
f 841/832/958 564/527/1438 292/272/959
f 453/424/963 462/432/1439 846/837/964
f 851/841/968 852/928/1440 374/347/969
f 574/536/973 855/902/1441 856/846/974
f 858/849/978 845/836/1442 842/833/979
f 728/700/983 861/896/1443 862/853/984
f 865/856/988 866/884/1444 867/857/989
f 842/833/993 844/835/1445 870/862/994
f 873/865/998 782/759/1446 777/753/999
f 575/538/1003 581/544/1447 875/869/1004
f 877/871/1008 333/310/1448 326/303/1009
f 556/518/1013 883/890/1449 884/876/1014
f 888/881/1018 508/475/1450 501/468/1019
f 201/193/1023 614/574/1451 891/885/1024
f 894/888/1028 297/277/1452 287/268/1029
f 867/857/1033 890/883/1453 896/892/1034
f 898/894/1038 606/567/1454 599/560/1039
f 878/872/1043 880/874/1455 900/898/1044
f 902/900/1048 798/775/1456 592/553/1049
f 487/456/1053 495/463/1457 904/904/1054
f 906/906/1058 358/333/1458 348/324/1059
f 337/312/1063 541/505/1459 908/910/1064
f 910/912/1068 881/875/1460 878/872/1069
f 599/560/1073 605/566/1461 912/916/1074
f 914/918/1078 869/861/1462 473/441/1079
f 917/922/1083 622/583/1463 424/395/1084
f 920/925/1088 138/140/1464 128/131/1089
f 232/221/1093 241/229/1465 922/929/1094
f 924/931/1098 367/342/1466 148/148/1099
f 927/935/1103 928/942/1467 929/936/1104
f 932/939/1108 933/943/1468 927/935/1109
f 217/208/1113 226/216/1469 935/944/1114
f 937/946/1118 523/488/1470 513/479/1119
f 103/107/1123 699/667/1471 939/950/1124
f 941/952/1128 916/921/1472 770/745/1129
f 47/59/1131 54/65/1473 808/788/1132
f 943/954/1134 944/1007/1474 945/955/1135
f 947/957/1137 948/1003/1475 949/958/1138
f 951/960/1140 952/1048/1476 953/961/1141
f 955/963/1143 956/1060/1477 957/964/1144
f 959/966/1146 960/1022/1478 961/967/1147
f 963/969/1149 964/991/1479 965/970/1150
f 965/970/1152 967/990/1480 968/972/1153
f 970/974/1155 971/1077/1481 972/975/1156
f 974/977/1158 975/1008/1482 943/954/1159
f 977/979/1161 978/1023/1483 959/966/1162
f 988/992/1178 993/997/1484 997/1001/1179
f 1003/1009/1187 1004/1027/1485 1005/1010/1188
f 1007/1012/1190 1008/1034/1486 1009/1013/1191
f 1011/1015/1193 1012/1054/1487 1013/1016/1194
f 1005/1010/1196 1015/1026/1488 1016/1018/1197
f 1022/1028/1207 1023/1078/1489 970/974/1208
f 1009/1013/1210 1025/1033/1490 1026/1030/1211
f 1029/1035/1215 1030/1040/1491 1031/1036/1216
f 979/981/1222 984/986/1492 1035/1042/1223
f 1039/1045/1227 1040/1049/1493 951/960/1228
f 957/964/1232 1043/1059/1494 1044/1050/1233
f 1052/1062/1245 1034/1041/1495 1029/1035/1246
f 1053/1063/1248 985/987/1496 979/981/1249
f 1054/1064/1251 1047/1055/1497 1011/1015/1252
f 1055/1065/1254 994/998/1498 988/992/1255
f 1056/1066/1257 999/1004/1499 947/957/1258
f 1058/1067/1260 1059/1073/1500 1060/1068/1261
f 1062/1070/1263 1063/1074/1501 1058/1067/1264
