# Blender v2.79 (sub 0) OBJ File: ''
# www.blender.org
o SM_Pine_b_04.001
v 16.465811 26.325302 13.650883
v 19.089653 26.934420 9.845115
v 17.101679 30.838125 1.261769
v 9.442242 34.023102 1.748578
v 8.920403 22.378952 3.224300
v 16.675726 17.295406 12.959015
v 8.623438 30.311722 8.805207
v 10.357553 31.319775 5.444081
v 7.523124 34.434738 -1.497559
v 0.904274 35.817944 -0.275882
v 2.069436 25.949375 0.472213
v 9.825941 22.751888 7.667107
v 4.708708 36.474102 3.563625
v 10.730101 33.680840 -0.241925
v 10.995308 32.114349 -3.718193
v -0.411442 36.219101 -1.155023
v 2.303365 26.911249 0.780012
v 12.486719 25.117571 -0.569892
v 22.028522 33.102135 12.568113
v 23.370399 34.888897 8.731923
v 19.269617 36.064934 0.891142
v 11.763472 33.861450 2.185840
v 18.536999 24.296694 4.030070
v 27.658768 25.663683 11.612932
v 15.522516 31.520895 6.213068
v 19.137688 25.057730 3.362266
v 18.312662 23.067659 0.279480
v 10.641666 33.546761 1.456441
v 8.257765 24.796726 5.608471
v 16.055515 17.289700 5.223574
v 21.559185 33.484512 7.616301
v 27.164896 30.812767 3.666439
v 27.314341 29.571903 0.513018
v 16.575607 33.841541 3.614318
v 19.251816 24.900890 4.777576
v 28.881021 22.781195 2.838666
v 17.451515 35.906544 4.386073
v 16.321478 39.276600 1.648015
v 8.808899 41.030888 -2.721184
v 3.626926 35.342308 0.130808
v 11.850582 29.397011 -5.726201
v 22.939905 32.042725 -1.833546
v 6.751112 57.066952 3.602688
v 11.624693 54.561535 -0.538851
v 11.600054 54.122578 -3.824347
v 2.237952 59.160362 -0.154088
v 3.050499 49.940865 -1.287022
v 11.599146 46.860172 -3.276284
v 21.417746 60.462093 0.910689
v 20.243338 58.386856 -2.102420
v 13.081867 55.521137 -3.697034
v 8.779453 58.379524 1.631484
v 15.384035 51.522961 6.235415
v 25.552668 53.621231 3.591336
v 12.469482 57.603603 4.962386
v 17.455597 55.718582 1.438576
v 17.607595 54.905437 -1.517624
v 8.103441 58.195087 1.260859
v 10.399296 49.770042 1.299042
v 18.787008 48.304771 -0.156800
v 14.633316 53.440678 10.406824
v 16.428272 55.240620 7.366978
v 13.506210 58.494953 0.442915
v 6.394198 58.216286 0.992785
v 9.840189 47.805077 1.245255
v 17.693504 45.649364 8.766637
v 8.438395 54.562366 10.893514
v 10.670006 54.906471 7.677442
v 8.697952 57.071739 -0.075365
v 1.739076 59.219624 0.024073
v 2.173805 48.461990 2.817166
v 9.184448 45.913399 11.387053
v -5.090757 59.993015 -8.132879
v -11.047945 56.613811 -6.607206
v -12.394945 55.982613 -3.576897
v -2.813617 62.461147 -2.603878
v -3.045323 52.900143 -1.845989
v -11.344986 48.632111 -4.037244
v -19.996933 61.508900 -12.461059
v -20.033188 59.365459 -9.132335
v -13.852034 57.232006 -4.386172
v -7.925428 60.970764 -7.287959
v -11.216051 53.456970 -14.632020
v -21.833275 54.220833 -16.869869
v -9.761826 59.924522 -12.080363
v -15.636164 57.199104 -11.147260
v -16.981073 56.183041 -8.476326
v -7.449612 60.843761 -6.630571
v -8.620964 51.989891 -7.693198
v -16.738985 49.417263 -10.278564
v -8.932449 55.737236 -18.144634
v -12.061869 57.180023 -16.178087
v -12.764832 60.444290 -8.399937
v -6.009259 61.058014 -5.585151
v -7.920398 50.053905 -7.363835
v -11.581171 47.353333 -18.121471
v -3.239425 57.651146 -15.593962
v -6.675600 57.550022 -13.717559
v -8.448120 59.550407 -5.676991
v -2.288554 62.592716 -2.534817
v -0.358402 51.725033 -5.149077
v -2.832221 48.765629 -16.340221
v 0.590830 48.226681 -10.658573
v -5.652609 45.454651 -14.302966
v -8.953035 44.968971 -12.813287
v -1.240547 50.542877 -4.042077
v -2.804317 40.342201 -4.432875
v -8.492144 36.933655 -13.249532
v -8.212859 51.983181 -25.438074
v -10.836414 49.687077 -22.871944
v -9.443428 46.516354 -14.461089
v -2.223549 49.678955 -12.020707
v -0.429164 42.092686 -21.660915
v -7.230121 44.414249 -31.721436
v -0.421762 48.820457 -17.574173
v -6.087111 46.734818 -21.604652
v -9.171169 45.835121 -20.445599
v -2.313288 49.474895 -11.117679
v -3.355477 40.153225 -13.884788
v -8.385168 38.531986 -22.729589
v 4.127063 44.214489 -22.526892
v 0.353889 46.205990 -23.146254
v -5.406555 49.806652 -16.691294
v -1.860788 49.498333 -9.116850
v -3.202792 37.979130 -13.276797
v 1.102266 35.593994 -25.772240
v 7.153345 45.455536 -15.701178
v 3.013692 45.836292 -16.833635
v -3.918548 48.231987 -11.209778
v -0.850104 50.608440 -3.571056
v 1.629280 38.705944 -5.230284
v 7.158940 35.886131 -16.986202
v -10.057756 31.374575 0.232215
v -12.011147 28.332830 8.053151
v -9.876154 28.128977 11.547822
v -3.572169 34.580723 0.898251
v -2.402894 24.463715 2.974654
v -9.310459 20.138765 11.516542
v -23.285891 33.356220 12.416161
v -20.003149 31.503922 15.062791
v -11.589342 29.453575 12.328990
v -10.996748 32.705696 3.626254
v -19.741652 23.954153 3.590754
v -28.651791 25.108994 12.402506
v -16.653355 31.085527 2.703076
v -19.219709 28.658636 9.751257
v -17.404211 27.999550 13.065197
v -10.077381 32.624908 3.553942
v -11.349470 23.104534 5.535770
v -18.764555 20.525352 12.910261
v -21.840334 25.797874 -1.321602
v -21.916067 27.774546 2.905383
v -14.941017 32.302456 8.047286
v -8.230330 32.897911 2.648060
v -10.496773 21.034868 5.309663
v -23.115528 17.043264 2.720116
v -9.697660 31.428293 5.406289
v -16.253481 28.152885 -1.218265
v -15.983904 27.807581 -6.060145
v -3.202798 34.697105 0.363912
v -3.847665 22.627052 -1.962843
v -15.958384 18.239851 -5.871989
v -7.931138 50.769238 -1.003515
v -9.670279 47.514565 5.186245
v -8.085371 47.526024 8.183630
v -2.960087 54.555389 0.158257
v -0.718972 45.655254 1.626904
v -6.378426 40.548195 7.830522
v -20.386187 50.098499 8.417548
v -17.464081 48.869469 10.714392
v -9.786974 48.416359 8.778671
v -9.161268 51.688141 1.763925
v -15.166466 42.684456 0.843676
v -23.585072 42.075554 7.933929
v -13.640833 49.450027 0.533477
v -15.943218 46.678753 6.178273
v -14.534445 46.249298 9.005471
v -8.366179 51.755894 1.770654
v -8.132132 43.077831 2.975463
v -14.436350 39.489326 8.490906
v -16.883373 44.176876 -3.360496
v -17.585310 45.751377 0.245773
v -12.761986 50.585499 5.144280
v -6.780594 52.304619 1.174174
v -7.083867 41.377811 2.776475
v -16.755419 36.164967 -0.309962
v -11.935307 46.966320 -6.777897
v -12.561419 47.060730 -2.779547
v -7.999235 50.686653 3.285486
v -2.626629 54.733150 -0.247219
v -1.322667 43.979954 -2.506115
v -10.403389 38.510376 -6.812008
v -5.345908 42.138832 6.806390
v -1.833640 39.738388 12.474378
v 1.299843 39.317810 12.760925
v -1.403113 44.144547 2.337096
v -0.345453 35.311279 3.507487
v 0.809630 32.359634 13.090222
v -4.137911 45.391754 22.292854
v -1.105357 43.403450 21.515654
v 1.048745 40.657768 14.256551
v -3.665294 43.396431 9.084781
v -8.646208 36.827087 15.943619
v -7.173228 38.837448 26.911131
v -7.176355 42.653027 12.669823
v -4.266234 40.846954 18.411488
v -1.428946 40.067856 18.920620
v -3.251600 43.219719 8.414442
v -3.439368 35.147614 11.219580
v -2.820820 33.743717 20.531019
v -12.574793 38.664471 14.528575
v -9.865719 40.389000 16.688374
v -2.957452 43.507015 14.169415
v -2.845921 43.240028 6.636627
v -3.321234 33.264957 10.711796
v -11.284676 31.199543 18.460646
v -12.396769 39.739159 7.922072
v -9.568203 40.068878 10.609667
v -2.028378 42.143444 9.209435
v -1.529388 44.201328 1.795335
v -4.114186 33.894348 2.220624
v -12.811422 31.452532 8.989848
v 8.990833 43.572372 -1.379365
v 11.124886 40.800327 -8.681717
v 9.097723 40.314659 -11.910829
v 2.427527 45.888569 -1.977662
v 2.507732 35.687901 -3.670169
v 9.514168 32.279346 -11.582266
v 16.131908 47.328842 -10.995185
v 13.165253 45.032761 -13.278551
v 5.402785 41.862034 -10.220850
v 4.590658 45.024632 -2.091474
v 13.697298 37.438358 -2.016195
v 21.863527 39.759941 -11.014806
v 15.260607 44.166134 -3.836095
v 17.883255 42.080509 -10.471625
v 16.216352 41.180809 -13.503955
v 8.843479 44.820568 -4.535407
v 11.123318 35.498909 -6.156721
v 18.323236 33.877682 -13.106288
v 20.736504 39.560173 -0.085196
v 20.567305 41.551670 -4.095121
v 13.465687 45.152336 -8.861722
v 7.059734 44.844032 -3.657123
v 10.569437 33.324821 -5.866991
v 22.851238 30.939680 -3.695121
v 15.050457 40.801212 4.467156
v 15.228666 41.181969 -0.081558
v 8.601213 43.577675 -6.242219
v 2.064207 45.954132 -1.470277
v 4.146599 34.051643 0.977333
v 16.115110 31.231817 4.430721
v -1.601369 67.262398 5.768684
v 2.545374 65.326347 8.252864
v 4.790859 64.987144 7.356828
v -0.238713 68.880058 1.457639
v 0.786277 61.755745 1.775740
v 4.389256 59.375168 7.527211
v 4.122038 69.885971 15.816183
v 5.931925 68.282341 14.130702
v 5.107923 66.067879 8.469863
v 0.282862 68.276688 6.735013
v -1.102751 62.978302 12.830578
v 3.288101 64.599731 19.621181
v -1.041000 67.677094 10.337537
v 2.714771 66.220459 13.063596
v 4.809145 65.592094 12.372764
v 0.359844 68.134163 6.140128
v 0.987439 61.623775 7.851052
v 4.169519 60.491463 13.623297
v -4.184744 64.460220 13.377325
v -1.662436 65.851112 13.902481
v 2.359809 68.365875 9.887812
v 0.089067 68.150551 4.813728
v 0.888959 60.105331 7.429298
v -2.178247 58.439499 15.211270
v -6.111322 65.326988 8.923095
v -3.342587 65.592903 9.729527
v 1.443198 67.266098 6.223049
v -0.495646 68.925858 1.138784
v -2.181705 60.612949 2.204133
v -6.033062 58.643547 9.574685
v -1.125384 81.631554 -11.600900
v -4.006359 79.883133 -11.108256
v -3.291535 83.741333 -2.436738
v -0.558201 86.593842 -0.618900
v 2.456457 79.707878 -3.270357
v 1.985971 76.083717 -10.047975
v 10.083487 78.584564 0.986472
v 10.158968 76.836143 -1.965795
v 1.613292 80.694366 -2.943395
v -0.685617 83.546867 -0.594639
v 1.301278 76.660919 2.934064
v 7.942696 73.036743 3.806529
v -4.664523 83.121498 9.502331
v -1.831863 81.373100 10.262641
v 1.063027 85.231331 2.066440
v -0.682495 88.083794 -0.727036
v -4.513087 81.197845 0.430148
v -6.841522 77.573669 6.789553
v -1.781369 88.084175 -10.076776
v -4.102546 86.525238 -9.828805
v -2.927207 87.485115 -2.325636
v -0.569380 89.350182 -0.523467
v 1.713453 84.624001 -4.145410
v 0.870925 83.389275 -10.115444
v 7.602015 89.544014 4.006732
v 8.686918 87.736115 2.095387
v 1.995949 88.715858 -1.428157
v -0.760450 90.803757 -0.717171
v 0.618578 86.399101 3.616848
v 5.855711 85.161026 6.529391
v -9.367239 87.510109 2.639500
v -8.452520 86.136169 4.901315
v -1.586409 87.828384 2.009854
v -0.557523 89.726204 -0.762773
v -4.099286 84.491165 -2.033238
v -9.522043 82.670944 0.191818
v 0.111369 93.205612 6.690970
v 1.924827 91.991791 6.511250
v 1.129545 92.839294 0.665962
v -0.679728 94.317886 -0.751242
v -2.527687 90.607483 1.969682
v -1.967120 89.567787 6.604415
v 0.142269 102.449860 -0.570679
v 2.042079 102.365623 0.575432
v 1.187202 95.596214 0.288471
v -0.680923 93.838219 -0.948674
v -2.603215 97.298439 2.237265
v -2.039124 102.708244 2.827940
v -1.272641 102.462608 -0.782016
v -3.469746 102.405830 -0.465419
v -2.635730 95.628815 -0.335638
v -0.408909 93.856430 -0.440433
v -0.925651 96.982094 -4.343521
v -1.727488 102.370499 -4.797504
v -3.375456 92.625381 -7.660603
v -5.390039 92.172035 -6.926342
v -2.952493 93.395592 -1.419430
v -0.472071 94.300575 -0.613541
v -0.415903 89.680000 -3.089605
v -2.378437 88.326675 -7.407240
v -7.962314 92.097023 0.449295
v -7.486604 90.190582 1.731137
v -1.696751 91.997612 0.742088
v -0.553951 94.332565 -0.586610
v -3.356077 91.282104 -3.395075
v -7.937099 89.529404 -2.801749
v 7.925970 85.639893 -4.012358
v 6.904162 84.003426 -6.080997
v 0.193796 86.313927 -3.178400
v -0.692863 88.606636 -0.599369
v 2.761754 83.458481 1.115520
v 8.056479 81.161476 -1.065396
v 7.743509 74.383675 -6.143623
v 6.018229 72.775307 -8.252047
v -0.463624 76.324516 -3.618267
v -0.629323 78.948502 -0.576041
v 2.855052 72.614120 0.641980
v 7.957416 69.280243 -2.894238
v -1.162323 34.111546 -4.974975
v -0.385195 34.774242 -10.683719
v -11.340656 28.632679 -8.911045
v -5.272439 35.161079 -0.823402
v -10.804716 31.550888 -4.799655
v -2.387898 33.728489 -5.365386
v -0.563850 29.079039 -3.043626
v -12.176756 26.925013 -8.359602
v -7.494932 36.876640 -5.467685
v -14.387583 29.211233 -7.818943
v -3.491826 30.598862 -12.690095
v 1.577038 31.315737 -14.590572
v -4.995154 24.872366 -24.911629
v -8.837301 31.511360 -14.685449
v -8.131416 27.777699 -22.179232
v -3.743050 30.184835 -14.094303
v -4.804655 25.573277 -11.318411
v -5.849497 23.141596 -25.569208
v -6.020768 33.191769 -19.039028
v -7.282958 25.362602 -27.359247
v -1.133356 25.815493 3.540258
v -6.919752 25.197184 6.981946
v 2.910722 14.680669 14.347225
v 5.636222 26.475243 5.359768
v 6.229590 19.182766 12.157735
v -0.583746 24.788067 4.870942
v 0.246428 21.146818 -1.018202
v 4.096476 12.687036 13.949345
v 3.025069 26.053686 11.767359
v 6.192274 14.370672 17.148151
v -4.368052 30.294067 4.113794
v -8.214113 22.344175 7.634040
v -7.269089 16.674368 7.526854
v 0.195855 27.399540 -0.651035
v 0.180276 23.022295 -6.226766
v -8.187838 26.412544 0.540477
v -10.812851 16.855635 9.700720
v -6.949277 15.778988 10.062604
v -0.858647 26.351374 0.123386
v 4.100565 25.983961 4.663579
v -8.752703 28.097778 12.946055
v -7.545042 24.760807 22.604139
v -3.587010 21.734150 26.367716
v -3.490667 24.661798 9.965403
v -1.240199 18.382635 9.971059
v -10.066725 22.054844 15.626767
v -6.534652 22.172247 29.160332
v -2.759094 23.007275 28.131813
v -3.797819 24.264658 11.732552
v 0.620673 29.003170 12.095163
v -3.919171 30.270958 -14.213541
v -3.836943 30.117956 -14.077312
v -2.473302 30.418701 -16.143950
v -2.535083 30.543812 -16.241110
v -3.926946 30.123844 -14.410810
v -2.566679 30.391764 -16.247272
v -1.246532 30.194393 -17.899176
v 4.930173 28.112753 4.951226
v 10.340708 20.513464 16.390602
v 14.599489 21.390305 16.784798
v 9.786228 32.270496 3.443060
v 17.376591 27.198580 4.540209
v 20.258707 21.770491 9.798365
v -1.793460 30.065737 2.559450
v 4.567935 24.397121 11.203988
v 7.964469 25.806215 11.264550
v 1.550485 34.377518 1.044338
v 8.469126 31.354931 1.092856
v 11.910742 27.149715 5.048558
v 12.184671 27.464098 -5.156833
v 9.520866 25.358013 -6.572542
v -0.542941 29.893429 -3.886924
v 0.943698 34.898342 -1.660113
v 7.127429 33.545868 2.462056
v 12.393108 29.999434 1.700460
v 12.076706 26.593605 6.139651
v 21.319986 24.797499 15.904989
v 23.820028 28.145943 15.521888
v 13.138760 32.828049 3.847826
v 21.751877 33.547241 4.032773
v 27.253897 31.291883 8.475526
v 16.771154 18.508638 -0.010053
v 13.143196 18.177141 -0.992070
v 7.083027 28.062059 0.200679
v 11.093702 31.587334 1.307664
v 16.054056 27.555305 5.910160
v 18.803558 21.536339 6.236989
v 28.427000 25.274036 -1.017829
v 25.876766 23.541323 -2.227034
v 16.403530 28.128574 0.827729
v 17.845673 32.570572 3.019635
v 23.829309 30.703928 6.304661
v 28.826256 27.173780 5.071408
v 11.797943 50.220924 -6.305940
v 9.101992 49.235069 -7.900383
v 1.129389 54.360710 -4.073146
v 3.221782 57.882824 -0.978102
v 8.397699 54.366409 1.786041
v 12.410337 50.496132 -0.024245
v 11.761082 56.692493 7.880222
v 23.148483 58.144424 7.972756
v 24.569258 58.923855 4.518193
v 10.691727 58.284256 2.269113
v 16.740814 55.199490 -1.949655
v 23.223923 54.745419 -1.240685
v 18.505247 51.060230 -3.321231
v 16.260332 49.460499 -4.669425
v 7.979747 53.111900 -1.817374
v 9.237398 57.111187 0.646179
v 14.466951 55.212830 3.592555
v 18.815016 52.193100 2.366479
v 4.780077 51.114403 3.148913
v 11.802494 45.879467 11.854413
v 14.821783 48.213436 12.352029
v 7.264816 56.715157 2.289387
v 14.910301 55.175228 2.899372
v 18.938356 51.132629 6.810163
v -1.747480 53.619488 3.529322
v 3.566467 48.687172 13.729759
v 7.151417 50.089066 13.987293
v 2.179875 57.869640 1.671428
v 9.164927 54.167454 3.175016
v 11.969101 50.148937 8.274252
v -13.206001 51.852924 -1.374776
v -11.299740 51.086517 1.346489
v -2.962651 57.479527 1.542847
v -3.928579 60.991379 -2.297567
v -7.084743 56.937920 -7.224627
v -11.099909 52.413219 -7.430356
v -7.760689 59.250313 -14.432557
v -18.183306 59.361469 -19.886311
v -21.096750 59.777321 -17.271765
v -9.382421 60.677895 -8.768168
v -16.408363 56.561813 -7.679826
v -21.988565 55.357067 -11.272100
v -18.169746 52.066513 -7.211771
v -16.514418 50.636330 -4.936469
v -8.111510 55.506470 -3.717649
v -8.633253 59.566479 -6.591300
v -11.920477 57.170090 -11.750270
v -16.088163 53.506424 -12.643050
v -2.867460 54.136543 -6.726820
v -4.986725 48.449242 -18.076473
v -7.726272 50.500767 -20.048826
v -6.085989 59.496849 -7.169394
v -12.621027 57.038425 -11.316730
v -14.141937 52.669670 -16.862368
v 2.965809 57.501469 -4.027423
v 2.944419 52.393223 -15.725004
v -0.318534 53.413143 -17.747831
v -1.841091 61.256763 -4.230077
v -7.166227 56.721622 -8.859754
v -7.104116 52.580448 -14.872756
v -11.576237 40.652081 -12.003314
v -12.008625 39.561298 -8.313752
v -4.719712 45.232433 -1.092297
v -2.493599 49.129379 -4.767281
v -1.958139 45.238758 -11.745322
v -5.523008 40.956589 -15.535780
v 2.798338 47.812370 -18.081116
v -1.676916 49.418831 -30.735720
v -5.806404 50.281227 -30.658714
v -2.386343 49.573551 -14.409266
v -9.238749 46.160480 -19.281713
v -11.264053 45.658089 -26.720497
v -11.448574 41.580696 -20.759714
v -11.874184 39.810734 -17.715736
v -5.404057 43.850708 -9.713631
v -3.421364 48.275639 -12.121264
v -2.667380 46.175232 -19.284391
v -5.758473 42.834145 -23.732784
v 0.887542 41.640617 -8.323272
v 6.565144 35.848591 -20.221951
v 5.917060 38.430927 -23.828758
v -0.946002 47.837448 -10.663613
v -3.553265 46.133640 -19.469854
v -1.289072 41.660824 -25.976082
v 4.079961 44.412323 -1.175451
v 11.878839 38.955097 -11.471877
v 10.680790 40.506184 -15.625555
v 0.598557 49.114811 -4.763948
v -0.891540 45.018623 -13.215314
v 2.995142 40.572430 -18.725773
v -8.038160 24.036905 14.655075
v -4.232261 23.437750 14.480245
v 0.580528 29.790018 4.319939
v -3.857355 33.118755 2.478901
v -10.226091 28.353268 3.379333
v -12.634815 23.742456 8.312128
v -17.679737 29.940155 -0.745828
v -29.404007 29.985439 6.206186
v -28.657871 30.942204 10.536807
v -13.273623 32.293175 4.271600
v -16.294111 28.471876 12.940983
v -23.206844 27.058325 16.250273
v -16.742859 23.832415 15.950218
v -13.443117 22.489630 16.082460
v -7.407990 27.333277 6.941854
v -10.684666 31.339497 5.024221
v -17.531752 28.322771 5.571629
v -20.831825 24.552408 9.871378
v -7.037527 25.161230 -0.495962
v -18.964722 17.821072 -4.503936
v -22.709583 19.920307 -3.026063
v -9.706760 31.030989 1.965383
v -17.534327 28.280827 6.594380
v -23.720413 23.008173 5.279664
v -1.152477 28.730848 -5.648860
v -12.059862 21.811472 -12.446835
v -16.059168 22.846689 -10.096291
v -4.466291 33.021553 -0.992001
v -11.833822 27.919159 2.465856
v -17.388662 22.740749 -0.784389
v -6.135192 44.070477 10.634666
v -2.862658 44.094574 10.708447
v 0.939471 50.784225 3.136957
v -3.110112 53.156445 1.388593
v -7.844347 47.957664 1.477341
v -9.498095 43.361610 5.177070
v -14.080828 48.412304 -2.453413
v -24.597805 46.460033 2.719373
v -24.459995 47.243023 6.523660
v -11.074184 50.961571 2.118150
v -13.659672 46.833523 8.977897
v -19.553896 44.447651 11.410713
v -13.500732 42.581932 11.232982
v -10.514133 41.875790 11.422137
v -5.574949 47.342636 4.557302
v -8.792902 50.475437 2.895581
v -14.154802 46.781860 2.776393
v -16.640772 42.830109 6.041494
v -4.436490 45.724884 -1.522974
v -12.920031 37.675430 -5.967973
v -16.499338 38.946247 -5.004170
v -7.706377 50.455231 0.440374
v -14.223930 46.708107 3.626128
v -18.485481 41.218899 1.991883
v 0.315713 49.932060 -5.109393
v -7.290648 42.439465 -11.717702
v -10.934156 42.710255 -10.196697
v -3.367694 53.102798 -1.508482
v -9.066072 47.370262 0.593973
v -12.681013 42.106644 -2.650371
v 3.657208 35.579590 13.375125
v 5.385423 34.635029 10.627130
v 2.421986 39.545971 1.592527
v -0.700224 42.920525 3.474145
v -3.752109 39.551437 8.824924
v -2.371544 35.843288 13.480599
v -9.885262 41.780060 11.653538
v -11.194372 43.171173 23.426273
v -7.968833 43.917961 25.295816
v -4.444589 43.305153 11.040892
v -0.937910 40.349606 18.017664
v -2.198815 39.914558 24.887918
v 0.247382 36.383728 20.321632
v 1.737389 34.851021 18.121178
v -0.291771 38.349464 8.759061
v -2.762251 42.181221 9.711931
v -6.046042 40.362385 15.049989
v -5.279198 37.469154 20.004915
v -4.686339 36.435638 4.935887
v -13.542257 31.420013 11.733303
v -14.403133 33.656197 14.752332
v -4.143855 41.801796 7.486317
v -5.424685 40.326359 15.595325
v -9.581770 36.453129 19.677179
v -4.500102 38.835796 -2.140939
v -14.499535 34.110092 2.652312
v -15.125910 35.453270 6.375862
v -3.118487 42.907909 2.138011
v -5.138797 39.360809 9.515358
v -10.219975 35.510616 12.140984
v 7.814619 35.997772 -14.638135
v 4.284040 34.906979 -14.419163
v -1.006517 40.578140 -5.053843
v 2.857910 44.475067 -3.441683
v 9.468014 40.584442 -4.267019
v 12.238035 36.302265 -8.789366
v 11.236097 43.158058 1.976698
v 22.225018 44.764515 -5.216410
v 21.411448 45.626915 -9.425093
v 6.794120 44.919220 -2.747989
v 9.951712 41.506161 -10.936486
v 16.568007 41.003765 -14.412138
v 16.030937 36.926380 -16.013454
v 13.084507 35.156410 -15.994772
v 6.884795 39.196404 -7.530418
v 9.552914 43.621326 -5.898059
v 16.361874 41.520931 -6.486131
v 19.833714 38.179829 -10.497989
v 6.849429 36.986313 -0.505613
v 18.959711 31.194273 3.089946
v 22.196489 33.776630 1.577553
v 8.681881 43.183144 -2.995659
v 16.360613 41.479328 -7.444858
v 22.735954 37.006500 -6.259206
v 0.858198 39.758018 4.347526
v 12.084978 34.300789 10.577884
v 15.706064 35.851875 8.285452
v 3.479310 44.460487 -0.171180
v 11.047838 40.364307 -3.431211
v 16.892178 35.918121 -0.407558
v 6.509559 61.972153 6.851785
v 6.846583 61.210342 4.467565
v 2.152338 65.171158 -0.378750
v 0.596864 67.892860 1.963398
v 0.101248 65.175575 6.501318
v 2.408946 62.184837 8.976092
v -3.229225 66.973030 10.589579
v -0.428696 68.095001 19.038651
v 2.378827 68.697319 19.136829
v 0.349782 68.203064 8.310270
v 4.879019 65.819328 11.619928
v 6.103940 65.468452 16.557970
v 6.281724 62.620712 12.545786
v 6.594357 61.384544 10.546371
v 2.450466 64.206146 5.243254
v 1.090097 67.296593 6.811107
v 0.445878 65.829643 11.445889
v 2.432732 63.496147 14.322574
v -1.747966 62.662582 4.203612
v -5.695924 58.617321 11.634482
v -5.355927 60.420868 14.014017
v -0.560507 66.990555 5.799019
v 1.040202 65.800583 11.586633
v -0.603065 62.676685 15.614916
v -3.773049 64.598389 -0.490703
v -9.113277 60.786972 6.037389
v -8.413552 61.870266 8.752845
v -1.501004 67.882690 1.899963
v -0.643612 65.021843 7.432967
v -3.335888 61.916519 10.841217
v 3.477310 84.284485 -4.422757
v 6.046445 79.475540 -10.942881
v 2.443334 79.614632 -12.614730
v -0.591838 85.449463 -3.246624
v -4.691742 79.621475 -6.653539
v -2.898252 75.737350 -11.898379
v 2.226137 81.237526 4.141788
v 8.040970 76.428574 7.994373
v 10.359812 76.567642 4.730724
v 1.876175 82.402481 -0.114736
v 5.973865 76.574501 -3.516751
v 10.681610 72.690361 -0.710513
v -5.922528 85.774467 1.053326
v -10.921471 80.965508 5.900497
v -8.321712 81.104584 8.926972
v -1.731859 86.939407 1.679120
v 0.614850 81.111435 6.497147
v -3.146379 77.227318 10.526579
v 2.471982 88.533432 -4.231784
v 4.131836 86.370705 -10.448454
v 1.071768 86.809715 -11.491266
v -0.776088 89.083748 -2.810189
v -4.357053 85.227272 -6.339154
v -3.242043 83.460823 -11.300134
v 0.414241 90.372803 3.985364
v 4.357372 88.487816 9.145540
v 7.010776 88.605751 7.242357
v 1.195198 90.547699 0.479147
v 5.966282 86.367912 -0.062934
v 9.219316 84.799698 3.879735
v -4.734522 88.318596 -2.864293
v -10.873550 85.388634 -3.007613
v -11.235838 85.907745 0.209961
v -2.691153 89.226837 -0.030349
v -4.909018 85.241348 4.397544
v -9.746929 82.877106 4.491812
v -3.116061 93.643768 2.077487
v -4.514198 91.887543 6.858335
v -2.141140 92.205772 7.725612
v -0.555416 94.080299 1.030105
v 2.176627 91.029297 3.781509
v 1.223018 89.595764 7.592452
v -3.202937 97.133553 -0.576038
v -4.704920 102.773666 0.643477
v -2.220433 103.733879 0.273618
v -0.553447 95.895065 -0.886910
v 2.292577 99.333946 1.697004
v 1.317625 103.838089 2.724301
v 1.314191 96.976158 -2.537652
v 1.716665 102.436592 -4.792810
v 0.027976 103.556168 -3.006032
v -0.544411 95.910034 -0.545066
v -4.377266 99.320862 -0.975658
v -4.261143 103.689331 -2.678282
v 6.122166 94.575546 -4.154672
v 5.242212 95.384323 -6.026909
v -0.050086 94.879524 -2.950891
v -0.649903 94.155205 -0.359909
v 1.687374 90.250122 -2.709032
v 5.805174 90.346565 -5.345812
v 2.564963 91.724525 -0.325148
v 7.166720 89.616760 -2.316220
v 7.477559 91.985245 -3.829592
v 0.991455 94.216599 -1.208515
v 2.327708 94.818916 -5.898732
v 5.966162 93.265884 -7.607672
v 0.949707 92.373421 -3.800842
v 0.606541 89.557846 -8.538551
v -1.768623 90.670464 -8.975111
v -1.097984 93.902428 -2.318656
v -5.219140 91.673813 -4.011578
v -5.645879 89.460800 -7.752586
v -3.700294 94.404922 -2.881377
v -8.647330 92.789459 -4.392805
v -9.244062 91.985046 -1.944748
v -2.339300 93.852531 -0.390271
v -4.635046 89.475456 1.390252
v -8.539793 88.083992 0.332925
v 3.514579 87.346283 1.505716
v 9.578445 84.242287 1.769938
v 9.839096 84.310951 -1.489940
v 1.399073 87.937782 -1.338692
v 3.366439 83.308151 -5.373381
v 8.137344 80.778641 -5.364959
v 4.229458 76.824135 0.901486
v 10.552311 72.400391 -0.042679
v 10.191542 72.528320 -3.731949
v 1.422505 77.895798 -1.823480
v 2.199314 72.534630 -6.732456
v 7.138294 68.961617 -7.737220
v -0.584322 60.527348 -0.399151
v -0.506770 60.213341 -0.873580
v 6.928715 57.773987 0.880742
v 6.799102 58.042496 1.281685
v 15.858536 59.430225 3.409024
v -0.411514 60.781666 -0.921314
v 6.899797 58.292980 0.846993
v -0.490579 64.186119 -1.082770
v -0.732330 63.828922 -0.682079
v -6.497821 60.535801 -5.729540
v -6.235508 60.848236 -6.037890
v -13.714781 61.282703 -12.232942
v -0.899818 64.394196 -0.688757
v -6.541093 61.066216 -5.688807
v -0.277897 52.055359 -0.851291
v -0.788101 51.707939 -0.728269
v -2.203785 49.008949 -9.663293
v -1.744021 49.306049 -9.691026
v -3.371470 50.841461 -20.556925
v -0.872605 52.336735 -0.818272
v -2.219682 49.583210 -9.609606
v -0.860148 36.475555 -0.854909
v -0.601552 36.160744 -0.309187
v -8.632116 32.352005 3.153119
v -8.786255 32.629635 2.636671
v -19.243492 32.759441 6.437377
v -0.742788 36.775379 -0.205604
v -8.646957 32.926888 3.146924
v -0.799532 56.711407 -1.008097
v -0.550133 56.301952 -0.725899
v -7.131503 51.572514 1.407743
v -7.210616 51.984562 1.113217
v -16.380930 50.404049 3.544493
v -0.695523 56.785339 -0.410583
v -7.096725 52.081985 1.614586
v -0.937310 45.454281 -0.625648
v -0.640712 45.006527 -0.584974
v -2.940648 42.673695 7.242981
v -3.154789 43.073524 7.042781
v -6.022255 44.403118 16.287230
v -0.401639 45.499146 -0.407848
v -2.690162 43.136169 7.194300
v -0.382752 47.401054 -0.324649
v -0.598916 47.053631 -0.833414
v 7.500389 44.354637 -4.126540
v 7.620113 44.651730 -3.649109
v 17.507885 46.187157 -7.469893
v -0.535899 47.682430 -0.945322
v 7.449828 44.928898 -4.134764
v -0.835096 69.936394 -0.679596
v -0.615984 69.575264 -0.755480
v 0.206367 67.693779 5.239792
v -0.000894 68.016243 5.188017
v 0.909809 69.088593 12.414271
v -0.391625 69.972588 -0.716463
v 0.369869 68.066772 5.130308
v -0.938522 37.915485 -1.232136
v -0.371286 38.390331 -1.457476
v -0.597145 34.515022 -5.289695
v -1.031947 34.274166 -5.048433
v -2.167327 31.759111 -9.626131
v -0.276450 37.793633 -1.106823
v -2.526156 31.630272 -9.461541
v -3.793886 30.290468 -14.266308
v -0.587642 34.033844 -4.970668
v -2.223260 31.367615 -9.511415
v -3.999725 30.204451 -14.195499
v -4.530677 30.037823 -17.873203
v -4.666035 29.898138 -17.889992
v -3.854995 30.125446 -14.257981
v -4.531620 29.817373 -17.823925
v -0.834477 34.642887 -4.925263
v -0.944574 34.010620 -5.412508
v -5.368307 33.025227 -6.523677
v -5.586625 33.215961 -6.376506
v -9.785465 29.901613 -7.015881
v -0.844353 34.065254 -4.750433
v -5.519387 32.881763 -6.237925
v -4.585704 29.884214 -17.942337
v -4.556342 29.978748 -17.828548
v -3.693071 29.747906 -18.870871
v -3.794132 29.682062 -18.883387
v -2.886905 29.281620 -19.784781
v -4.582979 29.885223 -17.827364
v -3.696932 29.672506 -18.827696
v -4.759394 29.414049 -19.513847
v -4.801148 29.361704 -19.488001
v -4.870733 28.413534 -21.120577
v -4.717737 29.363411 -19.493486
v -0.801483 26.790825 -0.877608
v -0.076297 27.324793 -0.381003
v -1.078966 25.341745 3.798272
v -1.709886 24.854912 3.356111
v -4.535108 23.565840 15.061000
v -0.918009 27.528965 -0.388835
v -4.973067 23.336407 14.954205
v -3.777371 21.989683 24.752865
v -1.723130 25.576902 3.691011
v -4.958527 23.628332 15.028401
v -1.453805 24.871157 3.023025
v -1.137481 25.419241 3.401298
v 1.553601 21.212500 10.112696
v 1.151836 20.989594 9.943502
v 2.595861 16.877436 13.810935
v -1.683441 25.034416 4.317205
v 1.072747 21.193707 10.431993
v -4.865222 23.374237 14.639971
v -5.049256 23.420218 15.458714
v -6.910260 24.027384 17.001837
v -7.180821 24.136686 16.682480
v -11.364382 24.604261 20.821207
v -4.665195 23.600128 15.020969
v -6.941682 24.351500 16.778427
v -10.966722 73.968613 3.459654
v -14.480659 73.957939 7.583339
v -9.992540 78.328445 10.867675
v -4.994854 78.973267 4.749875
v -7.345038 77.333427 13.331107
v -2.904520 78.551720 -6.014262
v -3.445528 77.567886 8.226078
v -0.270429 82.262512 -0.916620
v 2.280504 81.417404 0.679695
v -9.982929 78.514122 10.893674
v -10.069757 70.945374 11.975221
v -6.290464 70.957466 7.312858
v -4.902071 79.021828 4.821718
v 2.360025 76.012321 -3.419267
v -12.122492 80.968002 8.766332
v -0.167314 82.265106 -0.920724
v -8.393789 80.887199 4.546490
v -2.741642 83.899872 -1.855776
v 10.196621 64.634445 7.987863
v 16.803131 64.621178 9.308144
v 17.589045 70.063217 2.237807
v 7.959498 70.866127 0.431239
v 18.637495 68.824257 -2.159085
v -4.906880 70.341263 4.660363
v 10.768320 69.116196 -3.394958
v -0.994732 74.961830 -1.392615
v -0.808771 73.909538 -5.187848
v 17.610863 70.294418 2.208484
v 18.852646 60.869965 1.781827
v 11.503147 60.885017 0.427797
v 7.980978 70.926613 0.283844
v -5.293324 67.179230 -2.794160
v 16.604868 73.349930 5.813144
v -1.061154 74.965050 -1.504299
v 9.792213 73.249306 4.292260
v -0.522121 77.000633 1.898473
v 6.371031 70.305481 -13.097967
v 6.519855 70.292114 -20.012619
v -0.443921 75.778618 -19.476082
v -0.459800 76.588081 -9.457847
v -4.931644 74.529541 -19.722057
v 5.994450 76.058929 2.692782
v -4.688044 74.823860 -11.582319
v -0.576241 80.717262 -0.138585
v -4.307225 79.656342 0.371430
v -0.475414 76.011711 -19.490612
v -1.156590 66.510239 -20.771097
v -1.156578 66.525421 -13.071328
v -0.606516 76.649078 -9.452256
v -1.153840 72.871078 4.469964
v 3.250574 79.092186 -19.117599
v -0.672896 80.720512 -0.051529
v 2.980367 78.990746 -11.998802
v 2.559721 82.772713 -1.219340
v -11.328669 63.400753 -10.450702
v -17.959795 63.387386 -11.980034
v -18.920853 68.873901 -4.890277
v -9.254929 69.683372 -2.791127
v -20.094522 67.624794 -0.480915
v 3.828743 69.154205 -6.711291
v -12.188080 67.919121 1.001289
v -0.270651 73.812553 -0.726232
v -0.555512 72.751640 3.105819
v -18.943083 69.106987 -4.862239
v -20.231480 59.605511 -4.418488
v -12.847048 59.620686 -2.819054
v -9.280256 69.744339 -2.643252
v 4.028716 65.966324 0.853718
v -17.829250 72.187454 -8.479652
v -0.206552 73.815804 -0.611748
v -11.000721 72.086029 -6.751696
v -0.662252 75.867989 -4.068856
v -0.303615 50.573292 -1.269158
v 0.149329 50.542305 -0.641035
v 1.665750 -1.796284 0.118758
v 0.245941 -1.788664 -2.267375
v -0.569211 97.140594 -0.752003
v -1.031461 50.585392 -1.137929
v -2.265723 -1.859919 -1.768438
v -1.239838 50.551544 -0.637617
v -3.110976 -1.781515 0.138858
v -0.809407 50.558575 -0.002797
v -1.410983 -1.826203 2.563857
v -0.077275 50.547745 -0.129546
v 1.090811 -1.840626 2.165057
v 13.310551 33.302338 2.945503
v 13.273378 33.682816 3.184476
v -0.759603 36.671597 -0.051042
v -0.637656 35.919037 -0.346972
v 24.717098 35.064629 5.289187
v 13.310335 33.706970 2.747596
v -0.599691 36.697262 -0.869111
vt 0.814453 1.002600
vt 0.707520 0.988304
vt 0.709473 0.508301
vt 0.814453 0.434570
vt 0.989258 0.634277
vt 0.979492 0.996601
vt 0.814453 1.002600
vt 0.707520 0.988304
vt 0.709473 0.508301
vt 0.814453 0.434570
vt 0.989258 0.634277
vt 0.979492 0.996601
vt 0.709473 0.508301
vt 0.707520 0.988304
vt 0.814453 1.002600
vt 0.814453 0.434570
vt 0.989258 0.634277
vt 0.979492 0.996601
vt 0.814453 1.002600
vt 0.707520 0.988304
vt 0.709473 0.508301
vt 0.814453 0.434570
vt 0.989258 0.634277
vt 0.979492 0.996601
vt 0.709473 0.508301
vt 0.707520 0.988304
vt 0.814453 1.002600
vt 0.814453 0.434570
vt 0.989258 0.634277
vt 0.979492 0.996601
vt 0.709473 0.508301
vt 0.707520 0.988304
vt 0.814453 1.002600
vt 0.814453 0.434570
vt 0.989258 0.634277
vt 0.979492 0.996601
vt 0.814453 1.002600
vt 0.707520 0.988304
vt 0.709473 0.508301
vt 0.814453 0.434570
vt 0.989258 0.634277
vt 0.979492 0.996601
vt 0.709473 0.508301
vt 0.707520 0.988304
vt 0.814453 1.002600
vt 0.814453 0.434570
vt 0.989258 0.634277
vt 0.979492 0.996601
vt 0.814453 1.002600
vt 0.707520 0.988304
vt 0.709473 0.508301
vt 0.814453 0.434570
vt 0.989258 0.634277
vt 0.979492 0.996601
vt 0.709473 0.508301
vt 0.707520 0.988304
vt 0.814453 1.002600
vt 0.814453 0.434570
vt 0.989258 0.634277
vt 0.979492 0.996601
vt 0.814453 1.002600
vt 0.707520 0.988304
vt 0.709473 0.508301
vt 0.814453 0.434570
vt 0.989258 0.634277
vt 0.979492 0.996601
vt 0.814453 1.002600
vt 0.707520 0.988304
vt 0.709473 0.508301
vt 0.814453 0.434570
vt 0.989258 0.634277
vt 0.979492 0.996601
vt 0.709473 0.508301
vt 0.707520 0.988304
vt 0.814453 1.002600
vt 0.814453 0.434570
vt 0.989258 0.634277
vt 0.979492 0.996601
vt 0.814453 1.002600
vt 0.707520 0.988304
vt 0.709473 0.508301
vt 0.814453 0.434570
vt 0.989258 0.634277
vt 0.979492 0.996601
vt 0.709473 0.508301
vt 0.707520 0.988304
vt 0.814453 1.002600
vt 0.814453 0.434570
vt 0.989258 0.634277
vt 0.979492 0.996601
vt 0.814453 1.002600
vt 0.707520 0.988304
vt 0.709473 0.508301
vt 0.814453 0.434570
vt 0.989258 0.634277
vt 0.979492 0.996601
vt 0.814453 1.002600
vt 0.707520 0.988304
vt 0.709473 0.508301
vt 0.814453 0.434570
vt 0.989258 0.634277
vt 0.979492 0.996601
vt 0.709473 0.508301
vt 0.707520 0.988304
vt 0.814453 1.002600
vt 0.814453 0.434570
vt 0.989258 0.634277
vt 0.979492 0.996601
vt 0.814453 1.002600
vt 0.707520 0.988304
vt 0.709473 0.508301
vt 0.814453 0.434570
vt 0.989258 0.634277
vt 0.979492 0.996601
vt 0.709473 0.508301
vt 0.707520 0.988304
vt 0.814453 1.002600
vt 0.814453 0.434570
vt 0.989258 0.634277
vt 0.979492 0.996601
vt 0.814453 1.002600
vt 0.707520 0.988304
vt 0.709473 0.508301
vt 0.814453 0.434570
vt 0.989258 0.634277
vt 0.979492 0.996601
vt 0.814453 1.002600
vt 0.707520 0.988304
vt 0.709473 0.508301
vt 0.814453 0.434570
vt 0.989258 0.634277
vt 0.979492 0.996601
vt 0.709473 0.508301
vt 0.707520 0.988304
vt 0.814453 1.002600
vt 0.814453 0.434570
vt 0.989258 0.634277
vt 0.979492 0.996601
vt 0.814453 1.002600
vt 0.707520 0.988304
vt 0.709473 0.508301
vt 0.814453 0.434570
vt 0.989258 0.634277
vt 0.979492 0.996601
vt 0.709473 0.508301
vt 0.707520 0.988304
vt 0.814453 1.002600
vt 0.814453 0.434570
vt 0.989258 0.634277
vt 0.979492 0.996601
vt 0.814453 1.002600
vt 0.707520 0.988304
vt 0.709473 0.508301
vt 0.814453 0.434570
vt 0.989258 0.634277
vt 0.979492 0.996601
vt 0.709473 0.508301
vt 0.707520 0.988304
vt 0.814453 1.002600
vt 0.814453 0.434570
vt 0.989258 0.634277
vt 0.979492 0.996601
vt 0.709473 0.508301
vt 0.707520 0.988304
vt 0.814453 1.002600
vt 0.814453 0.434570
vt 0.989258 0.634277
vt 0.979492 0.996601
vt 0.814453 1.002600
vt 0.707520 0.988304
vt 0.709473 0.508301
vt 0.814453 0.434570
vt 0.989258 0.634277
vt 0.979492 0.996601
vt 0.709473 0.508301
vt 0.707520 0.988304
vt 0.814453 1.002600
vt 0.814453 0.434570
vt 0.989258 0.634277
vt 0.979492 0.996601
vt 0.814453 1.002600
vt 0.707520 0.988304
vt 0.709473 0.508301
vt 0.814453 0.434570
vt 0.989258 0.634277
vt 0.979492 0.996601
vt 0.814453 1.002600
vt 0.707520 0.988304
vt 0.709473 0.508301
vt 0.814453 0.434570
vt 0.989258 0.634277
vt 0.979492 0.996601
vt 0.709473 0.508301
vt 0.707520 0.988304
vt 0.814453 1.002600
vt 0.814453 0.434570
vt 0.989258 0.634277
vt 0.979492 0.996601
vt 0.814453 1.002600
vt 0.707520 0.988304
vt 0.709473 0.508301
vt 0.814453 0.434570
vt 0.989258 0.634277
vt 0.979492 0.996601
vt 0.709473 0.508301
vt 0.707520 0.988304
vt 0.814453 1.002600
vt 0.814453 0.434570
vt 0.989258 0.634277
vt 0.979492 0.996601
vt 0.814453 1.002600
vt 0.707520 0.988304
vt 0.709473 0.508301
vt 0.814453 0.434570
vt 0.989258 0.634277
vt 0.979492 0.996601
vt 0.814453 1.002600
vt 0.707520 0.988304
vt 0.709473 0.508301
vt 0.814453 0.434570
vt 0.989258 0.634277
vt 0.979492 0.996601
vt 0.709473 0.508301
vt 0.707520 0.988304
vt 0.814453 1.002600
vt 0.814453 0.434570
vt 0.989258 0.634277
vt 0.979492 0.996601
vt 0.814453 1.002600
vt 0.707520 0.988304
vt 0.709473 0.508301
vt 0.814453 0.434570
vt 0.989258 0.634277
vt 0.979492 0.996601
vt 0.709473 0.508301
vt 0.707520 0.988304
vt 0.814453 1.002600
vt 0.814453 0.434570
vt 0.989258 0.634277
vt 0.979492 0.996601
vt 0.814453 1.002600
vt 0.707520 0.988304
vt 0.709473 0.508301
vt 0.814453 0.434570
vt 0.989258 0.634277
vt 0.979492 0.996601
vt 0.814453 1.002600
vt 0.707520 0.988304
vt 0.709473 0.508301
vt 0.814453 0.434570
vt 0.989258 0.634277
vt 0.979492 0.996601
vt 0.709473 0.508301
vt 0.707520 0.988304
vt 0.814453 1.002600
vt 0.814453 0.434570
vt 0.989258 0.634277
vt 0.979492 0.996601
vt 0.814453 1.002600
vt 0.707520 0.988304
vt 0.709473 0.508301
vt 0.814453 0.434570
vt 0.989258 0.634277
vt 0.979492 0.996601
vt 0.709473 0.508301
vt 0.707520 0.988304
vt 0.814453 1.002600
vt 0.814453 0.434570
vt 0.989258 0.634277
vt 0.979492 0.996601
vt 0.814453 1.002600
vt 0.707520 0.988304
vt 0.709473 0.508301
vt 0.814453 0.434570
vt 0.989258 0.634277
vt 0.979492 0.996601
vt 0.814453 1.002600
vt 0.707520 0.988304
vt 0.709473 0.508301
vt 0.814453 0.434570
vt 0.989258 0.634277
vt 0.979492 0.996601
vt 0.812012 0.997900
vt 0.707520 0.997900
vt 0.709473 0.510742
vt 0.816895 0.429688
vt 0.998047 0.590088
vt 0.998047 0.997900
vt 0.812012 0.997900
vt 0.707520 0.997900
vt 0.709473 0.510742
vt 0.816895 0.429688
vt 0.998047 0.590088
vt 0.998047 0.997900
vt 0.812012 0.997900
vt 0.707520 0.997900
vt 0.709473 0.510742
vt 0.816895 0.429688
vt 0.998047 0.590088
vt 0.998047 0.997900
vt 0.812012 0.997900
vt 0.707520 0.997900
vt 0.709473 0.510742
vt 0.816895 0.429688
vt 0.998047 0.590088
vt 0.998047 0.997900
vt 0.812012 0.997900
vt 0.707520 0.997900
vt 0.709473 0.510742
vt 0.816895 0.429688
vt 0.998047 0.590088
vt 0.998047 0.997900
vt 0.812012 0.997900
vt 0.707520 0.997900
vt 0.709473 0.510742
vt 0.816895 0.429688
vt 0.998047 0.590088
vt 0.998047 0.997900
vt 0.812012 0.997900
vt 0.707520 0.997900
vt 0.709473 0.510742
vt 0.816895 0.429688
vt 0.998047 0.590088
vt 0.998047 0.997900
vt 0.812012 0.997900
vt 0.707520 0.997900
vt 0.709473 0.510742
vt 0.816895 0.429688
vt 0.998047 0.590088
vt 0.998047 0.997900
vt 0.812012 0.997900
vt 0.707520 0.997900
vt 0.709473 0.510742
vt 0.816895 0.429688
vt 0.998047 0.590088
vt 0.998047 0.997900
vt 0.812012 0.997900
vt 0.707520 0.997900
vt 0.709473 0.510742
vt 0.816895 0.429688
vt 0.998047 0.590088
vt 0.998047 0.997900
vt 0.812012 0.997900
vt 0.707520 0.997900
vt 0.709473 0.510742
vt 0.816895 0.429688
vt 0.998047 0.590088
vt 0.998047 0.997900
vt 0.812012 0.997900
vt 0.707520 0.997900
vt 0.709473 0.510742
vt 0.816895 0.429688
vt 0.998047 0.590088
vt 0.998047 0.997900
vt 0.812012 0.997900
vt 0.707520 0.997900
vt 0.709473 0.510742
vt 0.816895 0.429688
vt 0.998047 0.590088
vt 0.998047 0.997900
vt 0.608398 0.531006
vt 0.710449 0.380859
vt 0.628906 0.061035
vt 0.500977 0.466797
vt 0.520020 0.175781
vt 0.610352 0.531006
vt 0.710449 0.382324
vt 0.628906 0.061035
vt 0.500977 0.466797
vt 0.535645 0.048340
vt 0.608398 0.531006
vt 0.710449 0.380859
vt 0.628906 0.061035
vt 0.500977 0.466797
vt 0.520020 0.175781
vt 0.610352 0.531006
vt 0.710449 0.382324
vt 0.628906 0.061035
vt 0.500977 0.466797
vt 0.535645 0.048340
vt 0.608398 0.531006
vt 0.710449 0.380859
vt 0.628906 0.061035
vt 0.500977 0.466797
vt 0.520020 0.175781
vt 0.610352 0.531006
vt 0.710449 0.382324
vt 0.628906 0.061035
vt 0.500977 0.466797
vt 0.535645 0.048340
vt 0.500977 0.466797
vt 0.520020 0.175781
vt 0.628906 0.061035
vt 0.608398 0.531006
vt 0.710449 0.380859
vt 0.500977 0.466797
vt 0.535645 0.048340
vt 0.628906 0.061035
vt 0.610352 0.531006
vt 0.710449 0.382324
vt 0.500977 0.466797
vt 0.520020 0.175781
vt 0.628906 0.061035
vt 0.608398 0.531006
vt 0.710449 0.380859
vt 0.500977 0.466797
vt 0.535645 0.048340
vt 0.628906 0.061035
vt 0.610352 0.531006
vt 0.710449 0.382324
vt 0.357666 0.980011
vt 0.389160 0.974915
vt 0.326172 1.266357
vt 0.301270 1.269775
vt 0.326172 0.990906
vt 0.278809 1.263184
vt 0.290283 0.963715
vt 0.204590 1.507812
vt 0.258545 1.258789
vt 0.233887 1.258057
vt 0.709473 0.575928
vt 0.707520 0.956421
vt 0.812500 1.004700
vt 0.815430 0.429199
vt 0.989258 0.647461
vt 0.970215 0.957214
vt 0.709473 0.575928
vt 0.707520 0.956421
vt 0.812500 1.004700
vt 0.815430 0.429199
vt 0.989258 0.647461
vt 0.970215 0.957214
vt 0.812500 1.004700
vt 0.707520 0.956421
vt 0.709473 0.575928
vt 0.815430 0.429199
vt 0.989258 0.647461
vt 0.970215 0.957214
vt 0.709473 0.575928
vt 0.707520 0.956421
vt 0.812500 1.004700
vt 0.815430 0.429199
vt 0.989258 0.647461
vt 0.970215 0.957214
vt 0.812500 1.004700
vt 0.707520 0.956421
vt 0.709473 0.575928
vt 0.815430 0.429199
vt 0.989258 0.647461
vt 0.970215 0.957214
vt 0.812500 1.004700
vt 0.707520 0.956421
vt 0.709473 0.575928
vt 0.815430 0.429199
vt 0.989258 0.647461
vt 0.970215 0.957214
vt 0.812500 1.004700
vt 0.707520 0.956421
vt 0.709473 0.575928
vt 0.815430 0.429199
vt 0.989258 0.647461
vt 0.970215 0.957214
vt 0.709473 0.575928
vt 0.707520 0.956421
vt 0.812500 1.004700
vt 0.815430 0.429199
vt 0.989258 0.647461
vt 0.970215 0.957214
vt 0.812500 1.004700
vt 0.707520 0.956421
vt 0.709473 0.575928
vt 0.815430 0.429199
vt 0.989258 0.647461
vt 0.970215 0.957214
vt 0.709473 0.575928
vt 0.707520 0.956421
vt 0.812500 1.004700
vt 0.815430 0.429199
vt 0.989258 0.647461
vt 0.970215 0.957214
vt 0.709473 0.575928
vt 0.707520 0.956421
vt 0.812500 1.004700
vt 0.815430 0.429199
vt 0.989258 0.647461
vt 0.970215 0.957214
vt 0.812500 1.004700
vt 0.707520 0.956421
vt 0.709473 0.575928
vt 0.815430 0.429199
vt 0.989258 0.647461
vt 0.970215 0.957214
vt 0.709473 0.575928
vt 0.707520 0.956421
vt 0.812500 1.004700
vt 0.815430 0.429199
vt 0.989258 0.647461
vt 0.970215 0.957214
vt 0.812500 1.004700
vt 0.707520 0.956421
vt 0.709473 0.575928
vt 0.815430 0.429199
vt 0.989258 0.647461
vt 0.970215 0.957214
vt 0.709473 0.575928
vt 0.707520 0.956421
vt 0.812500 1.004700
vt 0.815430 0.429199
vt 0.989258 0.647461
vt 0.970215 0.957214
vt 0.709473 0.575928
vt 0.707520 0.956421
vt 0.812500 1.004700
vt 0.815430 0.429199
vt 0.989258 0.647461
vt 0.970215 0.957214
vt 0.812500 1.004700
vt 0.707520 0.956421
vt 0.709473 0.575928
vt 0.815430 0.429199
vt 0.989258 0.647461
vt 0.970215 0.957214
vt 0.709473 0.575928
vt 0.707520 0.956421
vt 0.812500 1.004700
vt 0.815430 0.429199
vt 0.989258 0.647461
vt 0.970215 0.957214
vt 0.812500 1.004700
vt 0.707520 0.956421
vt 0.709473 0.575928
vt 0.815430 0.429199
vt 0.989258 0.647461
vt 0.970215 0.957214
vt 0.709473 0.575928
vt 0.707520 0.956421
vt 0.812500 1.004700
vt 0.815430 0.429199
vt 0.989258 0.647461
vt 0.970215 0.957214
vt 0.709473 0.575928
vt 0.707520 0.956421
vt 0.812500 1.004700
vt 0.815430 0.429199
vt 0.989258 0.647461
vt 0.970215 0.957214
vt 0.812500 1.004700
vt 0.707520 0.956421
vt 0.709473 0.575928
vt 0.815430 0.429199
vt 0.989258 0.647461
vt 0.970215 0.957214
vt 0.709473 0.575928
vt 0.707520 0.956421
vt 0.812500 1.004700
vt 0.815430 0.429199
vt 0.989258 0.647461
vt 0.970215 0.957214
vt 0.812500 1.004700
vt 0.707520 0.956421
vt 0.709473 0.575928
vt 0.815430 0.429199
vt 0.989258 0.647461
vt 0.970215 0.957214
vt 0.709473 0.575928
vt 0.707520 0.956421
vt 0.812500 1.004700
vt 0.815430 0.429199
vt 0.989258 0.647461
vt 0.970215 0.957214
vt 0.709473 0.575928
vt 0.707520 0.956421
vt 0.812500 1.004700
vt 0.815430 0.429199
vt 0.989258 0.647461
vt 0.970215 0.957214
vt 0.812500 1.004700
vt 0.707520 0.956421
vt 0.709473 0.575928
vt 0.815430 0.429199
vt 0.989258 0.647461
vt 0.970215 0.957214
vt 0.709473 0.575928
vt 0.707520 0.956421
vt 0.812500 1.004700
vt 0.815430 0.429199
vt 0.989258 0.647461
vt 0.970215 0.957214
vt 0.812500 1.004700
vt 0.707520 0.956421
vt 0.709473 0.575928
vt 0.815430 0.429199
vt 0.989258 0.647461
vt 0.970215 0.957214
vt 0.709473 0.575928
vt 0.707520 0.956421
vt 0.812500 1.004700
vt 0.815430 0.429199
vt 0.989258 0.647461
vt 0.970215 0.957214
vt 0.709473 0.575928
vt 0.707520 0.956421
vt 0.812500 1.004700
vt 0.815430 0.429199
vt 0.989258 0.647461
vt 0.970215 0.957214
vt 0.812500 1.004700
vt 0.707520 0.956421
vt 0.709473 0.575928
vt 0.815430 0.429199
vt 0.989258 0.647461
vt 0.970215 0.957214
vt 0.709473 0.575928
vt 0.707520 0.956421
vt 0.812500 1.004700
vt 0.815430 0.429199
vt 0.989258 0.647461
vt 0.970215 0.957214
vt 0.812500 1.004700
vt 0.707520 0.956421
vt 0.709473 0.575928
vt 0.815430 0.429199
vt 0.989258 0.647461
vt 0.970215 0.957214
vt 0.709473 0.575928
vt 0.707520 0.956421
vt 0.812500 1.004700
vt 0.815430 0.429199
vt 0.989258 0.647461
vt 0.970215 0.957214
vt 0.709473 0.575928
vt 0.707520 0.956421
vt 0.812500 1.004700
vt 0.815430 0.429199
vt 0.989258 0.647461
vt 0.970215 0.957214
vt 0.812500 1.004700
vt 0.707520 0.956421
vt 0.709473 0.575928
vt 0.815430 0.429199
vt 0.989258 0.647461
vt 0.970215 0.957214
vt 0.709473 0.575928
vt 0.707520 0.956421
vt 0.812500 1.004700
vt 0.815430 0.429199
vt 0.989258 0.647461
vt 0.970215 0.957214
vt 0.812500 1.004700
vt 0.707520 0.956421
vt 0.709473 0.575928
vt 0.815430 0.429199
vt 0.989258 0.647461
vt 0.970215 0.957214
vt 0.709473 0.575928
vt 0.707520 0.956421
vt 0.812500 1.004700
vt 0.815430 0.429199
vt 0.989258 0.647461
vt 0.970215 0.957214
vt 0.709473 0.575928
vt 0.707520 0.956421
vt 0.812500 1.004700
vt 0.815430 0.429199
vt 0.989258 0.647461
vt 0.970215 0.957214
vt 0.812500 1.004700
vt 0.707520 0.956421
vt 0.709473 0.575928
vt 0.815430 0.429199
vt 0.989258 0.647461
vt 0.970215 0.957214
vt 0.709473 0.575928
vt 0.707520 0.956421
vt 0.812500 1.004700
vt 0.815430 0.429199
vt 0.989258 0.647461
vt 0.970215 0.957214
vt 0.812500 1.004700
vt 0.707520 0.956421
vt 0.709473 0.575928
vt 0.815430 0.429199
vt 0.989258 0.647461
vt 0.970215 0.957214
vt 0.709473 0.575928
vt 0.707520 0.956421
vt 0.812500 1.004700
vt 0.815430 0.429199
vt 0.989258 0.647461
vt 0.970215 0.957214
vt 0.709473 0.575928
vt 0.707520 0.956421
vt 0.812500 1.004700
vt 0.815430 0.429199
vt 0.989258 0.647461
vt 0.970215 0.957214
vt 0.709473 0.510742
vt 0.707520 0.997900
vt 0.812012 0.997900
vt 0.816895 0.429688
vt 0.998047 0.590088
vt 0.998047 0.997900
vt 0.709473 0.510742
vt 0.707520 0.997900
vt 0.812012 0.997900
vt 0.816895 0.429688
vt 0.998047 0.590088
vt 0.998047 0.997900
vt 0.709473 0.510742
vt 0.707520 0.997900
vt 0.812012 0.997900
vt 0.816895 0.429688
vt 0.998047 0.590088
vt 0.998047 0.997900
vt 0.709473 0.510742
vt 0.707520 0.997900
vt 0.812012 0.997900
vt 0.816895 0.429688
vt 0.998047 0.590088
vt 0.998047 0.997900
vt 0.709473 0.510742
vt 0.707520 0.997900
vt 0.812012 0.997900
vt 0.816895 0.429688
vt 0.998047 0.590088
vt 0.998047 0.997900
vt 0.709473 0.510742
vt 0.707520 0.997900
vt 0.812012 0.997900
vt 0.816895 0.429688
vt 0.998047 0.590088
vt 0.998047 0.997900
vt 0.709473 0.510742
vt 0.707520 0.997900
vt 0.812012 0.997900
vt 0.816895 0.429688
vt 0.998047 0.590088
vt 0.998047 0.997900
vt 0.709473 0.510742
vt 0.707520 0.997900
vt 0.812012 0.997900
vt 0.816895 0.429688
vt 0.998047 0.590088
vt 0.998047 0.997900
vt 0.709473 0.510742
vt 0.707520 0.997900
vt 0.812012 0.997900
vt 0.816895 0.429688
vt 0.998047 0.590088
vt 0.998047 0.997900
vt 0.812012 0.997900
vt 0.707520 0.997900
vt 0.709473 0.510742
vt 0.816895 0.429688
vt 0.998047 0.590088
vt 0.998047 0.997900
vt 0.709473 0.510742
vt 0.707520 0.997900
vt 0.812012 0.997900
vt 0.816895 0.429688
vt 0.998047 0.590088
vt 0.998047 0.997900
vt 0.709473 0.510742
vt 0.707520 0.997900
vt 0.812012 0.997900
vt 0.816895 0.429688
vt 0.998047 0.590088
vt 0.998047 0.997900
vt 0.709473 0.510742
vt 0.707520 0.997900
vt 0.812012 0.997900
vt 0.816895 0.429688
vt 0.998047 0.590088
vt 0.998047 0.997900
vt 0.709473 0.510742
vt 0.707520 0.997900
vt 0.812012 0.997900
vt 0.816895 0.429688
vt 0.998047 0.590088
vt 0.998047 0.997900
vt 0.709473 0.510742
vt 0.707520 0.997900
vt 0.812012 0.997900
vt 0.816895 0.429688
vt 0.998047 0.590088
vt 0.998047 0.997900
vt 0.323975 -0.062500
vt 0.411865 -0.053711
vt 0.375732 1.018494
vt 0.296875 1.008499
vt 0.206787 2.287109
vt 0.227173 -0.063477
vt 0.218140 1.004997
vt 0.141479 1.014099
vt 0.143799 -0.055664
vt 0.323975 -0.093750
vt 0.416260 -0.085938
vt 0.377930 1.015686
vt 0.299072 1.005497
vt 0.206787 2.318359
vt 0.227173 -0.095703
vt 0.215820 1.001800
vt 0.139282 1.011299
vt 0.139282 -0.087891
vt 0.328369 -0.194336
vt 0.427490 -0.184570
vt 0.384766 1.001599
vt 0.299072 0.990402
vt 0.195557 2.405273
vt 0.224854 -0.196289
vt 0.209106 0.986504
vt 0.125732 0.996500
vt 0.130249 -0.187500
vt 0.328369 -0.194336
vt 0.427490 -0.185547
vt 0.389160 1.001599
vt 0.303711 0.990204
vt 0.191040 2.404297
vt 0.224854 -0.196289
vt 0.213623 0.986000
vt 0.130249 0.995800
vt 0.130249 -0.188477
vt 0.265381 -0.048828
vt 0.348633 -0.041992
vt 0.333008 1.040588
vt 0.258545 1.023087
vt 0.220337 2.305664
vt 0.168579 -0.046875
vt 0.177490 1.020798
vt 0.098755 1.040985
vt 0.080750 -0.041992
vt 0.263184 0.000488
vt 0.344238 0.007812
vt 0.326172 1.045380
vt 0.256348 1.028687
vt 0.218140 2.257812
vt 0.170898 0.003418
vt 0.177490 1.026398
vt 0.103271 1.045685
vt 0.085266 0.007812
vt 0.328369 -0.196289
vt 0.427490 -0.186523
vt 0.384766 0.999900
vt 0.299072 0.988800
vt 0.200073 2.403320
vt 0.222656 -0.198242
vt 0.211304 0.984901
vt 0.128052 0.994801
vt 0.130249 -0.189453
vt 0.254150 0.230957
vt 0.319336 0.237305
vt 0.305908 1.073975
vt 0.249634 1.060272
vt 0.218140 2.051758
vt 0.179810 0.233887
vt 0.184326 1.058380
vt 0.125732 1.073975
vt 0.109985 0.237305
vt 0.278809 0.157227
vt 0.393799 0.139648
vt 0.326172 0.792236
vt 0.242920 0.794189
vt 0.271973 1.422363
vt 0.170898 0.149902
vt 0.209106 1.427979
vt 0.321777 2.016602
vt 0.166382 0.794189
vt 0.071655 0.127930
vt 0.082947 0.787720
vt 0.150513 1.435303
vt 0.089783 1.431641
vt 0.285645 2.018555
vt 0.351074 2.442383
vt 0.323975 2.450195
vt 0.260986 2.023438
vt 0.233887 2.021484
vt 0.301270 2.439453
vt 0.267578 2.447266
vt 0.249634 0.531494
vt 0.351074 0.578857
vt 0.299072 1.170532
vt 0.251953 1.180664
vt 0.204590 1.839355
vt 0.161865 0.547119
vt 0.197876 1.186279
vt 0.152710 1.170898
vt 0.078491 0.585205
vt 0.229370 0.994801
vt 0.247437 0.986900
vt 0.240601 1.148682
vt 0.224854 1.141479
vt 0.206787 1.299072
vt 0.218140 0.985306
vt 0.209106 1.145264
vt 0.195557 1.146484
vt 0.204590 0.986000
vt 0.195557 1.147461
vt 0.229370 1.030289
vt 0.256348 1.022690
vt 0.233887 1.220581
vt 0.222656 1.220459
vt 0.220337 1.430908
vt 0.204590 1.023590
vt 0.211304 1.220093
vt 0.200073 1.220947
vt 0.170898 1.023788
vt 0.335205 0.155762
vt 0.486084 0.158203
vt 0.461426 0.698975
vt 0.330566 0.686035
vt 0.339600 2.033203
vt 0.206787 0.169434
vt 0.267578 2.025391
vt 0.191040 3.095703
vt 0.213623 0.695801
vt 0.076172 0.164062
vt 0.109985 0.696777
vt 0.224854 2.028320
vt 0.161865 2.026367
vt 0.308105 0.350586
vt 0.411865 0.370117
vt 0.317139 1.299561
vt 0.247437 1.285156
vt 0.215820 1.937988
vt 0.161865 0.437500
vt 0.177490 1.301025
vt 0.094299 1.299805
vt 0.031189 0.363770
vt 0.242920 0.760254
vt 0.312744 0.836914
vt 0.299072 1.142578
vt 0.240601 1.146973
vt 0.220337 1.862793
vt 0.175293 0.775513
vt 0.193359 1.137695
vt 0.139282 1.142090
vt 0.132568 0.835449
vt 0.997559 0.642822
vt 0.998047 0.997900
vt 0.812012 0.997900
vt 0.816895 0.437988
vt 0.707520 0.997900
vt 0.998047 0.012207
vt 0.709473 0.614746
vt 0.819336 0.012207
vt 0.724609 0.012207
vt 0.812012 0.997900
vt 0.998047 0.997900
vt 0.997559 0.642822
vt 0.816895 0.437988
vt 0.998047 0.012207
vt 0.707520 0.997900
vt 0.819336 0.012207
vt 0.709473 0.614746
vt 0.724609 0.012207
vt 0.997559 0.642822
vt 0.998047 0.997900
vt 0.812012 0.997900
vt 0.816895 0.437988
vt 0.707520 0.997900
vt 0.998047 0.012207
vt 0.709473 0.614746
vt 0.819336 0.012207
vt 0.724609 0.012207
vt 0.812012 0.997900
vt 0.998047 0.997900
vt 0.997559 0.642822
vt 0.816895 0.437988
vt 0.998047 0.012207
vt 0.707520 0.997900
vt 0.819336 0.012207
vt 0.709473 0.614746
vt 0.724609 0.012207
vt 0.997559 0.642822
vt 0.998047 0.997900
vt 0.812012 0.997900
vt 0.816895 0.437988
vt 0.707520 0.997900
vt 0.998047 0.012207
vt 0.709473 0.614746
vt 0.819336 0.012207
vt 0.724609 0.012207
vt 0.812012 0.997900
vt 0.998047 0.997900
vt 0.997559 0.642822
vt 0.816895 0.437988
vt 0.998047 0.012207
vt 0.707520 0.997900
vt 0.819336 0.012207
vt 0.709473 0.614746
vt 0.724609 0.012207
vt 0.997559 0.642822
vt 0.998047 0.997900
vt 0.812012 0.997900
vt 0.816895 0.437988
vt 0.707520 0.997900
vt 0.998047 0.012207
vt 0.709473 0.614746
vt 0.819336 0.012207
vt 0.724609 0.012207
vt 0.812012 0.997900
vt 0.998047 0.997900
vt 0.997559 0.642822
vt 0.816895 0.437988
vt 0.998047 0.012207
vt 0.707520 0.997900
vt 0.819336 0.012207
vt 0.709473 0.614746
vt 0.724609 0.012207
vt 0.099792 0.657715
vt 0.005199 0.657715
vt 0.005199 -3.523438
vt 0.081543 -3.523438
vt 0.235718 4.365234
vt 0.186157 0.657715
vt 0.163086 -3.523438
vt 0.256104 0.657715
vt 0.248779 -3.523438
vt 0.342529 0.657715
vt 0.342529 -3.523438
vt 0.424805 0.657715
vt 0.496826 0.657715
vt 0.426025 -3.523438
vt 0.496826 -3.523438
vt 0.179810 1.449707
vt 0.114441 1.454102
vt 0.028885 -0.419922
vt 0.148193 -0.397461
vt 0.245117 2.971680
vt 0.245117 1.445312
vt 0.281006 -0.422852
vt 0.305908 1.453369
vt 0.402832 -0.416016
vn 0.2834 0.8973 0.3385
vn 0.3775 0.8651 0.3303
vn -0.8234 0.1098 0.5568
vn -0.7974 -0.0632 0.6001
vn 0.1498 0.9228 0.3549
vn 0.2522 0.9064 0.3389
vn -0.7738 -0.0474 0.6317
vn -0.7103 -0.2133 0.6708
vn 0.1728 0.9033 -0.3927
vn 0.2517 0.9125 -0.3225
vn -0.3064 -0.2750 -0.9113
vn -0.1965 -0.4322 -0.8801
vn -0.3222 0.8957 0.3064
vn -0.2208 0.9306 0.2918
vn -0.6768 -0.3542 0.6453
vn -0.5189 -0.4796 0.7076
vn 0.6131 0.5817 -0.5345
vn 0.6859 0.5597 -0.4651
vn -0.4876 -0.2595 -0.8336
vn -0.4806 -0.4570 -0.7485
vn 0.1894 0.9154 -0.3552
vn 0.2828 0.9189 -0.2749
vn -0.3554 -0.2211 -0.9082
vn -0.2611 -0.3640 -0.8941
vn -0.3315 0.5288 0.7814
vn -0.2532 0.6092 0.7515
vn -0.1493 -0.7938 0.5895
vn 0.0157 -0.8439 0.5363
vn 0.3698 0.9205 -0.1259
vn 0.4560 0.8883 -0.0550
vn -0.3221 0.0865 -0.9427
vn -0.2511 -0.0707 -0.9654
vn -0.2283 0.8424 -0.4881
vn -0.1648 0.8084 -0.5651
vn -0.0393 0.5268 0.8491
vn 0.1418 0.4333 0.8900
vn 0.1807 0.9508 -0.2515
vn 0.2758 0.9455 -0.1733
vn -0.3079 -0.0869 -0.9474
vn -0.2042 -0.2356 -0.9502
vn -0.1103 0.8826 0.4570
vn 0.0000 0.8928 0.4504
vn -0.7870 -0.2440 0.5667
vn -0.6898 -0.3998 0.6036
vn 0.1731 0.9599 0.2203
vn 0.2917 0.9307 0.2208
vn -0.8234 0.1098 0.5567
vn -0.7775 -0.0314 0.6281
vn -0.5025 0.8637 -0.0393
vn -0.5436 0.8273 -0.1418
vn -0.1575 0.0787 0.9844
vn -0.2118 -0.0941 0.9728
vn -0.1260 0.8350 0.5357
vn -0.2121 0.7856 0.5813
vn 0.3468 0.5753 -0.7408
vn 0.2128 0.4651 -0.8593
vn -0.3947 0.9078 0.1421
vn -0.4405 0.8969 0.0393
vn -0.1418 -0.1024 0.9846
vn -0.2195 -0.2587 0.9407
vn 0.1889 0.9128 -0.3620
vn 0.0862 0.9091 -0.4075
vn 0.9760 -0.1417 -0.1653
vn 0.9244 -0.2923 -0.2449
vn -0.1810 0.9441 -0.2754
vn -0.2828 0.9035 -0.3221
vn 0.9674 0.2045 -0.1494
vn 0.9714 0.0632 -0.2290
vn -0.2595 0.9280 -0.2674
vn -0.2208 0.8989 -0.3785
vn -0.7781 0.0943 0.6210
vn -0.8258 -0.0787 0.5584
vn -0.3695 0.8491 0.3774
vn -0.4722 0.8106 0.3463
vn 0.8052 0.5289 -0.2684
vn 0.7807 0.4573 -0.4258
vn -0.2990 0.9522 -0.0630
vn -0.2684 0.9475 -0.1737
vn -0.7849 -0.0942 0.6124
vn -0.8205 -0.2525 0.5128
vn 0.4746 0.8779 -0.0633
vn 0.4252 0.8898 -0.1654
vn 0.8351 -0.2679 0.4805
vn 0.8262 -0.4249 0.3698
vn 0.1498 0.9619 -0.2286
vn 0.1025 0.9380 -0.3311
vn 0.8488 0.1022 0.5187
vn 0.8993 -0.0552 0.4339
vn -0.3469 0.8988 0.2680
vn -0.4485 0.8576 0.2518
vn 0.7789 0.2125 0.5901
vn 0.7625 0.0551 0.6446
vn 0.3077 0.9152 0.2603
vn 0.2982 0.8868 0.3531
vn -0.4906 0.4906 -0.7201
vn -0.6151 0.4022 -0.6782
vn -0.1492 0.9499 0.2747
vn -0.2527 0.9318 0.2606
vn 0.7883 0.0236 0.6149
vn 0.7232 -0.1415 0.6760
vn -0.2600 0.8744 -0.4096
vn -0.3551 0.8680 -0.3472
vn 0.4013 -0.2754 -0.8735
vn 0.3155 -0.4338 -0.8440
vn 0.3714 -0.9244 0.0869
vn 0.4660 -0.8845 0.0237
vn -0.3776 -0.1573 0.9125
vn -0.3138 0.0157 0.9494
vn -0.5278 0.8034 0.2757
vn -0.6226 0.7408 0.2521
vn 0.6780 0.2838 0.6781
vn 0.6774 0.1260 0.7247
vn 0.1339 0.9369 0.3228
vn 0.1258 0.8966 0.4247
vn -0.5041 0.4174 -0.7561
vn -0.6279 0.2904 -0.7221
vn -0.3323 0.8940 0.3006
vn -0.4394 0.8553 0.2746
vn 0.7100 0.1184 0.6942
vn 0.6700 -0.0473 0.7409
vn -0.3778 0.8185 -0.4329
vn -0.4742 0.7982 -0.3715
vn 0.4954 -0.1415 -0.8571
vn 0.4402 -0.3144 -0.8411
vn -0.5279 0.8431 -0.1024
vn -0.6230 0.7808 -0.0473
vn 0.4186 0.2370 -0.8767
vn 0.3920 0.0706 -0.9173
vn 0.0948 0.9364 0.3378
vn 0.0080 0.9082 0.4185
vn 0.9735 0.0864 -0.2120
vn 0.9867 -0.0789 -0.1421
vn 0.5120 0.8429 -0.1654
vn 0.5804 0.8079 -0.1019
vn -0.8424 0.5275 -0.1102
vn -0.8969 0.4405 0.0393
vn 0.2292 0.9563 0.1818
vn 0.1421 0.9550 0.2604
vn 0.9759 -0.0944 -0.1968
vn 0.9664 -0.2357 -0.1021
vn -0.4490 0.8822 -0.1418
vn -0.4501 0.8921 -0.0394
vn -0.5115 -0.3069 -0.8026
vn -0.5513 -0.4646 -0.6930
vn -0.2366 0.9623 0.1341
vn -0.2444 0.9384 0.2445
vn -0.5191 0.0944 -0.8495
vn -0.5997 -0.0710 -0.7970
vn 0.2288 0.9311 -0.2840
vn 0.3392 0.8993 -0.2761
vn -0.8021 0.0944 -0.5897
vn -0.7622 -0.0629 -0.6443
vn -0.4496 0.8520 -0.2682
vn -0.4417 0.8205 -0.3629
vn 0.4403 0.5425 0.7155
vn 0.5993 0.4495 0.6624
vn 0.0158 0.9562 -0.2924
vn 0.1257 0.9509 -0.2829
vn -0.7856 -0.0864 -0.6127
vn -0.7026 -0.2369 -0.6710
vn 0.1572 0.8880 0.4322
vn 0.2519 0.8974 0.3622
vn -0.3392 -0.2761 0.8993
vn -0.2362 -0.4251 0.8738
vn 0.2599 0.9610 0.0945
vn 0.3605 0.9325 0.0235
vn -0.3698 0.1259 0.9205
vn -0.2829 -0.0314 0.9586
vn 0.2524 0.9226 0.2918
vn 0.2203 0.8891 0.4013
vn 0.7855 0.0864 -0.6127
vn 0.8295 -0.0790 -0.5530
vn 0.3844 0.8393 -0.3844
vn 0.4905 0.7989 -0.3481
vn -0.8189 0.5118 0.2598
vn -0.8032 0.4252 0.4173
vn 0.3081 0.9481 0.0790
vn 0.2677 0.9448 0.1889
vn 0.7966 -0.0788 -0.5994
vn 0.8334 -0.2280 -0.5034
vn -0.4903 0.8698 0.0554
vn -0.4416 0.8832 0.1578
vn -0.8172 -0.2514 -0.5186
vn -0.8191 -0.4017 -0.4096
vn -0.1572 0.9590 0.2358
vn -0.1183 0.9304 0.3469
vn -0.8283 0.0946 -0.5522
vn -0.8801 -0.0550 -0.4715
vn -0.5352 0.7870 -0.3069
vn -0.5812 0.7539 -0.3063
vn 0.8440 0.4733 -0.2524
vn 0.8688 0.4107 -0.2765
vn 0.4102 0.7889 -0.4576
vn 0.4238 0.7536 -0.5024
vn 0.0868 0.4737 0.8764
vn 0.1098 0.4161 0.9027
vn 0.3536 0.7936 0.4951
vn 0.4010 0.7549 0.5190
vn -0.8776 0.4665 -0.1107
vn -0.9064 0.4098 -0.1025
vn -0.5601 0.8283 -0.0158
vn -0.6060 0.7949 -0.0315
vn 0.8267 0.5354 -0.1732
vn 0.8493 0.4798 -0.2201
vn 0.3846 0.7693 -0.5102
vn 0.4162 0.7302 -0.5418
vn -0.3148 0.6138 0.7240
vn -0.2996 0.5598 0.7726
vn 0.0079 0.8554 0.5179
vn 0.0157 0.8246 0.5655
vn -0.4163 0.4713 -0.7776
vn -0.4638 0.4087 -0.7860
vn 0.5595 0.8275 0.0472
vn 0.6054 0.7940 0.0550
vn -0.8278 0.5361 0.1656
vn -0.8508 0.4805 0.2127
vn 0.5119 -0.0315 -0.8585
vn 0.5655 -0.0157 -0.8246
vn -0.7986 0.1027 -0.5930
vn -0.8273 0.1418 -0.5436
vn 0.1413 0.0392 0.9892
vn 0.0868 0.0474 0.9951
vn 0.9940 0.0946 -0.0552
vn 0.9839 0.1338 -0.1181
vn -0.2524 0.9622 -0.1025
vn -0.3148 0.9445 -0.0945
vn 0.8785 0.2353 -0.4157
vn 0.8761 0.1736 -0.4499
vn -0.0315 0.5508 0.8341
vn -0.0318 0.5061 0.8619
vn -0.3160 0.7821 -0.5372
vn -0.3542 0.7318 -0.5822
vn -0.0000 0.7847 -0.6199
vn -0.0078 0.7452 -0.6668
vn 0.4641 0.5428 0.7000
vn 0.5025 0.4868 0.7145
vn -0.0000 0.7953 -0.6063
vn -0.0236 0.7563 -0.6538
vn 0.6538 0.4727 0.5909
vn 0.6867 0.4105 0.5999
vn -0.4873 0.8724 0.0393
vn -0.2689 0.8382 -0.4745
vn -0.1260 0.8193 -0.5593
vn 0.4413 -0.2600 -0.8589
vn 0.1492 0.2120 -0.9658
vn 0.0395 0.2609 -0.9646
vn -0.2688 0.8853 -0.3795
vn 0.3063 0.8483 -0.4320
vn 0.4405 0.8181 -0.3697
vn 0.9692 -0.2443 -0.0315
vn 0.9301 0.2128 -0.2995
vn 0.8845 0.2606 -0.3870
vn 0.2992 0.7166 0.6300
vn -0.2595 0.6214 0.7393
vn -0.3779 0.6141 0.6928
vn -0.9468 -0.3156 0.0631
vn -0.8864 0.0078 0.4628
vn -0.8402 0.0236 0.5418
vn 0.5764 0.0790 0.8133
vn 0.7265 0.0158 0.6870
vn 0.8730 -0.3854 0.2989
vn 0.1184 0.6698 0.7331
vn 0.0473 0.6700 0.7409
vn -0.4238 0.7376 0.5257
vn 0.4337 0.8673 0.2444
vn 0.5990 0.7881 0.1419
vn 0.9386 0.3392 0.0631
vn -0.2050 0.9776 0.0473
vn -0.2839 0.9542 0.0946
vn -0.7309 0.6759 0.0943
vn 0.5447 0.7026 0.4579
vn 0.5752 0.6619 0.4807
vn -0.7076 0.5818 -0.4010
vn -0.8023 0.1887 -0.5663
vn 0.1258 -0.9905 -0.0551
vn -0.7555 0.1810 -0.6296
vn 0.2517 -0.9675 0.0236
vn 0.0790 -0.9802 0.1818
vn 0.6715 0.6319 0.3870
vn -0.2130 0.7653 0.6075
vn -0.3561 0.6568 0.6647
vn 0.4424 0.7662 0.4660
vn 0.5188 0.7232 0.4559
vn -0.2982 0.6827 0.6670
vn -0.4001 0.5648 0.7217
vn 0.3545 0.8114 0.4648
vn 0.3544 0.8114 0.4648
vn 0.4401 0.7782 0.4480
vn 0.0157 0.5419 -0.8403
vn -0.0158 0.4090 -0.9124
vn 0.4249 0.8262 -0.3699
vn 0.4249 0.8262 -0.3698
vn 0.4953 0.8098 -0.3145
vn -0.5774 0.5062 0.6406
vn -0.6143 0.3623 0.7010
vn -0.0866 0.8973 0.4329
vn 0.0316 0.9077 0.4184
vn 0.2291 0.2528 -0.9400
vn 0.1341 0.1578 -0.9783
vn 0.7785 0.3853 -0.4954
vn 0.7785 0.3853 -0.4955
vn 0.8254 0.3536 -0.4401
vn 0.0078 0.5655 -0.8247
vn -0.0316 0.4501 -0.8924
vn 0.4426 0.8298 -0.3398
vn 0.5060 0.8143 -0.2846
vn 0.1338 0.7240 -0.6767
vn 0.0788 0.6304 -0.7723
vn 0.6077 0.7813 -0.1421
vn 0.6677 0.7384 -0.0943
vn -0.1262 0.9781 0.1657
vn -0.0944 0.9520 0.2911
vn 0.0471 0.8395 -0.5414
vn 0.1186 0.7905 -0.6008
vn 0.0158 0.6323 -0.7746
vn -0.0157 0.5271 -0.8497
vn 0.4485 0.8576 -0.2518
vn 0.5217 0.8299 -0.1976
vn -0.5034 0.4955 0.7079
vn -0.5668 0.3621 0.7400
vn 0.1099 0.8008 0.5888
vn 0.2196 0.7842 0.5803
vn -0.3397 0.7664 0.5452
vn -0.4408 0.6691 0.5983
vn 0.3616 0.8490 0.3852
vn 0.4498 0.8050 0.3868
vn -0.5169 0.6577 0.5479
vn -0.4952 0.5738 0.6524
vn -0.7014 0.7015 -0.1261
vn -0.7315 0.6529 -0.1966
vn 0.0552 0.9940 -0.0947
vn 0.0868 0.9714 -0.2211
vn -0.3945 0.7968 0.4576
vn -0.4659 0.7423 0.4817
vn -0.4402 0.5817 0.6839
vn -0.4327 0.4799 0.7632
vn -0.6196 0.7843 0.0313
vn -0.6533 0.7556 -0.0472
vn 0.7165 0.5590 -0.4173
vn 0.7974 0.4422 -0.4106
vn 0.0633 0.8142 -0.5771
vn -0.0394 0.7879 -0.6146
vn 0.4709 0.8084 -0.3532
vn 0.5823 0.7318 -0.3541
vn -0.2608 0.8222 -0.5060
vn -0.3231 0.7801 -0.5358
vn -0.6848 0.7163 0.1338
vn -0.7474 0.6294 0.2124
vn -0.3691 0.8011 -0.4712
vn -0.3551 0.7655 -0.5366
vn 0.2049 0.9772 0.0552
vn 0.3067 0.9515 -0.0236
vn -0.5191 0.8416 0.1494
vn -0.5976 0.7942 0.1101
vn -0.7269 0.6321 0.2686
vn -0.7864 0.5270 0.3223
vn -0.4014 0.8657 -0.2990
vn -0.3774 0.8491 -0.3695
vn 0.8635 0.4710 0.1806
vn 0.9082 0.3554 0.2211
vn 0.5116 0.8026 -0.3068
vn 0.4714 0.7935 -0.3849
vn 0.6511 0.7532 0.0941
vn 0.7328 0.6619 0.1576
vn 0.2361 0.8578 -0.4565
vn 0.2127 0.8273 -0.5200
vn 0.1497 0.8040 0.5754
vn 0.2759 0.7253 0.6307
vn -0.5117 0.7637 0.3936
vn -0.5821 0.7159 0.3855
vn -0.1100 0.9743 -0.1964
vn -0.1961 0.9414 -0.2745
vn 0.0944 0.8966 0.4326
vn 0.0707 0.8567 0.5109
vn 0.2834 0.7557 0.5904
vn 0.3938 0.6380 0.6617
vn -0.3467 0.8512 0.3941
vn -0.4316 0.8160 0.3845
vn -0.0393 0.5268 -0.8491
vn 0.0158 0.3929 -0.9194
vn -0.5059 0.7667 -0.3952
vn -0.5667 0.7477 -0.3463
vn -0.1416 0.7948 -0.5902
vn -0.0709 0.7092 -0.7014
vn -0.6008 0.7906 -0.1186
vn -0.6516 0.7536 -0.0863
vn -0.0236 0.7562 0.6539
vn 0.0944 0.6920 0.7157
vn -0.6770 0.6219 0.3936
vn -0.7321 0.5668 0.3778
vn -0.2681 0.9462 -0.1813
vn -0.3392 0.8993 -0.2761
vn -0.0789 0.8684 0.4895
vn -0.0944 0.8185 0.5667
vn 0.1267 0.7286 0.6731
vn 0.2364 0.6381 0.7327
vn -0.5204 0.7490 0.4100
vn -0.5972 0.6993 0.3929
vn -0.0474 0.5209 -0.8523
vn 0.0394 0.4022 -0.9147
vn -0.5983 0.6691 -0.4408
vn -0.6617 0.6380 -0.3938
vn -0.2046 0.7558 -0.6220
vn -0.1105 0.6868 -0.7184
vn -0.7290 0.6663 -0.1568
vn -0.7784 0.6133 -0.1336
vn 0.6683 0.7235 0.1730
vn 0.7645 0.6306 0.1339
vn 0.7645 0.6306 0.1340
vn 0.0945 0.8185 0.5667
vn 0.0472 0.7876 0.6143
vn -0.1501 0.9795 -0.1343
vn -0.2835 0.9526 -0.1102
vn 0.5283 0.8438 0.0946
vn 0.5694 0.8067 0.1582
vn 0.7656 0.6393 0.0710
vn 0.8430 0.5358 0.0473
vn 0.2047 0.8817 0.4251
vn 0.1417 0.8657 0.4801
vn -0.6905 0.4708 -0.5492
vn -0.7083 0.3620 -0.6060
vn -0.5968 0.8010 0.0471
vn -0.5990 0.7881 0.1419
vn -0.5351 0.7633 -0.3620
vn -0.5807 0.6749 -0.4552
vn -0.4247 0.8573 0.2910
vn -0.4326 0.8258 0.3618
vn -0.2679 0.7485 -0.6066
vn -0.3785 0.6466 -0.6624
vn 0.4173 0.8032 -0.4252
vn 0.4952 0.7624 -0.4166
vn -0.0079 0.9787 0.2052
vn 0.0790 0.9555 0.2843
vn -0.2518 0.8576 -0.4485
vn -0.2212 0.8138 -0.5373
vn -0.4089 0.6684 -0.6213
vn -0.4961 0.5434 -0.6772
vn 0.2287 0.8754 -0.4259
vn 0.3318 0.8453 -0.4187
vn -0.0079 0.5122 0.8588
vn -0.0472 0.3859 0.9213
vn 0.4187 0.8058 0.4187
vn 0.4877 0.7945 0.3618
vn 0.0472 0.7944 0.6056
vn -0.0078 0.6951 0.7189
vn 0.5116 0.8500 0.1259
vn 0.5761 0.8128 0.0868
vn 0.7100 0.6942 -0.1183
vn 0.7710 0.6058 -0.1967
vn 0.3635 0.7823 0.5058
vn 0.3382 0.7394 0.5821
vn -0.2048 0.9768 -0.0630
vn -0.3159 0.9487 0.0159
vn 0.5345 0.8332 -0.1415
vn 0.6123 0.7850 -0.0942
vn 0.7501 0.6079 -0.2605
vn 0.8026 0.5115 -0.3069
vn 0.4105 0.8525 0.3236
vn 0.3792 0.8292 0.4106
vn -0.8675 0.4495 -0.2130
vn -0.9064 0.3389 -0.2522
vn -0.5441 0.7806 0.3075
vn -0.4969 0.7730 0.3944
vn -0.6699 0.7330 -0.1182
vn -0.7411 0.6465 -0.1813
vn -0.2598 0.8423 0.4723
vn -0.2357 0.8013 0.5499
vn 0.2664 0.8230 -0.5017
vn 0.1023 0.8578 -0.5037
vn -0.4742 0.6718 -0.5691
vn -0.5125 0.5992 -0.6150
vn 0.4494 0.8199 0.3547
vn 0.4788 0.8557 0.1962
vn 0.6596 0.6675 -0.3455
vn 0.7147 0.5891 -0.3770
vn -0.4506 0.8222 0.3479
vn -0.2991 0.8582 0.4173
vn 0.1968 0.6693 0.7165
vn 0.2127 0.5988 0.7721
vn 0.2281 0.9362 -0.2675
vn 0.0551 0.9682 -0.2440
vn -0.5282 0.7884 -0.3154
vn -0.5769 0.7192 -0.3872
vn 0.1338 0.9605 0.2440
vn 0.2134 0.9723 0.0949
vn 0.6069 0.7330 -0.3073
vn 0.6863 0.6627 -0.2998
vn -0.4170 0.8891 -0.1888
vn -0.3629 0.9310 -0.0394
vn -0.2834 0.7793 0.5589
vn -0.3379 0.7073 0.6209
vn -0.2277 0.9342 0.2748
vn -0.0627 0.9639 0.2586
vn 0.5274 0.7793 0.3385
vn 0.5694 0.7118 0.4113
vn -0.2042 0.1571 -0.9662
vn -0.0549 0.1335 -0.9895
vn 0.4884 0.2285 -0.8421
vn 0.5365 0.2998 -0.7889
vn 0.7709 0.1966 0.6058
vn 0.7710 0.1966 0.6058
vn 0.6674 0.1806 0.7224
vn 0.1572 0.2910 0.9437
vn 0.1573 0.2910 0.9437
vn 0.0787 0.3621 0.9288
vn 0.1105 0.9313 0.3472
vn 0.1022 0.9513 0.2909
vn 0.4890 -0.2208 0.8439
vn 0.5255 -0.2667 0.8079
vn 0.5146 0.4118 0.7521
vn 0.4641 0.5427 0.7000
vn 0.4005 0.8875 0.2278
vn 0.4405 0.8889 0.1259
vn 0.4418 0.7572 -0.4812
vn 0.3073 0.8431 -0.4412
vn -0.3072 0.8664 -0.3938
vn -0.3936 0.8109 -0.4330
vn -0.3629 0.9072 0.2130
vn -0.3220 0.8718 0.3691
vn -0.3145 0.4953 0.8098
vn -0.3711 0.4184 0.8290
vn 0.4559 0.8883 0.0550
vn 0.3937 0.9135 -0.1024
vn 0.2838 0.6936 -0.6621
vn 0.3310 0.6225 -0.7092
vn 0.5691 0.8220 -0.0237
vn 0.4876 0.8573 -0.1652
vn 0.2604 0.6708 -0.6944
vn 0.2837 0.5990 -0.7488
vn -0.3691 -0.8011 0.4712
vn -0.3778 -0.8185 0.4328
vn -0.0000 -0.8308 0.5565
vn 0.1811 0.8582 0.4803
vn -0.2362 0.8660 0.4409
vn 0.1571 0.8406 0.5184
vn 0.2827 -0.0471 -0.9581
vn 0.1963 -0.1178 -0.9735
vn 0.2124 -0.0551 -0.9756
vn 0.6381 -0.7248 -0.2600
vn 0.6284 -0.7462 -0.2199
vn 0.3627 -0.7885 -0.4967
vn -0.0550 0.8576 -0.5114
vn 0.2993 0.9060 -0.2993
vn -0.0157 0.8403 -0.5418
vn -0.6705 -0.1104 0.7336
vn -0.5968 -0.1649 0.7853
vn -0.6199 -0.1099 0.7769
vn 0.5807 -0.8004 0.1491
vn 0.5416 -0.8243 0.1648
vn 0.5274 -0.8265 -0.1968
vn 0.3868 0.8605 -0.3316
vn 0.5116 0.8579 0.0472
vn 0.4317 0.8396 -0.3296
vn -0.9939 -0.0394 0.1025
vn -0.9780 -0.1025 0.1814
vn -0.9854 -0.0394 0.1656
vn 0.1575 -0.8192 -0.5514
vn 0.1814 -0.8439 -0.5048
vn -0.1654 -0.8899 -0.4252
vn -0.5176 0.8077 -0.2823
vn -0.1572 0.8720 -0.4636
vn -0.5179 0.7926 -0.3217
vn 0.2996 0.0158 0.9539
vn 0.4179 -0.0552 0.9068
vn 0.3862 0.0237 0.9221
vn 0.1022 -0.5187 -0.8488
vn 0.1415 -0.5582 -0.8176
vn -0.1106 -0.5925 -0.7979
vn -0.5924 0.8056 0.0000
vn -0.2045 0.9685 -0.1417
vn -0.5973 0.8017 -0.0236
vn 0.2522 -0.3783 0.8906
vn 0.5119 -0.3534 0.7830
vn 0.5130 -0.3552 0.7814
vn 0.5121 -0.3542 0.7825
vn 0.5099 -0.3530 0.7845
vn -0.7555 -0.5352 -0.3778
vn -0.7192 -0.5769 -0.3872
vn -0.8255 -0.5346 -0.1808
vn -0.1812 0.9527 0.2441
vn -0.0786 0.9831 -0.1653
vn -0.2042 0.9502 0.2355
vn 0.8338 -0.4169 0.3619
vn 0.8779 -0.4641 0.1180
vn 0.8768 -0.4660 0.1185
vn 0.8776 -0.4648 0.1175
vn 0.8786 -0.4628 0.1177
vn -0.0393 -0.8179 0.5741
vn -0.0630 -0.8423 0.5353
vn 0.3062 -0.8402 0.4476
vn 0.4154 0.8622 0.2900
vn 0.0473 0.8754 0.4811
vn 0.4252 0.8425 0.3307
vn -0.3066 -0.0393 -0.9510
vn -0.4026 -0.1184 -0.9077
vn -0.3925 -0.0471 -0.9185
vn -0.8582 -0.5118 -0.0394
vn -0.8364 -0.5445 -0.0631
vn -0.8406 -0.5106 0.1806
vn -0.0474 0.9476 0.3159
vn -0.1503 0.9805 -0.1265
vn -0.0788 0.9457 0.3152
vn 0.9154 -0.4025 -0.0079
vn 0.8546 -0.4496 -0.2597
vn 0.8507 -0.4569 -0.2600
vn 0.8514 -0.4549 -0.2611
vn 0.8559 -0.4476 -0.2591
vn -0.6632 0.5448 -0.5132
vn -0.6160 0.5765 -0.5369
vn -0.5830 0.7642 -0.2758
vn -0.2531 -0.6959 0.6721
vn -0.4489 0.8269 -0.3386
vn -0.3943 0.9067 -0.1499
vn -0.4499 -0.6236 0.6393
vn -0.4656 -0.6786 0.5681
vn 0.9862 0.0710 -0.1499
vn 0.9989 -0.0079 -0.0472
vn 0.9558 -0.1501 -0.2528
vn -0.4863 -0.6667 0.5648
vn 0.9551 -0.1973 -0.2210
vn -0.4238 0.8947 -0.1413
vn -0.5666 -0.7240 0.3935
vn -0.3795 0.9250 0.0158
vn -0.7208 0.6895 0.0706
vn 0.9394 -0.2132 -0.2684
vn -0.3295 -0.8788 0.3452
vn -0.4263 -0.8921 0.1500
vn 0.9136 -0.3466 -0.2126
vn -0.5671 -0.8034 0.1812
vn 0.9275 -0.3459 -0.1415
vn 0.9792 -0.0474 -0.1974
vn 0.0632 0.6001 -0.7974
vn 0.0396 0.6405 -0.7670
vn -0.2129 0.4338 -0.8755
vn -0.3556 0.2763 0.8928
vn -0.3551 0.2963 0.8866
vn -0.3548 0.2964 0.8867
vn -0.3633 0.2922 0.8846
vn -0.3532 0.2982 0.8868
vn 0.5809 -0.8085 -0.0943
vn 0.2292 -0.9722 0.0474
vn 0.2843 -0.9080 -0.3079
vn -0.4229 0.7485 -0.5108
vn -0.4183 0.7496 -0.5130
vn -0.4213 0.7493 -0.5109
vn -0.4247 0.7472 -0.5112
vn -0.3543 0.6690 -0.6534
vn -0.2277 -0.9736 0.0156
vn -0.2128 -0.9537 0.2127
vn -0.1421 -0.9867 0.0790
vn 0.7874 0.2756 0.5513
vn 0.7165 -0.1968 0.6692
vn 0.7676 0.2897 0.5718
vn -0.7013 0.6934 -0.1655
vn -0.8030 0.5825 -0.1260
vn -0.8112 0.5198 -0.2678
vn -0.5963 -0.7454 0.2982
vn 0.0473 -0.8668 0.4964
vn 0.0392 -0.9651 0.2589
vn 0.7885 0.4968 -0.3627
vn 0.9944 -0.0237 -0.1026
vn 0.7933 0.5262 -0.3063
vn 0.6621 -0.7251 -0.1892
vn 0.6756 -0.7148 -0.1807
vn 0.5877 -0.8072 0.0548
vn -0.9770 -0.0157 -0.2127
vn 0.4628 -0.8863 0.0157
vn 0.4903 -0.8540 -0.1740
vn -0.9847 0.0551 -0.1654
vn -0.9607 0.1088 -0.2554
vn -0.9603 0.1023 -0.2597
vn -0.9609 0.1042 -0.2564
vn 0.2046 0.8658 0.4566
vn 0.2352 0.8548 0.4626
vn -0.9919 0.0158 0.1259
vn -0.9614 0.1103 -0.2522
vn 0.2995 0.9223 0.2444
vn 0.1343 0.9795 0.1501
vn 0.1257 0.9740 0.1885
vn 0.8666 -0.1812 -0.4649
vn 0.5690 -0.6085 -0.5532
vn 0.5512 -0.4646 -0.6930
vn -0.7766 -0.6276 -0.0550
vn -0.9405 -0.3398 -0.0079
vn -0.8602 -0.5051 0.0710
vn 0.4026 0.6473 0.6472
vn 0.1736 0.8679 0.4655
vn 0.2600 0.8589 0.4413
vn -0.3232 -0.9460 -0.0236
vn -0.3397 -0.9400 -0.0316
vn -0.2369 -0.9633 -0.1263
vn -0.1181 0.8818 -0.4566
vn -0.4414 0.7254 -0.5281
vn -0.3156 0.6550 -0.6866
vn 0.6055 0.4875 0.6291
vn 0.6453 0.3226 0.6925
vn 0.6462 0.4729 0.5990
vn -0.4714 0.7856 -0.4007
vn -0.5511 0.7479 -0.3700
vn 0.1498 0.9619 0.2286
vn -0.6156 0.7736 -0.1501
vn 0.2752 0.9279 0.2517
vn -0.6863 0.7100 -0.1578
vn -0.0787 0.9126 0.4012
vn -0.0157 0.8729 0.4876
vn 0.7723 0.0788 0.6304
vn 0.7618 0.0707 0.6440
vn 0.4481 0.7781 0.4402
vn 0.7556 0.0472 0.6533
vn 0.4181 0.8362 0.3549
vn 0.2448 0.7422 0.6238
vn 0.3310 0.7092 0.6225
vn -0.1178 0.7935 0.5971
vn -0.0550 0.7625 0.6446
vn 0.1261 0.9615 -0.2443
vn 0.1649 0.7852 0.5968
vn 0.0943 0.9276 -0.3616
vn 0.1892 0.7176 0.6703
vn 0.3927 0.9110 -0.1257
vn 0.4424 0.8691 -0.2212
vn 0.1805 0.0707 -0.9810
vn 0.1974 0.0553 -0.9788
vn 0.2123 0.0629 -0.9752
vn 0.1739 0.7743 -0.6084
vn 0.2126 0.0471 -0.9760
vn 0.1105 0.8365 -0.5366
vn 0.1105 0.8366 -0.5366
vn 0.4336 0.7412 -0.5125
vn 0.3926 0.7066 -0.5888
vn 0.6198 0.7846 0.0157
vn 0.6611 0.7477 -0.0629
vn -0.2603 0.9623 -0.0789
vn 0.5667 0.7792 -0.2676
vn -0.3767 0.9260 -0.0236
vn 0.6367 0.7075 -0.3066
vn -0.1965 0.9115 -0.3614
vn -0.2989 0.8730 -0.3854
vn -0.9975 0.0708 -0.0000
vn -0.9977 0.0654 -0.0198
vn -0.9977 0.0654 -0.0189
vn -0.9979 0.0629 -0.0157
vn -0.9977 0.0628 -0.0235
vn -0.6314 0.7735 -0.0552
vn -0.9986 0.0472 -0.0236
vn -0.5510 0.8344 -0.0078
vn -0.5903 0.7399 -0.3227
vn -0.6518 0.7068 -0.2749
vn 0.1333 0.7919 -0.5959
vn 0.0785 0.7613 -0.6436
vn -0.1341 0.9623 0.2366
vn -0.1489 0.7834 -0.6034
vn -0.1024 0.9294 0.3545
vn -0.1731 0.7158 -0.6764
vn -0.3997 0.9091 0.1176
vn -0.4503 0.8689 0.2054
vn -0.2122 0.0708 0.9747
vn -0.2342 0.0613 0.9703
vn -0.2344 0.0568 0.9705
vn -0.2290 0.0632 0.9714
vn -0.2346 0.0604 0.9702
vn -0.1888 0.7789 0.5980
vn -0.2366 0.0552 0.9700
vn -0.1180 0.8416 0.5270
vn -0.4499 0.7419 0.4972
vn -0.4094 0.7086 0.5747
vn 0.8132 0.0101 -0.5819
vn 0.8131 0.0100 -0.5821
vn 0.8120 0.0157 -0.5835
vn 0.8588 0.0158 -0.5121
vn 0.8121 0.0079 -0.5835
vn -0.1770 0.0076 -0.9842
vn -0.1770 0.0077 -0.9842
vn -0.1733 0.0158 -0.9847
vn -0.1810 0.0079 -0.9835
vn -0.1960 0.0158 -0.9805
vn -0.9215 0.0198 -0.3879
vn -0.9215 0.0201 -0.3879
vn -0.9221 0.0236 -0.3862
vn -0.9223 0.0158 -0.3862
vn -0.9123 0.0236 -0.4089
vn -0.8277 0.0394 0.5597
vn -0.8283 0.0158 0.5601
vn -0.8179 0.0393 0.5741
vn 0.1733 0.0158 0.9847
vn 0.1731 0.0472 0.9838
vn 0.9153 0.0158 0.4024
vn 0.1577 0.0471 0.9864
vn 0.9150 0.0315 0.4023
vn 0.9628 0.0316 0.2683
vn -0.2991 -0.5275 0.7952
vn -0.2836 -0.3938 0.8743
vn -0.0864 -0.5343 0.8408
vn 0.1263 -0.4341 -0.8920
vn 0.2436 -0.4243 -0.8722
vn 0.0942 -0.5576 -0.8247
vn -0.1258 0.9909 0.0471
vn 0.1895 0.9793 0.0711
s 1
f 1/1/1 2/2/1 3/3/1
f 3/3/2 4/4/2 1/1/2
f 1/1/3 4/4/3 5/5/3
f 5/5/4 6/6/4 1/1/4
f 7/7/5 8/8/5 9/9/5
f 9/9/6 10/10/6 7/7/6
f 7/7/7 10/10/7 11/11/7
f 11/11/8 12/12/8 7/7/8
f 13/13/9 14/14/9 15/15/9
f 15/15/10 16/16/10 13/13/10
f 17/17/11 16/16/11 15/15/11
f 15/15/12 18/18/12 17/17/12
f 19/19/13 20/20/13 21/21/13
f 21/21/14 22/22/14 19/19/14
f 19/19/15 22/22/15 23/23/15
f 23/23/16 24/24/16 19/19/16
f 25/25/17 26/26/17 27/27/17
f 27/27/18 28/28/18 25/25/18
f 29/29/19 28/28/19 27/27/19
f 27/27/20 30/30/20 29/29/20
f 31/31/21 32/32/21 33/33/21
f 33/33/22 34/34/22 31/31/22
f 35/35/23 34/34/23 33/33/23
f 33/33/24 36/36/24 35/35/24
f 37/37/25 38/38/25 39/39/25
f 39/39/26 40/40/26 37/37/26
f 37/37/27 40/40/27 41/41/27
f 41/41/28 42/42/28 37/37/28
f 43/43/29 44/44/29 45/45/29
f 45/45/30 46/46/30 43/43/30
f 47/47/31 46/46/31 45/45/31
f 45/45/32 48/48/32 47/47/32
f 49/49/33 50/50/33 51/51/33
f 51/51/34 52/52/34 49/49/34
f 49/49/35 52/52/35 53/53/35
f 53/53/36 54/54/36 49/49/36
f 55/55/37 56/56/37 57/57/37
f 57/57/38 58/58/38 55/55/38
f 59/59/39 58/58/39 57/57/39
f 57/57/40 60/60/40 59/59/40
f 61/61/41 62/62/41 63/63/41
f 63/63/42 64/64/42 61/61/42
f 61/61/43 64/64/43 65/65/43
f 65/65/44 66/66/44 61/61/44
f 67/67/45 68/68/45 69/69/45
f 69/69/46 70/70/46 67/67/46
f 67/67/47 70/70/47 71/71/47
f 71/71/48 72/72/48 67/67/48
f 73/73/49 74/74/49 75/75/49
f 75/75/50 76/76/50 73/73/50
f 77/77/51 76/76/51 75/75/51
f 75/75/52 78/78/52 77/77/52
f 79/79/53 80/80/53 81/81/53
f 81/81/54 82/82/54 79/79/54
f 79/79/55 82/82/55 83/83/55
f 83/83/56 84/84/56 79/79/56
f 85/85/57 86/86/57 87/87/57
f 87/87/58 88/88/58 85/85/58
f 89/89/59 88/88/59 87/87/59
f 87/87/60 90/90/60 89/89/60
f 91/91/61 92/92/61 93/93/61
f 93/93/62 94/94/62 91/91/62
f 91/91/63 94/94/63 95/95/63
f 95/95/64 96/96/64 91/91/64
f 97/97/65 98/98/65 99/99/65
f 99/99/66 100/100/66 97/97/66
f 97/97/67 100/100/67 101/101/67
f 101/101/68 102/102/68 97/97/68
f 103/103/69 104/104/69 105/105/69
f 105/105/70 106/106/70 103/103/70
f 107/107/71 106/106/71 105/105/71
f 105/105/72 108/108/72 107/107/72
f 109/109/73 110/110/73 111/111/73
f 111/111/74 112/112/74 109/109/74
f 109/109/75 112/112/75 113/113/75
f 113/113/76 114/114/76 109/109/76
f 115/115/77 116/116/77 117/117/77
f 117/117/78 118/118/78 115/115/78
f 119/119/79 118/118/79 117/117/79
f 117/117/80 120/120/80 119/119/80
f 121/121/81 122/122/81 123/123/81
f 123/123/82 124/124/82 121/121/82
f 121/121/83 124/124/83 125/125/83
f 125/125/84 126/126/84 121/121/84
f 127/127/85 128/128/85 129/129/85
f 129/129/86 130/130/86 127/127/86
f 127/127/87 130/130/87 131/131/87
f 131/131/88 132/132/88 127/127/88
f 133/133/89 134/134/89 135/135/89
f 135/135/90 136/136/90 133/133/90
f 137/137/91 136/136/91 135/135/91
f 135/135/92 138/138/92 137/137/92
f 139/139/93 140/140/93 141/141/93
f 141/141/94 142/142/94 139/139/94
f 139/139/95 142/142/95 143/143/95
f 143/143/96 144/144/96 139/139/96
f 145/145/97 146/146/97 147/147/97
f 147/147/98 148/148/98 145/145/98
f 149/149/99 148/148/99 147/147/99
f 147/147/100 150/150/100 149/149/100
f 151/151/101 152/152/101 153/153/101
f 153/153/102 154/154/102 151/151/102
f 151/151/103 154/154/103 155/155/103
f 155/155/104 156/156/104 151/151/104
f 157/157/105 158/158/105 159/159/105
f 159/159/106 160/160/106 157/157/106
f 161/161/107 160/160/107 159/159/107
f 159/159/108 162/162/108 161/161/108
f 163/163/109 164/164/109 165/165/109
f 165/165/110 166/166/110 163/163/110
f 167/167/111 166/166/111 165/165/111
f 165/165/112 168/168/112 167/167/112
f 169/169/113 170/170/113 171/171/113
f 171/171/114 172/172/114 169/169/114
f 169/169/115 172/172/115 173/173/115
f 173/173/116 174/174/116 169/169/116
f 175/175/117 176/176/117 177/177/117
f 177/177/118 178/178/118 175/175/118
f 179/179/119 178/178/119 177/177/119
f 177/177/120 180/180/120 179/179/120
f 181/181/121 182/182/121 183/183/121
f 183/183/122 184/184/122 181/181/122
f 181/181/123 184/184/123 185/185/123
f 185/185/124 186/186/124 181/181/124
f 187/187/125 188/188/125 189/189/125
f 189/189/126 190/190/126 187/187/126
f 187/187/127 190/190/127 191/191/127
f 191/191/128 192/192/128 187/187/128
f 193/193/129 194/194/129 195/195/129
f 195/195/130 196/196/130 193/193/130
f 197/197/131 196/196/131 195/195/131
f 195/195/132 198/198/132 197/197/132
f 199/199/133 200/200/133 201/201/133
f 201/201/134 202/202/134 199/199/134
f 199/199/135 202/202/135 203/203/135
f 203/203/136 204/204/136 199/199/136
f 205/205/137 206/206/137 207/207/137
f 207/207/138 208/208/138 205/205/138
f 209/209/139 208/208/139 207/207/139
f 207/207/140 210/210/140 209/209/140
f 211/211/141 212/212/141 213/213/141
f 213/213/142 214/214/142 211/211/142
f 211/211/143 214/214/143 215/215/143
f 215/215/144 216/216/144 211/211/144
f 217/217/145 218/218/145 219/219/145
f 219/219/146 220/220/146 217/217/146
f 217/217/147 220/220/147 221/221/147
f 221/221/148 222/222/148 217/217/148
f 223/223/149 224/224/149 225/225/149
f 225/225/150 226/226/150 223/223/150
f 227/227/151 226/226/151 225/225/151
f 225/225/152 228/228/152 227/227/152
f 229/229/153 230/230/153 231/231/153
f 231/231/154 232/232/154 229/229/154
f 229/229/155 232/232/155 233/233/155
f 233/233/156 234/234/156 229/229/156
f 235/235/157 236/236/157 237/237/157
f 237/237/158 238/238/158 235/235/158
f 239/239/159 238/238/159 237/237/159
f 237/237/160 240/240/160 239/239/160
f 241/241/161 242/242/161 243/243/161
f 243/243/162 244/244/162 241/241/162
f 241/241/163 244/244/163 245/245/163
f 245/245/164 246/246/164 241/241/164
f 247/247/165 248/248/165 249/249/165
f 249/249/166 250/250/166 247/247/166
f 247/247/167 250/250/167 251/251/167
f 251/251/168 252/252/168 247/247/168
f 253/253/169 254/254/169 255/255/169
f 255/255/170 256/256/170 253/253/170
f 257/257/171 256/256/171 255/255/171
f 255/255/172 258/258/172 257/257/172
f 259/259/173 260/260/173 261/261/173
f 261/261/174 262/262/174 259/259/174
f 259/259/175 262/262/175 263/263/175
f 263/263/176 264/264/176 259/259/176
f 265/265/177 266/266/177 267/267/177
f 267/267/178 268/268/178 265/265/178
f 269/269/179 268/268/179 267/267/179
f 267/267/180 270/270/180 269/269/180
f 271/271/181 272/272/181 273/273/181
f 273/273/182 274/274/182 271/271/182
f 271/271/183 274/274/183 275/275/183
f 275/275/184 276/276/184 271/271/184
f 277/277/185 278/278/185 279/279/185
f 279/279/186 280/280/186 277/277/186
f 277/277/187 280/280/187 281/281/187
f 281/281/188 282/282/188 277/277/188
f 283/283/189 284/284/189 285/285/189
f 285/285/190 286/286/190 283/283/190
f 283/283/191 286/286/191 287/287/191
f 287/287/192 288/288/192 283/283/192
f 289/289/193 290/290/193 291/291/193
f 291/291/194 292/292/194 289/289/194
f 289/289/195 292/292/195 293/293/195
f 293/293/196 294/294/196 289/289/196
f 295/295/197 296/296/197 297/297/197
f 297/297/198 298/298/198 295/295/198
f 295/295/199 298/298/199 299/299/199
f 299/299/200 300/300/200 295/295/200
f 301/301/201 302/302/201 303/303/201
f 303/303/202 304/304/202 301/301/202
f 301/301/203 304/304/203 305/305/203
f 305/305/204 306/306/204 301/301/204
f 307/307/205 308/308/205 309/309/205
f 309/309/206 310/310/206 307/307/206
f 307/307/207 310/310/207 311/311/207
f 311/311/208 312/312/208 307/307/208
f 313/313/209 314/314/209 315/315/209
f 315/315/210 316/316/210 313/313/210
f 313/313/211 316/316/211 317/317/211
f 317/317/212 318/318/212 313/313/212
f 319/319/213 320/320/213 321/321/213
f 321/321/214 322/322/214 319/319/214
f 319/319/215 322/322/215 323/323/215
f 323/323/216 324/324/216 319/319/216
f 325/325/217 326/326/217 327/327/217
f 327/327/218 328/328/218 325/325/218
f 325/325/219 328/328/219 329/329/219
f 329/329/220 330/330/220 325/325/220
f 331/331/221 332/332/221 333/333/221
f 333/333/222 334/334/222 331/331/222
f 331/331/223 334/334/223 335/335/223
f 335/335/224 336/336/224 331/331/224
f 337/337/225 338/338/225 339/339/225
f 339/339/226 340/340/226 337/337/226
f 337/337/227 340/340/227 341/341/227
f 341/341/228 342/342/228 337/337/228
f 343/343/229 344/344/229 345/345/229
f 345/345/230 346/346/230 343/343/230
f 343/343/231 346/346/231 347/347/231
f 347/347/232 348/348/232 343/343/232
f 349/349/233 350/350/233 351/351/233
f 351/351/234 352/352/234 349/349/234
f 349/349/235 352/352/235 353/353/235
f 353/353/236 354/354/236 349/349/236
f 355/355/237 356/356/237 357/357/237
f 357/357/238 358/358/238 355/355/238
f 355/355/239 358/358/239 359/359/239
f 359/359/240 360/360/240 355/355/240
f 361/361/241 362/362/241 363/363/241
f 364/364/242 361/361/242 363/363/242
f 363/363/243 365/365/243 364/364/243
f 366/366/244 367/367/244 368/368/244
f 369/369/245 366/366/245 368/368/245
f 368/368/246 370/370/246 369/369/246
f 371/371/247 372/372/247 373/373/247
f 374/374/248 371/371/248 373/373/248
f 373/373/249 375/375/249 374/374/249
f 376/376/250 377/377/250 378/378/250
f 379/379/251 376/376/251 378/378/251
f 378/378/252 380/380/252 379/379/252
f 381/381/253 382/382/253 383/383/253
f 384/384/254 381/381/254 383/383/254
f 383/383/255 385/385/255 384/384/255
f 386/386/256 387/387/256 388/388/256
f 389/389/257 386/386/257 388/388/257
f 388/388/258 390/390/258 389/389/258
f 391/391/259 392/392/259 393/393/259
f 393/393/260 394/394/260 391/391/260
f 394/394/261 393/393/261 395/395/261
f 396/396/262 397/397/262 398/398/262
f 398/398/263 399/399/263 396/396/263
f 399/399/264 398/398/264 400/400/264
f 401/401/265 402/402/265 403/403/265
f 403/403/266 404/404/266 401/401/266
f 404/404/267 403/403/267 405/405/267
f 406/406/268 407/407/268 408/408/268
f 408/408/269 409/409/269 406/406/269
f 409/409/270 408/408/270 410/410/270
f 411/411/271 412/412/271 413/413/271
f 413/413/272 414/414/272 411/411/272
f 415/415/273 411/411/273 414/414/273
f 414/414/274 416/416/274 415/415/274
f 412/417/275 415/415/275 416/416/275
f 416/416/276 414/414/276 417/418/276
f 416/416/277 413/419/277 412/417/277
f 413/419/278 416/416/278 417/418/278
f 414/420/279 413/419/279 417/418/279
f 418/421/280 419/422/280 420/423/280
f 420/423/281 421/424/281 418/421/281
f 422/425/282 421/424/282 420/423/282
f 420/423/283 423/426/283 422/425/283
f 424/427/284 425/428/284 426/429/284
f 426/429/285 427/430/285 424/427/285
f 428/431/286 427/430/287 426/429/286
f 426/429/288 429/432/288 428/431/288
f 430/433/289 431/434/289 432/435/289
f 432/435/290 433/436/290 430/433/290
f 430/433/291 433/436/292 434/437/292
f 434/437/293 435/438/293 430/433/293
f 436/439/294 437/440/294 438/441/294
f 438/441/295 439/442/295 436/439/295
f 440/443/296 439/442/296 438/441/296
f 438/441/297 441/444/297 440/443/297
f 442/445/298 443/446/298 444/447/298
f 444/447/299 445/448/299 442/445/299
f 442/445/300 445/448/301 446/449/300
f 446/449/302 447/450/302 442/445/302
f 448/451/303 449/452/303 450/453/303
f 450/453/304 451/454/304 448/451/304
f 448/451/305 451/454/305 452/455/305
f 452/455/306 453/456/306 448/451/306
f 454/457/307 455/458/307 456/459/307
f 456/459/308 457/460/308 454/457/308
f 454/457/309 457/460/309 458/461/309
f 458/461/310 459/462/310 454/457/310
f 460/463/311 461/464/311 462/465/311
f 462/465/312 463/466/312 460/463/312
f 464/467/313 463/466/313 462/465/313
f 462/465/314 465/468/314 464/467/314
f 466/469/315 467/470/315 468/471/315
f 468/471/316 469/472/316 466/469/316
f 466/469/317 469/472/317 470/473/317
f 470/473/318 471/474/318 466/469/318
f 472/475/319 473/476/319 474/477/319
f 474/477/320 475/478/320 472/475/320
f 476/479/321 475/478/321 474/477/321
f 474/477/322 477/480/322 476/479/322
f 478/481/323 479/482/323 480/483/323
f 480/483/324 481/484/324 478/481/324
f 482/485/325 481/484/325 480/483/325
f 480/483/326 483/486/326 482/485/326
f 484/487/327 485/488/327 486/489/327
f 486/489/328 487/490/328 484/487/328
f 484/487/329 487/490/329 488/491/329
f 488/491/330 489/492/330 484/487/330
f 490/493/331 491/494/331 492/495/331
f 492/495/332 493/496/332 490/493/332
f 494/497/333 493/496/333 492/495/333
f 492/495/334 495/498/334 494/497/334
f 496/499/335 497/500/335 498/501/335
f 498/501/336 499/502/336 496/499/336
f 496/499/337 499/502/337 500/503/337
f 500/503/338 501/504/338 496/499/338
f 502/505/339 503/506/339 504/507/339
f 504/507/340 505/508/340 502/505/340
f 506/509/341 505/508/341 504/507/341
f 504/507/342 507/510/342 506/509/342
f 508/511/343 509/512/343 510/513/343
f 510/513/344 511/514/344 508/511/344
f 512/515/345 511/514/345 510/513/345
f 510/513/346 513/516/346 512/515/346
f 514/517/347 515/518/347 516/519/347
f 516/519/348 517/520/348 514/517/348
f 514/517/349 517/520/349 518/521/349
f 518/521/350 519/522/350 514/517/350
f 520/523/351 521/524/351 522/525/351
f 522/525/352 523/526/352 520/523/352
f 524/527/353 523/526/353 522/525/353
f 522/525/354 525/528/354 524/527/354
f 526/529/355 527/530/355 528/531/355
f 528/531/356 529/532/356 526/529/356
f 526/529/357 529/532/357 530/533/357
f 530/533/358 531/534/358 526/529/358
f 532/535/359 533/536/359 534/537/359
f 534/537/360 535/538/360 532/535/360
f 536/539/361 535/538/361 534/537/361
f 534/537/362 537/540/362 536/539/362
f 538/541/363 539/542/363 540/543/363
f 540/543/364 541/544/364 538/541/364
f 542/545/365 541/544/365 540/543/365
f 540/543/366 543/546/366 542/545/366
f 544/547/367 545/548/367 546/549/367
f 546/549/368 547/550/368 544/547/368
f 544/547/369 547/550/369 548/551/369
f 548/551/370 549/552/370 544/547/370
f 550/553/371 551/554/371 552/555/371
f 552/555/372 553/556/372 550/553/372
f 554/557/373 553/556/373 552/555/373
f 552/555/374 555/558/374 554/557/374
f 556/559/375 557/560/375 558/561/375
f 558/561/376 559/562/376 556/559/376
f 556/559/377 559/562/377 560/563/377
f 560/563/378 561/564/378 556/559/378
f 562/565/379 563/566/379 564/567/379
f 564/567/380 565/568/380 562/565/380
f 566/569/381 565/568/381 564/567/381
f 564/567/382 567/570/382 566/569/382
f 568/571/383 569/572/383 570/573/383
f 570/573/384 571/574/384 568/571/384
f 572/575/385 571/574/385 570/573/385
f 570/573/386 573/576/386 572/575/386
f 574/577/387 575/578/387 576/579/387
f 576/579/388 577/580/388 574/577/388
f 574/577/389 577/580/389 578/581/389
f 578/581/390 579/582/390 574/577/390
f 580/583/391 581/584/391 582/585/391
f 582/585/392 583/586/392 580/583/392
f 584/587/393 583/586/393 582/585/393
f 582/585/394 585/588/394 584/587/394
f 586/589/395 587/590/395 588/591/395
f 588/591/396 589/592/396 586/589/396
f 586/589/397 589/592/397 590/593/397
f 590/593/398 591/594/398 586/589/398
f 592/595/399 593/596/399 594/597/399
f 594/597/400 595/598/400 592/595/400
f 596/599/401 595/598/401 594/597/401
f 594/597/402 597/600/402 596/599/402
f 598/601/403 599/602/403 600/603/403
f 600/603/404 601/604/404 598/601/404
f 602/605/405 601/604/405 600/603/405
f 600/603/406 603/606/406 602/605/406
f 604/607/407 605/608/407 606/609/407
f 606/609/408 607/610/409 604/607/408
f 604/607/410 607/610/410 608/611/410
f 608/611/411 609/612/411 604/607/411
f 610/613/412 611/614/412 612/615/412
f 612/615/413 613/616/413 610/613/413
f 614/617/414 613/616/414 612/615/414
f 612/615/415 615/618/415 614/617/415
f 616/619/416 617/620/416 618/621/416
f 618/621/417 619/622/417 616/619/417
f 616/619/418 619/622/418 620/623/418
f 620/623/419 621/624/419 616/619/419
f 622/625/420 623/626/420 624/627/420
f 624/627/421 625/628/421 622/625/421
f 626/629/422 625/628/422 624/627/422
f 624/627/423 627/630/423 626/629/423
f 628/631/424 629/632/424 630/633/424
f 630/633/425 631/634/425 628/631/425
f 632/635/426 631/634/426 630/633/426
f 630/633/427 633/636/427 632/635/427
f 634/637/428 635/638/428 636/639/428
f 636/639/429 637/640/429 634/637/429
f 634/637/430 637/640/430 638/641/430
f 638/641/431 639/642/431 634/637/431
f 640/643/432 641/644/432 642/645/432
f 642/645/433 643/646/433 640/643/433
f 644/647/434 643/646/434 642/645/434
f 642/645/435 645/648/435 644/647/435
f 646/649/436 647/650/436 648/651/436
f 648/651/437 649/652/437 646/649/437
f 646/649/438 649/652/438 650/653/438
f 650/653/439 651/654/439 646/649/439
f 652/655/440 653/656/440 654/657/440
f 654/657/441 655/658/441 652/655/441
f 656/659/442 655/658/442 654/657/442
f 654/657/443 657/660/443 656/659/443
f 658/661/444 659/662/444 660/663/444
f 660/663/445 661/664/445 658/661/445
f 662/665/446 661/664/446 660/663/446
f 660/663/447 663/666/447 662/665/447
f 664/667/448 665/668/448 666/669/448
f 666/669/449 667/670/449 664/667/449
f 664/667/450 667/670/450 668/671/450
f 668/671/451 669/672/451 664/667/451
f 670/673/452 671/674/452 672/675/452
f 672/675/453 673/676/453 670/673/453
f 674/677/454 673/676/454 672/675/454
f 672/675/455 675/678/455 674/677/455
f 676/679/456 677/680/456 678/681/456
f 678/681/457 679/682/457 676/679/457
f 676/679/458 679/682/458 680/683/458
f 680/683/459 681/684/459 676/679/459
f 682/685/460 683/686/460 684/687/460
f 684/687/461 685/688/461 682/685/461
f 686/689/462 685/688/462 684/687/462
f 684/687/463 687/690/463 686/689/463
f 688/691/464 689/692/464 690/693/464
f 690/693/465 691/694/465 688/691/465
f 692/695/466 691/694/466 690/693/466
f 690/693/467 693/696/467 692/695/467
f 694/697/468 695/698/468 696/699/468
f 696/699/469 697/700/469 694/697/469
f 698/701/470 697/700/470 696/699/470
f 696/699/471 699/702/471 698/701/471
f 700/703/472 701/704/472 702/705/472
f 702/705/473 703/706/473 700/703/473
f 704/707/474 703/706/474 702/705/474
f 702/705/475 705/708/475 704/707/475
f 706/709/476 707/710/476 708/711/476
f 708/711/477 709/712/477 706/709/477
f 710/713/478 709/712/478 708/711/478
f 708/711/479 711/714/479 710/713/479
f 712/715/480 713/716/480 714/717/480
f 714/717/481 715/718/481 712/715/481
f 716/719/482 715/718/482 714/717/482
f 714/717/483 717/720/483 716/719/483
f 718/721/484 719/722/484 720/723/484
f 720/723/485 721/724/485 718/721/485
f 722/725/486 721/724/486 720/723/486
f 720/723/487 723/726/487 722/725/487
f 724/727/488 725/728/488 726/729/488
f 726/729/489 727/730/489 724/727/489
f 728/731/490 727/730/490 726/729/490
f 726/729/491 729/732/491 728/731/491
f 730/733/492 731/734/492 732/735/492
f 732/735/493 733/736/493 730/733/493
f 734/737/494 733/736/494 732/735/494
f 732/735/495 735/738/495 734/737/495
f 736/739/496 737/740/496 738/741/496
f 738/741/497 739/742/497 736/739/497
f 740/743/498 739/742/498 738/741/498
f 738/741/499 741/744/499 740/743/499
f 742/745/500 743/746/501 744/747/501
f 744/747/502 745/748/502 742/745/502
f 746/749/503 745/748/504 744/747/503
f 744/747/505 747/750/505 746/749/505
f 748/751/506 749/752/506 750/753/506
f 750/753/507 751/754/507 748/751/507
f 748/751/508 751/754/508 752/755/508
f 752/755/509 753/756/509 748/751/509
f 754/757/510 755/758/510 756/759/510
f 756/759/511 757/760/511 754/757/511
f 758/761/512 757/760/512 756/759/512
f 756/759/513 759/762/513 758/761/513
f 760/763/514 761/764/514 762/765/514
f 762/765/515 763/766/515 760/763/515
f 764/767/516 763/766/516 762/765/516
f 762/765/517 765/768/517 764/767/517
f 766/769/518 767/770/518 768/771/518
f 768/771/519 769/772/519 766/769/519
f 770/773/520 769/772/520 768/771/520
f 768/771/521 771/774/521 770/773/521
f 772/775/522 773/776/522 774/777/522
f 774/777/523 775/778/523 772/775/523
f 776/779/524 775/778/524 774/777/524
f 774/777/525 777/780/525 776/779/525
f 778/781/526 779/782/526 780/783/526
f 780/783/527 781/784/527 778/781/527
f 782/785/528 781/784/528 780/783/528
f 780/783/529 783/786/529 782/785/529
f 784/787/530 785/788/530 786/789/530
f 786/789/531 787/790/531 784/787/531
f 787/790/532 786/789/532 788/791/532
f 789/792/533 784/787/533 787/790/533
f 790/793/534 787/790/534 788/791/534
f 787/790/535 790/793/535 789/792/535
f 786/794/536 790/793/536 788/791/536
f 785/795/537 789/792/537 790/793/537
f 790/793/538 786/794/538 785/795/538
f 791/796/539 792/797/539 793/798/539
f 793/798/540 794/799/540 791/796/540
f 794/799/541 793/798/541 795/800/541
f 796/801/542 791/796/542 794/799/542
f 797/802/543 794/799/543 795/800/543
f 794/799/544 797/802/544 796/801/544
f 793/803/545 797/802/545 795/800/545
f 792/804/546 796/801/546 797/802/546
f 797/802/547 793/803/547 792/804/547
f 798/805/548 799/806/548 800/807/548
f 800/807/549 801/808/549 798/805/549
f 801/808/550 800/807/550 802/809/550
f 803/810/551 798/805/551 801/808/551
f 804/811/552 801/808/552 802/809/552
f 801/808/553 804/811/553 803/810/553
f 800/812/554 804/811/554 802/809/554
f 799/813/555 803/810/555 804/811/555
f 804/811/556 800/812/556 799/813/556
f 805/814/557 806/815/557 807/816/557
f 807/816/558 808/817/558 805/814/558
f 808/817/559 807/816/559 809/818/559
f 810/819/560 805/814/560 808/817/560
f 811/820/561 808/817/561 809/818/561
f 808/817/562 811/820/562 810/819/562
f 807/821/563 811/820/563 809/818/563
f 806/822/564 810/819/564 811/820/564
f 811/820/565 807/821/565 806/822/565
f 812/823/566 813/824/566 814/825/566
f 814/825/567 815/826/567 812/823/567
f 815/826/568 814/825/568 816/827/568
f 817/828/569 812/823/569 815/826/569
f 818/829/570 815/826/570 816/827/570
f 815/826/571 818/829/571 817/828/571
f 814/830/572 818/829/572 816/827/572
f 813/831/573 817/828/574 818/829/575
f 818/829/575 814/830/576 813/831/573
f 819/832/577 820/833/577 821/834/577
f 821/834/578 822/835/578 819/832/578
f 822/835/579 821/834/579 823/836/579
f 824/837/580 819/832/580 822/835/580
f 825/838/581 822/835/581 823/836/581
f 822/835/582 825/838/582 824/837/582
f 821/839/583 825/838/583 823/836/583
f 820/840/584 824/837/585 825/838/586
f 825/838/586 821/839/587 820/840/584
f 826/841/588 827/842/588 828/843/588
f 828/843/589 829/844/589 826/841/589
f 829/844/590 828/843/590 830/845/590
f 831/846/591 826/841/591 829/844/591
f 832/847/592 829/844/592 830/845/592
f 829/844/593 832/847/593 831/846/593
f 828/848/594 832/847/594 830/845/594
f 827/849/595 831/846/595 832/847/595
f 832/847/596 828/848/596 827/849/596
f 833/850/597 834/851/597 835/852/597
f 835/852/598 836/853/598 833/850/598
f 836/853/599 835/852/599 837/854/599
f 838/855/600 833/850/600 836/853/600
f 839/856/601 836/853/601 837/854/601
f 836/853/602 839/856/602 838/855/602
f 835/857/603 839/856/603 837/854/603
f 834/858/604 838/855/605 839/856/606
f 839/856/606 835/857/607 834/858/604
f 840/859/608 841/860/608 842/861/608
f 842/861/609 843/862/609 840/859/609
f 843/862/610 842/861/610 844/863/610
f 845/864/611 840/859/611 843/862/611
f 844/863/612 846/865/612 843/862/612
f 846/865/613 844/863/613 847/866/613
f 843/862/614 848/867/614 845/864/614
f 848/867/615 843/862/615 846/865/615
f 841/868/616 845/864/616 848/867/616
f 848/867/617 842/869/617 841/868/617
f 842/869/618 848/867/618 849/870/618
f 846/865/619 849/870/619 848/867/619
f 849/870/620 844/871/620 842/869/620
f 847/866/621 850/872/621 846/865/621
f 849/870/622 846/865/622 850/872/622
f 850/872/623 847/866/623 851/873/623
f 851/873/624 852/874/624 850/872/624
f 844/871/625 849/870/625 853/875/625
f 850/872/626 853/875/626 849/870/626
f 853/875/627 850/872/627 852/874/627
f 853/875/628 847/876/628 844/871/628
f 852/874/629 854/877/629 853/875/629
f 847/876/630 853/875/630 854/877/630
f 854/877/631 851/878/631 847/876/631
f 855/879/632 856/880/632 857/881/632
f 857/881/633 858/882/633 855/879/633
f 858/882/634 857/881/634 859/883/634
f 860/884/635 855/879/635 858/882/635
f 861/885/636 858/882/637 859/883/638
f 858/882/637 861/885/636 860/884/639
f 857/886/640 861/885/640 859/883/640
f 856/887/641 860/884/641 861/885/641
f 861/885/642 857/886/642 856/887/642
f 862/888/643 863/889/644 864/890/645
f 864/890/645 865/891/646 862/888/643
f 865/891/647 864/890/647 866/892/647
f 867/893/648 862/888/648 865/891/648
f 868/894/649 865/891/649 866/892/649
f 865/891/650 868/894/650 867/893/650
f 864/895/651 868/894/651 866/892/651
f 863/896/652 867/893/652 868/894/652
f 868/894/653 864/897/653 863/896/653
f 852/898/654 851/899/654 869/900/654
f 869/900/655 870/901/655 852/898/655
f 870/901/656 869/900/656 871/902/656
f 854/903/657 852/898/657 870/901/657
f 872/904/658 870/901/658 871/902/658
f 870/901/659 872/904/659 854/903/659
f 869/905/660 872/904/660 871/902/660
f 851/906/661 854/903/661 872/904/661
f 872/904/662 869/905/662 851/906/662
f 873/907/663 874/908/663 875/909/663
f 875/909/664 876/910/664 873/907/664
f 876/910/665 875/909/665 877/911/665
f 878/912/666 873/907/666 876/910/666
f 877/911/667 879/913/667 876/910/667
f 879/913/668 877/911/668 880/914/668
f 876/910/669 881/915/669 878/912/669
f 881/915/670 876/910/671 879/913/672
f 874/916/673 878/912/673 881/915/673
f 881/915/674 875/917/674 874/916/674
f 882/918/675 879/913/675 880/914/675
f 879/913/672 882/918/676 881/915/670
f 875/917/677 881/915/677 882/918/677
f 877/919/678 882/918/678 880/914/678
f 882/918/679 877/919/679 875/917/679
f 883/920/680 884/921/680 885/922/680
f 885/922/681 886/923/681 883/920/681
f 886/923/682 885/922/682 887/924/682
f 888/925/683 883/920/683 886/923/683
f 889/926/684 886/923/684 887/924/684
f 886/923/685 889/926/685 888/925/685
f 885/927/686 889/926/686 887/924/686
f 884/928/687 888/925/687 889/926/687
f 889/926/688 885/927/688 884/928/688
f 890/929/689 891/930/689 892/931/689
f 892/931/690 893/932/690 890/929/690
f 893/932/691 892/931/691 894/933/691
f 895/934/692 890/929/692 893/932/692
f 896/935/693 893/932/693 894/933/693
f 893/932/694 896/935/694 895/934/694
f 892/936/695 896/935/695 894/933/695
f 891/937/696 895/934/696 896/935/696
f 896/935/697 892/936/697 891/937/697
f 897/938/698 898/939/698 899/940/698
f 899/940/699 900/941/699 897/938/699
f 900/941/700 899/940/700 901/942/700
f 902/943/701 897/938/701 900/941/701
f 901/942/702 903/944/702 900/941/702
f 900/941/703 904/945/703 902/943/703
f 900/941/704 903/944/704 905/946/704
f 905/946/705 904/945/705 900/941/705
f 906/947/706 907/948/706 908/949/706
f 908/949/707 909/950/707 906/947/707
f 909/950/707 908/949/707 910/951/707
f 911/952/708 906/947/708 909/950/708
f 910/951/709 912/953/709 909/950/709
f 909/950/710 913/954/710 911/952/710
f 909/950/711 912/953/711 914/955/711
f 914/955/712 913/954/712 909/950/712
f 915/956/713 916/957/713 917/958/713
f 917/958/714 918/959/714 915/956/714
f 918/959/715 917/958/715 919/960/715
f 920/961/716 915/956/716 918/959/716
f 919/960/717 921/962/717 918/959/717
f 918/959/718 922/963/718 920/961/718
f 918/959/719 921/962/719 923/964/719
f 923/964/720 922/963/720 918/959/720
f 924/965/721 925/966/721 926/967/721
f 926/967/722 927/968/722 924/965/722
f 927/968/723 926/967/723 928/969/723
f 929/970/724 924/965/724 927/968/724
f 928/969/725 930/971/725 927/968/725
f 927/968/726 931/972/726 929/970/727
f 927/968/728 930/971/728 932/973/728
f 932/973/729 931/972/729 927/968/729
f 933/974/730 934/975/730 935/976/730
f 935/976/731 936/977/731 933/974/731
f 936/977/732 935/976/732 937/978/732
f 938/979/733 933/974/733 936/977/733
f 937/978/734 939/980/734 936/977/734
f 936/977/735 940/981/735 938/979/735
f 936/977/736 939/980/736 941/982/736
f 941/982/737 940/981/737 936/977/737
f 942/983/738 943/984/738 944/985/738
f 944/985/739 945/986/740 942/983/741
f 945/986/740 944/985/739 946/987/742
f 947/988/743 942/983/743 945/986/743
f 946/987/744 948/989/744 945/986/744
f 945/986/745 949/990/745 947/988/745
f 945/986/746 948/989/746 950/991/746
f 950/991/747 949/990/747 945/986/747
f 951/992/748 952/993/748 953/994/748
f 953/994/749 954/995/749 951/992/749
f 954/995/750 953/994/750 955/996/750
f 956/997/751 951/992/751 954/995/751
f 955/996/752 957/998/752 954/995/752
f 954/995/753 958/999/753 956/997/753
f 954/995/754 957/998/754 959/1000/754
f 959/1000/755 958/999/755 954/995/755
f 960/1001/756 961/1002/756 962/1003/756
f 962/1003/757 963/1004/758 960/1001/759
f 963/1004/758 962/1003/757 964/1005/760
f 965/1006/761 960/1001/761 963/1004/761
f 964/1005/760 966/1007/762 963/1004/758
f 963/1004/763 967/1008/763 965/1006/763
f 963/1004/764 966/1007/764 968/1009/764
f 968/1009/765 967/1008/765 963/1004/765
f 969/1010/766 970/1011/767 971/1012/768
f 971/1012/769 972/1013/769 969/1010/769
f 970/1011/767 969/1010/766 973/1014/770
f 974/1015/771 969/1010/772 972/1013/773
f 969/1010/772 974/1015/771 973/1014/774
f 972/1013/775 975/1016/775 974/1015/775
f 976/1017/776 974/1015/777 975/1016/778
f 974/1015/777 976/1017/776 973/1014/779
f 975/1016/780 977/1018/780 976/1017/780
f 978/1019/781 976/1017/781 977/1018/781
f 976/1017/782 978/1019/782 973/1014/782
f 977/1018/783 979/1020/783 978/1019/783
f 978/1019/784 980/1021/784 973/1014/784
f 980/1021/785 978/1019/785 979/1020/785
f 980/1021/786 970/1022/786 973/1014/786
f 979/1020/787 981/1023/787 980/1021/787
f 971/1024/788 970/1022/788 980/1021/788
f 980/1021/789 981/1023/789 971/1024/789
f 982/1025/790 983/1026/790 984/1027/790
f 984/1027/791 985/1028/791 982/1025/791
f 983/1026/792 982/1025/792 986/1029/792
f 987/1030/793 982/1025/793 985/1028/793
f 982/1025/794 987/1030/794 986/1029/794
f 985/1028/795 988/1031/795 987/1030/795
f 987/1030/796 983/1032/796 986/1029/796
f 987/1030/797 988/1031/797 984/1033/797
f 984/1033/797 983/1032/797 987/1030/797
