# Blender v2.79 (sub 0) OBJ File: ''
# www.blender.org
o GrenadeBody_low
v -0.275000 -0.054606 1.001799
v -0.393800 0.657094 1.582399
v -0.472300 0.669294 1.543200
v -0.378900 -0.062506 0.969699
v -0.451000 0.179694 1.097299
v -0.138700 -0.054206 1.028199
v -0.198500 0.657994 1.620800
v 0.000000 -0.054406 1.037099
v 0.000000 0.658094 1.633800
v -0.600600 3.362593 2.569700
v -0.720900 3.363093 2.530900
v -0.676500 2.583793 2.398400
v -0.570600 2.585293 2.433100
v -0.302600 3.362393 2.626700
v -0.287500 2.587193 2.487600
v 0.000000 3.362293 2.646500
v 0.000000 2.587294 2.506400
v -0.612500 4.861794 2.612800
v -0.738500 4.863194 2.572100
v -0.738500 4.013494 2.572100
v -0.612500 4.014894 2.612800
v -0.308600 4.860593 2.671100
v -0.308600 4.016093 2.671100
v 0.000000 4.860593 2.691300
v 0.000000 4.016193 2.691300
v -0.628900 6.138994 2.274000
v -0.703200 5.616794 2.430700
v -0.583500 5.624494 2.497100
v -0.534400 6.168394 2.319300
v -0.294000 5.624094 2.553000
v -0.269400 6.166793 2.371100
v 0.000000 5.624094 2.572200
v 0.000000 6.166793 2.388800
v -0.235400 8.132093 1.103801
v -0.342400 8.128893 1.074901
v -0.540900 6.474993 1.828000
v -0.456300 6.499693 1.860300
v -0.118700 8.131893 1.123101
v -0.230100 6.498394 1.904601
v 0.000000 6.498394 1.919701
v 0.000000 8.130993 1.130401
v -0.492000 1.259194 1.949500
v -0.445900 1.259894 1.964800
v -0.529600 1.926993 2.249200
v -0.615800 1.926993 2.221299
v -0.224700 1.262594 2.007499
v -0.266800 1.927894 2.299500
v 0.000000 1.262694 2.022200
v 0.000000 1.927794 2.316800
v -0.263800 8.400694 0.984601
v -0.390100 8.400694 0.941701
v -0.417400 8.217693 1.007601
v -0.282200 8.217394 1.053201
v -0.133100 8.400694 1.010601
v -0.142400 8.217693 1.081301
v 0.000000 8.218094 1.090901
v 0.000000 8.400694 1.019301
v -0.202300 0.728694 1.636500
v 0.000000 0.728694 1.649799
v 0.000000 0.949794 1.624900
v -0.209600 0.949894 1.611099
v -0.401600 0.728394 1.598400
v -0.415800 0.950094 1.570600
v -0.469300 0.730394 1.573600
v -0.562200 0.948094 1.522200
v -0.593300 0.910894 1.485500
v -0.271300 1.990694 2.298100
v 0.000000 1.990694 2.315900
v 0.000000 2.224594 2.190800
v -0.281600 2.224594 2.172200
v -0.538200 1.991894 2.246700
v -0.558600 2.225194 2.117400
v -0.633500 1.997594 2.213000
v -0.767800 2.222394 2.048400
v -0.529200 1.258494 1.907300
v -0.657000 1.952194 2.191299
v -0.807700 2.189394 2.007999
v -0.621400 1.073694 1.556800
v -0.439300 1.202594 1.919600
v -0.487700 1.202394 1.901800
v -0.578800 1.010894 1.539700
v -0.420800 1.009494 1.592600
v -0.221500 1.204294 1.962700
v -0.212200 1.009594 1.633900
v 0.000000 1.204294 1.977200
v 0.000000 1.009494 1.647799
v -0.304800 3.426794 2.615300
v 0.000000 3.426693 2.635300
v 0.000000 3.669793 2.405600
v -0.310100 3.669693 2.385200
v -0.604600 3.428194 2.556600
v -0.615000 3.669993 2.324700
v -0.730400 3.431694 2.511300
v -0.860000 3.668094 2.243400
v -0.712100 2.572894 2.358700
v -0.757600 3.381693 2.497100
v -0.897100 3.618393 2.217500
v -0.825400 2.340194 2.044000
v -0.568700 2.514393 2.399900
v -0.678600 2.513194 2.360700
v -0.785900 2.278994 2.048600
v -0.562500 2.277094 2.124000
v -0.286700 2.515994 2.455400
v -0.283700 2.277294 2.179200
v 0.000000 2.515994 2.474300
v 0.000000 2.277194 2.197900
v -0.309400 4.930294 2.650000
v 0.000000 4.930193 2.670300
v 0.000000 5.166093 2.407200
v -0.310600 5.165993 2.386700
v -0.613700 4.931794 2.590100
v -0.616000 5.166193 2.326100
v -0.744300 4.933894 2.543400
v -0.862900 5.162593 2.241800
v -0.773700 3.998194 2.535600
v -0.773700 4.878593 2.535600
v -0.901000 5.108093 2.226000
v -0.901800 3.768693 2.226900
v -0.613700 3.944993 2.590100
v -0.744300 3.942894 2.543400
v -0.863600 3.713193 2.243100
v -0.615900 3.711493 2.325900
v -0.309400 3.946493 2.650000
v -0.310600 3.711694 2.386400
v 0.000000 3.946493 2.670300
v 0.000000 3.711694 2.406800
v -0.685700 6.506294 1.655401
v -0.590200 5.551593 2.491700
v -0.706100 5.553093 2.443400
v -0.856100 5.223194 2.238300
v -0.613300 5.220694 2.319100
v -0.297500 5.552693 2.548500
v -0.309200 5.221094 2.379400
v 0.000000 5.552794 2.568000
v 0.000000 5.221193 2.399800
v -0.560100 6.396093 1.907200
v -0.606100 6.293494 2.161700
v -0.511500 6.319093 2.199000
v -0.471600 6.414093 1.934500
v -0.258100 6.318694 2.250000
v -0.237700 6.414994 1.980801
v 0.000000 6.318594 2.267100
v 0.000000 6.414994 1.996300
v 0.000000 0.658094 -1.634000
v 0.000000 -0.054406 -1.037301
v -0.138700 -0.054206 -1.028401
v -0.198600 0.657994 -1.621001
v -0.275000 -0.054606 -1.002001
v -0.393800 0.657094 -1.582600
v -0.451200 0.180494 -1.097901
v -0.472200 0.669494 -1.543200
v -0.378900 -0.062506 -0.969901
v -0.302600 3.362394 -2.626900
v 0.000000 3.362294 -2.646700
v 0.000000 2.587295 -2.506600
v -0.287500 2.587194 -2.487800
v -0.600600 3.362594 -2.569900
v -0.570600 2.585294 -2.433300
v -0.720900 3.363094 -2.531200
v -0.676500 2.583794 -2.398700
v -0.308600 4.860594 -2.671300
v 0.000000 4.860594 -2.691500
v 0.000000 4.016194 -2.691500
v -0.308600 4.016094 -2.671300
v -0.612500 4.861794 -2.613000
v -0.612500 4.014894 -2.613000
v -0.738500 4.863194 -2.572300
v -0.738500 4.013494 -2.572300
v 0.000000 6.166794 -2.389000
v 0.000000 5.624094 -2.572400
v -0.294000 5.624094 -2.553200
v -0.269400 6.166794 -2.371300
v -0.583500 5.624495 -2.497400
v -0.534400 6.168395 -2.319500
v -0.628900 6.138995 -2.274200
v -0.703200 5.616795 -2.430800
v 0.000000 8.131094 -1.130599
v 0.000000 6.498394 -1.919899
v -0.230100 6.498394 -1.904800
v -0.118700 8.131794 -1.123299
v -0.456300 6.499694 -1.860600
v -0.235400 8.132093 -1.103999
v -0.540800 6.474794 -1.828099
v -0.342400 8.128893 -1.075099
v 0.000000 1.262694 -2.022400
v -0.224700 1.262594 -2.007700
v -0.266800 1.927894 -2.299700
v 0.000000 1.927794 -2.317101
v -0.445900 1.259894 -1.965000
v -0.529600 1.926994 -2.249400
v -0.492000 1.259194 -1.949700
v -0.615800 1.926994 -2.221500
v 0.000000 8.400694 -1.019499
v 0.000000 8.218094 -1.091099
v -0.142400 8.217693 -1.081499
v -0.133100 8.400694 -1.010799
v -0.282300 8.217394 -1.053399
v -0.263800 8.400694 -0.984799
v -0.417400 8.217693 -1.007799
v -0.390100 8.400694 -0.941899
v -0.593300 0.910894 -1.485700
v -0.401600 0.728394 -1.598701
v -0.469300 0.730394 -1.573800
v -0.562200 0.948094 -1.522501
v -0.415800 0.950094 -1.570800
v -0.202300 0.728694 -1.636801
v -0.209600 0.949894 -1.611300
v 0.000000 0.728694 -1.650000
v 0.000000 0.949794 -1.625100
v 0.000000 1.990694 -2.316100
v -0.271300 1.990694 -2.298400
v -0.281600 2.224594 -2.172500
v 0.000000 2.224594 -2.191100
v -0.221500 1.204294 -1.962900
v 0.000000 1.204294 -1.977400
v 0.000000 1.009494 -1.648000
v -0.212200 1.009594 -1.634100
v -0.439300 1.202594 -1.919800
v -0.420800 1.009494 -1.592800
v -0.487700 1.202394 -1.902000
v -0.578800 1.010894 -1.539900
v -0.657000 1.952194 -2.191601
v -0.529200 1.258494 -1.907600
v -0.621400 1.073694 -1.557001
v -0.807700 2.189394 -2.008200
v -0.538200 1.991894 -2.246901
v -0.633500 1.997594 -2.213201
v -0.767800 2.222394 -2.048600
v -0.558600 2.225194 -2.117600
v -0.286700 2.515995 -2.455600
v 0.000000 2.515995 -2.474500
v 0.000000 2.277194 -2.198100
v -0.283700 2.277294 -2.179500
v -0.568700 2.514394 -2.400100
v -0.562600 2.277094 -2.124200
v -0.678600 2.513195 -2.360900
v -0.785900 2.278994 -2.048800
v -0.757600 3.381694 -2.497300
v -0.712100 2.572895 -2.359000
v -0.825400 2.340194 -2.044200
v -0.897100 3.618394 -2.217700
v -0.604600 3.428195 -2.556800
v -0.730500 3.431695 -2.511500
v -0.860000 3.668095 -2.243600
v -0.615000 3.669994 -2.325000
v -0.304800 3.426795 -2.615500
v -0.310100 3.669694 -2.385400
v 0.000000 3.426694 -2.635500
v 0.000000 3.669794 -2.405800
v -0.309400 3.946494 -2.650200
v 0.000000 3.946494 -2.670500
v 0.000000 3.711695 -2.407000
v -0.310600 3.711695 -2.386600
v -0.613700 3.944994 -2.590300
v -0.615900 3.711494 -2.326100
v -0.744300 3.942894 -2.543700
v -0.863600 3.713194 -2.243300
v -0.773700 4.878594 -2.535800
v -0.773700 3.998195 -2.535800
v -0.901800 3.768694 -2.227200
v -0.901000 5.108094 -2.226200
v -0.613700 4.931795 -2.590300
v -0.744300 4.933895 -2.543700
v -0.862900 5.162594 -2.242000
v -0.616000 5.166194 -2.326300
v -0.309400 4.930295 -2.650200
v -0.310600 5.165994 -2.386900
v 0.000000 4.930194 -2.670500
v 0.000000 5.166094 -2.407400
v -0.297500 5.552694 -2.548700
v 0.000000 5.552794 -2.568200
v 0.000000 5.221194 -2.400000
v -0.309300 5.221095 -2.379600
v -0.590200 5.551594 -2.492000
v -0.613300 5.220695 -2.319300
v -0.706100 5.553195 -2.443600
v -0.856100 5.223195 -2.238500
v -0.560000 6.395694 -1.907400
v -0.605800 6.293194 -2.161800
v -0.723100 6.351695 -1.745800
v -0.699300 6.431194 -1.688300
v -0.685700 6.506195 -1.655599
v 0.000000 6.318594 -2.267300
v -0.258100 6.318695 -2.250200
v -0.237800 6.414995 -1.980999
v 0.000000 6.414995 -1.996500
v -0.511500 6.319094 -2.199300
v -0.471600 6.414094 -1.934700
v -1.155800 0.657494 -1.155200
v -0.750300 -0.049606 -0.732601
v -0.841500 -0.048406 -0.630501
v -1.286900 0.657294 -1.005700
v -0.918600 -0.048506 -0.517901
v -1.398200 0.655694 -0.840801
v -0.967900 -0.057406 -0.424401
v -1.426100 0.655294 -0.784301
v -0.784800 0.655894 -1.425700
v -0.434300 -0.059906 -0.946401
v -0.530900 -0.052406 -0.897901
v -0.841400 0.656194 -1.397700
v -0.646100 -0.050806 -0.822201
v -1.006300 0.657594 -1.286300
v -2.071400 3.362394 -1.643600
v -1.871400 3.362294 -1.871500
v -1.772400 2.587294 -1.772500
v -1.962400 2.587194 -1.555900
v -2.241800 3.362594 -1.392500
v -2.124000 2.585294 -1.317200
v -2.299500 3.363094 -1.280100
v -2.174400 2.583794 -1.217800
v -1.392400 3.362594 -2.241900
v -1.280000 3.363094 -2.299600
v -1.217700 2.583794 -2.174500
v -1.317100 2.585294 -2.124100
v -1.643500 3.362394 -2.071500
v -1.555800 2.587194 -1.962500
v -2.107000 4.860594 -1.670700
v -1.903100 4.860594 -1.903200
v -1.903100 4.016194 -1.903200
v -2.107000 4.016094 -1.670700
v -2.280700 4.861794 -1.414600
v -2.280700 4.014894 -1.414600
v -2.341000 4.863194 -1.296700
v -2.341000 4.013494 -1.296700
v -1.414500 4.861794 -2.280800
v -1.296600 4.863194 -2.341100
v -1.296600 4.013494 -2.341100
v -1.414500 4.014894 -2.280800
v -1.670600 4.860594 -2.107100
v -1.670600 4.016094 -2.107100
v -1.689200 6.166794 -1.689300
v -1.818900 5.624094 -1.819000
v -2.013200 5.624094 -1.597500
v -1.867200 6.166794 -1.486300
v -2.178400 5.624494 -1.353400
v -2.018000 6.168394 -1.262300
v -2.052700 6.139094 -1.163400
v -2.216000 5.616794 -1.221700
v -1.163300 6.138995 -2.052800
v -1.221600 5.616795 -2.216200
v -1.353300 5.624495 -2.178500
v -1.262200 6.168395 -2.018100
v -1.597400 5.624094 -2.013300
v -1.486200 6.166794 -1.867300
v -0.799400 8.131094 -0.799499
v -1.357500 6.498394 -1.357599
v -1.509500 6.498394 -1.184299
v -0.878200 8.131794 -0.710399
v -1.638200 6.499694 -0.993000
v -0.947000 8.132093 -0.614299
v -1.675000 6.474794 -0.910300
v -1.002200 8.128893 -0.518099
v -0.614100 8.132093 -0.947199
v -0.518000 8.128893 -1.002299
v -0.910200 6.474994 -1.675300
v -0.992900 6.499694 -1.638299
v -0.710300 8.131893 -0.878299
v -1.184200 6.498394 -1.509600
v -1.430000 1.262694 -1.430100
v -1.578500 1.262594 -1.260800
v -1.814700 1.927894 -1.437500
v -1.638300 1.927794 -1.638500
v -1.704700 1.259894 -1.074200
v -1.965000 1.926994 -1.216100
v -1.726500 1.259194 -1.030800
v -2.006200 1.926994 -1.135500
v -1.030700 1.259194 -1.726600
v -1.074100 1.259894 -1.704900
v -1.216000 1.926994 -1.965100
v -1.135400 1.926994 -2.006300
v -1.260700 1.262594 -1.578600
v -1.437400 1.927894 -1.814800
v -0.720800 8.400694 -0.720899
v -0.771500 8.218094 -0.771599
v -0.865400 8.217693 -0.664099
v -0.808700 8.400694 -0.620699
v -0.944400 8.217394 -0.545299
v -0.882800 8.400694 -0.509799
v -1.007700 8.217693 -0.417499
v -0.941800 8.400694 -0.390199
v -0.545200 8.217394 -0.944499
v -0.509700 8.400694 -0.882899
v -0.664000 8.217693 -0.865499
v -0.620600 8.400694 -0.808899
v -1.117300 0.170094 -0.478901
v -1.470400 0.909794 -0.631201
v -1.441500 0.694694 -0.739901
v -1.414400 0.728394 -0.846601
v -1.446800 0.730994 -0.782001
v -1.474000 0.948094 -0.679000
v -1.404700 0.950094 -0.816700
v -1.300400 0.728694 -1.014300
v -1.287600 0.949894 -0.991200
v -1.166700 0.728694 -1.166800
v -1.149100 0.949794 -1.149200
v -1.014200 0.728694 -1.300501
v -0.991100 0.949894 -1.287701
v -0.846400 0.728394 -1.414500
v -0.816600 0.950094 -1.404801
v -0.781900 0.731094 -1.446800
v -0.678900 0.948194 -1.474100
v -0.631400 0.910494 -1.469500
v -0.486000 0.173194 -1.099301
v -0.740500 0.695394 -1.440900
v -1.637700 1.990694 -1.637800
v -1.816900 1.990694 -1.433400
v -1.735200 2.224594 -1.337100
v -1.549200 2.224594 -1.549300
v -1.433300 1.990694 -1.817000
v -1.336900 2.224594 -1.735300
v -1.208200 1.991894 -1.969400
v -1.102300 2.225194 -1.892400
v -1.116900 1.997594 -2.013000
v -0.905500 2.222394 -1.991500
v -0.974600 1.258494 -1.723100
v -1.085000 1.952194 -2.014301
v -0.848800 2.189394 -1.991200
v -0.661500 1.073694 -1.540401
v -1.046800 1.202594 -1.668200
v -1.000000 1.202394 -1.689800
v -0.679500 1.010894 -1.498201
v -0.828700 1.009494 -1.423900
v -1.231300 1.204294 -1.544600
v -1.005400 1.009594 -1.305601
v -1.398200 1.204294 -1.398300
v -1.165200 1.009494 -1.165401
v -1.544500 1.204294 -1.231400
v -1.305500 1.009594 -1.005500
v -1.668100 1.202594 -1.046900
v -1.423800 1.009494 -0.828800
v -1.689700 1.202394 -1.000100
v -1.498100 1.010894 -0.679700
v -2.014200 1.952194 -1.085100
v -1.722900 1.258494 -0.974700
v -1.540300 1.073694 -0.661600
v -1.991100 2.189394 -0.848900
v -1.969300 1.991894 -1.208300
v -2.012800 1.997594 -1.117000
v -1.991400 2.222394 -0.905600
v -1.892300 2.225194 -1.102400
v -1.939100 2.515994 -1.533700
v -1.749600 2.515994 -1.749800
v -1.554200 2.277194 -1.554300
v -1.741600 2.277294 -1.340500
v -2.099200 2.514394 -1.295000
v -1.899700 2.277094 -1.104300
v -2.149200 2.513194 -1.189600
v -2.004400 2.278994 -0.893100
v -2.301400 3.381694 -1.230200
v -2.171500 2.572894 -1.164500
v -2.029000 2.340194 -0.861900
v -2.202500 3.618394 -0.933800
v -2.235400 3.428194 -1.380400
v -2.292400 3.431694 -1.259500
v -2.194500 3.668094 -0.978400
v -2.078800 3.669994 -1.209200
v -2.064900 3.426794 -1.633900
v -1.905900 3.669694 -1.467500
v -1.863500 3.426694 -1.863600
v -1.701100 3.669794 -1.701200
v -1.633800 3.426794 -2.065000
v -1.467400 3.669694 -1.906100
v -1.380300 3.428195 -2.235500
v -1.209100 3.669994 -2.078900
v -1.259300 3.431695 -2.292500
v -0.978200 3.668094 -2.194600
v -1.164400 2.572894 -2.171600
v -1.230100 3.381694 -2.301600
v -0.933700 3.618394 -2.202600
v -0.861800 2.340194 -2.029100
v -1.294900 2.514394 -2.099300
v -1.189500 2.513194 -2.149300
v -0.893000 2.278994 -2.004500
v -1.104200 2.277094 -1.899800
v -1.533600 2.515994 -1.939200
v -1.340400 2.277294 -1.741700
v -2.092700 3.946494 -1.655200
v -1.888300 3.946494 -1.888400
v -1.702000 3.711694 -1.702100
v -1.907100 3.711694 -1.468000
v -2.265600 3.944994 -1.397700
v -2.080200 3.711494 -1.209300
v -2.324800 3.942894 -1.272400
v -2.196800 3.713194 -0.975600
v -2.340100 4.878594 -1.246000
v -2.340100 3.998194 -1.246000
v -2.212400 3.768694 -0.937200
v -2.211200 5.108094 -0.937100
v -2.265500 4.931794 -1.397700
v -2.324800 4.933894 -1.272400
v -2.195400 5.162594 -0.975200
v -2.080500 5.166194 -1.209500
v -2.092700 4.930295 -1.655200
v -1.907400 5.165994 -1.468200
v -1.888300 4.930194 -1.888400
v -1.702200 5.166094 -1.702300
v -1.655100 4.930295 -2.092800
v -1.468100 5.165994 -1.907500
v -1.397600 4.931795 -2.265700
v -1.209300 5.166194 -2.080600
v -1.272300 4.933895 -2.325000
v -0.975100 5.162594 -2.195500
v -1.245900 3.998195 -2.340200
v -1.245900 4.878594 -2.340200
v -0.937000 5.108094 -2.211300
v -0.937100 3.768694 -2.212500
v -1.397600 3.944994 -2.265700
v -1.272300 3.942894 -2.325000
v -0.975500 3.713194 -2.196900
v -1.209200 3.711494 -2.080300
v -1.655100 3.946494 -2.092800
v -1.467900 3.711694 -1.907200
v -2.012500 5.552694 -1.591900
v -1.815900 5.552794 -1.816000
v -1.697000 5.221194 -1.697100
v -1.901200 5.221095 -1.464000
v -2.179400 5.551594 -1.344800
v -2.073600 5.220694 -1.206300
v -2.227100 5.553194 -1.228700
v -2.188200 5.223194 -0.977500
v -1.744600 6.395594 -0.952700
v -1.956800 6.293094 -1.100399
v -1.750300 6.346194 -0.725100
v -1.688400 6.430794 -0.699500
v -1.655500 6.506194 -0.685900
v -1.344700 5.551594 -2.179500
v -1.228600 5.553094 -2.227200
v -0.977400 5.223195 -2.188300
v -1.206200 5.220695 -2.073700
v -1.591800 5.552694 -2.012600
v -1.463900 5.221095 -1.901300
v -1.603100 6.318594 -1.603199
v -1.773500 6.318694 -1.408700
v -1.568800 6.414994 -1.232700
v -1.411700 6.414994 -1.411800
v -1.916700 6.319094 -1.193500
v -1.701400 6.414094 -1.034600
v -0.952600 6.395794 -1.744799
v -1.100200 6.293294 -1.957100
v -1.193400 6.319094 -1.916800
v -1.034500 6.414094 -1.701500
v -1.408600 6.318695 -1.773600
v -1.232600 6.414995 -1.568900
v -1.634200 0.656894 -0.000101
v -1.059900 -0.045306 -0.000101
v -1.050800 -0.045406 0.134899
v -1.621200 0.656894 0.198199
v -1.024100 -0.046706 0.267799
v -1.583400 0.655394 0.393399
v -0.991500 -0.056606 0.367899
v -1.563100 0.655094 0.453199
v -1.563100 0.655094 -0.453401
v -0.991500 -0.056606 -0.368101
v -1.024100 -0.046706 -0.268001
v -1.583400 0.655394 -0.393601
v -1.050800 -0.045406 -0.135201
v -1.621200 0.656894 -0.198401
v -2.626800 3.362394 0.302500
v -2.646600 3.362294 -0.000100
v -2.506500 2.587294 -0.000100
v -2.487700 2.587194 0.287400
v -2.569800 3.362594 0.600500
v -2.433200 2.585294 0.570500
v -2.531100 3.363094 0.720800
v -2.398500 2.583794 0.676400
v -2.569800 3.362594 -0.600700
v -2.531100 3.363094 -0.721000
v -2.398500 2.583794 -0.676600
v -2.433200 2.585294 -0.570700
v -2.626800 3.362394 -0.302700
v -2.487700 2.587194 -0.287600
v -2.671200 4.860594 0.308500
v -2.691400 4.860594 -0.000100
v -2.691400 4.016194 -0.000100
v -2.671200 4.016094 0.308500
v -2.612900 4.861794 0.612400
v -2.612900 4.014894 0.612400
v -2.572200 4.863194 0.738400
v -2.572200 4.013494 0.738400
v -2.612900 4.861794 -0.612600
v -2.572200 4.863194 -0.738600
v -2.572200 4.013494 -0.738600
v -2.612900 4.014894 -0.612600
v -2.671200 4.860594 -0.308700
v -2.671200 4.016094 -0.308700
v -2.388900 6.166794 -0.000100
v -2.572300 5.624094 -0.000100
v -2.553100 5.624094 0.293900
v -2.371200 6.166794 0.269300
v -2.497300 5.624494 0.583400
v -2.319400 6.168394 0.534300
v -2.274100 6.138994 0.628800
v -2.430700 5.616794 0.703100
v -2.274100 6.138994 -0.629000
v -2.430800 5.616794 -0.703400
v -2.497300 5.624494 -0.583600
v -2.319400 6.168394 -0.534500
v -2.553100 5.624094 -0.294100
v -2.371200 6.166794 -0.269500
v -1.130500 8.131094 -0.000099
v -1.919800 6.498394 -0.000100
v -1.904700 6.498394 0.229900
v -1.123200 8.131794 0.118601
v -1.860400 6.499694 0.456200
v -1.103900 8.132093 0.235301
v -1.828000 6.474794 0.540700
v -1.075000 8.128893 0.342301
v -1.103900 8.132093 -0.235499
v -1.075000 8.128893 -0.342499
v -1.828100 6.474994 -0.541000
v -1.860500 6.499694 -0.456400
v -1.123200 8.131893 -0.118799
v -1.904700 6.498394 -0.230200
v -2.022300 1.262694 -0.000100
v -2.007600 1.262594 0.224600
v -2.299600 1.927894 0.266700
v -2.317000 1.927794 -0.000100
v -1.964900 1.259894 0.445800
v -2.249300 1.926994 0.529500
v -1.949600 1.259194 0.491900
v -2.221400 1.926994 0.615700
v -1.949600 1.259194 -0.492100
v -1.964900 1.259894 -0.446000
v -2.249300 1.926994 -0.529700
v -2.221400 1.926994 -0.615900
v -2.007600 1.262594 -0.224800
v -2.299600 1.927894 -0.267000
v -1.019400 8.400694 -0.000099
v -1.091000 8.218094 -0.000099
v -1.081400 8.217693 0.142301
v -1.010700 8.400694 0.132901
v -1.053300 8.217394 0.282101
v -0.984700 8.400694 0.263701
v -1.007700 8.217693 0.417301
v -0.941800 8.400694 0.390001
v -1.053300 8.217394 -0.282399
v -0.984700 8.400694 -0.263899
v -1.081400 8.217693 -0.142499
v -1.010700 8.400694 -0.133199
v -1.134500 0.171294 0.439599
v -1.486100 0.909194 0.592399
v -1.542500 0.694694 0.495399
v -1.598700 0.728394 0.401499
v -1.575900 0.730994 0.469999
v -1.522300 0.948094 0.562100
v -1.570700 0.950094 0.415699
v -1.636700 0.728594 0.202199
v -1.611200 0.949894 0.209499
v -1.649900 0.728694 -0.000101
v -1.625000 0.949794 -0.000101
v -1.636700 0.728594 -0.202501
v -1.611200 0.949894 -0.209701
v -1.598700 0.728394 -0.401701
v -1.570700 0.950094 -0.415901
v -1.575900 0.730994 -0.470301
v -1.522300 0.948094 -0.562301
v -1.486100 0.909194 -0.592701
v -1.134500 0.171294 -0.439801
v -1.542500 0.694694 -0.495601
v -2.316000 1.990694 -0.000100
v -2.298200 1.990694 0.271100
v -2.172400 2.224594 0.281500
v -2.190900 2.224594 -0.000100
v -2.298200 1.990694 -0.271400
v -2.172400 2.224594 -0.281700
v -2.246800 1.991894 -0.538300
v -2.117500 2.225194 -0.558700
v -2.213100 1.997594 -0.633600
v -2.048500 2.222394 -0.768000
v -1.907400 1.258494 -0.529300
v -2.191400 1.952194 -0.657100
v -2.008100 2.189394 -0.807800
v -1.556900 1.073694 -0.621500
v -1.919700 1.202594 -0.439400
v -1.901900 1.202394 -0.487800
v -1.539800 1.010894 -0.578900
v -1.592700 1.009494 -0.420900
v -1.962800 1.204294 -0.221600
v -1.634000 1.009594 -0.212301
v -1.977300 1.204294 -0.000100
v -1.647900 1.009494 -0.000101
v -1.962800 1.204294 0.221400
v -1.634000 1.009594 0.212099
v -1.919700 1.202594 0.439200
v -1.592700 1.009494 0.420700
v -1.901900 1.202394 0.487600
v -1.539800 1.010894 0.578700
v -2.191400 1.952194 0.656900
v -1.907400 1.258494 0.529100
v -1.556900 1.073694 0.621300
v -2.008100 2.189394 0.807600
v -2.246800 1.991894 0.538100
v -2.213100 1.997594 0.633400
v -2.048500 2.222394 0.767700
v -2.117500 2.225194 0.558500
v -2.455500 2.515994 0.286600
v -2.474400 2.515994 -0.000100
v -2.198000 2.277194 -0.000100
v -2.179300 2.277294 0.283600
v -2.400000 2.514394 0.568600
v -2.124100 2.277094 0.562400
v -2.360800 2.513194 0.678500
v -2.048700 2.278994 0.785800
v -2.497200 3.381694 0.757500
v -2.358800 2.572894 0.712000
v -2.044100 2.340194 0.825200
v -2.217600 3.618394 0.897000
v -2.556700 3.428194 0.604500
v -2.511400 3.431694 0.730300
v -2.243500 3.668094 0.859900
v -2.324800 3.669994 0.614800
v -2.615400 3.426794 0.304700
v -2.385300 3.669694 0.310000
v -2.635400 3.426694 -0.000100
v -2.405700 3.669794 -0.000100
v -2.615400 3.426794 -0.304900
v -2.385300 3.669694 -0.310200
v -2.556700 3.428194 -0.604700
v -2.324900 3.669994 -0.615100
v -2.511400 3.431694 -0.730600
v -2.243500 3.668094 -0.860100
v -2.358800 2.572894 -0.712300
v -2.497200 3.381694 -0.757700
v -2.217600 3.618394 -0.897200
v -2.044100 2.340194 -0.825500
v -2.400000 2.514394 -0.568800
v -2.360800 2.513194 -0.678700
v -2.048700 2.278994 -0.786000
v -2.124100 2.277094 -0.562700
v -2.455500 2.515994 -0.286800
v -2.179300 2.277294 -0.283800
v -2.650100 3.946494 0.309300
v -2.670400 3.946494 -0.000100
v -2.406900 3.711694 -0.000100
v -2.386500 3.711694 0.310500
v -2.590200 3.944994 0.613600
v -2.326000 3.711494 0.615800
v -2.543500 3.942894 0.744200
v -2.243200 3.713194 0.863500
v -2.535700 4.878594 0.773600
v -2.535700 3.998194 0.773600
v -2.227100 3.768694 0.901700
v -2.226100 5.108094 0.900900
v -2.590200 4.931794 0.613600
v -2.543600 4.933894 0.744200
v -2.241900 5.162594 0.862800
v -2.326200 5.166194 0.615900
v -2.650100 4.930294 0.309300
v -2.386800 5.165994 0.310500
v -2.670400 4.930194 -0.000100
v -2.407300 5.166094 -0.000100
v -2.650100 4.930294 -0.309500
v -2.386800 5.165994 -0.310700
v -2.590200 4.931794 -0.613900
v -2.326200 5.166194 -0.616100
v -2.543500 4.933894 -0.744400
v -2.241900 5.162594 -0.863000
v -2.535700 3.998194 -0.773800
v -2.535700 4.878594 -0.773800
v -2.226100 5.108094 -0.901100
v -2.227100 3.768694 -0.901900
v -2.590200 3.944994 -0.613900
v -2.543500 3.942894 -0.744400
v -2.243200 3.713194 -0.863700
v -2.326000 3.711494 -0.616000
v -2.650100 3.946494 -0.309500
v -2.386500 3.711694 -0.310700
v -2.548600 5.552694 0.297400
v -2.568100 5.552794 -0.000100
v -2.399900 5.221194 -0.000100
v -2.379500 5.221094 0.309100
v -2.491900 5.551594 0.590100
v -2.319200 5.220694 0.613200
v -2.443500 5.553194 0.706000
v -2.238400 5.223194 0.856000
v -1.907300 6.395794 0.559900
v -2.161700 6.293294 0.605700
v -1.746800 6.350794 0.723400
v -1.687600 6.432394 0.698900
v -1.655500 6.506194 0.685600
v -2.491900 5.551594 -0.590300
v -2.443500 5.553094 -0.706200
v -2.238400 5.223194 -0.856300
v -2.319200 5.220694 -0.613400
v -2.548600 5.552694 -0.297600
v -2.379500 5.221094 -0.309400
v -2.267200 6.318594 -0.000100
v -2.250100 6.318694 0.258000
v -1.980900 6.414994 0.237600
v -1.996400 6.414994 -0.000100
v -2.199200 6.319094 0.511400
v -1.934600 6.414094 0.471500
v -1.907300 6.395694 -0.560200
v -2.161700 6.293194 -0.605700
v -2.199200 6.319094 -0.511600
v -1.934600 6.414094 -0.471700
v -2.250100 6.318694 -0.258200
v -1.980900 6.414994 -0.237900
v -1.155800 0.657494 1.154899
v -0.750300 -0.049606 0.732399
v -0.646100 -0.050806 0.821999
v -1.006300 0.657594 1.286100
v -0.530900 -0.052406 0.897699
v -0.841400 0.656194 1.397500
v -0.434300 -0.059906 0.946099
v -0.784800 0.655894 1.425400
v -1.426100 0.655294 0.784099
v -0.967900 -0.057406 0.424199
v -0.918600 -0.048506 0.517699
v -1.398200 0.655694 0.840599
v -0.841500 -0.048406 0.630299
v -1.286900 0.657294 1.005399
v -1.643500 3.362394 2.071300
v -1.871400 3.362294 1.871300
v -1.772400 2.587294 1.772300
v -1.555800 2.587194 1.962300
v -1.392400 3.362593 2.241700
v -1.317100 2.585294 2.123900
v -1.279900 3.363093 2.299400
v -1.217700 2.583794 2.174300
v -2.241800 3.362594 1.392300
v -2.299500 3.363094 1.279800
v -2.174400 2.583794 1.217500
v -2.124000 2.585294 1.317000
v -2.071400 3.362394 1.643400
v -1.962400 2.587194 1.555600
v -1.670600 4.860593 2.106900
v -1.903100 4.860593 1.903000
v -1.903100 4.016193 1.903000
v -1.670600 4.016093 2.106900
v -1.414500 4.861794 2.280600
v -1.414500 4.014894 2.280600
v -1.296600 4.863194 2.340900
v -1.296600 4.013494 2.340900
v -2.280700 4.861794 1.414400
v -2.341000 4.863194 1.296500
v -2.341000 4.013494 1.296500
v -2.280700 4.014894 1.414400
v -2.107000 4.860593 1.670500
v -2.107000 4.016093 1.670500
v -1.689200 6.166793 1.689100
v -1.818900 5.624094 1.818800
v -1.597400 5.624094 2.013100
v -1.486200 6.166793 1.867100
v -1.353300 5.624494 2.178300
v -1.262200 6.168394 2.017800
v -1.163300 6.138994 2.052600
v -1.221600 5.616794 2.215900
v -2.052700 6.138994 1.163200
v -2.216100 5.616794 1.221400
v -2.178400 5.624494 1.353100
v -2.018000 6.168394 1.262100
v -2.013200 5.624094 1.597300
v -1.867200 6.166793 1.486100
v -0.799400 8.130993 0.799301
v -1.357500 6.498394 1.357400
v -1.184200 6.498394 1.509400
v -0.710300 8.131794 0.878101
v -0.993100 6.500694 1.638500
v -0.614100 8.132093 0.946901
v -0.910300 6.476294 1.675700
v -0.518000 8.128893 1.002101
v -0.947000 8.132093 0.614001
v -1.002200 8.128893 0.517901
v -1.675200 6.474994 0.910100
v -1.638200 6.499694 0.992700
v -0.878200 8.131893 0.710201
v -1.509500 6.498394 1.184101
v -1.430000 1.262694 1.429900
v -1.260700 1.262594 1.578400
v -1.437400 1.927894 1.814600
v -1.638300 1.927794 1.638200
v -1.074100 1.259894 1.704600
v -1.216000 1.926993 1.964900
v -1.030700 1.259194 1.726400
v -1.135400 1.926993 2.006099
v -1.726500 1.259194 1.030600
v -1.704700 1.259894 1.074000
v -1.965000 1.926994 1.215900
v -2.006200 1.926994 1.135200
v -1.578500 1.262594 1.260600
v -1.814700 1.927894 1.437200
v -0.720800 8.400694 0.720701
v -0.771500 8.218094 0.771401
v -0.664000 8.217693 0.865301
v -0.620600 8.400694 0.808601
v -0.545200 8.217394 0.944301
v -0.509700 8.400694 0.882701
v -0.944400 8.217394 0.545101
v -0.882800 8.400694 0.509601
v -0.865400 8.217693 0.663901
v -0.808700 8.400694 0.620501
v -0.486000 0.173194 1.098999
v -0.631400 0.910494 1.469300
v -0.740500 0.695394 1.440700
v -0.846400 0.728394 1.414299
v -0.781900 0.731094 1.446599
v -0.678900 0.948194 1.473799
v -0.816600 0.950094 1.404600
v -1.014200 0.728694 1.300300
v -0.991100 0.949894 1.287400
v -1.166700 0.728694 1.166499
v -1.149100 0.949794 1.149000
v -1.300400 0.728694 1.014099
v -1.287500 0.949894 0.991000
v -1.414400 0.728394 0.846299
v -1.404700 0.950094 0.816500
v -1.446800 0.730994 0.781799
v -1.474000 0.948094 0.678800
v -1.470400 0.909794 0.630899
v -1.117300 0.170094 0.478699
v -1.441500 0.694694 0.739599
v -1.637700 1.990694 1.637500
v -1.433300 1.990694 1.816800
v -1.336900 2.224594 1.735100
v -1.549200 2.224594 1.549100
v -1.816900 1.990694 1.433200
v -1.735200 2.224594 1.336800
v -1.969300 1.991894 1.208100
v -1.892300 2.225194 1.102200
v -2.012800 1.997594 1.116800
v -1.991400 2.222394 0.905400
v -1.722900 1.258494 0.974500
v -2.014200 1.952194 1.084900
v -1.991100 2.189394 0.848700
v -1.540300 1.073694 0.661400
v -1.668100 1.202594 1.046700
v -1.689700 1.202394 0.999900
v -1.498100 1.010894 0.679400
v -1.423800 1.009494 0.828600
v -1.544500 1.204294 1.231100
v -1.305500 1.009594 1.005300
v -1.398200 1.204294 1.398100
v -1.165200 1.009494 1.165100
v -1.231300 1.204294 1.544400
v -1.005400 1.009594 1.305300
v -1.046800 1.202594 1.668000
v -0.828700 1.009494 1.423599
v -1.000000 1.202394 1.689600
v -0.679500 1.010894 1.498000
v -1.085000 1.952194 2.014100
v -0.974600 1.258494 1.722800
v -0.661500 1.073694 1.540100
v -0.848800 2.189394 1.991000
v -1.208200 1.991894 1.969200
v -1.116900 1.997594 2.012700
v -0.905500 2.222394 1.991300
v -1.102300 2.225194 1.892200
v -1.533600 2.515994 1.939000
v -1.749600 2.515994 1.749500
v -1.554200 2.277194 1.554100
v -1.340400 2.277294 1.741500
v -1.294900 2.514394 2.099100
v -1.104200 2.277094 1.899600
v -1.189500 2.513194 2.149100
v -0.893000 2.278994 2.004300
v -1.230100 3.381693 2.301300
v -1.164400 2.572894 2.171400
v -0.861800 2.340194 2.028900
v -0.933700 3.618393 2.202300
v -1.380300 3.428194 2.235300
v -1.259300 3.431694 2.292200
v -0.978200 3.668094 2.194400
v -1.209100 3.669994 2.078600
v -1.633800 3.426794 2.064800
v -1.467400 3.669694 1.905800
v -1.863500 3.426694 1.863400
v -1.701100 3.669793 1.701000
v -2.064900 3.426794 1.633700
v -1.905900 3.669694 1.467300
v -2.235400 3.428194 1.380200
v -2.078800 3.669994 1.209000
v -2.292400 3.431694 1.259200
v -2.194500 3.668094 0.978100
v -2.171500 2.572894 1.164300
v -2.301400 3.381694 1.230000
v -2.202500 3.618394 0.933600
v -2.029000 2.340194 0.861700
v -2.099200 2.514394 1.294800
v -2.149200 2.513194 1.189400
v -2.004400 2.278994 0.892800
v -1.899700 2.277094 1.104000
v -1.939100 2.515994 1.533500
v -1.741600 2.277294 1.340300
v -1.655100 3.946493 2.092600
v -1.888300 3.946493 1.888200
v -1.702000 3.711694 1.701800
v -1.467900 3.711694 1.907000
v -1.397600 3.944993 2.265400
v -1.209200 3.711494 2.080100
v -1.272300 3.942894 2.324700
v -0.975500 3.713193 2.196700
v -1.245900 4.878593 2.340000
v -1.245900 3.998194 2.340000
v -0.937100 3.768693 2.212300
v -0.937000 5.108093 2.211100
v -1.397600 4.931794 2.265400
v -1.272300 4.933894 2.324700
v -0.975100 5.162593 2.195300
v -1.209300 5.166193 2.080300
v -1.655100 4.930294 2.092600
v -1.468100 5.165993 1.907300
v -1.888300 4.930193 1.888200
v -1.702200 5.166093 1.702100
v -2.092700 4.930294 1.655000
v -1.907400 5.165993 1.468000
v -2.265500 4.931794 1.397500
v -2.080500 5.166194 1.209200
v -2.324800 4.933894 1.272200
v -2.195400 5.162594 0.975000
v -2.340100 3.998194 1.245800
v -2.340100 4.878594 1.245800
v -2.211200 5.108094 0.936900
v -2.212400 3.768694 0.937000
v -2.265500 3.944994 1.397500
v -2.324800 3.942894 1.272200
v -2.196800 3.713194 0.975400
v -2.080200 3.711494 1.209100
v -2.092700 3.946493 1.655000
v -1.907100 3.711694 1.467800
v -1.591800 5.552693 2.012400
v -1.815900 5.552794 1.815800
v -1.697000 5.221193 1.696900
v -1.463900 5.221094 1.901100
v -1.344700 5.551593 2.179300
v -1.206200 5.220694 2.073500
v -1.228500 5.553194 2.227000
v -0.977400 5.223194 2.188100
v -1.100000 6.293394 1.957101
v -0.720800 6.361693 1.740101
v -0.698600 6.434494 1.686600
v -0.952800 6.393094 1.743801
v -0.952800 6.392993 1.743801
v -2.179400 5.551594 1.344500
v -2.227100 5.553094 1.228400
v -2.188200 5.223194 0.977300
v -2.073600 5.220694 1.206100
v -2.012500 5.552693 1.591700
v -1.901200 5.221094 1.463800
v -1.603100 6.318594 1.603001
v -1.408600 6.318694 1.773400
v -1.232600 6.414994 1.568700
v -1.411700 6.414994 1.411600
v -1.193400 6.319093 1.916600
v -1.034400 6.412993 1.701100
v -1.744700 6.395894 0.952500
v -1.956900 6.293294 1.100101
v -1.916700 6.319094 1.193300
v -1.701400 6.414094 1.034400
v -1.773500 6.318694 1.408401
v -1.568800 6.414994 1.232500
v -2.199000 5.233394 0.910700
v -1.864100 6.208994 0.772000
v -2.199000 5.233394 -0.911000
v -1.869600 6.197994 -0.774500
v -0.910900 5.233394 -2.199100
v -0.772800 6.205894 -1.865900
v -0.910800 5.233393 2.198800
v -0.769800 6.220893 1.858500
v -0.061300 -0.199906 0.602899
v -0.122800 -0.199906 0.590999
v -0.184500 -0.199906 0.570499
v -0.305900 -0.199906 0.501899
v -0.245900 -0.199906 0.540999
v -0.363000 -0.199906 0.452999
v -0.415400 -0.199906 0.394599
v -0.499100 -0.199906 0.252799
v -0.461300 -0.199906 0.327499
v -0.184500 -0.199906 -0.570801
v -0.527100 -0.199906 0.171999
v -0.544400 -0.199906 0.086999
v -0.544400 -0.199906 -0.087201
v -0.550300 -0.199906 -0.000101
v -0.527100 -0.199906 -0.172201
v -0.499100 -0.199906 -0.253001
v -0.415400 -0.199906 -0.394801
v -0.461300 -0.199906 -0.327701
v -0.363000 -0.199906 -0.453201
v -0.305900 -0.199906 -0.502101
v -0.245900 -0.199906 -0.541201
v -0.122800 -0.199906 -0.591201
v -0.061300 -0.199906 -0.603201
v 0.000000 -0.199906 -0.607101
v 0.000000 -0.199906 0.606899
v 0.275000 -0.054606 1.001799
v 0.378900 -0.062506 0.969699
v 0.451000 0.179694 1.097299
v 0.472200 0.669494 1.543000
v 0.393800 0.657094 1.582399
v 0.198500 0.657994 1.620800
v 0.138700 -0.054206 1.028199
v 0.600600 3.362593 2.569700
v 0.570600 2.585293 2.433100
v 0.676500 2.583793 2.398400
v 0.720900 3.363093 2.530900
v 0.302600 3.362393 2.626700
v 0.287500 2.587193 2.487600
v 0.612500 4.861794 2.612800
v 0.612500 4.014894 2.612800
v 0.738500 4.013494 2.572100
v 0.738500 4.863194 2.572100
v 0.308600 4.860593 2.671100
v 0.308600 4.016093 2.671100
v 0.628900 6.138994 2.274000
v 0.534400 6.168394 2.319300
v 0.583500 5.624494 2.497200
v 0.703200 5.616794 2.430600
v 0.269400 6.166793 2.371100
v 0.294000 5.624094 2.553000
v 0.235400 8.132093 1.103801
v 0.456300 6.499693 1.860300
v 0.540900 6.474993 1.828000
v 0.342400 8.128893 1.074901
v 0.118700 8.131893 1.123101
v 0.230100 6.498394 1.904601
v 0.492000 1.259194 1.949500
v 0.615800 1.926993 2.221299
v 0.529600 1.926993 2.249200
v 0.445900 1.259894 1.964800
v 0.266800 1.927894 2.299500
v 0.224700 1.262594 2.007499
v 0.282300 8.217394 1.053201
v 0.417400 8.217693 1.007601
v 0.390100 8.400694 0.941701
v 0.263800 8.400694 0.984601
v 0.142400 8.217693 1.081301
v 0.133100 8.400694 1.010601
v 0.202300 0.728694 1.636500
v 0.209600 0.949894 1.611099
v 0.401600 0.728394 1.598400
v 0.415800 0.950094 1.570600
v 0.469300 0.730394 1.573600
v 0.562200 0.948094 1.522200
v 0.593300 0.910894 1.485500
v 0.271300 1.990694 2.298100
v 0.281600 2.224594 2.172200
v 0.538200 1.991894 2.246700
v 0.558600 2.225194 2.117400
v 0.633500 1.997594 2.213000
v 0.767800 2.222394 2.048400
v 0.529200 1.258494 1.907300
v 0.621400 1.073694 1.556800
v 0.807700 2.189394 2.007999
v 0.657000 1.952194 2.191299
v 0.439300 1.202594 1.919600
v 0.420800 1.009494 1.592600
v 0.578800 1.010894 1.539700
v 0.487700 1.202394 1.901800
v 0.221500 1.204294 1.962700
v 0.212200 1.009594 1.633900
v 0.304800 3.426794 2.615300
v 0.310100 3.669693 2.385200
v 0.604600 3.428194 2.556600
v 0.615000 3.669993 2.324700
v 0.730400 3.431694 2.511300
v 0.860000 3.668094 2.243400
v 0.712100 2.572894 2.358700
v 0.825400 2.340194 2.044000
v 0.897100 3.618393 2.217500
v 0.757600 3.381693 2.497100
v 0.568700 2.514393 2.399900
v 0.562500 2.277094 2.124000
v 0.785900 2.278994 2.048600
v 0.678600 2.513194 2.360700
v 0.286700 2.515994 2.455400
v 0.283700 2.277294 2.179200
v 0.309400 4.930294 2.650000
v 0.310600 5.165993 2.386700
v 0.613700 4.931794 2.590100
v 0.616000 5.166193 2.326100
v 0.744300 4.933894 2.543400
v 0.862900 5.162593 2.241800
v 0.773700 3.998194 2.535600
v 0.901800 3.768693 2.226900
v 0.901000 5.108093 2.226000
v 0.773700 4.878593 2.535600
v 0.613700 3.944993 2.590100
v 0.615900 3.711493 2.325900
v 0.863600 3.713193 2.243100
v 0.744300 3.942894 2.543400
v 0.309400 3.946493 2.650000
v 0.310600 3.711694 2.386400
v 0.685700 6.506294 1.655401
v 0.590200 5.551593 2.491800
v 0.613300 5.220694 2.319100
v 0.856100 5.223194 2.238300
v 0.706100 5.553194 2.443400
v 0.297500 5.552693 2.548500
v 0.309300 5.221094 2.379400
v 0.560100 6.396093 1.907200
v 0.471600 6.414093 1.934500
v 0.511500 6.319093 2.199000
v 0.606100 6.293494 2.161700
v 0.237700 6.414994 1.980801
v 0.258100 6.318694 2.250000
v 0.198500 0.657994 -1.621001
v 0.138700 -0.054206 -1.028401
v 0.393800 0.657094 -1.582600
v 0.275000 -0.054606 -1.002001
v 0.378900 -0.062506 -0.969901
v 0.472300 0.669294 -1.543401
v 0.451200 0.180494 -1.097901
v 0.302600 3.362394 -2.626900
v 0.287500 2.587194 -2.487800
v 0.600600 3.362594 -2.569900
v 0.570600 2.585294 -2.433300
v 0.720900 3.363094 -2.531200
v 0.676500 2.583794 -2.398700
v 0.308600 4.860594 -2.671300
v 0.308600 4.016094 -2.671300
v 0.612500 4.861794 -2.613000
v 0.612500 4.014894 -2.613000
v 0.738500 4.863194 -2.572300
v 0.738500 4.013494 -2.572300
v 0.269400 6.166794 -2.371300
v 0.294000 5.624094 -2.553200
v 0.534400 6.168395 -2.319500
v 0.583500 5.624495 -2.497400
v 0.628900 6.138995 -2.274200
v 0.703300 5.616795 -2.430900
v 0.118700 8.131794 -1.123299
v 0.230100 6.498394 -1.904800
v 0.235400 8.132093 -1.103999
v 0.456300 6.499694 -1.860600
v 0.342400 8.128893 -1.075099
v 0.540800 6.474794 -1.828099
v 0.266800 1.927894 -2.299700
v 0.224700 1.262594 -2.007700
v 0.529600 1.926994 -2.249400
v 0.445900 1.259894 -1.965000
v 0.615800 1.926994 -2.221500
v 0.492000 1.259194 -1.949700
v 0.142400 8.217693 -1.081499
v 0.133100 8.400694 -1.010799
v 0.282300 8.217394 -1.053399
v 0.263800 8.400694 -0.984799
v 0.417400 8.217693 -1.007799
v 0.390100 8.400694 -0.941899
v 0.593300 0.910894 -1.485700
v 0.401600 0.728394 -1.598701
v 0.415800 0.950094 -1.570800
v 0.562200 0.948094 -1.522501
v 0.469300 0.730394 -1.573800
v 0.202300 0.728694 -1.636801
v 0.209600 0.949894 -1.611300
v 0.281600 2.224594 -2.172500
v 0.271300 1.990694 -2.298400
v 0.221500 1.204294 -1.962900
v 0.212200 1.009594 -1.634100
v 0.439300 1.202594 -1.919800
v 0.420800 1.009494 -1.592800
v 0.487700 1.202394 -1.902000
v 0.578800 1.010894 -1.539900
v 0.657000 1.952194 -2.191601
v 0.807700 2.189394 -2.008200
v 0.621400 1.073694 -1.557001
v 0.529200 1.258494 -1.907600
v 0.538200 1.991894 -2.246901
v 0.558600 2.225194 -2.117600
v 0.767800 2.222394 -2.048600
v 0.633500 1.997594 -2.213201
v 0.286700 2.515995 -2.455600
v 0.283700 2.277294 -2.179500
v 0.568700 2.514394 -2.400100
v 0.562600 2.277094 -2.124200
v 0.678600 2.513195 -2.360900
v 0.785900 2.278994 -2.048800
v 0.757600 3.381694 -2.497300
v 0.897100 3.618394 -2.217700
v 0.825400 2.340194 -2.044200
v 0.712100 2.572895 -2.359000
v 0.604600 3.428195 -2.556800
v 0.615000 3.669994 -2.325000
v 0.860000 3.668095 -2.243600
v 0.730500 3.431695 -2.511500
v 0.304800 3.426795 -2.615500
v 0.310100 3.669694 -2.385400
v 0.309400 3.946494 -2.650200
v 0.310600 3.711695 -2.386600
v 0.613700 3.944994 -2.590300
v 0.615900 3.711494 -2.326100
v 0.744300 3.942894 -2.543700
v 0.863600 3.713194 -2.243300
v 0.773700 4.878594 -2.535800
v 0.901000 5.108094 -2.226200
v 0.901800 3.768694 -2.227200
v 0.773700 3.998195 -2.535800
v 0.613700 4.931795 -2.590300
v 0.616000 5.166194 -2.326300
v 0.862900 5.162594 -2.242000
v 0.744300 4.933895 -2.543700
v 0.309400 4.930295 -2.650200
v 0.310600 5.165994 -2.386900
v 0.297500 5.552694 -2.548700
v 0.309300 5.221095 -2.379600
v 0.590200 5.551594 -2.492000
v 0.613300 5.220695 -2.319300
v 0.706100 5.553094 -2.443600
v 0.856200 5.223195 -2.238500
v 0.560000 6.395694 -1.907400
v 0.699300 6.431194 -1.688300
v 0.723100 6.351695 -1.745800
v 0.605800 6.293194 -2.161800
v 0.685700 6.506195 -1.655599
v 0.237800 6.414995 -1.980999
v 0.258100 6.318695 -2.250200
v 0.471600 6.414094 -1.934700
v 0.511500 6.319094 -2.199300
v 1.155800 0.657494 -1.155200
v 1.286900 0.657294 -1.005700
v 0.841500 -0.048406 -0.630501
v 0.750300 -0.049606 -0.732601
v 1.398200 0.655694 -0.840801
v 0.918600 -0.048506 -0.517901
v 1.426100 0.655294 -0.784301
v 0.967900 -0.057406 -0.424401
v 0.784800 0.655894 -1.425700
v 0.841400 0.656194 -1.397700
v 0.530900 -0.052406 -0.897901
v 0.434300 -0.059906 -0.946401
v 1.006300 0.657594 -1.286300
v 0.646100 -0.050806 -0.822201
v 2.071400 3.362394 -1.643600
v 1.962400 2.587194 -1.555900
v 1.772400 2.587294 -1.772500
v 1.871400 3.362294 -1.871500
v 2.241800 3.362594 -1.392500
v 2.124000 2.585294 -1.317200
v 2.299500 3.363094 -1.280100
v 2.174400 2.583794 -1.217800
v 1.392400 3.362594 -2.241900
v 1.317100 2.585294 -2.124100
v 1.217700 2.583794 -2.174500
v 1.280000 3.363094 -2.299600
v 1.643500 3.362394 -2.071500
v 1.555800 2.587194 -1.962500
v 2.107000 4.860594 -1.670700
v 2.107000 4.016094 -1.670700
v 1.903100 4.016194 -1.903200
v 1.903100 4.860594 -1.903200
v 2.280700 4.861794 -1.414600
v 2.280700 4.014894 -1.414600
v 2.341000 4.863194 -1.296700
v 2.341000 4.013494 -1.296700
v 1.414500 4.861794 -2.280800
v 1.414500 4.014894 -2.280800
v 1.296600 4.013494 -2.341100
v 1.296600 4.863194 -2.341100
v 1.670600 4.860594 -2.107100
v 1.670600 4.016094 -2.107100
v 1.689200 6.166794 -1.689300
v 1.867200 6.166794 -1.486300
v 2.013200 5.624094 -1.597500
v 1.818900 5.624094 -1.819000
v 2.018000 6.168394 -1.262300
v 2.178400 5.624494 -1.353400
v 2.052700 6.139094 -1.163400
v 2.216100 5.616794 -1.221700
v 1.163300 6.138995 -2.052800
v 1.262200 6.168395 -2.018100
v 1.353300 5.624495 -2.178500
v 1.221600 5.616795 -2.216100
v 1.486200 6.166794 -1.867300
v 1.597400 5.624094 -2.013300
v 0.799400 8.131094 -0.799499
v 0.878200 8.131794 -0.710399
v 1.509500 6.498394 -1.184299
v 1.357500 6.498394 -1.357599
v 0.947000 8.132093 -0.614299
v 1.638200 6.499694 -0.993000
v 1.002200 8.128893 -0.518099
v 1.675000 6.474794 -0.910300
v 0.614100 8.132093 -0.947199
v 0.992900 6.499694 -1.638299
v 0.910200 6.474994 -1.675300
v 0.518000 8.128893 -1.002299
v 0.710300 8.131893 -0.878299
v 1.184200 6.498394 -1.509600
v 1.430000 1.262694 -1.430100
v 1.638300 1.927794 -1.638500
v 1.814700 1.927894 -1.437500
v 1.578500 1.262594 -1.260800
v 1.965000 1.926994 -1.216100
v 1.704700 1.259894 -1.074200
v 2.006200 1.926994 -1.135500
v 1.726500 1.259194 -1.030800
v 1.030700 1.259194 -1.726600
v 1.135400 1.926994 -2.006300
v 1.216000 1.926994 -1.965100
v 1.074100 1.259894 -1.704900
v 1.437400 1.927894 -1.814800
v 1.260700 1.262594 -1.578600
v 0.865400 8.217693 -0.664099
v 0.771500 8.218094 -0.771599
v 0.720800 8.400694 -0.720899
v 0.808700 8.400694 -0.620699
v 0.944400 8.217394 -0.545299
v 0.882800 8.400694 -0.509799
v 1.007700 8.217693 -0.417499
v 0.941800 8.400694 -0.390199
v 0.545200 8.217394 -0.944499
v 0.509700 8.400694 -0.882899
v 0.664000 8.217693 -0.865499
v 0.620600 8.400694 -0.808899
v 1.117300 0.170094 -0.478901
v 1.441500 0.694694 -0.739901
v 1.470400 0.909794 -0.631201
v 1.414400 0.728394 -0.846601
v 1.404700 0.950094 -0.816700
v 1.474000 0.948094 -0.679000
v 1.446800 0.730994 -0.782001
v 1.300400 0.728694 -1.014300
v 1.287600 0.949894 -0.991200
v 1.166700 0.728694 -1.166800
v 1.149100 0.949794 -1.149200
v 1.014200 0.728694 -1.300501
v 0.991100 0.949894 -1.287701
v 0.846400 0.728394 -1.414500
v 0.816600 0.950094 -1.404801
v 0.781900 0.731094 -1.446800
v 0.678900 0.948194 -1.474100
v 0.631400 0.910494 -1.469500
v 0.740500 0.695394 -1.440900
v 0.486000 0.173194 -1.099301
v 1.637700 1.990694 -1.637800
v 1.549200 2.224594 -1.549300
v 1.735200 2.224594 -1.337100
v 1.816900 1.990694 -1.433400
v 1.433300 1.990694 -1.817000
v 1.336900 2.224594 -1.735400
v 1.208200 1.991894 -1.969400
v 1.102300 2.225194 -1.892400
v 1.116900 1.997594 -2.013000
v 0.905500 2.222394 -1.991500
v 0.974600 1.258494 -1.723100
v 0.661500 1.073694 -1.540401
v 0.848800 2.189394 -1.991200
v 1.085000 1.952194 -2.014301
v 1.046800 1.202594 -1.668200
v 0.828700 1.009494 -1.423900
v 0.679500 1.010894 -1.498201
v 1.000000 1.202394 -1.689800
v 1.231300 1.204294 -1.544600
v 1.005400 1.009594 -1.305601
v 1.398200 1.204294 -1.398300
v 1.165200 1.009494 -1.165401
v 1.544500 1.204294 -1.231400
v 1.305500 1.009594 -1.005500
v 1.668100 1.202594 -1.046900
v 1.423800 1.009494 -0.828800
v 1.689700 1.202394 -1.000100
v 1.498100 1.010894 -0.679700
v 2.014200 1.952194 -1.085100
v 1.991100 2.189394 -0.848900
v 1.540300 1.073694 -0.661600
v 1.722900 1.258494 -0.974700
v 1.969300 1.991894 -1.208300
v 1.892300 2.225194 -1.102400
v 1.991400 2.222394 -0.905600
v 2.012800 1.997594 -1.117000
v 1.939100 2.515994 -1.533700
v 1.741600 2.277294 -1.340500
v 1.554200 2.277194 -1.554300
v 1.749600 2.515994 -1.749800
v 2.099200 2.514394 -1.295000
v 1.899700 2.277094 -1.104300
v 2.149200 2.513194 -1.189600
v 2.004400 2.278994 -0.893100
v 2.301400 3.381694 -1.230200
v 2.202500 3.618394 -0.933800
v 2.029000 2.340194 -0.861900
v 2.171500 2.572894 -1.164500
v 2.235400 3.428194 -1.380400
v 2.078800 3.669994 -1.209200
v 2.194500 3.668094 -0.978400
v 2.292400 3.431694 -1.259500
v 2.064900 3.426794 -1.633900
v 1.905900 3.669694 -1.467500
v 1.863500 3.426694 -1.863600
v 1.701100 3.669794 -1.701200
v 1.633800 3.426794 -2.065000
v 1.467400 3.669694 -1.906100
v 1.380300 3.428195 -2.235500
v 1.209100 3.669994 -2.078900
v 1.259300 3.431695 -2.292500
v 0.978200 3.668094 -2.194600
v 1.164400 2.572894 -2.171600
v 0.861800 2.340194 -2.029100
v 0.933700 3.618394 -2.202600
v 1.230100 3.381694 -2.301600
v 1.294900 2.514394 -2.099300
v 1.104200 2.277094 -1.899800
v 0.893000 2.278994 -2.004500
v 1.189500 2.513194 -2.149300
v 1.533600 2.515994 -1.939200
v 1.340400 2.277294 -1.741700
v 2.092700 3.946494 -1.655200
v 1.907100 3.711694 -1.468000
v 1.702000 3.711694 -1.702100
v 1.888300 3.946494 -1.888400
v 2.265500 3.944994 -1.397700
v 2.080200 3.711494 -1.209300
v 2.324800 3.942894 -1.272400
v 2.196800 3.713194 -0.975600
v 2.340100 4.878594 -1.246000
v 2.211200 5.108094 -0.937100
v 2.212400 3.768694 -0.937200
v 2.340100 3.998194 -1.246000
v 2.265600 4.931794 -1.397700
v 2.080500 5.166194 -1.209500
v 2.195400 5.162594 -0.975200
v 2.324800 4.933894 -1.272400
v 2.092700 4.930295 -1.655200
v 1.907400 5.165994 -1.468200
v 1.888300 4.930194 -1.888400
v 1.702200 5.166094 -1.702300
v 1.655100 4.930295 -2.092800
v 1.468100 5.165994 -1.907500
v 1.397600 4.931795 -2.265700
v 1.209300 5.166194 -2.080600
v 1.272300 4.933895 -2.325000
v 0.975100 5.162594 -2.195500
v 1.245900 3.998195 -2.340200
v 0.937100 3.768694 -2.212500
v 0.937000 5.108094 -2.211300
v 1.245900 4.878594 -2.340200
v 1.397600 3.944994 -2.265700
v 1.209200 3.711494 -2.080300
v 0.975500 3.713194 -2.196900
v 1.272300 3.942894 -2.325000
v 1.655100 3.946494 -2.092800
v 1.467900 3.711694 -1.907200
v 2.012500 5.552694 -1.591900
v 1.901200 5.221095 -1.464000
v 1.697000 5.221194 -1.697100
v 1.815900 5.552794 -1.816000
v 2.179400 5.551594 -1.344800
v 2.073600 5.220694 -1.206300
v 2.227100 5.553094 -1.228700
v 2.188200 5.223194 -0.977500
v 1.744600 6.395594 -0.952700
v 1.688400 6.430794 -0.699500
v 1.750300 6.346194 -0.725100
v 1.956800 6.293094 -1.100399
v 1.655500 6.506194 -0.685900
v 1.344700 5.551594 -2.179500
v 1.206200 5.220695 -2.073700
v 0.977400 5.223195 -2.188300
v 1.228600 5.553195 -2.227200
v 1.591800 5.552694 -2.012600
v 1.463900 5.221095 -1.901300
v 1.603100 6.318594 -1.603199
v 1.411700 6.414994 -1.411800
v 1.568800 6.414994 -1.232700
v 1.773500 6.318694 -1.408700
v 1.701400 6.414094 -1.034600
v 1.916700 6.319094 -1.193500
v 0.952600 6.395794 -1.744799
v 1.034500 6.414094 -1.701500
v 1.193400 6.319094 -1.916800
v 1.100200 6.293294 -1.957100
v 1.232600 6.414995 -1.568900
v 1.408600 6.318695 -1.773600
v 1.634200 0.656894 -0.000101
v 1.621200 0.656894 0.198199
v 1.050800 -0.045406 0.134899
v 1.059900 -0.045306 -0.000101
v 1.583400 0.655394 0.393399
v 1.024100 -0.046706 0.267799
v 1.563100 0.655094 0.453199
v 0.991500 -0.056606 0.367899
v 1.563100 0.655094 -0.453401
v 1.583400 0.655394 -0.393601
v 1.024100 -0.046706 -0.268001
v 0.991500 -0.056606 -0.368101
v 1.621200 0.656894 -0.198401
v 1.050800 -0.045406 -0.135201
v 2.626800 3.362394 0.302500
v 2.487700 2.587194 0.287400
v 2.506500 2.587294 -0.000100
v 2.646600 3.362294 -0.000100
v 2.569800 3.362594 0.600500
v 2.433200 2.585294 0.570500
v 2.531100 3.363094 0.720800
v 2.398500 2.583794 0.676400
v 2.569800 3.362594 -0.600700
v 2.433200 2.585294 -0.570700
v 2.398500 2.583794 -0.676600
v 2.531100 3.363094 -0.721000
v 2.626800 3.362394 -0.302700
v 2.487700 2.587194 -0.287600
v 2.671200 4.860594 0.308500
v 2.671200 4.016094 0.308500
v 2.691400 4.016194 -0.000100
v 2.691400 4.860594 -0.000100
v 2.612900 4.861794 0.612400
v 2.612900 4.014894 0.612400
v 2.572200 4.863194 0.738400
v 2.572200 4.013494 0.738400
v 2.612900 4.861794 -0.612600
v 2.612900 4.014894 -0.612600
v 2.572200 4.013494 -0.738600
v 2.572200 4.863194 -0.738600
v 2.671200 4.860594 -0.308700
v 2.671200 4.016094 -0.308700
v 2.388900 6.166794 -0.000100
v 2.371200 6.166794 0.269300
v 2.553100 5.624094 0.293900
v 2.572300 5.624094 -0.000100
v 2.319400 6.168394 0.534300
v 2.497300 5.624494 0.583400
v 2.274100 6.138994 0.628800
v 2.430800 5.616794 0.703100
v 2.274100 6.138994 -0.629000
v 2.319400 6.168394 -0.534500
v 2.497300 5.624494 -0.583600
v 2.430700 5.616794 -0.703300
v 2.371200 6.166794 -0.269500
v 2.553100 5.624094 -0.294100
v 1.130500 8.130993 -0.000099
v 1.123200 8.131794 0.118601
v 1.904700 6.498394 0.229900
v 1.919800 6.498394 -0.000100
v 1.103900 8.132093 0.235301
v 1.860400 6.499694 0.456200
v 1.075000 8.128893 0.342301
v 1.828000 6.474794 0.540700
v 1.103900 8.132093 -0.235499
v 1.860500 6.499694 -0.456400
v 1.828100 6.474994 -0.541000
v 1.075000 8.128893 -0.342499
v 1.123200 8.131893 -0.118799
v 1.904700 6.498394 -0.230200
v 2.022300 1.262694 -0.000100
v 2.317000 1.927794 -0.000100
v 2.299600 1.927894 0.266700
v 2.007600 1.262594 0.224600
v 2.249300 1.926994 0.529500
v 1.964900 1.259894 0.445800
v 2.221400 1.926994 0.615700
v 1.949600 1.259194 0.491900
v 1.949600 1.259194 -0.492100
v 2.221400 1.926994 -0.615900
v 2.249300 1.926994 -0.529700
v 1.964900 1.259894 -0.446000
v 2.299600 1.927894 -0.267000
v 2.007600 1.262594 -0.224800
v 1.081400 8.217693 0.142301
v 1.091000 8.218094 -0.000099
v 1.019400 8.400694 -0.000099
v 1.010700 8.400694 0.132901
v 1.053300 8.217394 0.282101
v 0.984700 8.400694 0.263701
v 1.007700 8.217693 0.417301
v 0.941800 8.400694 0.390001
v 1.053300 8.217394 -0.282399
v 0.984700 8.400694 -0.263899
v 1.081400 8.217693 -0.142499
v 1.010700 8.400694 -0.133199
v 1.134500 0.171294 0.439599
v 1.542500 0.694694 0.495399
v 1.486100 0.909194 0.592399
v 1.598700 0.728394 0.401499
v 1.570700 0.950094 0.415699
v 1.522300 0.948094 0.562100
v 1.575900 0.730994 0.469999
v 1.636700 0.728594 0.202199
v 1.611200 0.949894 0.209499
v 1.649900 0.728694 -0.000101
v 1.625000 0.949794 -0.000101
v 1.636700 0.728594 -0.202501
v 1.611200 0.949894 -0.209701
v 1.598700 0.728394 -0.401701
v 1.570700 0.950094 -0.415901
v 1.575900 0.730994 -0.470301
v 1.522300 0.948094 -0.562301
v 1.486100 0.909194 -0.592701
v 1.542500 0.694694 -0.495601
v 1.134500 0.171294 -0.439801
v 2.316000 1.990694 -0.000100
v 2.190900 2.224594 -0.000100
v 2.172400 2.224594 0.281500
v 2.298200 1.990694 0.271100
v 2.298200 1.990694 -0.271400
v 2.172400 2.224594 -0.281700
v 2.246800 1.991894 -0.538300
v 2.117500 2.225194 -0.558700
v 2.213100 1.997594 -0.633600
v 2.048500 2.222394 -0.768000
v 1.907400 1.258494 -0.529300
v 1.556900 1.073694 -0.621500
v 2.008100 2.189394 -0.807800
v 2.191400 1.952194 -0.657100
v 1.919700 1.202594 -0.439400
v 1.592700 1.009494 -0.420900
v 1.539800 1.010894 -0.578900
v 1.901900 1.202394 -0.487800
v 1.962800 1.204294 -0.221600
v 1.634000 1.009594 -0.212301
v 1.977300 1.204294 -0.000100
v 1.647900 1.009494 -0.000101
v 1.962800 1.204294 0.221400
v 1.634000 1.009594 0.212099
v 1.919700 1.202594 0.439200
v 1.592700 1.009494 0.420700
v 1.901900 1.202394 0.487600
v 1.539800 1.010894 0.578700
v 2.191400 1.952194 0.656900
v 2.008100 2.189394 0.807600
v 1.556900 1.073694 0.621300
v 1.907400 1.258494 0.529100
v 2.246800 1.991894 0.538100
v 2.117500 2.225194 0.558500
v 2.048500 2.222394 0.767700
v 2.213100 1.997594 0.633400
v 2.455500 2.515994 0.286600
v 2.179300 2.277294 0.283600
v 2.198000 2.277194 -0.000100
v 2.474400 2.515994 -0.000100
v 2.400000 2.514394 0.568600
v 2.124100 2.277094 0.562400
v 2.360800 2.513194 0.678500
v 2.048700 2.278994 0.785800
v 2.497200 3.381694 0.757500
v 2.217600 3.618394 0.897000
v 2.044100 2.340194 0.825200
v 2.358800 2.572894 0.712000
v 2.556700 3.428194 0.604500
v 2.324900 3.669994 0.614800
v 2.243500 3.668094 0.859900
v 2.511400 3.431694 0.730300
v 2.615400 3.426794 0.304700
v 2.385300 3.669694 0.310000
v 2.635400 3.426694 -0.000100
v 2.405700 3.669794 -0.000100
v 2.615400 3.426794 -0.304900
v 2.385300 3.669694 -0.310200
v 2.556700 3.428194 -0.604700
v 2.324800 3.669994 -0.615100
v 2.511400 3.431694 -0.730600
v 2.243500 3.668094 -0.860100
v 2.358800 2.572894 -0.712300
v 2.044100 2.340194 -0.825500
v 2.217600 3.618394 -0.897200
v 2.497200 3.381694 -0.757700
v 2.400000 2.514394 -0.568800
v 2.124100 2.277094 -0.562700
v 2.048700 2.278994 -0.786000
v 2.360800 2.513194 -0.678700
v 2.455500 2.515994 -0.286800
v 2.179300 2.277294 -0.283800
v 2.650100 3.946494 0.309300
v 2.386500 3.711694 0.310500
v 2.406900 3.711694 -0.000100
v 2.670400 3.946494 -0.000100
v 2.590200 3.944994 0.613600
v 2.326000 3.711494 0.615800
v 2.543500 3.942894 0.744200
v 2.243200 3.713194 0.863500
v 2.535700 4.878594 0.773600
v 2.226100 5.108094 0.900900
v 2.227000 3.768694 0.901700
v 2.535700 3.998194 0.773600
v 2.590200 4.931794 0.613600
v 2.326200 5.166194 0.615900
v 2.241900 5.162594 0.862800
v 2.543500 4.933894 0.744200
v 2.650100 4.930294 0.309300
v 2.386800 5.165994 0.310500
v 2.670400 4.930194 -0.000100
v 2.407300 5.166094 -0.000100
v 2.650100 4.930294 -0.309500
v 2.386800 5.165994 -0.310700
v 2.590200 4.931794 -0.613900
v 2.326200 5.166194 -0.616100
v 2.543500 4.933894 -0.744400
v 2.241900 5.162594 -0.863000
v 2.535700 3.998194 -0.773800
v 2.227100 3.768694 -0.901900
v 2.226100 5.108094 -0.901100
v 2.535700 4.878594 -0.773800
v 2.590200 3.944994 -0.613900
v 2.326000 3.711494 -0.616000
v 2.243200 3.713194 -0.863700
v 2.543500 3.942894 -0.744400
v 2.650100 3.946494 -0.309500
v 2.386500 3.711694 -0.310700
v 2.548600 5.552694 0.297400
v 2.379500 5.221094 0.309100
v 2.399900 5.221194 -0.000100
v 2.568100 5.552794 -0.000100
v 2.491900 5.551594 0.590100
v 2.319200 5.220694 0.613200
v 2.443500 5.553094 0.706000
v 2.238400 5.223194 0.856000
v 1.907300 6.395794 0.559900
v 1.687600 6.432394 0.698900
v 1.746800 6.350794 0.723400
v 2.161700 6.293294 0.605700
v 1.655500 6.506194 0.685600
v 2.491900 5.551594 -0.590300
v 2.319200 5.220694 -0.613400
v 2.238400 5.223194 -0.856300
v 2.443500 5.553194 -0.706200
v 2.548600 5.552694 -0.297600
v 2.379500 5.221094 -0.309400
v 2.267200 6.318594 -0.000100
v 1.996400 6.414994 -0.000100
v 1.980900 6.414994 0.237600
v 2.250100 6.318694 0.258000
v 1.934600 6.414094 0.471500
v 2.199200 6.319094 0.511400
v 1.907300 6.395694 -0.560200
v 1.934600 6.414094 -0.471700
v 2.199200 6.319094 -0.511600
v 2.161700 6.293194 -0.605700
v 1.980900 6.414994 -0.237900
v 2.250100 6.318694 -0.258200
v 1.155800 0.657494 1.154899
v 1.006300 0.657594 1.286100
v 0.646100 -0.050806 0.821999
v 0.750300 -0.049606 0.732399
v 0.841400 0.656194 1.397500
v 0.530900 -0.052406 0.897699
v 0.784800 0.655894 1.425400
v 0.434300 -0.059906 0.946099
v 1.426100 0.655294 0.784099
v 1.398200 0.655694 0.840599
v 0.918600 -0.048506 0.517699
v 0.967900 -0.057406 0.424199
v 1.286900 0.657294 1.005399
v 0.841500 -0.048406 0.630299
v 1.650500 3.362994 2.080400
v 1.561300 2.577694 1.969500
v 1.778600 2.577994 1.778500
v 1.877900 3.362794 1.877800
v 1.394500 3.362793 2.245200
v 1.319900 2.579494 2.128800
v 1.279900 3.363093 2.299400
v 1.218300 2.580994 2.177100
v 2.241800 3.362594 1.392300
v 2.124000 2.585294 1.317000
v 2.174400 2.583794 1.217500
v 2.299500 3.363094 1.279800
v 2.071400 3.362394 1.643400
v 1.967100 2.580894 1.559300
v 1.670600 4.860593 2.106900
v 1.673300 4.013793 2.110400
v 1.903100 4.016193 1.903000
v 1.903100 4.860593 1.903000
v 1.414500 4.861794 2.280600
v 1.414500 4.014894 2.280600
v 1.296600 4.863194 2.340900
v 1.296600 4.013494 2.340900
v 2.280700 4.861794 1.414400
v 2.280700 4.014894 1.414400
v 2.341000 4.013494 1.296500
v 2.341000 4.863194 1.296500
v 2.107000 4.860593 1.670500
v 2.107000 4.016093 1.670500
v 1.689200 6.166793 1.689100
v 1.486200 6.166793 1.867100
v 1.597400 5.624094 2.013100
v 1.818900 5.624094 1.818800
v 1.262200 6.168394 2.017800
v 1.353300 5.624494 2.178300
v 1.163300 6.138994 2.052600
v 1.221600 5.616794 2.216000
v 2.052700 6.138994 1.163200
v 2.018000 6.168394 1.262100
v 2.178400 5.624494 1.353100
v 2.216000 5.616794 1.221400
v 1.867200 6.166793 1.486100
v 2.013200 5.624094 1.597300
v 0.799400 8.130993 0.799301
v 0.710300 8.131794 0.878101
v 1.184200 6.498394 1.509400
v 1.357500 6.498394 1.357400
v 0.614100 8.132093 0.946901
v 0.993100 6.500694 1.638500
v 0.518000 8.128893 1.002101
v 0.910300 6.475793 1.675400
v 0.947000 8.132093 0.614001
v 1.638200 6.499694 0.992700
v 1.675200 6.474994 0.910100
v 1.002200 8.128893 0.517901
v 0.878200 8.131893 0.710201
v 1.509500 6.498394 1.184101
v 1.430000 1.262694 1.429900
v 1.638300 1.927794 1.638200
v 1.437400 1.927894 1.814600
v 1.260700 1.262594 1.578400
v 1.216000 1.926993 1.964900
v 1.074100 1.259894 1.704600
v 1.135400 1.926993 2.006099
v 1.030700 1.259194 1.726400
v 1.726500 1.259194 1.030600
v 2.006200 1.926994 1.135200
v 1.965000 1.926994 1.215900
v 1.704700 1.259894 1.074000
v 1.814700 1.927894 1.437200
v 1.578500 1.262594 1.260600
v 0.664000 8.217693 0.865301
v 0.771500 8.218094 0.771401
v 0.720800 8.400694 0.720701
v 0.620600 8.400694 0.808601
v 0.545200 8.217394 0.944301
v 0.509700 8.400694 0.882701
v 0.944400 8.217394 0.545101
v 0.882800 8.400694 0.509601
v 0.865400 8.217693 0.663901
v 0.808700 8.400694 0.620501
v 0.486000 0.173194 1.098999
v 0.740500 0.695394 1.440700
v 0.631400 0.910494 1.469300
v 0.846400 0.728394 1.414299
v 0.816600 0.950094 1.404600
v 0.678900 0.948194 1.473799
v 0.781900 0.731094 1.446599
v 1.014200 0.728694 1.300300
v 0.991100 0.949894 1.287400
v 1.166700 0.728694 1.166600
v 1.149100 0.949794 1.149000
v 1.300400 0.728694 1.014099
v 1.287500 0.949894 0.991000
v 1.414400 0.728394 0.846299
v 1.404700 0.950094 0.816500
v 1.446800 0.730994 0.781799
v 1.474000 0.948094 0.678800
v 1.470400 0.909794 0.630899
v 1.441500 0.694694 0.739599
v 1.117300 0.170094 0.478699
v 1.637700 1.990694 1.637500
v 1.549200 2.224594 1.549100
v 1.336900 2.224594 1.735100
v 1.433300 1.990694 1.816800
v 1.816900 1.990694 1.433200
v 1.735200 2.224594 1.336800
v 1.969300 1.991894 1.208100
v 1.892300 2.225194 1.102200
v 2.012800 1.997594 1.116800
v 1.991400 2.222394 0.905400
v 1.722900 1.258494 0.974500
v 1.540300 1.073694 0.661400
v 1.991100 2.189394 0.848700
v 2.014200 1.952194 1.084900
v 1.668100 1.202594 1.046700
v 1.423800 1.009494 0.828600
v 1.498100 1.010894 0.679400
v 1.689700 1.202394 0.999900
v 1.544500 1.204294 1.231100
v 1.305500 1.009594 1.005300
v 1.398200 1.204294 1.398100
v 1.165200 1.009494 1.165100
v 1.231300 1.204294 1.544400
v 1.005400 1.009594 1.305300
v 1.046800 1.202594 1.668000
v 0.828700 1.009494 1.423599
v 1.000000 1.202394 1.689600
v 0.679500 1.010894 1.498000
v 1.085000 1.952194 2.014100
v 0.848800 2.189394 1.991000
v 0.661500 1.073694 1.540100
v 0.974600 1.258494 1.722800
v 1.208200 1.991894 1.969200
v 1.102300 2.225194 1.892200
v 0.905500 2.222394 1.991300
v 1.116900 1.997594 2.012700
v 1.536200 2.505294 1.942400
v 1.340400 2.277294 1.741500
v 1.554200 2.277194 1.554100
v 1.752500 2.505994 1.752400
v 1.296200 2.507794 2.101400
v 1.104200 2.277094 1.899600
v 1.189900 2.509294 2.151100
v 0.893000 2.278994 2.004300
v 1.230100 3.381693 2.301300
v 0.933700 3.618393 2.202300
v 0.861800 2.340194 2.028900
v 1.164100 2.570794 2.173800
v 1.381500 3.432194 2.237400
v 1.209100 3.669994 2.078600
v 0.978200 3.668094 2.194400
v 1.259300 3.431694 2.292200
v 1.637600 3.436694 2.069700
v 1.467400 3.669694 1.905800
v 1.866900 3.434394 1.866800
v 1.701100 3.669793 1.701000
v 2.064900 3.426794 1.633700
v 1.905900 3.669694 1.467300
v 2.235400 3.428194 1.380200
v 2.078800 3.669994 1.209000
v 2.292400 3.431694 1.259200
v 2.194500 3.668094 0.978100
v 2.171500 2.572894 1.164300
v 2.029000 2.340194 0.861700
v 2.202500 3.618394 0.933600
v 2.301400 3.381694 1.230000
v 2.099200 2.514394 1.294800
v 1.899700 2.277094 1.104000
v 2.004400 2.278994 0.892900
v 2.149200 2.513194 1.189400
v 1.941000 2.509994 1.534900
v 1.741600 2.277294 1.340300
v 1.656500 3.941593 2.094500
v 1.467900 3.711694 1.907000
v 1.702000 3.711694 1.701800
v 1.888300 3.946394 1.888200
v 1.397600 3.944794 2.265500
v 1.209200 3.711494 2.080100
v 1.272300 3.942894 2.324700
v 0.975500 3.713193 2.196700
v 1.245900 4.878593 2.340000
v 0.937000 5.108093 2.211100
v 0.937100 3.768693 2.212300
v 1.245900 3.998194 2.340000
v 1.397600 4.931794 2.265400
v 1.209300 5.166193 2.080300
v 0.975100 5.162593 2.195300
v 1.272300 4.933894 2.324700
v 1.655100 4.930294 2.092600
v 1.468100 5.165993 1.907300
v 1.888300 4.930193 1.888200
v 1.702200 5.166093 1.702100
v 2.092700 4.930294 1.655000
v 1.907400 5.165993 1.468000
v 2.265500 4.931794 1.397500
v 2.080500 5.166194 1.209200
v 2.324800 4.933894 1.272200
v 2.195400 5.162594 0.975000
v 2.340100 3.998194 1.245800
v 2.212400 3.768694 0.937000
v 2.211200 5.108094 0.936900
v 2.340100 4.878594 1.245800
v 2.265500 3.944994 1.397500
v 2.080200 3.711494 1.209100
v 2.196800 3.713194 0.975400
v 2.324800 3.942894 1.272200
v 2.092700 3.946493 1.655000
v 1.907100 3.711694 1.467800
v 1.591800 5.552693 2.012400
v 1.463900 5.221094 1.901100
v 1.697000 5.221193 1.696900
v 1.815900 5.552794 1.815800
v 1.344700 5.551593 2.179300
v 1.206200 5.220694 2.073500
v 1.228600 5.553093 2.227000
v 0.977400 5.223194 2.188100
v 0.952800 6.392394 1.743600
v 0.698600 6.434494 1.686600
v 1.100000 6.293394 1.957101
v 0.720800 6.361693 1.740101
v 2.179400 5.551594 1.344500
v 2.073600 5.220694 1.206100
v 2.188200 5.223194 0.977300
v 2.227100 5.553194 1.228400
v 2.012500 5.552693 1.591700
v 1.901200 5.221094 1.463800
v 1.603100 6.318594 1.603001
v 1.411700 6.414994 1.411600
v 1.232600 6.414994 1.568700
v 1.408600 6.318694 1.773400
v 1.034400 6.412794 1.701100
v 1.193400 6.319093 1.916600
v 1.744700 6.395894 0.952500
v 1.701400 6.414094 1.034400
v 1.916700 6.319094 1.193300
v 1.956900 6.293294 1.100101
v 1.568800 6.414994 1.232500
v 1.773500 6.318694 1.408401
v 1.864100 6.208994 0.772000
v 2.199000 5.233394 0.910700
v 1.869600 6.197994 -0.774500
v 2.199000 5.233394 -0.911000
v 0.772800 6.205894 -1.865900
v 0.910900 5.233394 -2.199100
v 0.769800 6.220893 1.858500
v 0.910800 5.233393 2.198800
v 0.061300 -0.199906 -0.603201
v 0.122800 -0.199906 -0.591201
v 0.184500 -0.199906 -0.570801
v 0.061300 -0.199906 0.602899
v 0.245900 -0.199906 -0.541201
v 0.305900 -0.199906 -0.502101
v 0.415400 -0.199906 -0.394801
v 0.363000 -0.199906 -0.453201
v 0.461300 -0.199906 -0.327701
v 0.499100 -0.199906 -0.253001
v 0.544400 -0.199906 -0.087201
v 0.527100 -0.199906 -0.172201
v 0.550300 -0.199906 -0.000101
v 0.544400 -0.199906 0.086999
v 0.499000 -0.199906 0.252799
v 0.527100 -0.199906 0.171999
v 0.461300 -0.199906 0.327499
v 0.415400 -0.199906 0.394599
v 0.305900 -0.199906 0.501899
v 0.363000 -0.199906 0.452999
v 0.245900 -0.199906 0.540999
v 0.184500 -0.199906 0.570499
v 0.122800 -0.199906 0.590999
v -0.393700 -0.086206 0.937499
v -0.335400 -0.173806 0.839299
v -0.226300 -0.173306 0.875999
v -0.439600 -0.174306 0.788499
v -0.537100 -0.174906 0.724199
v -0.626200 -0.175406 0.647199
v -0.705100 -0.175806 0.558599
v -0.772100 -0.176106 0.459799
v -0.957000 -0.082106 0.390099
v -0.825900 -0.176406 0.352599
v -0.865200 -0.176506 0.238799
v -0.889200 -0.176706 0.120499
v -0.897200 -0.176806 -0.000101
v -0.889200 -0.176706 -0.120701
v -0.865200 -0.176506 -0.239001
v -0.957000 -0.082106 -0.390301
v -0.825900 -0.176406 -0.352801
v -0.772100 -0.176006 -0.460101
v -0.705100 -0.175806 -0.558801
v -0.626200 -0.175406 -0.647401
v -0.537100 -0.174906 -0.724401
v -0.439600 -0.174306 -0.788701
v -0.393700 -0.086206 -0.937701
v -0.335400 -0.173806 -0.839501
v -0.226300 -0.173306 -0.876201
v -0.114000 -0.173106 -0.898401
v 0.000000 -0.173006 -0.905801
v 0.114000 -0.173106 -0.898401
v 0.226300 -0.173306 -0.876201
v 0.393700 -0.086206 -0.937701
v 0.335400 -0.173806 -0.839501
v 0.439600 -0.174306 -0.788701
v 0.537100 -0.174906 -0.724401
v 0.626200 -0.175406 -0.647401
v 0.705100 -0.175806 -0.558801
v 0.772100 -0.176106 -0.460101
v 0.957000 -0.082106 -0.390301
v 0.825900 -0.176406 -0.352801
v 0.865200 -0.176506 -0.239001
v 0.889200 -0.176706 -0.120701
v 0.897200 -0.176806 -0.000101
v 0.889200 -0.176706 0.120499
v 0.865200 -0.176506 0.238799
v 0.957000 -0.082106 0.390099
v 0.825900 -0.176406 0.352599
v 0.772100 -0.176106 0.459799
v 0.705100 -0.175806 0.558599
v 0.626200 -0.175406 0.647199
v 0.537100 -0.174906 0.724199
v 0.439600 -0.174306 0.788499
v 0.393700 -0.086206 0.937499
v 0.335400 -0.173806 0.839299
v 0.226300 -0.173306 0.875999
v 0.114000 -0.173106 0.898099
v 0.000000 -0.173006 0.905499
v -0.114000 -0.173106 0.898099
v -0.678800 8.448994 -0.089499
v -0.684700 8.448994 -0.000099
v -0.678800 8.448994 0.089301
v -0.632500 8.448994 -0.262099
v -0.661300 8.448994 0.177101
v -0.632500 8.448994 0.261901
v -0.543200 8.448994 0.416701
v -0.592900 8.448994 0.342201
v -0.484100 8.448994 0.484001
v -0.416800 8.448994 0.543101
v -0.262000 8.448994 0.632401
v -0.342300 8.448994 0.592801
v -0.177200 8.448994 0.661201
v -0.089400 8.448994 0.678701
v 0.089400 8.448994 0.678701
v 0.000000 8.448994 0.684601
v 0.177200 8.448994 0.661201
v 0.262000 8.448994 0.632401
v 0.416800 8.448994 0.543101
v 0.342300 8.448994 0.592801
v 0.484100 8.448994 0.484001
v 0.543200 8.448994 0.416701
v 0.632500 8.448994 0.261901
v 0.592900 8.448994 0.342201
v 0.543200 8.448994 -0.416899
v 0.661300 8.448994 0.177101
v 0.678800 8.448994 0.089301
v 0.678800 8.448994 -0.089499
v 0.684700 8.448994 -0.000099
v 0.661300 8.448994 -0.177299
v 0.632500 8.448994 -0.262099
v 0.592900 8.448994 -0.342399
v 0.484100 8.448994 -0.484199
v 0.416800 8.448994 -0.543299
v 0.262000 8.448994 -0.632699
v 0.342300 8.448994 -0.592999
v 0.177200 8.448994 -0.661399
v 0.089400 8.448994 -0.678899
v -0.089400 8.448994 -0.678899
v 0.000000 8.448994 -0.684799
v -0.177200 8.448994 -0.661399
v -0.262000 8.448994 -0.632699
v -0.416800 8.448994 -0.543299
v -0.342300 8.448994 -0.592999
v -0.484100 8.448994 -0.484199
v -0.543200 8.448994 -0.416899
v -0.592900 8.448994 -0.342399
v -0.661300 8.448994 -0.177299
v -0.307000 -0.196606 0.789999
v -0.206500 -0.196606 0.822799
v -0.403900 -0.196706 0.744099
v -0.495400 -0.196706 0.685099
v -0.579600 -0.196706 0.613799
v -0.654800 -0.196806 0.530999
v -0.719000 -0.196806 0.437899
v -0.770800 -0.196806 0.336299
v -0.808700 -0.196806 0.227999
v -0.831800 -0.196806 0.115099
v -0.839600 -0.196806 -0.000101
v -0.831800 -0.196806 -0.115301
v -0.808700 -0.196806 -0.228201
v -0.770800 -0.196806 -0.336501
v -0.719000 -0.196806 -0.438101
v -0.654800 -0.196806 -0.531201
v -0.579600 -0.196706 -0.614001
v -0.495400 -0.196706 -0.685401
v -0.403900 -0.196706 -0.744301
v -0.307000 -0.196606 -0.790201
v -0.206500 -0.196606 -0.823001
v -0.103800 -0.196606 -0.842601
v 0.000000 -0.196606 -0.849101
v 0.103800 -0.196606 -0.842601
v 0.206500 -0.196606 -0.823001
v 0.307000 -0.196606 -0.790201
v 0.403900 -0.196706 -0.744301
v 0.495400 -0.196706 -0.685401
v 0.579600 -0.196706 -0.614001
v 0.654800 -0.196806 -0.531201
v 0.719000 -0.196806 -0.438101
v 0.770800 -0.196806 -0.336501
v 0.808700 -0.196806 -0.228201
v 0.831800 -0.196806 -0.115301
v 0.839600 -0.196806 -0.000101
v 0.831800 -0.196806 0.115099
v 0.808700 -0.196806 0.227999
v 0.770800 -0.196806 0.336299
v 0.719000 -0.196806 0.437899
v 0.654800 -0.196806 0.530999
v 0.579600 -0.196706 0.613799
v 0.495400 -0.196706 0.685099
v 0.403900 -0.196706 0.744099
v 0.307000 -0.196606 0.789999
v 0.206500 -0.196606 0.822799
v 0.103800 -0.196606 0.842399
v 0.000000 -0.196606 0.848899
v -0.103800 -0.196606 0.842399
v -0.940500 8.444294 -0.252099
v -0.899600 8.444294 -0.372699
v -0.965300 8.444294 -0.127199
v -0.973700 8.444294 -0.000099
v -0.965300 8.444294 0.127001
v -0.940500 8.444294 0.251901
v -0.899600 8.444294 0.372501
v -0.843200 8.444294 0.486701
v -0.772500 8.444294 0.592601
v -0.688500 8.444294 0.688401
v -0.592700 8.444294 0.772401
v -0.486800 8.444294 0.843101
v -0.372600 8.444294 0.899401
v -0.252000 8.444294 0.940401
v -0.127100 8.444294 0.965201
v 0.000000 8.444294 0.973601
v 0.127100 8.444294 0.965201
v 0.252000 8.444294 0.940401
v 0.372600 8.444193 0.899401
v 0.486800 8.444294 0.843101
v 0.592700 8.444193 0.772401
v 0.688500 8.444294 0.688401
v 0.772500 8.444294 0.592601
v 0.843200 8.444193 0.486701
v 0.899600 8.444294 0.372501
v 0.940500 8.444294 0.251901
v 0.965300 8.444294 0.127001
v 0.973700 8.444294 -0.000099
v 0.965300 8.444294 -0.127199
v 0.940500 8.444294 -0.252099
v 0.899600 8.444294 -0.372699
v 0.843200 8.444294 -0.486899
v 0.772500 8.444294 -0.592799
v 0.688500 8.444294 -0.688599
v 0.592700 8.444294 -0.772599
v 0.486800 8.444294 -0.843299
v 0.372600 8.444294 -0.899699
v 0.252000 8.444294 -0.940599
v 0.127100 8.444294 -0.965499
v 0.000000 8.444294 -0.973799
v -0.127100 8.444294 -0.965499
v -0.252000 8.444294 -0.940599
v -0.372600 8.444294 -0.899699
v -0.486800 8.444294 -0.843299
v -0.592700 8.444294 -0.772599
v -0.688500 8.444294 -0.688599
v -0.772500 8.444294 -0.592799
v -0.843200 8.444294 -0.486899
v 0.000000 8.597593 -0.998899
v 0.000000 8.489193 -0.998899
v -0.130400 8.489193 -0.990399
v -0.130400 8.597593 -0.990399
v -0.258500 8.489193 -0.964899
v -0.258500 8.597593 -0.964899
v -0.382200 8.489193 -0.922899
v -0.382200 8.597593 -0.922899
v -0.499400 8.489193 -0.865099
v -0.499400 8.597593 -0.865099
v -0.608000 8.489193 -0.792499
v -0.608000 8.597593 -0.792499
v -0.706300 8.489193 -0.706399
v -0.706300 8.597593 -0.706399
v -0.792400 8.489193 -0.608099
v -0.792400 8.597593 -0.608099
v -0.865000 8.489193 -0.499499
v -0.865000 8.597593 -0.499499
v -0.922800 8.489193 -0.382299
v -0.922800 8.597593 -0.382299
v -0.964800 8.489193 -0.258599
v -0.964800 8.597593 -0.258599
v -0.989900 8.488693 -0.130499
v -0.989600 8.597094 -0.130599
v 0.000000 8.631693 -0.983099
v -0.128300 8.631693 -0.974599
v -0.123900 8.640993 -0.940999
v 0.000000 8.640993 -0.949099
v -0.254400 8.631693 -0.949599
v -0.245600 8.640993 -0.916799
v -0.376200 8.631693 -0.908199
v -0.363200 8.640993 -0.876899
v -0.491500 8.631693 -0.851399
v -0.474500 8.640993 -0.821899
v -0.598400 8.631693 -0.779899
v -0.577700 8.640993 -0.752999
v -0.695000 8.631693 -0.695199
v -0.671000 8.640993 -0.671099
v -0.779800 8.631693 -0.598499
v -0.752900 8.640993 -0.577799
v -0.851300 8.631693 -0.491599
v -0.821800 8.640993 -0.474599
v -0.908100 8.631693 -0.376299
v -0.876700 8.640993 -0.363299
v -0.949500 8.631693 -0.254499
v -0.916600 8.640993 -0.245699
v -0.974400 8.631094 -0.128399
v -0.940800 8.640594 -0.123899
v 0.000000 9.997194 -0.933399
v -0.121800 9.997293 -0.925299
v -0.120500 10.117495 -0.990399
v 0.000000 10.120193 -0.998099
v -0.241500 9.997494 -0.901399
v -0.238900 10.117294 -0.966799
v -0.357000 9.997793 -0.861899
v -0.353200 10.116993 -0.927999
v -0.466300 9.998194 -0.807699
v -0.461500 10.116594 -0.874599
v -0.567400 9.998693 -0.739599
v -0.561900 10.116095 -0.807499
v -0.658700 9.999294 -0.658799
v -0.652700 10.115395 -0.727999
v -0.738500 9.999994 -0.566799
v -0.732400 10.114594 -0.637299
v -0.805400 10.000694 -0.465099
v -0.799700 10.113693 -0.536999
v -0.858300 10.001293 -0.355599
v -0.850500 10.113194 -0.427999
v -0.922900 8.675694 -0.121499
v -0.915400 9.899893 -0.120799
v -0.894600 9.971994 -0.239799
v -0.899900 8.676193 -0.241199
v -0.892500 10.758993 -0.239599
v -0.896900 10.385294 -0.240399
v -0.912900 10.385294 -0.120499
v -0.908200 10.753094 -0.120099
v -0.113200 10.348494 -1.016899
v 0.000000 10.348293 -1.024799
v 0.000000 10.187893 -1.016599
v -0.120200 10.187893 -1.008599
v 0.000000 8.676294 -0.931799
v -0.121600 8.676294 -0.923799
v -0.225100 10.348793 -0.993199
v -0.238300 10.187695 -0.984899
v -0.241100 8.676294 -0.899999
v -0.334400 10.349293 -0.954199
v -0.352300 10.187393 -0.945899
v -0.356500 8.676294 -0.860899
v -0.440000 10.349594 -0.900599
v -0.460200 10.186995 -0.892399
v -0.465800 8.676294 -0.806999
v -0.540300 10.349794 -0.833099
v -0.560300 10.186594 -0.825399
v -0.567200 8.676294 -0.739199
v -0.633900 10.349594 -0.752899
v -0.651000 10.186193 -0.746199
v -0.658800 8.676294 -0.658899
v -0.719300 10.349094 -0.661499
v -0.731000 10.185993 -0.656099
v -0.739100 8.676294 -0.567299
v -0.794900 10.348494 -0.560299
v -0.798900 10.185894 -0.556399
v -0.806800 8.676294 -0.465899
v -0.854900 10.350193 -0.449499
v -0.849600 10.185894 -0.447699
v -0.860700 8.676294 -0.356599
v -0.914300 10.185793 -0.120499
v -0.896800 10.185793 -0.240399
v -0.914200 10.093494 -0.120499
v -0.896300 10.093494 -0.240299
v -0.916600 10.708393 0.619701
v -0.909100 10.702894 -0.092099
v -0.913100 10.385294 -0.092499
v -0.920300 10.385294 0.619701
v -0.923500 9.383595 -0.027699
v -0.927200 8.679394 -0.044899
v -0.920300 10.553595 1.027901
v -0.915000 10.707794 1.332601
v -0.897600 9.837593 1.837301
v -0.876900 8.541393 1.845601
v -0.749000 8.540894 2.388001
v -0.908300 10.329594 1.812101
v -0.973500 8.487993 0.611601
v -0.940300 8.484795 0.618801
v -0.940100 8.601593 0.618401
v -0.973500 8.598194 0.611501
v -0.942900 8.648893 0.371101
v -0.977000 8.643593 0.370401
v -0.973000 8.626993 0.593501
v -0.939700 8.635893 0.598101
v -0.976500 8.641394 -0.042699
v -0.942500 8.646793 -0.043699
v -0.998400 8.603495 0.370001
v -0.998700 8.482794 0.369601
v -0.989200 8.488794 0.592101
v -0.989300 8.596893 0.592101
v -0.997400 8.483593 -0.042199
v -0.997200 8.602694 -0.042399
v -1.104200 9.333593 0.325201
v -0.940200 9.346994 0.328401
v -0.940300 9.347193 -0.001399
v -1.104200 9.333593 0.001801
v -1.104100 9.305294 0.340601
v -1.104300 8.490593 0.341201
v -1.015200 8.486294 0.347201
v -1.016100 8.674294 0.349601
v -0.942800 8.678894 0.355301
v -0.939400 9.310093 0.346701
v -1.104300 8.490694 -0.014299
v -1.104100 9.305294 -0.013599
v -0.940300 9.311394 -0.021499
v -1.016000 8.674093 -0.022399
v -0.942700 8.678793 -0.028299
v -1.015200 8.486393 -0.020199
v -0.994200 8.457294 0.327101
v -1.104400 8.461994 0.325401
v -1.104400 8.461994 0.001501
v -0.994800 8.454193 -0.000699
v -1.119100 9.304893 0.002101
v -1.119100 8.491394 0.002001
v -1.119100 8.491394 0.324901
v -1.119100 9.304893 0.324901
v 0.130400 8.597593 -0.990399
v 0.130400 8.489193 -0.990399
v 0.258500 8.489193 -0.964899
v 0.258500 8.597593 -0.964899
v 0.382200 8.489193 -0.922899
v 0.382200 8.597593 -0.922899
v 0.499400 8.489193 -0.865099
v 0.499400 8.597593 -0.865099
v 0.608000 8.489193 -0.792499
v 0.608000 8.597593 -0.792499
v 0.706300 8.489193 -0.706399
v 0.706300 8.597593 -0.706399
v 0.792400 8.489193 -0.608099
v 0.792400 8.597593 -0.608099
v 0.865000 8.489193 -0.499499
v 0.865000 8.597593 -0.499499
v 0.922800 8.597593 -0.382299
v 0.922800 8.489193 -0.382299
v 0.964800 8.597593 -0.258599
v 0.964800 8.489193 -0.258599
v 0.989600 8.597094 -0.130599
v 0.989900 8.488693 -0.130499
v 0.118300 8.640093 -0.939999
v 0.128300 8.631693 -0.974599
v 0.254400 8.631693 -0.949599
v 0.245600 8.640993 -0.916799
v 0.376200 8.631693 -0.908199
v 0.363200 8.640993 -0.876899
v 0.474500 8.640993 -0.821999
v 0.491500 8.631693 -0.851399
v 0.598400 8.631693 -0.779899
v 0.577700 8.640993 -0.752999
v 0.671000 8.640993 -0.671099
v 0.695100 8.631693 -0.695199
v 0.779800 8.631693 -0.598499
v 0.752900 8.640993 -0.577799
v 0.851300 8.631693 -0.491599
v 0.821800 8.640993 -0.474599
v 0.876700 8.640993 -0.363299
v 0.908100 8.631693 -0.376299
v 0.949500 8.631693 -0.254499
v 0.916600 8.640993 -0.245699
v 0.940800 8.640594 -0.123899
v 0.974400 8.631094 -0.128399
v 0.120500 10.117495 -0.990399
v 0.121800 9.997293 -0.925299
v 0.238900 10.117294 -0.966799
v 0.241500 9.997494 -0.901399
v 0.353200 10.116993 -0.927999
v 0.357000 9.997793 -0.861899
v 0.461500 10.116594 -0.874599
v 0.466300 9.998194 -0.807699
v 0.561900 10.116095 -0.807499
v 0.567400 9.998693 -0.739599
v 0.652700 10.115395 -0.727999
v 0.658700 9.999294 -0.658799
v 0.732400 10.114594 -0.637299
v 0.738500 9.999994 -0.566799
v 0.799700 10.113693 -0.536999
v 0.805400 10.000694 -0.465099
v 0.850500 10.113194 -0.427999
v 0.858300 10.001293 -0.355599
v 0.917400 9.296993 -0.121099
v 0.922500 8.675394 -0.121499
v 0.899900 8.676193 -0.241199
v 0.915400 9.894993 -0.120799
v 0.894600 9.968294 -0.239799
v 0.896900 10.385294 -0.240399
v 0.892500 10.758993 -0.239599
v 0.908200 10.753094 -0.120099
v 0.912900 10.385294 -0.120499
v 0.113200 10.348494 -1.016899
v 0.120200 10.187893 -1.008599
v 0.121600 8.676294 -0.923799
v 0.225100 10.348793 -0.993199
v 0.238300 10.187695 -0.984899
v 0.241100 8.676294 -0.899999
v 0.334400 10.349293 -0.954199
v 0.352300 10.187393 -0.945899
v 0.356500 8.676294 -0.860899
v 0.440000 10.349594 -0.900599
v 0.460200 10.186995 -0.892399
v 0.465800 8.676294 -0.806999
v 0.540300 10.349794 -0.833099
v 0.560300 10.186594 -0.825399
v 0.567200 8.676294 -0.739199
v 0.633900 10.349594 -0.752899
v 0.651000 10.186193 -0.746199
v 0.658800 8.676294 -0.658899
v 0.719300 10.349094 -0.661499
v 0.731000 10.185993 -0.656099
v 0.739100 8.676294 -0.567299
v 0.794900 10.348494 -0.560299
v 0.798900 10.185894 -0.556399
v 0.806800 8.676294 -0.465899
v 0.854900 10.350193 -0.449499
v 0.849600 10.185894 -0.447699
v 0.860700 8.676294 -0.356599
v 0.914300 10.185793 -0.120499
v 0.896800 10.185793 -0.240399
v 0.896300 10.093494 -0.240299
v 0.914200 10.093494 -0.120499
v 0.913200 10.385294 -0.092499
v 0.909100 10.702894 -0.092099
v 0.916600 10.708393 0.619701
v 0.920300 10.385294 0.619701
v 0.920800 10.268993 0.589401
v 0.919800 10.355093 1.013801
v 0.919800 10.222393 0.983601
v 0.921600 9.147993 0.566301
v 0.922400 9.867594 0.484801
v 0.920300 10.523693 1.202801
v 0.915000 10.707693 1.332601
v 0.915700 10.678894 1.462001
v 0.915700 10.460794 1.736301
v 0.915400 10.625093 1.581201
v 0.915400 10.544693 1.675601
v 0.908800 10.329393 1.812101
v 0.748800 8.540094 2.389101
v 0.903800 8.525694 1.848601
v 0.940200 8.601694 0.618501
v 0.940100 8.484993 0.618601
v 0.975800 8.484993 0.616101
v 0.975800 8.601694 0.616101
v 0.975700 8.637693 0.596001
v 0.976100 8.639593 0.369101
v 0.940700 8.639593 0.368901
v 0.940200 8.637693 0.598401
v 0.942500 8.646793 -0.043699
v 0.976500 8.641394 -0.042699
v 0.995700 8.484993 0.594701
v 0.995700 8.484993 0.368501
v 0.996500 8.602194 0.368901
v 0.995700 8.601694 0.594701
v 0.997200 8.602694 -0.042399
v 0.997400 8.483593 -0.042199
v 0.940300 9.347193 -0.001399
v 0.940200 9.346994 0.328401
v 1.104200 9.333593 0.325201
v 1.104200 9.333593 0.001801
v 1.016100 8.674294 0.349601
v 1.015700 8.485094 0.348401
v 1.107400 8.484993 0.348501
v 0.940300 9.311295 0.348401
v 1.104100 9.305294 0.340601
v 0.941800 8.676794 0.352501
v 1.016000 8.674093 -0.022399
v 0.942700 8.678793 -0.028299
v 0.940400 9.311493 -0.021799
v 1.104300 8.490694 -0.014299
v 1.104100 9.305294 -0.013599
v 1.015200 8.486393 -0.020199
v 0.995700 8.449293 0.328401
v 0.994700 8.455194 -0.000599
v 1.104400 8.461994 0.001501
v 1.107400 8.448994 0.328501
v 1.119100 9.304893 0.002101
v 1.119100 9.304893 0.324901
v 1.127300 8.485193 0.328401
v 1.119100 8.491394 0.002001
v 0.885200 8.460493 1.849901
v 0.729100 8.463694 2.391601
v -0.729100 8.463694 2.391601
v -0.855200 8.471193 1.847201
v -0.873900 10.786093 -0.239799
v 0.873900 10.786093 -0.239799
v 0.835000 10.786694 -0.450099
v -0.835000 10.786694 -0.450099
v 0.897100 10.518793 1.764201
v -0.897100 10.518793 1.764201
v -0.899200 10.375294 1.847701
v 0.899600 10.374994 1.848601
v 0.896100 10.607393 1.696801
v -0.896100 10.607393 1.696801
v -0.896000 10.693295 1.594801
v 0.896000 10.693295 1.594801
v -0.896500 10.751793 1.469501
v 0.896500 10.751793 1.469501
v 0.895400 10.776693 1.335001
v -0.895400 10.776693 1.335001
v -0.897500 10.785994 0.619701
v 0.897500 10.785994 0.619701
v 0.897300 10.784893 -0.120999
v -0.897300 10.784893 -0.120999
v 0.715500 10.779493 -1.394899
v -0.715500 10.779493 -1.394899
v 0.700400 10.759995 -1.511299
v -0.700400 10.759995 -1.511299
v 0.690800 10.706493 -1.576699
v -0.690800 10.706493 -1.576699
v -0.700400 10.423393 -1.511299
v 0.700400 10.423393 -1.511299
v 0.715600 10.403694 -1.394899
v -0.715600 10.403694 -1.394899
v -0.690800 10.476894 -1.576699
v 0.690800 10.476894 -1.576699
v -0.688600 10.557693 -1.604499
v 0.688600 10.557693 -1.604499
v -0.688600 10.625593 -1.604499
v 0.688600 10.625593 -1.604499
v -0.884200 8.463394 1.019701
v -0.898300 8.459694 0.618201
v 0.900200 8.448994 0.620001
v 0.895300 8.452793 1.021801
v 0.723500 8.469694 2.421201
v -0.723500 8.469694 2.421201
v -0.721500 8.568094 2.424301
v -0.715700 8.511593 2.433501
v 0.715800 8.511593 2.433501
v 0.721800 8.569494 2.424101
v -0.656500 8.608793 2.413001
v -0.824300 10.338394 1.864201
v 0.678100 8.606594 2.413801
v -0.656500 8.877295 2.073101
v -0.738100 9.627493 1.862901
v 0.789800 9.612293 1.844201
v 0.702900 8.838093 2.066801
v 0.846100 10.340393 1.863701
v -0.921700 9.430893 0.384401
v -0.928000 8.730194 0.399301
v -0.925600 8.727194 0.627301
v -0.922100 9.729393 0.619901
v -0.920300 10.257994 0.619701
v -0.914500 10.185894 -0.092499
v -0.923300 9.433794 -0.007299
v -0.914400 10.093393 -0.092499
v -0.915600 9.907793 -0.092799
v 0.914600 10.185894 -0.092499
v 0.923500 9.383595 -0.027699
v 0.924500 9.283693 -0.030199
v -0.971100 8.462093 0.592101
v -0.921600 8.483593 0.640501
v -0.925300 8.661093 0.637001
v -0.925900 8.676893 0.620301
v -0.928300 8.680193 0.372301
v -0.922000 9.380693 0.357401
v 0.922400 8.675493 0.369501
v 0.740400 8.497694 2.418701
v 0.920200 8.659994 0.635501
v 0.920200 8.673695 0.619801
v 0.920200 8.484993 0.639901
v 0.975700 8.448994 0.596001
v 0.927200 8.679394 -0.044899
v 0.924500 9.381994 0.358301
v 0.925300 9.314095 0.360801
v -0.741000 8.507494 2.418401
v -0.128000 8.459993 -0.972499
v -0.253800 8.459993 -0.947399
v -0.375300 8.459993 -0.906199
v -0.490300 8.460194 -0.849399
v -0.597000 8.460194 -0.778099
v -0.693400 8.460293 -0.693499
v -0.849200 8.460493 -0.490399
v -0.905900 8.460594 -0.375299
v -0.971300 8.460293 -0.128599
v -0.947100 8.460693 -0.253899
v -0.856600 10.761395 -0.450299
v -0.735100 10.757093 -1.394299
v -0.720700 10.739094 -1.508399
v -0.712400 10.691195 -1.569099
v -0.710200 10.619394 -1.591199
v -0.710200 10.563894 -1.591199
v -0.712400 10.492193 -1.569099
v -0.720700 10.444294 -1.508399
v -0.735200 10.426294 -1.394299
v -0.827100 10.383694 -0.540599
v -0.856500 10.421694 -0.450299
v -0.114000 10.386694 -1.034999
v 0.000000 10.386593 -1.043099
v -0.226700 10.386694 -1.010699
v -0.337100 10.386793 -0.970799
v -0.443800 10.386993 -0.915899
v -0.545600 10.386793 -0.847199
v -0.641100 10.386395 -0.765799
v -0.729100 10.385794 -0.673199
v -0.808000 10.384094 -0.570899
v -0.915900 10.758793 0.619701
v -0.916000 10.498993 1.754601
v -0.905900 10.361393 1.834101
v -0.915800 10.587793 1.690201
v -0.916000 10.672693 1.590701
v -0.916300 10.728495 1.467101
v -0.915000 10.758194 1.334301
v -0.748500 8.489494 2.390601
v -0.876200 8.491095 1.845501
v -0.743600 8.547194 2.408501
v 0.128000 8.459993 -0.972499
v 0.000000 8.459894 -0.980799
v 0.253800 8.459993 -0.947399
v 0.375300 8.459993 -0.906199
v 0.490300 8.460194 -0.849399
v 0.778000 8.460394 -0.597099
v 0.693400 8.460293 -0.693499
v 0.849200 8.460493 -0.490399
v 0.947100 8.460693 -0.253899
v 0.905900 8.460594 -0.375299
v 0.971300 8.460493 -0.128599
v 0.856600 10.761395 -0.450299
v 0.735200 10.426294 -1.394299
v 0.856500 10.421694 -0.450299
v 0.827100 10.383694 -0.540599
v 0.720700 10.444294 -1.508399
v 0.712400 10.492193 -1.569099
v 0.710200 10.563894 -1.591199
v 0.710200 10.619493 -1.591199
v 0.712400 10.691195 -1.569099
v 0.720700 10.739094 -1.508399
v 0.735200 10.757093 -1.394299
v 0.114000 10.386793 -1.034899
v 0.226700 10.386793 -1.010599
v 0.337100 10.386793 -0.970699
v 0.443800 10.386993 -0.915899
v 0.545500 10.386993 -0.847199
v 0.641100 10.386593 -0.765799
v 0.729100 10.385593 -0.673199
v 0.808000 10.384094 -0.570899
v 0.915800 10.758793 0.619701
v 0.915000 10.758194 1.334301
v 0.916300 10.728594 1.467101
v 0.916100 10.672693 1.590701
v 0.916000 10.587894 1.690201
v 0.916200 10.499094 1.754601
v 0.905600 10.361294 1.834101
v 0.743600 8.547194 2.408501
v 0.748400 8.489494 2.390601
v 0.903600 8.475294 1.848701
v -0.778000 8.460394 -0.597099
v 0.597000 8.460194 -0.778099
v -0.891800 8.488493 1.431001
v -0.870000 8.467194 1.424401
v 0.909300 8.478594 1.432901
v 0.890300 8.456594 1.426801
v -0.860600 10.385294 -0.430699
v 0.860600 10.385294 -0.430699
v 0.919000 10.006193 1.351201
v 0.919100 10.092194 1.420701
v 0.919000 10.222893 1.450501
v 0.919400 10.353994 1.420501
v 0.919000 10.426994 1.358901
v 0.908900 10.079794 1.333601
v 0.908700 10.042793 1.258801
v -0.908700 10.042793 1.258801
v -0.908900 10.079893 1.333601
v 0.909200 10.145393 1.384001
v -0.909200 10.145393 1.384001
v 0.909500 10.222893 1.401101
v -0.909500 10.222893 1.401101
v 0.908900 10.365694 1.333501
v 0.909200 10.300394 1.384001
v -0.909200 10.300493 1.384001
v -0.908900 10.365793 1.333501
v 0.908700 10.402893 1.258801
v -0.908700 10.402994 1.258801
v 0.908700 10.402794 1.175401
v -0.908700 10.402794 1.175401
v -0.908800 10.365494 1.100801
v 0.908800 10.365494 1.100801
v -0.909200 10.300394 1.050101
v 0.909200 10.300394 1.050101
v -0.909500 10.222994 1.033101
v 0.909500 10.222893 1.033101
v -0.909200 10.145494 1.050201
v 0.909200 10.145393 1.050201
v -0.908900 10.079794 1.100601
v 0.908900 10.079794 1.100601
v -0.908700 10.042793 1.175401
v 0.908700 10.042793 1.175401
v -0.919500 10.354094 1.420501
v -0.918700 10.222994 1.450501
v -0.918500 10.427094 1.358901
v -0.919700 10.420895 1.074301
v -0.918900 10.481394 1.169801
v -0.924500 8.692194 0.664401
v -0.919800 10.222393 0.983501
v -0.919700 10.090593 1.015201
v -0.918600 9.964394 1.264501
v -0.919000 9.964394 1.169701
v -0.892500 8.538893 1.430901
v -0.918300 10.006294 1.351201
v 0.918900 10.481295 1.265101
v 0.919600 10.480293 1.166501
v 0.919300 9.964394 1.169701
v 0.909500 8.528994 1.433001
v 0.914900 8.532194 1.035001
v 0.919500 10.006693 1.081701
v -0.916600 10.484795 1.268801
v -0.917500 10.481194 1.265201
v 0.919700 10.420794 1.074201
v 0.919900 10.222893 1.420201
v 0.919600 10.222893 1.411701
v 0.920000 10.310894 1.391301
v 0.920100 10.320494 1.397901
v -0.920100 10.320494 1.397901
v -0.920000 10.310993 1.391301
v -0.919600 10.222893 1.411701
v -0.919900 10.222893 1.420201
v 0.919900 10.381193 1.346701
v 0.919500 10.374495 1.339801
v 0.919500 10.416695 1.259801
v 0.920200 10.430893 1.260801
v -0.919600 10.014793 1.260801
v -0.919200 10.028694 1.259801
v -0.919200 10.028694 1.174401
v -0.919600 10.014793 1.173301
v -0.920200 10.430994 1.260801
v -0.919500 10.416794 1.259801
v -0.919500 10.374495 1.339801
v -0.920000 10.381294 1.346701
v 0.919500 10.052593 1.339301
v 0.919200 10.065594 1.336601
v 0.919400 10.134493 1.391601
v 0.919800 10.125294 1.398001
v -0.919800 10.125294 1.398001
v -0.919400 10.134493 1.391601
v -0.919200 10.065693 1.336601
v -0.919500 10.052694 1.339301
v 0.919200 10.028593 1.174401
v 0.919200 10.028593 1.259801
v 0.919500 10.416294 1.173601
v -0.919300 10.371994 1.093801
v -0.919500 10.416794 1.174901
v -0.919400 10.311394 1.042601
v -0.919500 10.222994 1.022401
v -0.919200 10.133595 1.043201
v -0.919200 10.065994 1.097001
v 0.919600 10.053093 1.093701
v 0.919200 10.065893 1.097001
v 0.919600 10.014694 1.173301
v 0.919500 10.123693 1.037801
v 0.919200 10.133595 1.043201
v 0.919600 10.222893 1.013901
v 0.919300 10.222893 1.022301
v 0.919800 10.320494 1.036201
v 0.919500 10.311295 1.042601
v 0.919700 10.374994 1.086301
v 0.919300 10.371893 1.093801
v 0.920100 10.429995 1.171401
v -0.920100 10.430994 1.174601
v 0.919600 10.014694 1.260801
v -0.919600 10.375093 1.086301
v -0.919700 10.320593 1.036201
v -0.919700 10.222893 1.013901
v -0.919500 10.123693 1.037801
v -0.919600 10.053093 1.093701
v -0.915500 10.678894 1.462001
v -0.919700 10.355093 1.013801
v -0.906800 8.486094 1.034201
v 0.914800 8.481794 1.034801
v -0.921100 8.534193 0.667501
v -0.907300 8.536394 1.034101
v -0.919500 10.006794 1.081701
v -0.918400 10.092293 1.420701
v 0.923200 9.433893 -0.007399
v 0.915600 9.902994 -0.092799
v 0.914500 10.093393 -0.092499
v 0.923600 9.432293 0.384501
v 0.919200 9.964394 1.264501
v 0.919600 10.090593 1.015201
v 0.920000 8.692293 0.662701
v 0.920300 8.723993 0.626301
v 0.920000 8.535194 0.666701
v 0.922100 8.725594 0.396801
v 0.924800 9.316494 0.388801
v -0.915500 10.460693 1.736301
v -0.915200 10.544594 1.675501
v -0.915200 10.624994 1.581201
v 0.716400 10.854294 -1.460799
v 0.000000 10.854494 -1.461099
v 0.000000 10.859795 -1.382399
v 0.727300 10.859795 -1.382499
v 0.000000 10.842293 -1.529599
v 0.713400 10.842094 -1.529199
v 0.708100 10.816093 -1.589299
v 0.000000 10.821293 -1.590399
v 0.000000 10.305994 -1.269999
v 0.000000 10.341293 -1.529199
v 0.712900 10.345093 -1.529099
v 0.727200 10.309895 -1.270699
v 0.000000 10.590494 -1.692199
v 0.700100 10.590494 -1.689099
v 0.700900 10.539694 -1.684399
v 0.000000 10.538193 -1.687499
v 0.000000 10.642794 -1.687499
v 0.000000 10.713793 -1.670599
v 0.701500 10.710993 -1.667899
v 0.700900 10.641294 -1.684399
v 0.000000 10.466993 -1.670599
v 0.701500 10.469793 -1.667999
v 0.704000 10.416294 -1.639899
v 0.000000 10.412294 -1.641799
v 0.000000 10.362595 -1.590499
v 0.708100 10.367393 -1.589299
v 0.000000 10.879793 -0.294399
v 0.887200 10.857393 -0.283699
v 0.855600 10.857695 -0.450099
v 0.000000 10.878494 -0.450499
v 0.917200 10.806793 1.615401
v 0.000000 10.828993 1.620501
v 0.000000 10.748293 1.718401
v 0.917400 10.722294 1.716301
v 0.000000 10.888494 1.493601
v 0.917500 10.865093 1.491201
v 0.000000 10.883993 0.619601
v 0.000000 10.899294 0.828701
v 0.918500 10.872694 0.818401
v 0.918600 10.861494 0.619901
v 0.000000 10.879793 -0.121299
v 0.918000 10.855394 -0.120999
v 0.000000 10.652294 1.791201
v 0.000000 10.504093 1.872601
v 0.917500 10.489893 1.863801
v 0.917900 10.634893 1.783001
v 0.000000 10.918394 1.358401
v 0.917600 10.894894 1.357601
v 0.670900 7.978693 2.861701
v 0.704500 9.008394 2.511301
v 0.204800 9.011093 2.515701
v 0.201100 7.982193 2.866500
v 0.652800 7.239994 3.036000
v 0.201300 7.242293 3.041000
v 0.629500 6.203993 3.177500
v 0.203200 6.205194 3.182700
v 0.599800 5.287094 3.248300
v 0.201200 5.286793 3.252400
v 0.584300 4.423193 3.236800
v 0.202800 4.421693 3.241900
v 0.565200 3.647593 3.171300
v 0.202900 3.645093 3.176200
v 0.532100 2.232193 2.987500
v 0.204600 2.229393 2.992200
v 0.527100 1.993693 2.950700
v 0.205300 1.990694 2.955499
v 0.918200 10.899694 1.227701
v 0.000000 10.920694 1.227501
v 0.206000 9.380894 2.361001
v 0.204600 9.202494 2.441801
v 0.752500 9.204294 2.435701
v 0.902100 9.391794 2.341601
v 0.945300 10.819094 -0.450199
v 0.976800 10.817293 -0.282099
v 1.006200 10.591093 1.777101
v 1.004800 10.444494 1.858601
v 0.918800 9.917395 2.112701
v 1.007400 9.925795 2.079501
v 1.007700 10.835094 0.814901
v 1.008700 10.821293 0.619701
v 1.005300 10.809895 -0.120899
v 1.005300 10.768194 1.607301
v 1.006000 10.826694 1.481501
v 1.005400 10.681395 1.709801
v 1.006100 10.856094 1.346601
v 1.006700 10.860594 1.135401
v 0.996200 10.734493 -0.449099
v 1.024800 10.730093 -0.277299
v 0.887200 10.740894 -1.127899
v 0.824800 10.817394 -1.246399
v 1.048500 10.503695 1.748901
v 1.046000 10.365294 1.834901
v 1.057400 9.926495 2.021301
v 1.062100 10.757994 0.814001
v 1.061700 10.735094 0.619801
v 1.045000 10.734194 -0.119699
v 1.053100 10.685493 1.581401
v 1.061500 10.750093 1.456301
v 1.047400 10.594494 1.682501
v 1.063600 10.780193 1.321001
v 1.062100 10.787394 1.064301
v 1.067700 10.702394 0.817701
v 1.067100 10.627493 0.612101
v 1.068200 10.766294 1.316201
v 1.068400 10.752295 1.020701
v 0.947800 10.613693 -0.905299
v 1.016800 10.470993 -0.341199
v 1.001700 10.505594 -0.544099
v 1.048900 10.463194 0.026201
v 1.033000 10.458893 -0.174299
v 1.067200 10.738094 1.349601
v 1.067400 10.661993 1.387901
v 1.067400 10.707794 1.377901
v 1.062700 9.932095 1.298301
v 1.065500 9.790594 1.301601
v 1.065500 9.704693 1.318101
v 0.000000 1.331993 2.844800
v 0.000000 1.324293 2.842900
v 0.413000 1.328294 2.841399
v 0.447700 1.343093 2.843400
v 0.000000 1.452693 2.865099
v 0.493200 1.417593 2.855799
v 0.000000 1.537793 2.878999
v 0.514300 1.496893 2.868599
v 0.983800 10.541193 -0.704599
v 1.059300 10.489494 0.223201
v 1.064800 10.545593 0.431101
v 1.067100 9.388094 2.246201
v 1.005600 9.392893 2.299301
v 0.914100 9.388193 2.343001
v 0.850100 10.797693 -0.449199
v 0.000000 10.815794 -0.450499
v 0.000000 10.797995 -1.382999
v 0.726300 10.808794 -1.381699
v 0.705700 10.724693 -1.592799
v 0.710400 10.768194 -1.553499
v 0.000000 10.763494 -1.551299
v 0.000000 10.721594 -1.589399
v 0.714900 10.397093 -1.522999
v 0.000000 10.401493 -1.522199
v 0.000000 10.359394 -1.268499
v 0.727200 10.355694 -1.269399
v 0.000000 10.625593 -1.620999
v 0.000000 10.590494 -1.623899
v 0.701300 10.590494 -1.627199
v 0.701500 10.626793 -1.624199
v 0.000000 10.678993 -1.609999
v 0.703300 10.681494 -1.612999
v 0.000000 10.555494 -1.620999
v 0.000000 10.502493 -1.609999
v 0.703200 10.499994 -1.612899
v 0.701500 10.554295 -1.624199
v 0.705500 10.455793 -1.593199
v 0.000000 10.459494 -1.590799
v 0.000000 10.420994 -1.559799
v 0.710200 10.416094 -1.561399
v 0.906000 10.047493 2.031701
v -0.006400 9.992393 2.051901
v -0.006400 10.442394 1.861201
v 0.905900 10.443193 1.859301
v 0.881600 10.797394 -0.282699
v 0.000000 10.817093 -0.294399
v 0.000000 10.770693 1.608201
v 0.911400 10.750793 1.604301
v 0.911600 10.671494 1.699201
v 0.000000 10.687494 1.709801
v 0.000000 10.826994 1.487301
v 0.911700 10.806395 1.485201
v 0.000000 10.821293 0.620301
v 0.913000 10.801394 0.620601
v 0.913200 10.812494 0.819801
v 0.000000 10.834993 0.823801
v 0.000000 10.817093 -0.121299
v 0.912100 10.795694 -0.120499
v 0.000000 10.618195 1.762901
v 0.912300 10.589594 1.761501
v 0.000000 10.855993 1.356301
v 0.912000 10.835094 1.355401
v -0.006400 8.935595 2.452101
v 0.729600 8.937893 2.424401
v 0.660700 7.887993 2.767601
v -0.006400 7.885494 2.785400
v 0.664700 7.202293 2.914300
v -0.006400 7.200593 2.938300
v 0.636800 6.183194 3.063100
v -0.006400 6.183194 3.092500
v 0.620500 5.282494 3.142200
v -0.006400 5.282393 3.164900
v 0.595500 4.426593 3.135800
v -0.006400 4.427194 3.161400
v 0.576800 3.655793 3.086800
v -0.006400 3.656693 3.115700
v 0.547100 2.246493 2.956000
v 0.000000 2.247993 2.952700
v 0.000000 1.670393 2.864200
v 0.530500 1.668993 2.867199
v 0.526300 1.509294 2.841700
v 0.000000 1.555593 2.845400
v 0.000000 10.857994 1.228101
v 0.913100 10.839394 1.228201
v 0.766800 9.134094 2.350301
v -0.006400 9.064594 2.404001
v -0.006400 9.367893 2.282701
v 0.904900 9.356995 2.244901
v 0.929400 10.765894 -0.447499
v 0.961000 10.764593 -0.279099
v 0.989600 10.551294 1.758101
v 0.989000 10.409693 1.836901
v 0.991300 10.024294 2.001601
v 0.992600 10.781294 0.816501
v 0.992800 10.768394 0.620501
v 0.989700 10.758194 -0.119399
v 0.989400 10.774994 1.476101
v 0.988400 10.719093 1.597401
v 0.988600 10.636793 1.694601
v 0.990000 10.803194 1.344601
v 0.992100 10.806194 1.135901
v 0.967000 10.707193 -0.444999
v 0.995700 10.705494 -0.271699
v 0.815400 10.770893 -1.246599
v 0.873200 10.707994 -1.126999
v 1.039500 10.501993 1.748001
v 1.025400 10.357994 1.803801
v 1.027400 9.984594 1.977301
v 1.032400 10.731394 0.814801
v 1.031700 10.709093 0.620201
v 1.012000 10.721594 -0.118999
v 1.031000 10.724594 1.453801
v 1.024100 10.661394 1.576801
v 1.037800 10.593494 1.682101
v 1.033800 10.754694 1.320201
v 1.032500 10.759995 1.064901
v 1.036200 10.701794 0.817401
v 1.036300 10.627193 0.612501
v 1.035900 10.747894 1.021601
v 1.034100 10.754293 1.319801
v 0.922000 10.598694 -0.901399
v 0.972200 10.500195 -0.541399
v 0.987900 10.474993 -0.336699
v 1.019700 10.468994 0.027401
v 1.003900 10.466093 -0.171199
v 1.036500 10.735893 1.349701
v 1.035900 10.660793 1.388001
v 1.036000 10.704994 1.378301
v 1.040300 9.931993 1.298301
v 1.037500 9.790594 1.301601
v 1.036600 9.704294 1.317801
v 0.415500 1.330693 2.812400
v 0.000000 1.328794 2.809900
v 0.000000 1.350493 2.811300
v 0.456000 1.347594 2.815500
v 0.000000 1.470494 2.831500
v 0.504300 1.427094 2.828200
v 0.955800 10.530594 -0.700799
v 1.030700 10.491594 0.223801
v 1.037100 10.543993 0.431201
v 1.028700 9.596594 2.134301
v 0.989400 9.602594 2.169101
v 0.912100 9.603193 2.218901
v -0.006400 9.603193 2.230901
v 0.715100 10.732193 -1.601099
v 0.713900 10.762594 -1.633799
v 0.717900 10.812393 -1.583299
v 0.719800 10.779594 -1.560999
v 0.723600 10.803894 -1.511899
v 0.723100 10.833294 -1.523999
v 0.727000 10.843294 -1.457099
v 0.727500 10.824493 -1.452499
v 0.000000 10.343994 -1.258899
v 0.000000 10.318693 -1.259699
v 0.728100 10.321095 -1.262199
v 0.728200 10.342194 -1.261599
v 0.735900 10.321693 -1.269599
v 0.722800 10.354895 -1.527699
v 0.724000 10.378994 -1.524899
v 0.736000 10.343594 -1.269099
v 0.710800 10.590494 -1.635499
v 0.710100 10.590494 -1.683099
v 0.710600 10.640394 -1.677799
v 0.711100 10.628494 -1.632099
v 0.711500 10.709993 -1.662399
v 0.712700 10.686394 -1.621699
v 0.713900 10.418493 -1.633799
v 0.711500 10.470894 -1.662499
v 0.712600 10.494993 -1.621499
v 0.715100 10.448895 -1.601099
v 0.718100 10.372494 -1.584199
v 0.719700 10.403994 -1.567799
v 0.736200 9.003593 2.509101
v 0.691400 7.975493 2.848500
v 0.679600 7.904093 2.772701
v 0.734400 8.938993 2.433201
v 0.674500 7.242894 3.030601
v 0.677700 7.208793 2.924401
v 0.650000 6.204593 3.172500
v 0.650100 6.186993 3.073700
v 0.619100 5.288193 3.240400
v 0.631800 5.284493 3.150100
v 0.603400 4.422093 3.231000
v 0.609600 4.425993 3.147600
v 0.582800 3.645793 3.165300
v 0.590200 3.654094 3.097700
v 0.554100 2.234694 2.981600
v 0.555900 2.240993 2.968000
v 0.532900 1.500093 2.860300
v 0.532900 1.505594 2.849900
v 0.540600 1.665393 2.874300
v 0.540600 1.658494 2.887800
v 0.916800 9.372593 2.338901
v 0.783200 9.190794 2.436501
v 0.775200 9.135494 2.354801
v 0.916200 9.356693 2.250701
v 0.817300 10.786194 -1.256599
v 0.822800 10.809393 -1.256899
v 0.883300 10.737093 -1.137099
v 0.875000 10.719793 -1.136499
v 1.058900 10.608494 0.611101
v 1.058900 10.683893 0.818901
v 1.044000 10.683794 0.818901
v 1.044100 10.608593 0.611101
v 1.042700 10.733294 1.012401
v 1.060500 10.734293 1.012401
v 1.059800 10.744894 1.311401
v 1.043300 10.744093 1.311301
v 0.940400 10.609993 -0.913799
v 0.927800 10.602394 -0.911999
v 0.981000 10.489494 -0.548199
v 0.994200 10.491894 -0.549199
v 1.006500 10.457893 -0.343599
v 0.993700 10.460394 -0.341799
v 1.023900 10.446795 -0.176799
v 1.041000 10.454193 0.033401
v 1.027800 10.456793 0.034101
v 1.010900 10.449293 -0.175499
v 1.059200 10.733994 1.339001
v 1.043700 10.733694 1.338901
v 1.043400 10.699493 1.366801
v 1.059500 10.699594 1.366801
v 1.060800 10.659494 1.372401
v 1.042100 10.659494 1.372501
v 1.056500 9.919094 1.295301
v 1.046500 9.919094 1.295301
v 1.057700 9.779293 1.296001
v 1.045300 9.779293 1.296001
v 1.057500 9.696095 1.311901
v 1.045500 9.695494 1.311301
v 1.057300 9.398994 1.609401
v 1.058400 9.378494 2.248901
v 1.050600 9.376194 2.242901
v 1.044700 9.398794 1.609401
v 0.416300 1.318493 2.820300
v 0.416300 1.313993 2.828900
v 0.000000 1.300793 2.829400
v 0.000000 1.307894 2.815900
v 0.464800 1.339793 2.834899
v 0.464800 1.346093 2.822999
v 0.512200 1.424793 2.836100
v 0.512200 1.418694 2.847500
v 0.976700 10.533293 -0.712699
v 0.963500 10.528694 -0.710999
v 1.052500 10.484493 0.232501
v 1.038800 10.485994 0.232801
v 1.058300 10.542694 0.440801
v 1.044700 10.542593 0.440901
v 1.006000 9.381994 2.299101
v 0.995200 9.362293 2.247401
v 1.041600 9.376493 2.231001
v 0.993500 9.374994 2.235301
v 0.908700 9.376093 2.245601
v 0.518500 1.655093 2.895200
v 0.204600 1.641793 2.896500
v 0.000000 1.621994 2.894099
v 0.539000 2.007694 2.922600
v 0.000000 2.008793 2.919500
v 0.549100 1.997194 2.943200
v 0.549100 2.004093 2.929699
v 0.156200 9.014694 2.547201
v 0.000000 9.016594 2.548801
v 0.000000 7.983494 2.898401
v 0.152300 7.983393 2.898401
v 0.000000 7.236393 3.076300
v 0.152500 7.235493 3.074701
v 0.154400 6.190693 3.217400
v 0.000000 6.191293 3.219200
v 0.000000 5.264194 3.289200
v 0.152200 5.263994 3.287600
v 0.153800 4.389393 3.277000
v 0.000000 4.389093 3.278900
v 0.000000 3.605793 3.212800
v 0.153900 3.606393 3.210900
v 0.155900 9.205294 2.473701
v 0.000000 9.207193 2.475201
v 0.232800 9.597994 2.300601
v 0.162300 9.598593 2.300901
v 0.125800 9.584394 2.306901
v 0.260800 9.561693 2.316301
v 0.089200 9.553595 2.319901
v 0.160300 9.411394 2.379801
v 0.259600 9.554193 2.319101
v 0.257300 9.575094 2.310601
v 0.156300 1.946293 2.989500
v 0.000000 1.945194 2.991600
v 0.000000 1.653293 2.941299
v 0.155700 1.654893 2.940099
v 0.000000 9.394394 2.390601
v 0.156200 9.399193 2.385401
v 0.312300 9.549793 2.287101
v 0.307300 9.512594 2.302401
v 0.169600 9.014494 2.539701
v 0.160400 7.988293 2.895801
v 0.173400 7.989893 2.882500
v 0.178700 9.012094 2.524001
v 0.161000 7.240493 3.072401
v 0.174200 7.245193 3.057200
v 0.165800 6.195394 3.213100
v 0.177000 6.203094 3.194600
v 0.160200 5.269794 3.286300
v 0.174800 5.282593 3.269200
v 0.164400 4.395494 3.274300
v 0.176900 4.413893 3.254600
v 0.164700 3.612894 3.208300
v 0.177300 3.635393 3.188200
v 0.168000 2.194493 3.021100
v 0.179500 2.220093 3.000100
v 0.169100 1.955194 2.982899
v 0.180400 1.981894 2.961900
v 0.178700 1.666693 2.909499
v 0.167700 1.657794 2.932600
v 0.000000 9.514793 2.310901
v 0.000000 9.507294 2.332201
v 0.081100 9.566294 2.306101
v 0.075600 9.569893 2.286501
v 0.120300 9.597294 2.291801
v 0.116000 9.601793 2.271701
v 0.160500 9.612194 2.285201
v 0.159000 9.617495 2.264401
v 0.236600 9.609095 2.284601
v 0.239800 9.613995 2.263801
v 0.268200 9.582193 2.297501
v 0.276400 9.582594 2.279201
v 0.275100 9.559093 2.307501
v 0.284800 9.553194 2.293101
v 0.271400 9.540995 2.313301
v 0.279900 9.529793 2.302501
v 0.180400 9.406094 2.372301
v 0.187100 9.399094 2.362401
v 0.171500 9.381294 2.384701
v 0.169100 9.205894 2.466401
v 0.178300 9.203894 2.450501
v 0.179600 9.373693 2.373201
v 0.000000 9.919994 2.127501
v 0.000000 9.539595 2.292201
v 0.060000 9.590994 2.268701
v 0.103600 9.627394 2.253001
v 0.150500 9.644894 2.245801
v 0.301300 9.596394 2.266901
v 0.906700 9.906694 2.117801
v 0.256700 9.637493 2.249101
v 1.046300 9.754993 1.923901
v 1.046100 9.815193 1.937001
v 1.060200 9.815193 1.937001
v 1.059900 9.755095 1.923701
v 1.059500 9.924894 1.705601
v 1.045600 9.925095 1.705601
v 1.045100 9.874693 1.666801
v 1.059700 9.874393 1.667001
v 1.045800 9.677294 1.827101
v 1.046300 9.705093 1.884601
v 1.059600 9.704893 1.884701
v 1.059400 9.677094 1.827001
v 0.000000 9.930893 2.122601
v 1.038500 9.892193 1.932701
v 1.039400 9.805994 1.949401
v 1.059800 9.875393 1.923801
v 1.046200 9.875393 1.923701
v 1.046300 9.925694 1.884701
v 1.059600 9.925095 1.884501
v 1.046300 9.954393 1.827101
v 1.059400 9.954294 1.827101
v 1.046000 9.954393 1.762901
v 1.059400 9.954294 1.762901
v 1.044500 9.815193 1.652901
v 1.060100 9.815193 1.653101
v 1.044600 9.754894 1.666101
v 1.059900 9.754793 1.666101
v 1.059600 9.704494 1.705301
v 1.045000 9.704693 1.705301
v 1.045200 9.676693 1.763001
v 1.059400 9.676594 1.762901
v 1.066500 9.741594 1.935001
v 1.067200 9.826193 1.948701
v 1.067600 9.883993 1.935701
v 1.067200 9.930294 1.895801
v 1.066400 9.691994 1.894901
v 1.066500 9.664993 1.836801
v 1.065600 9.407194 1.616201
v 1.066900 9.659094 1.755601
v 1.066100 9.425894 1.536201
v 1.066700 9.688093 1.696801
v 1.045200 9.505394 1.410501
v 1.045600 9.582794 1.357101
v 1.057300 9.582794 1.357101
v 1.057700 9.505493 1.410501
v 1.057900 9.440193 1.481601
v 1.045000 9.440094 1.481601
v 1.058200 9.415394 1.529001
v 1.044700 9.415194 1.529001
v 1.066000 9.450094 1.488301
v 1.066700 9.738894 1.656401
v 1.065800 9.513294 1.417601
v 1.066800 9.804693 1.640901
v 1.065500 9.588093 1.364001
v 1.067100 9.870893 1.654701
v 1.067100 9.946194 1.708901
v 1.066800 9.975494 1.765801
v 1.066900 9.976294 1.828001
v 1.038200 9.946293 1.708701
v 1.036200 9.701494 1.318301
v 1.036600 9.699093 1.319201
v 1.038000 9.874495 1.653801
v 1.038600 9.975494 1.765401
v 1.037400 9.586893 1.364301
v 1.038000 9.807894 1.639901
v 1.037200 9.511395 1.418301
v 1.037900 9.742594 1.654901
v 1.037100 9.447693 1.489401
v 1.037800 9.690193 1.695801
v 1.037600 9.405794 1.617401
v 1.039400 9.691195 1.894701
v 1.038400 9.661093 1.819301
v 1.036900 9.423594 1.537301
v 1.037900 9.662193 1.754101
v 1.039700 9.744595 1.935701
v 1.038600 9.935793 1.895201
v 1.038200 9.976194 1.828701
v 0.000000 2.185493 3.028500
v 0.155700 2.186493 3.026500
v 0.000000 1.646793 2.907500
v 0.167800 1.652093 2.907099
v 0.158700 1.643793 2.930099
v 0.000000 1.640293 2.930700
v 0.773500 10.847994 -1.314599
v 0.765600 10.802694 -1.314399
v 0.779300 10.830593 -1.320799
v 0.776900 10.815094 -1.320599
v 0.735900 10.818193 -1.388699
v 0.737300 10.851494 -1.389399
v 0.000000 10.797594 -1.445299
v 0.717300 10.809294 -1.448599
v 0.704100 10.764894 -1.639899
v 0.000000 10.768993 -1.641799
v 0.714000 10.792593 -1.506499
v 0.000000 10.786194 -1.505699
v 0.711100 10.552494 -1.632099
v 0.710600 10.540693 -1.677799
v 0.158100 9.405294 2.382501
v 0.000000 9.481594 2.351701
v 0.192700 1.652493 2.898499
v 0.174800 9.393293 2.377501
v 0.194000 9.384594 2.359701
v 0.182000 9.386093 2.366601
v 0.716500 9.006893 2.511701
v 0.682900 7.978293 2.861701
v 0.189100 7.982294 2.866601
v 0.192800 9.011194 2.515801
v 0.664800 7.239693 3.035901
v 0.189300 7.242293 3.041200
v 0.641500 6.203693 3.177400
v 0.191200 6.205194 3.182800
v 0.611800 5.286694 3.248200
v 0.189200 5.286793 3.252500
v 0.596300 4.422894 3.236700
v 0.190800 4.421693 3.242100
v 0.577200 3.647294 3.171100
v 0.190900 3.645093 3.176400
v 0.544100 2.231993 2.987200
v 0.192600 2.229293 2.992400
v 0.539100 1.993494 2.950500
v 0.193300 1.990593 2.955699
v 0.192600 9.202593 2.441901
v 0.763700 9.199694 2.437701
v 0.415500 1.316494 2.839200
v 0.000000 1.312494 2.840699
v 0.456000 1.333793 2.841700
v 0.504300 1.412894 2.854899
v 0.526300 1.495293 2.868299
v 0.530500 1.654893 2.895000
v 0.000000 1.633893 2.896199
v 0.295800 9.516794 2.300801
v 0.300100 9.549395 2.287601
v 0.068200 9.582893 2.272101
v 0.000000 9.524494 2.298701
v 0.110100 9.617893 2.257001
v 0.152400 9.633793 2.250701
v 0.251400 9.626894 2.253901
v 0.290300 9.590994 2.269601
v -0.716400 10.854294 -1.460799
v -0.727300 10.859795 -1.382499
v -0.708100 10.816093 -1.589299
v -0.713400 10.842094 -1.529199
v -0.727200 10.309895 -1.270699
v -0.712900 10.345093 -1.529099
v -0.700900 10.539694 -1.684399
v -0.700100 10.590494 -1.689099
v -0.700900 10.641294 -1.684399
v -0.701500 10.710993 -1.667899
v -0.704000 10.416294 -1.639899
v -0.701500 10.469793 -1.667999
v -0.708100 10.367393 -1.589299
v -0.855600 10.857695 -0.450099
v -0.887200 10.857393 -0.283699
v -0.917200 10.806793 1.615401
v -0.917400 10.722294 1.716301
v -0.917500 10.865093 1.491201
v -0.918600 10.861494 0.619901
v -0.918500 10.872694 0.818401
v -0.918000 10.855394 -0.120999
v -0.917900 10.634893 1.783001
v -0.917500 10.489893 1.863801
v -0.917600 10.894894 1.357601
v -0.670900 7.978594 2.861701
v -0.201100 7.982193 2.866500
v -0.204800 9.011093 2.515701
v -0.711200 9.008394 2.511301
v -0.660900 7.239994 3.036000
v -0.201300 7.242293 3.041000
v -0.629500 6.203993 3.177500
v -0.203200 6.205194 3.182600
v -0.611800 5.287094 3.245800
v -0.201200 5.286793 3.252300
v -0.584300 4.423294 3.236900
v -0.202800 4.421693 3.241900
v -0.565200 3.647593 3.171300
v -0.202900 3.645093 3.176200
v -0.532100 2.232193 2.987500
v -0.204600 2.229393 2.992200
v -0.527100 1.993693 2.950700
v -0.205300 1.990694 2.955499
v -0.918200 10.899694 1.227701
v -0.206000 9.380894 2.361001
v -0.902100 9.391693 2.341601
v -0.759200 9.204193 2.435801
v -0.204600 9.202494 2.441801
v -0.945300 10.819094 -0.450199
v -0.976800 10.817293 -0.282099
v -1.006200 10.591093 1.777101
v -1.004800 10.444494 1.858601
v -0.918800 9.917395 2.112701
v -1.007400 9.925795 2.079501
v -1.008700 10.821293 0.619701
v -1.007700 10.835094 0.814901
v -1.005300 10.809895 -0.120899
v -1.005300 10.768194 1.607301
v -1.006000 10.826694 1.481501
v -1.005400 10.681395 1.709801
v -1.006100 10.856094 1.346601
v -1.006700 10.860594 1.135401
v -0.996100 10.734493 -0.449099
v -1.024800 10.730093 -0.277299
v -0.887200 10.740894 -1.127899
v -0.824800 10.817394 -1.246399
v -1.048500 10.503695 1.748901
v -1.046000 10.365294 1.834901
v -1.057400 9.926495 2.021301
v -1.061700 10.735094 0.619801
v -1.062100 10.757994 0.814001
v -1.045000 10.734194 -0.119699
v -1.053100 10.685493 1.581401
v -1.061500 10.750093 1.456301
v -1.047400 10.594494 1.682501
v -1.063600 10.780193 1.321001
v -1.062100 10.787394 1.064301
v -1.067100 10.627493 0.612101
v -1.067700 10.702394 0.817701
v -1.068200 10.766294 1.316201
v -1.068400 10.752295 1.020701
v -0.947800 10.613693 -0.905299
v -1.016800 10.470993 -0.341199
v -1.001700 10.505594 -0.544099
v -1.033000 10.458893 -0.174299
v -1.048900 10.463194 0.026201
v -1.067200 10.738094 1.349601
v -1.067400 10.707794 1.377901
v -1.067400 10.661993 1.387901
v -1.062700 9.932095 1.298301
v -1.065500 9.790594 1.301601
v -1.065500 9.704693 1.318101
v -0.447700 1.343093 2.843400
v -0.413000 1.328294 2.841399
v -0.493200 1.417593 2.855799
v -0.514300 1.496893 2.868599
v -0.983800 10.541193 -0.704599
v -1.059300 10.489494 0.223201
v -1.064800 10.545593 0.431101
v -1.067100 9.388094 2.246201
v -1.005600 9.392893 2.299301
v -0.914100 9.388193 2.343001
v -0.850100 10.797693 -0.449199
v -0.726300 10.808794 -1.381699
v -0.705700 10.724693 -1.592799
v -0.710400 10.768194 -1.553499
v -0.714900 10.397093 -1.522999
v -0.727200 10.355694 -1.269399
v -0.701500 10.626793 -1.624199
v -0.701300 10.590494 -1.627199
v -0.703300 10.681494 -1.612999
v -0.701500 10.554295 -1.624199
v -0.703200 10.499994 -1.612899
v -0.705500 10.455793 -1.593199
v -0.710200 10.416094 -1.561399
v -0.918900 10.047493 2.031701
v -0.918800 10.443193 1.859301
v -0.881600 10.797394 -0.282699
v -0.911600 10.671494 1.699201
v -0.911400 10.750793 1.604301
v -0.911700 10.806395 1.485201
v -0.913200 10.812494 0.819801
v -0.913000 10.801394 0.620601
v -0.912100 10.795694 -0.120499
v -0.912300 10.589594 1.761501
v -0.912000 10.835094 1.355401
v -0.682000 7.904793 2.757601
v -0.729400 8.937893 2.427001
v -0.654900 7.202293 2.918601
v -0.646100 6.183194 3.066600
v -0.619400 5.284493 3.138300
v -0.597800 4.426593 3.134300
v -0.585600 3.655793 3.089500
v -0.547100 2.246493 2.956000
v -0.526300 1.509294 2.841700
v -0.530500 1.668993 2.867199
v -0.913100 10.839394 1.228201
v -0.777600 9.140293 2.342501
v -0.910600 9.361094 2.241301
v -0.929400 10.765894 -0.447499
v -0.961000 10.764593 -0.279099
v -0.989600 10.551294 1.758101
v -0.989000 10.409693 1.836901
v -0.991300 10.024294 2.001601
v -0.992600 10.781294 0.816501
v -0.992800 10.768394 0.620501
v -0.989700 10.758194 -0.119399
v -0.989400 10.774994 1.476101
v -0.988400 10.719093 1.597401
v -0.988600 10.636793 1.694601
v -0.990000 10.803194 1.344601
v -0.992100 10.806194 1.135901
v -0.967000 10.707193 -0.444999
v -0.995700 10.705494 -0.271699
v -0.873200 10.707994 -1.126999
v -0.815400 10.770893 -1.246599
v -1.039500 10.501993 1.748001
v -1.025400 10.357994 1.803801
v -1.027400 9.984594 1.977301
v -1.032400 10.731394 0.814801
v -1.031700 10.709093 0.620201
v -1.012000 10.721594 -0.118999
v -1.031000 10.724594 1.453801
v -1.024100 10.661394 1.576801
v -1.037800 10.593494 1.682101
v -1.033800 10.754694 1.320201
v -1.032500 10.759995 1.064901
v -1.036200 10.701794 0.817401
v -1.036300 10.627193 0.612501
v -1.035900 10.747894 1.021601
v -1.034100 10.754293 1.319801
v -0.922000 10.598694 -0.901399
v -0.987900 10.474993 -0.336699
v -0.972200 10.500195 -0.541399
v -1.019700 10.468994 0.027401
v -1.003900 10.466093 -0.171199
v -1.036500 10.735893 1.349701
v -1.035900 10.660793 1.388001
v -1.035900 10.704994 1.378301
v -1.040300 9.931993 1.298301
v -1.037500 9.790594 1.301601
v -1.036600 9.704294 1.317801
v -0.415500 1.330693 2.812400
v -0.456000 1.347594 2.815500
v -0.504300 1.427094 2.828200
v -0.955800 10.530594 -0.700799
v -1.030700 10.491594 0.223801
v -1.037100 10.543993 0.431201
v -1.028700 9.596594 2.134301
v -0.989300 9.602594 2.169101
v -0.924900 9.603193 2.218901
v -0.715100 10.732193 -1.601099
v -0.719800 10.779594 -1.560999
v -0.717900 10.812393 -1.583299
v -0.713900 10.762594 -1.633799
v -0.723600 10.803894 -1.511899
v -0.727500 10.824493 -1.452499
v -0.727000 10.843294 -1.457099
v -0.723100 10.833294 -1.523999
v -0.728200 10.342194 -1.261599
v -0.728100 10.321095 -1.262199
v -0.735900 10.321693 -1.269599
v -0.736000 10.343594 -1.269099
v -0.724000 10.378994 -1.524899
v -0.722800 10.354895 -1.527699
v -0.710800 10.590494 -1.635499
v -0.711100 10.628494 -1.632099
v -0.710600 10.640394 -1.677799
v -0.710100 10.590494 -1.683099
v -0.712700 10.686394 -1.621699
v -0.711500 10.709993 -1.662399
v -0.713900 10.418493 -1.633799
v -0.715100 10.448895 -1.601099
v -0.712600 10.494993 -1.621499
v -0.711500 10.470894 -1.662499
v -0.719700 10.403994 -1.567799
v -0.718100 10.372494 -1.584199
v -0.742900 9.003593 2.509101
v -0.736200 8.938993 2.432301
v -0.690600 7.904093 2.766100
v -0.690900 7.975493 2.857301
v -0.673500 7.208793 2.924600
v -0.678400 7.242894 3.028600
v -0.652000 6.184193 3.069000
v -0.647700 6.204593 3.172800
v -0.627200 5.284493 3.143600
v -0.628300 5.288193 3.242000
v -0.603800 4.425993 3.140800
v -0.602200 4.422093 3.231000
v -0.590200 3.654094 3.096800
v -0.580200 3.645793 3.165700
v -0.555900 2.240993 2.968000
v -0.554100 2.234694 2.981600
v -0.532900 1.500093 2.860300
v -0.540600 1.658494 2.887800
v -0.540600 1.665393 2.874300
v -0.532900 1.505594 2.849900
v -0.916800 9.372593 2.338901
v -0.916200 9.356693 2.248701
v -0.776700 9.135494 2.354501
v -0.789900 9.190794 2.436501
v -0.817300 10.786194 -1.256599
v -0.875000 10.719793 -1.136499
v -0.883300 10.737093 -1.137099
v -0.822800 10.809393 -1.256899
v -1.058900 10.608494 0.611101
v -1.044100 10.608593 0.611101
v -1.044000 10.683794 0.818901
v -1.058900 10.683893 0.818901
v -1.042700 10.733294 1.012401
v -1.043200 10.744093 1.311301
v -1.059800 10.744894 1.311401
v -1.060500 10.734293 1.012401
v -0.927800 10.602394 -0.911999
v -0.940400 10.609993 -0.913799
v -0.981000 10.489494 -0.548199
v -0.993700 10.460394 -0.341799
v -1.006500 10.457893 -0.343599
v -0.994200 10.491894 -0.549199
v -1.023900 10.446795 -0.176799
v -1.010900 10.449293 -0.175499
v -1.027800 10.456793 0.034101
v -1.041000 10.454193 0.033401
v -1.043700 10.733694 1.338901
v -1.059200 10.733994 1.339001
v -1.043400 10.699493 1.366801
v -1.042100 10.659494 1.372501
v -1.060800 10.659494 1.372401
v -1.059500 10.699594 1.366801
v -1.046500 9.919094 1.295301
v -1.056500 9.919094 1.295301
v -1.045300 9.779293 1.296001
v -1.057700 9.779293 1.296001
v -1.045500 9.695494 1.311301
v -1.057500 9.696095 1.311901
v -1.057300 9.398994 1.609401
v -1.044700 9.398794 1.609401
v -1.050600 9.376194 2.242901
v -1.058400 9.378494 2.248901
v -0.416300 1.318493 2.820300
v -0.416300 1.313993 2.828900
v -0.464800 1.339793 2.834899
v -0.464800 1.346093 2.822999
v -0.512200 1.424793 2.836100
v -0.512200 1.418694 2.847500
v -0.976700 10.533293 -0.712699
v -0.963500 10.528694 -0.710999
v -1.038800 10.485994 0.232801
v -1.052500 10.484493 0.232501
v -1.044700 10.542593 0.440901
v -1.058300 10.542694 0.440801
v -0.995200 9.362293 2.247401
v -1.006000 9.381994 2.299101
v -0.993500 9.374994 2.235301
v -1.041600 9.367193 2.231001
v -0.921500 9.376093 2.240101
v -0.518500 1.655093 2.895200
v -0.204600 1.641793 2.896500
v -0.539000 2.007694 2.922600
v -0.549100 1.997194 2.943200
v -0.549100 2.004093 2.929699
v -0.156200 9.014694 2.547201
v -0.152300 7.983393 2.898401
v -0.152500 7.235493 3.074701
v -0.154400 6.190693 3.217400
v -0.152200 5.263994 3.287600
v -0.153800 4.389393 3.277000
v -0.153900 3.606393 3.210900
v -0.155900 9.205294 2.473701
v -0.260800 9.561693 2.316301
v -0.259600 9.554193 2.319101
v -0.160300 9.411394 2.379801
v -0.125800 9.584394 2.306901
v -0.089200 9.553595 2.319901
v -0.162300 9.598593 2.300901
v -0.232800 9.597994 2.300601
v -0.257300 9.575094 2.310601
v -0.156300 1.946293 2.989500
v -0.155700 1.654893 2.940099
v -0.156200 9.399193 2.385401
v -0.307300 9.512594 2.302401
v -0.312300 9.549793 2.287101
v -0.169600 9.014494 2.539701
v -0.178700 9.012094 2.524001
v -0.173400 7.989893 2.882500
v -0.160400 7.988293 2.895801
v -0.174200 7.245193 3.057200
v -0.161000 7.240493 3.072401
v -0.177000 6.203094 3.194600
v -0.165800 6.195394 3.213100
v -0.174800 5.282593 3.269200
v -0.160200 5.269794 3.286300
v -0.176900 4.413893 3.254600
v -0.164400 4.395494 3.274300
v -0.177300 3.635393 3.188200
v -0.164700 3.612894 3.208300
v -0.179500 2.220093 3.000100
v -0.168000 2.194493 3.021100
v -0.180400 1.981894 2.961900
v -0.169100 1.955194 2.982899
v -0.178700 1.666693 2.909499
v -0.167700 1.657794 2.932600
v -0.075600 9.569893 2.286501
v -0.081100 9.566294 2.306101
v -0.116000 9.601793 2.271701
v -0.120300 9.597294 2.291801
v -0.159000 9.617495 2.264401
v -0.160500 9.612194 2.285201
v -0.239800 9.613995 2.263801
v -0.236600 9.609095 2.284601
v -0.276400 9.582594 2.279201
v -0.268200 9.582193 2.297501
v -0.284800 9.553194 2.293101
v -0.275100 9.559093 2.307501
v -0.279900 9.529793 2.302501
v -0.271400 9.540995 2.313301
v -0.187100 9.399094 2.362401
v -0.180300 9.406094 2.372301
v -0.171500 9.381294 2.384701
v -0.179600 9.373693 2.373201
v -0.178300 9.203894 2.450501
v -0.169100 9.205894 2.466401
v -0.150500 9.644894 2.245801
v -0.103600 9.627394 2.253001
v -0.060000 9.590994 2.268701
v -0.301300 9.596394 2.266901
v -0.256700 9.637493 2.249101
v -0.906700 9.906694 2.117801
v -1.046300 9.754993 1.923901
v -1.059900 9.755095 1.923701
v -1.060200 9.815294 1.937001
v -1.046100 9.815193 1.937001
v -1.059500 9.924894 1.705601
v -1.059700 9.874393 1.667001
v -1.045100 9.874693 1.666801
v -1.045600 9.925095 1.705601
v -1.045800 9.677294 1.827101
v -1.059400 9.677094 1.827001
v -1.059600 9.704893 1.884701
v -1.046300 9.705093 1.884601
v -1.039400 9.805994 1.949401
v -1.038500 9.892193 1.932701
v -1.059800 9.875393 1.923801
v -1.046200 9.875393 1.923701
v -1.046300 9.925694 1.884701
v -1.059600 9.925095 1.884501
v -1.046300 9.954393 1.827101
v -1.059400 9.954294 1.827101
v -1.046000 9.954393 1.762901
v -1.059400 9.954294 1.762901
v -1.060100 9.815193 1.653101
v -1.044500 9.815193 1.652901
v -1.044600 9.754894 1.666101
v -1.059900 9.754793 1.666101
v -1.059600 9.704494 1.705301
v -1.045000 9.704693 1.705301
v -1.059400 9.676594 1.762901
v -1.045200 9.676693 1.763001
v -1.067200 9.826193 1.948701
v -1.066500 9.741594 1.935001
v -1.067200 9.930294 1.895801
v -1.067600 9.883993 1.935701
v -1.066400 9.691994 1.894901
v -1.066500 9.664993 1.836801
v -1.066900 9.659094 1.755601
v -1.065600 9.407194 1.616201
v -1.066700 9.688093 1.696801
v -1.066100 9.425894 1.536201
v -1.045200 9.505394 1.410501
v -1.057700 9.505493 1.410501
v -1.057300 9.582794 1.357101
v -1.045600 9.582794 1.357101
v -1.045000 9.440094 1.481601
v -1.057900 9.440193 1.481601
v -1.044700 9.415194 1.529001
v -1.058200 9.415394 1.529001
v -1.066700 9.738894 1.656401
v -1.066000 9.450094 1.488301
v -1.066800 9.804693 1.640901
v -1.065800 9.513294 1.417601
v -1.067100 9.870893 1.654701
v -1.065500 9.588093 1.364001
v -1.067100 9.946194 1.708901
v -1.066800 9.975494 1.765801
v -1.066900 9.976294 1.828001
v -1.038200 9.946293 1.708701
v -1.038000 9.874495 1.653801
v -1.036600 9.699093 1.319201
v -1.036200 9.701494 1.318301
v -1.038600 9.975494 1.765401
v -1.038000 9.807894 1.639901
v -1.037400 9.586893 1.364301
v -1.037900 9.742594 1.654901
v -1.037200 9.511395 1.418301
v -1.037800 9.690193 1.695801
v -1.037100 9.447693 1.489401
v -1.037600 9.405794 1.617401
v -1.038400 9.661093 1.819301
v -1.039400 9.691195 1.894701
v -1.036900 9.423594 1.537301
v -1.037900 9.662193 1.754101
v -1.039700 9.744595 1.935701
v -1.038600 9.935793 1.895201
v -1.038200 9.976194 1.828701
v -0.155700 2.186493 3.026500
v -0.158700 1.643793 2.930099
v -0.167800 1.652093 2.907099
v -0.773500 10.847994 -1.314599
v -0.765500 10.802694 -1.314399
v -0.779300 10.830593 -1.320799
v -0.737300 10.851494 -1.389399
v -0.735900 10.818193 -1.388699
v -0.776900 10.815094 -1.320599
v -0.717300 10.809294 -1.448599
v -0.704100 10.764894 -1.639899
v -0.714000 10.792593 -1.506499
v -0.710600 10.540693 -1.677799
v -0.711100 10.552494 -1.632099
v -0.158100 9.405294 2.382501
v -0.192700 1.652493 2.898499
v -0.174800 9.393293 2.377501
v -0.194000 9.384594 2.359701
v -0.182000 9.386093 2.366601
v -0.723100 9.006893 2.511701
v -0.682900 7.978293 2.861701
v -0.189100 7.982294 2.866601
v -0.192800 9.011194 2.515801
v -0.672900 7.239693 3.035901
v -0.189300 7.242293 3.041200
v -0.641500 6.203693 3.177400
v -0.191200 6.205194 3.182800
v -0.623800 5.286694 3.245600
v -0.189200 5.286793 3.252500
v -0.596300 4.422894 3.236700
v -0.190800 4.421693 3.242100
v -0.577200 3.647294 3.171100
v -0.190900 3.645093 3.176400
v -0.544100 2.231993 2.987200
v -0.192600 2.229293 2.992400
v -0.539100 1.993494 2.950500
v -0.193300 1.990593 2.955699
v -0.192600 9.202593 2.441901
v -0.770400 9.199694 2.437701
v -0.415500 1.316494 2.839200
v -0.456000 1.333793 2.841700
v -0.504300 1.412894 2.854899
v -0.526300 1.495293 2.868299
v -0.530500 1.654893 2.895000
v -0.295800 9.516794 2.300801
v -0.300100 9.549395 2.287601
v -0.068200 9.582893 2.272101
v -0.110100 9.617893 2.257001
v -0.152400 9.633793 2.250701
v -0.251400 9.626894 2.253901
v -0.290300 9.590994 2.269601
v -0.927400 10.219994 1.426701
v -0.927400 10.291893 1.414001
v -0.962200 10.291994 1.414101
v -0.962200 10.219994 1.426801
v -0.927400 10.355194 1.377401
v -0.962200 10.355293 1.377501
v -0.954400 10.403494 1.322601
v -0.962100 10.399994 1.328501
v -0.927400 10.402193 1.321501
v -0.927400 10.427195 1.252801
v -0.954400 10.428993 1.252701
v -0.927400 10.427195 1.179701
v -0.962200 10.427294 1.179701
v -0.962100 10.429995 1.245901
v -0.927400 10.402193 1.111001
v -0.962200 10.402294 1.110901
v -0.927400 10.355194 1.055001
v -0.962200 10.355293 1.054901
v -0.927400 10.291893 1.018401
v -0.962200 10.291994 1.018401
v -0.927400 10.219994 1.005701
v -0.962200 10.219994 1.005701
v -0.927400 10.147993 1.018401
v -0.962200 10.147894 1.018401
v -0.927400 10.084694 1.055001
v -0.962200 10.084593 1.054901
v -0.954400 10.036394 1.109801
v -0.962100 10.039894 1.104001
v -0.927400 10.037693 1.111001
v -0.927400 10.012693 1.179701
v -0.954400 10.010893 1.179801
v -0.927400 10.012693 1.252801
v -0.962200 10.012594 1.252801
v -0.962100 10.009893 1.186501
v -0.927400 10.037693 1.321501
v -0.962200 10.037594 1.321501
v -0.927400 10.084694 1.377501
v -0.962200 10.084593 1.377501
v -0.927400 10.147993 1.414001
v -0.962200 10.147894 1.414101
v 0.860100 10.129494 1.324101
v 0.860100 10.097994 1.286601
v 0.860100 10.081293 1.240701
v 0.860100 10.219994 1.357001
v 0.860100 10.081293 1.191801
v 0.860100 10.097994 1.145801
v 0.860100 10.171793 1.083901
v 0.860100 10.129494 1.108401
v 0.860100 10.219994 1.075401
v 0.860100 10.268093 1.083901
v 0.860100 10.341894 1.145801
v 0.860100 10.310493 1.108401
v 0.860100 10.358694 1.191801
v 0.860100 10.358694 1.240701
v 0.860100 10.310493 1.324101
v 0.860100 10.341894 1.286601
v 0.860100 10.268093 1.348501
v 0.860100 10.171793 1.348501
v -0.961200 10.421894 1.257201
v -0.961200 10.038893 1.117801
v -0.961200 10.017994 1.175301
v -0.961200 10.400993 1.314701
v -0.979000 10.422794 1.180501
v -0.979000 10.398394 1.113201
v -0.979000 10.352394 1.058401
v -0.979000 10.087494 1.058401
v -0.979000 10.290394 1.022601
v -0.979000 10.219994 1.010201
v -0.979000 10.149494 1.022701
v -0.978400 10.047394 1.105401
v -0.978400 10.423393 1.242201
v -0.979000 10.017094 1.252001
v -0.979000 10.041594 1.319201
v -0.979000 10.087494 1.374001
v -0.979000 10.352394 1.374001
v -0.979000 10.149494 1.409801
v -0.979000 10.219994 1.422201
v -0.979000 10.290394 1.409801
v -0.978400 10.392494 1.327101
v -0.978400 10.016493 1.190201
v -0.972700 10.426994 1.179701
v -0.973500 10.429295 1.245401
v -0.972600 10.401894 1.111201
v -0.972600 10.354994 1.055301
v -0.972600 10.291794 1.018801
v -0.972600 10.219994 1.006101
v -0.972600 10.148094 1.018801
v -0.972700 10.084793 1.055201
v -0.973500 10.040794 1.104001
v -0.968400 10.424194 1.249001
v -0.973300 10.424294 1.248401
v -0.973300 10.042694 1.109501
v -0.968400 10.042395 1.110001
v -0.972600 10.291794 1.413601
v -0.972600 10.219994 1.426301
v -0.972700 10.355093 1.377301
v -0.973500 10.399094 1.328401
v -0.968400 10.015694 1.183401
v -0.973300 10.015594 1.184101
v -0.973300 10.397194 1.322901
v -0.968400 10.397493 1.322401
v -0.972700 10.012894 1.252701
v -0.973500 10.010593 1.187001
v -0.972600 10.037994 1.321301
v -0.972600 10.084894 1.377201
v -0.972600 10.148094 1.413601
v -0.921500 10.219994 1.422601
v -0.921500 10.290493 1.410101
v -0.921500 10.352594 1.374301
v -0.921500 10.398693 1.319401
v -0.921500 10.423193 1.252101
v -0.921500 10.423193 1.180401
v -0.921500 10.398693 1.113101
v -0.921500 10.352594 1.058101
v -0.921500 10.290493 1.022301
v -0.921500 10.219994 1.009901
v -0.921500 10.149393 1.022301
v -0.921500 10.087294 1.058201
v -0.921500 10.041193 1.113101
v -0.921500 10.016693 1.180401
v -0.921500 10.016693 1.252101
v -0.921500 10.041193 1.319401
v -0.921500 10.087294 1.374301
v -0.921500 10.149393 1.410101
v -0.918600 10.101793 1.357101
v -0.918600 10.157093 1.389001
v -0.918600 10.060694 1.308201
v -0.918600 10.038893 1.248201
v -0.918600 10.038893 1.184301
v -0.918600 10.060694 1.124301
v -0.918600 10.101793 1.075401
v -0.918600 10.157093 1.043401
v -0.918600 10.219994 1.032301
v -0.918600 10.282793 1.043401
v -0.918600 10.338194 1.075401
v -0.918600 10.379194 1.124301
v -0.918600 10.400993 1.184301
v -0.918600 10.400993 1.248201
v -0.918600 10.379194 1.308201
v -0.918600 10.338194 1.357101
v -0.918600 10.282793 1.389001
v -0.918600 10.219994 1.400101
v 0.854400 10.105494 1.352701
v 0.854300 10.159094 1.383601
v 0.854400 10.065693 1.305301
v 0.854400 10.044495 1.247201
v 0.854400 10.044495 1.185301
v 0.854400 10.065693 1.127201
v 0.854300 10.105494 1.079801
v 0.854300 10.159094 1.048801
v 0.854300 10.219994 1.038101
v 0.854300 10.280893 1.048801
v 0.854300 10.334494 1.079801
v 0.854300 10.374193 1.127201
v 0.854300 10.395393 1.185301
v 0.854300 10.395393 1.247101
v 0.854300 10.374193 1.305301
v 0.854300 10.334494 1.352701
v 0.854300 10.280893 1.383601
v 0.854300 10.219994 1.394301
v -1.071100 9.723293 2.465801
v -1.036700 9.727194 2.470401
v -1.005700 9.711094 2.467701
v -1.101700 9.668493 2.443501
v -0.990100 9.681093 2.458601
v -0.995800 9.648693 2.446601
v -1.020700 9.626293 2.436301
v -1.055200 9.622395 2.431701
v -1.086100 9.638494 2.434401
v -1.096000 9.700893 2.455501
v -1.207600 9.597494 2.770601
v -1.145700 9.646894 2.808601
v -1.127800 9.734394 2.644201
v -1.189500 9.682894 2.614201
v -1.221600 9.523193 2.724701
v -1.205000 9.606794 2.578401
v -1.181200 9.452694 2.688801
v -1.167300 9.533693 2.549901
v -1.102300 9.413893 2.677101
v -1.088500 9.492193 2.540201
v -0.999600 9.500593 2.554101
v -1.015700 9.421394 2.693701
v -0.937300 9.555494 2.585701
v -0.954600 9.471994 2.732201
v -0.925000 9.633293 2.621901
v -0.942100 9.545994 2.777701
v -0.965400 9.704193 2.649101
v -0.982500 9.615093 2.812901
v -1.042500 9.742594 2.657501
v -1.060000 9.653393 2.824601
v -1.252700 9.397792 3.044501
v -1.192700 9.438993 3.093301
v -1.166800 9.551393 2.957501
v -1.227700 9.506393 2.914401
v -1.264800 9.333892 2.984901
v -1.241600 9.437294 2.861501
v -1.223400 9.271592 2.937401
v -1.201500 9.369993 2.818901
v -1.144100 9.235094 2.920501
v -1.122000 9.331293 2.804001
v -1.034600 9.337393 2.823101
v -1.057800 9.238893 2.941201
v -0.974200 9.385094 2.868101
v -0.997900 9.281192 2.991001
v -0.963600 9.454794 2.921001
v -0.987400 9.345292 3.050501
v -1.005200 9.519794 2.961601
v -1.029400 9.406693 3.097101
v -1.082300 9.556394 2.975401
v -1.107600 9.442393 3.113401
v -1.306900 9.149493 3.273101
v -1.248600 9.180392 3.331001
v -1.218500 9.316693 3.220301
v -1.277800 9.280993 3.167301
v -1.316600 9.098292 3.202001
v -1.289700 9.223393 3.101601
v -1.273500 9.046193 3.144901
v -1.247900 9.165393 3.048301
v -1.193600 9.013293 3.124001
v -1.167800 9.130094 3.028901
v -1.081100 9.132092 3.051801
v -1.108000 9.012794 3.147901
v -1.022500 9.169993 3.107201
v -1.050000 9.044494 3.206901
v -1.013900 9.228293 3.172801
v -1.041700 9.095992 3.278001
v -1.057000 9.284392 3.223701
v -1.085400 9.147393 3.334001
v -1.134700 9.317893 3.241701
v -1.164300 9.179593 3.354201
v -1.367900 8.862092 3.447901
v -1.311700 8.881093 3.512601
v -1.278300 9.035993 3.431201
v -1.335600 9.011493 3.370301
v -1.375100 8.825593 3.368001
v -1.345100 8.967593 3.294401
v -1.329800 8.785293 3.303401
v -1.301400 8.920693 3.232501
v -1.249200 8.756793 3.279301
v -1.220600 8.889493 3.209401
v -1.134700 8.886792 3.235101
v -1.164400 8.751393 3.305501
v -1.078100 8.913192 3.298701
v -1.108600 8.770993 3.371501
v -1.072000 8.957793 3.374501
v -1.102900 8.807794 3.451401
v -1.117000 9.003192 3.433701
v -1.148600 8.847693 3.514701
v -1.195300 9.032893 3.455201
v -1.228200 8.875592 3.538001
v -1.433800 8.546693 3.562001
v -1.380000 8.552693 3.631001
v -1.344300 8.720292 3.582101
v -1.399500 8.708093 3.515701
v -1.438200 8.526292 3.476401
v -1.406200 8.679593 3.432501
v -1.390700 8.498893 3.406801
v -1.360300 8.645392 3.364201
v -1.309100 8.475293 3.380401
v -1.278600 8.618993 3.338301
v -1.193700 8.611093 3.366001
v -1.225300 8.464692 3.408001
v -1.139400 8.624593 3.435301
v -1.171800 8.471093 3.478301
v -1.135900 8.653693 3.518501
v -1.168900 8.491893 3.564001
v -1.183100 8.686994 3.583701
v -1.216900 8.518992 3.632201
v -1.262200 8.712293 3.607901
v -1.297300 8.542092 3.657701
v -1.502600 8.215493 3.611101
v -1.451100 8.207994 3.681701
v -1.414400 8.381692 3.667101
v -1.467200 8.382592 3.597901
v -1.504000 8.211892 3.523001
v -1.471000 8.370692 3.510601
v -1.454000 8.198293 3.451101
v -1.422700 8.350093 3.438601
v -1.371600 8.179893 3.423501
v -1.340100 8.328893 3.410801
v -1.256200 8.315494 3.439301
v -1.288700 8.163892 3.451301
v -1.204200 8.315293 3.511701
v -1.237600 8.156493 3.523401
v -1.203700 8.327893 3.599001
v -1.237700 8.160392 3.611401
v -1.253200 8.348193 3.667901
v -1.288100 8.174092 3.681901
v -1.333100 8.368592 3.693701
v -1.369400 8.192193 3.708701
v -1.571900 7.881294 3.593301
v -1.522800 7.860094 3.662801
v -1.486200 8.033292 3.683200
v -1.536600 8.047692 3.613600
v -1.570300 7.894594 3.506100
v -1.537500 8.052693 3.525601
v -1.517900 7.894894 3.434700
v -1.486600 8.046193 3.452600
v -1.434500 7.881893 3.406900
v -1.403100 8.030393 3.424100
v -1.320100 8.011592 3.452301
v -1.352500 7.860594 3.433901
v -1.270700 7.997194 3.525100
v -1.303900 7.839293 3.504900
v -1.273200 7.992794 3.613200
v -1.307000 7.826294 3.592000
v -1.324900 7.999693 3.682900
v -1.359800 7.826294 3.662101
v -1.405800 8.015092 3.709400
v -1.442000 7.839094 3.689000
v -1.639400 7.556893 3.509201
v -1.592700 7.522593 3.575001
v -1.557300 7.688494 3.629500
v -1.605400 7.716093 3.562300
v -1.634900 7.586693 3.426400
v -1.603300 7.737993 3.476901
v -1.580100 7.600594 3.358201
v -1.550000 7.745493 3.405900
v -1.495800 7.592893 3.331200
v -1.465500 7.735193 3.377701
v -1.383400 7.710993 3.404600
v -1.414700 7.566494 3.356400
v -1.336400 7.682793 3.474900
v -1.368500 7.531793 3.423600
v -1.341900 7.661593 3.560301
v -1.374400 7.502293 3.506401
v -1.396100 7.655094 3.628201
v -1.429600 7.488993 3.573300
v -1.477800 7.665293 3.654500
v -1.512700 7.496693 3.599500
v -1.703000 7.254894 3.362200
v -1.658400 7.208494 3.421700
v -1.625400 7.360693 3.508200
v -1.671400 7.400894 3.446001
v -1.695800 7.300093 3.286800
v -1.666400 7.438794 3.366500
v -1.638800 7.326593 3.224401
v -1.610800 7.459593 3.300101
v -1.553500 7.323993 3.199400
v -1.525300 7.454593 3.273401
v -1.444100 7.425394 3.297801
v -1.473300 7.292994 3.221801
v -1.399500 7.384094 3.362900
v -1.429200 7.245893 3.282501
v -1.407700 7.346894 3.442501
v -1.437900 7.200994 3.357900
v -1.464100 7.327693 3.506001
v -1.495300 7.175293 3.419101
v -1.546800 7.332893 3.531000
v -1.579200 7.178093 3.443400
v -1.760600 6.986993 3.157800
v -1.717900 6.929793 3.208801
v -1.688400 7.062494 3.324000
v -1.732300 7.114093 3.269100
v -1.751000 7.045794 3.092800
v -1.724700 7.166493 3.198601
v -1.692000 7.083593 3.038701
v -1.667000 7.199493 3.139301
v -1.605900 7.085594 3.016401
v -1.580600 7.199493 3.115100
v -1.500200 7.165894 3.136200
v -1.526400 7.050593 3.035201
v -1.457700 7.112693 3.193600
v -1.484200 6.992593 3.087200
v -1.468500 7.060894 3.264200
v -1.495300 6.934093 3.152200
v -1.527000 7.029994 3.321001
v -1.554600 6.897294 3.205400
v -1.610400 7.030593 3.343601
v -1.639400 6.895693 3.226901
v -1.810300 6.763593 2.903900
v -1.769200 6.697494 2.944401
v -1.744000 6.805493 3.083900
v -1.786200 6.866793 3.038501
v -1.798700 6.833694 2.851800
v -1.776500 6.931794 2.979701
v -1.738000 6.881094 2.808001
v -1.716800 6.975394 2.929801
v -1.651300 6.886993 2.789500
v -1.629700 6.979693 2.908900
v -1.550000 6.942394 2.926001
v -1.572300 6.848794 2.803801
v -1.509200 6.878994 2.973500
v -1.531800 6.781693 2.845100
v -1.522300 6.814693 3.032400
v -1.544800 6.711793 2.897300
v -1.582500 6.773593 3.080101
v -1.605800 6.665694 2.940300
v -1.666700 6.770194 3.099700
v -1.691200 6.660293 2.958301
v -1.850700 6.593294 2.610301
v -1.810700 6.520494 2.638700
v -1.790700 6.599594 2.797101
v -1.831500 6.668593 2.763000
v -1.837600 6.672093 2.573101
v -1.820000 6.743693 2.718101
v -1.775600 6.726794 2.541200
v -1.758900 6.795794 2.679600
v -1.688300 6.735794 2.527101
v -1.671100 6.803793 2.662900
v -1.591900 6.763693 2.675101
v -1.609700 6.695293 2.536500
v -1.552500 6.692194 2.710901
v -1.570400 6.621394 2.565600
v -1.567300 6.617794 2.755900
v -1.585000 6.542893 2.602800
v -1.629000 6.568493 2.792800
v -1.647200 6.489493 2.634100
v -1.713800 6.561694 2.808400
v -1.733200 6.480994 2.647800
v -1.880600 6.482594 2.288300
v -1.841300 6.405694 2.303500
v -1.826900 6.452794 2.474700
v -1.866800 6.527194 2.453100
v -1.866400 6.567093 2.267300
v -1.854000 6.609394 2.423900
v -1.803600 6.626693 2.248700
v -1.791800 6.667794 2.398201
v -1.715900 6.637993 2.239600
v -1.703500 6.678593 2.386301
v -1.624600 6.636593 2.393301
v -1.637500 6.596194 2.243701
v -1.586300 6.559393 2.416000
v -1.599000 6.517893 2.259300
v -1.602400 6.477793 2.445300
v -1.614600 6.433794 2.280200
v -1.665100 6.422594 2.470000
v -1.677600 6.375594 2.298600
v -1.750300 6.413094 2.481100
v -1.764000 6.364893 2.307400
v -1.899100 6.436094 1.950100
v -1.860200 6.357493 1.951600
v -1.851700 6.370793 2.129100
v -1.891100 6.448093 2.120800
v -1.884600 6.522893 1.946301
v -1.877600 6.534294 2.108400
v -1.821300 6.584794 1.941600
v -1.814700 6.596393 2.096500
v -1.733400 6.597293 1.937801
v -1.726200 6.608893 2.090000
v -1.647400 6.566093 2.091400
v -1.655100 6.555193 1.936401
v -1.609600 6.485894 2.100100
v -1.616800 6.475394 1.938000
v -1.626400 6.400194 2.112700
v -1.632900 6.388793 1.941900
v -1.689800 6.341493 2.124100
v -1.696300 6.328393 1.946500
v -1.775300 6.330393 2.130300
v -1.782900 6.316494 1.950300
v -1.906100 6.455393 1.608900
v -1.866900 6.377893 1.596601
v -1.864500 6.356793 1.773500
v -1.903900 6.434393 1.778901
v -1.891700 6.541294 1.622301
v -1.890200 6.521393 1.783800
v -1.828500 6.602694 1.631701
v -1.827200 6.584293 1.786201
v -1.740500 6.615493 1.633400
v -1.738500 6.597594 1.785100
v -1.659700 6.554993 1.781000
v -1.662100 6.574193 1.626601
v -1.621900 6.474494 1.775401
v -1.623600 6.495293 1.614100
v -1.638900 6.388093 1.770700
v -1.639500 6.409693 1.600700
v -1.702400 6.328494 1.768500
v -1.702900 6.349694 1.591600
v -1.788000 6.316594 1.769500
v -1.789500 6.337594 1.590001
v -1.901500 6.539894 1.277700
v -1.861700 6.466094 1.252100
v -1.865200 6.411394 1.421600
v -1.905000 6.486594 1.440500
v -1.887800 6.621594 1.307900
v -1.891800 6.570994 1.462400
v -1.825200 6.679894 1.331100
v -1.829100 6.632093 1.479000
v -1.737400 6.691794 1.338100
v -1.740500 6.645093 1.483500
v -1.661400 6.603794 1.474000
v -1.658700 6.652294 1.326200
v -1.623200 6.525794 1.454301
v -1.619600 6.577194 1.300100
v -1.639700 6.441894 1.432500
v -1.634700 6.495694 1.270000
v -1.702900 6.384094 1.416700
v -1.697500 6.438894 1.247301
v -1.788500 6.372494 1.412601
v -1.784000 6.427594 1.240500
v -1.886000 6.686494 0.969300
v -1.845100 6.618794 0.931300
v -1.854200 6.532594 1.087000
v -1.894800 6.602894 1.118600
v -1.873600 6.760794 1.015000
v -1.882700 6.681494 1.156801
v -1.812000 6.813294 1.051100
v -1.820800 6.737994 1.186900
v -1.724600 6.823394 1.063300
v -1.732400 6.749594 1.196800
v -1.652900 6.710694 1.182200
v -1.645300 6.786694 1.046700
v -1.613800 6.637694 1.149200
v -1.605100 6.717894 1.008000
v -1.629300 6.559694 1.111100
v -1.618900 6.643794 0.962200
v -1.691800 6.506194 1.082400
v -1.680800 6.592494 0.927000
v -1.777100 6.495894 1.073200
v -1.766900 6.582994 0.915200
v -1.860500 6.889494 0.695500
v -1.818200 6.830294 0.646600
v -1.832300 6.715794 0.782400
v -1.874100 6.778894 0.825500
v -1.850000 6.953694 0.755100
v -1.863600 6.848594 0.878500
v -1.789800 6.998094 0.802601
v -1.802900 6.898094 0.921000
v -1.702800 7.005294 0.819400
v -1.714900 6.907294 0.936000
v -1.634900 6.871694 0.916800
v -1.622900 6.972194 0.798800
v -1.594500 6.806194 0.871800
v -1.581200 6.911994 0.748900
v -1.608400 6.736994 0.818900
v -1.593200 6.848094 0.689400
v -1.669600 6.690194 0.778400
v -1.653700 6.804794 0.642900
v -1.754600 6.682194 0.764500
v -1.739400 6.797994 0.626601
v -1.826500 7.141294 0.466800
v -1.782300 7.092394 0.408900
v -1.800600 6.953994 0.519600
v -1.844100 7.007794 0.572600
v -1.818200 7.192794 0.537901
v -1.835600 7.065994 0.638300
v -1.759800 7.226994 0.595101
v -1.776500 7.106194 0.691601
v -1.673400 7.230594 0.615901
v -1.689200 7.111994 0.711001
v -1.608400 7.080494 0.688100
v -1.592800 7.201794 0.592001
v -1.566300 7.024794 0.632800
v -1.549200 7.152194 0.533001
v -1.578200 6.967094 0.567100
v -1.559000 7.100894 0.461900
v -1.637900 6.929194 0.516300
v -1.617700 7.067594 0.405900
v -1.722300 6.924194 0.498300
v -1.702800 7.064294 0.385700
v -1.785500 7.432294 0.292101
v -1.739200 7.395194 0.227401
v -1.760800 7.238194 0.308801
v -1.806300 7.280894 0.369601
v -1.779800 7.468994 0.371901
v -1.800200 7.325394 0.445500
v -1.723500 7.491494 0.436601
v -1.743100 7.354394 0.507501
v -1.637900 7.490694 0.460601
v -1.656500 7.356094 0.530601
v -1.574900 7.329294 0.504801
v -1.556400 7.466794 0.434401
v -1.530700 7.285194 0.441200
v -1.510700 7.429194 0.368401
v -1.540200 7.241194 0.365400
v -1.517900 7.392694 0.288601
v -1.598000 7.213894 0.306200
v -1.574600 7.370894 0.225201
v -1.681800 7.212794 0.284700
v -1.658900 7.371894 0.201901
v -1.739600 7.751194 0.177901
v -1.691100 7.727093 0.109001
v -1.714900 7.557494 0.157901
v -1.762500 7.587894 0.224201
v -1.736700 7.771894 0.263601
v -1.759100 7.616894 0.307401
v -1.682700 7.781294 0.333201
v -1.704300 7.633294 0.375701
v -1.598000 7.775694 0.359501
v -1.618500 7.630194 0.401601
v -1.536000 7.608594 0.374001
v -1.515600 7.756995 0.331901
v -1.489500 7.577394 0.304601
v -1.467500 7.732693 0.261601
v -1.496300 7.548794 0.221501
v -1.471900 7.712094 0.176001
v -1.552000 7.533594 0.156201
v -1.526300 7.703094 0.107801
v -1.634900 7.536894 0.132101
v -1.609800 7.708794 0.082201
v -1.690900 8.085993 0.128801
v -1.640000 8.075493 0.058201
v -1.664900 7.899594 0.072801
v -1.714900 7.916794 0.142101
v -1.691000 8.089794 0.216901
v -1.714400 7.929394 0.229401
v -1.639400 8.085493 0.288801
v -1.661900 7.932194 0.301401
v -1.555600 8.074594 0.316401
v -1.577100 7.923893 0.329101
v -1.493600 7.907694 0.300601
v -1.472300 8.061293 0.288601
v -1.444700 7.890194 0.228201
v -1.421800 8.050793 0.216501
v -1.448600 7.878193 0.140901
v -1.423200 8.047094 0.128501
v -1.501900 7.875994 0.072101
v -1.475200 8.051594 0.058001
v -1.584100 7.884095 0.046201
v -1.557800 8.062294 0.031201
v -1.641700 8.423794 0.146701
v -1.588400 8.426893 0.077101
v -1.613200 8.251595 0.056801
v -1.665500 8.255293 0.126301
v -1.644800 8.410694 0.233801
v -1.668000 8.250793 0.214401
v -1.595700 8.392393 0.305201
v -1.618100 8.239594 0.287301
v -1.512800 8.376093 0.333101
v -1.534200 8.225893 0.315801
v -1.449700 8.215193 0.287601
v -1.428500 8.368093 0.306001
v -1.398400 8.211693 0.214801
v -1.375600 8.371494 0.235101
v -1.399200 8.216694 0.126801
v -1.374000 8.384794 0.147901
v -1.450200 8.227993 0.057101
v -1.423600 8.402893 0.077901
v -1.531400 8.241194 0.030501
v -1.505300 8.418894 0.050901
v -1.594200 8.751694 0.230701
v -1.538600 8.767893 0.164901
v -1.562100 8.599894 0.110401
v -1.616800 8.590393 0.177601
v -1.600200 8.722094 0.313501
v -1.622300 8.569094 0.263001
v -1.553500 8.690294 0.381801
v -1.574800 8.543795 0.334101
v -1.471600 8.668694 0.408701
v -1.491800 8.524593 0.362201
v -1.406400 8.519293 0.335401
v -1.386400 8.665794 0.383501
v -1.352600 8.529694 0.265101
v -1.331100 8.682594 0.316401
v -1.350500 8.551495 0.179701
v -1.326600 8.712393 0.233501
v -1.399200 8.576094 0.111701
v -1.373900 8.743694 0.166601
v -1.479500 8.594494 0.085401
v -1.454600 8.764894 0.140501
v -1.550700 9.057194 0.377801
v -1.492900 9.085594 0.318201
v -1.514000 8.931194 0.231701
v -1.570900 8.909193 0.293901
v -1.559400 9.012293 0.453101
v -1.579200 8.871893 0.373401
v -1.514900 8.967794 0.515501
v -1.534100 8.833294 0.439801
v -1.433900 8.941195 0.540601
v -1.452100 8.808794 0.466601
v -1.365800 8.808393 0.442101
v -1.347900 8.942894 0.518201
v -1.309700 8.831993 0.377001
v -1.290400 8.971994 0.457401
v -1.304700 8.869793 0.297501
v -1.283200 9.017193 0.382001
v -1.351200 8.907093 0.233901
v -1.328300 9.060993 0.320801
v -1.430600 8.930393 0.208901
v -1.408200 9.086994 0.296501
v -1.513200 9.328594 0.582101
v -1.453500 9.367693 0.531101
v -1.471200 9.232893 0.416001
v -1.530100 9.199493 0.470801
v -1.524300 9.270094 0.647101
v -1.540900 9.147694 0.541301
v -1.481800 9.214294 0.701301
v -1.497900 9.096893 0.600601
v -1.401600 9.183094 0.723501
v -1.416800 9.067394 0.624901
v -1.329700 9.071493 0.603701
v -1.314900 9.188793 0.704801
v -1.271500 9.106894 0.546301
v -1.255400 9.228893 0.652701
v -1.264000 9.159294 0.475701
v -1.245800 9.287594 0.587701
v -1.308400 9.208294 0.419001
v -1.289000 9.342493 0.534601
v -1.387000 9.236294 0.396301
v -1.368100 9.372993 0.513001
v -1.483500 9.555593 0.836001
v -1.422300 9.603594 0.795501
v -1.435600 9.493494 0.656101
v -1.496200 9.450294 0.701401
v -1.496600 9.485693 0.888101
v -1.509300 9.385994 0.760201
v -1.455800 9.420393 0.932001
v -1.468100 9.324594 0.810101
v -1.376300 9.385193 0.950501
v -1.387800 9.290693 0.831001
v -1.300100 9.298494 0.814001
v -1.289000 9.394094 0.936101
v -1.240100 9.344093 0.766501
v -1.228000 9.443295 0.894801
v -1.230300 9.408993 0.707601
v -1.216400 9.513393 0.842701
v -1.272900 9.468193 0.659801
v -1.257900 9.577593 0.799601
v -1.350800 9.500195 0.640301
v -1.336300 9.611994 0.781701
v -1.463200 9.729393 1.129601
v -1.400800 9.784094 1.101201
v -1.409000 9.702894 0.942801
v -1.471000 9.652094 0.977001
v -1.477800 9.650894 1.166901
v -1.485800 9.577593 1.021901
v -1.438300 9.578293 1.198701
v -1.446200 9.507694 1.060401
v -1.359300 9.539894 1.212801
v -1.366500 9.470194 1.077101
v -1.278300 9.480793 1.064801
v -1.271700 9.551094 1.203401
v -1.216800 9.534494 1.029001
v -1.209400 9.607094 1.174401
v -1.205300 9.609493 0.984101
v -1.196300 9.685894 1.137101
v -1.246500 9.676893 0.947201
v -1.236500 9.757294 1.105801
v -1.323800 9.712294 0.931501
v -1.314400 9.794693 1.092201
v -1.453400 9.843594 1.451701
v -1.390200 9.902494 1.436401
v -1.392800 9.853294 1.265201
v -1.455800 9.796993 1.286901
v -1.469000 9.759394 1.472601
v -1.471900 9.715393 1.316101
v -1.430400 9.681894 1.491301
v -1.433300 9.639194 1.341701
v -1.351800 9.641294 1.500401
v -1.354100 9.598894 1.353601
v -1.265600 9.611393 1.346601
v -1.263900 9.653793 1.496301
v -1.203100 9.670794 1.323901
v -1.200900 9.714094 1.480701
v -1.190400 9.752995 1.294601
v -1.186800 9.798594 1.459701
v -1.230500 9.826294 1.270001
v -1.226200 9.874794 1.441401
v -1.307300 9.864393 1.258801
v -1.303700 9.914394 1.432501
v -1.455000 9.893694 1.789801
v -1.391500 9.954193 1.788301
v -1.388100 9.938793 1.610901
v -1.451500 9.879694 1.619101
v -1.471000 9.807095 1.793601
v -1.468300 9.793993 1.631501
v -1.432700 9.727293 1.798401
v -1.430500 9.714193 1.643401
v -1.354400 9.685493 1.802101
v -1.351500 9.672094 1.650001
v -1.262900 9.685394 1.648601
v -1.266400 9.698294 1.803501
v -1.199900 9.747894 1.639801
v -1.203100 9.760193 1.801901
v -1.186400 9.834093 1.627301
v -1.188600 9.847094 1.798101
v -1.225900 9.910994 1.615801
v -1.227500 9.925493 1.793401
v -1.302400 9.950693 1.609601
v -1.304800 9.966394 1.789701
v -1.468100 9.877893 2.131001
v -1.404800 9.937393 2.143301
v -1.395300 9.956394 1.966401
v -1.458800 9.896894 1.961001
v -1.483900 9.792294 2.117601
v -1.475800 9.810493 1.956201
v -1.445600 9.712994 2.108201
v -1.438100 9.729794 1.953801
v -1.367300 9.670895 2.106501
v -1.359300 9.686995 1.954801
v -1.270600 9.699993 1.959001
v -1.279500 9.682894 2.113301
v -1.207600 9.762794 1.964501
v -1.216400 9.743793 2.125801
v -1.194000 9.849794 1.969301
v -1.202000 9.829693 2.139201
v -1.233300 9.927494 1.971501
v -1.241000 9.907694 2.148401
v -1.309700 9.967993 1.970401
v -1.318300 9.948793 2.150001
v -1.492700 9.796894 2.462201
v -1.430100 9.852694 2.487901
v -1.414700 9.905294 2.318301
v -1.477800 9.848194 2.299501
v -1.507800 9.715494 2.432001
v -1.494300 9.764393 2.277501
v -1.468900 9.639294 2.408901
v -1.456200 9.685493 2.260901
v -1.390500 9.598093 2.401801
v -1.377400 9.643093 2.256401
v -1.289000 9.654694 2.266001
v -1.303000 9.608294 2.413701
v -1.226400 9.715094 2.285601
v -1.240500 9.665493 2.439801
v -1.213200 9.799494 2.307401
v -1.226900 9.747194 2.470001
v -1.252800 9.875494 2.323201
v -1.266500 9.822094 2.492601
v -1.329300 9.915594 2.327301
v -1.343900 9.862293 2.499501
v -1.528300 9.653894 2.770601
v -1.466700 9.703493 2.808601
v -1.445800 9.787594 2.653001
v -1.508000 9.735394 2.621401
v -1.542100 9.579794 2.724901
v -1.523500 9.657494 2.583201
v -1.502200 9.509394 2.688901
v -1.484600 9.583094 2.553101
v -1.423400 9.470093 2.676701
v -1.405500 9.542093 2.543101
v -1.317500 9.551394 2.557701
v -1.336400 9.477493 2.693301
v -1.255800 9.606594 2.590701
v -1.275000 9.528393 2.732001
v -1.243700 9.685194 2.628801
v -1.262700 9.602694 2.777701
v -1.284100 9.756893 2.657501
v -1.303300 9.671993 2.813001
v -1.360800 9.795794 2.666701
v -1.381000 9.710394 2.824801
v -1.573800 9.454392 3.044401
v -1.513700 9.495593 3.093301
v -1.487800 9.607993 2.957501
v -1.548700 9.562994 2.914401
v -1.585800 9.390492 2.984901
v -1.562600 9.493895 2.861501
v -1.544400 9.328193 2.937401
v -1.522600 9.426594 2.818901
v -1.465200 9.291695 2.920501
v -1.443000 9.387894 2.804001
v -1.355600 9.393993 2.823101
v -1.378800 9.295493 2.941201
v -1.295300 9.441694 2.868101
v -1.319000 9.337792 2.991001
v -1.284700 9.511494 2.921001
v -1.308400 9.401893 3.050501
v -1.326200 9.576392 2.961601
v -1.350400 9.463292 3.097101
v -1.403300 9.612992 2.975401
v -1.428600 9.498992 3.113401
v -1.627900 9.206092 3.273101
v -1.569700 9.236993 3.331001
v -1.539500 9.373292 3.220301
v -1.598800 9.337693 3.167301
v -1.637700 9.154893 3.202001
v -1.610700 9.279992 3.101601
v -1.594500 9.102794 3.144901
v -1.569000 9.221993 3.048301
v -1.514600 9.069892 3.124001
v -1.488900 9.186692 3.028901
v -1.402200 9.188693 3.051801
v -1.429000 9.069392 3.147901
v -1.343500 9.226592 3.107201
v -1.371100 9.101092 3.206901
v -1.335000 9.284892 3.172801
v -1.362700 9.152593 3.278001
v -1.378100 9.340993 3.223701
v -1.406500 9.203992 3.334001
v -1.455700 9.374494 3.241701
v -1.485300 9.236194 3.354201
v -1.688900 8.918794 3.447901
v -1.632800 8.937694 3.512601
v -1.599400 9.092593 3.431201
v -1.656700 9.068093 3.370301
v -1.696100 8.882194 3.368001
v -1.666200 9.024192 3.294401
v -1.650900 8.841893 3.303401
v -1.622500 8.977393 3.232501
v -1.570200 8.813394 3.279301
v -1.541600 8.946094 3.209401
v -1.455800 8.943393 3.235101
v -1.485500 8.807992 3.305501
v -1.399200 8.969792 3.298701
v -1.429600 8.827592 3.371501
v -1.393000 9.014392 3.374501
v -1.423900 8.864392 3.451401
v -1.438000 9.059793 3.433701
v -1.469700 8.904292 3.514701
v -1.516400 9.089492 3.455201
v -1.549300 8.932193 3.538001
v -1.754900 8.603393 3.562001
v -1.701000 8.609292 3.631001
v -1.665400 8.776893 3.582101
v -1.720500 8.764693 3.515701
v -1.759300 8.582892 3.476401
v -1.727300 8.736194 3.432501
v -1.711700 8.555593 3.406801
v -1.681300 8.701993 3.364201
v -1.630200 8.531892 3.380401
v -1.599700 8.675593 3.338301
v -1.514700 8.667693 3.366001
v -1.546300 8.521293 3.408001
v -1.460400 8.681193 3.435301
v -1.492900 8.527692 3.478301
v -1.457000 8.710292 3.518501
v -1.490000 8.548493 3.564001
v -1.504100 8.743693 3.583701
v -1.538000 8.575593 3.632201
v -1.583200 8.768893 3.607901
v -1.618400 8.598792 3.657701
v -1.823600 8.272092 3.611101
v -1.772200 8.264592 3.681701
v -1.735400 8.438293 3.667101
v -1.788300 8.439193 3.597901
v -1.825000 8.268493 3.523001
v -1.792100 8.427293 3.510601
v -1.775100 8.254893 3.451101
v -1.743800 8.406693 3.438601
v -1.692600 8.236493 3.423501
v -1.661200 8.385493 3.410801
v -1.577200 8.372092 3.439301
v -1.609700 8.220492 3.451301
v -1.525300 8.371892 3.511701
v -1.558700 8.213092 3.523401
v -1.524800 8.384492 3.599001
v -1.558700 8.216992 3.611401
v -1.574200 8.404792 3.667901
v -1.609200 8.230693 3.681901
v -1.654200 8.425193 3.693701
v -1.690500 8.248794 3.708701
v -1.892900 7.937893 3.593301
v -1.843800 7.916693 3.662801
v -1.807200 8.089892 3.683201
v -1.857700 8.104293 3.613601
v -1.891300 7.951193 3.506100
v -1.858500 8.109292 3.525601
v -1.838900 7.951494 3.434700
v -1.807700 8.102792 3.452601
v -1.755500 7.938494 3.406900
v -1.724100 8.086993 3.424101
v -1.641100 8.068192 3.452301
v -1.673600 7.917193 3.433901
v -1.591700 8.053792 3.525101
v -1.625000 7.895893 3.504900
v -1.594200 8.049493 3.613201
v -1.628000 7.882894 3.592000
v -1.646000 8.056293 3.682901
v -1.680800 7.882894 3.662101
v -1.726800 8.071692 3.709401
v -1.763000 7.895794 3.689000
v -1.960500 7.613493 3.509201
v -1.913700 7.579194 3.575001
v -1.878300 7.745093 3.629500
v -1.926500 7.772793 3.562300
v -1.956000 7.643293 3.426400
v -1.924300 7.794693 3.476901
v -1.901200 7.657194 3.358201
v -1.871100 7.802094 3.405900
v -1.816800 7.649494 3.331200
v -1.786500 7.791794 3.377701
v -1.704500 7.767593 3.404600
v -1.735800 7.623093 3.356400
v -1.657500 7.739393 3.474900
v -1.689500 7.588394 3.423600
v -1.663000 7.718193 3.560301
v -1.695500 7.558894 3.506401
v -1.717100 7.711693 3.628201
v -1.750600 7.545594 3.573300
v -1.798900 7.721993 3.654500
v -1.833800 7.553294 3.599500
v -2.024100 7.311493 3.362200
v -1.979400 7.265093 3.421700
v -1.946500 7.417294 3.508200
v -1.992400 7.457493 3.446001
v -2.016800 7.356694 3.286800
v -1.987400 7.495393 3.366500
v -1.959800 7.383193 3.224401
v -1.931800 7.516193 3.300101
v -1.874600 7.380594 3.199400
v -1.846400 7.511194 3.273401
v -1.765200 7.481993 3.297801
v -1.794300 7.349594 3.221801
v -1.720500 7.440693 3.362900
v -1.750300 7.302494 3.282501
v -1.728800 7.403493 3.442501
v -1.759000 7.257594 3.357900
v -1.785200 7.384294 3.506001
v -1.816300 7.231894 3.419101
v -1.867800 7.389493 3.531000
v -1.900300 7.234694 3.443400
v -2.081600 7.043593 3.157800
v -2.038900 6.986494 3.208801
v -2.009400 7.119194 3.324000
v -2.053300 7.170693 3.269100
v -2.072000 7.102394 3.092800
v -2.045800 7.223094 3.198601
v -2.013000 7.140294 3.038600
v -1.988000 7.256094 3.139301
v -1.927000 7.142193 3.016401
v -1.901700 7.256094 3.115100
v -1.821300 7.222494 3.136200
v -1.847400 7.107193 3.035201
v -1.778700 7.169293 3.193600
v -1.805300 7.049193 3.087200
v -1.789600 7.117493 3.264200
v -1.816400 6.990694 3.152200
v -1.848000 7.086593 3.321001
v -1.875700 6.953893 3.205400
v -1.931500 7.087193 3.343601
v -1.960400 6.952293 3.226901
v -2.131400 6.820194 2.903900
v -2.090200 6.754194 2.944401
v -2.065100 6.862093 3.083900
v -2.107300 6.923394 3.038501
v -2.119800 6.890394 2.851800
v -2.097500 6.988393 2.979701
v -2.059100 6.937693 2.808001
v -2.037900 7.031993 2.929801
v -1.972300 6.943594 2.789500
v -1.950800 7.036294 2.908900
v -1.871000 6.998993 2.925900
v -1.893300 6.905393 2.803801
v -1.830300 6.935593 2.973500
v -1.852800 6.838294 2.845100
v -1.843300 6.871294 3.032400
v -1.865900 6.768394 2.897300
v -1.903600 6.830293 3.080101
v -1.926800 6.722293 2.940300
v -1.987700 6.826793 3.099700
v -2.012300 6.716894 2.958301
v -2.171800 6.649893 2.610301
v -2.131800 6.577094 2.638700
v -2.111700 6.656193 2.797101
v -2.152600 6.725194 2.763000
v -2.158600 6.728693 2.573101
v -2.141100 6.800293 2.718101
v -2.096600 6.783393 2.541200
v -2.079900 6.852394 2.679600
v -2.009300 6.792393 2.527101
v -1.992200 6.860394 2.662900
v -1.912900 6.820293 2.675101
v -1.930700 6.751894 2.536500
v -1.873500 6.748793 2.710901
v -1.891400 6.677993 2.565600
v -1.888400 6.674393 2.755900
v -1.906000 6.599494 2.602800
v -1.950100 6.625093 2.792800
v -1.968300 6.546093 2.634100
v -2.034900 6.618293 2.808400
v -2.054200 6.537593 2.647800
v -2.201500 6.539294 2.288300
v -2.162100 6.462493 2.303500
v -2.147900 6.509393 2.474700
v -2.187800 6.583793 2.453100
v -2.187500 6.623693 2.267300
v -2.175100 6.665993 2.423900
v -2.124700 6.683493 2.248600
v -2.112800 6.724393 2.398201
v -2.036900 6.694893 2.239501
v -2.024600 6.735194 2.386301
v -1.945700 6.693193 2.393301
v -1.958400 6.652894 2.243600
v -1.907300 6.615993 2.416000
v -1.920000 6.574594 2.259200
v -1.923400 6.534394 2.445300
v -1.935800 6.490493 2.280200
v -1.986200 6.479193 2.470000
v -1.998800 6.432494 2.298600
v -2.071400 6.469694 2.481100
v -2.085000 6.421894 2.307400
v -2.219200 6.492794 1.950100
v -2.180200 6.415093 1.951401
v -2.172900 6.429793 2.129200
v -2.212100 6.507393 2.120900
v -2.205500 6.579494 1.946401
v -2.198300 6.593493 2.108401
v -2.142700 6.642093 1.941700
v -2.135400 6.654994 2.096601
v -2.054200 6.655194 1.937801
v -2.047100 6.667393 2.090101
v -1.968500 6.624994 2.091501
v -1.975300 6.612693 1.936401
v -1.930400 6.545193 2.100200
v -1.937400 6.531993 1.938000
v -1.946800 6.459493 2.112700
v -1.954200 6.445493 1.941800
v -2.010100 6.400393 2.124200
v -2.017900 6.385993 1.946301
v -2.096100 6.389194 2.130500
v -2.103700 6.374493 1.950001
v -2.200000 6.391494 1.135000
v -2.236400 6.465694 1.136701
v -2.222200 6.547294 1.136900
v -2.162600 6.605094 1.135600
v -2.080500 6.616594 1.133201
v -2.007300 6.577594 1.130700
v -1.971200 6.502994 1.129000
v -1.985700 6.421594 1.128801
v -2.045300 6.364194 1.130100
v -2.127100 6.352694 1.132401
v -2.161300 6.475194 1.087500
v -2.155200 6.509594 1.087500
v -2.130100 6.533994 1.086900
v -2.115100 6.427294 1.085900
v -2.095400 6.538794 1.085900
v -2.064500 6.522394 1.084900
v -2.049200 6.490894 1.084301
v -2.055300 6.456494 1.084301
v -2.080400 6.432194 1.084900
v -2.146000 6.443694 1.086900
v -1.112300 9.776594 2.528801
v -1.173100 9.722593 2.504201
v -1.187400 9.644293 2.475201
v -1.149600 9.571594 2.453001
v -1.074000 9.532494 2.446201
v -0.989800 9.541893 2.457401
v -0.929400 9.596193 2.482401
v -0.915600 9.674395 2.511301
v -0.953500 9.746695 2.533201
v -1.028500 9.785694 2.539801
v -1.093500 9.763494 2.483801
v -1.139900 9.721693 2.464601
v -1.029200 9.770693 2.492501
v -0.971500 9.740593 2.487401
v -0.942400 9.684593 2.470401
v -0.953000 9.624193 2.448101
v -0.999300 9.582394 2.428901
v -1.063700 9.575094 2.420201
v -1.121500 9.605194 2.425301
v -1.150600 9.661194 2.442201
v -2.209700 6.468294 1.094600
v -2.181100 6.409594 1.093400
v -2.198400 6.532694 1.094500
v -2.151400 6.578094 1.093300
v -2.086700 6.587294 1.091401
v -2.029000 6.556494 1.089500
v -2.000400 6.497794 1.088400
v -2.011800 6.433394 1.088400
v -2.058800 6.388094 1.089600
v -2.123400 6.378994 1.091501
v 1.310400 9.632793 1.932801
v 1.292000 9.610394 1.926101
v 1.467600 9.468594 1.927101
v 1.487700 9.485794 1.935801
v 1.271200 9.582893 1.887101
v 1.444200 9.446194 1.888701
v 1.262800 9.569193 1.830101
v 1.435100 9.434994 1.833701
v 1.269700 9.573494 1.769701
v 1.443000 9.438593 1.776701
v 1.290000 9.594793 1.722201
v 1.465500 9.455294 1.732401
v 1.309000 9.616795 1.708301
v 1.485200 9.470993 1.718801
v 1.315600 9.625294 1.723701
v 1.316700 9.639093 1.918101
v 1.494900 9.491194 1.922701
v 1.492700 9.477993 1.729901
v 1.179300 9.726593 1.922601
v 1.166300 9.700493 1.917401
v 1.151700 9.668293 1.878601
v 1.146400 9.652594 1.820901
v 1.152200 9.658293 1.759801
v 1.167300 9.683495 1.712101
v 1.180700 9.708593 1.699201
v 1.184300 9.717594 1.714301
v 1.183100 9.732994 1.906601
v 1.121300 9.751493 1.916801
v 1.115200 9.721394 1.914701
v 1.108700 9.684895 1.876101
v 1.106600 9.667694 1.817401
v 1.109600 9.675394 1.755101
v 1.116800 9.704994 1.707001
v 1.122900 9.733694 1.696401
v 1.124100 9.741194 1.711001
v 1.122700 9.756495 1.899901
v -1.132800 9.746994 1.918301
v -1.126100 9.719393 1.907001
v -1.118900 9.689894 1.866901
v -1.115800 9.676893 1.816301
v -1.117200 9.682095 1.763601
v -1.122900 9.704594 1.717601
v -1.128700 9.728193 1.697201
v -1.133600 9.748095 1.700101
v -1.138000 9.768093 1.909001
v -1.262600 9.687695 1.920801
v -1.253700 9.659594 1.911101
v -1.243800 9.628094 1.872301
v -1.239100 9.613594 1.818301
v -1.240700 9.619493 1.761101
v -1.248100 9.644194 1.713601
v -1.256000 9.669893 1.695501
v -1.260800 9.684294 1.706101
v -1.266600 9.699894 1.905201
v -1.310100 9.674994 1.920001
v -1.308100 9.643593 1.911101
v -1.305600 9.609594 1.872001
v -1.304000 9.594093 1.817601
v -1.303600 9.600594 1.760101
v -1.304400 9.627594 1.712401
v -1.305900 9.656393 1.694701
v -1.306800 9.670294 1.706901
v -1.310500 9.686295 1.903701
v -1.405400 9.690094 1.916201
v -1.420000 9.661594 1.906001
v -1.364100 9.643694 1.909201
v -1.358800 9.675194 1.918601
v -1.434500 9.631094 1.865901
v -1.369200 9.609894 1.869801
v -1.439800 9.617393 1.811801
v -1.370700 9.594593 1.815501
v -1.435000 9.622793 1.755401
v -1.368200 9.601093 1.758401
v -1.420900 9.646494 1.708301
v -1.362400 9.627693 1.710901
v -1.406700 9.672394 1.690501
v -1.356900 9.656593 1.693101
v -1.400400 9.685394 1.702701
v -1.399400 9.700493 1.900201
v -1.356400 9.686493 1.902301
v -1.354700 9.670494 1.705401
v -1.474300 9.760494 1.909501
v -1.502500 9.745995 1.897901
v -1.467900 9.698694 1.902601
v -1.445300 9.721094 1.912901
v -1.531200 9.729994 1.856401
v -1.490900 9.674294 1.861901
v -1.542200 9.722094 1.801801
v -1.499800 9.662893 1.807101
v -1.533700 9.723894 1.745801
v -1.492600 9.666893 1.750201
v -1.507400 9.734894 1.699901
v -1.471100 9.685293 1.703601
v -1.480200 9.747593 1.683301
v -1.449300 9.705494 1.687001
v -1.467800 9.754293 1.696101
v -1.462900 9.765493 1.894001
v -1.436500 9.728693 1.897001
v -1.439800 9.715393 1.699901
v -1.488500 9.857893 1.902701
v -1.519600 9.862793 1.889701
v -1.519400 9.804193 1.894101
v -1.488300 9.808994 1.905801
v -1.551200 9.866795 1.846801
v -1.551400 9.798094 1.852001
v -1.563400 9.867094 1.791701
v -1.563900 9.794193 1.796501
v -1.554200 9.863693 1.736001
v -1.554500 9.793394 1.740001
v -1.525300 9.857294 1.691301
v -1.525100 9.795794 1.694701
v -1.495400 9.851694 1.676001
v -1.495200 9.799395 1.679501
v -1.481800 9.849794 1.689501
v -1.476000 9.855293 1.887701
v -1.476300 9.810093 1.890401
v -1.482000 9.801794 1.693001
v -1.442600 9.944994 1.898401
v -1.464500 9.967194 1.884601
v -1.499000 9.919794 1.887101
v -1.471300 9.905394 1.900001
v -1.486700 9.989094 1.840901
v -1.527400 9.933794 1.843801
v -1.495200 9.996695 1.785301
v -1.538500 9.938194 1.787801
v -1.488300 9.988693 1.729701
v -1.530000 9.932095 1.731701
v -1.467600 9.966593 1.685801
v -1.503800 9.916994 1.687501
v -1.446400 9.944695 1.671501
v -1.477000 9.902393 1.673301
v -1.436800 9.935093 1.685301
v -1.433700 9.935595 1.883701
v -1.460500 9.899294 1.885101
v -1.465300 9.896593 1.687201
v -1.353700 9.990194 1.898201
v -1.357900 10.021393 1.883901
v -1.414500 10.001493 1.884401
v -1.400800 9.973494 1.897701
v -1.361800 10.052294 1.840101
v -1.428200 10.029793 1.840701
v -1.362700 10.063494 1.784901
v -1.433300 10.040094 1.784401
v -1.360700 10.053293 1.729901
v -1.428600 10.030294 1.728201
v -1.355900 10.023394 1.686001
v -1.415200 10.002693 1.684401
v -1.351400 9.993093 1.671201
v -1.401700 9.975094 1.670801
v -1.349700 9.979094 1.684701
v -1.351700 9.976994 1.883801
v -1.395400 9.962393 1.882901
v -1.396200 9.963594 1.685101
v -1.303800 9.987394 1.899801
v -1.259000 9.969694 1.902301
v -1.248200 9.997593 1.889001
v -1.298200 10.017893 1.886701
v -1.236700 10.026194 1.846401
v -1.292000 10.048794 1.843301
v -1.231400 10.036894 1.791001
v -1.288800 10.060194 1.787501
v -1.233500 10.027193 1.735001
v -1.289300 10.049694 1.731501
v -1.242500 9.999294 1.690701
v -1.293400 10.019794 1.687401
v -1.252600 9.971493 1.675601
v -1.298200 9.989893 1.673101
v -1.257700 9.958393 1.689101
v -1.263400 9.956793 1.888201
v -1.305600 9.974794 1.885101
v -1.300700 9.976694 1.686701
v 1.063800 9.875895 1.909101
v 1.060000 9.904894 1.900901
v -1.128500 9.908594 1.899701
v -1.139200 9.877295 1.904201
v 1.055700 9.938194 1.858501
v -1.116500 9.942493 1.857501
v 1.054000 9.951494 1.798801
v -1.111200 9.956293 1.797301
v 1.055600 9.939993 1.738301
v -1.114600 9.944695 1.736001
v 1.059800 9.907993 1.694101
v -1.125200 9.912094 1.691501
v 1.063700 9.879194 1.684301
v -1.135800 9.880693 1.685001
v 1.064800 9.870295 1.699501
v 1.064900 9.867495 1.893501
v -1.140700 9.872093 1.889601
v -1.137800 9.874893 1.700201
v 1.410000 9.967693 1.907101
v 1.402800 9.992594 1.896301
v 1.394800 10.021894 1.855601
v 1.391800 10.033394 1.800101
v 1.394600 10.023594 1.744001
v 1.402500 9.995394 1.701801
v 1.409600 9.970894 1.689601
v 1.411700 9.961193 1.701001
v 1.412000 9.958393 1.895201
v 1.463000 9.441793 1.881001
v 1.455200 9.431993 1.833101
v 1.461900 9.435194 1.783201
v 1.497100 9.476194 1.919401
v 1.481300 9.450394 1.744901
v 1.494900 9.463694 1.735601
v 1.483300 9.461794 1.914101
v 1.418300 9.991394 1.883701
v 1.422200 9.971994 1.890801
v 1.421900 9.974693 1.706001
v 1.409000 10.027594 1.799901
v 1.418000 9.993895 1.714201
v 1.411300 10.018894 1.750701
v 1.411400 10.017393 1.848601
vt 0.727800 0.588800
vt 0.728400 0.638700
vt 0.727900 0.638600
vt 0.727600 0.554000
vt 0.728300 0.588900
vt 0.727300 0.506000
vt 0.728100 0.554100
vt 0.727300 0.463800
vt 0.727800 0.506100
vt 0.726400 0.424100
vt 0.726700 0.463800
vt 0.726200 0.388300
vt 0.727000 0.424100
vt 0.726500 0.322800
vt 0.726800 0.388400
vt 0.726000 0.322800
vt 0.726500 0.311700
vt 0.725900 0.296000
vt 0.726000 0.311700
vt 0.717100 0.294600
vt 0.726500 0.295500
vt 0.708200 0.295900
vt 0.717100 0.295200
vt 0.707200 0.311700
vt 0.707600 0.295400
vt 0.707500 0.322800
vt 0.707700 0.311700
vt 0.705700 0.388300
vt 0.707000 0.322800
vt 0.704400 0.424000
vt 0.705200 0.388300
vt 0.705000 0.424000
vt 0.703800 0.463700
vt 0.703600 0.505900
vt 0.704400 0.463600
vt 0.703400 0.553800
vt 0.703100 0.505900
vt 0.702700 0.588600
vt 0.702800 0.553800
vt 0.703300 0.588600
vt 0.702800 0.638400
vt 0.703300 0.638400
vt 0.703000 0.647700
vt 0.703600 0.647700
vt 0.703500 0.656500
vt 0.699600 0.663400
vt 0.704100 0.656700
vt 0.699300 0.665000
vt 0.699100 0.663200
vt 0.701000 0.666800
vt 0.699800 0.665000
vt 0.703200 0.668300
vt 0.700400 0.667100
vt 0.708100 0.669100
vt 0.702900 0.668900
vt 0.707900 0.668500
vt 0.710400 0.668200
vt 0.710100 0.667700
vt 0.712600 0.666400
vt 0.712200 0.666000
vt 0.715600 0.663900
vt 0.719000 0.666000
vt 0.715600 0.663300
vt 0.721200 0.667700
vt 0.718700 0.666400
vt 0.723300 0.668500
vt 0.720800 0.668200
vt 0.728000 0.668400
vt 0.723100 0.669200
vt 0.730800 0.667200
vt 0.728200 0.669000
vt 0.730200 0.666900
vt 0.732000 0.665100
vt 0.731600 0.663500
vt 0.731400 0.665100
vt 0.727800 0.656700
vt 0.732100 0.663400
vt 0.727700 0.647900
vt 0.727100 0.656900
vt 0.728200 0.647900
vt 0.426200 0.585600
vt 0.418800 0.621500
vt 0.422000 0.584400
vt 0.417900 0.594900
vt 0.422200 0.622100
vt 0.432000 0.586500
vt 0.429900 0.623300
vt 0.437700 0.586800
vt 0.437700 0.623700
vt 0.696500 0.263400
vt 0.702700 0.231800
vt 0.701500 0.263600
vt 0.714300 0.232300
vt 0.713700 0.264000
vt 0.725900 0.232400
vt 0.725900 0.264200
vt 0.649300 0.971000
vt 0.654600 0.936800
vt 0.654600 0.970900
vt 0.667000 0.970900
vt 0.667000 0.936800
vt 0.679500 0.936800
vt 0.679500 0.970900
vt 0.155100 0.484000
vt 0.157000 0.461300
vt 0.159400 0.484100
vt 0.169900 0.482900
vt 0.180400 0.459800
vt 0.180400 0.482600
vt 0.165500 0.580000
vt 0.161800 0.507400
vt 0.170100 0.579400
vt 0.171100 0.506400
vt 0.175200 0.578700
vt 0.180400 0.578500
vt 0.925200 0.925100
vt 0.923800 0.954600
vt 0.920200 0.954100
vt 0.927100 0.925300
vt 0.934500 0.955400
vt 0.936100 0.926100
vt 0.945200 0.955700
vt 0.170000 0.590900
vt 0.162000 0.585000
vt 0.168300 0.583400
vt 0.174400 0.582400
vt 0.175200 0.590100
vt 0.180400 0.582100
vt 0.180400 0.589900
vt 0.586300 0.109600
vt 0.595900 0.117000
vt 0.587200 0.118700
vt 0.578300 0.111100
vt 0.578100 0.120200
vt 0.575700 0.111900
vt 0.570800 0.120800
vt 0.568300 0.118900
vt 0.569000 0.084200
vt 0.575700 0.109900
vt 0.595200 0.169300
vt 0.606600 0.178700
vt 0.595000 0.180100
vt 0.584900 0.170700
vt 0.583200 0.181500
vt 0.581900 0.171500
vt 0.573900 0.181600
vt 0.580600 0.139400
vt 0.571300 0.179100
vt 0.568500 0.127700
vt 0.581700 0.137200
vt 0.578400 0.122700
vt 0.583600 0.137400
vt 0.587700 0.121200
vt 0.592500 0.136100
vt 0.596400 0.119200
vt 0.601300 0.133900
vt 0.600400 0.234800
vt 0.611100 0.248500
vt 0.598300 0.248300
vt 0.588900 0.235000
vt 0.585400 0.248200
vt 0.584800 0.235400
vt 0.574700 0.247500
vt 0.583300 0.200300
vt 0.572600 0.244000
vt 0.571400 0.188600
vt 0.583700 0.198000
vt 0.583300 0.183600
vt 0.587700 0.197900
vt 0.595200 0.182200
vt 0.598900 0.196700
vt 0.606800 0.180400
vt 0.610300 0.194700
vt 0.602100 0.304500
vt 0.610800 0.320500
vt 0.598200 0.318400
vt 0.590200 0.303000
vt 0.585300 0.316600
vt 0.585500 0.302700
vt 0.574500 0.314800
vt 0.584800 0.265000
vt 0.572500 0.311200
vt 0.572600 0.253900
vt 0.584700 0.263400
vt 0.585400 0.249900
vt 0.588900 0.263900
vt 0.598300 0.249900
vt 0.600500 0.264200
vt 0.611100 0.249600
vt 0.612900 0.263600
vt 0.574000 0.453500
vt 0.570400 0.381400
vt 0.579200 0.378800
vt 0.583900 0.332900
vt 0.585200 0.318800
vt 0.587200 0.333900
vt 0.598000 0.320600
vt 0.598100 0.335700
vt 0.610600 0.322100
vt 0.609900 0.337000
vt 0.156200 0.492100
vt 0.161200 0.502900
vt 0.157400 0.503200
vt 0.160300 0.491700
vt 0.170800 0.501900
vt 0.170400 0.490500
vt 0.180400 0.501600
vt 0.180400 0.490200
vt 0.437700 0.501000
vt 0.429900 0.464500
vt 0.437700 0.464100
vt 0.432000 0.501300
vt 0.422200 0.465600
vt 0.417900 0.492900
vt 0.426200 0.502200
vt 0.422000 0.503400
vt 0.443800 0.795500
vt 0.431700 0.763900
vt 0.443200 0.763800
vt 0.456000 0.795200
vt 0.454800 0.763300
vt 0.461100 0.794900
vt 0.459300 0.763000
vt 0.837500 0.868700
vt 0.825100 0.834600
vt 0.837500 0.834600
vt 0.849900 0.834600
vt 0.849900 0.868700
vt 0.855200 0.834500
vt 0.855200 0.868800
vt 0.180400 0.799400
vt 0.169900 0.776200
vt 0.180400 0.776600
vt 0.157000 0.797800
vt 0.159400 0.775100
vt 0.155100 0.775100
vt 0.151600 0.797100
vt 0.180400 0.753100
vt 0.175200 0.680400
vt 0.180400 0.680700
vt 0.171100 0.752700
vt 0.170100 0.679800
vt 0.161800 0.751700
vt 0.165500 0.679200
vt 0.748800 0.936800
vt 0.739800 0.966400
vt 0.739800 0.937000
vt 0.757900 0.936000
vt 0.750500 0.966100
vt 0.759800 0.935800
vt 0.761200 0.965300
vt 0.180400 0.677000
vt 0.175200 0.669000
vt 0.180400 0.669300
vt 0.174400 0.676700
vt 0.170000 0.668300
vt 0.162000 0.674100
vt 0.165000 0.666800
vt 0.355100 0.084000
vt 0.353400 0.118500
vt 0.346000 0.109300
vt 0.344900 0.111500
vt 0.341000 0.119900
vt 0.340500 0.110800
vt 0.330000 0.119300
vt 0.329900 0.110200
vt 0.319000 0.119100
vt 0.319000 0.110000
vt 0.329800 0.169900
vt 0.318900 0.180400
vt 0.318900 0.169600
vt 0.328500 0.137500
vt 0.319000 0.121800
vt 0.330000 0.122000
vt 0.338100 0.137600
vt 0.341000 0.122400
vt 0.340500 0.137500
vt 0.350500 0.123300
vt 0.342100 0.139700
vt 0.354100 0.178800
vt 0.343300 0.170500
vt 0.343200 0.171600
vt 0.342400 0.181500
vt 0.340200 0.170800
vt 0.330600 0.180700
vt 0.328900 0.197500
vt 0.318900 0.182400
vt 0.330700 0.182700
vt 0.339100 0.197900
vt 0.342500 0.183500
vt 0.342500 0.198000
vt 0.352400 0.184400
vt 0.342800 0.200400
vt 0.354400 0.243900
vt 0.342200 0.233900
vt 0.342600 0.235400
vt 0.343100 0.248300
vt 0.339300 0.235100
vt 0.331000 0.248500
vt 0.329100 0.235100
vt 0.318900 0.248600
vt 0.318900 0.235000
vt 0.329300 0.264100
vt 0.318900 0.250000
vt 0.331000 0.249900
vt 0.339600 0.263800
vt 0.343100 0.249900
vt 0.343000 0.263400
vt 0.353000 0.250300
vt 0.342400 0.265000
vt 0.354600 0.311200
vt 0.342100 0.300700
vt 0.342200 0.302700
vt 0.343100 0.316700
vt 0.338500 0.303100
vt 0.331000 0.318200
vt 0.328600 0.304100
vt 0.318900 0.318800
vt 0.318900 0.304500
vt 0.329900 0.335200
vt 0.318900 0.320700
vt 0.330900 0.320200
vt 0.340300 0.333900
vt 0.343000 0.318900
vt 0.343200 0.332900
vt 0.352700 0.318200
vt 0.344900 0.374200
vt 0.354900 0.373000
vt 0.354900 0.377600
vt 0.351100 0.453500
vt 0.354900 0.381400
vt 0.354900 0.457300
vt 0.170400 0.768600
vt 0.180400 0.757600
vt 0.180400 0.769000
vt 0.160300 0.767500
vt 0.170800 0.757200
vt 0.156200 0.767100
vt 0.161200 0.756300
vt 0.168300 0.675800
vt 0.406900 0.513500
vt 0.376300 0.493100
vt 0.381500 0.487300
vt 0.403000 0.517700
vt 0.371600 0.499300
vt 0.399600 0.522300
vt 0.370500 0.501300
vt 0.395500 0.476400
vt 0.415900 0.506400
vt 0.393500 0.477500
vt 0.411200 0.509700
vt 0.387200 0.482100
vt 0.073500 0.980300
vt 0.061900 0.948500
vt 0.073600 0.948500
vt 0.085400 0.980300
vt 0.085500 0.948400
vt 0.090300 0.980200
vt 0.090100 0.948300
vt 0.032000 0.979200
vt 0.038700 0.947700
vt 0.037100 0.979500
vt 0.050300 0.948200
vt 0.049200 0.980000
vt 0.061400 0.980300
vt 0.659800 0.303600
vt 0.647400 0.269600
vt 0.659800 0.269600
vt 0.672200 0.303700
vt 0.672200 0.269500
vt 0.677500 0.269500
vt 0.677500 0.303700
vt 0.617200 0.303700
vt 0.622500 0.269500
vt 0.622500 0.303700
vt 0.634900 0.303600
vt 0.634900 0.269600
vt 0.647400 0.303600
vt 0.060300 0.749600
vt 0.069300 0.725800
vt 0.076500 0.733500
vt 0.044900 0.731900
vt 0.062600 0.717500
vt 0.059600 0.714500
vt 0.041600 0.727600
vt 0.095400 0.750400
vt 0.078000 0.765100
vt 0.092400 0.747400
vt 0.084100 0.740700
vt 0.093100 0.716900
vt 0.140800 0.661800
vt 0.144300 0.665700
vt 0.086700 0.710000
vt 0.137600 0.657700
vt 0.080900 0.702800
vt 0.134800 0.654000
vt 0.156000 0.675200
vt 0.107200 0.729100
vt 0.152300 0.672400
vt 0.100000 0.723300
vt 0.148200 0.669200
vt 0.603000 0.942400
vt 0.593300 0.971800
vt 0.594000 0.942500
vt 0.612100 0.941800
vt 0.604000 0.971800
vt 0.614000 0.941600
vt 0.614800 0.971100
vt 0.573900 0.940900
vt 0.571900 0.970400
vt 0.568400 0.969900
vt 0.575800 0.941200
vt 0.582600 0.971400
vt 0.584900 0.942100
vt 0.146900 0.663100
vt 0.148800 0.653800
vt 0.152400 0.657700
vt 0.142800 0.658600
vt 0.145700 0.649600
vt 0.135900 0.648000
vt 0.143200 0.645000
vt 0.160400 0.664300
vt 0.151400 0.667200
vt 0.156200 0.661200
vt 0.426200 0.084200
vt 0.425200 0.118500
vt 0.418700 0.110300
vt 0.416700 0.111500
vt 0.412800 0.119900
vt 0.412300 0.110700
vt 0.401800 0.119200
vt 0.401600 0.110100
vt 0.390800 0.119200
vt 0.390700 0.110000
vt 0.379800 0.110300
vt 0.379700 0.119400
vt 0.369200 0.110900
vt 0.368700 0.120000
vt 0.364800 0.111600
vt 0.359700 0.120400
vt 0.356300 0.118500
vt 0.356200 0.084000
vt 0.363000 0.110500
vt 0.401500 0.169900
vt 0.390800 0.180500
vt 0.390600 0.169700
vt 0.379900 0.170100
vt 0.379000 0.180800
vt 0.369500 0.170900
vt 0.367300 0.181500
vt 0.366500 0.171700
vt 0.358000 0.181400
vt 0.367600 0.139700
vt 0.355600 0.178800
vt 0.356100 0.127300
vt 0.369200 0.137500
vt 0.368700 0.122500
vt 0.371600 0.137700
vt 0.379800 0.122000
vt 0.381200 0.137600
vt 0.390800 0.121800
vt 0.390800 0.137500
vt 0.400400 0.137500
vt 0.401800 0.121900
vt 0.409900 0.137600
vt 0.412800 0.122400
vt 0.412300 0.137400
vt 0.422300 0.123300
vt 0.413900 0.139700
vt 0.425900 0.178800
vt 0.415100 0.170400
vt 0.415000 0.171500
vt 0.414200 0.181400
vt 0.412000 0.170700
vt 0.402500 0.180600
vt 0.400800 0.197500
vt 0.390800 0.182600
vt 0.402600 0.182700
vt 0.410900 0.197900
vt 0.414400 0.183400
vt 0.414300 0.197900
vt 0.424200 0.184400
vt 0.414600 0.200400
vt 0.426300 0.243900
vt 0.414000 0.233900
vt 0.414500 0.235400
vt 0.414900 0.248200
vt 0.411100 0.235100
vt 0.402800 0.248400
vt 0.401000 0.235000
vt 0.390700 0.248500
vt 0.390700 0.235000
vt 0.380400 0.235100
vt 0.378600 0.248500
vt 0.370300 0.235100
vt 0.366500 0.248300
vt 0.367000 0.235400
vt 0.356700 0.247400
vt 0.366800 0.200400
vt 0.355100 0.243900
vt 0.355400 0.188400
vt 0.367100 0.198000
vt 0.367100 0.183600
vt 0.370600 0.198000
vt 0.379000 0.182900
vt 0.380800 0.197600
vt 0.390800 0.197400
vt 0.401100 0.264100
vt 0.390700 0.249900
vt 0.402800 0.249900
vt 0.411400 0.263800
vt 0.414900 0.249900
vt 0.414800 0.263400
vt 0.424900 0.250400
vt 0.414200 0.265000
vt 0.426400 0.311300
vt 0.413900 0.300700
vt 0.414000 0.302800
vt 0.414900 0.316800
vt 0.410400 0.303200
vt 0.402900 0.318300
vt 0.400500 0.304200
vt 0.390800 0.318800
vt 0.390900 0.304500
vt 0.381200 0.304100
vt 0.378700 0.318100
vt 0.371200 0.303000
vt 0.366700 0.316700
vt 0.367600 0.302700
vt 0.356700 0.314900
vt 0.367100 0.264900
vt 0.355300 0.311200
vt 0.355000 0.253900
vt 0.366600 0.263300
vt 0.366500 0.249900
vt 0.370000 0.263800
vt 0.378600 0.249900
vt 0.380300 0.264100
vt 0.390700 0.264200
vt 0.401600 0.335400
vt 0.390800 0.320700
vt 0.402800 0.320300
vt 0.412200 0.334100
vt 0.414800 0.319000
vt 0.415100 0.333000
vt 0.424600 0.318300
vt 0.416700 0.374200
vt 0.426700 0.372800
vt 0.426700 0.377700
vt 0.422900 0.453500
vt 0.426700 0.381400
vt 0.426700 0.457400
vt 0.358600 0.453500
vt 0.363700 0.378700
vt 0.366600 0.332800
vt 0.366700 0.318800
vt 0.369400 0.333800
vt 0.378800 0.320100
vt 0.379700 0.335100
vt 0.390600 0.335700
vt 0.075000 0.720700
vt 0.089900 0.720100
vt 0.081800 0.728100
vt 0.068600 0.712800
vt 0.083300 0.713000
vt 0.066000 0.709600
vt 0.077300 0.705600
vt 0.100300 0.744000
vt 0.104400 0.732700
vt 0.107300 0.735200
vt 0.097100 0.741400
vt 0.097000 0.726700
vt 0.089200 0.735000
vt 0.139200 0.653600
vt 0.156400 0.670800
vt 0.394000 0.543900
vt 0.358300 0.551600
vt 0.358000 0.543900
vt 0.394300 0.549500
vt 0.359400 0.559300
vt 0.395200 0.555200
vt 0.360100 0.561500
vt 0.360100 0.526300
vt 0.395200 0.532600
vt 0.359400 0.528500
vt 0.394300 0.538300
vt 0.358300 0.536100
vt 0.972500 0.245100
vt 0.960600 0.213400
vt 0.972500 0.213400
vt 0.984400 0.245100
vt 0.984400 0.213300
vt 0.989300 0.245000
vt 0.989000 0.213200
vt 0.932000 0.245000
vt 0.936800 0.213300
vt 0.936900 0.245100
vt 0.948700 0.213400
vt 0.948800 0.245100
vt 0.960600 0.245100
vt 0.074600 0.940200
vt 0.062200 0.906200
vt 0.074600 0.906200
vt 0.087000 0.906100
vt 0.087000 0.940300
vt 0.092300 0.906100
vt 0.092300 0.940300
vt 0.032000 0.940300
vt 0.037300 0.906100
vt 0.037300 0.940300
vt 0.049700 0.940200
vt 0.049700 0.906200
vt 0.062200 0.940200
vt 0.010600 0.629600
vt 0.033800 0.619000
vt 0.033400 0.629600
vt 0.012200 0.606100
vt 0.034900 0.608500
vt 0.034900 0.604200
vt 0.012900 0.600700
vt 0.034900 0.654900
vt 0.012200 0.653000
vt 0.034900 0.650600
vt 0.033800 0.640100
vt 0.056900 0.629600
vt 0.129600 0.624300
vt 0.129300 0.629600
vt 0.057300 0.620200
vt 0.130300 0.619200
vt 0.058300 0.611000
vt 0.130900 0.614600
vt 0.130900 0.644500
vt 0.058300 0.648100
vt 0.130300 0.640000
vt 0.057300 0.638900
vt 0.129600 0.634800
vt 0.437000 0.803400
vt 0.427300 0.832800
vt 0.427900 0.803400
vt 0.446000 0.802800
vt 0.438000 0.832700
vt 0.447900 0.802500
vt 0.448800 0.832100
vt 0.407800 0.802200
vt 0.406000 0.831600
vt 0.402400 0.831200
vt 0.409700 0.802400
vt 0.416600 0.832600
vt 0.418800 0.803300
vt 0.133000 0.629600
vt 0.141000 0.624300
vt 0.140700 0.629600
vt 0.133300 0.623500
vt 0.141700 0.619100
vt 0.135900 0.611100
vt 0.143200 0.614200
vt 0.141700 0.640000
vt 0.133300 0.635600
vt 0.141000 0.634800
vt 0.497500 0.084200
vt 0.496900 0.118400
vt 0.490400 0.110300
vt 0.488500 0.111500
vt 0.484600 0.119900
vt 0.484100 0.110800
vt 0.473600 0.119300
vt 0.473400 0.110100
vt 0.462600 0.119200
vt 0.462600 0.110100
vt 0.451700 0.110100
vt 0.451500 0.119300
vt 0.441000 0.110800
vt 0.440500 0.119900
vt 0.436600 0.111500
vt 0.431500 0.120400
vt 0.428100 0.118400
vt 0.427600 0.084200
vt 0.434600 0.110300
vt 0.473300 0.170000
vt 0.462600 0.180600
vt 0.462600 0.169800
vt 0.451800 0.170000
vt 0.450800 0.180700
vt 0.441400 0.170800
vt 0.439100 0.181400
vt 0.438300 0.171600
vt 0.429800 0.181300
vt 0.439400 0.139700
vt 0.427400 0.178800
vt 0.427900 0.127200
vt 0.441000 0.137400
vt 0.440500 0.122400
vt 0.443400 0.137600
vt 0.451600 0.121900
vt 0.453000 0.137500
vt 0.462600 0.121800
vt 0.462600 0.137500
vt 0.472100 0.137500
vt 0.473600 0.121900
vt 0.481700 0.137600
vt 0.484600 0.122400
vt 0.484100 0.137500
vt 0.494100 0.123300
vt 0.485700 0.139700
vt 0.497800 0.178800
vt 0.486900 0.170500
vt 0.486800 0.171600
vt 0.486100 0.181400
vt 0.483800 0.170800
vt 0.474300 0.180700
vt 0.472600 0.197600
vt 0.462600 0.182700
vt 0.474400 0.182800
vt 0.482800 0.197900
vt 0.486200 0.183500
vt 0.486200 0.198000
vt 0.496100 0.184400
vt 0.486500 0.200400
vt 0.498200 0.243900
vt 0.485900 0.233900
vt 0.486400 0.235400
vt 0.486800 0.248200
vt 0.483100 0.235100
vt 0.474600 0.248300
vt 0.473000 0.234900
vt 0.462600 0.248300
vt 0.462600 0.234700
vt 0.452200 0.234900
vt 0.450500 0.248300
vt 0.442000 0.235100
vt 0.438400 0.248200
vt 0.438800 0.235400
vt 0.428500 0.247500
vt 0.438700 0.200400
vt 0.427000 0.243900
vt 0.427200 0.188400
vt 0.438900 0.198000
vt 0.438900 0.183500
vt 0.442400 0.197900
vt 0.450800 0.182800
vt 0.452500 0.197600
vt 0.462600 0.197500
vt 0.472900 0.264000
vt 0.462600 0.249800
vt 0.474700 0.249800
vt 0.483200 0.263700
vt 0.486800 0.249800
vt 0.486700 0.263400
vt 0.496800 0.250300
vt 0.486200 0.265000
vt 0.498100 0.311300
vt 0.485700 0.300700
vt 0.485800 0.302800
vt 0.486700 0.316800
vt 0.482200 0.303100
vt 0.474700 0.318200
vt 0.472300 0.304100
vt 0.462600 0.318600
vt 0.462600 0.304400
vt 0.452900 0.304100
vt 0.450500 0.318200
vt 0.443000 0.303100
vt 0.438400 0.316800
vt 0.439300 0.302800
vt 0.428500 0.314900
vt 0.439000 0.265000
vt 0.427100 0.311300
vt 0.426900 0.254000
vt 0.438500 0.263400
vt 0.438400 0.249800
vt 0.441900 0.263700
vt 0.450500 0.249800
vt 0.452200 0.264000
vt 0.462600 0.264100
vt 0.473400 0.335200
vt 0.462600 0.320500
vt 0.474600 0.320200
vt 0.483900 0.334000
vt 0.486600 0.319000
vt 0.486900 0.332900
vt 0.496400 0.318300
vt 0.488500 0.374200
vt 0.498500 0.373000
vt 0.498500 0.377700
vt 0.494800 0.453500
vt 0.498500 0.381400
vt 0.498500 0.457400
vt 0.430400 0.453500
vt 0.435500 0.378800
vt 0.438300 0.333000
vt 0.438500 0.319000
vt 0.441300 0.334000
vt 0.450500 0.320200
vt 0.451800 0.335200
vt 0.462600 0.335500
vt 0.041400 0.619400
vt 0.052300 0.629600
vt 0.040900 0.629600
vt 0.042500 0.609400
vt 0.052800 0.620000
vt 0.042900 0.605300
vt 0.053800 0.610400
vt 0.042900 0.653800
vt 0.053800 0.648700
vt 0.054000 0.652500
vt 0.042500 0.649700
vt 0.052800 0.639200
vt 0.041400 0.639700
vt 0.134200 0.617400
vt 0.134200 0.641700
vt 0.406900 0.574300
vt 0.387200 0.605700
vt 0.381500 0.600500
vt 0.411200 0.578000
vt 0.393500 0.610300
vt 0.415900 0.581400
vt 0.395500 0.611400
vt 0.370500 0.586400
vt 0.399600 0.565500
vt 0.371600 0.588500
vt 0.403000 0.570100
vt 0.376300 0.594700
vt 0.658300 0.343400
vt 0.645600 0.311900
vt 0.657300 0.311700
vt 0.670500 0.342900
vt 0.668800 0.311100
vt 0.675500 0.342600
vt 0.673300 0.310800
vt 0.617200 0.343600
vt 0.622100 0.311800
vt 0.622200 0.343700
vt 0.633900 0.311900
vt 0.634100 0.343700
vt 0.646200 0.343700
vt 0.739000 0.224400
vt 0.726600 0.190300
vt 0.739000 0.190300
vt 0.751500 0.190300
vt 0.751500 0.224400
vt 0.756800 0.190200
vt 0.756800 0.224500
vt 0.696400 0.224500
vt 0.701700 0.190300
vt 0.701700 0.224400
vt 0.714200 0.224400
vt 0.714200 0.190300
vt 0.726600 0.224400
vt 0.060400 0.509400
vt 0.084200 0.518400
vt 0.076500 0.525600
vt 0.078100 0.494000
vt 0.092500 0.511700
vt 0.095500 0.508600
vt 0.082400 0.490600
vt 0.059600 0.544500
vt 0.044900 0.527100
vt 0.062700 0.541500
vt 0.069400 0.533200
vt 0.093200 0.542200
vt 0.148200 0.589900
vt 0.144300 0.593400
vt 0.100000 0.535800
vt 0.152300 0.586700
vt 0.107300 0.530000
vt 0.156000 0.583900
vt 0.134800 0.605100
vt 0.080900 0.556300
vt 0.137600 0.601400
vt 0.086800 0.549000
vt 0.140800 0.597300
vt 0.915600 0.012100
vt 0.907100 0.041800
vt 0.906500 0.012400
vt 0.924600 0.011200
vt 0.917800 0.041300
vt 0.926500 0.010900
vt 0.928500 0.040400
vt 0.886500 0.011500
vt 0.885700 0.041100
vt 0.882100 0.040700
vt 0.888400 0.011800
vt 0.896400 0.041700
vt 0.897400 0.012400
vt 0.146900 0.596000
vt 0.156200 0.598000
vt 0.152400 0.601500
vt 0.151400 0.591900
vt 0.160500 0.594800
vt 0.165000 0.592400
vt 0.145700 0.609600
vt 0.142800 0.600500
vt 0.148800 0.605400
vt 0.567900 0.084300
vt 0.566100 0.118800
vt 0.560100 0.110500
vt 0.558400 0.111700
vt 0.554900 0.120200
vt 0.554400 0.111000
vt 0.544300 0.119500
vt 0.544200 0.110400
vt 0.533600 0.119200
vt 0.533700 0.110100
vt 0.523100 0.110100
vt 0.522800 0.119300
vt 0.512500 0.110800
vt 0.512000 0.119900
vt 0.508200 0.111500
vt 0.503100 0.120400
vt 0.499800 0.118500
vt 0.498900 0.084200
vt 0.506300 0.110300
vt 0.545400 0.170200
vt 0.534500 0.180600
vt 0.534600 0.169700
vt 0.523700 0.169900
vt 0.522700 0.180600
vt 0.513200 0.170700
vt 0.510900 0.181400
vt 0.510100 0.171500
vt 0.501700 0.181300
vt 0.511100 0.139700
vt 0.499200 0.178800
vt 0.499600 0.127200
vt 0.512700 0.137400
vt 0.512000 0.122400
vt 0.514900 0.137600
vt 0.522900 0.121900
vt 0.524200 0.137500
vt 0.533600 0.121900
vt 0.533500 0.137500
vt 0.542800 0.137700
vt 0.544300 0.122100
vt 0.552000 0.138000
vt 0.554900 0.122700
vt 0.554200 0.138000
vt 0.563700 0.123600
vt 0.555700 0.140400
vt 0.569800 0.179000
vt 0.558600 0.171100
vt 0.558700 0.172000
vt 0.558000 0.181800
vt 0.555800 0.171100
vt 0.546200 0.181000
vt 0.544500 0.197700
vt 0.534500 0.182600
vt 0.546300 0.183000
vt 0.554700 0.198200
vt 0.558200 0.183800
vt 0.558300 0.198300
vt 0.568200 0.184700
vt 0.558800 0.200800
vt 0.571600 0.244000
vt 0.558900 0.234200
vt 0.559300 0.235600
vt 0.559500 0.248300
vt 0.555800 0.235200
vt 0.547100 0.248500
vt 0.545400 0.235100
vt 0.534900 0.248500
vt 0.534900 0.234900
vt 0.524500 0.235000
vt 0.522700 0.248400
vt 0.514200 0.235100
vt 0.510500 0.248200
vt 0.510800 0.235400
vt 0.500500 0.247500
vt 0.510500 0.200400
vt 0.498900 0.243900
vt 0.499100 0.188400
vt 0.510800 0.197900
vt 0.510800 0.183400
vt 0.514200 0.197900
vt 0.522600 0.182700
vt 0.524400 0.197500
vt 0.534400 0.197500
vt 0.545500 0.264100
vt 0.534900 0.249900
vt 0.547200 0.249900
vt 0.556100 0.263800
vt 0.559600 0.249900
vt 0.559700 0.263300
vt 0.570000 0.250300
vt 0.559400 0.264900
vt 0.571400 0.311200
vt 0.558800 0.300600
vt 0.558800 0.302700
vt 0.559400 0.316600
vt 0.554900 0.303000
vt 0.547100 0.318000
vt 0.544600 0.304000
vt 0.534800 0.318700
vt 0.534700 0.304400
vt 0.524900 0.304200
vt 0.522600 0.318300
vt 0.514900 0.303200
vt 0.510400 0.316800
vt 0.511200 0.302800
vt 0.500400 0.315000
vt 0.511000 0.265000
vt 0.498900 0.311300
vt 0.498900 0.254000
vt 0.510500 0.263400
vt 0.510400 0.249900
vt 0.513900 0.263800
vt 0.522700 0.249900
vt 0.524300 0.264100
vt 0.534900 0.264200
vt 0.546000 0.335000
vt 0.534800 0.320600
vt 0.547000 0.320000
vt 0.556600 0.333700
vt 0.559300 0.318700
vt 0.559600 0.332600
vt 0.569500 0.318200
vt 0.570500 0.373400
vt 0.560600 0.374100
vt 0.555100 0.364300
vt 0.570400 0.377700
vt 0.560500 0.374200
vt 0.566600 0.453500
vt 0.570300 0.457300
vt 0.502200 0.453500
vt 0.507300 0.378800
vt 0.510200 0.333000
vt 0.510500 0.319000
vt 0.513200 0.334100
vt 0.522600 0.320300
vt 0.523800 0.335400
vt 0.535000 0.335700
vt 0.089300 0.524100
vt 0.090000 0.539000
vt 0.081900 0.531000
vt 0.097200 0.517700
vt 0.097000 0.532400
vt 0.100400 0.515100
vt 0.104500 0.526300
vt 0.066100 0.549400
vt 0.077300 0.553500
vt 0.074900 0.556400
vt 0.068700 0.546200
vt 0.083400 0.546100
vt 0.075000 0.538300
vt 0.156400 0.588300
vt 0.139200 0.605500
vt 0.158100 0.507400
vt 0.180400 0.506100
vt 0.580400 0.374300
vt 0.158100 0.751800
vt 0.078200 0.700200
vt 0.109800 0.731800
vt 0.364800 0.374200
vt 0.058200 0.607200
vt 0.058200 0.651900
vt 0.436600 0.374200
vt 0.107400 0.523800
vt 0.107300 0.523800
vt 0.109900 0.527300
vt 0.078300 0.558900
vt 0.508400 0.374200
vt 0.489700 0.378800
vt 0.484800 0.334300
vt 0.498500 0.364400
vt 0.482000 0.356400
vt 0.512200 0.334400
vt 0.498500 0.319900
vt 0.513800 0.364300
vt 0.515000 0.356400
vt 0.483100 0.364300
vt 0.417900 0.378800
vt 0.413000 0.334400
vt 0.426700 0.363900
vt 0.410200 0.356400
vt 0.440400 0.334400
vt 0.426700 0.319900
vt 0.442000 0.364300
vt 0.443100 0.356400
vt 0.411300 0.364300
vt 0.346100 0.378700
vt 0.341200 0.334300
vt 0.354900 0.364200
vt 0.338400 0.356300
vt 0.368600 0.334300
vt 0.354900 0.319800
vt 0.370200 0.364300
vt 0.371300 0.356300
vt 0.339500 0.364300
vt 0.561600 0.378800
vt 0.557600 0.333900
vt 0.570600 0.364900
vt 0.554200 0.356100
vt 0.585600 0.334500
vt 0.571900 0.319800
vt 0.586000 0.364500
vt 0.587300 0.356700
vt 0.435400 0.567800
vt 0.430500 0.566600
vt 0.425700 0.563800
vt 0.428100 0.565400
vt 0.421300 0.559600
vt 0.418000 0.554000
vt 0.419500 0.556900
vt 0.430500 0.521200
vt 0.416200 0.547400
vt 0.416200 0.540400
vt 0.416000 0.543900
vt 0.416900 0.537000
vt 0.421300 0.528200
vt 0.418000 0.533800
vt 0.419500 0.530900
vt 0.423400 0.525900
vt 0.425700 0.523900
vt 0.428100 0.522400
vt 0.435400 0.519900
vt 0.437700 0.519800
vt 0.437700 0.568000
vt 0.449200 0.585600
vt 0.457600 0.594900
vt 0.456600 0.621600
vt 0.453200 0.622200
vt 0.443500 0.586500
vt 0.445500 0.623300
vt 0.749100 0.231800
vt 0.755300 0.263400
vt 0.750300 0.263600
vt 0.737500 0.232300
vt 0.738100 0.264000
vt 0.704300 0.936800
vt 0.709600 0.971000
vt 0.704300 0.970900
vt 0.691900 0.970900
vt 0.205800 0.484000
vt 0.203900 0.461300
vt 0.209300 0.462000
vt 0.190900 0.482900
vt 0.201500 0.484100
vt 0.192200 0.460200
vt 0.199000 0.507400
vt 0.195400 0.580000
vt 0.190800 0.579400
vt 0.189800 0.506400
vt 0.185700 0.578700
vt 0.965200 0.925100
vt 0.966700 0.954600
vt 0.963300 0.925300
vt 0.955900 0.955400
vt 0.954300 0.926100
vt 0.945200 0.926300
vt 0.198900 0.585000
vt 0.190900 0.590900
vt 0.192600 0.583400
vt 0.186500 0.582400
vt 0.185700 0.590100
vt 0.045800 0.109600
vt 0.036200 0.117000
vt 0.037600 0.108200
vt 0.053800 0.111100
vt 0.044900 0.118700
vt 0.056400 0.111900
vt 0.054000 0.120200
vt 0.063700 0.118900
vt 0.056400 0.109900
vt 0.063100 0.084300
vt 0.037000 0.169300
vt 0.025600 0.178700
vt 0.026100 0.168100
vt 0.047300 0.170700
vt 0.037100 0.180100
vt 0.050300 0.171500
vt 0.048900 0.181500
vt 0.051500 0.139400
vt 0.060900 0.179100
vt 0.050500 0.170200
vt 0.053600 0.122700
vt 0.050300 0.137200
vt 0.048500 0.137400
vt 0.044400 0.121200
vt 0.039600 0.136100
vt 0.035700 0.119200
vt 0.030800 0.133900
vt 0.031800 0.234800
vt 0.021100 0.248500
vt 0.019600 0.235200
vt 0.043300 0.235000
vt 0.033800 0.248300
vt 0.047400 0.235400
vt 0.046800 0.248200
vt 0.048900 0.200400
vt 0.059700 0.244000
vt 0.047400 0.233800
vt 0.048900 0.183600
vt 0.048400 0.198000
vt 0.044400 0.197900
vt 0.037000 0.182300
vt 0.033300 0.196700
vt 0.025400 0.180400
vt 0.021900 0.194700
vt 0.030100 0.304500
vt 0.021400 0.320500
vt 0.017900 0.306800
vt 0.042000 0.303000
vt 0.034000 0.318400
vt 0.046700 0.302700
vt 0.046900 0.316600
vt 0.047400 0.265000
vt 0.059800 0.311200
vt 0.047100 0.300700
vt 0.046800 0.249900
vt 0.047500 0.263400
vt 0.043300 0.263900
vt 0.033800 0.249900
vt 0.031700 0.264200
vt 0.021000 0.249600
vt 0.019300 0.263600
vt 0.058100 0.453500
vt 0.061700 0.381400
vt 0.061800 0.457300
vt 0.047000 0.318800
vt 0.048300 0.332900
vt 0.045000 0.333900
vt 0.034200 0.320600
vt 0.034100 0.335700
vt 0.021600 0.322100
vt 0.022300 0.337000
vt 0.199700 0.502900
vt 0.204700 0.492100
vt 0.203400 0.503200
vt 0.200600 0.491700
vt 0.190100 0.501900
vt 0.190500 0.490500
vt 0.445500 0.464500
vt 0.453200 0.465600
vt 0.443500 0.501300
vt 0.449200 0.502200
vt 0.456600 0.466200
vt 0.453500 0.503400
vt 0.457600 0.492900
vt 0.419500 0.795500
vt 0.431700 0.795700
vt 0.407300 0.795200
vt 0.420100 0.763800
vt 0.402200 0.794900
vt 0.408500 0.763300
vt 0.812600 0.868700
vt 0.825100 0.868700
vt 0.800200 0.834600
vt 0.800200 0.868700
vt 0.794900 0.834500
vt 0.794900 0.868800
vt 0.190900 0.776200
vt 0.203900 0.797800
vt 0.192200 0.799000
vt 0.205800 0.775100
vt 0.201500 0.775100
vt 0.185700 0.680400
vt 0.190800 0.679800
vt 0.189800 0.752700
vt 0.195400 0.679200
vt 0.199000 0.751700
vt 0.730700 0.936800
vt 0.729000 0.966100
vt 0.721700 0.936000
vt 0.718300 0.965300
vt 0.719800 0.935800
vt 0.185700 0.669000
vt 0.186500 0.676700
vt 0.190900 0.668300
vt 0.192600 0.675800
vt 0.198900 0.674100
vt 0.195900 0.666800
vt 0.282700 0.084100
vt 0.291900 0.109300
vt 0.284500 0.118600
vt 0.296900 0.119900
vt 0.293000 0.111500
vt 0.297400 0.110800
vt 0.307900 0.119300
vt 0.308100 0.110200
vt 0.308100 0.169900
vt 0.309400 0.137500
vt 0.319000 0.137500
vt 0.299800 0.137600
vt 0.308000 0.122000
vt 0.297400 0.137500
vt 0.296900 0.122400
vt 0.283700 0.178800
vt 0.295800 0.139700
vt 0.294600 0.170500
vt 0.295400 0.181500
vt 0.294600 0.171600
vt 0.297700 0.170800
vt 0.307200 0.180700
vt 0.308900 0.197500
vt 0.318900 0.197300
vt 0.298800 0.197900
vt 0.307100 0.182800
vt 0.295300 0.198000
vt 0.295300 0.183500
vt 0.283300 0.243900
vt 0.295000 0.200400
vt 0.295600 0.233900
vt 0.294700 0.248300
vt 0.295200 0.235400
vt 0.298500 0.235100
vt 0.306800 0.248500
vt 0.308700 0.235100
vt 0.308500 0.264100
vt 0.318900 0.264300
vt 0.298200 0.263800
vt 0.306800 0.249900
vt 0.294800 0.263400
vt 0.294700 0.249900
vt 0.283200 0.311200
vt 0.295300 0.265000
vt 0.295600 0.300700
vt 0.294700 0.316700
vt 0.295500 0.302700
vt 0.299200 0.303100
vt 0.306800 0.318200
vt 0.309200 0.304100
vt 0.307900 0.335200
vt 0.318900 0.335800
vt 0.297500 0.333900
vt 0.306900 0.320200
vt 0.294600 0.332900
vt 0.294800 0.318900
vt 0.292900 0.374200
vt 0.283000 0.373000
vt 0.298300 0.364300
vt 0.286700 0.453500
vt 0.283000 0.381400
vt 0.291800 0.378700
vt 0.190500 0.768600
vt 0.190100 0.757200
vt 0.200600 0.767500
vt 0.199700 0.756300
vt 0.204700 0.767100
vt 0.499200 0.493100
vt 0.468600 0.513500
vt 0.494000 0.487300
vt 0.503900 0.499300
vt 0.472500 0.517700
vt 0.504900 0.501300
vt 0.475900 0.522300
vt 0.480000 0.476400
vt 0.459600 0.506400
vt 0.455400 0.504100
vt 0.482000 0.477500
vt 0.464300 0.509700
vt 0.488200 0.482100
vt 0.484300 0.754800
vt 0.495900 0.723100
vt 0.496400 0.754900
vt 0.472400 0.754800
vt 0.484200 0.723100
vt 0.467500 0.754700
vt 0.472300 0.723000
vt 0.519100 0.722300
vt 0.525800 0.753700
vt 0.520700 0.754100
vt 0.507500 0.722800
vt 0.508600 0.754600
vt 0.949600 0.206000
vt 0.962100 0.172000
vt 0.962100 0.206000
vt 0.937200 0.206100
vt 0.949600 0.172000
vt 0.931900 0.171900
vt 0.931900 0.206100
vt 0.987000 0.171900
vt 0.992300 0.206100
vt 0.987000 0.206100
vt 0.974500 0.206000
vt 0.291600 0.725800
vt 0.300600 0.749600
vt 0.284400 0.733500
vt 0.316000 0.731900
vt 0.308600 0.741000
vt 0.301300 0.714500
vt 0.298200 0.717500
vt 0.265500 0.750400
vt 0.282900 0.765100
vt 0.278600 0.768400
vt 0.276800 0.740700
vt 0.268500 0.747300
vt 0.292000 0.757600
vt 0.220100 0.661800
vt 0.267800 0.716900
vt 0.216600 0.665700
vt 0.223300 0.657700
vt 0.274200 0.710000
vt 0.226100 0.654000
vt 0.280000 0.702800
vt 0.253700 0.729100
vt 0.204900 0.675200
vt 0.208600 0.672400
vt 0.260900 0.723300
vt 0.212700 0.669200
vt 0.885400 0.865400
vt 0.875600 0.836000
vt 0.884700 0.836100
vt 0.874600 0.865400
vt 0.866600 0.835400
vt 0.863900 0.864700
vt 0.864700 0.835200
vt 0.904800 0.834500
vt 0.906800 0.864000
vt 0.902900 0.834800
vt 0.896100 0.865000
vt 0.893800 0.835700
vt 0.214000 0.663100
vt 0.212000 0.653800
vt 0.218100 0.658600
vt 0.215200 0.649600
vt 0.221700 0.653600
vt 0.225000 0.648000
vt 0.217600 0.645000
vt 0.200400 0.664300
vt 0.204500 0.670800
vt 0.209500 0.667200
vt 0.204600 0.661200
vt 0.208500 0.657700
vt 0.210400 0.084200
vt 0.218100 0.110300
vt 0.211500 0.118400
vt 0.224300 0.119900
vt 0.220200 0.111500
vt 0.224900 0.110800
vt 0.235600 0.119300
vt 0.235800 0.110200
vt 0.246800 0.119200
vt 0.246900 0.110100
vt 0.257900 0.110300
vt 0.268500 0.110900
vt 0.258000 0.119400
vt 0.273000 0.111600
vt 0.269100 0.120000
vt 0.281600 0.118500
vt 0.274900 0.110500
vt 0.281700 0.084100
vt 0.246700 0.180600
vt 0.235800 0.169900
vt 0.246800 0.169800
vt 0.257700 0.170100
vt 0.268100 0.170900
vt 0.258500 0.180900
vt 0.271300 0.171700
vt 0.270400 0.181500
vt 0.270300 0.139700
vt 0.282200 0.178900
vt 0.271400 0.170500
vt 0.269100 0.122500
vt 0.268700 0.137500
vt 0.266200 0.137700
vt 0.257900 0.122100
vt 0.256500 0.137600
vt 0.246800 0.121900
vt 0.246800 0.137600
vt 0.237000 0.137600
vt 0.227200 0.137600
vt 0.235600 0.122000
vt 0.224600 0.137400
vt 0.224300 0.122400
vt 0.210700 0.178800
vt 0.222900 0.139700
vt 0.221700 0.170500
vt 0.222800 0.181400
vt 0.221900 0.171600
vt 0.225100 0.170800
vt 0.234800 0.180700
vt 0.236400 0.197600
vt 0.246700 0.182600
vt 0.246600 0.197500
vt 0.226100 0.197900
vt 0.234700 0.182800
vt 0.222500 0.198000
vt 0.222700 0.183500
vt 0.210300 0.243900
vt 0.222100 0.200400
vt 0.222600 0.233900
vt 0.222100 0.248300
vt 0.222300 0.235500
vt 0.225800 0.235100
vt 0.234400 0.248400
vt 0.236200 0.235000
vt 0.246600 0.248500
vt 0.246600 0.234900
vt 0.257000 0.235000
vt 0.267300 0.235100
vt 0.258800 0.248500
vt 0.270700 0.235400
vt 0.271000 0.248300
vt 0.270900 0.200400
vt 0.282600 0.243900
vt 0.270300 0.233900
vt 0.270500 0.183600
vt 0.270600 0.198000
vt 0.267100 0.198000
vt 0.258600 0.182900
vt 0.256800 0.197700
vt 0.236000 0.264100
vt 0.246600 0.249900
vt 0.246600 0.264200
vt 0.225600 0.263800
vt 0.234400 0.249900
vt 0.222000 0.263400
vt 0.222100 0.249900
vt 0.210200 0.311300
vt 0.222400 0.265000
vt 0.222700 0.300800
vt 0.222000 0.316800
vt 0.222700 0.302800
vt 0.226500 0.303200
vt 0.234300 0.318300
vt 0.236600 0.304100
vt 0.246500 0.318700
vt 0.246400 0.304400
vt 0.256300 0.304000
vt 0.266400 0.303000
vt 0.258700 0.318100
vt 0.270100 0.302700
vt 0.270900 0.316700
vt 0.270600 0.264900
vt 0.282400 0.311200
vt 0.270000 0.300600
vt 0.271100 0.249900
vt 0.271100 0.263300
vt 0.267600 0.263800
vt 0.258800 0.249900
vt 0.257200 0.264100
vt 0.235500 0.335400
vt 0.246500 0.320600
vt 0.246700 0.335700
vt 0.224800 0.334000
vt 0.234300 0.320300
vt 0.221700 0.332900
vt 0.222100 0.319000
vt 0.220900 0.374100
vt 0.211000 0.372800
vt 0.226200 0.364100
vt 0.215000 0.453500
vt 0.211100 0.381400
vt 0.219900 0.378700
vt 0.279300 0.453500
vt 0.283000 0.457300
vt 0.270800 0.318800
vt 0.271100 0.332800
vt 0.268100 0.333800
vt 0.258600 0.320100
vt 0.257700 0.335100
vt 0.271000 0.720100
vt 0.285900 0.720700
vt 0.279000 0.728100
vt 0.277600 0.713000
vt 0.292200 0.712800
vt 0.283600 0.705600
vt 0.294800 0.709600
vt 0.256500 0.732700
vt 0.260600 0.744000
vt 0.253600 0.735200
vt 0.263700 0.741400
vt 0.263900 0.726700
vt 0.271700 0.735000
vt 0.517100 0.551600
vt 0.481500 0.543900
vt 0.517500 0.543900
vt 0.516000 0.559300
vt 0.481200 0.549500
vt 0.515400 0.561500
vt 0.480300 0.555200
vt 0.515400 0.526300
vt 0.480300 0.532600
vt 0.478900 0.528200
vt 0.516000 0.528500
vt 0.481200 0.538300
vt 0.517100 0.536100
vt 0.778500 0.222400
vt 0.790400 0.190600
vt 0.790400 0.222400
vt 0.766600 0.222400
vt 0.778500 0.190600
vt 0.761700 0.222300
vt 0.766600 0.190500
vt 0.814200 0.190500
vt 0.819100 0.222300
vt 0.814100 0.222400
vt 0.802300 0.190600
vt 0.802300 0.222400
vt 0.419900 0.755900
vt 0.432400 0.721800
vt 0.432400 0.755900
vt 0.407500 0.721800
vt 0.407500 0.755900
vt 0.402200 0.721800
vt 0.402200 0.756000
vt 0.457200 0.721800
vt 0.462500 0.756000
vt 0.457200 0.755900
vt 0.444800 0.755900
vt 0.327100 0.619000
vt 0.350300 0.629600
vt 0.327500 0.629600
vt 0.348700 0.606100
vt 0.349900 0.617800
vt 0.326000 0.604200
vt 0.325900 0.608500
vt 0.326000 0.654900
vt 0.348700 0.653000
vt 0.348000 0.658400
vt 0.327100 0.640100
vt 0.326000 0.650600
vt 0.349900 0.641300
vt 0.231300 0.624300
vt 0.304000 0.629600
vt 0.231600 0.629600
vt 0.230600 0.619200
vt 0.303600 0.620200
vt 0.230000 0.614600
vt 0.302600 0.611000
vt 0.302600 0.648100
vt 0.230000 0.644500
vt 0.230600 0.640000
vt 0.303600 0.638900
vt 0.231300 0.634800
vt 0.491200 0.793400
vt 0.481600 0.764100
vt 0.490700 0.764100
vt 0.480500 0.793400
vt 0.472500 0.763400
vt 0.469800 0.792700
vt 0.470600 0.763200
vt 0.510800 0.762800
vt 0.512600 0.792300
vt 0.508800 0.763100
vt 0.501900 0.793300
vt 0.499800 0.764000
vt 0.227900 0.629600
vt 0.219900 0.624300
vt 0.227600 0.623500
vt 0.219100 0.619100
vt 0.226600 0.617400
vt 0.225000 0.611100
vt 0.217600 0.614200
vt 0.219100 0.640000
vt 0.226600 0.641700
vt 0.227600 0.635600
vt 0.219900 0.634800
vt 0.220100 0.629600
vt 0.135300 0.084300
vt 0.142600 0.110300
vt 0.136100 0.118500
vt 0.149000 0.119900
vt 0.144700 0.111500
vt 0.149500 0.110800
vt 0.160500 0.119300
vt 0.160600 0.110200
vt 0.172000 0.119100
vt 0.171900 0.110000
vt 0.183300 0.110100
vt 0.194600 0.110700
vt 0.183600 0.119200
vt 0.199500 0.111400
vt 0.195100 0.119800
vt 0.208300 0.118400
vt 0.201700 0.110200
vt 0.209100 0.084200
vt 0.172300 0.180300
vt 0.161000 0.169700
vt 0.172300 0.169400
vt 0.183700 0.169700
vt 0.194600 0.170600
vt 0.184400 0.180500
vt 0.198000 0.171500
vt 0.196600 0.181300
vt 0.196900 0.139600
vt 0.209100 0.178800
vt 0.198200 0.170400
vt 0.195100 0.122300
vt 0.195100 0.137400
vt 0.192300 0.137500
vt 0.183500 0.121900
vt 0.182200 0.137500
vt 0.172000 0.121800
vt 0.172100 0.137500
vt 0.161900 0.137500
vt 0.151900 0.137600
vt 0.160600 0.121900
vt 0.149200 0.137400
vt 0.149100 0.122400
vt 0.135500 0.178800
vt 0.147500 0.139700
vt 0.146400 0.170400
vt 0.148000 0.181300
vt 0.146600 0.171500
vt 0.150000 0.170600
vt 0.160200 0.180500
vt 0.161900 0.197400
vt 0.172300 0.182400
vt 0.172300 0.197300
vt 0.151300 0.197800
vt 0.160100 0.182600
vt 0.147500 0.197900
vt 0.147900 0.183400
vt 0.135300 0.243900
vt 0.147100 0.200400
vt 0.147600 0.233900
vt 0.147500 0.248200
vt 0.147300 0.235400
vt 0.150800 0.235100
vt 0.160000 0.248200
vt 0.161500 0.234600
vt 0.172400 0.248100
vt 0.172400 0.234500
vt 0.183300 0.234600
vt 0.193900 0.235100
vt 0.184800 0.248200
vt 0.197400 0.235400
vt 0.197300 0.248200
vt 0.197600 0.200400
vt 0.209400 0.243900
vt 0.197100 0.233900
vt 0.196800 0.183400
vt 0.197100 0.197900
vt 0.193400 0.197800
vt 0.184500 0.182600
vt 0.182800 0.197400
vt 0.161600 0.263900
vt 0.172400 0.249700
vt 0.172400 0.264000
vt 0.150900 0.263700
vt 0.160000 0.249700
vt 0.147200 0.263300
vt 0.147400 0.249800
vt 0.135400 0.311300
vt 0.147500 0.264900
vt 0.148000 0.300700
vt 0.147500 0.316800
vt 0.148000 0.302800
vt 0.151900 0.303100
vt 0.160000 0.318200
vt 0.162300 0.304100
vt 0.172400 0.318700
vt 0.172400 0.304400
vt 0.182500 0.304100
vt 0.192900 0.303100
vt 0.184900 0.318200
vt 0.196800 0.302800
vt 0.197300 0.316800
vt 0.197300 0.265000
vt 0.209300 0.311300
vt 0.196800 0.300700
vt 0.197300 0.249800
vt 0.197600 0.263300
vt 0.193900 0.263700
vt 0.184800 0.249700
vt 0.183200 0.263900
vt 0.161000 0.335300
vt 0.172400 0.320800
vt 0.172400 0.335900
vt 0.150200 0.334000
vt 0.160000 0.320200
vt 0.146900 0.333000
vt 0.147600 0.318900
vt 0.143800 0.374300
vt 0.133900 0.373000
vt 0.149300 0.364600
vt 0.137300 0.453500
vt 0.133800 0.381400
vt 0.142600 0.378800
vt 0.207500 0.453500
vt 0.211200 0.457400
vt 0.197200 0.318900
vt 0.197900 0.333000
vt 0.194700 0.334000
vt 0.184800 0.320200
vt 0.183900 0.335300
vt 0.308500 0.629600
vt 0.319500 0.619400
vt 0.319900 0.629600
vt 0.308100 0.620000
vt 0.318300 0.609400
vt 0.307100 0.610400
vt 0.317900 0.605300
vt 0.307100 0.648700
vt 0.317900 0.653800
vt 0.306800 0.652500
vt 0.318300 0.649700
vt 0.308100 0.639200
vt 0.319500 0.639700
vt 0.488200 0.605700
vt 0.468600 0.574300
vt 0.494000 0.600500
vt 0.482000 0.610300
vt 0.464300 0.578000
vt 0.480000 0.611400
vt 0.459600 0.581400
vt 0.504900 0.586400
vt 0.475900 0.565500
vt 0.478200 0.561400
vt 0.503900 0.588500
vt 0.472500 0.570100
vt 0.499200 0.594700
vt 0.873800 0.958200
vt 0.886600 0.926300
vt 0.886000 0.958500
vt 0.861600 0.957600
vt 0.875000 0.926000
vt 0.856600 0.957200
vt 0.863400 0.925500
vt 0.910200 0.926600
vt 0.915100 0.958400
vt 0.910100 0.958400
vt 0.898100 0.958400
vt 0.809100 0.959300
vt 0.821500 0.925200
vt 0.821500 0.959300
vt 0.796600 0.925200
vt 0.796600 0.959300
vt 0.791300 0.925100
vt 0.791300 0.959400
vt 0.846400 0.925200
vt 0.851700 0.959400
vt 0.846400 0.959300
vt 0.833900 0.959300
vt 0.276700 0.518400
vt 0.300500 0.509400
vt 0.284400 0.525600
vt 0.282800 0.494000
vt 0.291900 0.501400
vt 0.265400 0.508600
vt 0.268400 0.511700
vt 0.301200 0.544500
vt 0.316000 0.527100
vt 0.319300 0.531400
vt 0.291500 0.533200
vt 0.298200 0.541500
vt 0.308500 0.518000
vt 0.212700 0.589900
vt 0.267700 0.542200
vt 0.216600 0.593400
vt 0.208600 0.586700
vt 0.260900 0.535800
vt 0.204900 0.583900
vt 0.253600 0.530000
vt 0.279900 0.556300
vt 0.226100 0.605100
vt 0.223300 0.601400
vt 0.274100 0.549000
vt 0.220100 0.597300
vt 0.820100 0.906500
vt 0.811600 0.876800
vt 0.820700 0.877100
vt 0.809400 0.906000
vt 0.802600 0.875900
vt 0.798700 0.905100
vt 0.800700 0.875600
vt 0.840700 0.876200
vt 0.841500 0.905800
vt 0.838800 0.876500
vt 0.830800 0.906500
vt 0.829800 0.877100
vt 0.214000 0.596000
vt 0.204600 0.598000
vt 0.209500 0.591900
vt 0.200400 0.594800
vt 0.204500 0.588300
vt 0.195900 0.592400
vt 0.215200 0.609600
vt 0.221700 0.605500
vt 0.218100 0.600500
vt 0.212000 0.605400
vt 0.208500 0.601500
vt 0.064200 0.084300
vt 0.072000 0.110500
vt 0.066000 0.118800
vt 0.077200 0.120200
vt 0.073700 0.111700
vt 0.077700 0.111000
vt 0.087800 0.119500
vt 0.087900 0.110400
vt 0.098600 0.119300
vt 0.098500 0.110100
vt 0.109200 0.110200
vt 0.119900 0.110800
vt 0.109500 0.119300
vt 0.124400 0.111500
vt 0.120500 0.119900
vt 0.133000 0.118500
vt 0.126400 0.110300
vt 0.133900 0.084200
vt 0.098000 0.180600
vt 0.087000 0.170200
vt 0.097900 0.169800
vt 0.108900 0.169900
vt 0.119500 0.170800
vt 0.109900 0.180700
vt 0.122800 0.171600
vt 0.121800 0.181400
vt 0.121700 0.139700
vt 0.133900 0.178800
vt 0.122900 0.170500
vt 0.120500 0.122400
vt 0.120000 0.137500
vt 0.117600 0.137600
vt 0.109500 0.122000
vt 0.108100 0.137600
vt 0.098600 0.121900
vt 0.098700 0.137600
vt 0.089400 0.137700
vt 0.080100 0.138000
vt 0.087900 0.122200
vt 0.077900 0.138000
vt 0.077200 0.122700
vt 0.062400 0.179100
vt 0.076400 0.140400
vt 0.073600 0.171100
vt 0.074300 0.181700
vt 0.073500 0.172000
vt 0.076500 0.171100
vt 0.086200 0.181000
vt 0.087900 0.197600
vt 0.098000 0.182600
vt 0.098100 0.197400
vt 0.077600 0.198100
vt 0.086100 0.183000
vt 0.073900 0.198200
vt 0.074100 0.183800
vt 0.060700 0.244000
vt 0.073400 0.200700
vt 0.073300 0.234200
vt 0.072900 0.248400
vt 0.073000 0.235600
vt 0.076600 0.235300
vt 0.085400 0.248500
vt 0.087100 0.235200
vt 0.097800 0.248500
vt 0.097800 0.235000
vt 0.108400 0.235000
vt 0.118900 0.235100
vt 0.110100 0.248400
vt 0.122400 0.235500
vt 0.122500 0.248300
vt 0.122600 0.200400
vt 0.134400 0.243900
vt 0.122100 0.234000
vt 0.122000 0.183500
vt 0.122200 0.198000
vt 0.118600 0.197900
vt 0.110000 0.182800
vt 0.108300 0.197500
vt 0.087000 0.264100
vt 0.097800 0.249900
vt 0.097800 0.264300
vt 0.076300 0.263800
vt 0.085400 0.250000
vt 0.072600 0.263400
vt 0.072900 0.249900
vt 0.060900 0.311200
vt 0.072900 0.264900
vt 0.073500 0.300600
vt 0.073100 0.316600
vt 0.073500 0.302700
vt 0.077500 0.303000
vt 0.085500 0.318000
vt 0.087900 0.303900
vt 0.097900 0.318600
vt 0.098000 0.304300
vt 0.108000 0.304100
vt 0.118200 0.303200
vt 0.110300 0.318300
vt 0.122000 0.302800
vt 0.122600 0.316800
vt 0.122300 0.265000
vt 0.134600 0.311300
vt 0.122000 0.300800
vt 0.122500 0.249900
vt 0.122700 0.263400
vt 0.119100 0.263800
vt 0.110100 0.249900
vt 0.108500 0.264100
vt 0.086500 0.335000
vt 0.097900 0.320600
vt 0.097700 0.335600
vt 0.075900 0.333700
vt 0.085600 0.320000
vt 0.072800 0.332600
vt 0.073100 0.318700
vt 0.061700 0.377700
vt 0.061700 0.373400
vt 0.077100 0.364300
vt 0.065500 0.453500
vt 0.070500 0.378800
vt 0.129900 0.453500
vt 0.133600 0.457400
vt 0.122500 0.319000
vt 0.123000 0.332900
vt 0.119900 0.334000
vt 0.110200 0.320300
vt 0.109000 0.335300
vt 0.270900 0.539000
vt 0.271600 0.524100
vt 0.279000 0.531000
vt 0.263800 0.532400
vt 0.263700 0.517700
vt 0.256400 0.526300
vt 0.260500 0.515100
vt 0.283600 0.553500
vt 0.294800 0.549400
vt 0.286000 0.556400
vt 0.292200 0.546200
vt 0.277500 0.546000
vt 0.285800 0.538300
vt 0.202800 0.507400
vt 0.051700 0.374300
vt 0.046200 0.364500
vt 0.202800 0.751800
vt 0.282700 0.700200
vt 0.251100 0.731800
vt 0.273000 0.374200
vt 0.267600 0.364300
vt 0.302700 0.607200
vt 0.302700 0.651900
vt 0.201100 0.374300
vt 0.195500 0.364600
vt 0.253500 0.523800
vt 0.282600 0.558900
vt 0.123900 0.374100
vt 0.118600 0.364100
vt 0.125000 0.378700
vt 0.133800 0.377700
vt 0.134000 0.364400
vt 0.148600 0.334600
vt 0.150700 0.356700
vt 0.121000 0.334200
vt 0.135000 0.319900
vt 0.202300 0.378800
vt 0.211000 0.377700
vt 0.210800 0.363900
vt 0.223700 0.334200
vt 0.227100 0.356100
vt 0.196200 0.334600
vt 0.209800 0.319900
vt 0.274200 0.378700
vt 0.283000 0.377600
vt 0.283000 0.364200
vt 0.296600 0.334300
vt 0.299400 0.356300
vt 0.269100 0.334300
vt 0.282800 0.319800
vt 0.052900 0.378800
vt 0.061600 0.364900
vt 0.074700 0.334000
vt 0.078000 0.356100
vt 0.046700 0.334500
vt 0.060400 0.319800
vt 0.440100 0.519900
vt 0.445000 0.521200
vt 0.440100 0.567800
vt 0.449800 0.523900
vt 0.454100 0.528200
vt 0.452000 0.525900
vt 0.457500 0.533800
vt 0.459300 0.540400
vt 0.458600 0.537000
vt 0.459300 0.547400
vt 0.457500 0.554000
vt 0.458600 0.550800
vt 0.456000 0.556900
vt 0.449800 0.563900
vt 0.454100 0.559600
vt 0.452000 0.561900
vt 0.447400 0.565400
vt 0.445000 0.566600
vt 0.442600 0.567400
vt 0.421700 0.582700
vt 0.424400 0.577500
vt 0.428700 0.578900
vt 0.420100 0.583700
vt 0.420300 0.575500
vt 0.416500 0.572800
vt 0.413000 0.569600
vt 0.409800 0.566100
vt 0.406900 0.562200
vt 0.398400 0.560100
vt 0.404700 0.558000
vt 0.396600 0.559600
vt 0.403300 0.553500
vt 0.402500 0.548800
vt 0.402200 0.543900
vt 0.402500 0.539000
vt 0.398400 0.527700
vt 0.404700 0.529700
vt 0.403300 0.534300
vt 0.397300 0.526400
vt 0.406900 0.525500
vt 0.409800 0.521700
vt 0.413000 0.518200
vt 0.416500 0.515000
vt 0.421700 0.505100
vt 0.424400 0.510300
vt 0.420300 0.512300
vt 0.428700 0.508900
vt 0.433200 0.508200
vt 0.442300 0.508100
vt 0.437700 0.507900
vt 0.446800 0.508900
vt 0.453800 0.505100
vt 0.451100 0.510300
vt 0.455100 0.512300
vt 0.459000 0.515000
vt 0.462500 0.518200
vt 0.465700 0.521700
vt 0.468500 0.525500
vt 0.477100 0.527700
vt 0.470700 0.529700
vt 0.472200 0.534300
vt 0.473000 0.539000
vt 0.473300 0.543900
vt 0.473000 0.548800
vt 0.477100 0.560100
vt 0.470700 0.558000
vt 0.472200 0.553500
vt 0.468500 0.562200
vt 0.465700 0.566100
vt 0.462500 0.569600
vt 0.459000 0.572800
vt 0.453800 0.582700
vt 0.451100 0.577500
vt 0.455100 0.575500
vt 0.453500 0.584400
vt 0.446800 0.578900
vt 0.442300 0.579600
vt 0.433200 0.579600
vt 0.437700 0.579900
vt 0.627100 0.230000
vt 0.627100 0.222800
vt 0.628900 0.237000
vt 0.628900 0.215900
vt 0.632500 0.209700
vt 0.630500 0.212600
vt 0.634900 0.206900
vt 0.643800 0.201000
vt 0.637600 0.204600
vt 0.640600 0.202600
vt 0.647200 0.199800
vt 0.658000 0.199100
vt 0.650800 0.199100
vt 0.654400 0.198900
vt 0.664900 0.201000
vt 0.671100 0.204600
vt 0.668200 0.202600
vt 0.673900 0.206900
vt 0.679800 0.215900
vt 0.676200 0.209700
vt 0.678200 0.212600
vt 0.676200 0.243200
vt 0.681000 0.219300
vt 0.681700 0.230000
vt 0.681700 0.222800
vt 0.681900 0.226400
vt 0.679800 0.237000
vt 0.678200 0.240200
vt 0.673900 0.245900
vt 0.664900 0.251900
vt 0.671100 0.248300
vt 0.668200 0.250300
vt 0.661500 0.253000
vt 0.650800 0.253700
vt 0.658000 0.253700
vt 0.654400 0.254000
vt 0.647200 0.253000
vt 0.637600 0.248300
vt 0.643800 0.251900
vt 0.640600 0.250300
vt 0.634900 0.245900
vt 0.632500 0.243200
vt 0.630500 0.240200
vt 0.627800 0.233600
vt 0.429600 0.576600
vt 0.425600 0.575300
vt 0.421800 0.573500
vt 0.418200 0.571100
vt 0.423400 0.561900
vt 0.414900 0.568200
vt 0.411800 0.565000
vt 0.409200 0.561300
vt 0.407100 0.557300
vt 0.416900 0.550800
vt 0.405700 0.553000
vt 0.404800 0.548500
vt 0.404500 0.543900
vt 0.404800 0.539300
vt 0.405700 0.534800
vt 0.407100 0.530500
vt 0.409200 0.526500
vt 0.411800 0.522800
vt 0.414900 0.519500
vt 0.418200 0.516700
vt 0.421800 0.514300
vt 0.425600 0.512400
vt 0.429600 0.511200
vt 0.433600 0.510500
vt 0.432900 0.520400
vt 0.437700 0.510200
vt 0.441900 0.510500
vt 0.442600 0.520400
vt 0.445900 0.511200
vt 0.449900 0.512400
vt 0.447400 0.522400
vt 0.453700 0.514300
vt 0.457300 0.516700
vt 0.460600 0.519500
vt 0.463600 0.522800
vt 0.456000 0.530900
vt 0.466300 0.526500
vt 0.468300 0.530500
vt 0.469800 0.534800
vt 0.470700 0.539300
vt 0.459500 0.543900
vt 0.471000 0.543900
vt 0.470700 0.548500
vt 0.469800 0.553000
vt 0.468300 0.557300
vt 0.466300 0.561300
vt 0.463600 0.565000
vt 0.460600 0.568200
vt 0.457300 0.571100
vt 0.453700 0.573500
vt 0.449900 0.575300
vt 0.445900 0.576600
vt 0.441900 0.577300
vt 0.437700 0.577500
vt 0.433600 0.577300
vt 0.432900 0.567400
vt 0.618200 0.241400
vt 0.616500 0.236600
vt 0.615500 0.231500
vt 0.626800 0.226400
vt 0.615200 0.226400
vt 0.615500 0.221300
vt 0.616500 0.216300
vt 0.618200 0.211400
vt 0.627800 0.219300
vt 0.620400 0.206800
vt 0.623300 0.202600
vt 0.626700 0.198700
vt 0.630500 0.195300
vt 0.634800 0.192500
vt 0.639400 0.190200
vt 0.644200 0.188600
vt 0.649300 0.187600
vt 0.654400 0.187200
vt 0.659500 0.187600
vt 0.664500 0.188600
vt 0.669400 0.190200
vt 0.661500 0.199800
vt 0.674000 0.192500
vt 0.678200 0.195300
vt 0.682100 0.198700
vt 0.685500 0.202600
vt 0.688300 0.206800
vt 0.690600 0.211400
vt 0.692200 0.216300
vt 0.693200 0.221300
vt 0.693600 0.226400
vt 0.693200 0.231500
vt 0.692200 0.236600
vt 0.690600 0.241400
vt 0.681000 0.233600
vt 0.688300 0.246000
vt 0.685500 0.250300
vt 0.682100 0.254100
vt 0.678200 0.257500
vt 0.674000 0.260400
vt 0.669400 0.262600
vt 0.664500 0.264300
vt 0.659500 0.265300
vt 0.654400 0.265600
vt 0.649300 0.265300
vt 0.644200 0.264300
vt 0.639400 0.262600
vt 0.634800 0.260400
vt 0.630500 0.257500
vt 0.626700 0.254100
vt 0.623300 0.250300
vt 0.620400 0.246000
vt 0.918900 0.956700
vt 0.918000 0.954600
vt 0.923100 0.924200
vt 0.925000 0.922100
vt 0.695600 0.266100
vt 0.694500 0.263900
vt 0.696300 0.230700
vt 0.697800 0.228300
vt 0.698300 0.231500
vt 0.648600 0.973900
vt 0.647300 0.971600
vt 0.647300 0.936000
vt 0.648600 0.933700
vt 0.649300 0.936700
vt 0.759900 0.932800
vt 0.761900 0.934900
vt 0.767000 0.965300
vt 0.766000 0.967400
vt 0.764800 0.964800
vt 0.459700 0.759900
vt 0.461300 0.762200
vt 0.463100 0.795400
vt 0.461900 0.797600
vt 0.855900 0.831500
vt 0.857200 0.833800
vt 0.857200 0.869400
vt 0.855900 0.871700
vt 0.396600 0.528200
vt 0.387400 0.521600
vt 0.420100 0.504100
vt 0.415500 0.493800
vt 0.423500 0.181300
vt 0.429100 0.184400
vt 0.351700 0.181400
vt 0.357300 0.184500
vt 0.428400 0.250300
vt 0.424700 0.247500
vt 0.352900 0.247400
vt 0.356500 0.250300
vt 0.424900 0.315000
vt 0.353100 0.314900
vt 0.431000 0.123300
vt 0.421800 0.120400
vt 0.350000 0.120400
vt 0.359200 0.123300
vt 0.368500 0.502400
vt 0.367600 0.500300
vt 0.394600 0.473400
vt 0.396600 0.474300
vt 0.566200 0.970300
vt 0.567100 0.972500
vt 0.573800 0.937900
vt 0.571800 0.940100
vt 0.616100 0.940800
vt 0.614200 0.938600
vt 0.619600 0.973400
vt 0.618400 0.970700
vt 0.620600 0.971200
vt 0.092100 0.947500
vt 0.090500 0.945100
vt 0.091200 0.982900
vt 0.092400 0.980800
vt 0.030000 0.979700
vt 0.031100 0.981900
vt 0.033800 0.944200
vt 0.034300 0.947400
vt 0.032300 0.946500
vt 0.679500 0.268800
vt 0.678200 0.266500
vt 0.678200 0.306700
vt 0.679500 0.304400
vt 0.615200 0.304400
vt 0.616500 0.306700
vt 0.616500 0.266500
vt 0.617200 0.269500
vt 0.615200 0.268800
vt 0.387400 0.566200
vt 0.397300 0.561400
vt 0.495300 0.181300
vt 0.500900 0.184400
vt 0.500400 0.250300
vt 0.496600 0.247500
vt 0.496700 0.314900
vt 0.502600 0.123300
vt 0.493600 0.120400
vt 0.359400 0.563700
vt 0.357300 0.562900
vt 0.357300 0.524900
vt 0.359400 0.524100
vt 0.400200 0.831600
vt 0.401100 0.833800
vt 0.407700 0.799200
vt 0.405700 0.801300
vt 0.450000 0.801800
vt 0.448100 0.799600
vt 0.453600 0.834300
vt 0.452400 0.831700
vt 0.454600 0.832200
vt 0.991000 0.212400
vt 0.989500 0.210000
vt 0.990200 0.247800
vt 0.991400 0.245700
vt 0.929900 0.245700
vt 0.931100 0.247800
vt 0.931800 0.210000
vt 0.932300 0.213200
vt 0.930200 0.212400
vt 0.094300 0.905400
vt 0.093000 0.903100
vt 0.093000 0.943300
vt 0.094300 0.941000
vt 0.030000 0.941000
vt 0.031300 0.943300
vt 0.031300 0.903100
vt 0.032000 0.906100
vt 0.030000 0.905400
vt 0.573300 0.184700
vt 0.574600 0.250300
vt 0.569800 0.247500
vt 0.569700 0.314900
vt 0.574600 0.318100
vt 0.570500 0.123900
vt 0.566400 0.127500
vt 0.563200 0.120700
vt 0.396600 0.613400
vt 0.394600 0.614300
vt 0.367600 0.587500
vt 0.368500 0.585400
vt 0.879900 0.041200
vt 0.880900 0.043300
vt 0.886200 0.008600
vt 0.884300 0.010800
vt 0.928600 0.010100
vt 0.926600 0.007900
vt 0.933400 0.042500
vt 0.932100 0.039800
vt 0.934300 0.040300
vt 0.675300 0.310000
vt 0.673700 0.307600
vt 0.676400 0.345300
vt 0.677600 0.343100
vt 0.615200 0.344200
vt 0.616400 0.346300
vt 0.617000 0.308500
vt 0.617500 0.311700
vt 0.615500 0.310900
vt 0.758800 0.189500
vt 0.757500 0.187300
vt 0.757500 0.227400
vt 0.758800 0.225200
vt 0.694500 0.225200
vt 0.695800 0.227500
vt 0.695800 0.187200
vt 0.696400 0.190200
vt 0.694500 0.189500
vt 0.455400 0.583700
vt 0.460000 0.594000
vt 0.754000 0.228300
vt 0.755600 0.230700
vt 0.753500 0.231500
vt 0.757400 0.263900
vt 0.756200 0.266100
vt 0.710300 0.933700
vt 0.711600 0.936000
vt 0.709600 0.936700
vt 0.711600 0.971600
vt 0.710300 0.973900
vt 0.970200 0.954100
vt 0.972400 0.954600
vt 0.971500 0.956700
vt 0.965400 0.922100
vt 0.967300 0.924200
vt 0.068900 0.120700
vt 0.068400 0.123600
vt 0.063600 0.127700
vt 0.061600 0.123900
vt 0.061300 0.120800
vt 0.058900 0.184700
vt 0.064100 0.184700
vt 0.060800 0.188600
vt 0.062500 0.247500
vt 0.062400 0.250300
vt 0.059700 0.254000
vt 0.057700 0.250300
vt 0.057500 0.247500
vt 0.062600 0.314900
vt 0.062900 0.318200
vt 0.057600 0.318100
vt 0.057800 0.314800
vt 0.404000 0.763000
vt 0.402000 0.762200
vt 0.403600 0.759900
vt 0.401400 0.797600
vt 0.400200 0.795400
vt 0.792900 0.833800
vt 0.794200 0.831500
vt 0.794200 0.871700
vt 0.792900 0.869400
vt 0.713500 0.967400
vt 0.712500 0.965300
vt 0.714800 0.964800
vt 0.717700 0.934900
vt 0.719600 0.932800
vt 0.287400 0.123300
vt 0.284300 0.127300
vt 0.278700 0.123300
vt 0.278200 0.120400
vt 0.283500 0.188400
vt 0.280500 0.184500
vt 0.279700 0.181400
vt 0.285400 0.184400
vt 0.284700 0.250300
vt 0.282700 0.253900
vt 0.284900 0.247400
vt 0.281100 0.250300
vt 0.281000 0.247400
vt 0.284700 0.314900
vt 0.280600 0.318200
vt 0.280900 0.314900
vt 0.488100 0.521600
vt 0.478200 0.526400
vt 0.507900 0.500300
vt 0.507000 0.502400
vt 0.478900 0.474300
vt 0.480900 0.473400
vt 0.467700 0.722900
vt 0.465700 0.722100
vt 0.467300 0.719700
vt 0.466600 0.757500
vt 0.465400 0.755300
vt 0.525500 0.721100
vt 0.523500 0.721900
vt 0.524000 0.718800
vt 0.526700 0.756500
vt 0.527800 0.754300
vt 0.929900 0.171200
vt 0.931200 0.168900
vt 0.931200 0.209100
vt 0.929900 0.206800
vt 0.994200 0.171200
vt 0.992300 0.171900
vt 0.992900 0.168900
vt 0.992900 0.209100
vt 0.994200 0.206800
vt 0.859100 0.867000
vt 0.858100 0.864800
vt 0.860300 0.864300
vt 0.862600 0.834400
vt 0.864500 0.832200
vt 0.911600 0.866100
vt 0.910300 0.863500
vt 0.912500 0.863900
vt 0.906800 0.833700
vt 0.904900 0.831500
vt 0.214500 0.123200
vt 0.211300 0.127200
vt 0.205100 0.123200
vt 0.204600 0.120300
vt 0.210500 0.188400
vt 0.207100 0.184400
vt 0.206300 0.181400
vt 0.212500 0.184400
vt 0.211800 0.250400
vt 0.209500 0.254000
vt 0.212000 0.247500
vt 0.207700 0.250300
vt 0.207600 0.247500
vt 0.211800 0.315000
vt 0.207400 0.318300
vt 0.207600 0.315000
vt 0.478900 0.559600
vt 0.488100 0.566200
vt 0.518200 0.562900
vt 0.516100 0.563700
vt 0.516100 0.524100
vt 0.518200 0.524900
vt 0.762000 0.190400
vt 0.760000 0.189700
vt 0.761600 0.187200
vt 0.760800 0.225000
vt 0.759700 0.222900
vt 0.820800 0.189700
vt 0.818800 0.190400
vt 0.819200 0.187200
vt 0.820000 0.225000
vt 0.821100 0.222900
vt 0.400200 0.721100
vt 0.401500 0.718800
vt 0.401500 0.759000
vt 0.400200 0.756700
vt 0.464500 0.721100
vt 0.462500 0.721800
vt 0.463200 0.718800
vt 0.463200 0.759000
vt 0.464500 0.756700
vt 0.465000 0.795000
vt 0.464000 0.792900
vt 0.466200 0.792300
vt 0.468500 0.762400
vt 0.470400 0.760200
vt 0.517400 0.794500
vt 0.516200 0.791800
vt 0.518400 0.792300
vt 0.512800 0.762000
vt 0.510900 0.759900
vt 0.139200 0.123300
vt 0.135900 0.127200
vt 0.130100 0.123300
vt 0.129600 0.120400
vt 0.135400 0.188400
vt 0.132100 0.184400
vt 0.131400 0.181300
vt 0.137600 0.184400
vt 0.137000 0.250300
vt 0.134500 0.254000
vt 0.137200 0.247500
vt 0.132900 0.250400
vt 0.132700 0.247500
vt 0.137200 0.315000
vt 0.132600 0.318300
vt 0.132900 0.315000
vt 0.480900 0.614300
vt 0.478900 0.613400
vt 0.507000 0.585400
vt 0.507900 0.587500
vt 0.858400 0.922100
vt 0.858900 0.925300
vt 0.856800 0.924500
vt 0.854600 0.957800
vt 0.855700 0.959900
vt 0.916800 0.925800
vt 0.914800 0.926500
vt 0.915300 0.923300
vt 0.915800 0.961200
vt 0.917100 0.959100
vt 0.790600 0.922200
vt 0.789300 0.924500
vt 0.789300 0.960100
vt 0.790600 0.962400
vt 0.853700 0.924400
vt 0.851700 0.925100
vt 0.852300 0.922100
vt 0.852300 0.962400
vt 0.853700 0.960100
vt 0.792900 0.905000
vt 0.795100 0.904500
vt 0.793800 0.907200
vt 0.800600 0.872600
vt 0.798600 0.874800
vt 0.846300 0.908100
vt 0.845100 0.905400
vt 0.847300 0.905900
vt 0.842800 0.875500
vt 0.840900 0.873300
vt 0.418700 0.624300
vt 0.429600 0.626200
vt 0.437700 0.626600
vt 0.702600 0.228600
vt 0.701100 0.266300
vt 0.714200 0.229100
vt 0.713500 0.266700
vt 0.725900 0.229200
vt 0.725900 0.266800
vt 0.654300 0.933800
vt 0.654300 0.973900
vt 0.666900 0.933900
vt 0.666900 0.973800
vt 0.679500 0.933900
vt 0.679500 0.973800
vt 0.151600 0.462000
vt 0.156300 0.458500
vt 0.168400 0.457300
vt 0.168700 0.460200
vt 0.180400 0.456900
vt 0.923100 0.957100
vt 0.927200 0.922400
vt 0.934200 0.957900
vt 0.936200 0.923100
vt 0.945200 0.958200
vt 0.945200 0.923300
vt 0.581700 0.170200
vt 0.144200 0.639400
vt 0.145500 0.644000
vt 0.143500 0.634500
vt 0.147800 0.610900
vt 0.145500 0.615100
vt 0.150800 0.606900
vt 0.170600 0.593300
vt 0.166000 0.594700
vt 0.175500 0.592600
vt 0.180400 0.592300
vt 0.437700 0.461200
vt 0.429600 0.461600
vt 0.418700 0.463500
vt 0.418800 0.466200
vt 0.431700 0.760800
vt 0.431700 0.798300
vt 0.443300 0.760600
vt 0.444000 0.798200
vt 0.455000 0.760200
vt 0.456400 0.797800
vt 0.825100 0.831700
vt 0.825100 0.871600
vt 0.837600 0.831700
vt 0.837600 0.871600
vt 0.850200 0.831600
vt 0.850200 0.871700
vt 0.180400 0.802200
vt 0.168700 0.799000
vt 0.168400 0.801800
vt 0.156300 0.800600
vt 0.739800 0.968900
vt 0.739800 0.934000
vt 0.750800 0.968600
vt 0.748800 0.933800
vt 0.761900 0.967800
vt 0.757800 0.933100
vt 0.175500 0.666600
vt 0.180400 0.666800
vt 0.170600 0.665800
vt 0.166000 0.664500
vt 0.353600 0.127300
vt 0.354300 0.188400
vt 0.354500 0.253900
vt 0.379500 0.485300
vt 0.374000 0.491300
vt 0.369100 0.497800
vt 0.392000 0.474900
vt 0.385500 0.479800
vt 0.062000 0.945400
vt 0.061300 0.982900
vt 0.073800 0.945300
vt 0.073600 0.982900
vt 0.085700 0.945300
vt 0.085800 0.983000
vt 0.038600 0.944500
vt 0.036600 0.982200
vt 0.050300 0.945100
vt 0.049000 0.982600
vt 0.647400 0.266600
vt 0.647400 0.306600
vt 0.659900 0.266600
vt 0.659900 0.306600
vt 0.672500 0.266600
vt 0.672500 0.306600
vt 0.622200 0.266600
vt 0.622200 0.306600
vt 0.634800 0.266600
vt 0.634800 0.306600
vt 0.058300 0.751600
vt 0.052300 0.741000
vt 0.050100 0.742800
vt 0.042400 0.733400
vt 0.082300 0.768400
vt 0.076500 0.767600
vt 0.067100 0.759900
vt 0.068900 0.757600
vt 0.593300 0.974300
vt 0.594000 0.939500
vt 0.604300 0.974300
vt 0.603000 0.939400
vt 0.615400 0.973700
vt 0.612000 0.938800
vt 0.571200 0.972900
vt 0.576000 0.938200
vt 0.582300 0.973900
vt 0.585000 0.939100
vt 0.154100 0.655900
vt 0.150800 0.652200
vt 0.147800 0.648300
vt 0.161700 0.662200
vt 0.157800 0.659200
vt 0.366400 0.170500
vt 0.425400 0.127200
vt 0.426100 0.188400
vt 0.426300 0.254000
vt 0.357000 0.318200
vt 0.355100 0.543900
vt 0.355400 0.552000
vt 0.386200 0.563500
vt 0.356600 0.560100
vt 0.356600 0.527700
vt 0.386200 0.524300
vt 0.355400 0.535800
vt 0.960600 0.210200
vt 0.960600 0.247800
vt 0.972700 0.210200
vt 0.972700 0.247800
vt 0.984600 0.210200
vt 0.984800 0.247800
vt 0.936700 0.210200
vt 0.936400 0.247800
vt 0.948600 0.210200
vt 0.948600 0.247800
vt 0.062200 0.903200
vt 0.062200 0.943100
vt 0.074700 0.903200
vt 0.074700 0.943100
vt 0.087300 0.903200
vt 0.087300 0.943200
vt 0.037000 0.903200
vt 0.037000 0.943200
vt 0.049600 0.903200
vt 0.049600 0.943100
vt 0.007800 0.629600
vt 0.011000 0.617800
vt 0.008200 0.617500
vt 0.009400 0.605400
vt 0.012900 0.658400
vt 0.009400 0.653700
vt 0.008200 0.641600
vt 0.011000 0.641300
vt 0.427300 0.835200
vt 0.427900 0.800400
vt 0.438300 0.835300
vt 0.437000 0.800400
vt 0.449400 0.834700
vt 0.446000 0.799800
vt 0.405300 0.834200
vt 0.409800 0.799500
vt 0.416300 0.835200
vt 0.418800 0.800400
vt 0.143200 0.629600
vt 0.143500 0.624600
vt 0.144200 0.619700
vt 0.438200 0.170400
vt 0.497100 0.127200
vt 0.498000 0.188400
vt 0.498300 0.254000
vt 0.428800 0.318300
vt 0.379500 0.602500
vt 0.385500 0.608000
vt 0.415500 0.594000
vt 0.392000 0.612900
vt 0.369100 0.590000
vt 0.374000 0.596500
vt 0.645600 0.308800
vt 0.646200 0.346300
vt 0.657300 0.308500
vt 0.658600 0.346000
vt 0.669000 0.307900
vt 0.670900 0.345600
vt 0.621900 0.308700
vt 0.621800 0.346400
vt 0.633800 0.308800
vt 0.634000 0.346300
vt 0.726600 0.187400
vt 0.726600 0.227300
vt 0.739200 0.187400
vt 0.739200 0.227300
vt 0.751800 0.187300
vt 0.751800 0.227400
vt 0.701500 0.187300
vt 0.701500 0.227400
vt 0.714000 0.187400
vt 0.714000 0.227300
vt 0.058400 0.507400
vt 0.069000 0.501400
vt 0.067200 0.499200
vt 0.076500 0.491500
vt 0.041600 0.531400
vt 0.042500 0.525600
vt 0.050100 0.516300
vt 0.052400 0.518000
vt 0.907200 0.044300
vt 0.906400 0.009500
vt 0.918200 0.043900
vt 0.915500 0.009100
vt 0.929200 0.042900
vt 0.924500 0.008200
vt 0.885100 0.043700
vt 0.888400 0.008800
vt 0.896100 0.044300
vt 0.897400 0.009400
vt 0.154100 0.603200
vt 0.157800 0.599900
vt 0.161700 0.597000
vt 0.510100 0.170400
vt 0.567400 0.181600
vt 0.570100 0.188600
vt 0.571700 0.254000
vt 0.500700 0.318300
vt 0.456800 0.624300
vt 0.445900 0.626200
vt 0.749200 0.228600
vt 0.750700 0.266300
vt 0.737600 0.229100
vt 0.738300 0.266700
vt 0.704600 0.933800
vt 0.704600 0.973900
vt 0.692000 0.933900
vt 0.691900 0.936800
vt 0.692000 0.973800
vt 0.204500 0.458500
vt 0.192500 0.457300
vt 0.967300 0.957100
vt 0.963200 0.922400
vt 0.956300 0.957900
vt 0.954200 0.923100
vt 0.190300 0.593300
vt 0.194900 0.594700
vt 0.185400 0.592600
vt 0.058300 0.181700
vt 0.065700 0.127600
vt 0.062100 0.188600
vt 0.060600 0.254000
vt 0.445900 0.461600
vt 0.456800 0.463500
vt 0.420000 0.760600
vt 0.419300 0.798200
vt 0.408300 0.760200
vt 0.406900 0.797800
vt 0.812600 0.834600
vt 0.812500 0.831700
vt 0.812500 0.871600
vt 0.799900 0.831600
vt 0.799900 0.871700
vt 0.192500 0.801800
vt 0.209300 0.797100
vt 0.204500 0.800600
vt 0.728700 0.968600
vt 0.730700 0.933800
vt 0.717700 0.967800
vt 0.721700 0.933100
vt 0.185400 0.666600
vt 0.190300 0.665800
vt 0.194900 0.664500
vt 0.287900 0.120400
vt 0.281800 0.127300
vt 0.286100 0.181400
vt 0.282400 0.188400
vt 0.283300 0.253900
vt 0.285000 0.318200
vt 0.496000 0.485300
vt 0.501500 0.491300
vt 0.506400 0.497800
vt 0.483500 0.474900
vt 0.460000 0.493800
vt 0.490000 0.479800
vt 0.495800 0.719900
vt 0.496500 0.757500
vt 0.484000 0.719900
vt 0.484200 0.757500
vt 0.472100 0.719900
vt 0.472000 0.757500
vt 0.519200 0.719100
vt 0.521200 0.756700
vt 0.507500 0.719700
vt 0.508800 0.757200
vt 0.962100 0.169000
vt 0.962100 0.209000
vt 0.937200 0.171900
vt 0.949500 0.169000
vt 0.949500 0.209000
vt 0.936900 0.169000
vt 0.936900 0.209000
vt 0.987200 0.169000
vt 0.987200 0.209000
vt 0.974700 0.169000
vt 0.974500 0.172000
vt 0.974700 0.209000
vt 0.302600 0.751600
vt 0.310800 0.742800
vt 0.319300 0.727600
vt 0.318500 0.733400
vt 0.284400 0.767600
vt 0.293700 0.759900
vt 0.885400 0.867900
vt 0.884700 0.833100
vt 0.874400 0.867900
vt 0.875600 0.833000
vt 0.863300 0.867300
vt 0.866600 0.832400
vt 0.907400 0.866500
vt 0.902700 0.831900
vt 0.896400 0.867500
vt 0.893700 0.832700
vt 0.206800 0.655900
vt 0.210100 0.652200
vt 0.213000 0.648300
vt 0.215300 0.644000
vt 0.199100 0.662200
vt 0.203100 0.659200
vt 0.215000 0.120300
vt 0.213300 0.181300
vt 0.210200 0.254000
vt 0.212100 0.318300
vt 0.520400 0.543900
vt 0.520000 0.552000
vt 0.489300 0.563500
vt 0.518900 0.560100
vt 0.518900 0.527700
vt 0.489300 0.524300
vt 0.520000 0.535800
vt 0.790400 0.187500
vt 0.790400 0.225000
vt 0.778400 0.187500
vt 0.778300 0.225000
vt 0.766400 0.187400
vt 0.766200 0.225100
vt 0.814300 0.187400
vt 0.814600 0.225100
vt 0.802400 0.187500
vt 0.802400 0.225000
vt 0.419900 0.721800
vt 0.432400 0.718900
vt 0.432400 0.758800
vt 0.419800 0.718900
vt 0.419800 0.758800
vt 0.407200 0.718900
vt 0.407200 0.758900
vt 0.457500 0.718800
vt 0.457500 0.758900
vt 0.444900 0.718900
vt 0.444800 0.721800
vt 0.444900 0.758800
vt 0.353100 0.629600
vt 0.352700 0.617500
vt 0.348000 0.600700
vt 0.351500 0.605400
vt 0.351500 0.653700
vt 0.352700 0.641600
vt 0.491200 0.795900
vt 0.490700 0.761100
vt 0.480200 0.795900
vt 0.481600 0.761100
vt 0.469200 0.795300
vt 0.472600 0.760500
vt 0.513300 0.794900
vt 0.508700 0.760200
vt 0.502200 0.795800
vt 0.499700 0.761000
vt 0.217600 0.629600
vt 0.217400 0.624600
vt 0.216700 0.619700
vt 0.215300 0.615100
vt 0.216700 0.639400
vt 0.217400 0.634500
vt 0.139700 0.120400
vt 0.208500 0.127200
vt 0.133200 0.127200
vt 0.138300 0.181400
vt 0.134200 0.188400
vt 0.209200 0.188400
vt 0.135300 0.254000
vt 0.137400 0.318300
vt 0.496000 0.602500
vt 0.490000 0.608000
vt 0.483500 0.612900
vt 0.506400 0.590000
vt 0.501500 0.596500
vt 0.886700 0.923000
vt 0.886000 0.961400
vt 0.875000 0.922700
vt 0.873600 0.961200
vt 0.863300 0.922300
vt 0.861200 0.960400
vt 0.910400 0.923500
vt 0.910500 0.961100
vt 0.898600 0.923200
vt 0.898400 0.926400
vt 0.898200 0.961000
vt 0.809100 0.925100
vt 0.821500 0.922300
vt 0.821500 0.962200
vt 0.808900 0.922100
vt 0.808900 0.962200
vt 0.796300 0.922200
vt 0.796300 0.962300
vt 0.846700 0.922200
vt 0.846700 0.962300
vt 0.834100 0.922300
vt 0.833900 0.925200
vt 0.834100 0.962200
vt 0.302500 0.507400
vt 0.293700 0.499200
vt 0.278500 0.490600
vt 0.284300 0.491500
vt 0.318400 0.525600
vt 0.310700 0.516300
vt 0.820000 0.909000
vt 0.820800 0.874200
vt 0.809000 0.908600
vt 0.811700 0.873800
vt 0.798000 0.907600
vt 0.802700 0.872900
vt 0.842100 0.908400
vt 0.838800 0.873500
vt 0.831100 0.909000
vt 0.829800 0.874100
vt 0.206800 0.603200
vt 0.203100 0.599900
vt 0.199100 0.597000
vt 0.213000 0.610900
vt 0.210100 0.606900
vt 0.064800 0.181600
vt 0.784400 0.090700
vt 0.789800 0.086000
vt 0.789800 0.090600
vt 0.795300 0.090500
vt 0.795200 0.085900
vt 0.800800 0.090400
vt 0.800700 0.085800
vt 0.806200 0.090300
vt 0.806100 0.085700
vt 0.811700 0.090300
vt 0.817100 0.085600
vt 0.817100 0.090200
vt 0.822600 0.085600
vt 0.822600 0.090200
vt 0.828000 0.090200
vt 0.833500 0.085600
vt 0.828000 0.085600
vt 0.838900 0.085600
vt 0.833500 0.090200
vt 0.844400 0.090200
vt 0.838900 0.090200
vt 0.789900 0.092200
vt 0.784400 0.093800
vt 0.784400 0.092300
vt 0.795300 0.093600
vt 0.789900 0.093700
vt 0.795300 0.092100
vt 0.800800 0.093500
vt 0.806200 0.091900
vt 0.800800 0.092000
vt 0.811700 0.093300
vt 0.806200 0.093400
vt 0.817100 0.091800
vt 0.811700 0.091900
vt 0.817200 0.093300
vt 0.822600 0.091800
vt 0.822600 0.093300
vt 0.828000 0.091800
vt 0.828000 0.093300
vt 0.833400 0.093300
vt 0.833500 0.091800
vt 0.838800 0.093300
vt 0.844300 0.091800
vt 0.838900 0.091800
vt 0.784500 0.151600
vt 0.789700 0.157300
vt 0.784600 0.157500
vt 0.790000 0.151500
vt 0.794800 0.157200
vt 0.795500 0.151400
vt 0.799900 0.157000
vt 0.801000 0.151400
vt 0.805000 0.156900
vt 0.806400 0.151300
vt 0.810100 0.156700
vt 0.811900 0.151200
vt 0.815300 0.156500
vt 0.817300 0.151200
vt 0.820400 0.156400
vt 0.822700 0.151200
vt 0.825600 0.156300
vt 0.828100 0.151200
vt 0.830700 0.156100
vt 0.844100 0.147000
vt 0.838800 0.095000
vt 0.844100 0.095000
vt 0.839100 0.167700
vt 0.844200 0.183400
vt 0.839100 0.183600
vt 0.789500 0.167300
vt 0.784600 0.160500
vt 0.789600 0.160400
vt 0.789900 0.095400
vt 0.794200 0.167100
vt 0.794700 0.160300
vt 0.795400 0.095300
vt 0.799100 0.167000
vt 0.799700 0.160100
vt 0.800800 0.095200
vt 0.804000 0.166800
vt 0.804700 0.159900
vt 0.806300 0.095100
vt 0.809100 0.166600
vt 0.809700 0.159700
vt 0.811700 0.095000
vt 0.814200 0.166400
vt 0.814800 0.159500
vt 0.817200 0.094900
vt 0.819400 0.166300
vt 0.819800 0.159400
vt 0.822600 0.094900
vt 0.824700 0.166200
vt 0.824900 0.159300
vt 0.828100 0.094900
vt 0.830000 0.166300
vt 0.830000 0.159200
vt 0.833500 0.094900
vt 0.844200 0.167700
vt 0.839000 0.159200
vt 0.844200 0.159200
vt 0.844100 0.155300
vt 0.838800 0.150000
vt 0.833500 0.151200
vt 0.838900 0.155300
vt 0.845400 0.181200
vt 0.875700 0.167700
vt 0.875700 0.181400
vt 0.848100 0.125100
vt 0.847400 0.095200
vt 0.893100 0.174800
vt 0.927500 0.144400
vt 0.951600 0.089200
vt 0.926400 0.165300
vt 0.984200 0.144300
vt 0.982900 0.149300
vt 0.982800 0.144600
vt 0.852900 0.085500
vt 0.862400 0.084000
vt 0.862600 0.085500
vt 0.847900 0.092300
vt 0.844200 0.093300
vt 0.972500 0.149800
vt 0.981900 0.144700
vt 0.982000 0.149300
vt 0.848200 0.085300
vt 0.844400 0.085600
vt 0.255300 0.958800
vt 0.241400 0.966000
vt 0.241500 0.959000
vt 0.338600 0.806600
vt 0.342300 0.814500
vt 0.338600 0.841800
vt 0.345600 0.842000
vt 0.323400 0.841800
vt 0.319600 0.814500
vt 0.323300 0.806600
vt 0.316400 0.842100
vt 0.316400 0.814700
vt 0.319500 0.806300
vt 0.536100 0.546200
vt 0.531400 0.532300
vt 0.536100 0.532200
vt 0.324100 0.841800
vt 0.337800 0.806600
vt 0.337800 0.841800
vt 0.778900 0.086200
vt 0.784300 0.086100
vt 0.773500 0.090900
vt 0.773400 0.086300
vt 0.768100 0.090900
vt 0.768000 0.086300
vt 0.762600 0.091000
vt 0.762600 0.086400
vt 0.757200 0.091100
vt 0.757100 0.086500
vt 0.751700 0.086600
vt 0.751800 0.091200
vt 0.746300 0.086600
vt 0.746300 0.091200
vt 0.740900 0.091200
vt 0.740800 0.086600
vt 0.735400 0.086600
vt 0.735500 0.091200
vt 0.729900 0.086700
vt 0.724600 0.091500
vt 0.724400 0.086900
vt 0.779200 0.093900
vt 0.779000 0.092400
vt 0.773500 0.094000
vt 0.773500 0.092500
vt 0.768100 0.094000
vt 0.768100 0.092500
vt 0.762700 0.094100
vt 0.762600 0.092600
vt 0.757200 0.094200
vt 0.757200 0.092700
vt 0.751800 0.094300
vt 0.751800 0.092800
vt 0.746300 0.092800
vt 0.746400 0.094300
vt 0.740900 0.092800
vt 0.741000 0.094300
vt 0.735600 0.094400
vt 0.735500 0.092800
vt 0.730200 0.094500
vt 0.730100 0.093000
vt 0.724700 0.093100
vt 0.779500 0.157500
vt 0.779000 0.151700
vt 0.774400 0.157500
vt 0.773500 0.151800
vt 0.769300 0.157500
vt 0.768100 0.151900
vt 0.764100 0.157500
vt 0.762600 0.151900
vt 0.759000 0.157500
vt 0.757200 0.152000
vt 0.753900 0.157400
vt 0.751700 0.152100
vt 0.748800 0.157300
vt 0.746300 0.152200
vt 0.743700 0.157300
vt 0.740900 0.152300
vt 0.738500 0.157300
vt 0.735600 0.152400
vt 0.725100 0.122700
vt 0.730300 0.096200
vt 0.725100 0.148100
vt 0.730300 0.151100
vt 0.730200 0.168900
vt 0.725000 0.184600
vt 0.725000 0.168900
vt 0.780000 0.167400
vt 0.779600 0.160600
vt 0.779000 0.095600
vt 0.784500 0.095500
vt 0.775200 0.167500
vt 0.774600 0.160600
vt 0.773600 0.095600
vt 0.770400 0.167500
vt 0.769600 0.160600
vt 0.768100 0.095700
vt 0.765400 0.167500
vt 0.764500 0.160600
vt 0.762700 0.095800
vt 0.760300 0.167400
vt 0.759500 0.160500
vt 0.757200 0.095800
vt 0.755100 0.167400
vt 0.754500 0.160400
vt 0.751800 0.095900
vt 0.749900 0.167300
vt 0.749400 0.160400
vt 0.746400 0.096000
vt 0.744500 0.167300
vt 0.744300 0.160400
vt 0.741000 0.096000
vt 0.739200 0.167400
vt 0.739300 0.160400
vt 0.735600 0.096100
vt 0.730200 0.160400
vt 0.725100 0.156500
vt 0.730300 0.156500
vt 0.725100 0.160400
vt 0.723800 0.182500
vt 0.693600 0.169000
vt 0.723900 0.168900
vt 0.694900 0.164000
vt 0.678100 0.162000
vt 0.695900 0.116400
vt 0.699300 0.147000
vt 0.668800 0.174800
vt 0.657800 0.181400
vt 0.646100 0.172200
vt 0.648700 0.175700
vt 0.652700 0.179100
vt 0.642900 0.166600
vt 0.617600 0.090500
vt 0.641400 0.089900
vt 0.745600 0.178000
vt 0.747100 0.172800
vt 0.747100 0.177800
vt 0.696800 0.086300
vt 0.706500 0.087600
vt 0.696700 0.087800
vt 0.724900 0.094600
vt 0.721100 0.093800
vt 0.748200 0.172800
vt 0.757900 0.177800
vt 0.748200 0.177800
vt 0.720600 0.086900
vt 0.629300 0.178000
vt 0.615400 0.170700
vt 0.629200 0.171000
vt 0.214100 0.969100
vt 0.217900 0.960900
vt 0.211100 0.996700
vt 0.218000 0.996400
vt 0.210800 0.969300
vt 0.237200 0.969100
vt 0.240300 0.996700
vt 0.233400 0.961200
vt 0.233400 0.996400
vt 0.237200 0.960900
vt 0.621100 0.546300
vt 0.625800 0.532300
vt 0.625900 0.546300
vt 0.218800 0.996400
vt 0.232600 0.961200
vt 0.232600 0.996400
vt 0.609700 0.634400
vt 0.542100 0.611100
vt 0.616400 0.611200
vt 0.614500 0.817400
vt 0.541500 0.826400
vt 0.539800 0.817400
vt 0.615500 0.728100
vt 0.538800 0.720900
vt 0.615600 0.721000
vt 0.538900 0.732800
vt 0.615400 0.732800
vt 0.615400 0.738500
vt 0.538900 0.738500
vt 0.615400 0.744400
vt 0.538900 0.744400
vt 0.538900 0.750200
vt 0.615400 0.750200
vt 0.615500 0.780700
vt 0.538800 0.780700
vt 0.538800 0.812400
vt 0.615500 0.812400
vt 0.607700 0.866700
vt 0.612800 0.826400
vt 0.547200 0.871800
vt 0.546600 0.866700
vt 0.606600 0.875400
vt 0.607000 0.871800
vt 0.607000 0.889200
vt 0.546600 0.894200
vt 0.547200 0.889200
vt 0.606600 0.885600
vt 0.547600 0.885600
vt 0.606500 0.881900
vt 0.547700 0.881900
vt 0.606500 0.879000
vt 0.547700 0.879000
vt 0.547600 0.875400
vt 0.540800 0.575800
vt 0.617000 0.558700
vt 0.616800 0.575900
vt 0.547700 0.635700
vt 0.609500 0.635600
vt 0.547800 0.640000
vt 0.609100 0.637500
vt 0.609400 0.639900
vt 0.542000 0.719200
vt 0.550500 0.641900
vt 0.453700 0.629800
vt 0.459100 0.679000
vt 0.447500 0.707300
vt 0.524300 0.679300
vt 0.531100 0.630200
vt 0.536500 0.708000
vt 0.865700 0.127100
vt 0.876000 0.097200
vt 0.875700 0.139800
vt 0.875700 0.162300
vt 0.845400 0.159200
vt 0.849000 0.127200
vt 0.845400 0.155300
vt 0.721100 0.126400
vt 0.721200 0.122100
vt 0.982200 0.143400
vt 0.875400 0.087000
vt 0.875900 0.085200
vt 0.876600 0.086800
vt 0.874700 0.093300
vt 0.876400 0.094400
vt 0.875700 0.095100
vt 0.344200 0.813100
vt 0.343500 0.811400
vt 0.982300 0.150700
vt 0.865000 0.093800
vt 0.865200 0.095200
vt 0.864300 0.095100
vt 0.847600 0.093700
vt 0.848300 0.095100
vt 0.317700 0.813000
vt 0.318400 0.811400
vt 0.343700 0.806300
vt 0.342400 0.806300
vt 0.342900 0.804500
vt 0.318200 0.806300
vt 0.319000 0.804400
vt 0.849300 0.123500
vt 0.848600 0.122000
vt 0.323800 0.843100
vt 0.338200 0.843100
vt 0.863900 0.121900
vt 0.864500 0.125000
vt 0.863200 0.123400
vt 0.338100 0.805200
vt 0.323800 0.805200
vt 0.324100 0.806600
vt 0.704200 0.096300
vt 0.704400 0.094700
vt 0.705300 0.096300
vt 0.616400 0.088700
vt 0.615300 0.089400
vt 0.615900 0.087500
vt 0.692900 0.095700
vt 0.694600 0.094600
vt 0.693600 0.096300
vt 0.694000 0.088400
vt 0.692800 0.088200
vt 0.693500 0.086300
vt 0.747800 0.171100
vt 0.212200 0.967500
vt 0.212900 0.965900
vt 0.747800 0.179500
vt 0.721500 0.095100
vt 0.721800 0.096500
vt 0.720900 0.096400
vt 0.239100 0.967600
vt 0.238300 0.966000
vt 0.212700 0.961000
vt 0.213400 0.958800
vt 0.214000 0.960800
vt 0.238500 0.961000
vt 0.237700 0.959100
vt 0.706000 0.124800
vt 0.704600 0.123400
vt 0.705400 0.123300
vt 0.218500 0.997700
vt 0.232900 0.997700
vt 0.218400 0.959200
vt 0.218800 0.961000
vt 0.720600 0.123300
vt 0.719900 0.124800
vt 0.233000 0.959900
vt 0.953200 0.086100
vt 0.953800 0.088000
vt 0.952700 0.087700
vt 0.526200 0.710500
vt 0.462900 0.645800
vt 0.519900 0.627100
vt 0.521000 0.644900
vt 0.795200 0.084400
vt 0.789800 0.084500
vt 0.806100 0.084300
vt 0.811600 0.085600
vt 0.811600 0.084200
vt 0.833500 0.084100
vt 0.828000 0.084100
vt 0.844400 0.084100
vt 0.839000 0.084100
vt 0.839000 0.185000
vt 0.830100 0.183900
vt 0.844200 0.184800
vt 0.830000 0.185300
vt 0.789700 0.184200
vt 0.789500 0.185500
vt 0.784800 0.183500
vt 0.781500 0.182400
vt 0.784400 0.184700
vt 0.780200 0.178900
vt 0.782200 0.181600
vt 0.781200 0.176200
vt 0.781200 0.178500
vt 0.782100 0.173100
vt 0.780100 0.175900
vt 0.781300 0.172300
vt 0.784600 0.171100
vt 0.784200 0.169900
vt 0.789300 0.169100
vt 0.825900 0.167900
vt 0.789500 0.170300
vt 0.789400 0.169100
vt 0.784700 0.167400
vt 0.794200 0.168900
vt 0.799000 0.168700
vt 0.803900 0.168600
vt 0.808900 0.168300
vt 0.814100 0.168000
vt 0.819300 0.168000
vt 0.824600 0.167800
vt 0.875700 0.185000
vt 0.875700 0.183600
vt 0.928600 0.167500
vt 0.924000 0.172500
vt 0.927700 0.166800
vt 0.924600 0.173500
vt 0.921200 0.176200
vt 0.921800 0.177300
vt 0.917000 0.179800
vt 0.911700 0.182200
vt 0.917400 0.181000
vt 0.911900 0.183500
vt 0.906100 0.183500
vt 0.906100 0.184600
vt 0.951600 0.087000
vt 0.928100 0.086000
vt 0.951900 0.085700
vt 0.952100 0.089400
vt 0.875500 0.091900
vt 0.984300 0.149600
vt 0.983800 0.151300
vt 0.345600 0.814700
vt 0.345700 0.813300
vt 0.848100 0.090400
vt 0.972400 0.144600
vt 0.970600 0.143500
vt 0.316500 0.843900
vt 0.778900 0.084700
vt 0.773400 0.084800
vt 0.768000 0.084900
vt 0.762600 0.085000
vt 0.746300 0.085100
vt 0.740800 0.085200
vt 0.729800 0.085300
vt 0.730000 0.091300
vt 0.724300 0.085500
vt 0.779000 0.090800
vt 0.725100 0.096200
vt 0.730300 0.186200
vt 0.739200 0.184900
vt 0.739400 0.186300
vt 0.725100 0.186000
vt 0.730100 0.184800
vt 0.077900 0.855100
vt 0.041100 0.853100
vt 0.078000 0.853900
vt 0.082800 0.855800
vt 0.086100 0.857000
vt 0.083200 0.854600
vt 0.087400 0.860600
vt 0.085400 0.857900
vt 0.087400 0.863600
vt 0.086300 0.860900
vt 0.085400 0.866300
vt 0.086100 0.867200
vt 0.082800 0.868400
vt 0.083200 0.869600
vt 0.078000 0.870400
vt 0.037200 0.870800
vt 0.077900 0.869100
vt 0.780100 0.169200
vt 0.784800 0.169200
vt 0.775300 0.169200
vt 0.770500 0.169200
vt 0.765600 0.169200
vt 0.760500 0.169100
vt 0.755300 0.169100
vt 0.750000 0.169000
vt 0.744600 0.168900
vt 0.743200 0.168900
vt 0.693600 0.186200
vt 0.663200 0.184800
vt 0.693600 0.184800
vt 0.657400 0.184800
vt 0.663100 0.185900
vt 0.651900 0.182300
vt 0.657500 0.183500
vt 0.647500 0.178600
vt 0.652300 0.181200
vt 0.644700 0.174800
vt 0.648100 0.177600
vt 0.640700 0.168800
vt 0.645300 0.173800
vt 0.617000 0.090800
vt 0.616300 0.091700
vt 0.617600 0.088400
vt 0.617200 0.087100
vt 0.641300 0.086800
vt 0.746200 0.179800
vt 0.693900 0.093200
vt 0.745600 0.172700
vt 0.744200 0.170700
vt 0.757800 0.179600
vt 0.240400 0.969400
vt 0.240500 0.967900
vt 0.720900 0.091900
vt 0.757900 0.172700
vt 0.718800 0.085700
vt 0.211200 0.998500
vt 0.822500 0.084100
vt 0.757100 0.085100
vt 0.735300 0.085200
vt 0.910300 0.087000
vt 0.927900 0.087200
vt 0.659000 0.087900
vt 0.659300 0.086700
vt 0.548000 0.637600
vt 0.952900 0.090300
vt 0.829900 0.169400
vt 0.830900 0.167800
vt 0.739200 0.170500
vt 0.613300 0.719300
vt 0.641600 0.168100
vt 0.659500 0.156500
vt 0.658300 0.162100
vt 0.659500 0.167600
vt 0.947200 0.823900
vt 0.950800 0.901400
vt 0.947200 0.901400
vt 0.943700 0.823800
vt 0.943700 0.901500
vt 0.940300 0.901500
vt 0.940300 0.823800
vt 0.933400 0.823900
vt 0.936900 0.901500
vt 0.933400 0.901400
vt 0.929800 0.823900
vt 0.929800 0.901400
vt 0.978900 0.823900
vt 0.975300 0.901400
vt 0.975300 0.823900
vt 0.971700 0.823900
vt 0.971700 0.901400
vt 0.968200 0.823800
vt 0.964800 0.901500
vt 0.964800 0.823800
vt 0.961400 0.901500
vt 0.961400 0.823800
vt 0.957900 0.901400
vt 0.957900 0.823900
vt 0.954300 0.823900
vt 0.738400 0.168900
vt 0.086300 0.863300
vt 0.037100 0.869400
vt 0.542600 0.929400
vt 0.546000 0.925000
vt 0.607700 0.894200
vt 0.611600 0.929400
vt 0.608300 0.925000
vt 0.604500 0.921100
vt 0.600400 0.917600
vt 0.596100 0.914700
vt 0.591500 0.912300
vt 0.586800 0.910600
vt 0.582000 0.909600
vt 0.577100 0.909200
vt 0.572300 0.909600
vt 0.567400 0.910600
vt 0.562700 0.912300
vt 0.558200 0.914700
vt 0.553800 0.917600
vt 0.549800 0.921100
vt 0.540200 0.558700
vt 0.537100 0.526800
vt 0.538200 0.521400
vt 0.542300 0.511300
vt 0.549000 0.502700
vt 0.557700 0.496000
vt 0.567800 0.491800
vt 0.578600 0.490400
vt 0.589400 0.491800
vt 0.599500 0.496000
vt 0.608200 0.502700
vt 0.614800 0.511300
vt 0.619000 0.521400
vt 0.620100 0.526800
vt 0.621100 0.532300
vt 0.620300 0.557700
vt 0.954300 0.901400
vt 0.950800 0.823900
vt 0.936900 0.823800
vt 0.909800 0.166300
vt 0.907200 0.169400
vt 0.895000 0.169200
vt 0.899100 0.171800
vt 0.877600 0.095700
vt 0.891200 0.160700
vt 0.892500 0.155100
vt 0.903200 0.149700
vt 0.910300 0.089200
vt 0.906900 0.151500
vt 0.927900 0.089300
vt 0.666100 0.173100
vt 0.662200 0.170800
vt 0.670200 0.151100
vt 0.675900 0.090200
vt 0.674000 0.152900
vt 0.903300 0.171900
vt 0.903200 0.171700
vt 0.674300 0.170500
vt 0.659600 0.162100
vt 0.660800 0.165800
vt 0.660500 0.166200
vt 0.908600 0.164500
vt 0.909800 0.160800
vt 0.908800 0.164900
vt 0.662700 0.168800
vt 0.666400 0.170300
vt 0.666300 0.170900
vt 0.903000 0.151900
vt 0.899300 0.152500
vt 0.899300 0.151900
vt 0.903000 0.169000
vt 0.906700 0.167500
vt 0.903000 0.169600
vt 0.663100 0.155400
vt 0.660500 0.157900
vt 0.663000 0.154800
vt 0.908800 0.156600
vt 0.906300 0.154000
vt 0.906400 0.153500
vt 0.669900 0.154500
vt 0.666400 0.153800
vt 0.670000 0.153800
vt 0.666500 0.154500
vt 0.661200 0.158800
vt 0.659900 0.162100
vt 0.660800 0.158300
vt 0.663300 0.168000
vt 0.663000 0.168500
vt 0.669900 0.169600
vt 0.670000 0.170300
vt 0.895900 0.167100
vt 0.899400 0.168300
vt 0.899300 0.169000
vt 0.893700 0.164500
vt 0.896300 0.166700
vt 0.892800 0.160700
vt 0.894200 0.164000
vt 0.894200 0.157500
vt 0.893700 0.156900
vt 0.896300 0.154800
vt 0.896000 0.154100
vt 0.899400 0.153200
vt 0.673500 0.154800
vt 0.670100 0.153200
vt 0.675800 0.157800
vt 0.673300 0.155400
vt 0.676800 0.162100
vt 0.675600 0.158300
vt 0.675600 0.165800
vt 0.675900 0.166200
vt 0.673800 0.168500
vt 0.670100 0.170900
vt 0.673400 0.168400
vt 0.906400 0.167200
vt 0.899300 0.169600
vt 0.903000 0.152500
vt 0.908600 0.157000
vt 0.661200 0.165300
vt 0.909400 0.160800
vt 0.908100 0.164000
vt 0.908800 0.160700
vt 0.666500 0.169600
vt 0.902900 0.153200
vt 0.902900 0.168300
vt 0.906000 0.166700
vt 0.663300 0.156100
vt 0.906000 0.154800
vt 0.908100 0.157500
vt 0.666300 0.153200
vt 0.895600 0.167200
vt 0.892500 0.160800
vt 0.893500 0.156500
vt 0.895900 0.153500
vt 0.673100 0.156100
vt 0.675200 0.158800
vt 0.676500 0.162100
vt 0.675900 0.162100
vt 0.675200 0.165300
vt 0.673000 0.168000
vt 0.906000 0.181400
vt 0.911500 0.180100
vt 0.693600 0.182700
vt 0.892500 0.166400
vt 0.676800 0.167700
vt 0.541400 0.593100
vt 0.616600 0.593200
vt 0.892800 0.085500
vt 0.676500 0.086500
vt 0.910000 0.085700
vt 0.893400 0.086900
vt 0.675900 0.088000
vt 0.893400 0.089100
vt 0.895400 0.151500
vt 0.899100 0.149700
vt 0.723900 0.148400
vt 0.703600 0.128500
vt 0.720300 0.128500
vt 0.723900 0.156500
vt 0.723900 0.160500
vt 0.666200 0.151100
vt 0.659000 0.090100
vt 0.676800 0.156400
vt 0.693300 0.098400
vt 0.691800 0.097000
vt 0.691600 0.090300
vt 0.703100 0.098400
vt 0.703400 0.123500
vt 0.845300 0.147400
vt 0.866300 0.097300
vt 0.877800 0.089000
vt 0.923200 0.170800
vt 0.920600 0.174400
vt 0.916600 0.177800
vt 0.845400 0.167700
vt 0.911100 0.160800
vt 0.909800 0.155200
vt 0.893400 0.164900
vt 0.663300 0.182700
vt 0.641400 0.087800
vt 0.704700 0.126300
vt 0.670300 0.173000
vt 0.662500 0.152900
vt 0.748200 0.868400
vt 0.715300 0.864900
vt 0.748900 0.864900
vt 0.715300 0.871600
vt 0.747700 0.874400
vt 0.715300 0.874400
vt 0.715300 0.911700
vt 0.748000 0.899700
vt 0.748500 0.911500
vt 0.747500 0.885700
vt 0.715300 0.887900
vt 0.715300 0.885700
vt 0.715300 0.880200
vt 0.747500 0.883500
vt 0.715300 0.883400
vt 0.747500 0.891200
vt 0.715300 0.893800
vt 0.715300 0.891100
vt 0.715300 0.899700
vt 0.747800 0.896900
vt 0.715300 0.815100
vt 0.754600 0.822100
vt 0.715300 0.822200
vt 0.757200 0.730000
vt 0.715400 0.724400
vt 0.757000 0.724700
vt 0.715400 0.729600
vt 0.757600 0.735400
vt 0.715400 0.735300
vt 0.715300 0.773400
vt 0.757600 0.764400
vt 0.757500 0.773400
vt 0.757400 0.807300
vt 0.715300 0.807300
vt 0.715500 0.712000
vt 0.756900 0.720300
vt 0.715500 0.719300
vt 0.757800 0.740800
vt 0.715400 0.740800
vt 0.749900 0.588800
vt 0.748900 0.553900
vt 0.747400 0.505900
vt 0.745600 0.463700
vt 0.744500 0.424100
vt 0.743400 0.388400
vt 0.741600 0.322900
vt 0.741300 0.311800
vt 0.715300 0.746200
vt 0.757800 0.746000
vt 0.753500 0.648700
vt 0.759800 0.658700
vt 0.759000 0.822100
vt 0.756000 0.814600
vt 0.760400 0.814500
vt 0.760600 0.719000
vt 0.757100 0.713100
vt 0.760900 0.711800
vt 0.758100 0.684800
vt 0.762200 0.764500
vt 0.762200 0.773300
vt 0.762100 0.735000
vt 0.761200 0.729300
vt 0.760600 0.723700
vt 0.762700 0.740700
vt 0.763600 0.822300
vt 0.764800 0.814500
vt 0.759000 0.853500
vt 0.763900 0.716700
vt 0.763700 0.709600
vt 0.762500 0.686200
vt 0.766600 0.764500
vt 0.767000 0.773400
vt 0.765400 0.807300
vt 0.766700 0.734200
vt 0.765000 0.727800
vt 0.764000 0.721700
vt 0.767700 0.740800
vt 0.762400 0.749900
vt 0.769200 0.764200
vt 0.772100 0.774000
vt 0.768800 0.740500
vt 0.766700 0.752800
vt 0.766400 0.843900
vt 0.776300 0.818600
vt 0.778200 0.801600
vt 0.777700 0.810900
vt 0.769800 0.738100
vt 0.772300 0.733100
vt 0.770800 0.735600
vt 0.795800 0.707900
vt 0.799100 0.701800
vt 0.751400 0.638900
vt 0.717200 0.281300
vt 0.736100 0.280900
vt 0.737700 0.281600
vt 0.717100 0.286800
vt 0.739800 0.285100
vt 0.717100 0.290700
vt 0.740700 0.288700
vt 0.770900 0.835000
vt 0.773500 0.827800
vt 0.761800 0.807200
vt 0.777500 0.792400
vt 0.775500 0.782600
vt 0.768200 0.754500
vt 0.715300 0.764100
vt 0.769600 0.661500
vt 0.765800 0.660300
vt 0.761000 0.658400
vt 0.871000 0.734500
vt 0.837600 0.777200
vt 0.832000 0.734500
vt 0.838700 0.788200
vt 0.871000 0.785400
vt 0.871000 0.788100
vt 0.838300 0.805400
vt 0.871100 0.817200
vt 0.837800 0.817100
vt 0.871100 0.792900
vt 0.838900 0.794600
vt 0.838900 0.792900
vt 0.838800 0.790400
vt 0.871100 0.798800
vt 0.838900 0.796200
vt 0.871100 0.796200
vt 0.838800 0.801000
vt 0.871100 0.803400
vt 0.838500 0.803300
vt 0.829500 0.605400
vt 0.871300 0.624100
vt 0.829900 0.624900
vt 0.871000 0.727400
vt 0.829500 0.642000
vt 0.871000 0.636300
vt 0.871000 0.641700
vt 0.829000 0.647400
vt 0.871000 0.647200
vt 0.871000 0.685600
vt 0.829100 0.676500
vt 0.871000 0.676400
vt 0.829200 0.719500
vt 0.871000 0.719500
vt 0.871000 0.632800
vt 0.829800 0.636900
vt 0.828700 0.652700
vt 0.871400 0.551200
vt 0.841100 0.501000
vt 0.871700 0.500800
vt 0.841100 0.468900
vt 0.871900 0.468800
vt 0.842700 0.421600
vt 0.872200 0.421700
vt 0.843700 0.380200
vt 0.872500 0.380400
vt 0.845100 0.341000
vt 0.872800 0.341200
vt 0.846300 0.305600
vt 0.873000 0.305900
vt 0.848100 0.240700
vt 0.873200 0.241000
vt 0.849000 0.214000
vt 0.873400 0.208900
vt 0.873300 0.214200
vt 0.871000 0.658200
vt 0.871000 0.652800
vt 0.835800 0.561300
vt 0.871400 0.572100
vt 0.829200 0.572500
vt 0.828000 0.734400
vt 0.830600 0.726900
vt 0.826700 0.631300
vt 0.829800 0.632500
vt 0.826200 0.624200
vt 0.825200 0.605200
vt 0.825100 0.676600
vt 0.829100 0.685600
vt 0.825000 0.685500
vt 0.825400 0.719400
vt 0.825100 0.646900
vt 0.826800 0.635900
vt 0.826000 0.641300
vt 0.824300 0.652700
vt 0.828800 0.658000
vt 0.824600 0.662000
vt 0.824800 0.734400
vt 0.826700 0.726700
vt 0.828600 0.765700
vt 0.824600 0.629900
vt 0.823600 0.623100
vt 0.822800 0.604300
vt 0.822200 0.676600
vt 0.821600 0.685600
vt 0.823700 0.719400
vt 0.821800 0.646500
vt 0.824700 0.634800
vt 0.823300 0.640200
vt 0.820400 0.653000
vt 0.821900 0.665000
vt 0.820800 0.676500
vt 0.817800 0.686100
vt 0.819900 0.652800
vt 0.821500 0.666700
vt 0.822300 0.755800
vt 0.813500 0.730500
vt 0.823600 0.726400
vt 0.811700 0.713600
vt 0.812300 0.722800
vt 0.819300 0.650700
vt 0.816700 0.645800
vt 0.818400 0.648200
vt 0.793200 0.620400
vt 0.790000 0.614000
vt 0.789100 0.609500
vt 0.837600 0.551600
vt 0.871400 0.557300
vt 0.854400 0.198500
vt 0.873400 0.199400
vt 0.852500 0.199200
vt 0.873400 0.205000
vt 0.850300 0.202900
vt 0.818000 0.746900
vt 0.815800 0.739700
vt 0.812200 0.704400
vt 0.814200 0.694700
vt 0.824700 0.584600
vt 0.822200 0.585200
vt 0.829000 0.583700
vt 0.871300 0.602100
vt 0.748100 0.877500
vt 0.750000 0.874500
vt 0.750100 0.877800
vt 0.750100 0.871600
vt 0.749000 0.868400
vt 0.749900 0.868500
vt 0.715300 0.913600
vt 0.748700 0.911900
vt 0.749100 0.912600
vt 0.748700 0.899700
vt 0.749800 0.911800
vt 0.749000 0.911600
vt 0.748000 0.885700
vt 0.750200 0.883600
vt 0.750200 0.885700
vt 0.748100 0.883400
vt 0.750100 0.880500
vt 0.748000 0.891200
vt 0.750100 0.893700
vt 0.748100 0.893900
vt 0.748300 0.897000
vt 0.749800 0.899500
vt 0.751100 0.588800
vt 0.756700 0.636400
vt 0.752700 0.638600
vt 0.749900 0.554100
vt 0.755300 0.586400
vt 0.748400 0.506000
vt 0.754900 0.553300
vt 0.746600 0.463800
vt 0.753000 0.505500
vt 0.750800 0.463700
vt 0.745500 0.424100
vt 0.749300 0.424000
vt 0.747500 0.388300
vt 0.744400 0.388300
vt 0.743300 0.323200
vt 0.742300 0.288800
vt 0.742000 0.296100
vt 0.741800 0.288700
vt 0.761800 0.657700
vt 0.758900 0.645500
vt 0.765600 0.655800
vt 0.755300 0.859700
vt 0.759000 0.854000
vt 0.759800 0.854300
vt 0.770200 0.764100
vt 0.773700 0.773800
vt 0.773000 0.774000
vt 0.769200 0.754700
vt 0.770900 0.740500
vt 0.770000 0.754600
vt 0.766500 0.844400
vt 0.767100 0.844600
vt 0.774800 0.828300
vt 0.777000 0.818800
vt 0.777600 0.818900
vt 0.778700 0.801300
vt 0.778900 0.811200
vt 0.778300 0.811100
vt 0.770500 0.738400
vt 0.770100 0.740400
vt 0.772300 0.736300
vt 0.773000 0.733700
vt 0.773700 0.734300
vt 0.796400 0.707900
vt 0.796100 0.707600
vt 0.799900 0.701700
vt 0.800500 0.697300
vt 0.801000 0.697400
vt 0.794500 0.677300
vt 0.769800 0.660800
vt 0.794800 0.676800
vt 0.755200 0.648100
vt 0.736400 0.280000
vt 0.717200 0.279300
vt 0.736500 0.279600
vt 0.738600 0.281300
vt 0.739000 0.281000
vt 0.740800 0.284900
vt 0.741300 0.284900
vt 0.774200 0.828100
vt 0.771900 0.835700
vt 0.771300 0.835500
vt 0.777900 0.791900
vt 0.779300 0.801300
vt 0.775700 0.782100
vt 0.778500 0.791900
vt 0.776300 0.782000
vt 0.770900 0.763900
vt 0.771600 0.735900
vt 0.771200 0.738600
vt 0.766100 0.660100
vt 0.769600 0.661100
vt 0.767900 0.658400
vt 0.821500 0.574400
vt 0.824200 0.573800
vt 0.828600 0.573300
vt 0.871300 0.582800
vt 0.740900 0.296100
vt 0.848500 0.229700
vt 0.743100 0.312100
vt 0.742600 0.323000
vt 0.742400 0.311900
vt 0.873200 0.229900
vt 0.742700 0.296300
vt 0.978900 0.598200
vt 0.971700 0.548500
vt 0.978600 0.548400
vt 0.971600 0.513400
vt 0.978500 0.513400
vt 0.978500 0.465200
vt 0.971500 0.422800
vt 0.978300 0.422800
vt 0.971400 0.382900
vt 0.978500 0.347000
vt 0.978500 0.382900
vt 0.978900 0.607500
vt 0.971800 0.598200
vt 0.979300 0.627000
vt 0.983700 0.625300
vt 0.982400 0.627100
vt 0.977600 0.626400
vt 0.979200 0.617800
vt 0.983700 0.625000
vt 0.983500 0.626000
vt 0.971500 0.270600
vt 0.978600 0.257200
vt 0.978700 0.270600
vt 0.971900 0.616900
vt 0.979000 0.617200
vt 0.979600 0.598300
vt 0.979800 0.548900
vt 0.980400 0.598400
vt 0.979000 0.548700
vt 0.979800 0.513900
vt 0.978900 0.513600
vt 0.980000 0.465900
vt 0.979100 0.465500
vt 0.979600 0.423700
vt 0.978600 0.423100
vt 0.980200 0.384000
vt 0.979100 0.383200
vt 0.980200 0.348200
vt 0.979000 0.347300
vt 0.980500 0.283000
vt 0.979300 0.282000
vt 0.980600 0.271900
vt 0.980300 0.257000
vt 0.979400 0.270900
vt 0.979100 0.257200
vt 0.971900 0.623700
vt 0.975500 0.625700
vt 0.975100 0.626600
vt 0.977300 0.627300
vt 0.977000 0.628100
vt 0.979200 0.628000
vt 0.979100 0.628900
vt 0.982700 0.627900
vt 0.982900 0.628800
vt 0.984800 0.627100
vt 0.984100 0.626500
vt 0.985200 0.625500
vt 0.984400 0.624500
vt 0.984400 0.625400
vt 0.980800 0.617600
vt 0.985100 0.624200
vt 0.979800 0.616500
vt 0.980400 0.607800
vt 0.980500 0.616300
vt 0.979600 0.607600
vt 0.715600 0.682800
vt 0.757600 0.684400
vt 0.772300 0.685800
vt 0.773800 0.683500
vt 0.774100 0.683900
vt 0.779000 0.695700
vt 0.781500 0.694600
vt 0.781900 0.695000
vt 0.779200 0.683600
vt 0.776500 0.682500
vt 0.779400 0.683000
vt 0.776600 0.683100
vt 0.715600 0.683400
vt 0.818500 0.597600
vt 0.771000 0.688200
vt 0.771500 0.688200
vt 0.771700 0.691000
vt 0.772200 0.690800
vt 0.773500 0.693500
vt 0.773900 0.693100
vt 0.776100 0.695100
vt 0.776300 0.694500
vt 0.779000 0.695100
vt 0.783000 0.692600
vt 0.783600 0.692900
vt 0.783500 0.690100
vt 0.784200 0.690100
vt 0.783000 0.687400
vt 0.783600 0.687200
vt 0.781500 0.685100
vt 0.781900 0.684700
vt 0.773600 0.682700
vt 0.765900 0.687900
vt 0.770300 0.688200
vt 0.771000 0.691000
vt 0.771100 0.685700
vt 0.776400 0.681700
vt 0.779300 0.682200
vt 0.794000 0.677500
vt 0.782700 0.684100
vt 0.784400 0.686700
vt 0.801500 0.691400
vt 0.800500 0.686800
vt 0.801000 0.686700
vt 0.801000 0.691400
vt 0.798900 0.682400
vt 0.797400 0.680100
vt 0.799400 0.682100
vt 0.797800 0.679700
vt 0.798400 0.682600
vt 0.796900 0.680400
vt 0.800000 0.687000
vt 0.785000 0.689700
vt 0.784300 0.692800
vt 0.800600 0.691400
vt 0.782500 0.695200
vt 0.800100 0.697400
vt 0.778500 0.696400
vt 0.775500 0.695900
vt 0.772900 0.694300
vt 0.810700 0.609000
vt 0.789300 0.609100
vt 0.806800 0.607900
vt 0.813700 0.608600
vt 0.789400 0.608800
vt 0.805100 0.605400
vt 0.789200 0.602900
vt 0.804700 0.602300
vt 0.790100 0.598300
vt 0.805600 0.599300
vt 0.810300 0.595100
vt 0.796800 0.588900
vt 0.793700 0.591600
vt 0.792000 0.593900
vt 0.807600 0.596800
vt 0.814100 0.594300
vt 0.816900 0.595300
vt 0.819200 0.601500
vt 0.818300 0.604000
vt 0.816400 0.607100
vt 0.971500 0.465300
vt 0.978600 0.281700
vt 0.971500 0.347000
vt 0.971500 0.281700
vt 0.971500 0.255300
vt 0.978700 0.256700
vt 0.971500 0.256400
vt 0.754100 0.858700
vt 0.751300 0.861800
vt 0.835600 0.774100
vt 0.832900 0.771000
vt 0.752000 0.862200
vt 0.751000 0.865800
vt 0.749600 0.865200
vt 0.838100 0.780300
vt 0.871000 0.777300
vt 0.871000 0.780100
vt 0.754300 0.859200
vt 0.752700 0.862500
vt 0.748000 0.871500
vt 0.715300 0.868400
vt 0.747600 0.877600
vt 0.715300 0.877600
vt 0.747500 0.880300
vt 0.747500 0.888000
vt 0.715300 0.896900
vt 0.747600 0.893800
vt 0.838500 0.785500
vt 0.871000 0.783000
vt 0.871100 0.794600
vt 0.871100 0.790300
vt 0.871100 0.801000
vt 0.838900 0.798800
vt 0.871100 0.805400
vt 0.748700 0.871500
vt 0.748200 0.874300
vt 0.750200 0.887800
vt 0.748000 0.880200
vt 0.748100 0.888000
vt 0.750100 0.890900
vt 0.749900 0.896700
vt 0.838300 0.783100
vt 0.979100 0.617500
vt 0.975900 0.624900
vt 0.971900 0.621300
vt 0.837700 0.817800
vt 0.837200 0.817400
vt 0.725200 0.296700
vt 0.724700 0.296200
vt 0.980000 0.617100
vt 0.980200 0.617800
vt 0.726500 0.656800
vt 0.726400 0.656200
vt 0.715300 0.912400
vt 0.751900 0.638800
vt 0.727100 0.638500
vt 0.726700 0.589000
vt 0.750400 0.588800
vt 0.726600 0.554000
vt 0.749400 0.553900
vt 0.726400 0.505900
vt 0.747900 0.505900
vt 0.725700 0.463600
vt 0.746100 0.463700
vt 0.725600 0.423800
vt 0.744000 0.388400
vt 0.745100 0.424100
vt 0.725400 0.387900
vt 0.742100 0.322900
vt 0.725200 0.322400
vt 0.725300 0.311400
vt 0.754200 0.648400
vt 0.799500 0.701500
vt 0.726900 0.647800
vt 0.736300 0.280400
vt 0.717200 0.279900
vt 0.738000 0.281200
vt 0.740300 0.284800
vt 0.741300 0.288600
vt 0.838000 0.788100
vt 0.837700 0.785500
vt 0.871100 0.818000
vt 0.837400 0.805500
vt 0.838400 0.794600
vt 0.838300 0.792900
vt 0.838200 0.790300
vt 0.838400 0.796200
vt 0.838100 0.801000
vt 0.840100 0.501700
vt 0.840300 0.469100
vt 0.841900 0.421800
vt 0.843100 0.380300
vt 0.844300 0.341000
vt 0.845500 0.305600
vt 0.847400 0.240600
vt 0.849200 0.206600
vt 0.848400 0.213900
vt 0.848700 0.206500
vt 0.835300 0.561300
vt 0.828700 0.766400
vt 0.819900 0.676400
vt 0.819200 0.653000
vt 0.822200 0.756400
vt 0.812800 0.730700
vt 0.811500 0.723000
vt 0.811000 0.713300
vt 0.818800 0.651100
vt 0.817700 0.648500
vt 0.816000 0.646300
vt 0.792800 0.620100
vt 0.789500 0.613700
vt 0.788700 0.609100
vt 0.837200 0.551500
vt 0.873400 0.197400
vt 0.873400 0.198400
vt 0.854300 0.197800
vt 0.852000 0.199100
vt 0.849800 0.202800
vt 0.815200 0.740100
vt 0.817700 0.747400
vt 0.811800 0.704000
vt 0.814000 0.694200
vt 0.816900 0.686200
vt 0.820800 0.667100
vt 0.837600 0.783100
vt 0.838200 0.798800
vt 0.837800 0.803400
vt 0.741500 0.296000
vt 0.796300 0.588800
vt 0.824200 0.573100
vt 0.821500 0.573900
vt 0.828300 0.572400
vt 0.717100 0.296000
vt 0.848000 0.229600
vt 0.741900 0.311800
vt 0.730800 0.664000
vt 0.726700 0.657500
vt 0.979400 0.256000
vt 0.971900 0.622700
vt 0.719400 0.665100
vt 0.715600 0.662600
vt 0.721400 0.666700
vt 0.723600 0.667500
vt 0.727500 0.667500
vt 0.729700 0.666200
vt 0.730600 0.665000
vt 0.980700 0.616900
vt 0.816600 0.596000
vt 0.818100 0.598200
vt 0.771800 0.685500
vt 0.810100 0.608200
vt 0.807300 0.607600
vt 0.811000 0.595700
vt 0.814000 0.595200
vt 0.818400 0.601000
vt 0.817600 0.603800
vt 0.815800 0.606200
vt 0.813100 0.607800
vt 0.805800 0.605400
vt 0.805500 0.602600
vt 0.806400 0.599700
vt 0.808300 0.597300
vt 0.789600 0.598200
vt 0.788700 0.602900
vt 0.791500 0.593700
vt 0.793200 0.591400
vt 0.835000 0.774700
vt 0.832800 0.771800
vt 0.837000 0.777600
vt 0.682300 0.868400
vt 0.682800 0.874400
vt 0.682500 0.871500
vt 0.682600 0.899700
vt 0.683100 0.885700
vt 0.683100 0.883500
vt 0.683100 0.891200
vt 0.682800 0.896900
vt 0.676000 0.822100
vt 0.674600 0.814600
vt 0.673600 0.730000
vt 0.673200 0.735400
vt 0.673000 0.764400
vt 0.673200 0.807200
vt 0.674000 0.720200
vt 0.673900 0.724700
vt 0.672900 0.740800
vt 0.681200 0.588600
vt 0.679600 0.638700
vt 0.681700 0.553700
vt 0.683500 0.505700
vt 0.685000 0.463400
vt 0.686900 0.423800
vt 0.688500 0.388000
vt 0.691900 0.322500
vt 0.692400 0.311500
vt 0.672900 0.746000
vt 0.677500 0.648500
vt 0.671500 0.822100
vt 0.670300 0.718900
vt 0.673900 0.713000
vt 0.673000 0.684600
vt 0.670100 0.711600
vt 0.668600 0.686100
vt 0.673100 0.773400
vt 0.668400 0.764400
vt 0.668400 0.773300
vt 0.668800 0.807200
vt 0.668700 0.734900
vt 0.669700 0.729200
vt 0.670300 0.723600
vt 0.668000 0.740600
vt 0.667000 0.822300
vt 0.670200 0.814500
vt 0.671600 0.853500
vt 0.676500 0.858700
vt 0.667000 0.716600
vt 0.667300 0.709400
vt 0.665200 0.687700
vt 0.664000 0.764400
vt 0.665200 0.807300
vt 0.663600 0.773400
vt 0.664100 0.734100
vt 0.665800 0.727700
vt 0.666900 0.721600
vt 0.663000 0.740700
vt 0.668300 0.749900
vt 0.661400 0.764200
vt 0.661900 0.740400
vt 0.664000 0.752800
vt 0.662400 0.754400
vt 0.664200 0.843800
vt 0.654300 0.818600
vt 0.657000 0.827800
vt 0.652900 0.810900
vt 0.652400 0.801500
vt 0.660900 0.738000
vt 0.658500 0.733000
vt 0.635200 0.707600
vt 0.632000 0.701400
vt 0.698300 0.280900
vt 0.717200 0.281000
vt 0.696700 0.281500
vt 0.694500 0.284800
vt 0.659600 0.835000
vt 0.665700 0.814500
vt 0.653100 0.792300
vt 0.655200 0.782500
vt 0.658600 0.773900
vt 0.660000 0.735500
vt 0.661600 0.661300
vt 0.665400 0.660100
vt 0.904400 0.777200
vt 0.910000 0.734500
vt 0.903400 0.788200
vt 0.903600 0.785500
vt 0.903900 0.805400
vt 0.903200 0.794600
vt 0.903300 0.790400
vt 0.903200 0.796200
vt 0.903400 0.801000
vt 0.913100 0.605600
vt 0.911400 0.726900
vt 0.912400 0.642000
vt 0.912900 0.647400
vt 0.912900 0.676500
vt 0.912900 0.685600
vt 0.912800 0.719500
vt 0.912100 0.632600
vt 0.912100 0.636900
vt 0.913200 0.652700
vt 0.902700 0.502200
vt 0.904600 0.551900
vt 0.901600 0.469200
vt 0.901500 0.422000
vt 0.900600 0.380700
vt 0.899900 0.341400
vt 0.899600 0.306000
vt 0.898300 0.241100
vt 0.897700 0.214300
vt 0.913200 0.658000
vt 0.906900 0.561900
vt 0.913900 0.734400
vt 0.915300 0.726700
vt 0.915200 0.631400
vt 0.912600 0.625000
vt 0.915800 0.624300
vt 0.916800 0.676600
vt 0.916600 0.719400
vt 0.916900 0.685500
vt 0.916900 0.646900
vt 0.915900 0.641300
vt 0.915100 0.635900
vt 0.917600 0.652700
vt 0.917300 0.662000
vt 0.917200 0.734400
vt 0.918300 0.726400
vt 0.913300 0.765700
vt 0.909100 0.771000
vt 0.917400 0.630000
vt 0.918400 0.623200
vt 0.916800 0.605400
vt 0.919800 0.676600
vt 0.918300 0.719400
vt 0.920300 0.685600
vt 0.920200 0.646600
vt 0.918700 0.640300
vt 0.917200 0.634800
vt 0.921500 0.653000
vt 0.920000 0.665000
vt 0.921200 0.676500
vt 0.922000 0.652800
vt 0.920400 0.666700
vt 0.919700 0.755800
vt 0.928500 0.730500
vt 0.926200 0.739700
vt 0.930200 0.713600
vt 0.929700 0.722800
vt 0.922600 0.650700
vt 0.925200 0.645800
vt 0.948700 0.620500
vt 0.952000 0.614100
vt 0.892400 0.198700
vt 0.894300 0.199500
vt 0.896500 0.203200
vt 0.897500 0.206900
vt 0.924000 0.746900
vt 0.929700 0.704400
vt 0.927700 0.694700
vt 0.924200 0.686100
vt 0.923500 0.648200
vt 0.919200 0.604400
vt 0.917400 0.584700
vt 0.919900 0.585300
vt 0.913700 0.583800
vt 0.680600 0.874500
vt 0.682500 0.877500
vt 0.680500 0.877800
vt 0.680400 0.871600
vt 0.681500 0.868400
vt 0.681900 0.871500
vt 0.681900 0.911900
vt 0.680800 0.911800
vt 0.681900 0.899700
vt 0.681600 0.911600
vt 0.680300 0.883600
vt 0.682500 0.885700
vt 0.680300 0.885700
vt 0.680400 0.880500
vt 0.682500 0.883400
vt 0.680500 0.893700
vt 0.682600 0.891200
vt 0.682500 0.893900
vt 0.680800 0.899500
vt 0.682300 0.897000
vt 0.674100 0.636100
vt 0.680200 0.588400
vt 0.678100 0.638400
vt 0.675400 0.586200
vt 0.680800 0.553900
vt 0.675900 0.553000
vt 0.682600 0.505700
vt 0.677800 0.505100
vt 0.684200 0.463500
vt 0.679700 0.463300
vt 0.686000 0.423800
vt 0.684500 0.387900
vt 0.681800 0.423600
vt 0.690100 0.322900
vt 0.687700 0.388000
vt 0.692000 0.295800
vt 0.691900 0.288500
vt 0.692500 0.288400
vt 0.669400 0.657500
vt 0.672000 0.645200
vt 0.675700 0.647900
vt 0.675200 0.859700
vt 0.671500 0.854000
vt 0.676200 0.859200
vt 0.657000 0.773800
vt 0.660400 0.764000
vt 0.657600 0.774000
vt 0.659900 0.740400
vt 0.661500 0.754600
vt 0.660600 0.754500
vt 0.670700 0.854300
vt 0.664100 0.844300
vt 0.655800 0.828300
vt 0.653600 0.818800
vt 0.656400 0.828100
vt 0.651700 0.811100
vt 0.651900 0.801300
vt 0.652300 0.811100
vt 0.660200 0.738300
vt 0.660700 0.740400
vt 0.658500 0.736100
vt 0.657800 0.733500
vt 0.659200 0.735800
vt 0.634600 0.707500
vt 0.657100 0.734100
vt 0.631100 0.701400
vt 0.634900 0.707300
vt 0.630500 0.697000
vt 0.631600 0.701200
vt 0.636700 0.677000
vt 0.661400 0.660600
vt 0.661700 0.660900
vt 0.698100 0.279900
vt 0.697900 0.279500
vt 0.695800 0.281100
vt 0.695400 0.280800
vt 0.693500 0.284700
vt 0.693000 0.284600
vt 0.658700 0.835600
vt 0.659300 0.835400
vt 0.653000 0.818900
vt 0.663500 0.844600
vt 0.651300 0.801200
vt 0.652800 0.791900
vt 0.652100 0.791800
vt 0.654900 0.782100
vt 0.654300 0.781900
vt 0.659700 0.763900
vt 0.659500 0.738500
vt 0.665200 0.660000
vt 0.665500 0.655600
vt 0.917900 0.574000
vt 0.913300 0.572900
vt 0.693500 0.288400
vt 0.693200 0.295800
vt 0.897900 0.230000
vt 0.690800 0.322700
vt 0.690600 0.311800
vt 0.691300 0.311600
vt 0.691400 0.296000
vt 0.964700 0.598200
vt 0.964700 0.548500
vt 0.964400 0.465300
vt 0.964400 0.347000
vt 0.964400 0.382900
vt 0.964700 0.607500
vt 0.971800 0.607600
vt 0.960100 0.625000
vt 0.966200 0.626400
vt 0.960100 0.625400
vt 0.964500 0.617900
vt 0.967800 0.624900
vt 0.964500 0.627100
vt 0.961300 0.627100
vt 0.960200 0.626000
vt 0.964500 0.257200
vt 0.964400 0.270600
vt 0.671400 0.658500
vt 0.964000 0.598300
vt 0.963500 0.548900
vt 0.964300 0.548700
vt 0.963300 0.514000
vt 0.964200 0.513600
vt 0.963000 0.465900
vt 0.963900 0.465500
vt 0.963300 0.423700
vt 0.964300 0.423100
vt 0.962700 0.384000
vt 0.963800 0.383200
vt 0.962700 0.348200
vt 0.963900 0.347300
vt 0.962500 0.283000
vt 0.963800 0.282000
vt 0.962400 0.271900
vt 0.963700 0.270900
vt 0.962800 0.257000
vt 0.968200 0.625800
vt 0.968700 0.626600
vt 0.966400 0.627300
vt 0.966800 0.628200
vt 0.964600 0.628000
vt 0.964700 0.628900
vt 0.961100 0.628000
vt 0.959000 0.627200
vt 0.959700 0.626600
vt 0.958500 0.625600
vt 0.959300 0.625500
vt 0.959400 0.624600
vt 0.962900 0.617600
vt 0.963500 0.617800
vt 0.963900 0.616500
vt 0.963200 0.607900
vt 0.964000 0.607700
vt 0.963200 0.598400
vt 0.673600 0.684200
vt 0.657400 0.683300
vt 0.658800 0.685600
vt 0.657100 0.683700
vt 0.652100 0.695400
vt 0.649600 0.694300
vt 0.652100 0.694800
vt 0.651900 0.683300
vt 0.654700 0.682300
vt 0.654600 0.682800
vt 0.923500 0.597700
vt 0.922800 0.601600
vt 0.659600 0.688000
vt 0.659300 0.685300
vt 0.660200 0.688000
vt 0.659500 0.690800
vt 0.658900 0.690600
vt 0.657600 0.693300
vt 0.657200 0.692800
vt 0.655000 0.694900
vt 0.654800 0.694300
vt 0.649200 0.694800
vt 0.648100 0.692300
vt 0.647600 0.689800
vt 0.647500 0.692600
vt 0.646900 0.689900
vt 0.648100 0.687200
vt 0.647500 0.686900
vt 0.649700 0.684900
vt 0.651700 0.682800
vt 0.657500 0.682500
vt 0.660200 0.690800
vt 0.660900 0.688000
vt 0.660100 0.685500
vt 0.654800 0.681500
vt 0.651800 0.682000
vt 0.637200 0.677200
vt 0.646800 0.686500
vt 0.634300 0.680000
vt 0.630700 0.686500
vt 0.629600 0.691000
vt 0.630200 0.686300
vt 0.630100 0.691000
vt 0.630000 0.697100
vt 0.632300 0.682000
vt 0.631800 0.681800
vt 0.633800 0.679800
vt 0.633300 0.679400
vt 0.632700 0.682300
vt 0.646200 0.689500
vt 0.631200 0.686600
vt 0.646800 0.692500
vt 0.630500 0.691000
vt 0.652600 0.696200
vt 0.631000 0.697100
vt 0.648600 0.694900
vt 0.655600 0.695600
vt 0.658200 0.694100
vt 0.935200 0.608000
vt 0.952700 0.609300
vt 0.931300 0.609200
vt 0.952900 0.609700
vt 0.928300 0.608700
vt 0.952600 0.609000
vt 0.936900 0.605600
vt 0.952800 0.603100
vt 0.937300 0.602500
vt 0.936400 0.599400
vt 0.951900 0.598500
vt 0.931700 0.595300
vt 0.920700 0.574200
vt 0.945200 0.589100
vt 0.948300 0.591800
vt 0.934400 0.597000
vt 0.927900 0.594500
vt 0.925100 0.595500
vt 0.923700 0.604200
vt 0.925600 0.607300
vt 0.964600 0.513400
vt 0.964600 0.422800
vt 0.964400 0.281700
vt 0.964400 0.256700
vt 0.963600 0.256000
vt 0.679300 0.861800
vt 0.906300 0.774100
vt 0.678500 0.862200
vt 0.679500 0.865800
vt 0.677900 0.862500
vt 0.681600 0.864900
vt 0.903900 0.780300
vt 0.683000 0.877600
vt 0.683100 0.880300
vt 0.683100 0.888000
vt 0.683000 0.893800
vt 0.903800 0.783100
vt 0.903200 0.792900
vt 0.903300 0.798700
vt 0.903700 0.803300
vt 0.681000 0.865200
vt 0.680600 0.868500
vt 0.680300 0.887800
vt 0.682500 0.880200
vt 0.680400 0.890900
vt 0.682500 0.888000
vt 0.680700 0.896700
vt 0.964600 0.617600
vt 0.964700 0.617200
vt 0.682100 0.911500
vt 0.904400 0.817100
vt 0.905000 0.817400
vt 0.904600 0.817800
vt 0.963900 0.257200
vt 0.708900 0.296700
vt 0.709400 0.296100
vt 0.963700 0.617200
vt 0.704700 0.656700
vt 0.704600 0.657300
vt 0.682300 0.874300
vt 0.680600 0.588600
vt 0.679000 0.638600
vt 0.704100 0.638300
vt 0.681200 0.553700
vt 0.704400 0.553800
vt 0.683000 0.505700
vt 0.684400 0.463400
vt 0.704500 0.505700
vt 0.686400 0.423800
vt 0.705400 0.463400
vt 0.688000 0.388000
vt 0.705800 0.423700
vt 0.691400 0.322600
vt 0.706600 0.387900
vt 0.691900 0.311500
vt 0.708200 0.322400
vt 0.704800 0.656000
vt 0.676700 0.648200
vt 0.704300 0.647600
vt 0.698200 0.280400
vt 0.717200 0.280500
vt 0.696300 0.281000
vt 0.694000 0.284600
vt 0.693000 0.288300
vt 0.670200 0.658200
vt 0.904100 0.788100
vt 0.904800 0.805500
vt 0.903800 0.794600
vt 0.903900 0.790300
vt 0.903800 0.796200
vt 0.904000 0.798800
vt 0.904100 0.801000
vt 0.905000 0.551900
vt 0.902500 0.469400
vt 0.901800 0.422000
vt 0.901000 0.380700
vt 0.900300 0.341300
vt 0.900000 0.305900
vt 0.898200 0.214200
vt 0.913900 0.572600
vt 0.913300 0.766400
vt 0.922100 0.676400
vt 0.922700 0.653100
vt 0.919800 0.756400
vt 0.929200 0.730700
vt 0.930500 0.723000
vt 0.923100 0.651100
vt 0.924200 0.648500
vt 0.925900 0.646300
vt 0.949200 0.620200
vt 0.952500 0.613800
vt 0.907100 0.561400
vt 0.892500 0.198100
vt 0.894800 0.199300
vt 0.897000 0.203000
vt 0.926800 0.740100
vt 0.924200 0.747400
vt 0.930900 0.713300
vt 0.930100 0.704000
vt 0.928000 0.694200
vt 0.921100 0.667100
vt 0.904500 0.783100
vt 0.904800 0.780400
vt 0.681500 0.912600
vt 0.903800 0.792900
vt 0.904400 0.803400
vt 0.692600 0.295700
vt 0.945700 0.589000
vt 0.920700 0.573700
vt 0.918000 0.573300
vt 0.914100 0.573600
vt 0.899000 0.240900
vt 0.898500 0.229900
vt 0.971500 0.257100
vt 0.700400 0.663800
vt 0.711800 0.665100
vt 0.709800 0.666700
vt 0.707600 0.667500
vt 0.703700 0.667400
vt 0.701500 0.666100
vt 0.700600 0.664800
vt 0.963200 0.616400
vt 0.925400 0.596200
vt 0.923900 0.598400
vt 0.931900 0.608400
vt 0.934700 0.607700
vt 0.931000 0.595800
vt 0.928100 0.595300
vt 0.923600 0.601100
vt 0.924400 0.603900
vt 0.926200 0.606400
vt 0.928900 0.607900
vt 0.936200 0.605600
vt 0.936500 0.602800
vt 0.935700 0.599900
vt 0.649200 0.684400
vt 0.648500 0.683900
vt 0.933700 0.597400
vt 0.952400 0.598400
vt 0.953300 0.603000
vt 0.953300 0.609200
vt 0.950500 0.593900
vt 0.948900 0.591600
vt 0.950000 0.594100
vt 0.907000 0.774700
vt 0.909200 0.771800
vt 0.905000 0.777600
vt 0.904400 0.785500
vt 0.033200 0.983900
vt 0.030000 0.985400
vt 0.030000 0.983900
vt 0.036400 0.983900
vt 0.033200 0.985400
vt 0.039300 0.985400
vt 0.039600 0.983900
vt 0.039500 0.985100
vt 0.036400 0.985400
vt 0.042800 0.983900
vt 0.046000 0.983900
vt 0.043100 0.985400
vt 0.042800 0.985100
vt 0.049100 0.983900
vt 0.046000 0.985400
vt 0.052300 0.983900
vt 0.049100 0.985400
vt 0.055500 0.985400
vt 0.052300 0.985400
vt 0.055500 0.983900
vt 0.058700 0.985400
vt 0.061900 0.983900
vt 0.058700 0.983900
vt 0.065100 0.983900
vt 0.061900 0.985400
vt 0.068000 0.985400
vt 0.068300 0.983900
vt 0.068200 0.985100
vt 0.065100 0.985400
vt 0.071500 0.983900
vt 0.074700 0.983900
vt 0.071800 0.985400
vt 0.071500 0.985100
vt 0.077800 0.985400
vt 0.074700 0.985400
vt 0.077800 0.983900
vt 0.081000 0.985400
vt 0.081000 0.983800
vt 0.084200 0.985400
vt 0.084200 0.983800
vt 0.087400 0.985400
vt 0.177700 0.942000
vt 0.181300 0.939900
vt 0.176200 0.946000
vt 0.183400 0.939900
vt 0.188100 0.943900
vt 0.185400 0.940700
vt 0.187100 0.942000
vt 0.188100 0.948100
vt 0.185400 0.951300
vt 0.187100 0.949900
vt 0.181300 0.952000
vt 0.177700 0.949900
vt 0.179300 0.951300
vt 0.176600 0.948100
vt 0.176600 0.943900
vt 0.179900 0.651100
vt 0.176400 0.633400
vt 0.182500 0.650100
vt 0.176200 0.651200
vt 0.170900 0.648100
vt 0.170900 0.636600
vt 0.168800 0.642400
vt 0.169300 0.639300
vt 0.172900 0.634900
vt 0.178900 0.651200
vt 0.183000 0.634300
vt 0.185400 0.647900
vt 0.180100 0.633300
vt 0.185400 0.636300
vt 0.187500 0.642100
vt 0.187000 0.645200
vt 0.183400 0.649600
vt 0.177400 0.633200
vt 0.043100 0.985900
vt 0.049100 0.985800
vt 0.052300 0.985800
vt 0.055500 0.985800
vt 0.061900 0.985800
vt 0.067900 0.985900
vt 0.179200 0.651300
vt 0.173300 0.634500
vt 0.179400 0.651200
vt 0.033200 0.985900
vt 0.039200 0.985900
vt 0.177100 0.633200
vt 0.183000 0.649900
vt 0.176900 0.633300
vt 0.071800 0.985900
vt 0.077800 0.985800
vt 0.081000 0.985800
vt 0.084200 0.985800
vt 0.183100 0.650300
vt 0.179600 0.651600
vt 0.173200 0.634200
vt 0.173800 0.634300
vt 0.176800 0.632900
vt 0.179100 0.651500
vt 0.172900 0.634500
vt 0.173200 0.634600
vt 0.177200 0.633000
vt 0.183400 0.649900
vt 0.183200 0.649800
vt 0.964200 0.115600
vt 0.963900 0.112400
vt 0.964500 0.115500
vt 0.965800 0.118400
vt 0.966000 0.118200
vt 0.968300 0.120500
vt 0.968400 0.120200
vt 0.971300 0.121600
vt 0.971300 0.121300
vt 0.974500 0.121300
vt 0.974500 0.121600
vt 0.977400 0.120200
vt 0.977600 0.120500
vt 0.979800 0.118200
vt 0.980000 0.118400
vt 0.981300 0.115500
vt 0.981600 0.115600
vt 0.981900 0.112400
vt 0.982200 0.112400
vt 0.981600 0.109200
vt 0.981300 0.109400
vt 0.980000 0.106400
vt 0.979800 0.106600
vt 0.977600 0.104300
vt 0.977400 0.104600
vt 0.974500 0.103200
vt 0.974500 0.103500
vt 0.971300 0.103500
vt 0.971300 0.103200
vt 0.968400 0.104600
vt 0.968300 0.104300
vt 0.966000 0.106600
vt 0.965800 0.106400
vt 0.964500 0.109400
vt 0.964200 0.109200
vt 0.963600 0.112400
vt 0.182800 0.650500
vt 0.179900 0.651500
vt 0.176400 0.632900
vt 0.176200 0.651500
vt 0.173300 0.650100
vt 0.173100 0.650400
vt 0.170700 0.648300
vt 0.169000 0.645500
vt 0.169300 0.645400
vt 0.168500 0.642400
vt 0.169000 0.639200
vt 0.170700 0.636400
vt 0.180100 0.632900
vt 0.183200 0.634000
vt 0.185700 0.636100
vt 0.187000 0.639000
vt 0.187800 0.642100
vt 0.187300 0.645300
vt 0.185700 0.648100
vt 0.966800 0.107300
vt 0.965400 0.109700
vt 0.968900 0.105500
vt 0.971500 0.104500
vt 0.974300 0.104500
vt 0.976900 0.105500
vt 0.979000 0.107300
vt 0.980400 0.109700
vt 0.980400 0.115200
vt 0.980900 0.112400
vt 0.979000 0.117600
vt 0.974300 0.120300
vt 0.976900 0.119400
vt 0.971500 0.120300
vt 0.968900 0.119400
vt 0.966800 0.117600
vt 0.964900 0.112400
vt 0.965400 0.115200
vt 0.974300 0.006000
vt 0.971500 0.080900
vt 0.971500 0.006000
vt 0.977100 0.080900
vt 0.974300 0.080900
vt 0.979900 0.006000
vt 0.977100 0.006000
vt 0.982700 0.006000
vt 0.979900 0.080900
vt 0.985500 0.080900
vt 0.982700 0.080900
vt 0.985500 0.006000
vt 0.988300 0.080900
vt 0.991200 0.006000
vt 0.988300 0.006000
vt 0.994000 0.006000
vt 0.991200 0.080900
vt 0.946100 0.006000
vt 0.943200 0.080900
vt 0.943200 0.006000
vt 0.948900 0.006000
vt 0.946100 0.080900
vt 0.951700 0.006000
vt 0.948900 0.080900
vt 0.954500 0.006000
vt 0.951700 0.080900
vt 0.957300 0.080900
vt 0.954500 0.080900
vt 0.957300 0.006000
vt 0.960100 0.080900
vt 0.960100 0.006000
vt 0.962900 0.080900
vt 0.962900 0.006000
vt 0.965700 0.080900
vt 0.965700 0.006000
vt 0.968600 0.080900
vt 0.968600 0.006000
vt 0.176400 0.941000
vt 0.175100 0.943300
vt 0.178500 0.939300
vt 0.181000 0.938300
vt 0.179300 0.940700
vt 0.183700 0.938300
vt 0.186300 0.939300
vt 0.188300 0.941000
vt 0.189700 0.943300
vt 0.188500 0.946000
vt 0.190100 0.946000
vt 0.188300 0.951000
vt 0.189700 0.948700
vt 0.186300 0.952700
vt 0.183400 0.952000
vt 0.181000 0.953700
vt 0.183700 0.953700
vt 0.178500 0.952700
vt 0.175100 0.948700
vt 0.176400 0.951000
vt 0.174600 0.946000
vt 0.685100 0.274600
vt 0.688500 0.271400
vt 0.686900 0.274400
vt 0.682900 0.272100
vt 0.683600 0.273700
vt 0.684500 0.269100
vt 0.683200 0.270300
vt 0.686200 0.268900
vt 0.687700 0.269800
vt 0.688100 0.273200
vt 0.038500 0.046600
vt 0.028600 0.041600
vt 0.039300 0.042500
vt 0.029700 0.037900
vt 0.040200 0.038300
vt 0.030700 0.033900
vt 0.040800 0.034100
vt 0.031300 0.029800
vt 0.041300 0.029800
vt 0.031300 0.025500
vt 0.041400 0.025600
vt 0.041300 0.021300
vt 0.030800 0.021300
vt 0.041100 0.017100
vt 0.024600 0.057200
vt 0.036900 0.054800
vt 0.036100 0.058900
vt 0.025600 0.053200
vt 0.037700 0.050700
vt 0.026500 0.049200
vt 0.027400 0.045400
vt 0.058800 0.047500
vt 0.049400 0.043100
vt 0.059300 0.043300
vt 0.050000 0.038900
vt 0.059700 0.039000
vt 0.050500 0.034500
vt 0.060100 0.034700
vt 0.050900 0.030100
vt 0.060400 0.030400
vt 0.060600 0.026100
vt 0.051000 0.025700
vt 0.060700 0.021800
vt 0.051100 0.021400
vt 0.060800 0.017600
vt 0.047100 0.059700
vt 0.058000 0.056000
vt 0.057800 0.060200
vt 0.047600 0.055500
vt 0.058400 0.051800
vt 0.048800 0.047300
vt 0.078400 0.047700
vt 0.069000 0.043500
vt 0.078600 0.043400
vt 0.069400 0.039300
vt 0.078800 0.039100
vt 0.069600 0.034900
vt 0.079100 0.034900
vt 0.069900 0.030500
vt 0.079200 0.030600
vt 0.079400 0.026300
vt 0.070000 0.026200
vt 0.079400 0.022100
vt 0.070100 0.021900
vt 0.079500 0.017900
vt 0.068100 0.060200
vt 0.078100 0.056100
vt 0.078100 0.060300
vt 0.068200 0.056100
vt 0.078200 0.051900
vt 0.068700 0.047800
vt 0.097200 0.047400
vt 0.088000 0.043500
vt 0.097300 0.043200
vt 0.088200 0.039200
vt 0.097400 0.039000
vt 0.088300 0.034900
vt 0.097500 0.034800
vt 0.088500 0.030600
vt 0.097600 0.030500
vt 0.097600 0.026300
vt 0.088600 0.026200
vt 0.097700 0.022000
vt 0.088600 0.021900
vt 0.097600 0.017800
vt 0.087800 0.060100
vt 0.097100 0.055900
vt 0.097200 0.060100
vt 0.087700 0.055900
vt 0.097100 0.051600
vt 0.087900 0.047700
vt 0.115300 0.047200
vt 0.106400 0.043300
vt 0.115300 0.043000
vt 0.106400 0.039000
vt 0.115300 0.038800
vt 0.106500 0.034700
vt 0.115400 0.034600
vt 0.106600 0.030400
vt 0.115400 0.030300
vt 0.115400 0.026100
vt 0.106600 0.026100
vt 0.115400 0.021900
vt 0.106600 0.021800
vt 0.115300 0.017700
vt 0.106400 0.059800
vt 0.115300 0.055600
vt 0.115400 0.059800
vt 0.106300 0.055600
vt 0.115300 0.051400
vt 0.106300 0.047400
vt 0.132700 0.047100
vt 0.124100 0.043100
vt 0.132700 0.042900
vt 0.124100 0.038900
vt 0.132700 0.038700
vt 0.124100 0.034600
vt 0.132700 0.034400
vt 0.124100 0.030300
vt 0.132700 0.030200
vt 0.132700 0.026000
vt 0.124100 0.025900
vt 0.132700 0.021800
vt 0.124100 0.021600
vt 0.132600 0.017600
vt 0.124100 0.059600
vt 0.132700 0.055500
vt 0.132700 0.059700
vt 0.124100 0.055400
vt 0.132700 0.051300
vt 0.124100 0.047200
vt 0.149600 0.047100
vt 0.141200 0.043000
vt 0.149500 0.042900
vt 0.141200 0.038800
vt 0.149500 0.038600
vt 0.141200 0.034500
vt 0.149500 0.034400
vt 0.141200 0.030200
vt 0.149500 0.030200
vt 0.149500 0.025900
vt 0.141100 0.025900
vt 0.149500 0.021700
vt 0.141100 0.021600
vt 0.149400 0.017500
vt 0.141200 0.059600
vt 0.149600 0.055600
vt 0.149600 0.059800
vt 0.141200 0.055400
vt 0.149600 0.051300
vt 0.141200 0.047200
vt 0.165900 0.046900
vt 0.157800 0.043000
vt 0.165900 0.042700
vt 0.157800 0.038800
vt 0.165900 0.038500
vt 0.157700 0.034500
vt 0.165900 0.034300
vt 0.157700 0.030100
vt 0.165900 0.030100
vt 0.165800 0.025800
vt 0.157700 0.025800
vt 0.165800 0.021600
vt 0.157700 0.021500
vt 0.165800 0.017400
vt 0.157900 0.059600
vt 0.166000 0.055400
vt 0.166100 0.059600
vt 0.157900 0.055500
vt 0.166000 0.051200
vt 0.157800 0.047200
vt 0.181900 0.046800
vt 0.173900 0.042800
vt 0.181900 0.042600
vt 0.173900 0.038600
vt 0.181900 0.038400
vt 0.173900 0.034300
vt 0.181900 0.034200
vt 0.173900 0.030000
vt 0.181900 0.030000
vt 0.181800 0.025800
vt 0.173900 0.025700
vt 0.181800 0.021600
vt 0.173900 0.021400
vt 0.181800 0.017400
vt 0.174100 0.059200
vt 0.182000 0.055200
vt 0.182000 0.059400
vt 0.174000 0.055100
vt 0.181900 0.051000
vt 0.174000 0.047000
vt 0.197600 0.046900
vt 0.189800 0.042800
vt 0.197600 0.042700
vt 0.189800 0.038600
vt 0.197600 0.038500
vt 0.189800 0.034400
vt 0.197600 0.034300
vt 0.189700 0.030000
vt 0.197500 0.030100
vt 0.197500 0.025800
vt 0.189700 0.025700
vt 0.197500 0.021600
vt 0.189700 0.021400
vt 0.197500 0.017400
vt 0.189800 0.059300
vt 0.197600 0.055400
vt 0.197600 0.059600
vt 0.189800 0.055100
vt 0.197600 0.051100
vt 0.189800 0.047000
vt 0.213100 0.047000
vt 0.205400 0.042900
vt 0.213100 0.042700
vt 0.205300 0.038700
vt 0.213000 0.038500
vt 0.205300 0.034400
vt 0.213000 0.034300
vt 0.205300 0.030100
vt 0.213000 0.030100
vt 0.213000 0.025900
vt 0.205300 0.025700
vt 0.213000 0.021700
vt 0.205300 0.021500
vt 0.213000 0.017500
vt 0.205400 0.059500
vt 0.213100 0.055500
vt 0.213100 0.059700
vt 0.205400 0.055400
vt 0.213100 0.051200
vt 0.205400 0.047100
vt 0.228400 0.046900
vt 0.220700 0.042900
vt 0.228400 0.042700
vt 0.220700 0.038700
vt 0.228400 0.038500
vt 0.220700 0.034400
vt 0.228400 0.034300
vt 0.220700 0.030100
vt 0.228300 0.030100
vt 0.228300 0.025900
vt 0.220700 0.025700
vt 0.228300 0.021700
vt 0.220600 0.021500
vt 0.228300 0.017500
vt 0.220800 0.059400
vt 0.228400 0.055300
vt 0.228500 0.059500
vt 0.220800 0.055300
vt 0.228400 0.051100
vt 0.220700 0.047100
vt 0.243700 0.046900
vt 0.236000 0.042900
vt 0.243700 0.042700
vt 0.236000 0.038700
vt 0.243700 0.038500
vt 0.236000 0.034400
vt 0.243600 0.034300
vt 0.236000 0.030100
vt 0.243600 0.030000
vt 0.243600 0.025800
vt 0.236000 0.025700
vt 0.243600 0.021600
vt 0.235900 0.021400
vt 0.243500 0.017400
vt 0.236100 0.059400
vt 0.243700 0.055400
vt 0.243700 0.059600
vt 0.236100 0.055200
vt 0.243700 0.051200
vt 0.236000 0.047000
vt 0.259000 0.047000
vt 0.251300 0.043000
vt 0.258900 0.042700
vt 0.251300 0.038700
vt 0.258900 0.038500
vt 0.251300 0.034400
vt 0.258900 0.034300
vt 0.251200 0.030000
vt 0.258900 0.030000
vt 0.258900 0.025800
vt 0.251200 0.025700
vt 0.258900 0.021500
vt 0.251200 0.021400
vt 0.258900 0.017300
vt 0.251400 0.059600
vt 0.259000 0.055400
vt 0.259100 0.059700
vt 0.251400 0.055400
vt 0.259000 0.051200
vt 0.251300 0.047200
vt 0.274400 0.046800
vt 0.266600 0.042800
vt 0.274300 0.042600
vt 0.266600 0.038600
vt 0.274300 0.038500
vt 0.266600 0.034400
vt 0.274300 0.034300
vt 0.266600 0.030000
vt 0.274300 0.030100
vt 0.274300 0.025900
vt 0.266500 0.025700
vt 0.274300 0.021700
vt 0.266600 0.021500
vt 0.274300 0.017500
vt 0.266800 0.059300
vt 0.274400 0.055300
vt 0.274400 0.059500
vt 0.266700 0.055100
vt 0.274400 0.051100
vt 0.266600 0.047000
vt 0.289900 0.046900
vt 0.282100 0.042900
vt 0.289900 0.042700
vt 0.282100 0.038700
vt 0.289900 0.038500
vt 0.282100 0.034400
vt 0.289900 0.034300
vt 0.282000 0.030100
vt 0.289800 0.030100
vt 0.289800 0.025800
vt 0.282000 0.025700
vt 0.289800 0.021600
vt 0.282000 0.021500
vt 0.289800 0.017400
vt 0.282100 0.059400
vt 0.289900 0.055400
vt 0.289900 0.059600
vt 0.282100 0.055200
vt 0.289900 0.051200
vt 0.282100 0.047000
vt 0.305600 0.046900
vt 0.297700 0.042900
vt 0.305600 0.042700
vt 0.297700 0.038700
vt 0.305600 0.038500
vt 0.297700 0.034400
vt 0.305600 0.034300
vt 0.297700 0.030100
vt 0.305600 0.030100
vt 0.305500 0.025800
vt 0.297700 0.025700
vt 0.305500 0.021600
vt 0.297600 0.021400
vt 0.305500 0.017400
vt 0.297800 0.059400
vt 0.305700 0.055400
vt 0.305700 0.059600
vt 0.297800 0.055300
vt 0.305600 0.051100
vt 0.297700 0.047100
vt 0.321600 0.046900
vt 0.313600 0.042900
vt 0.321600 0.042700
vt 0.313600 0.038700
vt 0.321600 0.038500
vt 0.313500 0.034400
vt 0.321500 0.034300
vt 0.313500 0.030100
vt 0.321500 0.030100
vt 0.321500 0.025800
vt 0.313500 0.025700
vt 0.321500 0.021600
vt 0.313500 0.021400
vt 0.321500 0.017400
vt 0.313600 0.059400
vt 0.321600 0.055400
vt 0.321600 0.059600
vt 0.313600 0.055200
vt 0.321600 0.051200
vt 0.313600 0.047100
vt 0.337700 0.047000
vt 0.329600 0.042900
vt 0.337700 0.042700
vt 0.329600 0.038700
vt 0.337700 0.038500
vt 0.329600 0.034400
vt 0.337700 0.034300
vt 0.329600 0.030100
vt 0.337700 0.030000
vt 0.337700 0.025800
vt 0.329600 0.025700
vt 0.337600 0.021600
vt 0.329500 0.021400
vt 0.337600 0.017400
vt 0.329700 0.059500
vt 0.337800 0.055500
vt 0.337900 0.059700
vt 0.329700 0.055400
vt 0.337800 0.051300
vt 0.329600 0.047100
vt 0.354100 0.046800
vt 0.345900 0.042800
vt 0.354100 0.042600
vt 0.345900 0.038600
vt 0.354100 0.038400
vt 0.345900 0.034300
vt 0.354100 0.034200
vt 0.345800 0.030000
vt 0.354100 0.030000
vt 0.354000 0.025800
vt 0.345800 0.025700
vt 0.354000 0.021600
vt 0.345800 0.021400
vt 0.354000 0.017400
vt 0.346100 0.059300
vt 0.354200 0.055200
vt 0.354200 0.059400
vt 0.346000 0.055200
vt 0.354100 0.051000
vt 0.345900 0.047000
vt 0.370600 0.046900
vt 0.362300 0.042800
vt 0.370600 0.042700
vt 0.362300 0.038600
vt 0.370600 0.038500
vt 0.362300 0.034300
vt 0.370600 0.034300
vt 0.362300 0.030000
vt 0.370600 0.030000
vt 0.370600 0.025800
vt 0.362300 0.025700
vt 0.370600 0.021600
vt 0.362300 0.021400
vt 0.370600 0.017400
vt 0.362400 0.059300
vt 0.370700 0.055300
vt 0.370600 0.059500
vt 0.362400 0.055100
vt 0.370600 0.051100
vt 0.362400 0.046900
vt 0.387300 0.047000
vt 0.378900 0.042900
vt 0.387300 0.042700
vt 0.378900 0.038700
vt 0.387200 0.038500
vt 0.378900 0.034400
vt 0.387200 0.034300
vt 0.378900 0.030100
vt 0.387200 0.030100
vt 0.387200 0.025800
vt 0.378900 0.025700
vt 0.387200 0.021600
vt 0.378900 0.021400
vt 0.387200 0.017400
vt 0.378900 0.059400
vt 0.387300 0.055400
vt 0.387300 0.059600
vt 0.378900 0.055300
vt 0.387300 0.051200
vt 0.378900 0.047000
vt 0.403900 0.046900
vt 0.395600 0.042900
vt 0.403900 0.042700
vt 0.395600 0.038700
vt 0.403900 0.038500
vt 0.395500 0.034400
vt 0.403900 0.034300
vt 0.395500 0.030100
vt 0.403900 0.030100
vt 0.403800 0.025800
vt 0.395500 0.025700
vt 0.403800 0.021600
vt 0.395500 0.021500
vt 0.403800 0.017400
vt 0.395600 0.059500
vt 0.403900 0.055300
vt 0.403900 0.059500
vt 0.395600 0.055300
vt 0.403900 0.051100
vt 0.395600 0.047100
vt 0.420500 0.047000
vt 0.412200 0.042900
vt 0.420500 0.042800
vt 0.412200 0.038700
vt 0.420500 0.038600
vt 0.412200 0.034400
vt 0.420500 0.034300
vt 0.412200 0.030100
vt 0.420500 0.030100
vt 0.420400 0.025900
vt 0.412100 0.025700
vt 0.420400 0.021600
vt 0.412100 0.021500
vt 0.420400 0.017400
vt 0.412200 0.059500
vt 0.420500 0.055500
vt 0.420500 0.059700
vt 0.412200 0.055300
vt 0.420500 0.051300
vt 0.412200 0.047100
vt 0.437000 0.046900
vt 0.428800 0.043000
vt 0.437000 0.042700
vt 0.428700 0.038700
vt 0.437000 0.038500
vt 0.428700 0.034400
vt 0.437000 0.034300
vt 0.428700 0.030100
vt 0.436900 0.030100
vt 0.436900 0.025900
vt 0.428700 0.025800
vt 0.436900 0.021700
vt 0.428700 0.021500
vt 0.436900 0.017500
vt 0.428900 0.059500
vt 0.437100 0.055400
vt 0.437100 0.059600
vt 0.428800 0.055400
vt 0.437000 0.051200
vt 0.428800 0.047100
vt 0.453300 0.046900
vt 0.445200 0.042900
vt 0.453300 0.042700
vt 0.445200 0.038700
vt 0.453300 0.038500
vt 0.445100 0.034400
vt 0.453300 0.034300
vt 0.445100 0.030100
vt 0.453300 0.030100
vt 0.453200 0.025900
vt 0.445100 0.025800
vt 0.453200 0.021600
vt 0.445100 0.021500
vt 0.453200 0.017400
vt 0.445300 0.059400
vt 0.453400 0.055400
vt 0.453400 0.059600
vt 0.445200 0.055200
vt 0.453400 0.051100
vt 0.445200 0.047000
vt 0.469500 0.046900
vt 0.461400 0.042900
vt 0.469500 0.042700
vt 0.461400 0.038700
vt 0.469400 0.038500
vt 0.461400 0.034400
vt 0.469400 0.034300
vt 0.461400 0.030000
vt 0.469400 0.030000
vt 0.469400 0.025800
vt 0.461300 0.025700
vt 0.469400 0.021600
vt 0.461300 0.021400
vt 0.469400 0.017400
vt 0.461500 0.059400
vt 0.469500 0.055400
vt 0.469500 0.059600
vt 0.461500 0.055200
vt 0.469500 0.051100
vt 0.461400 0.047000
vt 0.485400 0.047000
vt 0.477500 0.042900
vt 0.485400 0.042700
vt 0.477400 0.038700
vt 0.485400 0.038500
vt 0.477400 0.034400
vt 0.485400 0.034300
vt 0.477400 0.030100
vt 0.485300 0.030100
vt 0.485300 0.025900
vt 0.477400 0.025700
vt 0.485300 0.021600
vt 0.477400 0.021400
vt 0.485300 0.017400
vt 0.477500 0.059400
vt 0.485400 0.055500
vt 0.485400 0.059700
vt 0.477500 0.055300
vt 0.485400 0.051200
vt 0.477500 0.047100
vt 0.501100 0.047000
vt 0.493300 0.043000
vt 0.501100 0.042700
vt 0.493300 0.038700
vt 0.501100 0.038500
vt 0.493200 0.034400
vt 0.501100 0.034300
vt 0.493200 0.030100
vt 0.501100 0.030100
vt 0.501100 0.025800
vt 0.493200 0.025800
vt 0.501000 0.021700
vt 0.493200 0.021500
vt 0.501000 0.017500
vt 0.493400 0.059600
vt 0.501200 0.055500
vt 0.501400 0.059700
vt 0.493400 0.055400
vt 0.501200 0.051200
vt 0.493300 0.047100
vt 0.516800 0.046800
vt 0.509000 0.042800
vt 0.516800 0.042600
vt 0.508900 0.038600
vt 0.516700 0.038400
vt 0.508900 0.034300
vt 0.516700 0.034200
vt 0.508900 0.030000
vt 0.516700 0.030000
vt 0.516700 0.025800
vt 0.508900 0.025700
vt 0.516700 0.021500
vt 0.508900 0.021400
vt 0.516700 0.017300
vt 0.509100 0.059200
vt 0.516800 0.055200
vt 0.516800 0.059400
vt 0.509000 0.055000
vt 0.516800 0.051000
vt 0.509000 0.046900
vt 0.532400 0.046900
vt 0.524600 0.042800
vt 0.532400 0.042700
vt 0.524500 0.038600
vt 0.532400 0.038500
vt 0.524500 0.034300
vt 0.532300 0.034300
vt 0.524500 0.030000
vt 0.532300 0.030100
vt 0.532300 0.025900
vt 0.524500 0.025700
vt 0.532300 0.021700
vt 0.524500 0.021400
vt 0.532300 0.017500
vt 0.524500 0.059300
vt 0.532400 0.055400
vt 0.532300 0.059600
vt 0.524600 0.055100
vt 0.532400 0.051200
vt 0.524600 0.047000
vt 0.548000 0.047000
vt 0.540200 0.043000
vt 0.548000 0.042800
vt 0.540200 0.038700
vt 0.548000 0.038500
vt 0.540100 0.034400
vt 0.548000 0.034300
vt 0.540100 0.030100
vt 0.548000 0.030100
vt 0.547900 0.025900
vt 0.540100 0.025800
vt 0.547900 0.021700
vt 0.540100 0.021500
vt 0.547900 0.017500
vt 0.540200 0.059600
vt 0.548100 0.055500
vt 0.548100 0.059700
vt 0.540200 0.055500
vt 0.548000 0.051300
vt 0.540200 0.047200
vt 0.563900 0.046900
vt 0.555900 0.042900
vt 0.563900 0.042700
vt 0.555900 0.038700
vt 0.563800 0.038500
vt 0.555900 0.034400
vt 0.563800 0.034300
vt 0.555900 0.030100
vt 0.563800 0.030100
vt 0.563800 0.025800
vt 0.555800 0.025700
vt 0.563800 0.021600
vt 0.555800 0.021400
vt 0.563700 0.017400
vt 0.556000 0.059400
vt 0.563900 0.055300
vt 0.563900 0.059500
vt 0.556000 0.055200
vt 0.563900 0.051100
vt 0.555900 0.047100
vt 0.580100 0.047000
vt 0.571900 0.042900
vt 0.580100 0.042700
vt 0.571900 0.038700
vt 0.580000 0.038500
vt 0.571900 0.034400
vt 0.580000 0.034300
vt 0.571900 0.030000
vt 0.580000 0.030100
vt 0.580000 0.025800
vt 0.571800 0.025700
vt 0.580000 0.021600
vt 0.571800 0.021400
vt 0.579900 0.017400
vt 0.571900 0.059400
vt 0.580100 0.055500
vt 0.580100 0.059700
vt 0.572000 0.055200
vt 0.580100 0.051200
vt 0.571900 0.047000
vt 0.596700 0.046900
vt 0.588300 0.042900
vt 0.596700 0.042700
vt 0.588300 0.038700
vt 0.596700 0.038500
vt 0.588300 0.034400
vt 0.596700 0.034300
vt 0.588300 0.030000
vt 0.596600 0.030000
vt 0.596600 0.025800
vt 0.588200 0.025700
vt 0.596600 0.021600
vt 0.588200 0.021400
vt 0.596600 0.017400
vt 0.588400 0.059400
vt 0.596800 0.055300
vt 0.596800 0.059500
vt 0.588400 0.055300
vt 0.596700 0.051100
vt 0.588300 0.047100
vt 0.613900 0.046900
vt 0.605200 0.042900
vt 0.613900 0.042700
vt 0.605200 0.038600
vt 0.613900 0.038500
vt 0.605200 0.034400
vt 0.613900 0.034300
vt 0.605200 0.030000
vt 0.613900 0.030000
vt 0.613900 0.025800
vt 0.605200 0.025700
vt 0.613800 0.021600
vt 0.605100 0.021400
vt 0.613800 0.017400
vt 0.605300 0.059400
vt 0.614000 0.055300
vt 0.614000 0.059500
vt 0.605300 0.055200
vt 0.614000 0.051100
vt 0.605200 0.047000
vt 0.631800 0.046900
vt 0.622800 0.042900
vt 0.631800 0.042700
vt 0.622800 0.038600
vt 0.631800 0.038500
vt 0.622800 0.034400
vt 0.631800 0.034300
vt 0.622700 0.030000
vt 0.631800 0.030000
vt 0.631800 0.025800
vt 0.622700 0.025700
vt 0.631700 0.021600
vt 0.622700 0.021400
vt 0.631700 0.017400
vt 0.622800 0.059400
vt 0.631900 0.055300
vt 0.631900 0.059600
vt 0.622800 0.055200
vt 0.631900 0.051100
vt 0.622800 0.047000
vt 0.650500 0.046900
vt 0.641100 0.042900
vt 0.650500 0.042700
vt 0.641000 0.038600
vt 0.650400 0.038500
vt 0.641000 0.034400
vt 0.650400 0.034300
vt 0.641000 0.030000
vt 0.650400 0.030000
vt 0.650400 0.025800
vt 0.641000 0.025700
vt 0.650400 0.021600
vt 0.641000 0.021400
vt 0.650400 0.017400
vt 0.641100 0.059400
vt 0.650500 0.055400
vt 0.650500 0.059600
vt 0.641100 0.055300
vt 0.650500 0.051100
vt 0.641100 0.047000
vt 0.669900 0.047000
vt 0.660100 0.042900
vt 0.669800 0.042700
vt 0.660000 0.038700
vt 0.669800 0.038500
vt 0.660000 0.034400
vt 0.669800 0.034300
vt 0.660000 0.030100
vt 0.669800 0.030100
vt 0.669800 0.025800
vt 0.660000 0.025700
vt 0.669800 0.021600
vt 0.660000 0.021500
vt 0.669700 0.017400
vt 0.660100 0.059400
vt 0.669900 0.055400
vt 0.669900 0.059600
vt 0.660100 0.055300
vt 0.669900 0.051200
vt 0.660100 0.047000
vt 0.690000 0.047000
vt 0.679800 0.042900
vt 0.689900 0.042800
vt 0.679800 0.038700
vt 0.689900 0.038600
vt 0.679800 0.034400
vt 0.689900 0.034300
vt 0.679700 0.030100
vt 0.689900 0.030100
vt 0.689800 0.025900
vt 0.679700 0.025800
vt 0.689800 0.021600
vt 0.679700 0.021500
vt 0.689800 0.017400
vt 0.679900 0.059500
vt 0.690000 0.055400
vt 0.690000 0.059600
vt 0.679800 0.055300
vt 0.690000 0.051200
vt 0.679800 0.047100
vt 0.710700 0.047100
vt 0.700200 0.042900
vt 0.710700 0.042800
vt 0.700200 0.038700
vt 0.710600 0.038600
vt 0.700200 0.034400
vt 0.710600 0.034400
vt 0.700100 0.030100
vt 0.710500 0.030200
vt 0.710500 0.025900
vt 0.700100 0.025800
vt 0.710500 0.021700
vt 0.700100 0.021500
vt 0.710500 0.017500
vt 0.700300 0.059500
vt 0.710700 0.055500
vt 0.710700 0.059700
vt 0.700300 0.055300
vt 0.710700 0.051300
vt 0.700300 0.047100
vt 0.732000 0.047100
vt 0.721200 0.043000
vt 0.731900 0.042900
vt 0.721200 0.038800
vt 0.731800 0.038700
vt 0.721100 0.034500
vt 0.731800 0.034500
vt 0.721100 0.030200
vt 0.731700 0.030200
vt 0.731600 0.026000
vt 0.721000 0.025900
vt 0.731600 0.021800
vt 0.721000 0.021600
vt 0.731600 0.017500
vt 0.721300 0.059600
vt 0.732100 0.055500
vt 0.732000 0.059700
vt 0.721300 0.055400
vt 0.732000 0.051300
vt 0.721300 0.047200
vt 0.753700 0.047200
vt 0.742700 0.043100
vt 0.753500 0.043000
vt 0.742600 0.038900
vt 0.753400 0.038800
vt 0.742500 0.034600
vt 0.753300 0.034500
vt 0.742400 0.030300
vt 0.753200 0.030300
vt 0.753100 0.026000
vt 0.742300 0.025900
vt 0.753000 0.021800
vt 0.742300 0.021700
vt 0.753000 0.017600
vt 0.742900 0.059700
vt 0.753800 0.055600
vt 0.753800 0.059800
vt 0.742900 0.055500
vt 0.753800 0.051400
vt 0.742800 0.047300
vt 0.775600 0.047300
vt 0.764400 0.043200
vt 0.775400 0.043100
vt 0.764300 0.038900
vt 0.775100 0.038800
vt 0.764100 0.034600
vt 0.774900 0.034600
vt 0.763900 0.030300
vt 0.774700 0.030300
vt 0.774600 0.026000
vt 0.763800 0.026000
vt 0.774500 0.021800
vt 0.763700 0.021700
vt 0.774400 0.017600
vt 0.764900 0.059800
vt 0.776000 0.055700
vt 0.776000 0.059900
vt 0.764800 0.055600
vt 0.775800 0.051500
vt 0.764600 0.047300
vt 0.797700 0.047100
vt 0.786300 0.043100
vt 0.797200 0.042900
vt 0.786000 0.038900
vt 0.796800 0.038700
vt 0.785700 0.034600
vt 0.796400 0.034400
vt 0.785500 0.030200
vt 0.796100 0.030100
vt 0.796000 0.025800
vt 0.785300 0.025900
vt 0.795900 0.021500
vt 0.785200 0.021600
vt 0.795800 0.017300
vt 0.787300 0.059700
vt 0.798400 0.055400
vt 0.798600 0.059600
vt 0.787100 0.055600
vt 0.798100 0.051300
vt 0.786600 0.047300
vt 0.819100 0.042100
vt 0.808800 0.046800
vt 0.808100 0.042700
vt 0.807500 0.038500
vt 0.818200 0.038000
vt 0.807000 0.034200
vt 0.817400 0.033900
vt 0.806600 0.029900
vt 0.817000 0.029800
vt 0.816900 0.025600
vt 0.806500 0.025600
vt 0.817200 0.021400
vt 0.806500 0.021400
vt 0.817500 0.017200
vt 0.810000 0.059200
vt 0.821000 0.054600
vt 0.821300 0.058800
vt 0.809700 0.055100
vt 0.820600 0.050400
vt 0.819900 0.046200
vt 0.809300 0.050900
vt 0.871400 0.041400
vt 0.872300 0.045000
vt 0.870300 0.037700
vt 0.869500 0.034000
vt 0.869000 0.030300
vt 0.868900 0.026600
vt 0.869300 0.022900
vt 0.870000 0.019100
vt 0.873800 0.056200
vt 0.873400 0.052400
vt 0.873000 0.048700
vt 0.103000 0.909700
vt 0.101000 0.905500
vt 0.103300 0.907900
vt 0.100000 0.911100
vt 0.101700 0.910900
vt 0.098400 0.910300
vt 0.098000 0.907000
vt 0.099200 0.905800
vt 0.102500 0.906300
vt 0.021500 0.040500
vt 0.020100 0.044200
vt 0.023000 0.036800
vt 0.024200 0.033200
vt 0.024900 0.029500
vt 0.024100 0.022000
vt 0.022700 0.018300
vt 0.030100 0.017200
vt 0.018100 0.051900
vt 0.019000 0.048100
vt 0.048100 0.051400
vt 0.068400 0.051900
vt 0.087800 0.051800
vt 0.106300 0.051500
vt 0.124100 0.051300
vt 0.141200 0.051300
vt 0.157800 0.051300
vt 0.174000 0.051000
vt 0.189800 0.051100
vt 0.205400 0.051200
vt 0.220800 0.051200
vt 0.236100 0.051100
vt 0.251300 0.051300
vt 0.266700 0.051100
vt 0.282100 0.051100
vt 0.297800 0.051200
vt 0.313600 0.051100
vt 0.329700 0.051200
vt 0.345900 0.051100
vt 0.362400 0.051000
vt 0.378900 0.051200
vt 0.395600 0.051200
vt 0.412200 0.051200
vt 0.428800 0.051300
vt 0.445200 0.051100
vt 0.461500 0.051100
vt 0.477500 0.051200
vt 0.493300 0.051300
vt 0.509000 0.051000
vt 0.524600 0.051000
vt 0.540200 0.051300
vt 0.555900 0.051100
vt 0.572000 0.051100
vt 0.588300 0.051200
vt 0.605300 0.051100
vt 0.622800 0.051100
vt 0.641100 0.051100
vt 0.660100 0.051200
vt 0.679800 0.051200
vt 0.700300 0.051200
vt 0.721300 0.051300
vt 0.742800 0.051400
vt 0.764700 0.051500
vt 0.786900 0.051400
vt 0.018500 0.040000
vt 0.017100 0.043800
vt 0.016100 0.047600
vt 0.015200 0.051300
vt 0.014100 0.054600
vt 0.017000 0.055800
vt 0.021100 0.022500
vt 0.021700 0.025900
vt 0.024800 0.025700
vt 0.021700 0.029300
vt 0.021100 0.032700
vt 0.019900 0.036300
vt 0.874500 0.041000
vt 0.875400 0.044700
vt 0.873600 0.037400
vt 0.872800 0.033800
vt 0.872300 0.030200
vt 0.872200 0.026700
vt 0.872400 0.023200
vt 0.877000 0.055400
vt 0.876400 0.052100
vt 0.876000 0.048400
vt 0.687900 0.276600
vt 0.690300 0.274400
vt 0.684600 0.277000
vt 0.681800 0.275400
vt 0.680400 0.272400
vt 0.683500 0.266900
vt 0.681100 0.269100
vt 0.686700 0.266500
vt 0.689600 0.268100
vt 0.690900 0.271100
vt 0.105700 0.907600
vt 0.104300 0.904600
vt 0.105200 0.910800
vt 0.099600 0.913600
vt 0.102800 0.913100
vt 0.096700 0.912000
vt 0.095200 0.909100
vt 0.095800 0.905800
vt 0.097700 0.908700
vt 0.098200 0.903500
vt 0.101400 0.903100
vt 0.933400 0.264700
vt 0.932300 0.253500
vt 0.933400 0.253200
vt 0.932000 0.264900
vt 0.929900 0.253900
vt 0.926700 0.265200
vt 0.929500 0.265100
vt 0.927100 0.254000
vt 0.923700 0.264900
vt 0.924300 0.253700
vt 0.920900 0.264500
vt 0.921800 0.253100
vt 0.919300 0.264100
vt 0.920500 0.252600
vt 0.944000 0.264300
vt 0.933900 0.252900
vt 0.943600 0.252400
vt 0.932000 0.272800
vt 0.929300 0.272800
vt 0.926300 0.272700
vt 0.923100 0.272500
vt 0.920200 0.272100
vt 0.934400 0.272700
vt 0.944200 0.272500
vt 0.933500 0.272700
vt 0.932000 0.275600
vt 0.929200 0.275400
vt 0.926000 0.275300
vt 0.922800 0.275100
vt 0.919800 0.274900
vt 0.918700 0.271900
vt 0.934500 0.275800
vt 0.931800 0.389500
vt 0.933600 0.275700
vt 0.933400 0.390100
vt 0.929100 0.388900
vt 0.926100 0.388500
vt 0.923000 0.388500
vt 0.920100 0.388700
vt 0.918400 0.389000
vt 0.944900 0.390800
vt 0.944200 0.275800
vt 0.932800 0.397300
vt 0.931200 0.396700
vt 0.928600 0.396000
vt 0.922700 0.395500
vt 0.919900 0.395700
vt 0.918200 0.396000
vt 0.933800 0.397600
vt 0.934300 0.390400
vt 0.932400 0.399900
vt 0.930800 0.399500
vt 0.928200 0.399000
vt 0.925700 0.395500
vt 0.922600 0.398600
vt 0.925400 0.398700
vt 0.919800 0.398700
vt 0.918100 0.398700
vt 0.933500 0.400200
vt 0.944000 0.398500
vt 0.943500 0.401300
vt 0.931900 0.405500
vt 0.930500 0.402300
vt 0.932100 0.402700
vt 0.930200 0.405200
vt 0.927900 0.401900
vt 0.927600 0.405000
vt 0.925200 0.401600
vt 0.924900 0.404700
vt 0.922300 0.401500
vt 0.922100 0.404600
vt 0.919600 0.401500
vt 0.917600 0.404500
vt 0.917900 0.401600
vt 0.932900 0.405600
vt 0.943200 0.404000
vt 0.942900 0.406700
vt 0.931500 0.411300
vt 0.930000 0.408300
vt 0.931700 0.408400
vt 0.929800 0.411200
vt 0.927400 0.408100
vt 0.927100 0.411100
vt 0.924600 0.407900
vt 0.924300 0.410900
vt 0.921700 0.407800
vt 0.921500 0.410900
vt 0.919000 0.407700
vt 0.917100 0.410700
vt 0.917300 0.407600
vt 0.932500 0.411400
vt 0.942700 0.409500
vt 0.942500 0.412200
vt 0.931200 0.417200
vt 0.929600 0.414200
vt 0.931300 0.414300
vt 0.929400 0.417200
vt 0.927000 0.414200
vt 0.926700 0.417100
vt 0.924100 0.414100
vt 0.923900 0.417100
vt 0.921200 0.414000
vt 0.921000 0.417000
vt 0.918500 0.413900
vt 0.916700 0.416900
vt 0.916800 0.413800
vt 0.932200 0.417300
vt 0.942300 0.415000
vt 0.942200 0.417700
vt 0.931000 0.423100
vt 0.929400 0.420200
vt 0.931100 0.420200
vt 0.929300 0.423100
vt 0.926700 0.420200
vt 0.926600 0.423200
vt 0.923800 0.420200
vt 0.923700 0.423200
vt 0.920900 0.420200
vt 0.920900 0.423200
vt 0.918200 0.420100
vt 0.916600 0.423200
vt 0.916600 0.420100
vt 0.932000 0.423100
vt 0.942100 0.420400
vt 0.942100 0.423100
vt 0.931000 0.428900
vt 0.929300 0.426200
vt 0.931000 0.426000
vt 0.929200 0.429200
vt 0.926600 0.426300
vt 0.926500 0.429400
vt 0.923700 0.426400
vt 0.921100 0.429600
vt 0.923800 0.429600
vt 0.918500 0.429500
vt 0.920900 0.426400
vt 0.918300 0.426400
vt 0.916800 0.429400
vt 0.916600 0.426300
vt 0.942200 0.428500
vt 0.932000 0.426000
vt 0.942100 0.425800
vt 0.931100 0.431800
vt 0.929700 0.434800
vt 0.929400 0.432100
vt 0.927000 0.435400
vt 0.926700 0.432600
vt 0.924100 0.435700
vt 0.923900 0.432900
vt 0.921200 0.435700
vt 0.918500 0.432600
vt 0.921200 0.432900
vt 0.918500 0.435400
vt 0.916800 0.432400
vt 0.942400 0.433700
vt 0.932200 0.431600
vt 0.942300 0.431100
vt 0.932100 0.553600
vt 0.930600 0.442300
vt 0.932100 0.441900
vt 0.927800 0.442800
vt 0.930500 0.553500
vt 0.927700 0.553400
vt 0.924400 0.443100
vt 0.924400 0.553400
vt 0.921000 0.553500
vt 0.918000 0.553800
vt 0.921000 0.443000
vt 0.916400 0.554100
vt 0.918000 0.442800
vt 0.933000 0.553600
vt 0.942300 0.441500
vt 0.942800 0.553800
vt 0.931600 0.571600
vt 0.930400 0.571500
vt 0.927900 0.571200
vt 0.922300 0.571300
vt 0.925100 0.571200
vt 0.919900 0.571700
vt 0.918600 0.572000
vt 0.941900 0.572200
vt 0.932100 0.571700
vt 0.107700 0.943200
vt 0.112200 0.940200
vt 0.110100 0.942600
vt 0.105100 0.942700
vt 0.102700 0.940400
vt 0.111900 0.941200
vt 0.093300 0.944200
vt 0.097900 0.947100
vt 0.093600 0.945200
vt 0.102700 0.944300
vt 0.100500 0.946700
vt 0.095400 0.946600
vt 0.932000 0.428800
vt 0.918300 0.423200
vt 0.918400 0.417000
vt 0.932100 0.420200
vt 0.931300 0.434400
vt 0.916800 0.435100
vt 0.932300 0.434200
vt 0.918800 0.410800
vt 0.932300 0.414400
vt 0.919400 0.404600
vt 0.932700 0.408500
vt 0.933200 0.402900
vt 0.933600 0.252200
vt 0.920000 0.252200
vt 0.920900 0.251700
vt 0.931800 0.572600
vt 0.918000 0.572300
vt 0.918900 0.572900
vt 0.934200 0.264600
vt 0.932100 0.252400
vt 0.929700 0.252800
vt 0.924500 0.252700
vt 0.927100 0.252900
vt 0.922100 0.252100
vt 0.918400 0.263900
vt 0.943200 0.251600
vt 0.918200 0.274800
vt 0.917800 0.271800
vt 0.917400 0.274700
vt 0.917300 0.396100
vt 0.917500 0.389100
vt 0.917200 0.398700
vt 0.916700 0.404400
vt 0.917000 0.401500
vt 0.916100 0.410600
vt 0.916400 0.407500
vt 0.915700 0.416900
vt 0.915900 0.413800
vt 0.915600 0.423200
vt 0.915600 0.420100
vt 0.915800 0.429400
vt 0.915700 0.426300
vt 0.915900 0.432400
vt 0.916400 0.442500
vt 0.915500 0.554200
vt 0.915500 0.442400
vt 0.930300 0.572500
vt 0.927800 0.572200
vt 0.925200 0.572100
vt 0.922600 0.572300
vt 0.920200 0.572700
vt 0.941500 0.573000
vt 0.932800 0.441700
vt 0.915800 0.435000
vt 0.594500 0.108200
vt 0.606000 0.168100
vt 0.612500 0.235200
vt 0.584800 0.233800
vt 0.614300 0.306800
vt 0.585200 0.300700
vt 0.157400 0.756000
vt 0.367400 0.233900
vt 0.367700 0.300600
vt 0.074800 0.702700
vt 0.439200 0.233900
vt 0.439500 0.300700
vt 0.054100 0.606600
vt 0.511200 0.233900
vt 0.511300 0.300700
vt 0.203400 0.756000
vt 0.286100 0.702700
vt 0.306800 0.606600
vt 0.251000 0.527300
vt 0.117700 0.356100
vt 0.194200 0.356700
vt 0.266500 0.356300
vt 0.071700 0.374200
vt 0.044800 0.356600
vt 0.421500 0.625000
vt 0.151300 0.459400
vt 0.421500 0.462800
vt 0.151300 0.799700
vt 0.039500 0.729200
vt 0.080600 0.770500
vt 0.010300 0.600400
vt 0.010300 0.658700
vt 0.080700 0.488600
vt 0.039600 0.529800
vt 0.453900 0.625000
vt 0.209600 0.459400
vt 0.453900 0.462800
vt 0.209600 0.799700
vt 0.321400 0.729300
vt 0.280200 0.770500
vt 0.350600 0.600400
vt 0.350600 0.658700
vt 0.280200 0.488600
vt 0.321300 0.529800
vt 0.852900 0.084100
vt 0.255500 0.965900
vt 0.531400 0.546200
vt 0.706400 0.086100
vt 0.615200 0.177700
vt 0.547500 0.634400
vt 0.538900 0.728000
vt 0.607500 0.641600
vt 0.454900 0.709300
vt 0.462900 0.627300
vt 0.800700 0.084400
vt 0.817100 0.084100
vt 0.985600 0.142700
vt 0.972600 0.151800
vt 0.316200 0.813300
vt 0.849900 0.084100
vt 0.345500 0.843800
vt 0.784300 0.084600
vt 0.751700 0.085100
vt 0.037100 0.854800
vt 0.210700 0.967600
vt 0.759600 0.171200
vt 0.240200 0.998500
vt 0.978900 0.901400
vt 0.968200 0.901500
vt 0.541800 0.930700
vt 0.612400 0.930700
vt 0.537100 0.557600
vt 0.539900 0.516300
vt 0.545400 0.506800
vt 0.553100 0.499100
vt 0.562600 0.493600
vt 0.573100 0.490800
vt 0.584100 0.490800
vt 0.594600 0.493600
vt 0.604100 0.499100
vt 0.611800 0.506800
vt 0.617300 0.516300
vt 0.660500 0.162100
vt 0.893500 0.160700
vt 0.837200 0.780400
vt 0.636400 0.676500
vt 0.663400 0.658300
vt 0.960800 0.628900
vt 0.958700 0.624300
vt 0.704400 0.588800
vt 0.708400 0.311300
vt 0.903200 0.502100
vt 0.898000 0.206800
vt 0.925100 0.686200
vt 0.963100 0.617000
vt 0.087400 0.983800
vt 0.046000 0.985900
vt 0.058700 0.985800
vt 0.065100 0.985800
vt 0.030000 0.985900
vt 0.036400 0.985900
vt 0.074700 0.985800
vt 0.087400 0.985800
vt 0.173500 0.634000
vt 0.187300 0.638900
vt 0.994000 0.080900
vt 0.051200 0.017200
vt 0.070200 0.017600
vt 0.088600 0.017700
vt 0.106500 0.017600
vt 0.124000 0.017400
vt 0.141100 0.017300
vt 0.157600 0.017300
vt 0.173800 0.017200
vt 0.189700 0.017200
vt 0.205300 0.017200
vt 0.220600 0.017200
vt 0.235900 0.017200
vt 0.251200 0.017100
vt 0.266600 0.017200
vt 0.282000 0.017200
vt 0.297600 0.017200
vt 0.313500 0.017200
vt 0.329500 0.017200
vt 0.345800 0.017200
vt 0.362300 0.017200
vt 0.378900 0.017200
vt 0.395500 0.017200
vt 0.412100 0.017200
vt 0.428700 0.017300
vt 0.445100 0.017200
vt 0.461300 0.017200
vt 0.477400 0.017200
vt 0.493200 0.017200
vt 0.508800 0.017100
vt 0.524500 0.017200
vt 0.540100 0.017300
vt 0.555800 0.017200
vt 0.571800 0.017200
vt 0.588200 0.017200
vt 0.605100 0.017200
vt 0.622700 0.017200
vt 0.641000 0.017200
vt 0.660000 0.017200
vt 0.679700 0.017300
vt 0.700100 0.017300
vt 0.721000 0.017400
vt 0.742300 0.017400
vt 0.763700 0.017500
vt 0.785100 0.017300
vt 0.806600 0.017100
vt 0.019800 0.019400
vt 0.873200 0.019900
vt 0.103200 0.941400
vt 0.102300 0.945300
vn 0.0106 0.3227 0.9465
vn 0.0086 0.2289 0.9734
vn 0.0084 0.2296 0.9732
vn 0.0084 0.2297 0.9732
vn 0.0165 0.1359 0.9906
vn 0.0159 0.1353 0.9907
vn 0.0114 0.0757 0.9971
vn 0.0083 0.0788 0.9969
vn 0.0084 -0.0115 0.9999
vn 0.0079 -0.0119 0.9999
vn 0.0140 -0.0858 0.9962
vn 0.0136 -0.0843 0.9963
vn 0.0142 -0.1289 0.9916
vn 0.0165 -0.1266 0.9918
vn 0.0150 -0.1520 0.9883
vn 0.0176 -0.1492 0.9886
vn 0.0150 -0.1519 0.9883
vn 0.0178 -0.1668 0.9858
vn 0.0055 -0.1789 0.9839
vn 0.0049 -0.1786 0.9839
vn -0.0038 -0.1739 0.9847
vn -0.0049 -0.1750 0.9846
vn -0.0157 -0.1667 0.9859
vn -0.0154 -0.1506 0.9885
vn -0.0151 -0.1519 0.9883
vn -0.0176 -0.1311 0.9912
vn -0.0154 -0.1289 0.9915
vn -0.0143 -0.0843 0.9963
vn -0.0166 -0.0866 0.9961
vn -0.0142 -0.0120 0.9998
vn -0.0167 -0.0144 0.9998
vn -0.0166 0.0727 0.9972
vn -0.0136 0.0757 0.9970
vn -0.0166 0.1312 0.9912
vn -0.0124 0.1353 0.9907
vn -0.0145 0.2296 0.9732
vn -0.0162 0.2279 0.9736
vn -0.0145 0.2295 0.9732
vn -0.0109 0.3225 0.9465
vn -0.0106 0.3223 0.9466
vn -0.0108 0.3602 0.9328
vn -0.0088 0.4124 0.9110
vn -0.0108 0.4105 0.9118
vn -0.0088 0.4123 0.9110
vn -0.0216 0.3930 0.9193
vn -0.0101 0.3801 0.9249
vn -0.0092 0.3799 0.9250
vn -0.0098 0.3801 0.9249
vn -0.0205 0.4037 0.9147
vn -0.0201 0.4013 0.9157
vn -0.0201 0.4014 0.9157
vn -0.0172 0.4161 0.9091
vn -0.0178 0.4158 0.9093
vn -0.0003 0.4117 0.9113
vn -0.0011 0.4121 0.9112
vn -0.0004 0.4116 0.9113
vn 0.0096 0.4024 0.9154
vn -0.0031 0.3934 0.9194
vn -0.0022 0.3924 0.9198
vn -0.0031 0.3933 0.9194
vn -0.0169 0.3989 0.9168
vn -0.0174 0.4017 0.9156
vn -0.0171 0.3990 0.9168
vn 0.0216 0.3945 0.9187
vn 0.0210 0.3937 0.9190
vn 0.0210 0.3938 0.9190
vn 0.0021 0.3897 0.9209
vn 0.0033 0.3939 0.9192
vn 0.0029 0.3936 0.9193
vn -0.0072 0.3839 0.9233
vn -0.0072 0.3841 0.9233
vn -0.0010 0.4031 0.9152
vn -0.0015 0.4029 0.9152
vn 0.0112 0.4064 0.9136
vn 0.0100 0.4073 0.9132
vn 0.0109 0.4065 0.9136
vn 0.0226 0.4018 0.9154
vn 0.0245 0.4063 0.9134
vn 0.0224 0.4024 0.9152
vn 0.0258 0.3730 0.9275
vn 0.0259 0.3730 0.9275
vn 0.0168 0.3957 0.9182
vn 0.0265 0.4102 0.9116
vn 0.0261 0.4111 0.9112
vn 0.0108 0.3602 0.9328
vn 0.0146 0.2296 0.9732
vn 0.0146 0.2295 0.9732
vn 0.0162 0.2279 0.9735
vn 0.0077 0.1354 0.9908
vn 0.0084 0.1348 0.9908
vn 0.0083 0.0725 0.9973
vn 0.0115 0.0757 0.9971
vn 0.0162 -0.0120 0.9998
vn 0.0167 -0.0126 0.9998
vn 0.0136 -0.0843 0.9964
vn 0.0166 -0.0873 0.9960
vn 0.0176 -0.1311 0.9912
vn 0.0154 -0.1289 0.9915
vn 0.0154 -0.1506 0.9885
vn 0.0151 -0.1519 0.9883
vn 0.0157 -0.1667 0.9859
vn 0.0038 -0.1739 0.9847
vn 0.0049 -0.1750 0.9846
vn -0.0055 -0.1789 0.9839
vn -0.0049 -0.1786 0.9839
vn -0.0178 -0.1668 0.9858
vn -0.0150 -0.1520 0.9883
vn -0.0150 -0.1519 0.9883
vn -0.0176 -0.1492 0.9886
vn -0.0142 -0.1289 0.9916
vn -0.0165 -0.1266 0.9918
vn -0.0146 -0.0855 0.9962
vn -0.0167 -0.0095 0.9998
vn -0.0143 -0.0120 0.9998
vn -0.0137 0.0757 0.9970
vn -0.0169 0.0786 0.9968
vn -0.0165 0.1394 0.9901
vn -0.0085 0.2289 0.9734
vn -0.0083 0.2297 0.9732
vn -0.0106 0.3230 0.9463
vn -0.0110 0.3225 0.9465
vn -0.0264 0.4101 0.9116
vn -0.0260 0.4111 0.9112
vn -0.0168 0.3957 0.9182
vn -0.0258 0.3731 0.9274
vn -0.0259 0.3731 0.9274
vn -0.0260 0.3731 0.9274
vn -0.0226 0.4018 0.9154
vn -0.0224 0.4024 0.9152
vn -0.0245 0.4063 0.9134
vn -0.0112 0.4064 0.9136
vn -0.0109 0.4065 0.9136
vn -0.0100 0.4073 0.9132
vn 0.0010 0.4031 0.9152
vn 0.0015 0.4029 0.9152
vn 0.0068 0.3840 0.9233
vn -0.0021 0.3897 0.9209
vn -0.0029 0.3936 0.9193
vn -0.0033 0.3939 0.9192
vn -0.0216 0.3945 0.9187
vn -0.0210 0.3938 0.9190
vn -0.0210 0.3937 0.9190
vn 0.0169 0.3989 0.9168
vn 0.0171 0.3990 0.9168
vn 0.0174 0.4017 0.9156
vn 0.0031 0.3934 0.9194
vn 0.0031 0.3933 0.9194
vn 0.0022 0.3924 0.9198
vn -0.0099 0.4025 0.9154
vn -0.0099 0.4024 0.9154
vn -0.0099 0.4023 0.9155
vn 0.0003 0.4117 0.9113
vn 0.0004 0.4116 0.9113
vn 0.0011 0.4121 0.9112
vn 0.0172 0.4161 0.9091
vn 0.0178 0.4158 0.9093
vn 0.0205 0.4037 0.9147
vn 0.0201 0.4014 0.9157
vn 0.0201 0.4013 0.9157
vn 0.0101 0.3800 0.9249
vn 0.0098 0.3800 0.9249
vn 0.0092 0.3799 0.9250
vn 0.0216 0.3930 0.9193
vn 0.0089 0.4124 0.9110
vn 0.0090 0.4123 0.9110
vn 0.0108 0.4106 0.9117
vn -0.1332 -0.6898 0.7116
vn -0.5262 -0.5242 0.6695
vn -0.3276 -0.6434 0.6919
vn -0.4325 -0.5602 0.7065
vn -0.2842 -0.4926 0.8226
vn -0.0924 -0.6929 0.7151
vn -0.1143 -0.4394 0.8910
vn -0.0000 -0.6926 0.7213
vn 0.0000 -0.4404 0.8978
vn -0.4985 -0.0045 0.8669
vn -0.2340 -0.2955 0.9262
vn -0.2471 -0.0017 0.9690
vn -0.1199 -0.2929 0.9486
vn -0.1260 -0.0057 0.9920
vn -0.0000 -0.2949 0.9555
vn 0.0000 -0.0033 1.0000
vn -0.5005 0.1436 0.8538
vn -0.2412 -0.1437 0.9598
vn -0.2444 0.1480 0.9583
vn -0.1233 0.1429 0.9820
vn -0.1243 -0.1415 0.9821
vn 0.0000 -0.1445 0.9895
vn -0.0001 0.1446 0.9895
vn -0.5114 0.4145 0.7528
vn -0.3470 0.1213 0.9300
vn -0.3312 0.4754 0.8151
vn -0.1119 0.4765 0.8720
vn 0.0000 0.1322 0.9912
vn 0.0000 0.4771 0.8788
vn -0.2299 0.4120 0.8817
vn -0.3399 0.5333 0.7746
vn -0.1693 0.4181 0.8925
vn -0.1079 0.5653 0.8178
vn -0.0893 0.4202 0.9030
vn 0.0000 0.4214 0.9069
vn -0.4672 -0.4970 0.7313
vn -0.2415 -0.2038 0.9488
vn -0.4829 -0.2276 0.8456
vn -0.2075 -0.5153 0.8315
vn -0.1227 -0.1991 0.9723
vn -0.1047 -0.5072 0.8554
vn -0.0002 -0.1987 0.9801
vn -0.2158 0.5523 0.8052
vn -0.3537 0.3817 0.8540
vn -0.2429 0.3870 0.8895
vn -0.1231 0.3905 0.9124
vn -0.1087 0.5535 0.8258
vn -0.0000 0.3908 0.9205
vn -0.0000 0.5541 0.8324
vn -0.1233 0.1081 0.9865
vn -0.0000 -0.1280 0.9918
vn -0.1292 -0.1290 0.9832
vn -0.2688 0.1047 0.9575
vn -0.2543 -0.1339 0.9578
vn -0.6583 -0.1069 0.7451
vn -0.4573 -0.2143 0.8631
vn -0.5271 -0.3893 0.7554
vn 0.2079 -0.4279 0.8796
vn -0.8582 -0.3304 0.3930
vn -0.1072 0.4663 0.8781
vn 0.0001 0.1804 0.9836
vn -0.1287 0.1771 0.9758
vn -0.2104 0.4571 0.8642
vn -0.2556 0.1641 0.9528
vn -0.5024 0.2896 0.8147
vn -0.5734 0.0184 0.8191
vn -0.8165 -0.3896 0.4260
vn -0.5511 -0.2715 0.7890
vn -0.5309 -0.4850 0.6950
vn -0.4427 -0.7399 0.5065
vn -0.1989 -0.6476 0.7356
vn -0.1304 -0.8565 0.4994
vn -0.1001 -0.6516 0.7519
vn -0.0612 -0.8597 0.5072
vn 0.0000 -0.6522 0.7580
vn 0.0000 -0.8607 0.5090
vn -0.0888 0.6831 0.7249
vn 0.0000 0.3617 0.9323
vn -0.1226 0.3595 0.9251
vn -0.1797 0.6756 0.7150
vn -0.2441 0.3498 0.9045
vn -0.5062 0.5087 0.6964
vn -0.5270 0.1702 0.8326
vn -0.8613 -0.2029 0.4659
vn -0.5835 -0.0696 0.8091
vn -0.5722 -0.2426 0.7834
vn -0.4918 -0.6037 0.6274
vn -0.2304 -0.4815 0.8456
vn -0.1641 -0.7497 0.6411
vn -0.1162 -0.4812 0.8689
vn -0.0809 -0.7545 0.6513
vn 0.0001 -0.4818 0.8763
vn 0.0000 -0.7567 0.6538
vn -0.0817 0.7417 0.6658
vn -0.0000 0.4739 0.8806
vn -0.1162 0.4730 0.8734
vn -0.1650 0.7352 0.6575
vn -0.2324 0.4705 0.8512
vn -0.5076 0.5742 0.6423
vn -0.5018 0.2684 0.8223
vn -0.8816 -0.1201 0.4565
vn -0.5971 0.1200 0.7931
vn -0.5945 -0.0968 0.7982
vn -0.5028 -0.5759 0.6446
vn -0.2367 -0.4235 0.8744
vn -0.1659 -0.7384 0.6536
vn -0.1195 -0.4270 0.8963
vn -0.0823 -0.7440 0.6631
vn 0.0000 -0.4283 0.9036
vn 0.0000 -0.7466 0.6653
vn -0.0718 0.3501 0.9339
vn -0.3546 0.3512 0.8666
vn -0.6634 0.5528 0.5043
vn -0.7361 -0.0366 0.6759
vn -0.2526 -0.1510 0.9557
vn -0.2605 -0.4269 0.8660
vn -0.1302 -0.1664 0.9774
vn -0.1104 -0.4486 0.8869
vn -0.0000 -0.1694 0.9855
vn 0.0000 -0.4524 0.8918
vn -0.4186 0.7632 0.4922
vn -0.2219 0.8270 0.5165
vn -0.2763 0.8406 0.4658
vn -0.2514 0.8057 0.5363
vn -0.0716 0.8386 0.5401
vn -0.0771 0.8089 0.5829
vn 0.0000 0.8383 0.5451
vn 0.0000 0.8093 0.5873
vn 0.0000 -0.6925 -0.7214
vn -0.1151 -0.4389 -0.8912
vn 0.0000 -0.4401 -0.8980
vn -0.0923 -0.6926 -0.7154
vn -0.3070 -0.4499 -0.8387
vn -0.2365 -0.5611 -0.7932
vn -0.1850 -0.6687 -0.7201
vn -0.2188 -0.6633 -0.7156
vn -0.1272 -0.0053 -0.9919
vn 0.0000 -0.2949 -0.9555
vn -0.1207 -0.2934 -0.9483
vn -0.2495 -0.0059 -0.9684
vn -0.2360 -0.2990 -0.9246
vn -0.4990 -0.0117 -0.8665
vn -0.4927 -0.2857 -0.8220
vn -0.1266 0.1426 -0.9816
vn -0.0000 -0.1444 -0.9895
vn -0.1251 -0.1423 -0.9819
vn -0.2446 -0.1481 -0.9582
vn -0.2413 0.1439 -0.9597
vn -0.4993 -0.1431 -0.8545
vn -0.5043 0.1372 -0.8526
vn 0.0003 0.1323 -0.9912
vn -0.1109 0.4759 -0.8725
vn -0.0000 0.4771 -0.8788
vn -0.3308 0.1341 -0.9341
vn -0.3375 0.4800 -0.8098
vn -0.5017 0.4280 -0.7517
vn -0.4661 0.2780 -0.8399
vn 0.0000 0.5646 -0.8254
vn -0.0876 0.4219 -0.9024
vn 0.0000 0.4240 -0.9057
vn -0.1096 0.5642 -0.8183
vn -0.1690 0.4181 -0.8926
vn -0.3314 0.5402 -0.7735
vn -0.2294 0.4120 -0.8818
vn -0.1061 -0.5075 -0.8551
vn 0.0000 -0.1976 -0.9803
vn -0.0000 -0.5092 -0.8606
vn -0.2093 -0.5179 -0.8294
vn -0.1229 -0.1995 -0.9722
vn -0.4642 -0.5002 -0.7309
vn -0.2435 -0.2068 -0.9476
vn -0.0023 0.3900 -0.9208
vn -0.1087 0.5529 -0.8261
vn 0.0000 0.5536 -0.8328
vn -0.1216 0.3905 -0.9126
vn -0.2155 0.5526 -0.8051
vn -0.3540 0.3819 -0.8537
vn -0.3190 0.5530 -0.7696
vn 0.1815 -0.3968 -0.8998
vn -0.5538 -0.3880 -0.7367
vn -0.8541 -0.3428 -0.3913
vn -0.6285 -0.1242 -0.7678
vn -0.2502 -0.1346 -0.9588
vn -0.2632 0.1010 -0.9594
vn -0.1298 -0.1298 -0.9830
vn -0.1243 0.1094 -0.9862
vn -0.0000 -0.1279 -0.9918
vn 0.0000 0.1116 -0.9938
vn -0.1081 0.4674 -0.8774
vn -0.0000 0.1808 -0.9835
vn 0.0000 0.4713 -0.8820
vn -0.0604 -0.8591 -0.5082
vn -0.0000 -0.6522 -0.7580
vn -0.0993 -0.6521 -0.7516
vn -0.1320 -0.8560 -0.4998
vn -0.1978 -0.6465 -0.7368
vn -0.4448 -0.7407 -0.5036
vn -0.2208 -0.4527 -0.8639
vn -0.8068 -0.4025 -0.4326
vn -0.5416 -0.3759 -0.7519
vn -0.8606 -0.1608 -0.4832
vn -0.4992 0.2958 -0.8145
vn -0.2538 0.1609 -0.9538
vn -0.2106 0.4606 -0.8623
vn -0.1295 0.1777 -0.9755
vn -0.0798 -0.7540 -0.6520
vn -0.0000 -0.4816 -0.8764
vn -0.1158 -0.4822 -0.8684
vn -0.1651 -0.7487 -0.6421
vn -0.2288 -0.4808 -0.8465
vn -0.4946 -0.6034 -0.6254
vn -0.3618 -0.2672 -0.8931
vn -0.8541 -0.2139 -0.4740
vn -0.5955 -0.0625 -0.8009
vn -0.8871 0.0316 -0.4604
vn -0.5044 0.5101 -0.6967
vn -0.2434 0.3491 -0.9049
vn -0.1787 0.6771 -0.7139
vn -0.1232 0.3587 -0.9253
vn -0.0897 0.6838 -0.7241
vn -0.0000 0.3617 -0.9323
vn 0.0000 0.6868 -0.7269
vn -0.0815 -0.7435 -0.6637
vn -0.0000 -0.4286 -0.9035
vn -0.1188 -0.4275 -0.8962
vn -0.1673 -0.7373 -0.6545
vn -0.2365 -0.4233 -0.8746
vn -0.5055 -0.5753 -0.6430
vn -0.4695 -0.2247 -0.8539
vn -0.8816 -0.1219 -0.4560
vn -0.5936 0.1018 -0.7983
vn -0.8835 0.1196 -0.4528
vn -0.5025 0.5779 -0.6431
vn -0.2351 0.4707 -0.8504
vn -0.1651 0.7373 -0.6551
vn -0.1168 0.4722 -0.8737
vn -0.0826 0.7422 -0.6650
vn 0.0000 0.4739 -0.8806
vn -0.0000 0.7445 -0.6676
vn -0.1095 -0.4476 -0.8875
vn 0.0000 -0.1694 -0.9855
vn -0.1295 -0.1673 -0.9774
vn -0.2718 -0.4351 -0.8584
vn -0.2593 -0.1471 -0.9545
vn -0.7699 -0.0598 -0.6353
vn -0.4292 -0.1197 -0.8952
vn -0.5040 0.8000 -0.3256
vn -0.3025 0.6027 -0.7384
vn -0.3801 0.3612 -0.8515
vn -0.0722 0.3502 -0.9339
vn -0.3686 0.3664 -0.8544
vn -0.3569 0.3643 -0.8601
vn -0.0752 0.8092 -0.5827
vn 0.0000 0.8383 -0.5451
vn 0.0000 0.8093 -0.5873
vn -0.2604 0.8050 -0.5331
vn -0.0703 0.8389 -0.5397
vn -0.4135 0.7566 -0.5065
vn -0.2444 0.8083 -0.5356
vn -0.2400 0.3870 -0.8903
vn -0.5065 -0.6999 -0.5036
vn -0.7117 -0.4348 -0.5518
vn -0.6363 -0.4362 -0.6363
vn -0.5634 -0.7022 -0.4353
vn -0.7798 -0.4371 -0.4482
vn -0.5883 -0.7023 -0.4009
vn -0.8872 -0.4325 -0.1606
vn -0.1698 -0.4469 -0.8783
vn -0.3819 -0.6990 -0.6047
vn -0.4486 -0.4425 -0.7765
vn -0.4369 -0.6992 -0.5658
vn -0.5518 -0.4369 -0.7104
vn -0.7914 -0.0050 -0.6113
vn -0.6756 -0.2953 -0.6756
vn -0.7559 -0.2933 -0.5853
vn -0.8611 -0.0060 -0.5085
vn -0.8207 -0.2991 -0.4868
vn -0.9656 -0.0128 -0.2596
vn -0.9296 -0.2857 -0.2330
vn -0.2602 -0.0044 -0.9655
vn -0.4894 -0.2955 -0.8204
vn -0.5105 -0.0019 -0.8599
vn -0.5861 -0.2927 -0.7556
vn -0.6123 -0.0055 -0.7906
vn -0.7068 -0.0035 -0.7074
vn -0.7836 0.1424 -0.6047
vn -0.6997 -0.1445 -0.6997
vn -0.7828 -0.1423 -0.6058
vn -0.8523 0.1439 -0.5029
vn -0.8506 -0.1478 -0.5047
vn -0.9573 -0.1432 -0.2511
vn -0.9595 0.1373 -0.2462
vn -0.2497 0.1436 -0.9576
vn -0.5080 -0.1437 -0.8493
vn -0.5048 0.1479 -0.8505
vn -0.6069 0.1427 -0.7818
vn -0.6065 -0.1416 -0.7824
vn -0.6997 0.1447 -0.6997
vn -0.7009 0.1319 -0.7009
vn -0.6954 0.4759 -0.5385
vn -0.6214 0.4773 -0.6214
vn -0.8944 0.1343 -0.4267
vn -0.8112 0.4800 -0.3340
vn -0.8863 0.4281 -0.1765
vn -0.9235 0.2778 -0.2646
vn -0.1709 0.4155 -0.8934
vn -0.4125 0.1215 -0.9028
vn -0.3419 0.4756 -0.8105
vn -0.5377 0.4768 -0.6954
vn -0.5836 0.5647 -0.5836
vn -0.7000 0.4219 -0.5762
vn -0.6419 0.4228 -0.6396
vn -0.6562 0.5642 -0.5012
vn -0.7507 0.4181 -0.5115
vn -0.7811 0.5404 -0.3128
vn -0.7859 0.4120 -0.4611
vn -0.4606 0.4120 -0.7862
vn -0.3077 0.5334 -0.7879
vn -0.5112 0.4181 -0.7509
vn -0.5021 0.5652 -0.6546
vn -0.5752 0.4203 -0.7018
vn -0.6797 -0.5076 -0.5295
vn -0.6931 -0.1982 -0.6931
vn -0.6088 -0.5088 -0.6087
vn -0.7345 -0.5179 -0.4386
vn -0.7742 -0.1991 -0.6009
vn -0.8451 -0.5003 -0.1883
vn -0.8423 -0.2067 -0.4979
vn -0.1861 -0.4972 -0.8474
vn -0.5002 -0.2038 -0.8416
vn -0.2566 -0.2277 -0.9393
vn -0.4410 -0.5154 -0.7347
vn -0.6005 -0.1994 -0.7744
vn -0.5309 -0.5073 -0.6788
vn -0.6524 0.3916 -0.6488
vn -0.6609 0.5530 -0.5074
vn -0.5891 0.5535 -0.5888
vn -0.7312 0.3905 -0.5593
vn -0.7217 0.5526 -0.4169
vn -0.8539 0.3819 -0.3535
vn -0.7698 0.5530 -0.3187
vn -0.4164 0.5526 -0.7220
vn -0.5583 0.3904 -0.7321
vn -0.5071 0.5536 -0.6605
vn -0.8519 -0.4586 -0.2529
vn -0.8858 -0.4232 -0.1903
vn -0.9261 -0.2628 0.2707
vn -0.9709 -0.0142 -0.2393
vn -0.8556 -0.1341 -0.4999
vn -0.8540 0.1062 -0.5093
vn -0.7868 -0.1297 -0.6034
vn -0.7850 0.1095 -0.6097
vn -0.7013 -0.1276 -0.7013
vn -0.7027 0.1119 -0.7027
vn -0.6106 0.1080 -0.7845
vn -0.6039 -0.1288 -0.7866
vn -0.5084 0.1041 -0.8548
vn -0.4979 -0.1316 -0.8572
vn -0.2293 -0.0160 -0.9732
vn -0.3222 -0.2282 -0.9188
vn -0.2157 -0.4046 -0.8887
vn 0.3706 -0.3484 -0.8609
vn 0.2923 -0.2691 -0.9177
vn -0.6971 0.4673 -0.5437
vn -0.6956 0.1806 -0.6953
vn -0.6238 0.4715 -0.6233
vn -0.5451 0.4662 -0.6968
vn -0.5990 0.1772 -0.7809
vn -0.4623 0.4571 -0.7598
vn -0.4929 0.1644 -0.8544
vn -0.2208 0.2896 -0.9314
vn -0.2949 -0.0206 -0.9553
vn 0.2761 -0.3898 -0.8786
vn -0.1493 -0.3770 -0.9141
vn -0.1370 -0.4869 -0.8627
vn -0.0451 -0.7400 -0.6711
vn -0.3794 -0.6477 -0.6607
vn -0.2608 -0.8565 -0.4454
vn -0.4611 -0.6515 -0.6025
vn -0.3154 -0.8597 -0.4019
vn -0.5362 -0.6518 -0.5363
vn -0.3599 -0.8606 -0.3602
vn -0.4020 -0.8592 -0.3166
vn -0.6017 -0.6520 -0.4614
vn -0.4467 -0.8560 -0.2601
vn -0.6607 -0.6467 -0.3810
vn -0.6708 -0.7405 -0.0414
vn -0.8107 -0.5144 -0.2796
vn -0.8765 -0.4023 0.2645
vn -0.9149 -0.3754 -0.1485
vn -0.9502 -0.1607 0.2670
vn -0.9289 0.2958 -0.2229
vn -0.8539 0.1613 -0.4948
vn -0.7586 0.4606 -0.4607
vn -0.7814 0.1783 -0.5980
vn -0.5175 -0.7540 -0.4045
vn -0.6196 -0.4818 -0.6196
vn -0.6960 -0.4818 -0.5324
vn -0.5708 -0.7487 -0.3371
vn -0.7604 -0.4806 -0.4368
vn -0.7920 -0.6035 -0.0925
vn -0.8874 -0.2681 -0.3751
vn -0.9391 -0.2140 0.2688
vn -0.9811 -0.1004 -0.1656
vn -0.9529 0.0311 0.3018
vn -0.8495 0.5098 -0.1360
vn -0.8120 0.3491 -0.4677
vn -0.6311 0.6771 -0.3785
vn -0.7412 0.3589 -0.5672
vn -0.5752 0.6839 -0.4488
vn -0.6595 0.3609 -0.6594
vn -0.5140 0.6867 -0.5140
vn -0.4498 0.6831 -0.5754
vn -0.5673 0.3598 -0.7407
vn -0.3787 0.6756 -0.6326
vn -0.4668 0.3503 -0.8121
vn -0.1343 0.5084 -0.8506
vn -0.2917 0.1365 -0.9467
vn 0.2795 -0.2032 -0.9384
vn -0.1455 -0.0632 -0.9873
vn -0.1565 -0.2438 -0.9571
vn -0.0960 -0.6039 -0.7913
vn -0.4351 -0.4813 -0.7610
vn -0.3372 -0.7497 -0.5694
vn -0.5322 -0.4814 -0.6965
vn -0.4035 -0.7547 -0.5173
vn -0.4623 -0.7567 -0.4623
vn -0.5270 -0.7434 -0.4118
vn -0.6387 -0.4293 -0.6386
vn -0.7176 -0.4280 -0.5494
vn -0.5810 -0.7373 -0.3446
vn -0.7857 -0.4231 -0.4512
vn -0.8120 -0.5755 -0.0972
vn -0.9413 -0.2207 -0.2554
vn -0.9458 -0.1222 0.3008
vn -0.9843 0.1016 -0.1442
vn -0.9450 0.1198 0.3045
vn -0.8099 0.5781 -0.0995
vn -0.7674 0.4710 -0.4350
vn -0.5800 0.7373 -0.3464
vn -0.7003 0.4724 -0.5352
vn -0.5286 0.7422 -0.4119
vn -0.6228 0.4736 -0.6228
vn -0.4720 0.7447 -0.4720
vn -0.4131 0.7417 -0.5285
vn -0.5355 0.4731 -0.6996
vn -0.3483 0.7352 -0.5816
vn -0.4375 0.4707 -0.7662
vn -0.0952 0.5741 -0.8133
vn -0.2774 0.2434 -0.9294
vn 0.3008 -0.1198 -0.9461
vn -0.1458 0.1018 -0.9841
vn -0.1413 -0.0969 -0.9852
vn -0.1001 -0.5758 -0.8114
vn -0.4510 -0.4232 -0.7859
vn -0.3449 -0.7384 -0.5795
vn -0.5494 -0.4267 -0.7184
vn -0.4107 -0.7440 -0.5271
vn -0.4705 -0.7466 -0.4705
vn -0.7050 -0.4476 -0.5502
vn -0.6968 -0.1698 -0.6968
vn -0.7827 -0.1668 -0.5996
vn -0.7992 -0.4350 -0.4147
vn -0.8583 -0.1467 -0.4917
vn -0.9937 -0.0600 0.0949
vn -0.9367 -0.1199 -0.3289
vn -0.5933 0.7940 0.1325
vn -0.7300 0.6112 -0.3057
vn -0.8689 0.3673 -0.3320
vn -0.7113 0.3502 -0.6095
vn -0.8647 0.3666 -0.3433
vn -0.8604 0.3643 -0.3563
vn -0.6101 0.3500 -0.7108
vn 0.1151 0.5494 -0.8276
vn 0.0423 -0.0368 -0.9984
vn -0.4973 -0.1508 -0.8544
vn -0.4280 -0.4269 -0.7966
vn -0.5992 -0.1663 -0.7831
vn -0.5491 -0.4483 -0.7053
vn -0.6307 -0.4523 -0.6307
vn -0.4653 0.8093 -0.3585
vn -0.3854 0.8384 -0.3854
vn -0.4153 0.8094 -0.4153
vn -0.5612 0.8051 -0.1919
vn -0.4314 0.8389 -0.3319
vn -0.6511 0.7563 -0.0638
vn -0.5517 0.8082 -0.2058
vn -0.0497 0.7625 -0.6451
vn -0.2076 0.8267 -0.5230
vn -0.1319 0.8395 -0.5271
vn -0.2001 0.8056 -0.5576
vn -0.3312 0.8386 -0.4325
vn -0.3576 0.8089 -0.4667
vn -0.7994 0.3869 -0.4597
vn -0.4575 0.3840 -0.8020
vn -0.7072 -0.7070 0.0000
vn -0.8948 -0.4319 0.1130
vn -0.9021 -0.4316 -0.0000
vn -0.7028 -0.7058 0.0896
vn -0.8692 -0.4357 0.2338
vn -0.7011 -0.7009 0.1315
vn -0.7372 -0.4336 0.5182
vn -0.7399 -0.4356 -0.5127
vn -0.6917 -0.7079 -0.1431
vn -0.8681 -0.4368 -0.2358
vn -0.7017 -0.7067 -0.0899
vn -0.8948 -0.4321 -0.1126
vn -0.9919 -0.0053 0.1273
vn -0.9555 -0.2949 0.0000
vn -0.9483 -0.2935 0.1206
vn -0.9684 -0.0061 0.2495
vn -0.9245 -0.2991 0.2362
vn -0.8664 -0.0117 0.4992
vn -0.8219 -0.2858 0.4927
vn -0.8667 -0.0045 -0.4988
vn -0.9262 -0.2954 -0.2341
vn -0.9690 -0.0017 -0.2469
vn -0.9486 -0.2928 -0.1198
vn -0.9920 -0.0057 -0.1260
vn -1.0000 -0.0033 -0.0000
vn -0.9816 0.1426 0.1267
vn -0.9895 -0.1446 0.0001
vn -0.9819 -0.1423 0.1251
vn -0.9583 -0.1480 0.2444
vn -0.9597 0.1438 0.2413
vn -0.8545 -0.1432 0.4993
vn -0.8525 0.1373 0.5043
vn -0.8537 0.1436 -0.5005
vn -0.9598 -0.1437 -0.2412
vn -0.9583 0.1479 -0.2444
vn -0.9820 0.1428 -0.1233
vn -0.9821 -0.1416 -0.1243
vn -0.9894 0.1451 -0.0004
vn -0.9912 0.1323 -0.0003
vn -0.8725 0.4759 0.1109
vn -0.8788 0.4771 -0.0000
vn -0.9341 0.1341 0.3308
vn -0.8098 0.4799 0.3376
vn -0.7517 0.4279 0.5019
vn -0.8399 0.2780 0.4661
vn -0.7527 0.4164 -0.5100
vn -0.9301 0.1214 -0.3468
vn -0.8148 0.4758 -0.3312
vn -0.8720 0.4766 -0.1119
vn -0.8254 0.5646 0.0000
vn -0.9024 0.4219 0.0875
vn -0.9062 0.4229 0.0017
vn -0.8183 0.5642 0.1096
vn -0.8926 0.4181 0.1690
vn -0.7735 0.5404 0.3313
vn -0.8818 0.4120 0.2296
vn -0.8817 0.4120 -0.2298
vn -0.7746 0.5334 -0.3398
vn -0.8925 0.4181 -0.1692
vn -0.8178 0.5653 -0.1079
vn -0.9029 0.4204 -0.0896
vn -0.8550 -0.5076 0.1061
vn -0.9802 -0.1982 -0.0001
vn -0.8606 -0.5092 0.0000
vn -0.8294 -0.5179 0.2093
vn -0.9723 -0.1987 0.1234
vn -0.7309 -0.5003 0.4642
vn -0.9476 -0.2067 0.2437
vn -0.7312 -0.4970 -0.4672
vn -0.9488 -0.2038 -0.2414
vn -0.8456 -0.2276 -0.4829
vn -0.8315 -0.5153 -0.2075
vn -0.9722 -0.1994 -0.1228
vn -0.8554 -0.5072 -0.1047
vn -0.9201 0.3917 0.0024
vn -0.8260 0.5530 0.1090
vn -0.8327 0.5537 0.0002
vn -0.9126 0.3905 0.1216
vn -0.8051 0.5527 0.2154
vn -0.8538 0.3819 0.3539
vn -0.7698 0.5529 0.3191
vn -0.8049 0.5526 -0.2161
vn -0.9124 0.3904 -0.1227
vn -0.8257 0.5535 -0.1086
vn -0.7759 -0.4595 0.4322
vn -0.7595 -0.4173 0.4990
vn -0.4517 -0.2678 0.8511
vn -0.8537 -0.0159 0.5205
vn -0.9586 -0.1340 0.2515
vn -0.9639 0.1063 0.2441
vn -0.9830 -0.1297 0.1298
vn -0.9862 0.1094 0.1241
vn -0.9918 -0.1279 0.0000
vn -0.9937 0.1119 0.0000
vn -0.9865 0.1082 -0.1230
vn -0.9832 -0.1289 -0.1294
vn -0.9639 0.1042 -0.2449
vn -0.9583 -0.1312 -0.2539
vn -0.8511 -0.0156 -0.5248
vn -0.8336 -0.2039 -0.5133
vn -0.7670 -0.3495 -0.5382
vn -0.7760 -0.4594 -0.4322
vn -0.4520 -0.2653 -0.8517
vn -0.8775 0.4671 0.1084
vn -0.9837 0.1798 0.0000
vn -0.8818 0.4716 0.0000
vn -0.8782 0.4662 -0.1072
vn -0.9756 0.1778 -0.1287
vn -0.8641 0.4571 -0.2105
vn -0.9528 0.1638 -0.2556
vn -0.8148 0.2898 -0.5021
vn -0.8839 -0.0199 -0.4673
vn -0.4261 -0.3897 -0.8165
vn -0.7516 -0.3779 -0.5406
vn -0.7066 -0.4793 -0.5207
vn -0.5066 -0.7398 -0.4427
vn -0.7356 -0.6476 -0.1988
vn -0.4994 -0.8565 -0.1303
vn -0.7519 -0.6516 -0.1001
vn -0.5071 -0.8597 -0.0610
vn -0.7580 -0.6522 0.0000
vn -0.5090 -0.8607 0.0000
vn -0.5082 -0.8591 0.0604
vn -0.7519 -0.6518 0.0990
vn -0.4998 -0.8560 0.1320
vn -0.7368 -0.6465 0.1978
vn -0.5036 -0.7406 0.4448
vn -0.7708 -0.5144 0.3758
vn -0.4326 -0.4023 0.8068
vn -0.7520 -0.3758 0.5416
vn -0.4831 -0.1609 0.8607
vn -0.8144 0.2956 0.4994
vn -0.9538 0.1608 0.2538
vn -0.8623 0.4606 0.2105
vn -0.9753 0.1785 0.1297
vn -0.6520 -0.7540 0.0799
vn -0.8760 -0.4823 0.0000
vn -0.8689 -0.4813 0.1155
vn -0.6420 -0.7487 0.1652
vn -0.8464 -0.4809 0.2288
vn -0.6254 -0.6035 0.4946
vn -0.8930 -0.2674 0.3619
vn -0.4740 -0.2139 0.8541
vn -0.8113 -0.1021 0.5757
vn -0.4606 0.0318 0.8871
vn -0.6967 0.5103 0.5042
vn -0.9052 0.3484 0.2434
vn -0.7138 0.6771 0.1788
vn -0.9251 0.3591 0.1231
vn -0.7241 0.6838 0.0897
vn -0.9323 0.3617 -0.0000
vn -0.7269 0.6868 0.0000
vn -0.7249 0.6831 -0.0889
vn -0.9251 0.3594 -0.1224
vn -0.7151 0.6756 -0.1795
vn -0.9043 0.3503 -0.2441
vn -0.6964 0.5086 -0.5063
vn -0.8262 0.1667 -0.5381
vn -0.4659 -0.2031 -0.8612
vn -0.7975 -0.0299 -0.6026
vn -0.7871 -0.2437 -0.5666
vn -0.6274 -0.6039 -0.4916
vn -0.8455 -0.4818 -0.2303
vn -0.6411 -0.7497 -0.1641
vn -0.8691 -0.4808 -0.1163
vn -0.6513 -0.7545 -0.0809
vn -0.6538 -0.7567 0.0000
vn -0.6636 -0.7436 0.0816
vn -0.9036 -0.4283 -0.0000
vn -0.8961 -0.4276 0.1189
vn -0.6545 -0.7373 0.1671
vn -0.8744 -0.4237 0.2363
vn -0.6429 -0.5754 0.5055
vn -0.8462 -0.2204 0.4851
vn -0.4560 -0.1220 0.8816
vn -0.7983 0.1017 0.5936
vn -0.4528 0.1196 0.8835
vn -0.6431 0.5779 0.5025
vn -0.8504 0.4707 0.2352
vn -0.6551 0.7373 0.1651
vn -0.8737 0.4723 0.1167
vn -0.6650 0.7422 0.0826
vn -0.8806 0.4739 0.0000
vn -0.6678 0.7443 0.0004
vn -0.6658 0.7417 -0.0816
vn -0.8734 0.4730 -0.1162
vn -0.6575 0.7352 -0.1650
vn -0.8512 0.4706 -0.2324
vn -0.6423 0.5742 -0.5077
vn -0.8225 0.2693 -0.5009
vn -0.4564 -0.1199 -0.8816
vn -0.7907 0.1438 -0.5951
vn -0.7894 -0.1196 -0.6021
vn -0.6446 -0.5758 -0.5029
vn -0.8746 -0.4230 -0.2368
vn -0.6537 -0.7384 -0.1660
vn -0.8962 -0.4272 -0.1194
vn -0.6629 -0.7442 -0.0821
vn -0.6653 -0.7466 0.0000
vn -0.8875 -0.4476 0.1095
vn -0.9855 -0.1694 0.0000
vn -0.9774 -0.1672 0.1295
vn -0.8584 -0.4351 0.2718
vn -0.9545 -0.1471 0.2593
vn -0.6354 -0.0598 0.7698
vn -0.8951 -0.1194 0.4297
vn -0.3258 0.7994 0.5048
vn -0.7357 0.6065 0.3014
vn -0.8514 0.3610 0.3805
vn -0.9339 0.3502 0.0722
vn -0.8548 0.3652 0.3688
vn -0.8601 0.3643 0.3569
vn -0.9339 0.3501 -0.0719
vn -0.5039 0.5489 -0.6669
vn -0.6762 -0.0369 -0.7358
vn -0.9557 -0.1510 -0.2526
vn -0.8659 -0.4269 -0.2607
vn -0.9774 -0.1665 -0.1302
vn -0.8869 -0.4486 -0.1103
vn -0.8918 -0.4524 0.0000
vn -0.5827 0.8092 0.0752
vn -0.5451 0.8383 0.0000
vn -0.5873 0.8093 -0.0000
vn -0.5331 0.8051 0.2602
vn -0.5397 0.8389 0.0704
vn -0.5066 0.7566 0.4133
vn -0.5352 0.8087 0.2441
vn -0.4907 0.7620 -0.4226
vn -0.5167 0.8265 -0.2233
vn -0.4662 0.8391 -0.2801
vn -0.5355 0.8054 -0.2540
vn -0.5400 0.8386 -0.0717
vn -0.5828 0.8089 -0.0770
vn -0.8903 0.3871 0.2399
vn -0.8908 0.3838 -0.2433
vn -0.5055 -0.7006 0.5037
vn -0.5515 -0.4370 0.7106
vn -0.6361 -0.4363 0.6364
vn -0.4376 -0.6977 0.5672
vn -0.4502 -0.4418 0.7760
vn -0.3923 -0.6936 0.6041
vn -0.1661 -0.4456 0.8797
vn -0.8849 -0.4351 0.1661
vn -0.5905 -0.7050 0.3928
vn -0.7802 -0.4385 0.4461
vn -0.5638 -0.7020 0.4352
vn -0.7112 -0.4354 0.5519
vn -0.6112 -0.0050 0.7914
vn -0.6755 -0.2954 0.6756
vn -0.5854 -0.2933 0.7559
vn -0.5083 -0.0062 0.8612
vn -0.4868 -0.2991 0.8207
vn -0.2590 -0.0126 0.9658
vn -0.2330 -0.2858 0.9295
vn -0.9656 -0.0043 0.2600
vn -0.8204 -0.2956 0.4894
vn -0.8599 -0.0018 0.5105
vn -0.7556 -0.2925 0.5861
vn -0.7906 -0.0055 0.6123
vn -0.7071 -0.0035 0.7071
vn -0.6047 0.1424 0.7837
vn -0.6997 -0.1445 0.6997
vn -0.6059 -0.1423 0.7828
vn -0.5047 -0.1480 0.8505
vn -0.5079 0.1439 0.8493
vn -0.2511 -0.1432 0.9573
vn -0.2461 0.1373 0.9595
vn -0.9576 0.1436 0.2498
vn -0.8493 -0.1438 0.5079
vn -0.8506 0.1481 0.5046
vn -0.7818 0.1427 0.6070
vn -0.7824 -0.1415 0.6065
vn -0.6997 0.1447 0.6997
vn -0.7009 0.1319 0.7009
vn -0.5385 0.4759 0.6954
vn -0.6214 0.4773 0.6214
vn -0.4266 0.1343 0.8944
vn -0.3337 0.4798 0.8114
vn -0.1763 0.4273 0.8868
vn -0.2643 0.2780 0.9235
vn -0.8933 0.4156 0.1710
vn -0.9028 0.1215 0.4125
vn -0.8105 0.4756 0.3419
vn -0.6957 0.4766 0.5375
vn -0.5836 0.5647 0.5835
vn -0.5756 0.4220 0.7004
vn -0.6398 0.4225 0.6420
vn -0.5014 0.5639 0.6562
vn -0.5106 0.4182 0.7513
vn -0.3286 0.5399 0.7750
vn -0.4603 0.4122 0.7862
vn -0.7861 0.4120 0.4607
vn -0.7880 0.5334 0.3075
vn -0.7509 0.4181 0.5113
vn -0.6545 0.5653 0.5021
vn -0.7018 0.4202 0.5753
vn -0.5296 -0.5075 0.6797
vn -0.6931 -0.1982 0.6930
vn -0.6087 -0.5090 0.6086
vn -0.4386 -0.5179 0.7345
vn -0.6007 -0.1990 0.7743
vn -0.1883 -0.5003 0.8451
vn -0.4979 -0.2067 0.8423
vn -0.8476 -0.4969 0.1863
vn -0.8416 -0.2037 0.5002
vn -0.9393 -0.2277 0.2566
vn -0.7346 -0.5151 0.4415
vn -0.7740 -0.1996 0.6009
vn -0.6788 -0.5075 0.5307
vn -0.6489 0.3916 0.6523
vn -0.5073 0.5530 0.6610
vn -0.5887 0.5537 0.5889
vn -0.5591 0.3906 0.7313
vn -0.4168 0.5524 0.7219
vn -0.3186 0.5527 0.7701
vn -0.7220 0.5527 0.4164
vn -0.7321 0.3904 0.5582
vn -0.6605 0.5535 0.5073
vn 0.3550 -0.3862 0.8514
vn -0.1973 -0.3804 0.9035
vn 0.2927 -0.2719 0.9167
vn -0.2335 -0.0167 0.9722
vn -0.4998 -0.1338 0.8558
vn -0.5091 0.1062 0.8541
vn -0.6032 -0.1299 0.7869
vn -0.6094 0.1092 0.7853
vn -0.7013 -0.1272 0.7014
vn -0.7027 0.1116 0.7027
vn -0.7845 0.1082 0.6106
vn -0.7866 -0.1291 0.6038
vn -0.8545 0.1041 0.5089
vn -0.8571 -0.1314 0.4982
vn -0.9720 -0.0137 0.2347
vn -0.9520 -0.2022 0.2296
vn -0.9229 -0.3477 0.1651
vn -0.8517 -0.4587 0.2532
vn -0.9269 -0.2599 -0.2706
vn -0.5437 0.4674 0.6971
vn -0.6954 0.1807 0.6956
vn -0.6236 0.4716 0.6235
vn -0.6968 0.4662 0.5452
vn -0.7812 0.1768 0.5988
vn -0.7599 0.4571 0.4621
vn -0.8544 0.1646 0.4929
vn -0.9312 0.2898 0.2210
vn -0.9554 -0.0206 0.2947
vn -0.8787 -0.3896 -0.2759
vn -0.9141 -0.3771 0.1491
vn -0.8676 -0.4796 0.1313
vn -0.6713 -0.7398 0.0451
vn -0.6606 -0.6477 0.3796
vn -0.4454 -0.8565 0.2609
vn -0.6024 -0.6517 0.4609
vn -0.4019 -0.8597 0.3154
vn -0.5364 -0.6515 0.5365
vn -0.3599 -0.8608 0.3598
vn -0.3165 -0.8592 0.4021
vn -0.4612 -0.6522 0.6017
vn -0.2599 -0.8560 0.4469
vn -0.3810 -0.6465 0.6610
vn -0.0414 -0.7407 0.6706
vn -0.2881 -0.4922 0.8214
vn 0.2645 -0.4025 0.8764
vn -0.1022 -0.2988 0.9488
vn 0.2669 -0.1607 0.9502
vn -0.2229 0.2958 0.9289
vn -0.4948 0.1614 0.8539
vn -0.4607 0.4606 0.7587
vn -0.5983 0.1778 0.7813
vn -0.4045 -0.7540 0.5175
vn -0.6196 -0.4818 0.6196
vn -0.5326 -0.4820 0.6957
vn -0.3370 -0.7487 0.5708
vn -0.4368 -0.4805 0.7605
vn -0.0925 -0.6035 0.7920
vn -0.2908 -0.2985 0.9090
vn 0.2688 -0.2140 0.9391
vn -0.1267 -0.0593 0.9902
vn 0.3016 0.0316 0.9529
vn -0.1359 0.5100 0.8494
vn -0.4678 0.3489 0.8121
vn -0.3783 0.6771 0.6312
vn -0.5671 0.3589 0.7414
vn -0.4489 0.6838 0.5752
vn -0.6592 0.3617 0.6593
vn -0.5140 0.6867 0.5140
vn -0.5754 0.6831 0.4498
vn -0.7408 0.3594 0.5675
vn -0.6326 0.6755 0.3788
vn -0.8120 0.3504 0.4668
vn -0.8507 0.5082 0.1342
vn -0.9646 0.1668 0.2042
vn -0.9384 -0.2032 -0.2795
vn -0.9900 -0.0296 0.1376
vn -0.9571 -0.2439 0.1564
vn -0.7912 -0.6039 0.0960
vn -0.7610 -0.4811 0.4351
vn -0.5694 -0.7497 0.3372
vn -0.6964 -0.4814 0.5321
vn -0.5176 -0.7546 0.4033
vn -0.4623 -0.7566 0.4623
vn -0.4117 -0.7435 0.5269
vn -0.6389 -0.4287 0.6388
vn -0.5496 -0.4276 0.7177
vn -0.3448 -0.7373 0.5810
vn -0.4512 -0.4234 0.7856
vn -0.0973 -0.5756 0.8120
vn -0.3006 -0.1956 0.9335
vn 0.3008 -0.1222 0.9458
vn -0.1455 0.1027 0.9840
vn 0.3045 0.1198 0.9450
vn -0.0994 0.5781 0.8099
vn -0.4350 0.4705 0.7677
vn -0.3464 0.7373 0.5800
vn -0.5352 0.4727 0.7001
vn -0.4120 0.7425 0.5282
vn -0.6228 0.4736 0.6228
vn -0.4720 0.7447 0.4720
vn -0.5285 0.7417 0.4130
vn -0.6996 0.4731 0.5355
vn -0.5816 0.7352 0.3483
vn -0.7662 0.4707 0.4375
vn -0.8131 0.5743 0.0953
vn -0.9359 0.2691 0.2274
vn -0.9462 -0.1201 -0.3006
vn -0.9800 0.1438 0.1379
vn -0.9839 -0.1199 0.1329
vn -0.8113 -0.5760 0.1004
vn -0.7860 -0.4229 0.4510
vn -0.5795 -0.7384 0.3449
vn -0.7183 -0.4271 0.5492
vn -0.5268 -0.7441 0.4108
vn -0.4704 -0.7466 0.4704
vn -0.5502 -0.4476 0.7050
vn -0.6970 -0.1702 0.6966
vn -0.5996 -0.1668 0.7827
vn -0.4147 -0.4351 0.7992
vn -0.4915 -0.1472 0.8583
vn 0.0951 -0.0600 0.9937
vn -0.3290 -0.1382 0.9342
vn -0.0985 0.7836 0.6135
vn -0.1547 0.9851 -0.0744
vn 0.3699 0.4294 0.8239
vn -0.3407 0.4039 0.8490
vn 0.0460 -0.9222 -0.3839
vn -0.6127 0.3496 0.7088
vn -0.3582 0.3642 0.8597
vn -0.7108 0.3500 0.6102
vn -0.8270 0.5504 -0.1144
vn -0.9984 -0.0368 -0.0425
vn -0.8544 -0.1507 0.4973
vn -0.7966 -0.4269 0.4279
vn -0.7832 -0.1662 0.5991
vn -0.7054 -0.4483 0.5490
vn -0.6307 -0.4523 0.6307
vn -0.3585 0.8093 0.4653
vn -0.3854 0.8384 0.3854
vn -0.4153 0.8094 0.4152
vn -0.1950 0.8060 0.5589
vn -0.3307 0.8400 0.4301
vn -0.0690 0.7605 0.6456
vn -0.2167 0.8095 0.5456
vn -0.6451 0.7625 0.0496
vn -0.5228 0.8267 0.2078
vn -0.5265 0.8397 0.1327
vn -0.5578 0.8056 0.1999
vn -0.4325 0.8386 0.3313
vn -0.4667 0.8089 0.3575
vn -0.4599 0.3868 0.7993
vn -0.8021 0.3837 0.4576
vn -0.4553 0.5540 0.6970
vn 0.0005 0.5648 0.8253
vn -0.4872 0.8173 0.3077
vn -0.4793 0.5684 -0.6687
vn -0.8119 0.5682 -0.1342
vn -0.1709 0.5537 -0.8150
vn 0.1443 0.8054 -0.5749
vn -0.6687 0.5686 0.4791
vn -0.6970 0.5534 -0.4560
vn -0.3046 0.7995 -0.5177
vn 0.1355 0.7829 0.6072
vn 0.7991 0.5051 0.3261
vn -0.1533 0.5575 0.8159
vn -0.8150 0.5537 0.1709
vn -0.5759 0.8047 -0.1445
vn -0.5298 0.6036 0.5958
vn -0.3755 0.2505 0.8923
vn -0.7549 0.5927 0.2807
vn -0.3514 0.2711 0.8961
vn -0.8950 0.2644 -0.3592
vn -0.9300 0.0495 0.3643
vn -0.8099 0.4903 -0.3218
vn -0.8893 0.2635 -0.3739
vn -0.3055 0.4395 0.8447
vn -0.7966 0.6027 0.0472
vn -0.8965 0.2503 0.3656
vn -0.7434 0.5782 -0.3362
vn -0.8826 0.2742 0.3819
vn -0.3788 0.2642 -0.8870
vn -0.9153 0.0490 -0.3999
vn -0.3418 0.4945 -0.7991
vn -0.3670 0.2668 -0.8911
vn -0.8106 0.4463 0.3791
vn -0.5962 0.6032 -0.5299
vn -0.8924 0.2505 -0.3754
vn -0.2824 0.5892 -0.7570
vn -0.8956 0.2717 -0.3522
vn 0.3593 0.2643 -0.8950
vn -0.3605 0.1382 -0.9225
vn 0.3215 0.4902 -0.8101
vn 0.3727 0.2637 -0.8897
vn -0.8450 0.4389 -0.3054
vn 0.1139 0.5299 0.8404
vn 0.3651 0.2505 0.8966
vn -0.3349 0.6034 0.7237
vn 0.3879 0.2682 0.8818
vn -0.8867 0.2647 0.3790
vn -0.2423 0.3586 0.9015
vn -0.8008 0.4846 0.3520
vn -0.8950 0.2602 0.3622
vn -0.0009 -1.0000 0.0070
vn -0.0025 -1.0000 0.0064
vn -0.0038 -1.0000 0.0052
vn -0.0032 -1.0000 0.0059
vn -0.0047 -1.0000 0.0038
vn -0.0053 -1.0000 0.0023
vn -0.0050 -1.0000 0.0030
vn -0.0025 -1.0000 -0.0064
vn -0.0055 -1.0000 0.0008
vn -0.0055 -1.0000 -0.0008
vn -0.0056 -1.0000 -0.0000
vn -0.0054 -1.0000 -0.0015
vn -0.0047 -1.0000 -0.0038
vn -0.0053 -1.0000 -0.0023
vn -0.0050 -1.0000 -0.0030
vn -0.0043 -1.0000 -0.0045
vn -0.0038 -1.0000 -0.0052
vn -0.0032 -1.0000 -0.0059
vn -0.0009 -1.0000 -0.0074
vn -0.0000 -1.0000 -0.0071
vn 0.0000 -1.0000 0.0071
vn 0.1377 -0.6983 0.7024
vn 0.2460 -0.5686 0.7850
vn 0.4497 -0.5169 0.7284
vn 0.3100 -0.4474 0.8389
vn 0.0921 -0.6926 0.7154
vn 0.1153 -0.4389 0.8911
vn 0.2373 -0.2977 0.9247
vn 0.5024 -0.0111 0.8646
vn 0.2433 -0.0059 0.9699
vn 0.1193 -0.2938 0.9484
vn 0.1254 -0.0062 0.9921
vn 0.2438 -0.1476 0.9585
vn 0.5043 0.1373 0.8525
vn 0.2413 0.1438 0.9597
vn 0.1251 0.1415 0.9820
vn 0.5112 0.4145 0.7529
vn 0.3308 0.1343 0.9341
vn 0.4662 0.2781 0.8399
vn 0.1115 0.4767 0.8719
vn 0.3262 0.4731 0.8184
vn 0.1252 0.1335 0.9831
vn 0.2961 0.5779 0.7605
vn 0.2299 0.4120 0.8817
vn 0.1693 0.4180 0.8925
vn 0.1043 0.5647 0.8187
vn 0.0893 0.4202 0.9030
vn 0.4642 -0.5003 0.7309
vn 0.2378 -0.2068 0.9490
vn 0.2082 -0.5178 0.8298
vn 0.1225 -0.1993 0.9723
vn 0.1066 -0.5076 0.8550
vn 0.0004 -0.5092 0.8607
vn 0.3535 0.3819 0.8540
vn 0.2158 0.5524 0.8052
vn 0.2434 0.3869 0.8894
vn 0.1227 0.3904 0.9124
vn 0.1085 0.5536 0.8257
vn 0.1233 0.1081 0.9865
vn 0.0000 0.1119 0.9937
vn 0.2688 0.1047 0.9575
vn 0.1292 -0.1290 0.9832
vn 0.6255 -0.1158 0.7716
vn 0.2567 -0.1353 0.9570
vn 0.5706 -0.3507 0.7426
vn 0.8541 -0.3428 0.3912
vn -0.1907 -0.4128 0.8906
vn 0.1073 0.4662 0.8781
vn 0.0000 0.4716 0.8818
vn 0.2104 0.4570 0.8642
vn 0.1287 0.1771 0.9758
vn 0.5023 0.2896 0.8148
vn 0.2576 0.1658 0.9519
vn 0.8164 -0.3913 0.4247
vn 0.5512 -0.2717 0.7889
vn 0.8657 -0.1660 0.4723
vn 0.1995 -0.6458 0.7369
vn 0.4455 -0.7399 0.5041
vn 0.1304 -0.8565 0.4994
vn 0.0990 -0.6511 0.7525
vn 0.0612 -0.8597 0.5072
vn 0.0888 0.6831 0.7249
vn 0.0000 0.6868 0.7269
vn 0.1796 0.6756 0.7151
vn 0.1226 0.3595 0.9251
vn 0.5053 0.5086 0.6972
vn 0.2441 0.3504 0.9042
vn 0.8614 -0.2047 0.4649
vn 0.6033 -0.0300 0.7969
vn 0.8914 0.0261 0.4525
vn 0.2324 -0.4784 0.8469
vn 0.4945 -0.6038 0.6252
vn 0.1641 -0.7497 0.6411
vn 0.1152 -0.4812 0.8690
vn 0.0809 -0.7545 0.6513
vn 0.0818 0.7417 0.6657
vn 0.0000 0.7445 0.6676
vn 0.1649 0.7352 0.6575
vn 0.1161 0.4726 0.8736
vn 0.5050 0.5740 0.6446
vn 0.2267 0.4690 0.8536
vn 0.8818 -0.1218 0.4556
vn 0.6004 0.1340 0.7884
vn 0.8838 0.1194 0.4524
vn 0.2371 -0.4225 0.8748
vn 0.5050 -0.5760 0.6428
vn 0.1659 -0.7384 0.6536
vn 0.1188 -0.4268 0.8965
vn 0.0820 -0.7442 0.6629
vn 0.0718 0.3501 0.9339
vn 0.3570 0.3511 0.8656
vn 0.3575 0.3642 0.8599
vn 0.2600 -0.1575 0.9527
vn 0.7752 -0.0363 0.6307
vn 0.2608 -0.4268 0.8659
vn 0.1292 -0.1661 0.9776
vn 0.1105 -0.4483 0.8870
vn 0.2219 0.8247 0.5202
vn 0.4186 0.7632 0.4922
vn 0.2763 0.8406 0.4658
vn 0.2569 0.8032 0.5374
vn 0.0716 0.8386 0.5401
vn 0.0764 0.8085 0.5835
vn 0.1143 -0.4394 -0.8910
vn 0.3227 -0.4596 -0.8274
vn 0.0925 -0.6928 -0.7152
vn 0.1637 -0.6696 -0.7245
vn 0.5361 -0.5096 -0.6730
vn 0.2623 -0.6698 -0.6947
vn 0.3801 -0.5345 -0.7549
vn 0.1256 -0.0058 -0.9921
vn -0.0000 -0.0033 -1.0000
vn 0.2468 -0.0019 -0.9691
vn 0.1221 -0.2941 -0.9479
vn 0.4988 -0.0044 -0.8667
vn 0.2383 -0.2958 -0.9250
vn 0.1245 0.1422 -0.9820
vn 0.0000 0.1451 -0.9894
vn 0.2471 -0.1441 -0.9582
vn 0.2447 0.1481 -0.9582
vn 0.5011 -0.1366 -0.8545
vn 0.4993 0.1431 -0.8545
vn 0.1105 0.4763 -0.8723
vn 0.3470 0.1213 -0.9300
vn 0.1255 0.1336 -0.9831
vn 0.5019 0.4279 -0.7517
vn 0.3237 0.4875 -0.8109
vn 0.0874 0.4231 -0.9019
vn 0.1684 0.4213 -0.8912
vn 0.1084 0.5607 -0.8209
vn 0.2294 0.4120 -0.8818
vn 0.3083 0.5147 -0.8000
vn 0.1055 -0.5066 -0.8557
vn 0.1230 -0.1996 -0.9721
vn 0.2075 -0.5143 -0.8321
vn 0.2412 -0.2037 -0.9488
vn 0.4675 -0.4959 -0.7318
vn 0.1087 0.5529 -0.8261
vn 0.1217 0.3899 -0.9128
vn 0.2156 0.5525 -0.8051
vn 0.2429 0.3871 -0.8895
vn 0.3540 0.3819 -0.8537
vn 0.3190 0.5530 -0.7696
vn -0.1993 -0.4123 -0.8890
vn 0.8581 -0.3303 -0.3931
vn 0.5595 -0.3549 -0.7490
vn 0.2540 -0.1314 -0.9582
vn 0.6612 -0.1154 -0.7412
vn 0.2632 0.1010 -0.9594
vn 0.1290 -0.1302 -0.9831
vn 0.1243 0.1094 -0.9862
vn 0.1083 0.4675 -0.8773
vn 0.0604 -0.8591 -0.5082
vn 0.0000 -0.8606 -0.5093
vn 0.1319 -0.8561 -0.4998
vn 0.0985 -0.6523 -0.7516
vn 0.4420 -0.7407 -0.5059
vn 0.1947 -0.6469 -0.7373
vn 0.6140 -0.2440 -0.7506
vn 0.8068 -0.4008 -0.4340
vn 0.8606 -0.1607 -0.4832
vn 0.2501 0.1639 -0.9543
vn 0.4994 0.2957 -0.8144
vn 0.2106 0.4606 -0.8623
vn 0.1299 0.1771 -0.9756
vn 0.0798 -0.7540 -0.6520
vn 0.0000 -0.7567 -0.6538
vn 0.1650 -0.7487 -0.6421
vn 0.1154 -0.4820 -0.8685
vn 0.4921 -0.6032 -0.6277
vn 0.2247 -0.4798 -0.8481
vn 0.5954 -0.0630 -0.8009
vn 0.8540 -0.2123 -0.4750
vn 0.8873 0.0325 -0.4601
vn 0.2414 0.3503 -0.9050
vn 0.5054 0.5102 -0.6959
vn 0.1787 0.6771 -0.7139
vn 0.1224 0.3585 -0.9255
vn 0.0897 0.6838 -0.7241
vn 0.0814 -0.7435 -0.6638
vn 0.0000 -0.7466 -0.6653
vn 0.1673 -0.7373 -0.6545
vn 0.1185 -0.4277 -0.8961
vn 0.5034 -0.5751 -0.6449
vn 0.2341 -0.4227 -0.8755
vn 0.5930 0.1026 -0.7986
vn 0.8814 -0.1201 -0.4569
vn 0.8838 0.1217 -0.4517
vn 0.2367 0.4664 -0.8523
vn 0.5052 0.5781 -0.6407
vn 0.1651 0.7373 -0.6551
vn 0.1164 0.4720 -0.8739
vn 0.0826 0.7422 -0.6650
vn 0.1095 -0.4476 -0.8875
vn 0.0000 -0.4524 -0.8918
vn 0.2716 -0.4351 -0.8585
vn 0.1295 -0.1673 -0.9774
vn 0.7299 -0.0599 -0.6809
vn 0.2660 -0.1473 -0.9526
vn 0.5040 0.8000 -0.3256
vn 0.2979 0.6029 -0.7401
vn 0.8450 0.4389 -0.3054
vn 0.0723 0.3502 -0.9339
vn 0.3676 0.3661 -0.8549
vn 0.5962 0.6032 -0.5298
vn 0.0756 0.8093 -0.5825
vn 0.0718 0.8393 -0.5389
vn 0.2597 0.8039 -0.5351
vn 0.2179 0.8163 -0.5349
vn 0.4135 0.7566 -0.5065
vn 0.7114 -0.4351 -0.5519
vn 0.5059 -0.7000 -0.5040
vn 0.6363 -0.4362 -0.6363
vn 0.7796 -0.4384 -0.4472
vn 0.5633 -0.7024 -0.4351
vn 0.8862 -0.4330 -0.1651
vn 0.5969 -0.7015 -0.3895
vn 0.2036 -0.4268 -0.8811
vn 0.3918 -0.6938 -0.6043
vn 0.3815 -0.6717 -0.6350
vn 0.4494 -0.4436 -0.7754
vn 0.4377 -0.6981 -0.5667
vn 0.5516 -0.4366 -0.7108
vn 0.7903 -0.0055 -0.6127
vn 0.6756 -0.2953 -0.6756
vn 0.7071 -0.0038 -0.7071
vn 0.8597 -0.0019 -0.5108
vn 0.7566 -0.2940 -0.5840
vn 0.9656 -0.0044 -0.2599
vn 0.8227 -0.2958 -0.4855
vn 0.4863 -0.2976 -0.8216
vn 0.2559 -0.0110 -0.9666
vn 0.5139 -0.0060 -0.8578
vn 0.5863 -0.2938 -0.7550
vn 0.6128 -0.0060 -0.7902
vn 0.7825 0.1422 -0.6062
vn 0.6997 -0.1445 -0.6997
vn 0.6997 0.1447 -0.6997
vn 0.8506 0.1476 -0.5047
vn 0.7837 -0.1433 -0.6043
vn 0.9586 -0.1370 -0.2496
vn 0.9573 0.1432 -0.2510
vn 0.5050 -0.1471 -0.8505
vn 0.2461 0.1374 -0.9595
vn 0.5079 0.1438 -0.8493
vn 0.6060 0.1415 -0.7828
vn 0.6949 0.4762 -0.5388
vn 0.7009 0.1319 -0.7009
vn 0.6214 0.4773 -0.6214
vn 0.9029 0.1214 -0.4123
vn 0.7837 0.1337 -0.6066
vn 0.8864 0.4280 -0.1764
vn 0.8025 0.4874 -0.3442
vn 0.1710 0.4155 -0.8934
vn 0.4268 0.1344 -0.8943
vn 0.2646 0.2780 -0.9234
vn 0.5377 0.4768 -0.6954
vn 0.3473 0.4733 -0.8095
vn 0.6066 0.1337 -0.7837
vn 0.6995 0.4231 -0.5759
vn 0.5836 0.5647 -0.5836
vn 0.6420 0.4228 -0.6396
vn 0.7493 0.4213 -0.5109
vn 0.6571 0.5607 -0.5038
vn 0.7859 0.4120 -0.4611
vn 0.7837 0.5149 -0.3476
vn 0.3290 0.5775 -0.7472
vn 0.4606 0.4120 -0.7862
vn 0.5112 0.4181 -0.7509
vn 0.5053 0.5645 -0.6527
vn 0.5752 0.4203 -0.7018
vn 0.6931 -0.1982 -0.6931
vn 0.6797 -0.5068 -0.5303
vn 0.6087 -0.5088 -0.6088
vn 0.7744 -0.1993 -0.6005
vn 0.7351 -0.5142 -0.4419
vn 0.8415 -0.2039 -0.5003
vn 0.8480 -0.4959 -0.1867
vn 0.1883 -0.5001 -0.8452
vn 0.5030 -0.2068 -0.8392
vn 0.4392 -0.5178 -0.7341
vn 0.6009 -0.1991 -0.7742
vn 0.5292 -0.5077 -0.6799
vn 0.6516 0.3893 -0.6511
vn 0.6609 0.5530 -0.5074
vn 0.7315 0.3899 -0.5593
vn 0.7219 0.5524 -0.4168
vn 0.8008 0.3870 -0.4571
vn 0.8539 0.3819 -0.3535
vn 0.7698 0.5530 -0.3186
vn 0.4166 0.5524 -0.7220
vn 0.4568 0.3870 -0.8010
vn 0.5583 0.3904 -0.7321
vn 0.5071 0.5535 -0.6607
vn 0.5891 0.5535 -0.5888
vn 0.8518 -0.4587 -0.2531
vn 0.9269 -0.2599 0.2706
vn 0.9229 -0.3477 -0.1652
vn 0.8560 -0.1318 -0.4999
vn 0.9719 -0.0126 -0.2351
vn 0.8540 0.1063 -0.5093
vn 0.7863 -0.1298 -0.6040
vn 0.7851 0.1094 -0.6097
vn 0.7013 -0.1276 -0.7013
vn 0.7027 0.1119 -0.7027
vn 0.6106 0.1080 -0.7845
vn 0.5084 0.1041 -0.8548
vn 0.6039 -0.1288 -0.7866
vn 0.2331 -0.0175 -0.9723
vn 0.4968 -0.1319 -0.8578
vn 0.2325 -0.4486 -0.8630
vn -0.2925 -0.2717 -0.9169
vn -0.3628 -0.3687 -0.8559
vn 0.6957 0.1805 -0.6953
vn 0.6971 0.4673 -0.5437
vn 0.6235 0.4718 -0.6235
vn 0.5452 0.4662 -0.6968
vn 0.4623 0.4570 -0.7599
vn 0.5988 0.1778 -0.7809
vn 0.2209 0.2896 -0.9313
vn 0.4907 0.1659 -0.8554
vn -0.2769 -0.3914 -0.8776
vn 0.1385 -0.2556 -0.9568
vn -0.2782 -0.1661 -0.9461
vn 0.3799 -0.6460 -0.6621
vn 0.0415 -0.7400 -0.6713
vn 0.2608 -0.8565 -0.4454
vn 0.4621 -0.6510 -0.6022
vn 0.3154 -0.8597 -0.4018
vn 0.5362 -0.6518 -0.5363
vn 0.3599 -0.8608 -0.3599
vn 0.4020 -0.8591 -0.3167
vn 0.4468 -0.8560 -0.2600
vn 0.6012 -0.6520 -0.4620
vn 0.6706 -0.7405 -0.0450
vn 0.6592 -0.6470 -0.3832
vn 0.9650 -0.2439 -0.0969
vn 0.8775 -0.4007 0.2636
vn 0.9502 -0.1606 0.2670
vn 0.8516 0.1644 -0.4978
vn 0.9290 0.2957 -0.2227
vn 0.7587 0.4606 -0.4607
vn 0.7818 0.1776 -0.5978
vn 0.5175 -0.7540 -0.4045
vn 0.6195 -0.4818 -0.6198
vn 0.4623 -0.7567 -0.4623
vn 0.5708 -0.7487 -0.3372
vn 0.6957 -0.4818 -0.5328
vn 0.7917 -0.6033 -0.0959
vn 0.7586 -0.4797 -0.4410
vn 0.9876 -0.0620 -0.1445
vn 0.9397 -0.2124 0.2681
vn 0.9527 0.0320 0.3022
vn 0.8103 0.3506 -0.4695
vn 0.8498 0.5098 -0.1344
vn 0.6311 0.6771 -0.3785
vn 0.7410 0.3586 -0.5677
vn 0.5752 0.6839 -0.4488
vn 0.6595 0.3609 -0.6594
vn 0.5140 0.6867 -0.5140
vn 0.4497 0.6832 -0.5754
vn 0.3788 0.6755 -0.6326
vn 0.5673 0.3602 -0.7406
vn 0.1356 0.5083 -0.8505
vn 0.4655 0.3516 -0.8122
vn -0.2803 -0.2048 -0.9378
vn 0.1451 -0.0632 -0.9874
vn -0.3104 0.0257 -0.9503
vn 0.4345 -0.4782 -0.7632
vn 0.0926 -0.6040 -0.7916
vn 0.3372 -0.7497 -0.5694
vn 0.5328 -0.4806 -0.6965
vn 0.4035 -0.7547 -0.5173
vn 0.5270 -0.7435 -0.4116
vn 0.6387 -0.4293 -0.6386
vn 0.4705 -0.7466 -0.4705
vn 0.5810 -0.7373 -0.3448
vn 0.7175 -0.4275 -0.5499
vn 0.8117 -0.5754 -0.1003
vn 0.7846 -0.4223 -0.4539
vn 0.9841 0.1022 -0.1449
vn 0.9463 -0.1204 0.3000
vn 0.9444 0.1219 0.3054
vn 0.7694 0.4672 -0.4356
vn 0.8102 0.5783 -0.0958
vn 0.5800 0.7373 -0.3463
vn 0.6998 0.4724 -0.5358
vn 0.5286 0.7422 -0.4120
vn 0.6228 0.4732 -0.6230
vn 0.4723 0.7445 -0.4719
vn 0.4131 0.7416 -0.5286
vn 0.3484 0.7351 -0.5816
vn 0.5355 0.4731 -0.6996
vn 0.0987 0.5739 -0.8130
vn 0.4428 0.4695 -0.7638
vn -0.3015 -0.1215 -0.9457
vn 0.1446 0.0885 -0.9855
vn -0.3052 0.1192 -0.9448
vn 0.4501 -0.4215 -0.7872
vn 0.0973 -0.5759 -0.8117
vn 0.3449 -0.7384 -0.5795
vn 0.5497 -0.4264 -0.7184
vn 0.4107 -0.7440 -0.5271
vn 0.7050 -0.4476 -0.5502
vn 0.6968 -0.1698 -0.6968
vn 0.6307 -0.4523 -0.6307
vn 0.7991 -0.4351 -0.4150
vn 0.7827 -0.1668 -0.5996
vn 0.9976 -0.0599 0.0347
vn 0.8616 -0.1463 -0.4861
vn 0.5933 0.7940 0.1325
vn 0.7282 0.6113 -0.3097
vn 0.8106 0.4463 0.3791
vn 0.7113 0.3502 -0.6095
vn 0.8644 0.3663 -0.3443
vn 0.7966 0.6027 0.0472
vn 0.6101 0.3500 -0.7108
vn 0.3569 0.3643 -0.8601
vn 0.4897 -0.1569 -0.8577
vn -0.1022 -0.0364 -0.9941
vn 0.4278 -0.4268 -0.7967
vn 0.5997 -0.1658 -0.7828
vn 0.5491 -0.4483 -0.7053
vn 0.3854 0.8384 -0.3854
vn 0.4653 0.8093 -0.3585
vn 0.4153 0.8094 -0.4153
vn 0.4318 0.8393 -0.3303
vn 0.5624 0.8038 -0.1939
vn 0.5325 0.8163 -0.2238
vn 0.6511 0.7563 -0.0637
vn 0.2102 0.8244 -0.5255
vn 0.0497 0.7625 -0.6451
vn 0.1319 0.8395 -0.5271
vn 0.1973 0.8033 -0.5619
vn 0.3312 0.8386 -0.4325
vn 0.3587 0.8084 -0.4668
vn 0.8947 -0.4322 0.1131
vn 0.7072 -0.7070 0.0000
vn 0.9021 -0.4316 -0.0000
vn 0.8685 -0.4366 0.2346
vn 0.7019 -0.7066 0.0896
vn 0.7400 -0.4337 0.5141
vn 0.6938 -0.7044 0.1498
vn 0.7816 -0.4032 -0.4759
vn 0.7009 -0.7009 -0.1322
vn 0.6972 -0.6885 -0.2000
vn 0.8678 -0.4382 -0.2345
vn 0.7024 -0.7061 -0.0894
vn 0.8948 -0.4319 -0.1130
vn 0.9921 -0.0058 0.1256
vn 0.9555 -0.2949 -0.0000
vn 1.0000 -0.0033 -0.0000
vn 0.9691 -0.0019 0.2467
vn 0.9479 -0.2942 0.1220
vn 0.8667 -0.0044 0.4987
vn 0.9250 -0.2956 0.2385
vn 0.9247 -0.2976 -0.2373
vn 0.8644 -0.0110 -0.5027
vn 0.9700 -0.0060 -0.2431
vn 0.9484 -0.2938 -0.1193
vn 0.9921 -0.0063 -0.1254
vn 0.9820 0.1422 0.1245
vn 0.9895 -0.1445 0.0000
vn 0.9895 0.1448 0.0001
vn 0.9582 -0.1440 0.2472
vn 0.9583 0.1480 0.2444
vn 0.8543 -0.1371 0.5014
vn 0.8545 0.1432 0.4994
vn 0.9585 -0.1474 -0.2438
vn 0.8525 0.1373 -0.5043
vn 0.9598 0.1437 -0.2412
vn 0.9820 0.1415 -0.1251
vn 0.8723 0.4763 0.1105
vn 0.9912 0.1322 0.0000
vn 0.8788 0.4771 0.0000
vn 0.9300 0.1212 0.3471
vn 0.9831 0.1335 0.1252
vn 0.7517 0.4278 0.5019
vn 0.8109 0.4876 0.3237
vn 0.7527 0.4165 -0.5099
vn 0.9342 0.1342 -0.3307
vn 0.8400 0.2779 -0.4661
vn 0.8719 0.4767 -0.1115
vn 0.8178 0.4737 -0.3268
vn 0.9831 0.1335 -0.1252
vn 0.9019 0.4231 0.0873
vn 0.8253 0.5647 -0.0001
vn 0.9063 0.4226 0.0015
vn 0.8912 0.4213 0.1685
vn 0.8208 0.5608 0.1083
vn 0.8818 0.4120 0.2296
vn 0.8000 0.5149 0.3080
vn 0.7609 0.5774 -0.2961
vn 0.8817 0.4120 -0.2298
vn 0.8925 0.4180 -0.1693
vn 0.8187 0.5647 -0.1042
vn 0.9030 0.4202 -0.0894
vn 0.9802 -0.1979 -0.0006
vn 0.8557 -0.5067 0.1055
vn 0.8606 -0.5092 0.0000
vn 0.9722 -0.1992 0.1230
vn 0.8322 -0.5143 0.2074
vn 0.9487 -0.2039 0.2415
vn 0.7319 -0.4960 0.4673
vn 0.7309 -0.5002 -0.4642
vn 0.9490 -0.2068 -0.2379
vn 0.8298 -0.5178 -0.2082
vn 0.9723 -0.1992 -0.1225
vn 0.8550 -0.5076 -0.1065
vn 0.9211 0.3893 0.0004
vn 0.8260 0.5530 0.1090
vn 0.9128 0.3899 0.1217
vn 0.8051 0.5527 0.2154
vn 0.8895 0.3870 0.2429
vn 0.8538 0.3819 0.3539
vn 0.7700 0.5525 0.3192
vn 0.8052 0.5524 -0.2158
vn 0.8894 0.3869 -0.2434
vn 0.9124 0.3904 -0.1227
vn 0.8258 0.5534 -0.1087
vn 0.8330 0.5532 0.0002
vn 0.7760 -0.4594 0.4322
vn 0.4523 -0.2650 0.8516
vn 0.7668 -0.3497 0.5383
vn 0.9589 -0.1316 0.2515
vn 0.8515 -0.0143 0.5242
vn 0.9639 0.1063 0.2441
vn 0.9831 -0.1301 0.1290
vn 0.9862 0.1094 0.1241
vn 0.9918 -0.1279 0.0000
vn 0.9937 0.1119 0.0000
vn 0.9865 0.1082 -0.1230
vn 0.9639 0.1042 -0.2449
vn 0.9832 -0.1287 -0.1291
vn 0.8533 -0.0172 -0.5212
vn 0.9579 -0.1315 -0.2552
vn 0.7597 -0.4169 -0.4990
vn 0.4513 -0.2681 -0.8512
vn 0.7760 -0.4595 -0.4321
vn 0.9837 0.1798 0.0000
vn 0.8775 0.4671 0.1084
vn 0.8818 0.4716 0.0000
vn 0.8782 0.4662 -0.1073
vn 0.8642 0.4570 -0.2104
vn 0.9756 0.1778 -0.1287
vn 0.8149 0.2898 -0.5020
vn 0.9519 0.1656 -0.2577
vn 0.4248 -0.3912 -0.8164
vn 0.7746 -0.2556 -0.5784
vn 0.4724 -0.1659 -0.8656
vn 0.7368 -0.6459 -0.1996
vn 0.5042 -0.7398 -0.4455
vn 0.4994 -0.8565 -0.1304
vn 0.7525 -0.6512 -0.0990
vn 0.5072 -0.8597 -0.0612
vn 0.7582 -0.6520 0.0003
vn 0.5090 -0.8607 -0.0000
vn 0.5082 -0.8591 0.0604
vn 0.4998 -0.8560 0.1320
vn 0.7516 -0.6523 0.0985
vn 0.5060 -0.7406 0.4421
vn 0.7373 -0.6468 0.1950
vn 0.7507 -0.2439 0.6139
vn 0.4340 -0.4007 0.8069
vn 0.4831 -0.1608 0.8607
vn 0.9543 0.1640 0.2498
vn 0.8143 0.2955 0.4996
vn 0.8623 0.4606 0.2106
vn 0.9754 0.1777 0.1301
vn 0.6520 -0.7540 0.0799
vn 0.8761 -0.4821 -0.0001
vn 0.6538 -0.7567 0.0000
vn 0.6421 -0.7487 0.1650
vn 0.8689 -0.4813 0.1155
vn 0.6277 -0.6033 0.4920
vn 0.8482 -0.4798 0.2242
vn 0.8008 -0.0631 0.5956
vn 0.4750 -0.2123 0.8540
vn 0.4602 0.0327 0.8872
vn 0.9051 0.3500 0.2415
vn 0.6958 0.5104 0.5053
vn 0.7139 0.6771 0.1788
vn 0.9255 0.3585 0.1224
vn 0.7241 0.6838 0.0897
vn 0.9323 0.3617 0.0000
vn 0.7269 0.6868 -0.0000
vn 0.7249 0.6831 -0.0888
vn 0.7151 0.6756 -0.1796
vn 0.9251 0.3595 -0.1226
vn 0.6972 0.5084 -0.5054
vn 0.9042 0.3505 -0.2441
vn 0.4650 -0.2048 -0.8613
vn 0.8012 -0.0639 -0.5950
vn 0.4525 0.0259 -0.8914
vn 0.8467 -0.4786 -0.2325
vn 0.6252 -0.6040 -0.4943
vn 0.6411 -0.7497 -0.1640
vn 0.8693 -0.4806 -0.1157
vn 0.6513 -0.7545 -0.0809
vn 0.6637 -0.7436 0.0816
vn 0.9035 -0.4286 0.0000
vn 0.6653 -0.7466 0.0000
vn 0.6546 -0.7373 0.1671
vn 0.8962 -0.4275 0.1188
vn 0.6448 -0.5753 0.5032
vn 0.8754 -0.4228 0.2343
vn 0.7985 0.1022 0.5933
vn 0.4570 -0.1204 0.8813
vn 0.4518 0.1219 0.8838
vn 0.8523 0.4664 0.2367
vn 0.6406 0.5782 0.5052
vn 0.6550 0.7373 0.1652
vn 0.8738 0.4721 0.1163
vn 0.6649 0.7424 0.0822
vn 0.8806 0.4739 0.0000
vn 0.6677 0.7444 0.0002
vn 0.6658 0.7416 -0.0817
vn 0.6575 0.7352 -0.1649
vn 0.8736 0.4727 -0.1158
vn 0.6446 0.5740 -0.5050
vn 0.8536 0.4691 -0.2266
vn 0.4555 -0.1216 -0.8819
vn 0.7994 0.0881 -0.5943
vn 0.4524 0.1194 -0.8838
vn 0.8748 -0.4225 -0.2371
vn 0.6427 -0.5759 -0.5051
vn 0.6536 -0.7384 -0.1660
vn 0.8966 -0.4267 -0.1188
vn 0.6629 -0.7442 -0.0820
vn 0.8875 -0.4476 0.1095
vn 0.9855 -0.1694 0.0000
vn 0.8918 -0.4524 -0.0000
vn 0.8585 -0.4351 0.2715
vn 0.9774 -0.1672 0.1295
vn 0.6806 -0.0595 0.7302
vn 0.9527 -0.1473 0.2660
vn 0.3257 0.7994 0.5048
vn 0.7374 0.6067 0.2970
vn 0.3055 0.4395 0.8447
vn 0.9339 0.3502 0.0722
vn 0.8553 0.3649 0.3678
vn 0.5298 0.6036 0.5958
vn 0.9339 0.3501 -0.0719
vn 0.8604 0.3643 -0.3563
vn 0.9527 -0.1574 -0.2599
vn 0.6308 -0.0364 -0.7751
vn 0.8659 -0.4268 -0.2608
vn 0.9776 -0.1661 -0.1292
vn 0.8870 -0.4483 -0.1105
vn 0.5451 0.8383 0.0000
vn 0.5825 0.8094 0.0751
vn 0.5873 0.8093 -0.0000
vn 0.5389 0.8393 0.0718
vn 0.5352 0.8039 0.2596
vn 0.5348 0.8164 0.2178
vn 0.5066 0.7566 0.4133
vn 0.5204 0.8242 -0.2233
vn 0.4906 0.7620 -0.4227
vn 0.4662 0.8391 -0.2801
vn 0.5366 0.8031 -0.2589
vn 0.5399 0.8387 -0.0716
vn 0.5835 0.8085 -0.0763
vn 0.5516 -0.4370 0.7104
vn 0.5053 -0.7010 0.5033
vn 0.6360 -0.4367 0.6362
vn 0.4493 -0.4423 0.7762
vn 0.4378 -0.6984 0.5662
vn 0.1692 -0.4456 0.8791
vn 0.3801 -0.6956 0.6096
vn 0.8878 -0.4032 0.2218
vn 0.5887 -0.7021 0.4005
vn 0.6343 -0.6880 0.3525
vn 0.7790 -0.4400 0.4467
vn 0.5634 -0.7022 0.4354
vn 0.7117 -0.4349 0.5517
vn 0.6047 0.0218 0.7962
vn 0.6739 -0.3192 0.6663
vn 0.7221 0.0231 0.6914
vn 0.4888 0.0012 0.8724
vn 0.5755 -0.3169 0.7539
vn 0.2457 -0.0054 0.9693
vn 0.4649 -0.3083 0.8299
vn 0.8247 -0.2931 0.4837
vn 0.9667 -0.0111 0.2557
vn 0.8563 -0.0070 0.5164
vn 0.7993 -0.0073 0.6009
vn 0.6067 0.1432 0.7819
vn 0.7060 -0.1400 0.6942
vn 0.6984 0.1439 0.7010
vn 0.4964 -0.1430 0.8562
vn 0.5054 0.1482 0.8501
vn 0.2496 -0.1369 0.9586
vn 0.2511 0.1432 0.9573
vn 0.8503 -0.1477 0.5052
vn 0.9595 0.1373 0.2461
vn 0.8493 0.1438 0.5079
vn 0.7828 0.1414 0.6060
vn 0.5387 0.4763 0.6950
vn 0.7009 0.1319 0.7009
vn 0.6214 0.4773 0.6214
vn 0.4123 0.1214 0.9030
vn 0.6065 0.1340 0.7837
vn 0.1762 0.4272 0.8868
vn 0.3447 0.4878 0.8020
vn 0.8933 0.4156 0.1711
vn 0.8943 0.1344 0.4267
vn 0.9234 0.2779 0.2646
vn 0.6957 0.4768 0.5374
vn 0.8094 0.4735 0.3473
vn 0.7837 0.1337 0.6065
vn 0.5754 0.4231 0.6999
vn 0.5836 0.5647 0.5835
vn 0.6398 0.4225 0.6420
vn 0.5104 0.4213 0.7496
vn 0.5037 0.5597 0.6581
vn 0.4611 0.4122 0.7858
vn 0.3220 0.5394 0.7781
vn 0.7472 0.5776 0.3288
vn 0.7861 0.4120 0.4607
vn 0.7509 0.4180 0.5113
vn 0.6527 0.5645 0.5053
vn 0.7018 0.4202 0.5753
vn 0.6931 -0.1982 0.6930
vn 0.5303 -0.5068 0.6797
vn 0.6088 -0.5087 0.6088
vn 0.6007 -0.1992 0.7743
vn 0.4418 -0.5142 0.7351
vn 0.5003 -0.2039 0.8415
vn 0.1867 -0.4959 0.8480
vn 0.8452 -0.5002 0.1884
vn 0.8393 -0.2067 0.5029
vn 0.7340 -0.5176 0.4397
vn 0.7740 -0.1996 0.6009
vn 0.6798 -0.5079 0.5290
vn 0.6511 0.3893 0.6516
vn 0.5071 0.5532 0.6609
vn 0.5593 0.3899 0.7315
vn 0.4171 0.5523 0.7218
vn 0.4571 0.3871 0.8008
vn 0.3190 0.5532 0.7695
vn 0.7217 0.5528 0.4165
vn 0.8010 0.3870 0.4568
vn 0.7323 0.3902 0.5581
vn 0.6606 0.5534 0.5073
vn 0.5888 0.5532 0.5893
vn -0.3637 -0.3682 0.8557
vn -0.2926 -0.2693 0.9175
vn 0.2335 -0.4456 0.8643
vn 0.5000 -0.1314 0.8560
vn 0.2297 -0.0151 0.9731
vn 0.5091 0.1062 0.8541
vn 0.6041 -0.1300 0.7863
vn 0.6094 0.1093 0.7853
vn 0.7016 -0.1274 0.7011
vn 0.7025 0.1114 0.7029
vn 0.7845 0.1082 0.6106
vn 0.8545 0.1041 0.5089
vn 0.7868 -0.1292 0.6035
vn 0.9709 -0.0153 0.2388
vn 0.8576 -0.1319 0.4971
vn 0.8856 -0.4236 0.1904
vn 0.9261 -0.2628 -0.2707
vn 0.8519 -0.4586 0.2530
vn 0.6953 0.1806 0.6957
vn 0.5437 0.4674 0.6971
vn 0.6236 0.4716 0.6235
vn 0.6968 0.4663 0.5450
vn 0.7600 0.4570 0.4621
vn 0.7809 0.1772 0.5990
vn 0.9312 0.2898 0.2212
vn 0.8553 0.1663 0.4906
vn 0.8777 -0.3912 -0.2769
vn 0.9568 -0.2557 0.1383
vn 0.9461 -0.1659 -0.2781
vn 0.6619 -0.6461 0.3800
vn 0.6716 -0.7397 0.0414
vn 0.4454 -0.8565 0.2609
vn 0.6020 -0.6512 0.4620
vn 0.4017 -0.8597 0.3154
vn 0.5364 -0.6515 0.5365
vn 0.3599 -0.8608 0.3598
vn 0.3166 -0.8592 0.4020
vn 0.2600 -0.8561 0.4467
vn 0.4621 -0.6521 0.6010
vn 0.0450 -0.7406 0.6704
vn 0.3834 -0.6469 0.6592
vn 0.1135 -0.3074 0.9448
vn -0.2636 -0.4009 0.8774
vn -0.2669 -0.1606 0.9502
vn 0.4977 0.1644 0.8516
vn 0.2227 0.2957 0.9290
vn 0.4607 0.4606 0.7587
vn 0.5980 0.1773 0.7817
vn 0.3824 -0.7742 0.5043
vn 0.6146 -0.4946 0.6146
vn 0.4544 -0.7741 0.4407
vn 0.3113 -0.7625 0.5672
vn 0.5271 -0.4939 0.6916
vn 0.0766 -0.6067 0.7912
vn 0.4381 -0.4840 0.7575
vn 0.1761 -0.0954 0.9797
vn -0.2807 -0.2087 0.9368
vn -0.2992 0.0335 0.9536
vn 0.4632 0.3571 0.8111
vn 0.1132 0.4963 0.8607
vn 0.3497 0.6806 0.6439
vn 0.5608 0.3762 0.7376
vn 0.4296 0.7077 0.5609
vn 0.6603 0.3704 0.6533
vn 0.5157 0.7101 0.4793
vn 0.5770 0.6883 0.4397
vn 0.6326 0.6755 0.3788
vn 0.7435 0.3557 0.5663
vn 0.8506 0.5080 0.1354
vn 0.8121 0.3517 0.4657
vn 0.9378 -0.2049 -0.2803
vn 0.9874 -0.0631 0.1453
vn 0.9502 0.0254 -0.3105
vn 0.7634 -0.4782 0.4342
vn 0.7916 -0.6040 0.0925
vn 0.5768 -0.7487 0.3268
vn 0.6939 -0.4901 0.5275
vn 0.5201 -0.7643 0.3813
vn 0.4010 -0.7522 0.5229
vn 0.6398 -0.4306 0.6366
vn 0.4809 -0.7443 0.4634
vn 0.3378 -0.7400 0.5816
vn 0.5468 -0.4343 0.7158
vn 0.0994 -0.5753 0.8119
vn 0.4527 -0.4211 0.7859
vn 0.1675 0.0829 0.9824
vn -0.3000 -0.1204 0.9463
vn -0.3054 0.1219 0.9444
vn 0.4353 0.4662 0.7702
vn 0.0959 0.5783 0.8102
vn 0.3463 0.7373 0.5800
vn 0.5357 0.4724 0.6999
vn 0.4120 0.7425 0.5282
vn 0.6230 0.4733 0.6228
vn 0.4720 0.7447 0.4720
vn 0.5286 0.7417 0.4130
vn 0.5816 0.7351 0.3483
vn 0.6996 0.4731 0.5355
vn 0.8128 0.5741 0.0988
vn 0.7638 0.4694 0.4429
vn 0.9457 -0.1218 -0.3014
vn 0.9855 0.0881 0.1448
vn 0.9448 0.1194 -0.3051
vn 0.7872 -0.4214 0.4503
vn 0.8116 -0.5761 0.0974
vn 0.5795 -0.7384 0.3449
vn 0.7181 -0.4269 0.5496
vn 0.5271 -0.7441 0.4106
vn 0.5502 -0.4476 0.7050
vn 0.6968 -0.1698 0.6968
vn 0.6307 -0.4523 0.6307
vn 0.4150 -0.4351 0.7991
vn 0.5996 -0.1668 0.7827
vn -0.0346 -0.0599 0.9976
vn 0.4854 -0.1473 0.8618
vn 0.3393 0.4470 0.8277
vn 0.2190 0.6215 0.7522
vn -0.3658 0.4079 0.8366
vn 0.6115 0.3499 0.7097
vn -0.1114 0.5308 0.8401
vn 0.7108 0.3500 0.6102
vn 0.8601 0.3643 0.3569
vn 0.8577 -0.1568 0.4896
vn 0.9941 -0.0364 -0.1022
vn 0.7968 -0.4268 0.4278
vn 0.7829 -0.1658 0.5997
vn 0.7054 -0.4483 0.5490
vn 0.3854 0.8384 0.3854
vn 0.3585 0.8093 0.4653
vn 0.4153 0.8094 0.4152
vn 0.3273 0.8408 0.4312
vn 0.1962 0.8059 0.5586
vn 0.2158 0.8139 0.5394
vn 0.0692 0.7613 0.6447
vn 0.5253 0.8245 0.2104
vn 0.6450 0.7625 0.0496
vn 0.5265 0.8397 0.1327
vn 0.5621 0.8032 0.1971
vn 0.4325 0.8386 0.3312
vn 0.4667 0.8084 0.3586
vn 0.4553 0.5540 0.6970
vn 0.4872 0.8173 0.3077
vn 0.8008 0.4846 0.3520
vn 0.4793 0.5684 -0.6687
vn 0.8119 0.5682 -0.1342
vn 0.1709 0.5537 -0.8150
vn -0.1443 0.8054 -0.5749
vn -0.3215 0.4902 -0.8101
vn 0.6687 0.5686 0.4791
vn 0.6970 0.5534 -0.4560
vn 0.3046 0.7995 -0.5177
vn 0.3418 0.4945 -0.7991
vn -0.0103 0.8548 0.5189
vn 0.8150 0.5537 0.1709
vn 0.5759 0.8047 -0.1445
vn 0.8099 0.4904 -0.3218
vn 0.8270 0.5504 -0.1144
vn 0.6858 0.6863 0.2420
vn 0.7431 0.5985 0.2993
vn 0.3788 0.2645 0.8869
vn 0.3513 0.2711 0.8961
vn 0.8965 0.2505 -0.3654
vn 0.9323 0.1613 0.3238
vn 0.5039 0.5489 -0.6669
vn 0.6574 0.6851 -0.3138
vn 0.7478 0.5834 -0.3169
vn 0.8950 0.2642 0.3593
vn 0.8826 0.2743 0.3819
vn 0.3754 0.2503 -0.8924
vn 0.8884 0.1608 -0.4300
vn -0.1151 0.5494 -0.8276
vn 0.2418 0.6868 -0.6854
vn 0.3004 0.5950 -0.7455
vn 0.8869 0.2643 -0.3789
vn 0.8956 0.2719 -0.3522
vn -0.3654 0.2504 -0.8965
vn 0.3241 0.1612 -0.9322
vn 0.6634 0.5528 0.5043
vn 0.3119 0.6097 0.7287
vn -0.3589 0.2645 0.8951
vn -0.3879 0.2683 0.8818
vn 0.8922 0.2506 0.3758
vn 0.3895 0.0488 0.9197
vn 0.0009 -1.0000 -0.0070
vn 0.0029 -1.0000 -0.0063
vn 0.0009 -1.0000 0.0070
vn 0.0038 -1.0000 -0.0052
vn 0.0047 -1.0000 -0.0038
vn 0.0043 -1.0000 -0.0045
vn 0.0053 -1.0000 -0.0023
vn 0.0055 -1.0000 -0.0008
vn 0.0054 -1.0000 -0.0015
vn 0.0055 -1.0000 0.0008
vn 0.0053 -1.0000 0.0023
vn 0.0054 -1.0000 0.0015
vn 0.0050 -1.0000 0.0030
vn 0.0038 -1.0000 0.0052
vn 0.0047 -1.0000 0.0038
vn 0.0043 -1.0000 0.0045
vn 0.0035 -1.0000 0.0059
vn 0.0025 -1.0000 0.0064
vn 0.0017 -1.0000 0.0068
vn -0.3185 -0.7363 0.5970
vn -0.1812 -0.8574 0.4818
vn -0.1339 -0.8450 0.5178
vn -0.2231 -0.6833 0.6953
vn -0.2540 -0.8555 0.4511
vn -0.3088 -0.8551 0.4166
vn -0.3562 -0.8587 0.3686
vn -0.3988 -0.8616 0.3140
vn -0.4303 -0.8656 0.2561
vn -0.5907 -0.7828 0.1957
vn -0.4320 -0.8793 0.2008
vn -0.6834 -0.6956 0.2215
vn -0.4665 -0.8753 0.1270
vn -0.4866 -0.8711 0.0658
vn -0.4909 -0.8712 0.0000
vn -0.4855 -0.8717 -0.0662
vn -0.5664 -0.7800 -0.2659
vn -0.4442 -0.8778 -0.1794
vn -0.4747 -0.8702 -0.1316
vn -0.6308 -0.6966 -0.3418
vn -0.4341 -0.8638 -0.2556
vn -0.3975 -0.8623 -0.3138
vn -0.3556 -0.8591 -0.3681
vn -0.3079 -0.8557 -0.4158
vn -0.2429 -0.7833 -0.5722
vn -0.1995 -0.8579 -0.4735
vn -0.2561 -0.8504 -0.4595
vn -0.1366 -0.8435 -0.5194
vn -0.0687 -0.8425 -0.5342
vn 0.0689 -0.8425 -0.5342
vn -0.0005 -0.8417 -0.5399
vn 0.1341 -0.8449 -0.5178
vn 0.2856 -0.7699 -0.5707
vn 0.1811 -0.8574 -0.4818
vn 0.2540 -0.8556 -0.4511
vn 0.3089 -0.8550 -0.4166
vn 0.3562 -0.8587 -0.3686
vn 0.3983 -0.8619 -0.3139
vn 0.4302 -0.8656 -0.2561
vn 0.5907 -0.7828 -0.1957
vn 0.4320 -0.8792 -0.2008
vn 0.4665 -0.8753 -0.1270
vn 0.4868 -0.8710 -0.0655
vn 0.4909 -0.8712 0.0000
vn 0.4854 -0.8718 0.0662
vn 0.5664 -0.7800 0.2659
vn 0.4443 -0.8777 0.1793
vn 0.4747 -0.8702 0.1316
vn 0.4335 -0.8641 0.2557
vn 0.3973 -0.8623 0.3141
vn 0.3556 -0.8591 0.3682
vn 0.3077 -0.8558 0.4158
vn 0.2430 -0.7832 0.5724
vn 0.1995 -0.8579 0.4735
vn 0.2561 -0.8505 0.4595
vn 0.2020 -0.6984 0.6866
vn 0.1365 -0.8435 0.5195
vn 0.0683 -0.8424 0.5345
vn -0.0689 -0.8426 0.5341
vn 0.0006 -0.8417 0.5400
vn -0.0087 1.0000 -0.0011
vn -0.0087 1.0000 0.0011
vn -0.0078 1.0000 -0.0032
vn -0.0081 1.0000 0.0033
vn -0.0067 1.0000 0.0052
vn -0.0073 1.0000 0.0043
vn -0.0060 1.0000 0.0059
vn -0.0032 1.0000 0.0078
vn -0.0052 1.0000 0.0067
vn -0.0042 1.0000 0.0074
vn -0.0022 1.0000 0.0082
vn 0.0011 1.0000 0.0084
vn -0.0011 1.0000 0.0087
vn -0.0000 1.0000 0.0085
vn 0.0033 1.0000 0.0080
vn 0.0052 1.0000 0.0068
vn 0.0042 1.0000 0.0075
vn 0.0063 1.0000 0.0059
vn 0.0079 1.0000 0.0033
vn 0.0068 1.0000 0.0051
vn 0.0075 1.0000 0.0044
vn 0.0067 1.0000 -0.0052
vn 0.0085 1.0000 0.0022
vn 0.0087 1.0000 -0.0011
vn 0.0087 1.0000 0.0011
vn 0.0085 1.0000 -0.0000
vn 0.0081 1.0000 -0.0033
vn 0.0073 1.0000 -0.0043
vn 0.0060 1.0000 -0.0059
vn 0.0032 1.0000 -0.0078
vn 0.0052 1.0000 -0.0067
vn 0.0042 1.0000 -0.0074
vn 0.0022 1.0000 -0.0085
vn -0.0011 1.0000 -0.0084
vn 0.0011 1.0000 -0.0087
vn 0.0000 1.0000 -0.0085
vn -0.0023 1.0000 -0.0085
vn -0.0052 1.0000 -0.0067
vn -0.0032 1.0000 -0.0078
vn -0.0042 1.0000 -0.0074
vn -0.0060 1.0000 -0.0060
vn -0.0067 1.0000 -0.0051
vn -0.0073 1.0000 -0.0043
vn -0.0085 1.0000 -0.0022
vn -0.0510 -0.9780 0.2021
vn -0.0743 -0.9787 0.1911
vn -0.0969 -0.9794 0.1774
vn -0.1163 -0.9803 0.1599
vn -0.0043 -1.0000 0.0045
vn -0.1330 -0.9811 0.1402
vn -0.1475 -0.9819 0.1189
vn -0.1598 -0.9824 0.0968
vn -0.1681 -0.9831 0.0729
vn -0.0054 -1.0000 0.0015
vn -0.1750 -0.9834 0.0490
vn -0.1775 -0.9838 0.0246
vn -0.1788 -0.9839 -0.0000
vn -0.1775 -0.9838 -0.0246
vn -0.1747 -0.9834 -0.0487
vn -0.1681 -0.9831 -0.0730
vn -0.1599 -0.9824 -0.0964
vn -0.1475 -0.9819 -0.1189
vn -0.1329 -0.9811 -0.1403
vn -0.1164 -0.9803 -0.1597
vn -0.0968 -0.9794 -0.1774
vn -0.0741 -0.9788 -0.1909
vn -0.0513 -0.9781 -0.2018
vn -0.0256 -0.9779 -0.2074
vn -0.0017 -1.0000 -0.0068
vn 0.0000 -0.9777 -0.2098
vn 0.0255 -0.9779 -0.2073
vn 0.0017 -1.0000 -0.0068
vn 0.0510 -0.9780 -0.2022
vn 0.0743 -0.9787 -0.1911
vn 0.0032 -1.0000 -0.0059
vn 0.0969 -0.9793 -0.1779
vn 0.1164 -0.9803 -0.1597
vn 0.1330 -0.9811 -0.1402
vn 0.1481 -0.9818 -0.1191
vn 0.0050 -1.0000 -0.0030
vn 0.1598 -0.9824 -0.0968
vn 0.1681 -0.9831 -0.0728
vn 0.1750 -0.9834 -0.0490
vn 0.1775 -0.9838 -0.0246
vn 0.0056 -1.0000 -0.0000
vn 0.1788 -0.9839 0.0000
vn 0.1775 -0.9838 0.0246
vn 0.1747 -0.9834 0.0487
vn 0.1681 -0.9831 0.0729
vn 0.1594 -0.9825 0.0962
vn 0.1475 -0.9819 0.1189
vn 0.1326 -0.9812 0.1399
vn 0.1161 -0.9803 0.1598
vn 0.0969 -0.9794 0.1774
vn 0.0741 -0.9788 0.1909
vn 0.0509 -0.9781 0.2019
vn 0.0257 -0.9779 0.2074
vn -0.0000 -0.9777 0.2101
vn -0.0256 -0.9779 0.2074
vn -0.0017 -1.0000 0.0068
vn -0.0153 0.9999 -0.0063
vn -0.0157 0.9999 -0.0042
vn -0.0161 0.9999 -0.0021
vn -0.0085 1.0000 0.0000
vn -0.0167 0.9999 0.0000
vn -0.0161 0.9999 0.0021
vn -0.0157 0.9999 0.0042
vn -0.0153 0.9999 0.0063
vn -0.0082 1.0000 0.0019
vn -0.0141 0.9999 0.0081
vn -0.0131 0.9999 0.0101
vn -0.0115 0.9999 0.0115
vn -0.0099 0.9999 0.0129
vn -0.0081 0.9999 0.0141
vn -0.0062 0.9999 0.0150
vn -0.0042 0.9999 0.0157
vn -0.0021 0.9999 0.0161
vn -0.0000 0.9999 0.0166
vn 0.0021 0.9999 0.0161
vn 0.0044 0.9999 0.0159
vn 0.0063 0.9999 0.0152
vn 0.0021 1.0000 0.0080
vn 0.0081 0.9999 0.0142
vn 0.0101 0.9999 0.0132
vn 0.0118 0.9999 0.0118
vn 0.0131 0.9999 0.0099
vn 0.0142 0.9999 0.0082
vn 0.0152 0.9999 0.0064
vn 0.0157 0.9999 0.0042
vn 0.0161 0.9999 0.0021
vn 0.0167 0.9999 -0.0000
vn 0.0161 0.9999 -0.0021
vn 0.0157 0.9999 -0.0042
vn 0.0153 0.9999 -0.0063
vn 0.0082 1.0000 -0.0019
vn 0.0141 0.9999 -0.0081
vn 0.0131 0.9999 -0.0101
vn 0.0115 0.9999 -0.0115
vn 0.0101 0.9999 -0.0131
vn 0.0081 0.9999 -0.0141
vn 0.0064 0.9999 -0.0155
vn 0.0042 0.9999 -0.0157
vn 0.0022 0.9999 -0.0164
vn -0.0000 0.9999 -0.0167
vn -0.0022 0.9999 -0.0164
vn -0.0042 0.9999 -0.0157
vn -0.0064 0.9999 -0.0155
vn -0.0081 0.9999 -0.0141
vn -0.0101 0.9999 -0.0131
vn -0.0115 0.9999 -0.0115
vn -0.0131 0.9999 -0.0101
vn -0.0141 0.9999 -0.0081
vn -0.4516 -0.0062 0.8922
vn -0.6545 -0.2134 0.7253
vn -0.6682 -0.4486 0.5935
vn -0.4149 -0.6084 0.6765
vn -0.4475 0.1936 0.8731
vn -0.6809 -0.0087 0.7323
vn -0.6840 -0.2551 0.6834
vn -0.4332 -0.4255 0.7946
vn -0.4957 -0.2780 0.8228
vn -0.4357 0.3125 0.8441
vn -0.6864 0.1282 0.7159
vn -0.6864 -0.1284 0.7158
vn -0.4454 -0.3203 0.8361
vn -0.5028 -0.1328 0.8542
vn -0.4100 -0.6036 -0.6838
vn -0.6684 -0.4489 -0.5931
vn -0.6547 -0.2131 -0.7253
vn -0.4589 0.0002 -0.8885
vn -0.4876 -0.2346 -0.8410
vn -0.4258 -0.4194 -0.8018
vn -0.6838 -0.2556 -0.6834
vn -0.6811 -0.0087 -0.7322
vn -0.4573 0.2019 -0.8661
vn -0.4355 -0.3122 -0.8443
vn -0.6863 -0.1283 -0.7159
vn -0.6863 0.1283 -0.7159
vn -0.4452 0.3199 -0.8363
vn -0.6893 -0.6785 -0.2539
vn -0.7765 -0.5844 -0.2356
vn -0.3261 -0.6662 -0.6706
vn 0.0260 -0.5234 -0.8517
vn -0.9535 -0.0373 -0.2990
vn -0.8509 -0.3034 -0.4289
vn -0.4640 -0.0372 -0.8851
vn -0.2981 -0.3042 -0.9048
vn -0.8374 -0.2313 -0.4952
vn -0.9512 0.1443 -0.2727
vn -0.4655 0.1372 -0.8744
vn -0.2895 -0.2123 -0.9333
vn -0.9401 0.2855 -0.1864
vn -0.4750 0.2778 -0.8350
vn -0.7832 -0.4994 -0.3705
vn -0.9206 -0.2361 -0.3111
vn -0.4069 -0.2805 -0.8693
vn -0.2891 -0.5083 -0.8112
vn -0.9364 -0.3484 0.0425
vn -0.9208 -0.2422 -0.3056
vn -0.3001 -0.2476 -0.9212
vn 0.0417 -0.3601 -0.9320
vn -0.0503 -0.2134 -0.9757
vn -0.3115 -0.0061 -0.9502
vn -0.1852 -0.6083 -0.7718
vn 0.0531 -0.4485 -0.8922
vn -0.8920 -0.4487 0.0538
vn -0.7735 -0.6036 -0.1933
vn -0.9528 0.0004 -0.3035
vn -0.9396 -0.2339 -0.2499
vn -0.9757 -0.2133 -0.0506
vn -0.9668 -0.2554 0.0002
vn -0.8681 -0.4192 -0.2660
vn -0.9358 0.2016 -0.2891
vn -0.9993 -0.0087 -0.0357
vn -0.0362 -0.0087 -0.9993
vn -0.3008 0.1938 -0.9338
vn -0.2554 -0.4256 -0.8681
vn -0.2316 -0.2783 -0.9321
vn 0.0004 -0.2553 -0.9669
vn -0.9915 -0.1283 -0.0209
vn -0.9050 -0.3127 -0.2886
vn -0.9062 0.3201 -0.2764
vn -0.9915 0.1283 -0.0208
vn -0.0209 0.1283 -0.9915
vn -0.2888 0.3124 -0.9050
vn -0.2764 -0.3202 -0.9061
vn -0.2484 -0.1315 -0.9597
vn -0.0209 -0.1283 -0.9915
vn -0.7933 -0.5810 0.1819
vn -0.6724 -0.6701 0.3146
vn -0.8850 -0.0372 0.4641
vn -0.9047 -0.3039 0.2986
vn -0.9422 -0.2309 0.2428
vn -0.8665 0.1430 0.4782
vn -0.7963 0.2859 0.5330
vn -0.8161 -0.4993 0.2909
vn -0.8702 -0.2372 0.4318
vn -0.6253 -0.3497 0.6976
vn -0.8659 -0.2420 0.4379
vn -0.8660 -0.2433 -0.4369
vn -0.6271 -0.3422 -0.6998
vn -0.7253 -0.2134 -0.6545
vn -0.8922 -0.0061 -0.4516
vn -0.6765 -0.6084 -0.4149
vn -0.5935 -0.4486 -0.6682
vn -0.5931 -0.4489 0.6684
vn -0.6838 -0.6035 0.4100
vn -0.8885 0.0001 0.4589
vn -0.8404 -0.2344 0.4886
vn -0.7252 -0.2131 0.6547
vn -0.6833 -0.2556 0.6840
vn -0.8020 -0.4191 0.4256
vn -0.8660 0.2020 0.4574
vn -0.7323 -0.0085 0.6809
vn -0.7319 -0.0087 -0.6814
vn -0.8730 0.1937 -0.4476
vn -0.7946 -0.4255 -0.4332
vn -0.8232 -0.2781 -0.4949
vn -0.6836 -0.2555 -0.6837
vn -0.7161 -0.1281 0.6862
vn -0.8441 -0.3125 0.4357
vn -0.8363 0.3199 0.4451
vn -0.7159 0.1279 0.6864
vn -0.7160 0.1285 -0.6862
vn -0.8441 0.3126 -0.4357
vn -0.8361 -0.3203 -0.4454
vn -0.8541 -0.1326 -0.5028
vn -0.7158 -0.1284 -0.6864
vn -0.4491 -0.3529 0.8208
vn -0.4589 -0.2306 0.8580
vn -0.2845 0.1285 0.9500
vn -0.2759 0.3128 0.9089
vn -0.4974 -0.0056 0.8675
vn -0.3861 -0.5184 0.7630
vn -0.1057 -0.4803 0.8707
vn -0.3112 -0.2467 0.9178
vn 0.0412 -0.3647 0.9302
vn -0.2994 -0.2468 0.9217
vn -0.9204 -0.2431 0.3063
vn -0.9391 -0.3411 -0.0428
vn -0.9756 -0.2135 0.0506
vn -0.9503 -0.0060 0.3114
vn -0.7718 -0.6085 0.1847
vn -0.8922 -0.4484 -0.0534
vn 0.0538 -0.4487 0.8920
vn -0.1933 -0.6036 0.7735
vn -0.3035 0.0004 0.9528
vn -0.2499 -0.2338 0.9396
vn -0.0505 -0.2132 0.9757
vn 0.0000 -0.2555 0.9668
vn -0.2660 -0.4192 0.8680
vn -0.2889 0.2020 0.9358
vn -0.0358 -0.0087 0.9993
vn -0.9993 -0.0087 0.0358
vn -0.9338 0.1937 0.3009
vn -0.8681 -0.4255 0.2556
vn -0.9324 -0.2782 0.2309
vn -0.9669 -0.2552 -0.0004
vn -0.0208 -0.1283 0.9915
vn -0.2888 -0.3124 0.9050
vn -0.2764 0.3201 0.9062
vn -0.0209 0.1283 0.9915
vn -0.9915 0.1283 0.0210
vn -0.9050 0.3123 0.2888
vn -0.9062 -0.3201 0.2764
vn -0.9595 -0.1325 0.2486
vn -0.9915 -0.1284 0.0212
vn 0.3269 -0.6661 0.6704
vn -0.0259 -0.5237 0.8515
vn 0.4256 -0.4191 0.8020
vn 0.6842 -0.2555 0.6830
vn 0.4982 -0.2730 0.8230
vn 0.6809 -0.0087 0.7323
vn 0.4572 0.2016 0.8662
vn 0.4357 -0.3125 0.8441
vn 0.6864 -0.1284 0.7158
vn 0.5051 -0.1266 0.8537
vn 0.6862 0.1285 0.7160
vn 0.4454 0.3202 0.8361
vn 0.4887 -0.2343 0.8404
vn 0.6546 -0.2131 0.7253
vn 0.4589 0.0002 0.8885
vn 0.4100 -0.6035 0.6838
vn 0.6683 -0.4489 0.5932
vn 0.2948 -0.2436 0.9240
vn 0.2667 -0.5250 0.8083
vn 0.5520 -0.4712 0.6880
vn 0.3817 -0.5313 0.7563
vn 0.4220 -0.2282 0.8774
vn 0.4420 -0.3494 0.8262
vn 0.2322 -0.3941 0.8892
vn 0.5810 -0.2413 0.7773
vn 0.2533 0.1328 0.9582
vn 0.2785 -0.2262 0.9334
vn 0.5924 -0.1079 0.7984
vn 0.4971 -0.2384 0.8343
vn 0.5011 0.1606 0.8504
vn 0.2595 0.2576 0.9308
vn 0.2355 -0.0569 0.9702
vn 0.4991 -0.0340 0.8659
vn 0.5041 0.2696 0.8205
vn 0.4951 -0.2786 -0.8230
vn 0.6838 -0.2556 -0.6834
vn 0.4333 -0.4257 -0.7943
vn 0.4476 0.1938 -0.8730
vn 0.6812 -0.0088 -0.7321
vn 0.6863 -0.1283 -0.7159
vn 0.4452 -0.3200 -0.8363
vn 0.4355 0.3122 -0.8443
vn 0.6863 0.1283 -0.7159
vn 0.4516 -0.0062 -0.8922
vn 0.6545 -0.2134 -0.7253
vn 0.4886 -0.2412 -0.8385
vn 0.6683 -0.4486 -0.5935
vn 0.4149 -0.6084 -0.6766
vn 0.3763 -0.4997 -0.7802
vn 0.5457 -0.4809 -0.6863
vn 0.2634 -0.5224 -0.8110
vn 0.3059 -0.2402 -0.9213
vn 0.5822 -0.2517 -0.7731
vn 0.3195 -0.3077 -0.8963
vn 0.2620 -0.0443 -0.9640
vn 0.6274 -0.2509 -0.7372
vn 0.4500 -0.2196 -0.8656
vn 0.1418 -0.0973 -0.9851
vn 0.4679 0.1375 -0.8730
vn 0.2865 -0.2164 -0.9333
vn 0.2881 0.1384 -0.9476
vn 0.4494 0.2948 -0.8433
vn 0.2915 -0.0180 -0.9564
vn 0.2858 0.2493 -0.9253
vn 0.7933 -0.5810 -0.1819
vn 0.6715 -0.6706 -0.3152
vn 0.9205 -0.2429 -0.3061
vn 0.9391 -0.3411 0.0428
vn -0.0415 -0.3645 -0.9303
vn 0.2990 -0.2465 -0.9219
vn 0.9322 -0.2784 -0.2314
vn 0.9668 -0.2554 0.0002
vn 0.8681 -0.4256 -0.2554
vn 0.9338 0.1936 -0.3009
vn 0.9993 -0.0087 -0.0357
vn -0.0004 -0.2553 -0.9669
vn 0.2300 -0.2734 -0.9340
vn 0.2660 -0.4192 -0.8680
vn 0.2890 0.2018 -0.9358
vn 0.0364 -0.0087 -0.9993
vn 0.9915 -0.1283 -0.0208
vn 0.9062 -0.3201 -0.2764
vn 0.9049 0.3127 -0.2886
vn 0.9915 0.1283 -0.0208
vn 0.0209 -0.1284 -0.9915
vn 0.2468 -0.1253 -0.9609
vn 0.2888 -0.3124 -0.9050
vn 0.2764 0.3201 -0.9062
vn 0.0208 0.1284 -0.9915
vn 0.9503 -0.0059 -0.3113
vn 0.9756 -0.2135 -0.0506
vn 0.9386 -0.2405 -0.2472
vn 0.8922 -0.4484 0.0535
vn 0.7718 -0.6085 -0.1847
vn 0.3038 0.0002 -0.9527
vn 0.2499 -0.2345 -0.9394
vn 0.0502 -0.2132 -0.9757
vn -0.0534 -0.4488 -0.8920
vn 0.1938 -0.6035 -0.7734
vn 0.8162 -0.4994 -0.2905
vn 0.8715 -0.4805 -0.0985
vn 0.7615 -0.5204 -0.3864
vn 0.8705 -0.2367 -0.4314
vn 0.9586 -0.2511 -0.1344
vn 0.8609 -0.3050 -0.4072
vn 0.8666 -0.0439 -0.4970
vn 0.9649 -0.2512 -0.0772
vn 0.9297 -0.2185 -0.2964
vn 0.7958 -0.0966 -0.5979
vn 0.9478 0.1384 -0.2872
vn 0.8627 -0.2169 -0.4568
vn 0.8738 0.1374 -0.4665
vn 0.9140 0.2949 -0.2786
vn 0.8823 -0.0180 -0.4703
vn 0.8563 0.2493 -0.4523
vn 0.6894 -0.6788 0.2528
vn 0.7765 -0.5844 0.2356
vn 0.8661 -0.2428 0.4369
vn 0.6271 -0.3422 0.6998
vn 0.6254 -0.3497 -0.6976
vn 0.8659 -0.2421 -0.4378
vn 0.8227 -0.2781 0.4958
vn 0.6833 -0.2556 0.6840
vn 0.7946 -0.4255 0.4332
vn 0.8729 0.1940 0.4477
vn 0.7321 -0.0088 0.6811
vn 0.6836 -0.2555 -0.6837
vn 0.8234 -0.2733 -0.4974
vn 0.8020 -0.4191 -0.4256
vn 0.8661 0.2019 -0.4573
vn 0.7320 -0.0087 -0.6813
vn 0.7161 -0.1281 0.6862
vn 0.8361 -0.3203 0.4454
vn 0.8441 0.3125 0.4357
vn 0.7158 0.1281 0.6864
vn 0.7161 -0.1281 -0.6861
vn 0.8537 -0.1264 -0.5051
vn 0.8441 -0.3126 -0.4357
vn 0.8361 0.3203 -0.4454
vn 0.7158 0.1281 -0.6864
vn 0.8922 -0.0061 0.4516
vn 0.7253 -0.2134 0.6545
vn 0.8379 -0.2414 0.4895
vn 0.5935 -0.4486 0.6683
vn 0.6765 -0.6084 0.4149
vn 0.8885 0.0001 -0.4589
vn 0.8404 -0.2343 -0.4887
vn 0.7252 -0.2131 -0.6547
vn 0.5931 -0.4489 -0.6684
vn 0.6838 -0.6035 -0.4100
vn 0.7830 -0.4992 0.3710
vn 0.6860 -0.4809 0.5460
vn 0.8120 -0.5201 0.2647
vn 0.9207 -0.2358 0.3108
vn 0.7731 -0.2515 0.5823
vn 0.8963 -0.3081 0.3190
vn 0.9640 -0.0442 0.2623
vn 0.7372 -0.2501 0.6277
vn 0.8659 -0.2191 0.4497
vn 0.9853 -0.0968 0.1409
vn 0.8732 0.1374 0.4677
vn 0.9333 -0.2163 0.2867
vn 0.9476 0.1382 0.2880
vn 0.8432 0.2954 0.4492
vn 0.9564 -0.0180 0.2914
vn 0.9253 0.2493 0.2859
vn 0.3007 -0.2480 0.9209
vn -0.0414 -0.3603 0.9319
vn 0.9364 -0.3484 -0.0425
vn 0.9208 -0.2423 0.3057
vn 0.2512 -0.4182 0.8729
vn 0.2141 -0.2788 0.9362
vn -0.0139 -0.2515 0.9678
vn 0.0391 -0.0076 0.9992
vn 0.2871 0.1885 0.9392
vn 0.9668 -0.2554 -0.0001
vn 0.9343 -0.2730 0.2293
vn 0.8681 -0.4191 0.2661
vn 0.9358 0.2016 0.2891
vn 0.9993 -0.0087 0.0358
vn 0.2755 -0.3206 0.9063
vn 0.0207 -0.1282 0.9915
vn 0.0209 0.1283 0.9915
vn 0.2888 0.3123 0.9050
vn 0.9915 -0.1283 0.0208
vn 0.9608 -0.1264 0.2467
vn 0.9050 -0.3124 0.2888
vn 0.9062 0.3201 0.2764
vn 0.9915 0.1283 0.0210
vn 0.0507 -0.2135 0.9756
vn 0.2472 -0.2405 0.9386
vn 0.3113 -0.0058 0.9503
vn 0.1847 -0.6085 0.7718
vn -0.0535 -0.4484 0.8922
vn 0.9528 0.0003 0.3036
vn 0.9397 -0.2340 0.2494
vn 0.9757 -0.2132 0.0505
vn 0.8920 -0.4488 -0.0537
vn 0.7734 -0.6037 0.1934
vn -0.4134 -0.3238 0.8510
vn -0.1251 -0.2204 0.9674
vn 0.0000 -0.2208 0.9753
vn -0.2323 -0.4258 0.8745
vn -0.2618 0.1701 0.9500
vn -0.1164 -0.4092 0.9050
vn -0.1285 0.1658 0.9777
vn 0.0000 -0.4109 0.9117
vn -0.0001 0.1708 0.9853
vn -0.2431 -0.3021 0.9218
vn -0.2527 0.2917 0.9225
vn -0.1230 -0.2843 0.9508
vn -0.1248 0.2828 0.9510
vn 0.0001 -0.2877 0.9577
vn -0.0001 0.2879 0.9576
vn -0.4309 0.2449 0.8685
vn -0.3463 -0.0254 0.9378
vn -0.1298 -0.0558 0.9900
vn -0.1256 0.1337 0.9830
vn 0.0001 -0.0586 0.9983
vn -0.2678 0.0002 0.9635
vn -0.2070 -0.6308 0.7478
vn -0.1303 0.0119 0.9914
vn -0.0986 -0.6089 0.7871
vn -0.0000 0.0148 0.9999
vn -0.0000 -0.6105 0.7920
vn -0.8657 -0.1660 0.4723
vn -0.6659 0.7244 -0.1784
vn -0.6372 0.7241 -0.2639
vn -0.6833 0.7246 -0.0900
vn -0.5970 0.7245 0.3445
vn -0.6371 0.7242 0.2639
vn -0.5470 0.7244 0.4197
vn -0.1783 0.7243 0.6660
vn -0.2638 0.7245 0.6368
vn -0.0900 0.7244 0.6835
vn -0.0000 0.7240 0.6898
vn -0.0000 -0.2205 -0.9754
vn -0.1266 -0.2219 -0.9668
vn -0.3294 -0.4150 -0.8481
vn -0.4334 -0.5237 -0.7335
vn 0.0000 -0.4109 -0.9117
vn 0.0001 0.1711 -0.9853
vn -0.1184 -0.4077 -0.9054
vn -0.1270 0.1670 -0.9777
vn -0.2397 -0.4172 -0.8766
vn -0.2516 0.1812 -0.9507
vn -0.0001 -0.2877 -0.9577
vn 0.0001 0.2879 -0.9576
vn -0.1248 -0.2829 -0.9510
vn -0.1229 0.2841 -0.9509
vn -0.2528 -0.2919 -0.9225
vn -0.2431 0.3022 -0.9217
vn -0.0001 -0.0586 -0.9983
vn -0.1252 0.1335 -0.9831
vn -0.1299 -0.0555 -0.9900
vn -0.3050 -0.0654 -0.9501
vn 0.0001 0.0156 -0.9999
vn -0.0001 -0.6102 -0.7922
vn -0.1295 0.0113 -0.9915
vn -0.1015 -0.6072 -0.7881
vn -0.2595 0.0104 -0.9657
vn -0.2120 -0.6238 -0.7523
vn -0.0900 0.7243 -0.6836
vn 0.0000 0.7244 -0.6894
vn -0.1785 0.7246 -0.6657
vn -0.2639 0.7242 -0.6371
vn -0.5459 -0.4786 -0.6877
vn -0.5810 -0.2429 -0.7768
vn -0.5945 -0.1012 -0.7977
vn -0.6898 -0.2180 -0.6904
vn -0.7726 -0.2185 -0.5961
vn -0.8425 -0.2273 -0.4884
vn -0.4858 -0.2305 -0.8431
vn -0.5959 -0.2196 -0.7724
vn -0.6444 -0.4115 -0.6445
vn -0.6967 0.1704 -0.6968
vn -0.7240 -0.4074 -0.5567
vn -0.7812 0.1675 -0.6014
vn -0.7893 -0.4174 -0.4502
vn -0.8502 0.1811 -0.4944
vn -0.4541 -0.4259 -0.7826
vn -0.4868 0.1698 -0.8569
vn -0.5578 -0.4088 -0.7223
vn -0.6003 0.1662 -0.7823
vn -0.6772 -0.2878 -0.6772
vn -0.6772 0.2876 -0.6773
vn -0.7607 -0.2831 -0.5841
vn -0.7593 0.2842 -0.5854
vn -0.8310 -0.2915 -0.4737
vn -0.8237 0.3023 -0.4798
vn -0.4799 -0.3020 -0.8237
vn -0.4736 0.2916 -0.8310
vn -0.5853 -0.2846 -0.7593
vn -0.5842 0.2830 -0.7607
vn -0.7060 -0.0589 -0.7058
vn -0.7837 0.1337 -0.6066
vn -0.7918 -0.0552 -0.6082
vn -0.8875 -0.0653 -0.4562
vn -0.3096 0.2447 -0.9188
vn -0.4183 -0.0253 -0.9079
vn -0.6083 -0.0557 -0.7917
vn -0.6063 0.1337 -0.7839
vn -0.7069 0.0147 -0.7072
vn -0.5604 -0.6100 -0.5602
vn -0.7928 0.0121 -0.6093
vn -0.6289 -0.6074 -0.4854
vn -0.8662 0.0100 -0.4995
vn -0.6819 -0.6237 -0.3821
vn -0.4919 0.0003 -0.8706
vn -0.3823 -0.6308 -0.6752
vn -0.6090 0.0116 -0.7931
vn -0.4868 -0.6090 -0.6262
vn -0.4877 0.7242 -0.4876
vn -0.5470 0.7243 -0.4197
vn -0.5970 0.7245 -0.3445
vn -0.3447 0.7244 -0.5970
vn -0.4195 0.7244 -0.5471
vn 0.2783 -0.1661 -0.9460
vn -0.8669 -0.4858 -0.1118
vn -0.9600 -0.2427 -0.1393
vn -0.9843 -0.1022 -0.1439
vn -0.2047 -0.1396 -0.9688
vn -0.9769 -0.2139 0.0000
vn -0.9682 -0.2167 0.1248
vn -0.7153 -0.5865 0.3800
vn -0.9414 -0.2253 0.2511
vn -0.9408 -0.2261 -0.2525
vn -0.6863 -0.5842 -0.4333
vn -0.9684 -0.2160 -0.1245
vn -0.9117 -0.4109 0.0000
vn -0.9853 0.1710 -0.0001
vn -0.9054 -0.4077 0.1184
vn -0.9777 0.1671 0.1271
vn -0.8766 -0.4173 0.2398
vn -0.9507 0.1812 0.2516
vn -0.8745 -0.4257 -0.2323
vn -0.9500 0.1700 -0.2618
vn -0.9050 -0.4092 -0.1164
vn -0.9777 0.1658 -0.1285
vn -0.9577 -0.2876 0.0001
vn -0.9576 0.2880 -0.0001
vn -0.9510 -0.2829 0.1248
vn -0.9509 0.2841 0.1229
vn -0.9225 -0.2917 0.2527
vn -0.9217 0.3022 0.2432
vn -0.9218 -0.3020 -0.2431
vn -0.9225 0.2916 -0.2527
vn -0.9508 -0.2844 -0.1230
vn -0.9510 0.2828 -0.1248
vn -0.9983 -0.0585 0.0001
vn -0.9831 0.1335 0.1252
vn -0.9900 -0.0555 0.1300
vn -0.9501 -0.0654 0.3050
vn -0.8686 0.2446 -0.4309
vn -0.9378 -0.0255 -0.3462
vn -0.9900 -0.0557 -0.1297
vn -0.9831 0.1335 -0.1252
vn -0.9999 0.0149 -0.0001
vn -0.7920 -0.6105 -0.0000
vn -0.9915 0.0120 0.1297
vn -0.7881 -0.6072 0.1015
vn -0.9657 0.0100 0.2593
vn -0.7523 -0.6238 0.2120
vn -0.9635 0.0002 -0.2678
vn -0.7478 -0.6308 -0.2070
vn -0.9914 0.0116 -0.1302
vn -0.7871 -0.6089 -0.0986
vn -0.6896 0.7242 -0.0002
vn -0.6833 0.7245 0.0901
vn -0.6658 0.7245 0.1784
vn -0.4724 -0.1659 -0.8656
vn -0.6921 -0.4858 0.5338
vn -0.7769 -0.2426 0.5810
vn -0.7965 -0.1039 0.5957
vn -0.8334 -0.1369 -0.5354
vn -0.6899 -0.2176 0.6904
vn -0.5954 -0.2201 0.7727
vn 0.0738 -0.5485 0.8329
vn -0.4874 -0.2298 0.8424
vn -0.8432 -0.2272 0.4871
vn -0.7723 -0.2179 0.5967
vn -0.6444 -0.4120 0.6442
vn -0.6968 0.1705 0.6967
vn -0.5568 -0.4072 0.7240
vn -0.6013 0.1676 0.7812
vn -0.4502 -0.4174 0.7893
vn -0.4945 0.1809 0.8501
vn -0.7825 -0.4261 0.4540
vn -0.8569 0.1699 0.4867
vn -0.7224 -0.4083 0.5580
vn -0.7823 0.1662 0.6003
vn -0.6772 -0.2873 0.6774
vn -0.6772 0.2878 0.6771
vn -0.5842 -0.2830 0.7607
vn -0.5854 0.2842 0.7593
vn -0.4736 -0.2919 0.8310
vn -0.4798 0.3023 0.8237
vn -0.8237 -0.3023 0.4798
vn -0.8310 0.2919 0.4735
vn -0.7593 -0.2844 0.5853
vn -0.7607 0.2828 0.5842
vn -0.7058 -0.0590 0.7059
vn -0.6066 0.1337 0.7837
vn -0.6082 -0.0552 0.7918
vn -0.4562 -0.0652 0.8875
vn -0.9188 0.2447 0.3096
vn -0.9079 -0.0253 0.4183
vn -0.7918 -0.0557 0.6083
vn -0.7837 0.1337 0.6065
vn -0.7071 0.0149 0.7069
vn -0.5602 -0.6101 0.5604
vn -0.6093 0.0124 0.7929
vn -0.4854 -0.6074 0.6289
vn -0.4995 0.0101 0.8663
vn -0.3821 -0.6237 0.6819
vn -0.8706 0.0005 0.4919
vn -0.6753 -0.6306 0.3824
vn -0.7930 0.0111 0.6091
vn -0.6261 -0.6093 0.4866
vn -0.4876 0.7243 0.4876
vn -0.4197 0.7243 0.5470
vn -0.3446 0.7244 0.5971
vn -0.9461 -0.1659 -0.2782
vn -0.2196 -0.0041 0.9756
vn -0.1455 -0.2462 0.9582
vn -0.1412 -0.0984 0.9851
vn -0.9680 -0.1370 0.2102
vn 0.3294 -0.4150 0.8481
vn 0.1267 -0.2218 0.9668
vn 0.2398 -0.4173 0.8766
vn 0.2516 0.1813 0.9507
vn 0.1185 -0.4078 0.9054
vn 0.1270 0.1670 0.9777
vn 0.2527 -0.2917 0.9225
vn 0.2431 0.3021 0.9217
vn 0.1248 -0.2829 0.9510
vn 0.1264 -0.1442 0.9815
vn 0.1229 0.2842 0.9509
vn 0.3050 -0.0654 0.9501
vn 0.1299 -0.0554 0.9900
vn 0.2594 0.0100 0.9657
vn 0.2120 -0.6238 0.7523
vn 0.1298 0.0125 0.9915
vn 0.1015 -0.6071 0.7881
vn 0.1786 0.7241 0.6662
vn 0.2640 0.7248 0.6364
vn 0.0900 0.7244 0.6834
vn 0.5786 0.0051 0.8156
vn 0.1165 -0.4829 0.8679
vn 0.1470 -0.2412 0.9593
vn 0.1492 -0.0918 0.9845
vn 0.1250 -0.2207 -0.9673
vn 0.4134 -0.3239 -0.8510
vn 0.1164 -0.4092 -0.9050
vn 0.1285 0.1658 -0.9777
vn 0.2322 -0.4258 -0.8745
vn 0.2618 0.1700 -0.9500
vn 0.1238 -0.1417 -0.9821
vn 0.1230 -0.2843 -0.9508
vn 0.1248 0.2827 -0.9510
vn 0.2432 -0.3022 -0.9217
vn 0.2528 0.2919 -0.9224
vn 0.1297 -0.0559 -0.9900
vn 0.4310 0.2447 -0.8685
vn 0.3462 -0.0254 -0.9378
vn 0.1300 0.0109 -0.9915
vn 0.0986 -0.6089 -0.7871
vn 0.2679 0.0006 -0.9634
vn 0.2070 -0.6308 -0.7478
vn 0.0900 0.7243 -0.6836
vn 0.1785 0.7245 -0.6657
vn 0.2640 0.7241 -0.6372
vn 0.5055 -0.2470 -0.8268
vn 0.1169 -0.4836 -0.8675
vn 0.5345 -0.0034 -0.8452
vn 0.1413 -0.2542 -0.9568
vn 0.5978 -0.1003 -0.7953
vn 0.5756 -0.0795 -0.8138
vn 0.6899 -0.2175 -0.6905
vn 0.7725 -0.2175 -0.5966
vn 0.8431 -0.2276 -0.4872
vn 0.4874 -0.2298 -0.8424
vn -0.1014 -0.5221 -0.8468
vn 0.5954 -0.2201 -0.7727
vn 0.6444 -0.4115 -0.6445
vn 0.6968 0.1705 -0.6967
vn 0.7223 -0.4088 -0.5578
vn 0.7823 0.1662 -0.6003
vn 0.7826 -0.4259 -0.4541
vn 0.8569 0.1699 -0.4867
vn 0.4502 -0.4174 -0.7893
vn 0.4945 0.1810 -0.8501
vn 0.5567 -0.4074 -0.7239
vn 0.6014 0.1675 -0.7812
vn 0.6772 -0.2874 -0.6774
vn 0.6771 0.2881 -0.6771
vn 0.8487 -0.1446 -0.5087
vn 0.7593 -0.2844 -0.5853
vn 0.7607 0.2830 -0.5842
vn 0.8237 -0.3023 -0.4798
vn 0.8310 0.2916 -0.4737
vn 0.4737 -0.2917 -0.8310
vn 0.4799 0.3020 -0.8237
vn 0.5841 -0.2831 -0.7607
vn 0.6049 -0.1440 -0.7832
vn 0.5854 0.2843 -0.7593
vn 0.7058 -0.0589 -0.7059
vn 0.7918 -0.0553 -0.6083
vn 0.9189 0.2446 -0.3096
vn 0.9079 -0.0254 -0.4183
vn 0.4562 -0.0653 -0.8875
vn 0.6082 -0.0552 -0.7919
vn 0.7072 0.0146 -0.7069
vn 0.5602 -0.6100 -0.5604
vn 0.7931 0.0116 -0.6090
vn 0.6262 -0.6091 -0.4867
vn 0.8706 0.0003 -0.4920
vn 0.6752 -0.6308 -0.3823
vn 0.4994 0.0102 -0.8663
vn 0.3821 -0.6239 -0.6818
vn 0.6092 0.0124 -0.7930
vn 0.4855 -0.6073 -0.6290
vn 0.4876 0.7242 -0.4876
vn 0.5470 0.7244 -0.4197
vn 0.5969 0.7246 -0.3445
vn 0.6371 0.7242 -0.2639
vn 0.3447 0.7244 -0.5970
vn 0.4194 0.7246 -0.5469
vn 0.9378 -0.2575 -0.2327
vn 0.9754 -0.0040 -0.2204
vn 0.9851 -0.0977 -0.1415
vn 0.9825 -0.0799 -0.1680
vn 0.9768 -0.2142 -0.0000
vn 0.9684 -0.2161 0.1246
vn 0.6863 -0.5842 0.4333
vn 0.9408 -0.2262 0.2525
vn 0.9414 -0.2254 -0.2510
vn 0.7153 -0.5865 -0.3800
vn 0.9682 -0.2165 -0.1252
vn 0.9117 -0.4109 -0.0000
vn 0.9853 0.1710 0.0001
vn 0.9050 -0.4092 0.1164
vn 0.9778 0.1657 0.1286
vn 0.8745 -0.4259 0.2322
vn 0.9501 0.1700 0.2617
vn 0.8766 -0.4173 -0.2398
vn 0.9507 0.1812 -0.2516
vn 0.9054 -0.4078 -0.1184
vn 0.9777 0.1671 -0.1271
vn 0.9821 -0.1417 0.1238
vn 0.9577 -0.2876 -0.0001
vn 0.9576 0.2880 0.0001
vn 0.9508 -0.2843 0.1230
vn 0.9510 0.2827 0.1248
vn 0.9217 -0.3021 0.2431
vn 0.9225 0.2917 0.2527
vn 0.9225 -0.2918 -0.2527
vn 0.9218 0.3020 -0.2431
vn 0.9510 -0.2830 -0.1249
vn 0.9815 -0.1442 -0.1263
vn 0.9509 0.2842 -0.1229
vn 0.9983 -0.0586 -0.0001
vn 0.9900 -0.0557 0.1297
vn 0.8685 0.2447 0.4310
vn 0.9378 -0.0254 0.3463
vn 0.9501 -0.0654 -0.3050
vn 0.9900 -0.0555 -0.1299
vn 0.9999 0.0149 0.0001
vn 0.7920 -0.6105 0.0000
vn 0.9914 0.0115 0.1302
vn 0.7871 -0.6089 0.0986
vn 0.9635 0.0002 0.2678
vn 0.7477 -0.6309 0.2070
vn 0.9657 0.0100 -0.2593
vn 0.7523 -0.6238 -0.2120
vn 0.9915 0.0120 -0.1297
vn 0.7881 -0.6072 -0.1015
vn 0.6897 0.7241 -0.0002
vn 0.6832 0.7247 0.0901
vn 0.6659 0.7244 0.1784
vn 0.6373 0.7239 0.2641
vn 0.6658 0.7245 -0.1783
vn 0.6833 0.7246 -0.0900
vn 0.8257 -0.2604 0.5004
vn 0.6936 -0.4853 -0.5324
vn 0.8704 -0.4788 0.1149
vn 0.8452 -0.0036 0.5345
vn 0.9567 -0.2439 0.1590
vn 0.7716 -0.2476 -0.5859
vn 0.7961 -0.0983 0.5971
vn 0.8137 -0.0791 0.5759
vn 0.6899 -0.2180 0.6903
vn 0.5959 -0.2194 0.7725
vn 0.4859 -0.2305 0.8431
vn 0.8426 -0.2269 0.4883
vn 0.7727 -0.2183 0.5961
vn 0.6332 -0.4579 0.6240
vn 0.7033 0.2148 0.6776
vn 0.5389 -0.4532 0.7101
vn 0.5892 0.2212 0.7771
vn 0.4334 -0.4437 0.7844
vn 0.4680 0.1774 0.8658
vn 0.7963 -0.4108 0.4440
vn 0.8502 0.1811 0.4944
vn 0.7168 -0.4512 0.5316
vn 0.7619 -0.3117 0.5677
vn 0.7865 0.1564 0.5975
vn 0.6048 -0.1505 0.7820
vn 0.6837 -0.2846 0.6720
vn 0.6771 0.2881 0.6771
vn 0.5782 -0.3061 0.7563
vn 0.5842 0.2828 0.7607
vn 0.4772 -0.2962 0.8274
vn 0.4735 0.2919 0.8310
vn 0.8310 -0.2919 0.4736
vn 0.8237 0.3023 0.4798
vn 0.7608 -0.2829 0.5841
vn 0.7832 -0.1440 0.6049
vn 0.7593 0.2842 0.5854
vn 0.7059 -0.0590 0.7058
vn 0.6083 -0.0557 0.7917
vn 0.3094 0.2448 0.9189
vn 0.4183 -0.0253 0.9079
vn 0.8875 -0.0653 0.4562
vn 0.7918 -0.0557 0.6083
vn 0.7071 0.0148 0.7069
vn 0.5604 -0.6100 0.5603
vn 0.6090 0.0115 0.7931
vn 0.4867 -0.6091 0.6262
vn 0.4920 0.0003 0.8706
vn 0.3824 -0.6307 0.6753
vn 0.8663 0.0103 0.4994
vn 0.6819 -0.6236 0.3822
vn 0.7928 0.0115 0.6094
vn 0.6288 -0.6076 0.4852
vn 0.4877 0.7241 0.4876
vn 0.4195 0.7243 0.5472
vn 0.3447 0.7242 0.5972
vn 0.5968 0.7248 0.3442
vn 0.5470 0.7243 0.4198
vn 0.2220 -0.0098 0.9750
vn -0.0000 0.2137 -0.9769
vn -0.1257 -0.2705 -0.9545
vn -0.1273 0.2145 -0.9684
vn -0.2529 0.2138 -0.9436
vn -0.2492 -0.2712 -0.9297
vn -0.3739 0.2142 -0.9024
vn -0.3683 -0.2712 -0.8893
vn -0.4885 0.2136 -0.8460
vn -0.4806 -0.2731 -0.8333
vn -0.5946 0.2139 -0.7750
vn -0.6801 -0.2745 -0.6798
vn -0.6906 0.2146 -0.6907
vn -0.7630 -0.2748 -0.5851
vn -0.7751 0.2138 -0.5945
vn -0.8460 0.2136 -0.4885
vn -0.8876 -0.2777 -0.3676
vn -0.8318 -0.2762 -0.4815
vn -0.9283 -0.2779 -0.2470
vn -0.9024 0.2142 -0.3739
vn -0.9694 0.2014 -0.1404
vn -0.9439 0.2148 -0.2510
vn -0.0852 0.7559 -0.6491
vn 0.0099 0.7800 -0.6257
vn 0.0031 0.7545 -0.6563
vn -0.1619 0.7795 -0.6050
vn -0.0818 0.7792 -0.6214
vn -0.1701 0.7553 -0.6329
vn -0.2396 0.7795 -0.5788
vn -0.3271 0.7553 -0.5680
vn -0.2513 0.7555 -0.6051
vn -0.3813 0.7796 -0.4968
vn -0.3132 0.7787 -0.5437
vn -0.4629 0.7558 -0.4631
vn -0.3994 0.7553 -0.5197
vn -0.4440 0.7782 -0.4441
vn -0.5199 0.7553 -0.3990
vn -0.4967 0.7796 -0.3814
vn -0.5673 0.7556 -0.3274
vn -0.5426 0.7794 -0.3132
vn -0.5789 0.7794 -0.2398
vn -0.6051 0.7556 -0.2508
vn -0.6059 0.7792 -0.1604
vn -0.6654 0.7399 -0.0993
vn -0.6340 0.7554 -0.1655
vn -0.0000 -0.2457 -0.9693
vn -0.1170 -0.3586 -0.9261
vn 0.0000 -0.3603 -0.9328
vn -0.1291 -0.2484 -0.9600
vn -0.2410 -0.3508 -0.9049
vn -0.2556 -0.2415 -0.9361
vn -0.3583 -0.3353 -0.8713
vn -0.3786 -0.2328 -0.8958
vn -0.4714 -0.3151 -0.8237
vn -0.4954 -0.2201 -0.8403
vn -0.5786 -0.2908 -0.7621
vn -0.6048 -0.2037 -0.7699
vn -0.6777 -0.2627 -0.6868
vn -0.7044 -0.1835 -0.6856
vn -0.7669 -0.2319 -0.5984
vn -0.7926 -0.1593 -0.5886
vn -0.8526 -0.1938 -0.4853
vn -0.8699 -0.1244 -0.4773
vn -0.9308 -0.1307 -0.3413
vn -0.9955 0.0119 -0.0940
vn -0.9396 0.2296 -0.2537
vn -0.9604 0.2481 -0.1265
vn -0.9873 0.0047 -0.1585
vn -0.9928 0.1069 -0.0540
vn -0.9408 0.3017 -0.1546
vn -0.1363 -0.2420 -0.9607
vn 0.0000 -0.1599 -0.9871
vn -0.1296 -0.1460 -0.9807
vn -0.1270 0.2275 -0.9655
vn -0.2661 -0.2273 -0.9368
vn -0.2587 -0.1317 -0.9569
vn -0.2515 0.2277 -0.9407
vn -0.3875 -0.2069 -0.8983
vn -0.3816 -0.1128 -0.9174
vn -0.3724 0.2281 -0.8996
vn -0.4963 -0.1834 -0.8486
vn -0.4975 -0.0926 -0.8625
vn -0.4866 0.2274 -0.8435
vn -0.5940 -0.1699 -0.7863
vn -0.6044 -0.0751 -0.7931
vn -0.5920 0.2282 -0.7730
vn -0.6780 -0.1662 -0.7160
vn -0.7008 -0.0638 -0.7105
vn -0.6878 0.2276 -0.6893
vn -0.7484 -0.1799 -0.6384
vn -0.7854 -0.0618 -0.6159
vn -0.7716 0.2285 -0.5937
vn -0.8156 -0.2138 -0.5377
vn -0.8655 -0.0687 -0.4961
vn -0.8423 0.2286 -0.4881
vn -0.9477 -0.0551 -0.3144
vn -0.9433 -0.0656 -0.3255
vn -0.8980 0.2295 -0.3753
vn -0.9973 0.0084 -0.0724
vn -0.9835 -0.0049 -0.1807
vn -0.9971 0.0030 -0.0766
vn -0.9969 0.0039 -0.0792
vn -0.9730 -0.0056 -0.2309
vn -0.9255 -0.0384 -0.3769
vn -0.9812 -0.0297 -0.1908
vn -0.9999 0.0119 -0.0100
vn -1.0000 0.0046 -0.0045
vn -0.9999 0.0150 -0.0061
vn -0.9922 0.0906 -0.0853
vn -0.9257 0.1827 -0.3312
vn -0.9999 0.0124 0.0013
vn -0.9894 -0.0102 0.1450
vn -0.9663 0.0033 0.2574
vn -0.9962 -0.0195 0.0845
vn -0.2701 -0.3621 0.8921
vn -0.4998 0.2307 0.8349
vn -0.4919 -0.2908 0.8206
vn -0.1166 0.8179 0.5635
vn -0.5789 0.7088 0.4031
vn -0.3185 0.8124 0.4884
vn -0.5667 0.8189 -0.0913
vn -0.6020 0.7920 -0.1017
vn -0.8878 0.1454 0.4367
vn -0.8960 -0.2942 0.3326
vn -0.9194 0.2141 0.3300
vn -0.9675 -0.1966 -0.1588
vn -0.9430 -0.2845 -0.1729
vn -0.4824 0.7636 0.4293
vn -0.0809 0.8654 -0.4945
vn -0.4797 0.7641 -0.4313
vn -0.4344 -0.2125 0.8753
vn -0.2141 0.0733 0.9741
vn -0.3847 0.2239 0.8955
vn -0.0404 0.2273 0.9730
vn -0.3978 0.2102 -0.8931
vn -0.1778 0.0782 -0.9809
vn -0.4177 -0.2126 -0.8834
vn -0.0494 0.2598 -0.9644
vn -0.0904 0.2217 -0.9709
vn -0.4281 -0.3714 -0.8239
vn -0.0111 -0.9999 0.0042
vn -0.0728 -0.9973 0.0105
vn 0.1228 -0.9924 -0.0101
vn -0.9122 0.2122 -0.3506
vn -0.9204 -0.2052 0.3329
vn -0.9119 0.2135 0.3504
vn 0.1257 -0.2705 -0.9545
vn -0.0000 -0.2703 -0.9628
vn 0.2529 0.2139 -0.9436
vn 0.2492 -0.2712 -0.9297
vn 0.3739 0.2142 -0.9024
vn 0.3686 -0.2713 -0.8891
vn 0.4885 0.2136 -0.8460
vn 0.4807 -0.2737 -0.8331
vn 0.5945 0.2138 -0.7751
vn 0.5856 -0.2731 -0.7632
vn 0.6801 -0.2745 -0.6798
vn 0.6908 0.2138 -0.6908
vn 0.7628 -0.2746 -0.5854
vn 0.7748 0.2141 -0.5948
vn 0.8460 0.2136 -0.4885
vn 0.8321 -0.2772 -0.4804
vn 0.8876 -0.2777 -0.3676
vn 0.9024 0.2142 -0.3739
vn 0.9283 -0.2782 -0.2466
vn 0.9696 0.1967 -0.1458
vn 0.9430 -0.2989 -0.1463
vn 0.0732 0.7749 -0.6279
vn 0.0815 0.7711 -0.6315
vn 0.1566 0.7807 -0.6049
vn 0.1691 0.7535 -0.6353
vn 0.2399 0.7791 -0.5791
vn 0.2507 0.7557 -0.6050
vn 0.3131 0.7796 -0.5424
vn 0.3274 0.7556 -0.5673
vn 0.3814 0.7795 -0.4968
vn 0.3988 0.7556 -0.5196
vn 0.4431 0.7794 -0.4430
vn 0.4630 0.7558 -0.4630
vn 0.5197 0.7556 -0.3987
vn 0.4972 0.7793 -0.3815
vn 0.5674 0.7555 -0.3274
vn 0.5423 0.7796 -0.3131
vn 0.5789 0.7794 -0.2398
vn 0.6051 0.7556 -0.2508
vn 0.6067 0.7786 -0.1603
vn 0.6325 0.7564 -0.1666
vn 0.6712 0.7299 -0.1294
vn 0.1170 -0.3586 -0.9261
vn 0.1305 -0.2476 -0.9600
vn 0.2412 -0.3510 -0.9048
vn 0.2559 -0.2411 -0.9362
vn 0.3583 -0.3354 -0.8713
vn 0.3791 -0.2322 -0.8957
vn 0.4714 -0.3151 -0.8237
vn 0.4963 -0.2193 -0.8400
vn 0.5786 -0.2908 -0.7621
vn 0.6059 -0.2027 -0.7693
vn 0.6777 -0.2626 -0.6869
vn 0.7057 -0.1821 -0.6848
vn 0.7669 -0.2319 -0.5984
vn 0.7937 -0.1577 -0.5875
vn 0.8526 -0.1938 -0.4853
vn 0.8708 -0.1226 -0.4762
vn 0.9308 -0.1307 -0.3413
vn 0.9260 -0.0932 -0.3659
vn 0.9933 0.0052 -0.1156
vn 0.9403 0.2292 -0.2515
vn 0.9959 0.0073 -0.0906
vn 0.9718 -0.0052 -0.2358
vn 0.9875 0.0043 -0.1578
vn 0.9928 0.1050 -0.0569
vn 0.9974 0.0098 -0.0711
vn 0.1362 -0.2424 -0.9606
vn 0.1296 -0.1460 -0.9807
vn 0.1277 0.1946 -0.9725
vn 0.0060 0.2245 -0.9745
vn 0.2661 -0.2287 -0.9364
vn 0.2586 -0.1317 -0.9569
vn 0.2551 0.2302 -0.9391
vn 0.3874 -0.2090 -0.8979
vn 0.3816 -0.1128 -0.9174
vn 0.3724 0.2281 -0.8996
vn 0.4977 -0.1839 -0.8476
vn 0.4975 -0.0926 -0.8625
vn 0.4864 0.2279 -0.8435
vn 0.5953 -0.1656 -0.7862
vn 0.6045 -0.0752 -0.7931
vn 0.5927 0.2291 -0.7721
vn 0.6802 -0.1589 -0.7156
vn 0.7008 -0.0638 -0.7105
vn 0.6886 0.2284 -0.6882
vn 0.7521 -0.1704 -0.6367
vn 0.7854 -0.0618 -0.6159
vn 0.7721 0.2300 -0.5924
vn 0.8200 -0.2054 -0.5342
vn 0.8655 -0.0687 -0.4961
vn 0.8426 0.2307 -0.4866
vn 0.9479 -0.0539 -0.3141
vn 0.9433 -0.0656 -0.3255
vn 0.8983 0.2334 -0.3724
vn 0.9835 -0.0048 -0.1806
vn 0.9970 -0.0011 -0.0780
vn 0.9810 -0.0053 -0.1938
vn 0.9969 0.0028 -0.0782
vn 0.9999 0.0120 -0.0100
vn 1.0000 0.0065 -0.0052
vn 0.9999 0.0100 -0.0103
vn 1.0000 0.0042 -0.0034
vn 1.0000 -0.0009 0.0042
vn 0.9999 -0.0018 0.0111
vn 1.0000 0.0031 0.0014
vn 0.9999 0.0079 0.0123
vn 1.0000 0.0007 -0.0002
vn 0.9993 -0.0357 0.0059
vn 1.0000 -0.0011 -0.0039
vn 1.0000 -0.0045 -0.0020
vn 0.9945 -0.0137 0.1042
vn 0.9602 0.0021 0.2792
vn 0.9891 -0.0022 0.1469
vn 0.0646 0.2482 0.9665
vn 0.4032 -0.2253 0.8869
vn 0.4008 0.2234 0.8885
vn 0.4480 0.7875 0.4232
vn -0.0237 0.8293 0.5582
vn 0.0358 0.8496 0.5262
vn 0.5936 0.7978 -0.1060
vn 0.5607 0.8241 -0.0806
vn 0.9107 -0.2765 0.3070
vn 0.8777 0.1445 0.4569
vn 0.9121 0.2244 0.3430
vn 0.9887 -0.1049 -0.1068
vn 0.0824 0.8676 -0.4904
vn 0.4789 0.7645 0.4315
vn 0.4796 0.7634 -0.4328
vn 0.0969 0.0751 0.9925
vn 0.3576 -0.2251 0.9063
vn 0.0531 0.2622 0.9636
vn 0.3955 0.2207 0.8915
vn 0.0294 0.2173 0.9757
vn 0.1313 0.0988 -0.9864
vn 0.0602 0.2643 -0.9626
vn 0.4222 -0.2047 -0.8831
vn 0.3909 0.2148 -0.8950
vn 0.4175 -0.3747 -0.8278
vn -0.0339 -0.9991 -0.0254
vn 0.0681 -0.9975 -0.0159
vn -0.0342 -0.9982 -0.0501
vn 0.9126 0.2170 0.3465
vn 0.9168 -0.1972 -0.3473
vn 0.9124 0.2145 -0.3485
vn -0.0010 -0.9958 0.0917
vn -0.0052 -1.0000 -0.0027
vn -0.0054 -0.9999 0.0093
vn 0.0000 1.0000 0.0069
vn 0.0000 1.0000 -0.0019
vn -0.0002 0.5567 0.8307
vn -0.0268 0.4226 0.9059
vn 0.0282 0.4267 0.9039
vn 0.0000 0.6891 0.7247
vn 0.0000 0.8429 0.5381
vn 0.0000 0.9523 0.3052
vn 0.0000 0.9952 0.0980
vn 0.0000 1.0000 0.0058
vn 0.0000 1.0000 0.0039
vn 0.0000 0.9968 -0.0803
vn -0.0000 0.9191 -0.3941
vn 0.0000 0.5813 -0.8137
vn 0.0000 -0.9185 -0.3953
vn -0.0052 -0.9955 -0.0949
vn -0.0000 -0.5810 -0.8139
vn -0.0000 -0.1658 -0.9862
vn 0.0000 0.1661 -0.9861
vn -0.0060 -0.9999 0.0095
vn -0.0059 -1.0000 0.0017
vn -0.0060 -0.9999 0.0094
vn -0.0000 -0.7812 0.6243
vn -0.0000 -0.7815 0.6240
vn -0.0014 0.2299 0.9732
vn -0.0000 -0.0671 0.9977
vn 0.0024 0.2279 0.9737
vn -0.0376 0.3602 0.9321
vn -0.0015 0.2831 0.9591
vn 0.3228 0.7205 0.6137
vn 0.6456 0.1637 0.7459
vn 0.1987 0.0337 0.9795
vn -0.6882 0.1352 0.7128
vn -0.3442 0.7964 0.4973
vn -0.2098 -0.0113 0.9777
vn -1.0000 0.0024 -0.0021
vn -0.9995 0.0057 0.0326
vn -1.0000 0.0031 -0.0040
vn -1.0000 -0.0001 0.0076
vn -0.9999 0.0054 -0.0113
vn -0.9999 0.0063 -0.0099
vn -0.9970 -0.0041 -0.0769
vn 0.9912 0.0881 -0.0985
vn 0.6928 -0.0074 0.7211
vn -0.5948 -0.6469 0.4772
vn -0.7186 -0.3277 0.6134
vn -0.6279 -0.7613 0.1620
vn -0.8360 -0.4689 0.2851
vn -0.9659 0.2240 0.1302
vn -0.9887 0.0549 0.1395
vn -0.9937 0.0964 0.0571
vn -0.4314 0.6191 0.6562
vn -0.8654 0.4497 0.2211
vn -0.9311 0.2005 0.3047
vn -0.7990 0.1504 0.5822
vn -0.6358 0.7499 -0.1827
vn -0.7898 0.1377 -0.5977
vn -0.2049 0.3238 -0.9237
vn -0.6682 0.0283 -0.7434
vn -0.9137 -0.3354 0.2297
vn -0.4327 -0.3821 0.8166
vn -0.5174 -0.6377 0.5706
vn -0.7764 -0.2755 -0.5668
vn -0.2860 -0.6308 -0.7213
vn -0.9394 0.3029 -0.1604
vn -0.4104 0.0577 -0.9101
vn -0.5973 0.0534 0.8002
vn -0.9927 0.0953 0.0741
vn -0.9175 0.3535 0.1823
vn -0.6285 -0.5259 0.5731
vn -0.6177 -0.5255 -0.5851
vn -0.9181 -0.2062 -0.3386
vn 0.8983 0.2051 0.3886
vn 0.8717 0.4305 0.2341
vn 0.6527 0.1355 0.7454
vn 0.7628 -0.1316 0.6331
vn 0.5047 0.0075 0.8633
vn 0.7202 -0.4353 0.5402
vn 0.9811 0.1079 0.1608
vn 0.9120 0.3645 0.1881
vn 0.9819 0.1808 0.0564
vn 0.7210 -0.2530 0.6451
vn 0.8967 -0.3108 0.3151
vn 0.8180 -0.5378 0.2039
vn 0.6344 -0.5923 0.4967
vn 0.3565 0.6459 0.6751
vn 0.6299 0.7525 -0.1923
vn 0.9070 0.1854 -0.3782
vn 0.7147 0.1493 -0.6833
vn 0.2049 0.3238 -0.9237
vn 0.6682 0.0283 -0.7434
vn 0.9483 -0.1955 0.2499
vn 0.5552 -0.4268 0.7139
vn 0.3361 -0.3275 0.8830
vn 0.7756 -0.2809 -0.5653
vn 0.2674 -0.6552 -0.7066
vn 0.9471 0.2940 0.1287
vn 0.8856 0.0482 0.4619
vn 0.5958 0.1833 0.7819
vn 0.5815 -0.5741 0.5764
vn 0.9145 -0.2135 0.3437
vn 0.4986 0.0456 -0.8657
vn 0.9347 0.3181 -0.1586
vn 0.6298 -0.5162 -0.5804
vn -0.8168 -0.3574 0.4529
vn -0.5289 0.0175 0.8485
vn -0.7631 -0.0468 0.6446
vn 0.5801 0.4871 0.6528
vn -0.5937 0.4919 0.6368
vn -0.2200 -0.5271 -0.8208
vn -0.1111 -0.5263 -0.8430
vn -0.4237 -0.5309 -0.7339
vn -0.5859 -0.2725 -0.7632
vn -0.5158 -0.5311 -0.6722
vn -0.7789 -0.5381 -0.3221
vn -0.7304 -0.5373 -0.4215
vn -0.8156 -0.5646 -0.1263
vn -0.8140 -0.5393 -0.2159
vn -0.7885 0.5960 -0.1517
vn -0.9231 0.3563 -0.1449
vn -0.9689 0.2427 -0.0490
vn -0.7382 0.6641 -0.1185
vn -0.9225 0.3581 -0.1443
vn -0.7466 0.6487 -0.1476
vn -0.8810 0.3727 -0.2916
vn -0.5492 0.4651 -0.6943
vn -0.6908 0.6253 -0.3631
vn -0.5607 0.1336 -0.8172
vn -0.8183 0.2389 -0.5228
vn -0.8381 -0.0631 -0.5419
vn -0.8337 0.0693 -0.5478
vn -0.8008 -0.2703 -0.5345
vn -0.5603 -0.1336 -0.8175
vn -0.5491 -0.4652 -0.6943
vn -0.8811 -0.3711 -0.2931
vn -0.6897 -0.6260 -0.3640
vn -0.6977 -0.7017 -0.1445
vn -0.8583 -0.4190 -0.2963
vn -0.9295 -0.3522 -0.1095
vn -0.1262 -0.4276 -0.8951
vn -0.0016 -0.2469 -0.9690
vn -0.2475 -0.4154 -0.8753
vn -0.3629 -0.3997 -0.8418
vn -0.4668 -0.3747 -0.8010
vn -0.5594 -0.3624 -0.7455
vn -0.6388 -0.3587 -0.6806
vn -0.7027 -0.3699 -0.6078
vn -0.7439 -0.4273 -0.5139
vn -0.8204 0.5718 -0.0105
vn -0.9505 0.3106 -0.0080
vn -0.9801 -0.0017 0.1987
vn -0.9082 0.2197 0.3562
vn -0.9898 -0.0236 0.1407
vn -0.6666 0.4214 0.6148
vn -0.9054 0.2851 0.3144
vn -0.6763 0.5201 0.5217
vn -0.9089 0.3462 0.2323
vn -0.9372 0.3290 0.1159
vn -0.6917 0.6178 0.3739
vn -0.7754 0.6030 0.1876
vn -0.8903 0.4529 0.0475
vn -0.6220 0.7792 0.0779
vn -0.8944 -0.3085 0.3239
vn -0.6549 -0.7503 0.0902
vn -0.8057 -0.5486 0.2231
vn -0.8128 0.0742 0.5778
vn -0.8377 0.0306 0.5454
vn -0.2184 0.2683 0.9383
vn -0.1029 0.2426 0.9647
vn -0.9623 0.2540 -0.0970
vn 0.1111 -0.5260 -0.8432
vn 0.2200 -0.5271 -0.8208
vn 0.3260 -0.5265 -0.7852
vn 0.4237 -0.5308 -0.7340
vn 0.6718 -0.5327 -0.5147
vn 0.7304 -0.5374 -0.4215
vn 0.8146 -0.5386 -0.2154
vn 0.9442 0.2132 -0.2510
vn 0.7965 -0.5850 -0.1529
vn 0.1276 0.2150 -0.9682
vn 0.9593 0.2539 -0.1239
vn 0.7907 0.5908 -0.1606
vn 0.9228 0.3587 -0.1405
vn 0.7428 0.6600 -0.1123
vn 0.9676 0.2465 -0.0542
vn 0.9458 0.2796 -0.1652
vn 0.9071 -0.3946 -0.1467
vn 0.8583 -0.4190 -0.2963
vn 0.6977 -0.7017 -0.1443
vn 0.8807 -0.3728 -0.2922
vn 0.5492 -0.4652 -0.6943
vn 0.6897 -0.6260 -0.3640
vn 0.5606 -0.1336 -0.8172
vn 0.8184 -0.2393 -0.5225
vn 0.5602 0.1336 -0.8175
vn 0.8337 -0.0692 -0.5479
vn 0.8006 0.2703 -0.5347
vn 0.5493 0.4651 -0.6942
vn 0.8814 0.3707 -0.2928
vn 0.6913 0.6249 -0.3629
vn 0.7459 0.6495 -0.1477
vn 0.9209 0.3600 -0.1497
vn 0.1264 -0.4242 -0.8967
vn -0.0001 -0.4330 -0.9014
vn 0.2477 -0.4126 -0.8766
vn 0.3630 -0.3970 -0.8430
vn 0.4688 -0.3736 -0.8004
vn 0.5611 -0.3599 -0.7454
vn 0.6395 -0.3596 -0.6796
vn 0.7014 -0.3799 -0.6031
vn 0.7380 -0.4325 -0.5180
vn 0.8192 0.5734 -0.0047
vn 0.8911 0.4512 0.0479
vn 0.9542 0.2992 0.0035
vn 0.7744 0.6042 0.1876
vn 0.6225 0.7788 0.0778
vn 0.6905 0.6178 0.3762
vn 0.9294 0.3544 0.1032
vn 0.6731 0.5244 0.5215
vn 0.9109 0.3378 0.2369
vn 0.6638 0.4082 0.6267
vn 0.9050 0.2795 0.3207
vn 0.9958 -0.0116 0.0906
vn 0.9164 0.1503 0.3709
vn 0.8246 0.0755 0.5607
vn 0.5770 0.1604 0.8009
vn 0.9071 -0.2891 0.3059
vn 0.7955 -0.5633 0.2232
vn 0.5386 -0.8371 0.0956
vn 0.7134 0.0442 0.6994
vn 0.0682 -0.0220 0.9974
vn 0.2752 -0.2534 0.9274
vn 0.0799 0.2203 -0.9722
vn 0.0891 0.4276 -0.8996
vn 0.9654 0.2463 -0.0859
vn 0.9458 -0.2806 -0.1635
vn 0.0792 0.8653 0.4950
vn -0.6718 -0.5329 -0.5145
vn 0.5158 -0.5311 -0.6722
vn 0.7790 -0.5380 -0.3221
vn -0.9170 -0.3972 0.0374
vn -0.9180 -0.3834 0.1010
vn 0.9378 -0.3470 0.0134
vn 0.7604 -0.6494 0.0094
vn -0.5942 0.1413 0.7918
vn -0.9786 -0.0390 -0.2018
vn -0.9795 -0.0124 -0.2011
vn 0.9784 -0.0362 -0.2035
vn 0.0476 0.3483 0.9362
vn 0.9741 0.1421 0.1756
vn 0.9998 -0.0064 0.0188
vn 0.9996 -0.0033 0.0291
vn 0.9996 0.0136 0.0262
vn 0.0000 0.7725 -0.6350
vn 0.0000 0.9736 -0.2283
vn 0.0000 0.7724 -0.6351
vn 0.0000 0.4220 -0.9066
vn 0.0000 0.4223 -0.9065
vn -0.0000 0.0001 -1.0000
vn 0.0000 0.0000 -1.0000
vn 0.0000 -0.7732 -0.6342
vn -0.0000 -0.4233 -0.9060
vn 0.0000 -0.7730 -0.6344
vn -0.0000 -0.9735 -0.2285
vn -0.0001 -0.9737 -0.2280
vn -0.0000 -0.9730 0.2310
vn 0.0000 -0.9731 0.2304
vn 0.0000 -0.7733 0.6341
vn -0.0000 -0.4243 0.9055
vn 0.0000 0.0005 1.0000
vn 0.0000 0.0006 1.0000
vn 0.0000 0.4216 0.9068
vn 0.0000 0.4220 0.9066
vn 0.0000 0.7723 0.6353
vn 0.0000 0.7725 0.6350
vn 0.0000 0.9737 0.2278
vn 0.9748 -0.0000 -0.2231
vn 0.8305 0.0644 -0.5533
vn -0.0258 -0.9993 -0.0267
vn -0.0118 -0.9996 -0.0250
vn 0.0048 -0.9956 -0.0940
vn 0.0243 -0.9994 -0.0266
vn 0.0129 -0.9996 -0.0253
vn 0.0161 -0.9995 -0.0256
vn 0.0176 -0.9995 -0.0251
vn 0.0162 -0.9995 -0.0257
vn 0.0133 -0.9994 -0.0308
vn 0.1256 -0.9317 -0.3408
vn 0.0263 -0.9939 -0.1072
vn 0.0008 -0.9988 -0.0489
vn -0.0037 -0.9991 -0.0411
vn -0.0094 -0.9995 -0.0315
vn -0.0125 -0.9995 -0.0287
vn -0.0157 -0.9995 -0.0258
vn -0.0172 -0.9995 -0.0256
vn -0.0190 -0.9995 -0.0252
vn -0.0137 -0.9999 0.0081
vn -0.0428 -0.9991 0.0034
vn -0.0117 -0.9999 -0.0003
vn -0.0034 -1.0000 -0.0009
vn -0.0011 -1.0000 -0.0005
vn -0.0009 -1.0000 -0.0003
vn -0.0002 -1.0000 -0.0003
vn 0.0001 -1.0000 -0.0003
vn 0.0003 -1.0000 0.0001
vn 0.0004 -1.0000 0.0005
vn 0.0005 -1.0000 0.0004
vn 0.0007 -1.0000 0.0005
vn 0.0037 -1.0000 0.0079
vn -0.0058 -0.9999 -0.0155
vn 0.0206 -0.9994 -0.0291
vn -0.0004 -1.0000 -0.0011
vn 0.0000 0.9737 -0.2278
vn -0.0000 -0.4234 -0.9059
vn -0.9996 0.0204 0.0200
vn -0.9973 0.0663 0.0316
vn -1.0000 -0.0033 0.0067
vn -0.9998 0.0164 0.0150
vn -0.9992 -0.0096 0.0391
vn -1.0000 0.0001 0.0027
vn -1.0000 0.0011 0.0069
vn -0.9998 -0.0182 0.0081
vn -0.9992 -0.0143 0.0384
vn -0.9995 -0.0225 0.0226
vn -0.9905 -0.0142 0.1369
vn 0.9776 -0.1400 -0.1569
vn 0.9994 0.0246 0.0229
vn 1.0000 -0.0041 -0.0015
vn 0.9999 -0.0033 0.0140
vn 1.0000 -0.0008 -0.0007
vn -0.9918 0.1236 0.0324
vn -0.9722 0.2321 0.0317
vn 1.0000 -0.0048 0.0004
vn 1.0000 -0.0029 0.0005
vn 0.9466 -0.1470 -0.2871
vn 0.9999 0.0048 0.0090
vn -0.9468 -0.1473 -0.2862
vn -1.0000 -0.0019 0.0070
vn -0.9999 0.0008 0.0103
vn 0.9999 -0.0044 -0.0095
vn 0.9530 -0.2954 -0.0668
vn 1.0000 -0.0055 0.0029
vn -1.0000 0.0006 0.0008
vn -0.9569 0.2836 0.0625
vn -1.0000 0.0062 0.0025
vn -0.9531 -0.2949 -0.0681
vn -0.9999 -0.0068 -0.0087
vn -0.9999 0.0141 -0.0012
vn 0.9551 0.2354 -0.1801
vn 1.0000 0.0022 -0.0034
vn 1.0000 0.0034 -0.0021
vn -1.0000 -0.0008 0.0057
vn -0.9543 0.2375 -0.1814
vn -1.0000 -0.0032 0.0030
vn 0.7984 0.5840 0.1465
vn 0.9566 0.2845 -0.0626
vn 0.9567 0.2845 0.0613
vn 0.7962 0.5858 -0.1513
vn 0.7343 0.2426 -0.6340
vn 0.9353 0.0030 -0.3539
vn 0.9412 0.1535 -0.3009
vn 0.6941 -0.5569 -0.4561
vn 0.9417 -0.2672 -0.2043
vn 0.7983 -0.5837 0.1482
vn 0.9555 -0.2876 0.0660
vn -0.9145 -0.2956 0.2762
vn -0.7978 -0.5786 0.1694
vn -0.9571 -0.2819 0.0670
vn -0.9481 -0.1577 0.2762
vn -0.6181 -0.6321 0.4673
vn -0.9441 -0.0106 0.3295
vn -0.7428 -0.2357 0.6266
vn -0.7294 0.2385 0.6411
vn -0.9490 0.1446 0.2800
vn -0.7663 0.4701 0.4380
vn -0.9539 0.2385 0.1821
vn -0.7965 0.5855 0.1510
vn 0.9999 0.0112 0.0075
vn 1.0000 0.0091 0.0023
vn 0.9999 0.0093 0.0128
vn 0.9547 0.2374 0.1796
vn 0.9998 -0.0016 0.0184
vn 0.9480 0.1569 0.2769
vn 0.9487 -0.1411 0.2829
vn 0.9999 -0.0048 0.0091
vn 0.9997 -0.0199 0.0115
vn 0.9999 -0.0111 0.0011
vn 0.9136 -0.3382 0.2257
vn -0.9325 -0.2680 -0.2420
vn -1.0000 -0.0060 0.0005
vn -0.9571 0.2830 -0.0627
vn -0.9455 0.1522 -0.2878
vn 0.6960 -0.2562 -0.6708
vn -0.9377 0.0076 -0.3473
vn -0.6962 -0.2559 -0.6707
vn -0.7413 -0.0029 -0.6711
vn 0.7953 -0.5866 -0.1532
vn -0.7978 0.5848 -0.1465
vn -0.7941 -0.5881 -0.1531
vn -0.6923 -0.5584 -0.4571
vn 0.7638 0.4702 -0.4422
vn -0.7693 0.4688 -0.4340
vn -0.7382 0.2405 -0.6302
vn 1.0000 0.0085 -0.0009
vn -0.9998 -0.0188 0.0059
vn -0.9999 -0.0015 0.0103
vn -0.9999 0.0081 0.0151
vn -0.9999 0.0105 0.0080
vn 0.7684 0.4663 0.4384
vn 0.7327 0.2438 0.6354
vn 0.9420 -0.0122 0.3354
vn 0.7571 -0.0046 0.6533
vn 0.7349 -0.2343 0.6365
vn 0.6225 -0.6205 0.4770
vn -1.0000 0.0022 -0.0023
vn -0.9999 -0.0110 -0.0020
vn 0.9999 0.0146 -0.0060
vn -1.0000 -0.0011 0.0006
vn 1.0000 0.0005 0.0004
vn -0.0060 -0.9999 0.0096
vn -0.0061 -0.9999 0.0093
vn -0.6975 -0.7159 0.0309
vn 0.8279 -0.5609 0.0096
vn -0.6932 -0.7201 0.0308
vn -0.9190 -0.3925 0.0372
vn 0.9547 -0.2974 0.0074
vn -0.9992 -0.0107 0.0387
vn -1.0000 -0.0054 -0.0079
vn -0.9999 -0.0054 0.0093
vn 0.9996 0.0273 0.0044
vn 0.9999 0.0099 0.0071
vn 0.9999 0.0105 -0.0089
vn 0.9999 -0.0009 -0.0120
vn 0.9999 0.0037 -0.0119
vn 1.0000 -0.0085 0.0036
vn 0.9999 -0.0048 0.0130
vn 1.0000 0.0004 0.0029
vn 1.0000 -0.0021 0.0073
vn 1.0000 -0.0008 0.0043
vn 1.0000 -0.0022 0.0096
vn 0.9999 -0.0017 0.0137
vn 0.9996 0.0105 0.0250
vn -0.9992 0.0072 -0.0403
vn -1.0000 0.0082 0.0039
vn -0.9987 -0.0165 0.0478
vn -0.9760 -0.1464 -0.1610
vn -0.9992 -0.0328 -0.0246
vn -0.9998 0.0208 0.0029
vn -0.9999 0.0095 -0.0079
vn -0.9994 -0.0061 0.0342
vn -0.9993 -0.0184 0.0327
vn -0.9999 -0.0072 0.0134
vn 1.0000 0.0074 -0.0003
vn 0.8889 -0.4174 0.1886
vn 0.9954 0.0678 0.0676
vn 0.9996 -0.0272 0.0067
vn 0.9999 -0.0096 0.0075
vn 0.4070 0.9002 -0.1547
vn 0.0000 0.9991 -0.0422
vn 0.2152 0.9747 -0.0596
vn 0.0015 0.9713 -0.2381
vn 0.2678 0.7807 -0.5645
vn -0.0000 0.8554 -0.5180
vn 0.0063 -0.9306 0.3659
vn 0.3662 -0.9000 -0.2364
vn 0.4138 -0.8507 0.3243
vn 0.2651 0.0116 -0.9641
vn -0.0000 -0.1611 -0.9869
vn 0.0000 0.3503 -0.9366
vn 0.3078 0.1497 -0.9396
vn -0.0000 0.1611 -0.9869
vn 0.2483 -0.3053 -0.9193
vn 0.0000 -0.5998 -0.8002
vn -0.0000 -0.3522 -0.9359
vn 0.0004 -0.9735 -0.2285
vn 0.2823 -0.8010 -0.5280
vn -0.0005 1.0000 -0.0065
vn 0.1932 0.9806 -0.0344
vn -0.0000 0.9999 -0.0150
vn 0.2053 0.8275 0.5226
vn -0.0000 0.6940 0.7200
vn 0.1870 0.6840 0.7051
vn -0.0020 0.8453 0.5342
vn 0.2167 0.9237 0.3159
vn 0.0000 0.9468 0.3219
vn -0.0023 0.9992 -0.0393
vn 0.2097 0.9758 -0.0625
vn 0.2129 0.9766 -0.0312
vn 0.2658 0.9639 -0.0173
vn 0.0000 1.0000 -0.0036
vn 0.0003 0.4404 0.8978
vn 0.1660 0.5464 0.8209
vn 0.0000 0.5435 0.8394
vn 0.2184 0.9674 0.1280
vn 0.0000 0.9936 0.1129
vn 0.0109 0.2767 0.9609
vn 0.0104 0.3415 0.9398
vn 0.0123 0.2765 0.9609
vn 0.0122 0.1827 0.9831
vn 0.0119 0.1827 0.9831
vn 0.0121 0.1065 0.9942
vn 0.0121 0.1059 0.9943
vn 0.0105 0.0317 0.9994
vn 0.0096 0.0309 0.9995
vn 0.0119 -0.0475 0.9988
vn 0.0141 -0.0481 0.9987
vn 0.0140 -0.1066 0.9942
vn 0.0143 -0.1068 0.9942
vn 0.0175 -0.1411 0.9898
vn 0.0159 -0.1405 0.9899
vn 0.0145 -0.1569 0.9875
vn 0.0153 -0.1578 0.9874
vn -0.0019 0.9998 -0.0174
vn 0.2217 0.9751 0.0002
vn 0.0122 0.4049 0.9143
vn 0.0079 0.4049 0.9143
vn 0.0155 0.4157 0.9094
vn 0.6447 0.7594 -0.0872
vn 0.2222 0.9742 -0.0387
vn 0.6750 0.7304 -0.1045
vn 0.6223 0.4268 0.6562
vn 0.1488 0.4454 0.8829
vn 0.5734 0.3668 0.7326
vn 0.1615 0.3833 0.9094
vn 0.6254 0.7781 -0.0582
vn 0.6543 0.7552 -0.0391
vn 0.6307 0.7342 0.2515
vn 0.6498 0.6370 0.4146
vn 0.6402 0.5326 0.5535
vn 0.6254 0.7746 0.0942
vn 0.9458 0.2952 -0.1354
vn 0.9624 0.2269 -0.1495
vn 0.9575 0.1283 -0.2583
vn 0.9578 0.1520 0.2441
vn 0.9430 0.1468 0.2988
vn 0.5310 0.3348 0.7784
vn 0.9390 0.3417 -0.0391
vn 0.9572 0.2870 -0.0376
vn 0.9674 0.2362 -0.0912
vn 0.9434 0.2952 0.1513
vn 0.9468 0.2354 0.2193
vn 0.9592 0.1708 0.2252
vn 0.8864 0.4607 0.0459
vn 0.5989 0.8006 -0.0167
vn 0.9847 -0.1665 0.0514
vn 0.9867 -0.1552 0.0476
vn 0.9904 0.0802 0.1123
vn 0.9053 0.4242 -0.0215
vn 0.9019 -0.2844 -0.3252
vn 0.9341 -0.3266 -0.1445
vn 0.9257 -0.3768 -0.0339
vn 0.9471 -0.3074 -0.0919
vn 0.9564 -0.1776 -0.2317
vn 0.9956 0.0012 -0.0932
vn 0.9828 -0.0894 -0.1615
vn 0.5743 0.1864 -0.7972
vn 0.9048 -0.0295 -0.4248
vn 0.0067 0.3791 0.9253
vn 0.0089 0.3389 0.9408
vn 0.0293 -0.2026 0.9788
vn 0.0115 -0.1554 0.9878
vn 0.0103 -0.1671 0.9859
vn 0.0000 -0.1635 0.9865
vn 0.0079 -0.1652 0.9862
vn -0.0005 -0.1695 0.9855
vn 0.0047 -0.1635 0.9865
vn 0.9546 -0.2236 -0.1968
vn 0.9684 -0.1862 -0.1660
vn 0.7086 0.7048 -0.0331
vn 0.9019 -0.4302 0.0393
vn 0.8862 -0.4455 0.1275
vn 0.9942 -0.1077 0.0047
vn 0.0011 0.9977 -0.0672
vn 0.8801 -0.2438 0.4074
vn 0.5168 0.2303 0.8246
vn 0.3606 0.1612 0.9187
vn -0.0056 -0.9999 0.0127
vn 0.2478 -0.9622 -0.1128
vn -0.2111 -0.9771 0.0262
vn 0.4353 -0.5234 0.7325
vn 0.0000 -0.8002 0.5997
vn -0.0000 -0.5627 0.8267
vn 0.5734 0.7960 0.1937
vn 0.0000 0.8349 0.5505
vn 0.3709 0.7952 0.4796
vn -0.0005 -0.1422 0.9898
vn 0.3626 0.0016 0.9319
vn 0.3367 -0.1436 0.9306
vn 0.4066 -0.2923 0.8656
vn -0.0000 0.3074 0.9516
vn 0.3377 0.1433 0.9303
vn 0.0000 0.1431 0.9897
vn 0.4052 0.4950 0.7686
vn 0.0000 0.7710 0.6368
vn 0.4927 0.7048 0.5103
vn -0.1912 -0.3815 -0.9044
vn 0.0033 -0.4257 -0.9049
vn -0.1963 -0.4639 -0.8639
vn -0.0000 -1.0000 0.0063
vn -0.1949 -0.8311 -0.5209
vn -0.0000 -0.6978 -0.7163
vn 0.0000 -0.8482 -0.5296
vn -0.2059 -0.9266 -0.3146
vn -0.0000 -0.9472 -0.3207
vn -0.0004 -0.9993 0.0378
vn -0.1964 -0.9785 0.0625
vn -0.0000 -0.9979 0.0651
vn -0.2470 -0.9690 0.0061
vn 0.0000 -1.0000 0.0036
vn 0.0057 -0.5421 -0.8403
vn -0.1776 -0.6851 -0.7065
vn -0.2057 -0.9704 -0.1265
vn 0.0024 -0.3240 -0.9460
vn 0.1347 -0.2491 -0.9590
vn 0.0032 -0.2584 -0.9660
vn 0.3691 -0.1675 -0.9142
vn -0.0043 -0.1818 -0.9833
vn 0.3265 -0.1180 -0.9378
vn -0.0017 -0.1173 -0.9931
vn 0.2686 -0.0416 -0.9624
vn 0.0047 -0.0362 -0.9993
vn 0.3354 0.0239 -0.9418
vn 0.0004 0.0316 -0.9995
vn 0.2763 0.0653 -0.9588
vn -0.0030 0.0760 -0.9971
vn 0.5242 0.0864 -0.8472
vn 0.0006 0.1315 -0.9913
vn 0.3137 0.1725 -0.9337
vn -0.0000 0.1622 -0.9868
vn -0.0002 -0.9998 0.0209
vn 0.0045 -0.9932 -0.1164
vn 0.1562 -0.4219 -0.8931
vn -0.0010 -0.2951 -0.9555
vn 0.1964 -0.2613 -0.9451
vn -0.6421 -0.7605 0.0966
vn -0.2053 -0.9780 0.0370
vn -0.4362 -0.5265 -0.7298
vn -0.1472 -0.5715 -0.8073
vn -0.5978 -0.3688 -0.7118
vn -0.5511 -0.3254 -0.7684
vn -0.5905 -0.8050 0.0571
vn -0.2060 -0.9781 0.0294
vn -0.6359 -0.7706 0.0433
vn -0.6934 -0.7188 0.0508
vn -0.5985 -0.7619 -0.2477
vn -0.4685 -0.6491 -0.5993
vn -0.6284 -0.6580 -0.4150
vn -0.5795 -0.8088 -0.1001
vn -0.2031 -0.9790 0.0167
vn -0.5595 -0.8286 0.0206
vn -0.9443 -0.3009 0.1333
vn -0.6585 -0.7459 0.1002
vn 0.2079 -0.9043 -0.3728
vn -0.8712 -0.2592 -0.4169
vn -0.9433 -0.1368 -0.3025
vn -0.9041 -0.1794 -0.3878
vn -0.9224 -0.3851 0.0295
vn -0.9550 -0.2946 0.0342
vn -0.9575 -0.2764 0.0824
vn -0.9347 -0.3262 -0.1415
vn -0.8705 -0.3805 -0.3122
vn -0.8925 -0.3670 -0.2623
vn -0.7494 -0.6493 -0.1298
vn -0.8561 -0.5164 0.0206
vn -0.9661 -0.2536 0.0491
vn -0.9771 -0.2003 0.0716
vn -0.8646 -0.5013 0.0338
vn -0.8726 -0.4860 0.0495
vn -0.5999 -0.7797 -0.1794
vn -0.9804 -0.1819 0.0763
vn -0.9640 -0.2340 0.1266
vn -0.9595 -0.2701 0.0803
vn -0.9784 -0.1900 0.0818
vn -0.9210 -0.3218 -0.2195
vn -0.9888 0.0220 -0.1479
vn -0.9628 -0.1184 -0.2428
vn -0.5536 0.1053 -0.8261
vn -0.8629 -0.0295 -0.5046
vn -0.8717 0.0619 -0.4862
vn 0.4289 -0.4821 -0.7640
vn 0.0111 -0.3596 -0.9330
vn 0.0768 -0.2332 -0.9694
vn -0.0000 0.0999 -0.9950
vn 0.3395 -0.2925 -0.8940
vn 0.0000 0.1649 -0.9863
vn 0.3947 -0.0298 -0.9183
vn -0.7585 -0.6497 -0.0508
vn -0.9271 -0.3730 0.0367
vn -0.8850 -0.4503 0.1184
vn -0.7691 -0.6052 0.2054
vn -0.6619 -0.3022 -0.6860
vn -0.9084 -0.2099 -0.3615
vn -0.2623 -0.3178 -0.9112
vn -0.0015 -0.4000 -0.9165
vn 0.8535 0.2851 -0.4361
vn 0.9957 -0.0051 -0.0927
vn 0.9975 -0.0313 -0.0627
vn 0.9981 -0.0123 -0.0599
vn 0.9311 0.3347 -0.1453
vn 0.9932 0.0056 -0.1163
vn 0.0000 -0.0311 0.9995
vn 0.3493 -0.3056 0.8858
vn 0.3887 -0.0264 0.9210
vn 0.9016 -0.4040 -0.1544
vn 0.9413 0.0007 0.3375
vn 0.9069 -0.2785 0.3162
vn 0.8501 0.0121 -0.5264
vn 0.9998 -0.0146 -0.0132
vn 0.9999 -0.0000 -0.0147
vn 0.8788 0.0842 -0.4697
vn 0.9987 -0.0242 -0.0444
vn 0.8266 -0.1594 -0.5398
vn 0.9972 0.0342 -0.0660
vn 0.8456 -0.2986 -0.4426
vn 0.8453 -0.4227 -0.3269
vn 0.9947 -0.0496 -0.0903
vn 0.9368 0.2329 0.2610
vn 0.9930 -0.0799 0.0874
vn 0.6383 0.1518 0.7547
vn 0.8220 -0.0371 0.5683
vn 0.9839 -0.0665 -0.1661
vn 0.8571 0.0219 0.5147
vn 0.9978 -0.0058 0.0658
vn 0.9014 0.0247 0.4323
vn 0.9991 -0.0285 -0.0313
vn 0.9832 -0.0133 0.1818
vn 0.8679 -0.0470 0.4945
vn 0.9984 -0.0298 0.0478
vn 0.9930 -0.0340 0.1129
vn 0.8968 -0.1194 0.4260
vn 0.9889 -0.0425 0.1422
vn 0.9911 -0.1179 -0.0623
vn 0.8881 -0.1070 0.4470
vn 0.9657 -0.1715 0.1951
vn 0.7344 -0.4648 0.4946
vn 0.9345 -0.3337 0.1236
vn 0.5260 -0.8387 0.1413
vn 0.8185 -0.1730 -0.5478
vn 0.8757 -0.1650 -0.4537
vn 0.8270 -0.3253 -0.4585
vn 0.5382 -0.8078 0.2404
vn -0.0100 -0.9363 0.3510
vn 0.5606 -0.7751 0.2915
vn 0.5711 -0.8114 0.1249
vn 0.0536 -0.9853 -0.1620
vn 0.0669 -0.9874 0.1435
vn 0.4877 -0.7373 -0.4676
vn 0.3317 -0.8397 -0.4300
vn 0.2043 -0.9549 -0.2155
vn 0.2755 -0.9522 -0.1321
vn -0.2978 -0.9522 -0.0686
vn 0.3266 -0.9426 0.0700
vn -0.1923 -0.9813 0.0025
vn 0.3719 -0.9267 -0.0533
vn 0.5015 -0.6482 -0.5730
vn 0.6535 -0.7417 -0.1510
vn 0.0028 -0.3962 -0.9182
vn 0.6392 0.0005 -0.7690
vn -0.0072 -0.0188 -0.9998
vn 0.0018 0.0495 -0.9988
vn 0.2080 -0.0604 -0.9763
vn -0.0094 -0.0985 -0.9951
vn 0.4332 -0.2589 -0.8633
vn 0.0916 -0.2769 -0.9565
vn 0.3621 -0.9235 -0.1267
vn 0.3281 -0.9446 -0.0102
vn -0.0469 -0.9918 -0.1186
vn 0.6892 0.0797 0.7201
vn 0.2366 -0.9587 -0.1577
vn 0.0000 -0.8835 -0.4684
vn 0.2670 -0.8541 -0.4464
vn 0.7190 -0.6947 -0.0194
vn 0.7086 -0.6233 -0.3306
vn 0.8989 -0.4016 0.1753
vn 0.9280 -0.3288 -0.1749
vn 0.5389 -0.8171 -0.2048
vn 0.2618 -0.9125 -0.3144
vn 0.5990 -0.7346 -0.3186
vn 0.3329 -0.9217 0.1991
vn -0.2111 -0.9719 0.1038
vn 0.3730 -0.8985 0.2315
vn -0.1086 -0.9718 0.2095
vn 0.0396 -0.9491 0.3124
vn -0.0058 -0.9554 0.2953
vn 0.5460 -0.3341 -0.7683
vn 0.0190 -0.8102 -0.5858
vn 0.4149 -0.5082 0.7547
vn 0.4781 -0.7918 0.3801
vn 0.1217 -0.9153 0.3839
vn 0.1166 -0.9387 -0.3245
vn -0.0108 -0.4302 -0.9027
vn 0.0379 -0.0510 -0.9980
vn -0.0262 -0.3126 -0.9495
vn 0.0146 -0.2481 0.9686
vn 0.0121 -0.1654 0.9862
vn 0.2828 0.1624 -0.9453
vn 0.9988 -0.0177 -0.0466
vn 0.8468 -0.0394 0.5305
vn 0.9119 -0.0846 0.4016
vn 0.0000 0.1494 -0.9888
vn 0.9994 -0.0317 -0.0162
vn 0.2515 0.3656 0.8961
vn -0.0000 0.2781 0.9605
vn 0.0461 0.2688 0.9621
vn -0.0000 0.1826 0.9832
vn 0.0629 0.1727 0.9830
vn 0.1720 0.1377 0.9754
vn 0.0000 0.0319 0.9995
vn 0.0426 0.0229 0.9988
vn 0.0000 -0.0481 0.9988
vn 0.1265 -0.1100 0.9859
vn 0.1545 -0.0529 0.9866
vn 0.2304 0.3699 0.9000
vn 0.0000 0.3404 0.9403
vn -0.0288 0.6133 0.7893
vn 0.3147 0.3690 0.8746
vn 0.1441 0.6580 0.7391
vn -0.1298 0.5790 0.8049
vn 0.1935 0.3142 0.9294
vn 0.3672 0.2340 0.9002
vn 0.2667 0.4919 0.8288
vn 0.0002 -0.1603 0.9871
vn 0.2730 -0.4027 0.8737
vn 0.2841 -0.1551 0.9462
vn -0.0015 0.4090 0.9125
vn 0.2248 0.3667 0.9028
vn 0.0169 0.3829 0.9236
vn 0.7410 0.2327 0.6299
vn 0.6200 0.2240 0.7519
vn 0.8958 0.1548 0.4167
vn 0.4492 0.3537 0.8204
vn 0.7128 0.1338 0.6885
vn 0.4713 0.2041 0.8580
vn 0.8836 0.0573 0.4648
vn 0.5863 0.0221 0.8098
vn 0.6969 0.0305 0.7165
vn 0.5054 0.1103 0.8558
vn 0.8721 -0.0136 0.4892
vn 0.5910 -0.0528 0.8050
vn 0.8659 -0.0486 0.4979
vn 0.6348 -0.0608 0.7703
vn 0.9121 -0.0541 0.4064
vn 0.7131 -0.1145 0.6916
vn 0.9111 -0.0638 0.4071
vn 0.9000 -0.3035 0.3127
vn 0.7475 -0.1133 0.6545
vn 0.7769 -0.3340 0.5337
vn 0.0000 0.9436 0.3312
vn -0.3912 0.7502 0.5330
vn -0.5137 0.8065 0.2928
vn -0.3386 0.8098 0.4791
vn -0.4030 0.8711 0.2805
vn -0.1110 0.8846 0.4529
vn -0.1214 0.9603 0.2512
vn 0.2776 0.8788 0.3882
vn 0.2954 0.9195 0.2594
vn 0.6984 0.6373 0.3257
vn 0.6084 0.6175 0.4986
vn 0.8500 0.2331 0.4725
vn 0.6724 0.0064 0.7401
vn 0.7256 0.2775 0.6297
vn 0.7732 -0.1714 0.6106
vn 0.7390 -0.0502 0.6718
vn 0.6733 0.2773 0.6854
vn 0.8591 0.1973 0.4722
vn 0.8555 0.1597 0.4926
vn 0.6747 0.2922 0.6778
vn 0.0006 0.4025 0.9154
vn 0.0158 0.3969 0.9177
vn -0.0075 0.3929 0.9196
vn -0.0119 0.3871 0.9220
vn 0.0188 0.4063 0.9135
vn 0.0258 0.4054 0.9138
vn 0.0095 0.4040 0.9147
vn 0.0006 0.0002 -1.0000
vn 0.5975 0.3215 -0.7346
vn -0.0264 0.4283 -0.9033
vn 0.5013 -0.6205 0.6030
vn -0.0254 -0.4262 0.9043
vn 0.4126 -0.4247 0.8059
vn 0.0115 0.9740 -0.2261
vn 0.6044 0.6219 -0.4979
vn 0.5427 0.8216 -0.1745
vn 0.0208 0.7761 -0.6303
vn -0.0000 0.4018 0.9157
vn -0.9641 -0.0072 -0.2654
vn 0.5526 -0.3521 -0.7554
vn 0.0158 -0.4267 -0.9042
vn 0.4504 -0.6744 -0.5851
vn -0.0576 -0.7736 -0.6311
vn 0.6438 -0.7479 -0.1617
vn -0.0031 -0.9733 -0.2295
vn 0.6099 -0.7660 0.2031
vn -0.0014 -0.9723 0.2339
vn -0.0070 -0.7687 0.6396
vn -0.0185 -0.0062 0.9998
vn 0.5172 -0.0387 0.8550
vn 0.0015 0.4219 0.9066
vn 0.5862 0.3240 0.7425
vn 0.0143 0.7771 0.6293
vn 0.6065 0.6118 0.5078
vn 0.0082 0.9753 0.2208
vn 0.6041 0.7807 0.1600
vn 0.9875 0.0683 -0.1422
vn 0.9156 0.1639 0.3672
vn 0.9901 -0.0653 -0.1246
vn 0.9805 -0.1159 -0.1588
vn 0.9911 -0.0304 -0.1293
vn 0.9855 0.1343 -0.1035
vn 0.9782 0.1991 -0.0587
vn 0.9140 -0.4035 -0.0416
vn 0.9887 0.1448 0.0378
vn 0.9872 0.1265 0.0971
vn -0.0136 -0.4738 -0.8805
vn 0.4357 -0.5920 -0.6780
vn 0.0037 -0.6564 -0.7544
vn 0.3866 -0.4218 -0.8202
vn 0.4550 -0.7279 -0.5130
vn 0.4685 -0.8364 -0.2846
vn 0.0053 -0.8184 -0.5747
vn 0.0130 -0.9421 -0.3351
vn 0.9498 -0.2554 -0.1808
vn 0.9521 -0.2855 -0.1091
vn 0.9402 -0.2214 -0.2589
vn 0.9856 0.0835 0.1471
vn 0.9794 0.0174 0.2013
vn 0.9096 -0.1964 -0.3662
vn 0.9659 -0.0901 0.2427
vn 0.9184 -0.0950 -0.3841
vn 0.9882 -0.1246 0.0889
vn 0.9933 -0.1139 0.0210
vn 0.9960 -0.0893 -0.0010
vn -0.9772 -0.1728 0.1233
vn -0.9023 -0.0944 -0.4206
vn -0.9737 -0.0826 0.2122
vn -0.9844 -0.1718 0.0392
vn -0.9067 -0.2832 -0.3126
vn -0.9803 0.0105 0.1974
vn -0.9105 -0.1972 -0.3633
vn -0.9841 0.0821 0.1578
vn -0.9364 -0.2338 -0.2618
vn -0.9853 0.1341 0.1061
vn -0.9801 0.1979 -0.0131
vn -0.9650 -0.2610 -0.0266
vn -0.9455 -0.3105 -0.0979
vn -0.9432 -0.2752 -0.1861
vn -0.9836 0.1729 0.0508
vn -0.9841 0.1335 -0.1176
vn -0.9786 0.1121 -0.1726
vn -0.9613 -0.1361 -0.2394
vn -0.9539 -0.2381 -0.1828
vn -0.8112 -0.5837 -0.0350
vn 0.0000 0.1054 0.9944
vn 0.2477 -0.1377 0.9590
vn -0.0000 -0.1065 0.9943
vn -0.0000 -0.1401 0.9901
vn -0.0000 -0.9685 -0.2490
vn 0.3730 -0.8898 0.2627
vn -0.0000 -0.9462 0.3236
vn 0.7740 0.5906 -0.2284
vn 0.6519 0.7104 -0.2652
vn 0.2092 -0.9372 -0.2791
vn 0.0709 -0.9122 -0.4035
vn 0.8362 0.1583 -0.5251
vn 0.9357 -0.0497 -0.3493
vn 0.7782 0.5816 -0.2369
vn 0.4725 -0.8771 0.0866
vn 0.0035 -0.9999 0.0123
vn -0.0000 -0.9969 0.0790
vn 0.8605 0.0742 -0.5040
vn 0.8218 -0.1533 -0.5487
vn 0.3607 0.8788 -0.3125
vn 0.0005 0.9926 -0.1215
vn 0.2802 0.5565 -0.7822
vn 0.0000 0.5884 -0.8086
vn 0.2477 0.3476 -0.9044
vn 0.3063 -0.1505 -0.9400
vn 0.0005 -0.8541 -0.5200
vn 0.2715 -0.5654 -0.7789
vn 0.5046 -0.6995 0.5061
vn -0.0000 -0.9555 0.2950
vn 0.0000 0.0001 1.0000
vn -0.0040 -0.3208 0.9471
vn -0.0005 0.5215 0.8532
vn 0.3998 0.2948 0.8679
vn 0.0049 0.9490 0.3154
vn 0.9115 0.3765 -0.1658
vn 0.8248 0.4185 -0.3801
vn 0.9998 0.0138 -0.0133
vn 0.8329 0.1528 -0.5318
vn 0.8653 -0.0853 -0.4940
vn 0.9988 0.0245 -0.0427
vn 0.9937 0.0041 -0.1117
vn 0.4476 -0.8389 0.3096
vn 0.0200 0.3897 0.9207
vn 0.2375 0.3274 0.9145
vn -0.1162 0.5305 0.8397
vn -0.0001 0.4589 0.8885
vn 0.2646 0.4900 0.8306
vn 0.7144 0.5883 0.3789
vn 0.4493 -0.2312 0.8630
vn 0.1725 -0.9698 0.1725
vn 0.4186 -0.4747 0.7743
vn 0.6573 0.1403 0.7405
vn 0.5982 0.0054 0.8014
vn 0.5151 0.1413 0.8454
vn 0.5059 0.2564 0.8236
vn 0.4692 0.3806 0.7969
vn -0.0067 -0.3492 0.9370
vn 0.0068 0.3277 0.9448
vn 0.7808 0.1701 0.6013
vn 0.3972 0.3082 0.8645
vn 0.7878 0.1724 0.5913
vn 0.4614 0.0739 0.8841
vn 0.7508 0.1232 0.6490
vn 0.7520 0.1231 0.6476
vn 0.2553 0.2284 0.9395
vn 0.5629 0.0867 0.8220
vn 0.5608 0.0813 0.8239
vn 0.2647 0.1252 0.9562
vn 0.7944 0.0258 0.6069
vn 0.7931 0.0185 0.6087
vn 0.3877 -0.0285 0.9213
vn 0.6521 -0.0313 0.7575
vn 0.6659 -0.0423 0.7448
vn 0.3747 -0.0613 0.9251
vn 0.3277 -0.0189 0.9446
vn 0.7006 -0.0707 0.7101
vn 0.7174 -0.0768 0.6924
vn 0.2699 -0.1792 0.9461
vn 0.5254 -0.1166 0.8429
vn 0.5552 -0.1178 0.8233
vn 0.4859 -0.1413 0.8625
vn 0.4926 -0.1430 0.8585
vn 0.5206 0.3309 0.7871
vn 0.0510 0.3909 0.9190
vn 0.3532 -0.1071 -0.9294
vn 0.4107 0.3090 0.8578
vn 0.5194 0.3278 0.7891
vn 0.1452 -0.7447 0.6515
vn -0.0980 -0.9835 0.1519
vn 0.4291 -0.7645 0.4810
vn 0.4736 -0.3664 0.8009
vn 0.5224 -0.2160 0.8249
vn 0.7623 -0.4049 0.5049
vn 0.8387 -0.4625 0.2876
vn 0.0000 0.5383 0.8428
vn 0.9164 0.3953 0.0631
vn 0.6611 0.0021 0.7503
vn 0.6341 -0.1308 0.7621
vn 0.7359 -0.2402 0.6331
vn 0.6372 0.1285 0.7599
vn 0.7226 0.4035 0.5613
vn 0.3096 -0.2800 -0.9087
vn 0.7197 -0.1326 -0.6815
vn 0.6492 -0.1054 -0.7533
vn 0.5431 -0.0497 -0.8382
vn 0.6599 0.0088 -0.7513
vn 0.5799 0.0522 -0.8130
vn 0.8845 0.0237 -0.4659
vn 0.4443 0.0313 -0.8953
vn 0.5495 0.1239 -0.8262
vn 0.8268 -0.0431 -0.5608
vn 0.4046 -0.5210 -0.7515
vn 0.6566 -0.5226 -0.5438
vn -0.9202 -0.3741 0.1151
vn -0.7144 -0.6972 -0.0601
vn -0.4726 -0.8327 -0.2885
vn -0.9478 -0.3152 0.0482
vn -0.9190 -0.3878 0.0706
vn -0.8722 -0.4806 0.0911
vn -0.6618 -0.6523 -0.3695
vn -0.8654 -0.2165 -0.4519
vn -0.9744 0.0195 -0.2238
vn -0.2724 0.0026 -0.9622
vn -0.6888 -0.0925 -0.7191
vn -0.6790 -0.2197 -0.7005
vn 0.9773 -0.1645 -0.1335
vn -0.0000 -0.1709 -0.9853
vn 0.0346 -0.1076 -0.9936
vn 0.1211 -0.5975 -0.7926
vn 0.5751 -0.4065 -0.7100
vn 0.6719 -0.1546 -0.7243
vn -0.8093 -0.5868 -0.0276
vn -0.5340 -0.8289 -0.1665
vn -0.7153 -0.6761 0.1771
vn -0.2957 -0.8771 0.3786
vn -0.9500 -0.2967 0.0972
vn -0.8846 -0.4582 0.0871
vn 0.7816 -0.5989 0.1746
vn 0.7324 0.2333 0.6396
vn 0.8130 0.4972 0.3029
vn 0.2977 -0.1682 0.9397
vn -0.8077 -0.5817 -0.0965
vn -0.0428 -0.7344 -0.6774
vn 0.4269 -0.8943 0.1340
vn 0.1983 -0.2568 -0.9459
vn -0.0000 -0.5145 0.8575
vn -0.0000 -0.4575 0.8892
vn 0.5325 0.1260 -0.8370
vn 0.3308 -0.1694 0.9284
vn 0.4089 0.3686 0.8348
vn 0.2766 0.2877 0.9169
vn 0.2625 0.2885 0.9208
vn 0.5305 -0.0308 0.8471
vn 0.5548 -0.8272 -0.0887
vn -0.0040 0.7259 0.6878
vn -0.2360 0.6325 0.7377
vn -0.0000 0.8317 0.5553
vn -0.0000 0.8225 0.5688
vn -0.1656 0.6248 0.7630
vn -0.2568 0.6374 0.7264
vn -0.0281 0.6440 0.7645
vn -0.1629 0.6302 0.7592
vn 0.0751 0.5457 0.8346
vn -0.0478 0.6354 0.7707
vn 0.2319 0.5363 0.8116
vn 0.0793 0.5238 0.8482
vn 0.2424 0.5452 0.8025
vn 0.4127 0.3841 0.8259
vn 0.8335 -0.0114 0.5523
vn -0.9134 0.1557 -0.3761
vn -0.8556 -0.0525 -0.5150
vn 0.4823 0.0277 -0.8756
vn -0.8464 -0.3576 0.3946
vn -0.8502 -0.2509 0.4628
vn -0.8661 0.4842 -0.1243
vn -0.9391 0.2576 -0.2275
vn -0.8802 -0.1479 -0.4509
vn -0.8592 -0.4179 -0.2951
vn -0.9376 -0.3313 -0.1052
vn -0.9353 -0.3358 0.1113
vn -0.8855 -0.0352 0.4634
vn -0.9112 0.1516 0.3831
vn -0.9221 0.2975 0.2473
vn -0.9057 0.4165 0.0795
vn -0.7824 -0.4104 -0.4684
vn -0.6987 -0.3432 -0.6277
vn -0.8082 -0.4768 -0.3455
vn -0.8181 -0.5376 -0.2044
vn 0.4923 -0.7216 -0.4866
vn 0.6822 -0.3942 -0.6158
vn 0.5659 -0.8030 -0.1870
vn -0.3810 0.9162 -0.1241
vn -0.2678 0.7807 -0.5646
vn -0.4068 0.8652 -0.2932
vn -0.3662 -0.9000 -0.2364
vn -0.2517 0.0029 -0.9678
vn -0.2979 0.1684 -0.9396
vn -0.2256 -0.3295 -0.9168
vn -0.2823 -0.8010 -0.5279
vn -0.2113 0.9768 -0.0348
vn -0.2147 0.9761 -0.0343
vn -0.2059 0.8284 0.5209
vn -0.2167 0.9243 0.3143
vn -0.2097 0.9758 -0.0625
vn -0.2619 0.9650 -0.0104
vn -0.1674 0.5453 0.8214
vn -0.1868 0.6841 0.7051
vn -0.2166 0.9682 0.1256
vn -0.0097 0.2756 0.9612
vn -0.0103 0.3418 0.9397
vn -0.0112 0.3395 0.9406
vn -0.0124 0.1822 0.9832
vn -0.0119 0.2765 0.9609
vn -0.0112 0.1052 0.9944
vn -0.0117 0.1826 0.9831
vn -0.0165 0.0323 0.9993
vn -0.0127 0.1050 0.9944
vn -0.0140 -0.0469 0.9988
vn -0.0168 0.0327 0.9993
vn -0.0136 -0.1057 0.9943
vn -0.0129 -0.0486 0.9987
vn -0.0185 -0.1396 0.9900
vn -0.0143 -0.1068 0.9942
vn -0.0154 -0.1568 0.9875
vn -0.0161 -0.1405 0.9900
vn -0.2217 0.9751 0.0002
vn -0.0122 0.4048 0.9143
vn -0.0089 0.4049 0.9143
vn -0.0066 0.3790 0.9254
vn -0.6482 0.7527 -0.1153
vn -0.6209 0.4223 0.6604
vn -0.1476 0.4461 0.8827
vn -0.1546 0.3889 0.9082
vn -0.5726 0.3637 0.7348
vn -0.5309 0.3353 0.7783
vn -0.2146 0.9763 -0.0286
vn -0.6254 0.7781 -0.0582
vn -0.6658 0.7451 -0.0387
vn -0.7307 0.6807 -0.0518
vn -0.6311 0.7338 0.2517
vn -0.6498 0.6370 0.4146
vn -0.6510 0.5080 0.5641
vn -0.6226 0.7766 0.0966
vn -0.9469 0.2889 -0.1410
vn -0.6757 0.7297 -0.1051
vn -0.9446 0.2295 -0.2345
vn -0.8250 0.5180 -0.2258
vn -0.9573 0.1488 0.2477
vn -0.9345 0.1650 0.3155
vn -0.9084 0.1824 0.3762
vn -0.9390 0.3417 -0.0391
vn -0.9716 0.2221 -0.0816
vn -0.9581 0.2845 -0.0324
vn -0.9389 0.3093 0.1508
vn -0.9468 0.2354 0.2193
vn -0.9599 0.1693 0.2233
vn -0.8801 0.4631 0.1043
vn -0.5970 0.8020 -0.0179
vn -0.9847 -0.1665 0.0514
vn -0.9971 0.0636 -0.0416
vn -0.9057 0.4232 -0.0234
vn -0.9960 -0.0890 0.0121
vn -0.9017 -0.2838 -0.3263
vn -0.9366 -0.3313 -0.1143
vn -0.9817 -0.1580 -0.1064
vn -0.9471 -0.3074 -0.0919
vn -0.9257 -0.3767 -0.0339
vn -0.9564 -0.1776 -0.2317
vn -0.9956 0.0010 -0.0932
vn -0.5633 0.0741 -0.8229
vn -0.9068 -0.0157 -0.4213
vn -0.0106 -0.1551 0.9878
vn 0.0299 -0.2115 0.9769
vn -0.0112 -0.1667 0.9859
vn -0.0081 -0.1648 0.9863
vn -0.9546 -0.2236 -0.1967
vn -0.9602 0.2473 -0.1302
vn -0.9019 -0.4302 0.0394
vn -0.8862 -0.4453 0.1280
vn -0.9835 -0.1772 0.0351
vn -0.9846 -0.0869 -0.1520
vn -0.8821 -0.1987 0.4272
vn -0.5083 0.2279 0.8305
vn -0.2648 -0.9587 -0.1041
vn 0.1966 -0.9802 0.0247
vn -0.4270 -0.5185 0.7408
vn -0.5043 -0.6988 0.5073
vn -0.5772 0.7774 0.2500
vn -0.3627 0.0016 0.9319
vn -0.4066 -0.2923 0.8656
vn -0.3486 0.1522 0.9248
vn -0.4097 0.5023 0.7615
vn 0.2339 -0.3646 -0.9013
vn 0.2008 -0.9791 0.0323
vn 0.1944 -0.8301 -0.5226
vn 0.2059 -0.9266 -0.3146
vn 0.1964 -0.9785 0.0625
vn 0.2006 -0.9791 0.0344
vn 0.2526 -0.9675 0.0137
vn 0.1474 -0.5898 -0.7940
vn 0.1791 -0.6845 -0.7066
vn 0.2057 -0.9704 -0.1265
vn -0.3993 -0.2614 -0.8787
vn -0.1980 -0.3529 -0.9145
vn -0.1368 -0.1799 -0.9741
vn -0.1640 -0.1131 -0.9800
vn -0.2686 -0.0428 -0.9623
vn -0.3880 0.0202 -0.9215
vn -0.4904 0.0522 -0.8699
vn -0.4851 0.0894 -0.8699
vn -0.2902 0.1478 -0.9455
vn 0.2124 -0.9772 -0.0000
vn -0.5057 -0.4082 -0.7600
vn 0.6328 -0.7685 0.0945
vn 0.6616 -0.7427 0.1036
vn 0.4418 -0.4762 -0.7603
vn 0.2052 -0.4616 -0.8630
vn 0.6558 -0.2744 -0.7033
vn 0.5929 -0.8029 0.0620
vn 0.6848 -0.7253 0.0703
vn 0.6395 -0.7678 0.0391
vn 0.5954 -0.7570 -0.2691
vn 0.6388 -0.6435 -0.4218
vn 0.5080 -0.5735 -0.6427
vn 0.5795 -0.8088 -0.1001
vn 0.5595 -0.8286 0.0206
vn 0.9431 -0.3058 0.1306
vn 0.9618 -0.2324 0.1447
vn -0.2103 -0.9140 -0.3469
vn 0.0157 -0.9082 -0.4182
vn 0.8757 -0.1965 -0.4410
vn 0.9519 -0.0550 -0.3013
vn 0.5748 -0.3237 -0.7515
vn 0.9261 -0.3747 0.0441
vn 0.9568 -0.2793 0.0812
vn 0.9530 -0.3022 0.0198
vn 0.9350 -0.3250 -0.1417
vn 0.8895 -0.4246 -0.1685
vn 0.8750 -0.3437 -0.3409
vn 0.7494 -0.6491 -0.1303
vn 0.8561 -0.5164 0.0206
vn 0.9700 -0.2332 0.0690
vn 0.7037 -0.6995 -0.1245
vn 0.8721 -0.4868 0.0492
vn 0.5996 -0.7805 -0.1770
vn 0.9804 -0.1818 0.0763
vn 0.9256 -0.3781 0.0145
vn 0.9595 -0.2701 0.0803
vn 0.9784 -0.1900 0.0817
vn 0.8976 -0.3618 -0.2519
vn 0.9832 -0.0729 -0.1672
vn 0.5530 0.0857 -0.8288
vn 0.8996 -0.0226 -0.4362
vn -0.1152 -0.2478 -0.9619
vn -0.3312 -0.2994 -0.8948
vn -0.3886 -0.0257 -0.9211
vn -0.4659 0.1252 -0.8759
vn 0.7585 -0.6495 -0.0526
vn 0.8850 -0.4503 0.1180
vn 0.7691 -0.6060 0.2030
vn 0.9652 -0.2530 0.0664
vn 0.9684 -0.1211 -0.2179
vn 0.9049 -0.1773 -0.3868
vn 0.7120 -0.2755 -0.6459
vn 0.9015 -0.1879 -0.3898
vn 0.3461 -0.2821 -0.8948
vn -0.9957 -0.0051 -0.0927
vn -0.8520 0.2898 -0.4360
vn -0.9975 -0.0313 -0.0627
vn -0.9981 -0.0123 -0.0599
vn -0.9311 0.3347 -0.1452
vn -0.9220 0.3576 -0.1483
vn -0.3493 -0.3056 0.8858
vn -0.9413 0.0007 0.3375
vn -0.9024 -0.4059 -0.1445
vn -0.9070 -0.2786 0.3159
vn -0.9998 -0.0146 -0.0132
vn -0.8469 0.0036 -0.5318
vn -0.9999 -0.0000 -0.0147
vn -0.9987 -0.0242 -0.0444
vn -0.8754 0.0887 -0.4751
vn -0.9972 0.0342 -0.0660
vn -0.8224 -0.1772 -0.5406
vn -0.8456 -0.2986 -0.4426
vn -0.9947 -0.0496 -0.0903
vn -0.8435 -0.4320 -0.3193
vn -0.9937 -0.1117 -0.0086
vn -0.8643 0.1045 0.4920
vn -0.7196 0.1292 0.6822
vn -0.9990 -0.0200 0.0394
vn -0.9695 0.0300 0.2434
vn -0.9973 -0.0347 -0.0654
vn -0.8496 0.0370 0.5261
vn -0.9971 -0.0164 0.0745
vn -0.8990 -0.0071 0.4378
vn -0.9992 -0.0293 -0.0275
vn -0.9059 -0.0457 0.4210
vn -0.9843 -0.0363 0.1727
vn -0.9997 -0.0230 0.0006
vn -0.9912 -0.0402 0.1262
vn -0.9362 -0.1716 0.3066
vn -0.9035 -0.0809 0.4210
vn -0.9911 -0.1179 -0.0623
vn -0.9657 -0.1716 0.1951
vn -0.5622 -0.5502 0.6174
vn -0.9363 -0.3442 0.0696
vn -0.6546 0.0395 0.7549
vn -0.8185 -0.1731 -0.5479
vn -0.8758 -0.1651 -0.4536
vn -0.8666 0.0937 -0.4901
vn 0.0100 -0.9363 0.3510
vn -0.5326 -0.8086 0.2499
vn -0.5606 -0.7750 0.2916
vn -0.0535 -0.9853 -0.1620
vn -0.5711 -0.8113 0.1250
vn -0.0669 -0.9874 0.1435
vn -0.8270 -0.3253 -0.4585
vn -0.4881 -0.7382 -0.4656
vn -0.2043 -0.9549 -0.2155
vn -0.2755 -0.9522 -0.1318
vn -0.6348 -0.7439 -0.2090
vn 0.1924 -0.9813 0.0025
vn -0.3268 -0.9425 0.0695
vn -0.3719 -0.9267 -0.0533
vn -0.4666 -0.6819 -0.5633
vn -0.6528 -0.7421 -0.1520
vn -0.0028 -0.3962 -0.9182
vn -0.6392 0.0015 -0.7691
vn -0.5350 -0.3457 -0.7709
vn -0.0018 0.0495 -0.9988
vn 0.0073 -0.0188 -0.9998
vn 0.0094 -0.0985 -0.9951
vn -0.2165 -0.0611 -0.9744
vn -0.4332 -0.2590 -0.8633
vn -0.3580 -0.1056 -0.9277
vn -0.4036 -0.9121 -0.0716
vn -0.3281 -0.9446 -0.0102
vn -0.5316 -0.7963 0.2886
vn -0.2349 -0.9592 -0.1576
vn -0.2670 -0.8540 -0.4464
vn -0.7133 -0.7009 0.0014
vn -0.7086 -0.6233 -0.3306
vn -0.8991 -0.4008 0.1758
vn -0.9280 -0.3288 -0.1751
vn -0.2618 -0.9125 -0.3144
vn -0.5990 -0.7346 -0.3186
vn 0.2978 -0.9522 -0.0686
vn -0.3317 -0.8397 -0.4300
vn 0.2111 -0.9719 0.1038
vn -0.3349 -0.9230 0.1895
vn 0.1087 -0.9718 0.2095
vn -0.3035 -0.8990 0.3158
vn -0.0396 -0.9491 0.3124
vn 0.0058 -0.9554 0.2953
vn -0.0191 -0.8102 -0.5858
vn -0.4719 -0.4691 0.7465
vn -0.5261 -0.8366 0.1529
vn 0.2785 -0.3874 -0.8788
vn -0.2742 -0.3157 -0.9084
vn -0.0058 -0.1632 0.9866
vn -0.0014 -0.1765 0.9843
vn -0.0123 -0.1648 0.9863
vn -0.0136 -0.2461 0.9691
vn -0.2996 0.0984 -0.9490
vn -0.8752 -0.0830 0.4765
vn -0.9988 -0.0177 -0.0466
vn -0.9119 -0.0845 0.4016
vn -0.0153 -0.1578 0.9874
vn -0.9994 -0.0317 -0.0162
vn -0.2848 0.3217 0.9030
vn -0.0694 0.2393 0.9685
vn -0.2027 0.0938 0.9747
vn -0.1492 -0.0810 0.9855
vn -0.1546 -0.0529 0.9866
vn -0.2286 0.3782 0.8971
vn -0.0005 0.3863 0.9224
vn -0.3122 0.1814 0.9325
vn 0.1429 0.5723 0.8075
vn -0.3123 0.3593 0.8794
vn -0.1915 0.3122 0.9305
vn 0.1292 0.5271 0.8399
vn 0.0599 0.5907 0.8047
vn -0.1415 0.6586 0.7391
vn -0.2667 0.4919 0.8288
vn -0.2642 -0.4031 0.8762
vn -0.2841 -0.1551 0.9462
vn -0.0180 0.4184 0.9081
vn -0.0169 0.3829 0.9236
vn -0.0199 0.3897 0.9207
vn -0.6820 0.1826 0.7082
vn -0.6200 0.2240 0.7519
vn -0.3237 0.2678 0.9075
vn -0.7128 0.1338 0.6885
vn -0.4248 0.1681 0.8895
vn -0.8836 0.0573 0.4648
vn -0.6668 0.0825 0.7407
vn -0.6969 0.0305 0.7165
vn -0.3859 0.0320 0.9220
vn -0.8721 -0.0136 0.4892
vn -0.6171 -0.0350 0.7861
vn -0.8659 -0.0486 0.4979
vn -0.6032 -0.0846 0.7931
vn -0.9121 -0.0541 0.4063
vn -0.7346 -0.0942 0.6720
vn -0.9111 -0.0638 0.4072
vn -0.7578 -0.1055 0.6439
vn -0.9000 -0.3035 0.3128
vn 0.3912 0.7502 0.5330
vn 0.5137 0.8065 0.2929
vn 0.3386 0.8098 0.4791
vn 0.4030 0.8712 0.2804
vn 0.1110 0.8846 0.4529
vn 0.1214 0.9603 0.2512
vn -0.2774 0.8788 0.3882
vn -0.6984 0.6373 0.3258
vn -0.6102 0.6149 0.4996
vn -0.8500 0.2331 0.4725
vn -0.7241 0.2698 0.6348
vn -0.6655 0.0031 0.7464
vn -0.7726 -0.1707 0.6116
vn -0.5823 0.0115 0.8129
vn -0.6729 0.2665 0.6901
vn -0.8591 0.1973 0.4722
vn -0.6694 0.2875 0.6850
vn -0.8958 0.1548 0.4167
vn 0.0015 0.3937 0.9192
vn -0.0150 0.3969 0.9177
vn 0.0037 0.3981 0.9173
vn -0.0188 0.4063 0.9135
vn -0.0095 0.4040 0.9147
vn -0.0268 0.4053 0.9138
vn -0.5974 0.3247 -0.7333
vn -0.0002 -0.0004 -1.0000
vn 0.0261 0.4284 -0.9032
vn -0.5084 -0.6284 0.5888
vn 0.0254 -0.4262 0.9043
vn 0.0070 -0.7687 0.6396
vn -0.0115 0.9740 -0.2261
vn -0.6044 0.6219 -0.4979
vn -0.0208 0.7761 -0.6303
vn 0.9641 -0.0072 -0.2654
vn 0.9598 -0.1141 -0.2564
vn -0.0148 -0.4262 -0.9045
vn -0.5283 0.0597 -0.8470
vn -0.5522 -0.3512 -0.7561
vn -0.4491 -0.6802 -0.5793
vn 0.0576 -0.7736 -0.6311
vn -0.6465 -0.7444 -0.1671
vn 0.0031 -0.9733 -0.2295
vn -0.6099 -0.7662 0.2024
vn 0.0015 -0.9723 0.2339
vn -0.4355 -0.4382 0.7864
vn 0.0185 -0.0062 0.9998
vn -0.0015 0.4220 0.9066
vn -0.5203 -0.0408 0.8530
vn -0.5720 0.3213 0.7547
vn -0.0143 0.7771 0.6293
vn -0.6065 0.6118 0.5078
vn -0.0082 0.9753 0.2208
vn -0.5551 0.8063 -0.2043
vn -0.9883 0.0654 -0.1376
vn -0.9805 -0.1159 -0.1588
vn -0.9901 -0.0653 -0.1245
vn -0.9901 -0.0382 -0.1354
vn -0.9855 0.1342 -0.1035
vn -0.9782 0.1991 -0.0587
vn -0.9140 -0.4035 -0.0415
vn -0.9872 0.1265 0.0972
vn -0.9571 -0.2776 -0.0831
vn -0.4356 -0.5917 -0.6783
vn 0.0136 -0.4738 -0.8805
vn -0.0037 -0.6564 -0.7544
vn -0.3846 -0.4222 -0.8209
vn -0.0916 -0.2769 -0.9565
vn -0.4557 -0.7279 -0.5124
vn -0.0054 -0.8184 -0.5747
vn -0.4816 -0.8258 -0.2935
vn -0.0130 -0.9421 -0.3351
vn -0.9498 -0.2549 -0.1813
vn -0.9858 0.0808 0.1471
vn -0.9401 -0.2207 -0.2597
vn -0.9798 0.0122 0.1995
vn -0.9099 -0.2049 -0.3608
vn -0.9868 -0.1342 0.0904
vn -0.9127 -0.0940 -0.3976
vn -0.9667 -0.0869 0.2407
vn -0.9933 -0.1139 0.0210
vn -0.9960 -0.0893 -0.0010
vn 0.9737 -0.0825 0.2123
vn 0.9023 -0.0944 -0.4206
vn 0.9766 -0.1753 0.1242
vn 0.9035 0.0745 -0.4220
vn 0.9835 -0.1787 0.0292
vn 0.8837 -0.2426 -0.4003
vn 0.9803 0.0109 0.1973
vn 0.9107 -0.1991 -0.3619
vn 0.9841 0.0816 0.1576
vn 0.9853 0.1337 0.1062
vn 0.9352 -0.2370 -0.2633
vn 0.9809 0.1942 -0.0143
vn -0.5008 -0.8608 0.0906
vn 0.9949 -0.0917 -0.0426
vn 0.9414 -0.3251 -0.0893
vn 0.9833 0.1743 0.0530
vn 0.9850 0.1401 -0.1007
vn 0.9751 0.0867 -0.2039
vn 0.9595 -0.2127 -0.1849
vn 0.5835 -0.8120 -0.0133
vn -0.0907 0.1469 0.9850
vn -0.0810 -0.0155 0.9966
vn -0.2478 -0.1377 0.9590
vn -0.3730 -0.8899 0.2627
vn -0.5548 -0.8272 -0.0887
vn -0.5888 0.7666 -0.2562
vn -0.2375 -0.9349 -0.2638
vn -0.8616 0.1161 -0.4941
vn -0.9357 -0.0497 -0.3493
vn -0.8218 -0.1533 -0.5487
vn -0.2668 0.9636 -0.0191
vn -0.4979 -0.8649 0.0630
vn -0.2715 0.5586 -0.7838
vn -0.2487 0.3474 -0.9041
vn -0.2932 -0.1402 -0.9457
vn -0.2713 -0.5654 -0.7789
vn -0.4466 -0.8399 0.3083
vn -0.3444 -0.1292 0.9299
vn -0.3992 0.2950 0.8681
vn -0.4786 0.7097 0.5170
vn -0.8471 0.5045 -0.1668
vn -0.9932 0.0056 -0.1163
vn -0.9998 0.0138 -0.0133
vn -0.8387 0.1535 -0.5225
vn -0.9988 0.0245 -0.0427
vn -0.8723 -0.0912 -0.4804
vn -0.9937 0.0040 -0.1117
vn -0.2373 0.3263 0.9150
vn -0.2072 0.3827 0.9003
vn -0.3728 -0.8739 0.3119
vn -0.4178 0.7655 0.4894
vn -0.7144 0.5883 0.3789
vn -0.2646 0.4900 0.8306
vn -0.7747 -0.3638 0.5172
vn -0.4492 -0.2312 0.8630
vn -0.4186 -0.4747 0.7743
vn -0.1725 -0.9698 0.1725
vn -0.6573 0.1403 0.7404
vn -0.5151 0.1413 0.8454
vn -0.5059 0.2564 0.8236
vn -0.5305 -0.0308 0.8471
vn -0.8663 0.3738 -0.3312
vn -0.3120 0.2505 0.9165
vn -0.0596 0.3293 0.9423
vn -0.7808 0.1701 0.6012
vn -0.3972 0.3082 0.8645
vn -0.4107 0.3090 0.8578
vn -0.4935 0.1438 0.8578
vn -0.7507 0.1232 0.6490
vn -0.7520 0.1231 0.6476
vn -0.2825 0.0926 0.9548
vn -0.5629 0.0867 0.8220
vn -0.3261 0.0176 0.9452
vn -0.7944 0.0258 0.6069
vn -0.5608 0.0813 0.8239
vn -0.3590 -0.0547 0.9318
vn -0.6521 -0.0313 0.7575
vn -0.7931 0.0185 0.6087
vn -0.5905 -0.0988 0.8010
vn -0.7006 -0.0707 0.7101
vn -0.6659 -0.0423 0.7448
vn -0.2262 -0.1448 0.9633
vn -0.5254 -0.1166 0.8429
vn -0.7174 -0.0768 0.6924
vn -0.3458 -0.1547 0.9255
vn -0.4859 -0.1413 0.8625
vn -0.5552 -0.1178 0.8233
vn -0.5206 0.3309 0.7871
vn -0.4692 0.3806 0.7969
vn -0.0537 0.3929 0.9180
vn -0.5195 0.3278 0.7891
vn -0.0764 -0.7082 0.7019
vn 0.1076 -0.4575 0.8827
vn -0.3172 -0.6568 0.6841
vn -0.4623 -0.3665 0.8074
vn -0.4649 -0.2577 0.8470
vn -0.2759 0.1475 0.9498
vn -0.7623 -0.4049 0.5049
vn -0.9164 0.3953 0.0631
vn -0.6611 0.0021 0.7503
vn -0.7359 -0.2402 0.6331
vn -0.6372 0.1286 0.7599
vn -0.7324 0.2333 0.6396
vn -0.7226 0.4035 0.5613
vn -0.4209 -0.3405 -0.8407
vn -0.2816 -0.1894 -0.9406
vn -0.3676 -0.1124 -0.9232
vn -0.5502 -0.0440 -0.8339
vn -0.7417 0.0067 -0.6707
vn -0.8780 0.0168 -0.4783
vn -0.5495 0.1239 -0.8262
vn -0.2448 -0.4370 -0.8655
vn -0.6566 -0.5226 -0.5438
vn 0.9202 -0.3741 0.1151
vn 0.7159 -0.6957 -0.0593
vn 0.4726 -0.8327 -0.2885
vn 0.9478 -0.3152 0.0481
vn 0.9190 -0.3878 0.0706
vn 0.6616 -0.6525 -0.3695
vn 0.8645 -0.2171 -0.4533
vn 0.9747 0.0202 -0.2226
vn 0.2724 0.0026 -0.9622
vn 0.6888 -0.0925 -0.7191
vn -0.9419 -0.1990 0.2706
vn -0.1211 -0.5975 -0.7926
vn -0.5751 -0.4065 -0.7100
vn -0.6719 -0.1546 -0.7243
vn 0.8093 -0.5868 -0.0276
vn 0.5340 -0.8289 -0.1665
vn 0.8722 -0.4806 0.0911
vn 0.7153 -0.6761 0.1771
vn 0.2957 -0.8771 0.3786
vn 0.8842 -0.4589 0.0871
vn -0.7816 -0.5989 0.1746
vn -0.8670 -0.4976 -0.0266
vn -0.3884 -0.0264 0.9211
vn -0.6341 -0.1308 0.7621
vn -0.8130 0.4972 0.3029
vn -0.2977 -0.1663 0.9401
vn 0.8835 -0.4608 -0.0848
vn -0.7816 -0.2086 0.5878
vn 0.1655 -0.6396 -0.7507
vn -0.0733 -0.3211 -0.9442
vn -0.8488 0.0312 -0.5279
vn -0.5325 0.1260 -0.8370
vn -0.0001 -0.4254 0.9050
vn -0.2766 0.2877 0.9169
vn -0.4089 0.3686 0.8348
vn -0.2625 0.2885 0.9208
vn 0.2360 0.6325 0.7377
vn 0.2568 0.6374 0.7264
vn 0.1656 0.6248 0.7630
vn 0.1629 0.6302 0.7592
vn 0.0281 0.6440 0.7645
vn 0.0478 0.6354 0.7707
vn -0.0751 0.5457 0.8346
vn -0.2319 0.5363 0.8116
vn -0.2424 0.5452 0.8025
vn -0.4127 0.3841 0.8259
vn -0.8555 0.1597 0.4926
vn 0.9134 0.1557 -0.3761
vn 0.8556 -0.0525 -0.5150
vn 0.8464 -0.3576 0.3946
vn 0.8502 -0.2509 0.4628
vn 0.8661 0.4842 -0.1243
vn 0.9391 0.2576 -0.2275
vn 0.8802 -0.1479 -0.4509
vn 0.8592 -0.4179 -0.2951
vn 0.9376 -0.3313 -0.1052
vn 0.9353 -0.3358 0.1113
vn 0.8855 -0.0352 0.4634
vn 0.9112 0.1516 0.3831
vn 0.9221 0.2976 0.2474
vn -0.6034 0.7774 0.1778
vn -0.9862 0.1611 0.0381
vn 0.9057 0.4165 0.0795
vn 0.7824 -0.4105 -0.4684
vn 0.6987 -0.3432 -0.6277
vn 0.6790 -0.2197 -0.7005
vn 0.8082 -0.4768 -0.3455
vn 0.8181 -0.5376 -0.2044
vn 0.9420 -0.2780 -0.1881
vn -0.4917 -0.7225 -0.4861
vn -0.6825 -0.3934 -0.6160
vn -0.5663 -0.8026 -0.1874
vn -0.8387 -0.4625 0.2876
vn 0.0026 0.3419 0.9397
vn -0.0208 0.0000 0.9998
vn 0.0020 0.0000 1.0000
vn 0.0036 0.6427 0.7661
vn -0.0236 0.3415 0.9396
vn 0.0713 0.7460 0.6621
vn 0.0521 0.8628 0.5029
vn 0.0675 0.8723 0.4842
vn -0.0060 0.6366 0.7712
vn 0.0621 0.9826 0.1748
vn 0.0087 0.9817 -0.1900
vn 0.0638 0.9979 0.0063
vn 0.1055 0.9824 0.1542
vn 0.0022 0.8661 -0.4998
vn -0.0172 0.9818 -0.1890
vn 0.0025 0.6427 -0.7661
vn -0.0217 0.8666 -0.4985
vn -0.0215 0.3419 -0.9395
vn -0.0217 0.6420 -0.7664
vn 0.0015 0.3422 -0.9396
vn -0.0208 -0.0000 -0.9998
vn 0.0017 -0.3422 -0.9396
vn 0.0020 0.0000 -1.0000
vn 0.0037 -0.6426 -0.7662
vn -0.0203 -0.3399 -0.9402
vn 0.0737 -0.7454 -0.6626
vn 0.0524 -0.8625 -0.5033
vn 0.0689 -0.8690 -0.4899
vn -0.0093 -0.6365 -0.7712
vn 0.0619 -0.9827 -0.1747
vn 0.0089 -0.9818 0.1899
vn 0.0638 -0.9979 -0.0062
vn 0.1054 -0.9824 -0.1540
vn -0.0228 -0.8657 0.5001
vn -0.0175 -0.9817 0.1896
vn 0.0022 -0.8661 0.4999
vn -0.0202 -0.6429 0.7657
vn 0.0022 -0.6427 0.7661
vn -0.0229 -0.3416 0.9396
vn 0.0028 -0.3417 0.9398
vn 0.9964 -0.0547 0.0645
vn 0.9964 -0.0835 0.0147
vn 0.9963 0.0000 0.0855
vn 0.9964 -0.0833 -0.0149
vn 0.9963 -0.0293 -0.0803
vn 0.9964 -0.0736 -0.0422
vn 0.9963 -0.0549 -0.0654
vn 0.9964 0.0292 -0.0800
vn 0.9963 0.0741 -0.0428
vn 0.9963 0.0549 -0.0655
vn 0.9963 0.0844 0.0149
vn 0.9963 0.0550 0.0655
vn 0.9963 0.0740 0.0427
vn 0.9963 0.0291 0.0803
vn 0.9964 -0.0288 0.0802
vn -0.8052 0.4259 0.4126
vn -0.8052 -0.4258 -0.4126
vn -0.8039 0.5933 -0.0415
vn -0.8467 0.5235 -0.0957
vn -0.8556 0.3327 -0.3966
vn -0.8417 -0.3554 -0.4065
vn -0.8556 -0.0003 -0.5177
vn -0.8555 -0.1775 -0.4865
vn -0.9353 -0.3303 0.1268
vn -0.9338 0.1627 0.3186
vn -0.8552 -0.4475 0.2613
vn -0.8433 0.3534 0.4048
vn -0.8451 -0.5266 0.0922
vn -0.8556 -0.3332 0.3962
vn -0.8561 -0.0000 0.5167
vn -0.8529 0.1792 0.4903
vn -0.9358 0.3305 -0.1228
vn -0.9330 -0.1621 -0.3213
vn -0.0678 0.9968 -0.0418
vn -0.0494 0.8648 -0.4997
vn -0.0458 0.6419 -0.7654
vn -0.0446 0.3418 -0.9387
vn -0.0472 -0.3416 -0.9387
vn -0.0686 -0.7395 -0.6697
vn -0.4404 0.0854 0.8937
vn -0.3808 -0.7556 0.5331
vn -0.3889 0.2475 0.8874
vn -0.0504 0.3417 0.9385
vn -0.0729 0.7386 0.6701
vn -0.4444 -0.0810 -0.8921
vn -0.3787 0.7562 -0.5336
vn -0.3912 -0.2466 -0.8867
vn -0.0677 -0.9968 0.0418
vn -0.0480 -0.8647 0.5000
vn -0.0423 -0.6425 0.7652
vn -0.0487 -0.3411 0.9387
vn -0.3022 0.9511 -0.0647
vn -0.3048 0.6868 0.6598
vn -0.3025 -0.9509 0.0648
vn -0.8068 -0.5892 0.0432
vn -0.3033 -0.6880 -0.6592
vn -0.5889 0.5382 0.6029
vn -0.6015 -0.7920 0.1044
vn -0.4329 -0.6487 0.6259
vn -0.5901 -0.5367 -0.6030
vn -0.5992 0.7940 -0.1025
vn -0.4369 0.6459 -0.6260
vn 0.5730 0.2807 0.7700
vn 0.8342 0.0000 0.5515
vn 0.8359 0.1879 0.5157
vn 0.5641 0.5302 0.6330
vn 0.8328 0.3555 0.4244
vn 0.5728 0.7100 0.4097
vn 0.8360 0.4753 0.2742
vn 0.5717 0.8080 0.1422
vn 0.8355 0.5412 0.0953
vn 0.8340 0.5433 -0.0957
vn 0.5676 0.8108 -0.1429
vn 0.8354 0.4762 -0.2746
vn 0.5711 0.7110 -0.4103
vn 0.8338 0.3547 -0.4231
vn 0.5669 0.5292 -0.6314
vn 0.8352 0.1880 -0.5169
vn 0.5710 0.2806 -0.7715
vn 0.8359 0.0000 -0.5489
vn 0.5726 -0.0000 -0.8198
vn 0.5689 -0.2812 -0.7728
vn 0.8344 -0.1884 -0.5179
vn 0.5676 -0.5290 -0.6309
vn 0.8342 -0.3544 -0.4226
vn 0.5716 -0.7105 -0.4104
vn 0.8355 -0.4759 -0.2747
vn 0.5719 -0.8079 -0.1422
vn 0.8355 -0.5411 -0.0953
vn 0.8337 -0.5438 0.0958
vn 0.5670 -0.8112 0.1430
vn 0.8348 -0.4768 0.2753
vn 0.5697 -0.7117 0.4110
vn 0.8349 -0.3537 0.4217
vn 0.5701 -0.5280 0.6294
vn 0.8353 -0.1882 0.5166
vn 0.5709 -0.2811 0.7714
vn 0.5675 0.0000 0.8233
vn -0.4740 0.8701 0.1353
vn -0.4784 0.7513 0.4547
vn -0.4778 -0.7517 -0.4546
vn -0.5100 0.8464 -0.1530
vn -0.8526 0.4520 -0.2621
vn -0.5346 0.7314 -0.4235
vn -0.5418 0.5402 -0.6439
vn -0.5401 0.2877 -0.7909
vn -0.8516 0.1803 -0.4922
vn -0.5415 -0.0003 -0.8407
vn -0.5426 -0.2877 -0.7892
vn -0.5157 -0.5580 -0.6501
vn -0.5066 -0.8482 0.1548
vn -0.5399 -0.7290 0.4209
vn -0.5411 -0.5409 0.6439
vn -0.8525 -0.1786 0.4912
vn -0.5432 0.0001 0.8396
vn -0.5356 0.2897 0.7932
vn -0.5218 0.5551 0.6478
vn 0.9920 -0.0812 0.0969
vn 0.9919 -0.0433 0.1190
vn 0.9919 -0.1097 0.0633
vn 0.9920 -0.1246 0.0220
vn 0.9920 -0.1245 -0.0220
vn 0.9920 -0.1096 -0.0632
vn 0.9920 -0.0812 -0.0968
vn 0.9920 -0.0432 -0.1189
vn 0.9920 0.0433 -0.1188
vn 0.9920 0.0000 -0.1264
vn 0.9920 0.0811 -0.0967
vn 0.9920 0.1246 -0.0219
vn 0.9920 0.1096 -0.0632
vn 0.9920 0.1245 0.0220
vn 0.9920 0.1096 0.0633
vn 0.9920 0.0814 0.0970
vn 0.9920 -0.0000 0.1264
vn 0.9920 0.0432 0.1189
vn 0.0033 -0.6427 0.7661
vn 0.0033 -0.3415 0.9399
vn 0.0032 -0.3419 0.9397
vn 0.0032 -0.8657 0.5005
vn 0.0033 -0.6428 0.7661
vn 0.0034 -0.9849 0.1731
vn 0.0033 -0.8660 0.5001
vn 0.0032 -0.9848 -0.1734
vn 0.0032 -0.9847 0.1740
vn 0.0032 -0.8658 -0.5004
vn 0.0032 -0.9847 -0.1740
vn 0.0033 -0.8660 -0.5001
vn 0.0033 -0.6430 -0.7659
vn 0.0033 -0.3422 -0.9396
vn 0.0032 -0.6429 -0.7660
vn 0.0033 0.0001 -1.0000
vn 0.0033 -0.3421 -0.9397
vn 0.0032 0.3423 -0.9396
vn 0.0033 0.0000 -1.0000
vn 0.0032 0.6430 -0.7659
vn 0.0031 0.3418 -0.9398
vn 0.0033 0.8663 -0.4996
vn 0.0032 0.6431 -0.7658
vn 0.0032 0.9849 -0.1734
vn 0.0032 0.8661 -0.4999
vn 0.0032 0.9848 0.1738
vn 0.0032 0.9847 -0.1740
vn 0.0032 0.9849 0.1734
vn 0.0032 0.8662 0.4997
vn 0.0032 0.8661 0.4999
vn 0.0032 0.6432 0.7657
vn 0.0032 0.6425 0.7663
vn 0.0033 0.3420 0.9397
vn 0.0032 0.3420 0.9397
vn 0.0033 0.0000 1.0000
vn 0.0033 0.0001 1.0000
vn 0.9884 -0.0978 0.1166
vn 0.9882 -0.0520 0.1440
vn 0.9883 -0.1319 0.0763
vn 0.9883 -0.1501 0.0265
vn 0.9965 -0.0723 0.0427
vn 0.9883 -0.1500 -0.0265
vn 0.9884 -0.1314 -0.0761
vn 0.9882 -0.0981 -0.1173
vn 0.9883 -0.0522 -0.1436
vn 0.9963 -0.0001 -0.0859
vn 0.9883 0.0001 -0.1528
vn 0.9881 0.0987 -0.1176
vn 0.9882 0.0524 -0.1438
vn 0.9882 0.1327 -0.0765
vn 0.9963 0.0843 -0.0149
vn 0.9881 0.1515 0.0267
vn 0.9881 0.1514 -0.0268
vn 0.9881 0.1330 0.0768
vn 0.9882 0.0524 0.1439
vn 0.9881 0.0987 0.1176
vn 0.9883 0.0001 0.1528
vn 0.1002 0.3945 -0.9134
vn 0.0224 0.3231 -0.9461
vn 0.0583 0.3900 -0.9190
vn 0.1572 0.3387 -0.9277
vn 0.1385 0.3747 -0.9167
vn 0.1203 0.2717 -0.9548
vn 0.1504 0.2987 -0.9424
vn 0.0775 0.2667 -0.9607
vn 0.0409 0.2871 -0.9570
vn 0.0295 0.3621 -0.9317
vn -0.4452 0.7953 0.4114
vn -0.8664 0.4875 0.1076
vn -0.8820 0.4467 0.1505
vn -0.9859 -0.0536 -0.1587
vn -0.9815 -0.0783 -0.1744
vn -0.7244 -0.5774 -0.3766
vn -0.6940 -0.5721 -0.4371
vn -0.1711 -0.8739 -0.4550
vn -0.1383 -0.8380 -0.5279
vn 0.4586 -0.8152 -0.3538
vn 0.4680 -0.7814 -0.4128
vn 0.8936 -0.4263 -0.1406
vn 0.8988 -0.4232 -0.1145
vn 0.9789 0.0924 0.1820
vn 0.9775 0.1376 0.1600
vn 0.6951 0.5762 0.4298
vn 0.6824 0.6365 0.3595
vn 0.1541 0.8431 0.5151
vn 0.1496 0.8974 0.4151
vn -0.4348 0.8422 0.3187
vn -0.4672 0.7027 0.5367
vn -0.8766 0.4460 0.1807
vn -0.8883 0.4160 0.1947
vn -0.9813 -0.0355 -0.1890
vn -0.9744 -0.0311 -0.2228
vn -0.7047 -0.5110 -0.4922
vn -0.6854 -0.4691 -0.5569
vn -0.1390 -0.7866 -0.6016
vn -0.1280 -0.7261 -0.6756
vn 0.4792 -0.6994 -0.5303
vn 0.4834 -0.7411 -0.4660
vn 0.8981 -0.4014 -0.1797
vn 0.9044 -0.4009 -0.1463
vn 0.9702 0.0484 0.2374
vn 0.9706 0.0880 0.2239
vn 0.6756 0.4771 0.5622
vn 0.6767 0.5365 0.5042
vn 0.1279 0.7261 0.6755
vn -0.4499 0.7552 0.4767
vn -0.4874 0.5879 0.6456
vn -0.8832 0.4071 0.2327
vn -0.8958 0.3737 0.2407
vn -0.9740 0.0057 -0.2266
vn -0.9661 0.0152 -0.2578
vn -0.6854 -0.4049 -0.6053
vn -0.6648 -0.3509 -0.6595
vn -0.1157 -0.6574 -0.7446
vn -0.1029 -0.5824 -0.8064
vn 0.4992 -0.5860 -0.6383
vn 0.5012 -0.6411 -0.5812
vn 0.9049 -0.3624 -0.2231
vn 0.9098 -0.3698 -0.1883
vn 0.9615 -0.0013 0.2749
vn 0.9620 0.0390 0.2702
vn 0.6543 0.3580 0.6661
vn 0.6573 0.4265 0.6214
vn 0.1026 0.5822 0.8065
vn -0.4690 0.6511 0.5968
vn -0.5106 0.4545 0.7298
vn -0.8919 0.3577 0.2768
vn -0.9046 0.3234 0.2776
vn -0.9657 0.0524 -0.2541
vn -0.9569 0.0677 -0.2824
vn -0.6631 -0.2787 -0.6947
vn -0.6407 -0.2155 -0.7369
vn -0.0887 -0.5016 -0.8605
vn -0.0736 -0.4161 -0.9063
vn 0.5227 -0.4542 -0.7215
vn 0.5226 -0.5190 -0.6764
vn 0.9132 -0.3158 -0.2576
vn 0.9169 -0.3299 -0.2248
vn 0.9516 -0.0573 0.3018
vn 0.9521 -0.0168 0.3054
vn 0.6302 0.2213 0.7443
vn 0.6344 0.2971 0.7136
vn 0.0736 0.4162 0.9063
vn -0.4911 0.5258 0.6945
vn -0.5366 0.3075 0.7858
vn -0.9020 0.3007 0.3097
vn -0.9146 0.2670 0.3036
vn -0.9568 0.1033 -0.2719
vn -0.9471 0.1240 -0.2962
vn -0.6383 -0.1379 -0.7574
vn -0.6148 -0.0678 -0.7858
vn -0.0573 -0.3267 -0.9434
vn -0.0412 -0.2340 -0.9714
vn 0.5483 -0.3088 -0.7772
vn 0.5471 -0.3813 -0.7452
vn 0.9225 -0.2633 -0.2824
vn 0.9250 -0.2833 -0.2531
vn 0.9410 -0.1174 0.3173
vn 0.9413 -0.0783 0.3284
vn 0.6039 0.0722 0.7938
vn 0.6087 0.1524 0.7786
vn 0.0414 0.2340 0.9713
vn -0.5159 0.3841 0.7657
vn -0.5640 0.1526 0.8115
vn -0.9130 0.2386 0.3310
vn -0.9252 0.2066 0.3183
vn -0.9473 0.1569 -0.2793
vn -0.9368 0.1817 -0.2991
vn -0.6120 0.0124 -0.7907
vn -0.5875 0.0864 -0.8046
vn -0.0246 -0.1391 -0.9900
vn -0.0076 -0.0431 -0.9990
vn 0.5753 -0.1555 -0.8030
vn 0.5732 -0.2325 -0.7857
vn 0.9323 -0.2072 -0.2964
vn 0.9339 -0.2325 -0.2714
vn 0.9301 -0.1792 0.3207
vn 0.9299 -0.1431 0.3389
vn 0.5767 -0.0837 0.8127
vn 0.5818 -0.0022 0.8133
vn 0.0076 0.0430 0.9990
vn -0.5429 0.2316 0.8072
vn -0.5917 -0.0044 0.8061
vn -0.9244 0.1735 0.3396
vn -0.9360 0.1448 0.3207
vn -0.9379 0.2106 -0.2758
vn -0.9267 0.2388 -0.2902
vn -0.5849 0.1661 -0.7939
vn -0.5602 0.2413 -0.7924
vn 0.0093 0.0537 -0.9985
vn 0.0265 0.1499 -0.9883
vn 0.6027 -0.0003 -0.7979
vn 0.6003 -0.0792 -0.7958
vn 0.9425 -0.1495 -0.2989
vn 0.9434 -0.1794 -0.2791
vn 0.9194 -0.2404 0.3114
vn 0.9184 -0.2085 0.3363
vn 0.5488 -0.2403 0.8007
vn 0.5539 -0.1602 0.8170
vn -0.0266 -0.1499 0.9883
vn -0.5707 0.0738 0.8178
vn -0.6187 -0.1569 0.7698
vn -0.9360 0.1081 0.3351
vn -0.9470 0.0837 0.3102
vn -0.9286 0.2628 -0.2619
vn -0.9172 0.2930 -0.2701
vn -0.5582 0.3173 -0.7666
vn -0.5339 0.3909 -0.7498
vn 0.0430 0.2445 -0.9687
vn 0.0590 0.3367 -0.9397
vn 0.6294 0.1511 -0.7622
vn 0.6272 0.0729 -0.7755
vn 0.9525 -0.0924 -0.2901
vn 0.9529 -0.1254 -0.2763
vn 0.9090 -0.2990 0.2903
vn 0.9069 -0.2725 0.3214
vn 0.5223 -0.3914 0.7577
vn 0.5263 -0.3161 0.7894
vn -0.0593 -0.3369 0.9397
vn -0.5984 -0.0824 0.7970
vn -0.6438 -0.3000 0.7039
vn -0.9471 0.0448 0.3178
vn -0.9572 0.0253 0.2884
vn -0.9200 0.3113 -0.2379
vn -0.9085 0.3424 -0.2395
vn -0.5328 0.4607 -0.7098
vn -0.5093 0.5294 -0.6784
vn 0.0751 0.4259 -0.9017
vn 0.0904 0.5109 -0.8549
vn 0.6541 0.2928 -0.6974
vn 0.6527 0.2187 -0.7254
vn 0.9622 -0.0381 -0.2698
vn 0.9622 -0.0729 -0.2625
vn 0.8995 -0.3523 0.2584
vn 0.8966 -0.3319 0.2931
vn 0.4976 -0.5313 0.6856
vn 0.5005 -0.4635 0.7312
vn -0.0899 -0.5108 0.8550
vn -0.6246 -0.2324 0.7455
vn -0.6662 -0.4277 0.6109
vn -0.9576 -0.0138 0.2879
vn -0.9665 -0.0273 0.2554
vn -0.9125 0.3542 -0.2046
vn -0.9009 0.3852 -0.1999
vn -0.5100 0.5901 -0.6258
vn -0.4878 0.6516 -0.5810
vn 0.1043 0.5909 -0.8000
vn 0.1171 0.6654 -0.7372
vn 0.6765 0.4191 -0.6056
vn 0.6762 0.3519 -0.6473
vn 0.9709 0.0114 -0.2394
vn 0.9707 -0.0245 -0.2389
vn 0.8915 -0.3982 0.2162
vn 0.8873 -0.3849 0.2542
vn 0.4757 -0.6548 0.5873
vn 0.4768 -0.5971 0.6451
vn -0.1171 -0.6653 0.7373
vn -0.6487 -0.3693 0.6654
vn -0.6852 -0.5349 0.4944
vn -0.9666 -0.0660 0.2475
vn -0.9745 -0.0725 0.2123
vn -0.9062 0.3899 -0.1635
vn -0.8949 0.4194 -0.1527
vn -0.4903 0.7011 -0.5177
vn -0.4701 0.7526 -0.4611
vn 0.1294 0.7333 -0.6675
vn 0.1396 0.7942 -0.5914
vn 0.6955 0.5252 -0.4904
vn 0.6967 0.4673 -0.5442
vn 0.9783 0.0541 -0.1999
vn 0.9783 0.0188 -0.2063
vn 0.8849 -0.4354 0.1658
vn 0.8793 -0.4296 0.2055
vn 0.4578 -0.7570 0.4663
vn 0.4569 -0.7114 0.5340
vn -0.1401 -0.7941 0.5914
vn -0.6697 -0.4881 0.5596
vn -0.7000 -0.6175 0.3588
vn -0.9743 -0.1091 0.1973
vn -0.9809 -0.1088 0.1614
vn -0.9014 0.4170 -0.1162
vn -0.8906 0.4437 -0.0995
vn -0.4750 0.7891 -0.3895
vn -0.4565 0.8288 -0.3235
vn 0.1494 0.8475 -0.5094
vn 0.1576 0.8924 -0.4228
vn 0.7099 0.6074 -0.3564
vn 0.7131 0.5611 -0.4204
vn 0.9844 0.0881 -0.1523
vn 0.9847 0.0552 -0.1656
vn 0.8803 -0.4618 0.1088
vn 0.8733 -0.4639 0.1488
vn 0.4443 -0.8340 0.3272
vn 0.4407 -0.8023 0.4026
vn -0.1574 -0.8925 0.4226
vn -0.6866 -0.5844 0.4325
vn -0.7095 -0.6728 0.2096
vn -0.9800 -0.1416 0.1396
vn -0.9854 -0.1348 0.1042
vn -0.8984 0.4345 -0.0643
vn -0.8881 0.4577 -0.0425
vn -0.4643 0.8507 -0.2466
vn -0.4481 0.8770 -0.1737
vn 0.1639 0.9290 -0.3318
vn 0.1683 0.9566 -0.2379
vn 0.7196 0.6622 -0.2090
vn 0.7252 0.6288 -0.2805
vn 0.9887 0.1124 -0.0992
vn 0.9895 0.0824 -0.1186
vn 0.8777 -0.4769 0.0478
vn 0.8693 -0.4867 0.0864
vn 0.4357 -0.8827 0.1759
vn 0.4294 -0.8661 0.2559
vn -0.1687 -0.9566 0.2376
vn -0.6990 -0.6542 0.2886
vn -0.7140 -0.6982 0.0524
vn -0.9837 -0.1626 0.0764
vn -0.9879 -0.1488 0.0429
vn -0.8971 0.4418 -0.0100
vn -0.8878 0.4599 0.0161
vn -0.4582 0.8838 -0.0941
vn -0.4448 0.8955 -0.0169
vn 0.1720 0.9749 -0.1415
vn 0.1733 0.9839 -0.0435
vn 0.7240 0.6878 -0.0532
vn 0.7320 0.6688 -0.1296
vn 0.9911 0.1261 -0.0421
vn 0.9927 0.1006 -0.0668
vn 0.8771 -0.4801 -0.0151
vn 0.8675 -0.4971 0.0206
vn 0.4324 -0.9015 0.0176
vn 0.4232 -0.9006 0.0988
vn -0.1734 -0.9839 0.0436
vn -0.7062 -0.6953 0.1335
vn -0.7132 -0.6928 -0.1070
vn -0.9852 -0.1709 0.0104
vn -0.9883 -0.1513 -0.0200
vn -0.8976 0.4386 0.0447
vn -0.8893 0.4513 0.0742
vn -0.4578 0.8869 0.0619
vn -0.4468 0.8835 0.1404
vn 0.1734 0.9833 0.0544
vn 0.1715 0.9734 0.1521
vn 0.7232 0.6827 0.1045
vn 0.7339 0.6787 0.0262
vn 0.9916 0.1286 0.0164
vn 0.9941 0.1081 -0.0127
vn 0.8786 -0.4713 -0.0773
vn 0.8678 -0.4948 -0.0460
vn 0.4342 -0.8897 -0.1413
vn 0.4228 -0.9042 -0.0616
vn -0.1718 -0.9733 -0.1521
vn -0.7079 -0.7058 -0.0265
vn -0.7068 -0.6570 -0.2623
vn -0.9844 -0.1667 -0.0561
vn -0.9866 -0.1412 -0.0821
vn -0.9001 0.4247 0.0975
vn -0.8927 0.4316 0.1294
vn -0.4625 0.8600 0.2156
vn -0.4545 0.8415 0.2922
vn 0.1682 0.9540 0.2483
vn 0.1635 0.9254 0.3419
vn 0.7170 0.6475 0.2581
vn 0.7303 0.6588 0.1808
vn 0.9900 0.1200 0.0745
vn 0.9935 0.1055 0.0422
vn 0.8823 -0.4505 -0.1365
vn 0.8706 -0.4795 -0.1106
vn 0.4418 -0.8473 -0.2947
vn 0.4276 -0.8768 -0.2198
vn -0.1633 -0.9254 -0.3420
vn -0.7042 -0.6853 -0.1856
vn -0.6953 -0.5922 -0.4074
vn -0.9814 -0.1498 -0.1204
vn -0.9828 -0.1195 -0.1411
vn -0.9042 0.4011 0.1468
vn -0.8979 0.4018 0.1797
vn -0.4723 0.8041 0.3610
vn -0.4670 0.7711 0.4328
vn 0.1565 0.8880 0.4325
vn 0.1483 0.8419 0.5189
vn 0.7057 0.5836 0.4019
vn 0.7216 0.6092 0.3288
vn 0.9865 0.1001 0.1296
vn 0.9912 0.0919 0.0950
vn 0.8879 -0.4187 -0.1907
vn 0.8752 -0.4523 -0.1714
vn 0.4544 -0.7763 -0.4369
vn 0.4374 -0.8198 -0.3697
vn -0.1482 -0.8420 -0.5187
vn -0.6956 -0.6344 -0.3372
vn -0.6793 -0.5005 -0.5367
vn -0.9762 -0.1205 -0.1801
vn -0.9770 -0.0870 -0.1946
vn -0.9100 0.3682 0.1904
vn -0.9049 0.3626 0.2228
vn -0.4870 0.7212 0.4927
vn -0.4836 0.6753 0.5570
vn 0.1389 0.7878 0.6001
vn 0.1281 0.7263 0.6754
vn 0.6898 0.4932 0.5301
vn 0.7083 0.5322 0.4637
vn 0.9812 0.0701 0.1798
vn 0.9871 0.0688 0.1444
vn 0.8951 -0.3774 -0.2374
vn 0.8821 -0.4137 -0.2252
vn 0.4715 -0.6794 -0.5622
vn 0.4526 -0.7348 -0.5052
vn -0.1278 -0.7261 -0.6756
vn -0.6818 -0.5554 -0.4761
vn -0.6590 -0.3857 -0.6457
vn -0.9692 -0.0804 -0.2327
vn -0.9696 -0.0448 -0.2407
vn -0.9172 0.3278 0.2266
vn -0.9131 0.3160 0.2575
vn -0.5057 0.6148 0.6052
vn -0.5045 0.5572 0.6596
vn 0.1159 0.6575 0.7445
vn 0.1030 0.5822 0.8065
vn 0.6698 0.3799 0.6381
vn 0.6901 0.4310 0.5813
vn 0.9743 0.0310 0.2231
vn 0.9814 0.0364 0.1885
vn 0.9039 -0.3276 -0.2751
vn 0.8906 -0.3656 -0.2705
vn 0.4924 -0.5603 -0.6660
vn 0.4718 -0.6256 -0.6213
vn -0.1026 -0.5823 -0.8064
vn -0.6631 -0.4516 -0.5970
vn -0.6355 -0.2525 -0.7297
vn -0.9605 -0.0310 -0.2767
vn -0.9607 0.0056 -0.2775
vn -0.9253 0.2813 0.2543
vn -0.9224 0.2636 0.2823
vn -0.5281 0.4886 0.6945
vn -0.5285 0.4216 0.7368
vn 0.0886 0.5016 0.8605
vn 0.0736 0.4163 0.9063
vn 0.6467 0.2480 0.7213
vn 0.6687 0.3090 0.6763
vn 0.9661 -0.0156 0.2578
vn 0.9743 -0.0035 0.2251
vn 0.9138 -0.2717 -0.3020
vn 0.9005 -0.3098 -0.3053
vn 0.5166 -0.4235 -0.7441
vn 0.4948 -0.4961 -0.7135
vn -0.6414 -0.3260 -0.6945
vn -0.6096 -0.1055 -0.7857
vn -0.9505 0.0258 -0.3098
vn -0.9508 0.0619 -0.3036
vn -0.9344 0.2301 0.2720
vn -0.9323 0.2076 0.2963
vn -0.5528 0.3479 0.7572
vn -0.5545 0.2741 0.7857
vn 0.0576 0.3268 0.9433
vn 0.0413 0.2341 0.9713
vn 0.6209 0.1026 0.7772
vn 0.6442 0.1710 0.7455
vn 0.9568 -0.0680 0.2826
vn 0.9662 -0.0501 0.2529
vn 0.9243 -0.2116 -0.3177
vn 0.9112 -0.2483 -0.3286
vn 0.5429 -0.2743 -0.7937
vn 0.5202 -0.3514 -0.7784
vn -0.0412 -0.2342 -0.9713
vn -0.6163 -0.1847 -0.7655
vn -0.5823 0.0494 -0.8115
vn -0.9394 0.0881 -0.3312
vn -0.9401 0.1222 -0.3181
vn -0.9438 0.1766 0.2793
vn -0.9425 0.1498 0.2989
vn -0.5793 0.1977 0.7908
vn -0.5816 0.1197 0.8046
vn 0.0246 0.1392 0.9900
vn 0.0077 0.0429 0.9990
vn 0.5939 -0.0507 0.8029
vn 0.6181 0.0226 0.7858
vn 0.9470 -0.1241 0.2963
vn 0.9572 -0.1008 0.2713
vn 0.9353 -0.1498 -0.3207
vn 0.9226 -0.1837 -0.3391
vn 0.5703 -0.1185 -0.8128
vn 0.5475 -0.1972 -0.8133
vn -0.0074 -0.0429 -0.9991
vn -0.5895 -0.0322 -0.8071
vn -0.5545 0.2063 -0.8062
vn -0.9280 0.1531 -0.3396
vn -0.9293 0.1841 -0.3203
vn -0.9534 0.1228 0.2757
vn -0.9526 0.0926 0.2899
vn -0.6065 0.0441 0.7939
vn -0.6090 -0.0351 0.7924
vn -0.0094 -0.0536 0.9985
vn -0.0263 -0.1498 0.9884
vn 0.5665 -0.2059 0.7980
vn 0.5911 -0.1307 0.7959
vn 0.9367 -0.1820 0.2990
vn 0.9478 -0.1543 0.2790
vn 0.9461 -0.0884 -0.3117
vn 0.9343 -0.1182 -0.3364
vn 0.5978 0.0380 -0.8007
vn 0.5752 -0.0389 -0.8171
vn 0.0266 0.1497 -0.9884
vn -0.5616 0.1257 -0.8178
vn -0.5276 0.3592 -0.7698
vn -0.9165 0.2185 -0.3351
vn -0.9185 0.2453 -0.3103
vn -0.9625 0.0707 0.2619
vn -0.9621 0.0384 0.2700
vn -0.6329 -0.1075 0.7668
vn -0.6354 -0.1847 0.7497
vn -0.0429 -0.2444 0.9687
vn -0.0590 -0.3369 0.9397
vn 0.5398 -0.3572 0.7622
vn 0.5640 -0.2833 0.7756
vn 0.9267 -0.2390 0.2901
vn 0.9383 -0.2082 0.2762
vn 0.9564 -0.0300 -0.2906
vn 0.9455 -0.0543 -0.3211
vn 0.6244 0.1892 -0.7578
vn 0.6029 0.1169 -0.7892
vn 0.0595 0.3369 -0.9397
vn -0.5339 0.2823 -0.7970
vn -0.5024 0.5022 -0.7038
vn -0.9053 0.2818 -0.3178
vn -0.9082 0.3033 -0.2882
vn -0.9711 0.0221 0.2378
vn -0.9708 -0.0110 0.2395
vn -0.6585 -0.2504 0.7097
vn -0.6597 -0.3233 0.6784
vn -0.0753 -0.4259 0.9016
vn -0.0900 -0.5110 0.8548
vn 0.5148 -0.4989 0.6973
vn 0.5386 -0.4288 0.7253
vn 0.9172 -0.2933 0.2698
vn 0.9291 -0.2605 0.2625
vn 0.9658 0.0232 -0.2582
vn 0.9560 0.0052 -0.2932
vn 0.6491 0.3292 -0.6858
vn 0.6287 0.2645 -0.7313
vn 0.0899 0.5110 -0.8549
vn -0.5075 0.4319 -0.7457
vn -0.4798 0.6297 -0.6109
vn -0.8950 0.3405 -0.2880
vn -0.8989 0.3561 -0.2553
vn -0.9786 -0.0207 0.2047
vn -0.9784 -0.0538 0.1998
vn -0.6813 -0.3800 0.6256
vn -0.6813 -0.4454 0.5809
vn -0.1041 -0.5910 0.7999
vn 0.4925 -0.6252 0.6055
vn 0.5151 -0.5619 0.6472
vn 0.9084 -0.3426 0.2395
vn 0.9205 -0.3091 0.2390
vn 0.9739 0.0694 -0.2162
vn 0.9654 0.0586 -0.2543
vn 0.6711 0.4526 -0.5872
vn 0.6522 0.3981 -0.6451
vn 0.1174 0.6653 -0.7373
vn -0.4836 0.5685 -0.6655
vn -0.4610 0.7369 -0.4944
vn -0.8858 0.3926 -0.2476
vn -0.8910 0.4014 -0.2123
vn -0.9849 -0.0565 0.1637
vn -0.9844 -0.0878 0.1526
vn -0.7008 -0.4909 0.5176
vn -0.6993 -0.5464 0.4610
vn -0.1294 -0.7333 0.6675
vn -0.1398 -0.7942 0.5914
vn 0.4739 -0.7314 0.4903
vn 0.4948 -0.6775 0.5443
vn 0.9010 -0.3852 0.1996
vn 0.9128 -0.3525 0.2064
vn 0.9804 0.1062 -0.1657
vn 0.9733 0.1026 -0.2053
vn 0.6893 0.5546 -0.4662
vn 0.6725 0.5123 -0.5341
vn 0.1403 0.7942 -0.5913
vn -0.4623 0.6877 -0.5598
vn -0.4463 0.8198 -0.3590
vn -0.8782 0.4357 -0.1973
vn -0.8846 0.4376 -0.1612
vn -0.9897 -0.0838 0.1162
vn -0.9887 -0.1124 0.0994
vn -0.7162 -0.5791 0.3896
vn -0.7126 -0.6225 0.3236
vn -0.1493 -0.8474 0.5095
vn -0.1573 -0.8926 0.4225
vn 0.4593 -0.8136 0.3565
vn 0.4782 -0.7711 0.4204
vn 0.8949 -0.4195 0.1524
vn 0.9065 -0.3885 0.1655
vn 0.9852 0.1328 -0.1088
vn 0.9793 0.1375 -0.1488
vn 0.7026 0.6319 -0.3273
vn 0.6884 0.6033 -0.4027
vn 0.1572 0.8926 -0.4226
vn -0.4454 0.7840 -0.4324
vn -0.4367 0.8748 -0.2097
vn -0.8724 0.4684 -0.1396
vn -0.8800 0.4634 -0.1041
vn -0.9928 -0.1014 0.0645
vn -0.9911 -0.1261 0.0425
vn -0.7271 -0.6407 0.2466
vn -0.7211 -0.6707 0.1735
vn -0.1637 -0.9291 0.3318
vn -0.1689 -0.9565 0.2378
vn 0.4495 -0.8685 0.2088
vn 0.4662 -0.8391 0.2804
vn 0.8906 -0.4439 0.0992
vn 0.9016 -0.4159 0.1186
vn 0.9878 0.1482 -0.0478
vn 0.9833 0.1603 -0.0862
vn 0.7112 0.6806 -0.1759
vn 0.6998 0.6670 -0.2557
vn 0.1686 0.9566 -0.2377
vn -0.4330 0.8539 -0.2888
vn -0.4322 0.9003 -0.0525
vn -0.8688 0.4893 -0.0764
vn -0.8774 0.4778 -0.0429
vn -0.9941 -0.1082 0.0100
vn -0.9915 -0.1289 -0.0162
vn -0.7329 -0.6738 0.0941
vn -0.7242 -0.6893 0.0170
vn -0.1719 -0.9749 0.1413
vn -0.1735 -0.9839 0.0436
vn 0.4449 -0.8940 0.0532
vn 0.4593 -0.8788 0.1296
vn 0.8882 -0.4576 0.0421
vn 0.8985 -0.4338 0.0668
vn 0.9884 0.1513 0.0150
vn 0.9852 0.1704 -0.0206
vn 0.7148 0.6991 -0.0176
vn 0.7058 0.7015 -0.0990
vn 0.1736 0.9839 -0.0436
vn -0.4261 0.8947 -0.1339
vn -0.4333 0.8949 0.1067
vn -0.8672 0.4979 -0.0104
vn -0.8771 0.4799 0.0199
vn -0.9935 -0.1049 -0.0446
vn -0.9900 -0.1202 -0.0742
vn -0.7334 -0.6770 -0.0618
vn -0.7224 -0.6771 -0.1403
vn -0.1736 -0.9833 -0.0546
vn -0.1716 -0.9734 -0.1520
vn 0.4459 -0.8890 -0.1045
vn 0.4573 -0.8889 -0.0261
vn 0.8877 -0.4602 -0.0165
vn 0.8972 -0.4414 0.0128
vn 0.9868 0.1422 0.0773
vn 0.9847 0.1681 0.0459
vn 0.7126 0.6873 0.1412
vn 0.7063 0.7052 0.0614
vn 0.1716 0.9733 0.1522
vn -0.4242 0.9052 0.0260
vn -0.4394 0.8592 0.2622
vn -0.8680 0.4934 0.0561
vn -0.8789 0.4699 0.0821
vn -0.9910 -0.0913 -0.0976
vn -0.9865 -0.1002 -0.1294
vn -0.7285 -0.6502 -0.2157
vn -0.7149 -0.6352 -0.2922
vn -0.1683 -0.9539 -0.2484
vn -0.1631 -0.9254 -0.3420
vn 0.4522 -0.8538 -0.2581
vn 0.4609 -0.8688 -0.1810
vn 0.8893 -0.4512 -0.0745
vn 0.8977 -0.4386 -0.0420
vn 0.9831 0.1217 0.1366
vn 0.9821 0.1528 0.1106
vn 0.7050 0.6450 0.2948
vn 0.7017 0.6777 0.2199
vn 0.1632 0.9254 0.3420
vn -0.4275 0.8848 0.1853
vn -0.4510 0.7942 0.4072
vn -0.8710 0.4763 0.1204
vn -0.8825 0.4486 0.1412
vn -0.9869 -0.0675 -0.1469
vn -0.9812 -0.0704 -0.1796
vn -0.7188 -0.5941 -0.3612
vn -0.7023 -0.5650 -0.4330
vn -0.1567 -0.8878 -0.4327
vn -0.1482 -0.8419 -0.5189
vn 0.4633 -0.7898 -0.4020
vn 0.4695 -0.8194 -0.3289
vn 0.8928 -0.4315 -0.1296
vn 0.9000 -0.4254 -0.0951
vn 0.9775 0.0899 0.1907
vn 0.9772 0.1255 0.1713
vn 0.6925 0.5741 0.4369
vn 0.6916 0.6206 0.3696
vn 0.1484 0.8419 0.5188
vn -0.4370 0.8340 0.3370
vn -0.4671 0.7026 0.5367
vn -0.8762 0.4471 0.1800
vn -0.8883 0.4159 0.1946
vn -0.9811 -0.0345 -0.1902
vn -0.9743 -0.0314 -0.2230
vn -0.7043 -0.5112 -0.4926
vn -0.6852 -0.4692 -0.5570
vn -0.1385 -0.7878 -0.6001
vn -0.1281 -0.7260 -0.6756
vn 0.4794 -0.6994 -0.5301
vn 0.4834 -0.7425 -0.4638
vn 0.8979 -0.4016 -0.1800
vn 0.9042 -0.4020 -0.1444
vn 0.9702 0.0484 0.2373
vn 0.9705 0.0872 0.2249
vn 0.6755 0.4771 0.5622
vn 0.6766 0.5358 0.5051
vn 0.1280 0.7261 0.6756
vn -0.4506 0.7552 0.4761
vn -0.8832 0.4071 0.2328
vn -0.8959 0.3736 0.2406
vn -0.9740 0.0059 -0.2264
vn -0.9661 0.0153 -0.2577
vn -0.6854 -0.4048 -0.6053
vn -0.6646 -0.3511 -0.6596
vn -0.1158 -0.6574 -0.7446
vn -0.1028 -0.5824 -0.8064
vn 0.4995 -0.5859 -0.6381
vn 0.5011 -0.6410 -0.5813
vn 0.9049 -0.3626 -0.2231
vn 0.9098 -0.3699 -0.1884
vn 0.9614 -0.0013 0.2750
vn 0.9619 0.0392 0.2706
vn 0.6544 0.3580 0.6660
vn 0.6574 0.4264 0.6213
vn 0.1029 0.5822 0.8065
vn -0.4686 0.6511 0.5971
vn -0.5107 0.4546 0.7297
vn -0.8919 0.3577 0.2767
vn -0.9047 0.3234 0.2775
vn -0.9657 0.0523 -0.2542
vn -0.9569 0.0676 -0.2825
vn -0.6632 -0.2787 -0.6946
vn -0.6409 -0.2154 -0.7367
vn -0.0886 -0.5017 -0.8605
vn 0.5225 -0.4542 -0.7216
vn 0.5227 -0.5190 -0.6764
vn 0.9132 -0.3157 -0.2577
vn 0.9169 -0.3296 -0.2250
vn 0.9515 -0.0571 0.3022
vn 0.9521 -0.0169 0.3052
vn 0.6302 0.2213 0.7442
vn 0.6345 0.2969 0.7136
vn 0.0735 0.4163 0.9063
vn -0.4910 0.5259 0.6945
vn -0.9020 0.3007 0.3099
vn -0.9145 0.2671 0.3037
vn -0.9567 0.1033 -0.2720
vn -0.9470 0.1238 -0.2964
vn -0.6383 -0.1380 -0.7573
vn -0.6147 -0.0678 -0.7858
vn -0.0576 -0.3267 -0.9434
vn -0.0416 -0.2339 -0.9714
vn 0.5484 -0.3087 -0.7771
vn 0.9224 -0.2633 -0.2825
vn 0.9250 -0.2835 -0.2530
vn 0.9410 -0.1174 0.3175
vn 0.6040 0.0721 0.7937
vn 0.6090 0.1524 0.7784
vn 0.0412 0.2341 0.9714
vn -0.5163 0.3842 0.7654
vn -0.5641 0.1528 0.8114
vn -0.9129 0.2387 0.3311
vn -0.9253 0.2066 0.3180
vn -0.9473 0.1568 -0.2793
vn -0.9368 0.1816 -0.2989
vn -0.6120 0.0124 -0.7908
vn -0.0244 -0.1392 -0.9900
vn -0.0076 -0.0429 -0.9991
vn 0.5754 -0.1555 -0.8029
vn 0.5731 -0.2327 -0.7857
vn 0.9322 -0.2072 -0.2966
vn 0.9340 -0.2326 -0.2714
vn 0.9301 -0.1791 0.3208
vn 0.9299 -0.1429 0.3389
vn 0.5766 -0.0837 0.8127
vn 0.5819 -0.0022 0.8132
vn 0.0078 0.0431 0.9990
vn -0.5426 0.2316 0.8074
vn -0.5917 -0.0045 0.8061
vn -0.9245 0.1735 0.3395
vn -0.9361 0.1448 0.3206
vn -0.9378 0.2107 -0.2758
vn -0.9268 0.2387 -0.2900
vn -0.5601 0.2413 -0.7925
vn 0.0095 0.0536 -0.9985
vn 0.0263 0.1498 -0.9884
vn 0.6002 -0.0794 -0.7959
vn 0.9424 -0.1494 -0.2992
vn 0.9434 -0.1793 -0.2791
vn 0.9193 -0.2405 0.3114
vn 0.9182 -0.2085 0.3367
vn 0.5539 -0.1603 0.8170
vn -0.0266 -0.1498 0.9884
vn -0.5705 0.0733 0.8180
vn -0.6188 -0.1570 0.7697
vn -0.9360 0.1082 0.3350
vn -0.9469 0.0835 0.3104
vn -0.9286 0.2628 -0.2618
vn -0.9172 0.2931 -0.2699
vn -0.5583 0.3174 -0.7666
vn 0.0433 0.2445 -0.9687
vn 0.0594 0.3366 -0.9398
vn 0.6294 0.1510 -0.7623
vn 0.6272 0.0729 -0.7754
vn 0.9526 -0.0924 -0.2900
vn 0.9529 -0.1254 -0.2761
vn 0.9090 -0.2989 0.2905
vn 0.9070 -0.2724 0.3212
vn 0.5223 -0.3914 0.7576
vn 0.5264 -0.3160 0.7893
vn -0.0596 -0.3368 0.9397
vn -0.5981 -0.0828 0.7972
vn -0.6438 -0.3001 0.7039
vn -0.9472 0.0449 0.3176
vn -0.9571 0.0254 0.2886
vn -0.9201 0.3113 -0.2378
vn -0.9084 0.3426 -0.2398
vn -0.5329 0.4606 -0.7098
vn -0.5094 0.5294 -0.6784
vn 0.0749 0.4259 -0.9016
vn 0.0901 0.5109 -0.8549
vn 0.6545 0.2926 -0.6971
vn 0.6527 0.2189 -0.7253
vn 0.9621 -0.0380 -0.2699
vn 0.9621 -0.0730 -0.2628
vn 0.8996 -0.3522 0.2582
vn 0.8965 -0.3320 0.2933
vn 0.5003 -0.4634 0.7314
vn -0.0903 -0.5108 0.8549
vn -0.6250 -0.2322 0.7453
vn -0.6662 -0.4276 0.6110
vn -0.9575 -0.0141 0.2882
vn -0.9125 0.3542 -0.2048
vn -0.9010 0.3850 -0.1999
vn -0.5100 0.5902 -0.6258
vn -0.4880 0.6516 -0.5808
vn 0.1039 0.5910 -0.7999
vn 0.1176 0.6654 -0.7372
vn 0.6766 0.4191 -0.6054
vn 0.6761 0.3520 -0.6472
vn 0.9709 0.0113 -0.2394
vn 0.9707 -0.0244 -0.2392
vn 0.8915 -0.3981 0.2162
vn 0.8872 -0.3849 0.2543
vn 0.4757 -0.6549 0.5872
vn 0.4770 -0.5970 0.6450
vn -0.1172 -0.6653 0.7373
vn -0.6490 -0.3690 0.6653
vn -0.6854 -0.5348 0.4942
vn -0.9667 -0.0657 0.2473
vn -0.9745 -0.0726 0.2125
vn -0.9062 0.3899 -0.1634
vn -0.8949 0.4193 -0.1526
vn -0.4905 0.7011 -0.5176
vn -0.4700 0.7526 -0.4612
vn 0.1293 0.7333 -0.6675
vn 0.1398 0.7942 -0.5914
vn 0.6954 0.5252 -0.4905
vn 0.6966 0.4674 -0.5443
vn 0.9784 0.0540 -0.1997
vn 0.9783 0.0185 -0.2062
vn 0.8849 -0.4352 0.1656
vn 0.8793 -0.4296 0.2054
vn 0.4565 -0.7115 0.5342
vn -0.1402 -0.7942 0.5913
vn -0.6697 -0.4882 0.5596
vn -0.6998 -0.6176 0.3588
vn -0.9742 -0.1092 0.1974
vn -0.9809 -0.1086 0.1612
vn -0.9014 0.4171 -0.1162
vn -0.8905 0.4440 -0.0995
vn -0.4750 0.7891 -0.3896
vn -0.4567 0.8287 -0.3234
vn 0.1491 0.8475 -0.5094
vn 0.1575 0.8926 -0.4225
vn 0.7101 0.6073 -0.3564
vn 0.7130 0.5612 -0.4204
vn 0.9844 0.0882 -0.1525
vn 0.9846 0.0550 -0.1657
vn 0.8802 -0.4619 0.1089
vn 0.8732 -0.4640 0.1488
vn 0.4443 -0.8340 0.3273
vn 0.4406 -0.8024 0.4026
vn -0.1571 -0.8926 0.4226
vn -0.6863 -0.5848 0.4325
vn -0.7080 -0.6755 0.2060
vn -0.9800 -0.1420 0.1393
vn -0.9848 -0.1391 0.1038
vn -0.8982 0.4348 -0.0642
vn -0.8897 0.4549 -0.0392
vn -0.4640 0.8510 -0.2460
vn -0.4500 0.8771 -0.1680
vn 0.1638 0.9293 -0.3310
vn 0.1690 0.9580 -0.2317
vn 0.7222 0.6610 -0.2036
vn 0.7250 0.6293 -0.2800
vn 0.9894 0.1084 -0.0967
vn 0.9895 0.0828 -0.1187
vn 0.8755 -0.4810 0.0465
vn 0.8693 -0.4869 0.0857
vn 0.4334 -0.8847 0.1715
vn 0.4292 -0.8665 0.2549
vn -0.1692 -0.9579 0.2321
vn -0.6992 -0.6546 0.2874
vn -0.9866 -0.1575 0.0435
vn -0.7081 -0.6940 0.1305
vn -0.9852 -0.1550 0.0735
vn -0.8933 0.4494 -0.0119
vn -0.8945 0.4470 0.0011
vn -0.4534 0.8864 -0.0931
vn -0.4561 0.8890 -0.0409
vn 0.1707 0.9755 -0.1386
vn 0.1688 0.9832 -0.0696
vn 0.7272 0.6826 -0.0728
vn 0.7273 0.6742 -0.1286
vn 0.9922 0.1140 -0.0495
vn 0.9916 0.1100 -0.0685
vn 0.8707 -0.4918 -0.0093
vn 0.8716 -0.4898 0.0175
vn 0.4249 -0.9047 0.0318
vn 0.4276 -0.8989 0.0955
vn -0.1749 -0.9828 0.0590
vn -0.7110 -0.7005 0.0611
vn -0.1723 -0.9753 0.1385
vn -0.9586 -0.1328 -0.2519
vn -0.7012 -0.6695 -0.2451
vn -0.8511 0.4501 -0.2702
vn -0.4249 0.8559 -0.2947
vn 0.1568 0.9364 -0.3138
vn 0.6759 0.6627 -0.3224
vn 0.9391 0.1352 -0.3160
vn 0.8424 -0.4492 -0.2976
vn 0.4172 -0.8664 -0.2744
vn -0.1744 -0.9512 -0.2546
vn -0.0895 0.0365 -0.9953
vn -0.0417 -0.0621 -0.9972
vn -0.0976 -0.0042 -0.9952
vn -0.0182 0.0710 -0.9973
vn -0.0588 0.0655 -0.9961
vn 0.0180 0.0512 -0.9985
vn 0.0299 -0.0263 -0.9992
vn -0.0000 -0.0560 -0.9984
vn -0.0792 -0.0426 -0.9959
vn -0.7978 0.5527 -0.2409
vn -0.3891 0.9201 -0.0454
vn -0.8856 0.0210 -0.4639
vn -0.6266 -0.4758 -0.6172
vn -0.1183 -0.7480 -0.6530
vn 0.8641 -0.3278 -0.3819
vn 0.9629 0.2107 -0.1686
vn 0.7026 0.7115 -0.0021
vn 0.1834 0.9819 0.0470
vn 0.1394 0.7886 0.5989
vn 0.1158 0.6573 0.7447
vn 0.0887 0.5016 0.8605
vn 0.0579 0.3266 0.9434
vn 0.0243 0.1393 0.9900
vn -0.0094 -0.0538 0.9985
vn -0.0427 -0.2444 0.9687
vn -0.0752 -0.4261 0.9016
vn -0.1039 -0.5911 0.7999
vn -0.1293 -0.7332 0.6676
vn -0.1495 -0.8474 0.5095
vn -0.1636 -0.9291 0.3317
vn -0.1721 -0.9749 0.1412
vn -0.1732 -0.9834 -0.0545
vn -0.1680 -0.9540 -0.2483
vn -0.1564 -0.8880 -0.4325
vn -0.1386 -0.7878 -0.6001
vn -0.1153 -0.6576 -0.7445
vn -0.0888 -0.5015 -0.8606
vn -0.0574 -0.3268 -0.9433
vn -0.0246 -0.1392 -0.9900
vn 0.0098 0.0537 -0.9985
vn 0.0434 0.2445 -0.9687
vn 0.0753 0.4258 -0.9017
vn 0.1042 0.5910 -0.7999
vn 0.1294 0.7332 -0.6675
vn 0.1494 0.8475 -0.5093
vn 0.1646 0.9288 -0.3320
vn 0.1716 0.9750 -0.1414
vn 0.1737 0.9833 0.0545
vn 0.1681 0.9540 0.2484
vn 0.1390 0.7878 0.6000
vn 0.1160 0.6573 0.7447
vn 0.0884 0.5017 0.8605
vn 0.0580 0.3266 0.9434
vn 0.0239 0.1393 0.9900
vn -0.0092 -0.0538 0.9985
vn -0.0431 -0.2442 0.9688
vn -0.0747 -0.4261 0.9016
vn -0.1046 -0.5910 0.7999
vn -0.1285 -0.7334 0.6676
vn -0.1498 -0.8473 0.5095
vn -0.1640 -0.9294 0.3307
vn -0.6222 0.5709 -0.5356
vn -0.2878 0.8801 -0.3775
vn 0.1866 0.9352 -0.3010
vn 0.6180 0.7096 -0.3383
vn 0.8314 0.2947 -0.4710
vn 0.7504 -0.1528 -0.6431
vn 0.4075 -0.4589 -0.7895
vn 0.4500 -0.6942 -0.5618
vn -0.0641 -0.5076 -0.8592
vn -0.4813 -0.2810 -0.8303
vn -0.6937 0.1301 -0.7084
vn -0.8355 -0.1193 -0.5363
vn -0.6147 -0.5810 -0.5335
vn -0.7437 0.3828 -0.5480
vn -0.3771 0.7328 -0.5664
vn 0.1247 0.8032 -0.5826
vn 0.5736 0.5665 -0.5916
vn 0.8004 0.1112 -0.5891
vn 0.7153 -0.3934 -0.5775
vn 0.3482 -0.7519 -0.5599
vn -0.1601 -0.8236 -0.5441
vn 0.0389 0.4272 -0.9033
vn -0.0109 0.3820 -0.9241
vn 0.1079 0.4358 -0.8936
vn 0.1705 0.4028 -0.8993
vn 0.2021 0.3420 -0.9177
vn 0.1404 0.2307 -0.9628
vn 0.1906 0.2762 -0.9420
vn 0.0709 0.2238 -0.9721
vn 0.0092 0.2566 -0.9665
vn -0.0215 0.3166 -0.9483
vn -0.1415 -0.0111 -0.9899
vn -0.1114 -0.0738 -0.9910
vn -0.1284 0.0567 -0.9901
vn -0.0106 0.1144 -0.9934
vn -0.0790 0.1046 -0.9914
vn 0.0508 0.0823 -0.9953
vn 0.0817 0.0202 -0.9964
vn 0.0701 -0.0486 -0.9964
vn 0.0370 0.0142 -0.9992
vn 0.0199 -0.0978 -0.9950
vn -0.0497 -0.1074 -0.9930
vn 0.2232 0.3354 0.9153
vn -0.1264 -0.6265 0.7691
vn 0.4429 -0.0609 0.8945
vn -0.3187 -0.3856 0.8658
vn -0.3375 -0.8328 0.4388
vn -0.6001 -0.7959 0.0798
vn -0.5346 -0.6944 0.4817
vn -0.4013 -0.9135 0.0671
vn -0.5531 -0.7652 -0.3294
vn -0.3548 -0.8830 -0.3073
vn -0.3670 -0.5579 -0.7444
vn -0.1566 -0.7430 -0.6507
vn 0.2148 0.1864 -0.9587
vn 0.3737 -0.2272 -0.8993
vn 0.5945 0.7375 -0.3205
vn 0.8422 0.4628 0.2766
vn 0.8277 0.4021 -0.3915
vn -0.2635 -0.3948 0.8802
vn -0.4361 -0.7539 0.4914
vn -0.4761 -0.8761 0.0759
vn -0.4291 -0.8383 -0.3362
vn -0.2641 -0.6035 -0.7524
vn 0.4599 0.8707 0.1741
vn 0.4680 0.8280 -0.3089
vn 0.1863 0.4519 0.8724
vn -0.1126 -0.3210 0.9404
vn -0.1889 -0.8330 0.5201
vn -0.1837 -0.9800 0.0761
vn -0.1600 -0.9162 -0.3674
vn -0.0957 -0.5406 -0.8358
vn 0.2108 0.2579 -0.9429
vn 0.1630 0.9862 -0.0274
vn 0.1344 -0.6204 0.7727
vn 0.2694 0.6230 0.7344
vn 0.0114 -0.1228 0.9924
vn 0.2051 -0.8813 0.4258
vn 0.2302 -0.9700 0.0786
vn 0.2183 -0.9375 -0.2711
vn 0.1701 -0.7961 -0.5808
vn 0.0475 -0.4090 -0.9113
vn -0.3277 0.7128 -0.6201
vn 0.0523 0.9557 -0.2898
vn -0.1228 0.2144 0.9690
vn 0.2155 -0.5158 0.8292
vn 0.3365 -0.8143 0.4728
vn 0.3597 -0.8844 -0.2972
vn 0.2825 -0.6806 -0.6760
vn -0.0024 0.0408 -0.9992
vn -0.3725 0.8914 0.2582
vn -0.0910 0.8796 0.4670
vn -0.0574 0.2849 0.9568
vn 0.0711 -0.5461 0.8347
vn 0.1163 -0.8746 0.4707
vn 0.3704 -0.9249 0.0856
vn 0.1405 -0.9437 -0.2995
vn 0.1382 -0.9868 0.0840
vn 0.1245 -0.7220 -0.6806
vn 0.0311 0.0501 -0.9983
vn -0.1591 0.9482 0.2751
vn -0.3518 0.7830 -0.5130
vn -0.1145 0.8815 -0.4581
vn 0.0721 0.2397 0.9682
vn -0.1224 -0.5464 0.8285
vn 0.0063 0.2814 0.9596
vn -0.3134 -0.4902 0.8133
vn -0.1617 -0.8693 0.4670
vn -0.4379 -0.7763 0.4534
vn -0.1653 -0.9832 0.0776
vn -0.4673 -0.8814 0.0690
vn -0.1436 -0.9410 -0.3063
vn -0.4250 -0.8497 -0.3122
vn -0.0907 -0.7238 -0.6840
vn 0.0549 -0.0158 -0.9984
vn 0.0500 0.0234 -0.9985
vn 0.4349 0.8513 0.2935
vn 0.1630 0.8730 -0.4596
vn 0.4320 0.7690 -0.4713
vn 0.1613 0.1506 0.9753
vn -0.4534 -0.3661 0.8127
vn 0.1414 0.2358 0.9615
vn -0.5730 -0.2145 0.7910
vn -0.6606 -0.6023 0.4482
vn -0.8238 -0.3706 0.4290
vn -0.7182 -0.6934 0.0583
vn -0.8978 -0.4381 0.0447
vn -0.6620 -0.6731 -0.3297
vn -0.8338 -0.4379 -0.3363
vn -0.4739 -0.5263 -0.7060
vn 0.0736 -0.0416 -0.9964
vn 0.1055 0.0035 -0.9944
vn 0.8436 0.4319 0.3189
vn 0.6704 0.6069 -0.4269
vn 0.8164 0.3681 -0.4450
vn 0.1823 0.0203 0.9830
vn -0.6109 -0.0344 0.7909
vn 0.2172 0.1041 0.9706
vn -0.6187 0.1575 0.7697
vn -0.9009 -0.1014 0.4220
vn -0.8968 0.1808 0.4037
vn -0.9896 -0.1401 0.0329
vn -0.9848 0.1723 0.0210
vn -0.9217 -0.1559 -0.3551
vn -0.9221 0.1382 -0.3615
vn -0.6671 -0.1450 -0.7307
vn 0.0734 -0.0708 -0.9948
vn 0.1244 -0.0542 -0.9907
vn 0.9271 -0.1493 0.3439
vn 0.9104 0.0998 -0.4014
vn 0.8903 -0.1781 -0.4190
vn 0.1210 -0.1003 0.9876
vn -0.5449 0.3255 0.7728
vn 0.1961 -0.0509 0.9793
vn -0.4400 0.4814 0.7580
vn -0.8018 0.4434 0.4007
vn -0.6359 0.6666 0.3888
vn -0.8833 0.4687 0.0122
vn -0.6977 0.7163 0.0053
vn -0.8257 0.4203 -0.3764
vn -0.6531 0.6561 -0.3781
vn -0.5980 0.2817 -0.7504
vn 0.0571 -0.0944 -0.9939
vn 0.1059 -0.1069 -0.9886
vn 0.6524 -0.6683 0.3574
vn 0.8075 -0.4503 -0.3810
vn 0.6318 -0.6635 -0.4007
vn -0.0097 -0.1323 0.9912
vn -0.2871 0.5715 0.7688
vn 0.0904 -0.1752 0.9804
vn -0.1005 0.6522 0.7513
vn -0.4122 0.8214 0.3943
vn -0.1334 0.9130 0.3855
vn -0.4494 0.8933 0.0039
vn -0.1184 0.9191 -0.3757
vn -0.1365 0.9906 0.0043
vn -0.0704 0.6692 -0.7398
vn -0.4172 0.8231 -0.3853
vn -0.2954 0.5795 -0.7595
vn 0.0352 -0.0719 -0.9968
vn 0.0691 -0.1542 -0.9856
vn 0.1368 -0.8973 -0.4197
vn 0.4268 -0.8395 0.3362
vn 0.4172 -0.8353 -0.3581
vn -0.0603 -0.1648 0.9845
vn 0.2788 0.6049 0.7459
vn 0.1103 0.6278 0.7706
vn 0.4128 0.8218 0.3927
vn 0.1790 0.8997 0.3982
vn 0.4663 0.8844 0.0204
vn 0.2109 0.9775 0.0103
vn 0.4588 0.8149 -0.3541
vn 0.1784 0.6400 -0.7474
vn 0.2127 0.9032 -0.3728
vn 0.3434 0.6180 -0.7072
vn 0.0270 -0.1264 -0.9916
vn -0.4112 -0.7928 -0.4498
vn -0.2185 -0.9116 0.3482
vn -0.1863 -0.8990 -0.3965
vn 0.0570 -0.4200 0.9057
vn 0.1067 0.3586 0.9274
vn -0.2103 -0.6521 0.7284
vn 0.2622 0.8421 0.4714
vn -0.0614 0.5313 0.8450
vn -0.1068 0.8921 0.4391
vn 0.2936 0.9556 0.0267
vn -0.1180 0.9929 0.0145
vn -0.1063 0.9068 -0.4078
vn -0.0622 0.5725 -0.8175
vn 0.2674 0.8663 -0.4220
vn 0.0594 -0.3874 -0.9200
vn 0.1237 0.4503 -0.8843
vn 0.1260 -0.9643 0.2328
vn -0.2966 -0.9482 -0.1140
vn 0.1248 -0.9566 -0.2632
vn 0.3901 -0.1291 0.9117
vn 0.2027 0.6489 0.7334
vn 0.0749 0.9140 0.3987
vn 0.0694 0.9281 -0.3657
vn 0.0352 0.9993 0.0142
vn 0.1780 0.6857 -0.7058
vn 0.4175 -0.0316 -0.9081
vn 0.5418 -0.7604 -0.3580
vn 0.5389 -0.7751 0.3300
vn 0.6726 -0.7387 0.0432
vn 0.6992 -0.7147 0.0167
vn 0.6937 -0.7196 0.0304
vn 0.6881 -0.7242 0.0461
vn 0.7119 -0.6982 0.0762
vn 0.7244 -0.6889 -0.0273
vn 0.9834 0.1813 -0.0116
vn 0.9693 0.2459 -0.0014
vn 0.9838 0.1778 -0.0232
vn 0.9781 0.2056 0.0333
vn 0.9722 0.2340 0.0004
vn 0.9656 0.2599 0.0051
vn 0.1113 -0.9236 0.3668
vn -0.4703 0.4641 -0.7506
vn -0.6752 0.0787 -0.7335
vn 0.8403 -0.4254 0.3361
vn -0.0600 -0.1515 0.9866
vn 0.0530 -0.1394 -0.9888
vn -0.5192 -0.7736 0.3633
vn -0.6103 -0.3526 -0.7094
vn 0.9363 0.1603 0.3125
vn -0.3062 -0.6584 -0.6876
vn 0.6702 0.6848 0.2863
vn 0.1401 0.9509 0.2760
vn 0.8903 -0.2266 0.3950
vn 0.8457 -0.3404 -0.4109
vn 0.8872 -0.1683 0.4295
vn 0.8956 -0.1724 -0.4101
vn 0.5810 0.7778 0.2396
vn 0.1922 -0.7592 0.6218
vn -0.0713 -0.9292 0.3627
vn -0.1011 -0.9662 -0.2371
vn -0.1494 -0.9867 0.0649
vn 0.1270 -0.8366 -0.5328
vn 0.0494 0.6008 -0.7979
vn -0.2627 -0.5391 -0.8002
vn 0.5159 0.5953 0.6160
vn 0.3649 0.8708 0.3294
vn 0.3158 0.9487 0.0145
vn 0.3637 0.8825 -0.2981
vn 0.5220 0.6337 -0.5709
vn -0.2917 -0.9267 0.2367
vn -0.8915 0.0270 0.4522
vn -0.8841 0.1215 0.4513
vn -0.3030 0.8258 -0.4756
vn 0.3108 0.0266 -0.9501
vn 0.3061 0.1213 -0.9443
vn -0.5513 0.8254 -0.1214
vn -0.4522 0.0268 -0.8915
vn -0.4513 0.1215 -0.8841
vn -0.4757 0.8260 0.3025
vn -0.9501 0.0263 -0.3108
vn -0.9443 0.1215 -0.3059
vn 0.3030 0.8258 -0.4756
vn 0.5513 0.8254 -0.1214
vn 0.4757 0.8259 0.3025
vn 0.0875 0.5519 0.8293
vn 0.8892 0.2634 -0.3740
vn 0.3669 0.2666 -0.8913
vn -0.3727 0.2637 -0.8897
vn -0.0355 0.8189 0.5728
vn 0.8951 0.2602 0.3622
vn -0.2286 -0.1997 0.9528
vn -0.3089 0.3072 0.9001
vn -0.2654 -0.2407 -0.9336
vn -0.3920 0.2413 -0.8877
vn -0.9051 0.2408 -0.3504
vn -0.4179 0.3066 -0.8552
vn -0.8877 0.2413 0.3920
vn -0.9002 0.3066 -0.3091
vn -0.3501 0.2406 0.9053
vn -0.8552 0.3066 0.4179
vn 0.2650 -0.2403 0.9338
vn 0.3921 0.2414 0.8877
vn 0.2289 -0.2001 -0.9527
vn 0.3091 0.3068 -0.9002
vn 0.8552 0.3065 -0.4179
vn 0.3504 0.2409 -0.9051
vn 0.9002 0.3070 0.3090
vn 0.8878 0.2412 -0.3920
vn 0.4179 0.3068 0.8551
vn 0.9051 0.2409 0.3504
vn -0.0776 0.8460 0.5276
vn -0.0278 -0.9996 -0.0048
vn -0.0009 -0.9971 0.0763
vn 0.0001 0.5541 0.8325
vn 0.0034 0.2834 0.9590
vn -0.3259 -0.5262 -0.7854
vn -0.5982 -0.5338 -0.5977
vn -0.3285 -0.4979 0.8026
vn -0.0891 0.4277 -0.8995
vn -0.9437 -0.2490 -0.2176
vn -0.0000 -0.5260 -0.8505
vn 0.5982 -0.5338 -0.5977
vn 0.0000 -0.4244 0.9055
vn -0.0291 -0.9992 -0.0271
vn 0.0267 -0.9993 -0.0268
vn -0.0652 -0.9974 0.0295
vn 0.0012 -1.0000 0.0006
vn -0.0006 -1.0000 0.0006
vn 0.0033 -1.0000 0.0050
vn 0.0038 -0.9999 0.0112
vn -0.0008 -1.0000 -0.0056
vn 0.0009 -1.0000 -0.0059
vn -0.0038 -0.9999 0.0113
vn -0.0033 -1.0000 0.0050
vn 0.0006 -1.0000 0.0006
vn 0.0004 -1.0000 0.0007
vn 0.7397 0.0002 -0.6729
vn -0.7461 0.0043 0.6659
vn 0.8670 -0.4976 -0.0266
vn 0.0469 -0.9918 -0.1186
vn -0.1133 -0.9147 0.3879
vn -0.2954 0.9195 0.2594
vn -0.7397 -0.0509 0.6710
vn 0.0133 0.3866 0.9221
vn -0.7878 0.1724 0.5913
vn -0.4926 -0.1430 0.8585
vn -0.7749 -0.1925 -0.6021
vn -0.8268 -0.0431 -0.5608
vn 0.9500 -0.2967 0.0972
vn -0.0793 0.5238 0.8482
vn -0.8338 -0.0132 0.5519
vn -0.0212 0.9815 -0.1902
vn -0.0433 -0.0000 -0.9991
vn -0.0264 -0.6275 -0.7781
vn -0.0433 -0.0000 0.9991
vn -0.0189 0.6276 0.7783
vn -0.0227 -0.9815 0.1900
vn -0.4748 -0.8696 -0.1353
vn -0.5372 -0.2885 0.7926
vn 0.7644 -0.6255 0.1562
vn 0.9858 0.1311 0.1054
s off
f 3493/1/1 2980/2/1 3494/3/1
f 3496/4/2 2981/5/3 3493/1/4
f 3498/6/5 2983/7/6 3496/4/6
f 3498/6/7 2987/8/8 2985/9/7
f 3502/10/9 2987/8/10 3500/11/10
f 3504/12/11 2989/13/12 3502/10/12
f 3504/12/13 2993/14/14 2991/15/13
f 3506/16/15 2995/17/16 2993/14/17
f 3487/18/18 2995/17/18 3508/19/18
f 3487/18/19 3301/20/20 3300/21/19
f 3984/22/21 3301/20/22 3517/23/22
f 3984/22/23 3567/24/23 3822/25/23
f 4003/26/24 3567/24/25 4005/27/25
f 4001/28/26 3565/29/27 4003/26/27
f 4001/28/28 3561/30/29 3563/31/28
f 3999/32/30 3559/33/31 3561/30/30
f 3995/34/32 3559/33/33 3997/35/33
f 3993/36/34 3557/37/35 3995/34/35
f 3993/36/36 3551/38/37 3555/39/38
f 3990/40/39 3552/41/40 3551/38/39
f 3991/42/41 3572/43/41 3552/41/41
f 4006/44/42 3569/45/43 3572/43/44
f 4013/46/45 3569/45/45 3986/47/45
f 4013/46/46 3846/48/47 3845/49/48
f 4019/50/49 3846/48/50 4014/51/51
f 4018/52/52 3890/53/53 4019/50/53
f 4018/52/54 3887/54/55 3891/55/56
f 4017/56/57 3888/57/57 3887/54/57
f 4016/58/58 3889/59/59 3888/57/60
f 4015/60/61 3381/61/62 3889/59/63
f 3520/62/64 3381/61/65 3521/63/66
f 3522/64/67 3382/65/68 3520/62/69
f 3523/66/70 3383/67/71 3522/64/71
f 3524/68/72 3384/69/73 3523/66/73
f 3524/68/74 3385/70/75 3387/71/76
f 3525/72/77 3336/73/78 3385/70/79
f 3518/74/80 3336/73/81 3519/75/80
f 3518/74/82 2998/76/82 3337/77/82
f 3509/78/83 2998/76/84 3489/79/84
f 3494/3/85 2999/80/85 3509/78/85
f 3493/1/1 2981/5/1 2980/2/1
f 3496/4/86 2983/7/87 2981/5/88
f 3498/6/89 2985/9/89 2983/7/90
f 3498/6/91 3500/11/92 2987/8/92
f 3502/10/93 2989/13/93 2987/8/94
f 3504/12/95 2991/15/12 2989/13/96
f 3504/12/97 3506/16/98 2993/14/98
f 3506/16/99 3508/19/100 2995/17/100
f 3487/18/101 3300/21/101 2995/17/101
f 3487/18/102 3517/23/103 3301/20/103
f 3984/22/104 3822/25/104 3301/20/105
f 3984/22/106 4005/27/106 3567/24/106
f 4003/26/107 3565/29/108 3567/24/109
f 4001/28/110 3563/31/110 3565/29/111
f 4001/28/112 3999/32/28 3561/30/28
f 3999/32/113 3997/35/114 3559/33/114
f 3995/34/115 3557/37/115 3559/33/116
f 3993/36/35 3555/39/35 3557/37/117
f 3993/36/118 3990/40/119 3551/38/119
f 3990/40/120 3991/42/121 3552/41/121
f 3991/42/41 4006/44/41 3572/43/41
f 4006/44/122 3986/47/123 3569/45/123
f 4013/46/124 3845/49/124 3569/45/124
f 4013/46/125 4014/51/126 3846/48/127
f 4019/50/128 3890/53/129 3846/48/130
f 4018/52/131 3891/55/132 3890/53/133
f 4018/52/134 4017/56/135 3887/54/135
f 4017/56/136 4016/58/136 3888/57/136
f 4016/58/137 4015/60/138 3889/59/139
f 4015/60/140 3521/63/141 3381/61/142
f 3520/62/143 3382/65/144 3381/61/145
f 3522/64/146 3383/67/147 3382/65/148
f 3523/66/149 3384/69/150 3383/67/151
f 3524/68/152 3387/71/153 3384/69/154
f 3524/68/155 3525/72/156 3385/70/156
f 3525/72/157 3519/75/158 3336/73/159
f 3518/74/160 3337/77/161 3336/73/162
f 3518/74/163 3489/79/163 2998/76/163
f 3509/78/164 2999/80/165 2998/76/166
f 3494/3/85 2980/2/85 2999/80/85
s 1
f 1/81/167 3/82/168 4/83/169
f 3/82/168 5/84/170 4/83/169
f 2/85/171 6/86/172 7/87/173
f 7/87/173 8/88/174 9/89/175
f 11/90/176 13/91/177 10/92/178
f 10/92/178 15/93/179 14/94/180
f 14/94/180 17/95/181 16/96/182
f 19/97/183 21/98/184 18/99/185
f 22/100/186 21/98/184 23/101/187
f 22/100/186 25/102/188 24/103/189
f 26/104/190 28/105/191 29/106/192
f 28/105/191 31/107/193 29/106/192
f 31/107/193 32/108/194 33/109/195
f 35/110/196 37/111/197 34/112/198
f 34/112/198 39/113/199 38/114/200
f 39/113/199 41/115/201 38/114/200
f 42/116/202 44/117/203 45/118/204
f 43/119/205 47/120/206 44/117/203
f 46/121/207 49/122/208 47/120/206
f 50/123/209 52/124/210 53/125/211
f 50/123/209 55/126/212 54/127/213
f 54/127/213 56/128/214 57/129/215
f 58/130/216 60/131/217 61/132/218
f 62/133/219 61/132/218 63/134/220
f 64/135/221 63/134/220 65/136/222
f 66/137/223 5/138/224 3/139/225
f 67/140/226 69/141/227 70/142/228
f 71/143/229 70/142/228 72/144/230
f 73/145/231 72/144/230 74/146/232
f 75/147/233 77/148/234 78/149/235
f 80/150/236 82/151/237 79/152/238
f 79/152/238 84/153/239 83/154/240
f 83/154/240 86/155/241 85/156/242
f 87/157/243 89/158/244 90/159/245
f 91/160/246 90/159/245 92/161/247
f 93/162/248 92/161/247 94/163/249
f 95/164/250 97/165/251 98/166/252
f 100/167/253 102/168/254 99/169/255
f 99/169/255 104/170/256 103/171/257
f 103/171/257 106/172/258 105/173/259
f 107/174/260 109/175/261 110/176/262
f 111/177/263 110/176/262 112/178/264
f 113/179/265 112/178/264 114/180/266
f 115/181/267 117/182/268 118/183/269
f 120/184/270 122/185/271 119/186/272
f 119/186/272 124/187/273 123/188/274
f 123/188/274 126/189/275 125/190/276
f 35/191/277 127/192/278 36/193/279
f 129/194/280 131/195/281 128/196/282
f 128/196/282 133/197/283 132/198/284
f 132/198/284 135/199/285 134/200/286
f 137/201/287 139/202/288 136/203/289
f 138/204/290 141/205/291 139/202/288
f 140/206/292 143/207/293 141/205/291
f 137/201/287 29/106/192 138/204/290
f 29/106/192 140/206/292 138/204/290
f 31/107/193 142/208/294 140/206/292
f 35/110/196 53/125/211 52/124/210
f 34/112/198 55/126/212 53/125/211
f 38/114/200 56/128/214 55/126/212
f 145/209/295 147/210/296 144/211/297
f 146/212/298 149/213/299 147/210/296
f 150/214/300 149/213/299 148/215/301
f 152/216/302 150/214/300 148/215/301
f 153/217/303 155/218/304 156/219/305
f 157/220/306 156/219/305 158/221/307
f 159/222/308 158/221/307 160/223/309
f 161/224/310 163/225/311 164/226/312
f 161/224/310 166/227/313 165/228/314
f 165/228/314 168/229/315 167/230/316
f 170/231/317 172/232/318 169/233/319
f 172/232/318 173/234/320 174/235/321
f 175/236/322 173/234/320 176/237/323
f 178/238/324 180/239/325 177/240/326
f 179/241/327 182/242/328 180/239/325
f 181/243/329 184/244/330 182/242/328
f 186/245/331 188/246/332 185/247/333
f 189/248/334 187/249/335 186/245/331
f 191/250/336 190/251/337 189/248/334
f 194/252/338 196/253/339 193/254/340
f 195/255/341 198/256/342 196/253/339
f 198/256/342 199/257/343 200/258/344
f 150/259/345 201/260/346 151/261/347
f 203/262/348 205/263/349 202/264/350
f 202/264/350 207/265/351 206/266/352
f 206/266/352 209/267/353 208/268/354
f 211/269/355 213/270/356 210/271/357
f 214/272/358 216/273/359 217/274/360
f 218/275/361 217/274/360 219/276/362
f 220/277/363 219/276/362 221/278/364
f 223/279/365 225/280/366 222/281/367
f 227/282/368 229/283/369 226/284/370
f 226/284/370 212/285/371 211/269/355
f 230/286/372 232/287/373 233/288/374
f 234/289/375 233/288/374 235/290/376
f 236/291/377 235/290/376 237/292/378
f 239/293/379 241/294/380 238/295/381
f 243/296/382 245/297/383 242/298/384
f 242/298/384 247/299/385 246/300/386
f 246/300/386 249/301/387 248/302/388
f 250/303/389 252/304/390 253/305/391
f 254/306/392 253/305/391 255/307/393
f 256/308/394 255/307/393 257/309/395
f 259/310/396 261/311/397 258/312/398
f 263/313/399 265/314/400 262/315/401
f 262/315/401 267/316/402 266/317/403
f 266/317/403 269/318/404 268/319/405
f 270/320/406 272/321/407 273/322/408
f 274/323/409 273/322/408 275/324/410
f 276/325/411 275/324/410 277/326/412
f 278/327/413 280/328/414 281/329/415
f 184/330/416 282/331/417 199/332/418
f 284/333/419 286/334/420 283/335/421
f 287/336/422 285/337/423 284/333/419
f 279/338/424 288/339/425 287/336/422
f 283/335/421 172/232/318 284/333/419
f 284/333/419 174/235/321 287/336/422
f 174/235/321 279/338/424 287/336/422
f 180/239/325 194/252/338 177/240/326
f 195/255/341 182/242/328 197/340/426
f 197/340/426 184/244/330 199/257/343
f 290/341/427 292/342/428 289/343/429
f 291/344/430 294/345/431 292/342/428
f 293/346/432 296/347/433 294/345/431
f 297/348/434 299/349/435 300/350/436
f 300/350/436 301/351/437 302/352/438
f 302/352/438 290/341/427 289/343/429
f 303/353/439 305/354/440 306/355/441
f 307/356/442 306/355/441 308/357/443
f 309/358/444 308/357/443 310/359/445
f 312/360/446 314/361/447 311/362/448
f 311/362/448 316/363/449 315/364/450
f 315/364/450 305/354/440 304/365/451
f 317/366/452 319/367/453 320/368/454
f 321/369/455 320/368/454 322/370/456
f 321/369/455 324/371/457 323/372/458
f 326/373/459 328/374/460 325/375/461
f 329/376/462 328/374/460 330/377/463
f 329/376/462 319/367/453 318/378/464
f 332/379/465 334/380/466 331/381/467
f 334/380/466 335/382/468 336/383/469
f 337/384/470 335/382/468 338/385/471
f 339/386/472 341/387/473 342/388/474
f 341/387/473 344/389/475 342/388/474
f 344/389/475 332/379/465 331/381/467
f 346/390/476 348/391/477 345/392/478
f 347/393/479 350/394/480 348/391/477
f 349/395/481 352/396/482 350/394/480
f 354/397/483 356/398/484 353/399/485
f 353/399/485 358/400/486 357/401/487
f 357/401/487 346/390/476 345/392/478
f 360/402/488 362/403/489 359/404/490
f 363/405/491 361/406/492 360/402/488
f 365/407/493 364/408/494 363/405/491
f 367/409/495 369/410/496 370/411/497
f 368/412/498 372/413/499 369/410/496
f 371/414/500 362/403/489 372/413/499
f 374/415/501 376/416/502 373/417/503
f 375/418/504 378/419/505 376/416/502
f 378/419/505 379/420/506 380/421/507
f 199/257/343 382/422/508 200/258/344
f 382/422/508 383/423/509 384/424/510
f 384/424/510 374/415/501 373/417/503
f 385/425/511 386/426/512 387/427/513
f 389/428/514 391/429/515 388/430/516
f 388/430/516 393/431/517 392/432/518
f 392/432/518 395/433/519 394/434/520
f 396/435/521 395/433/519 397/436/522
f 398/437/523 397/436/522 399/438/524
f 400/439/525 399/438/524 401/440/526
f 402/441/527 403/442/528 404/443/529
f 406/444/530 408/445/531 405/446/532
f 409/447/533 408/445/531 410/448/534
f 411/449/535 410/448/534 412/450/536
f 413/451/537 412/450/536 414/452/538
f 415/453/539 417/454/540 418/455/541
f 420/456/542 422/457/543 419/458/544
f 419/458/544 424/459/545 423/460/546
f 423/460/546 426/461/547 425/462/548
f 427/463/549 426/461/547 428/464/550
f 429/465/551 428/464/550 430/466/552
f 431/467/553 430/466/552 432/468/554
f 434/469/555 436/470/556 433/471/557
f 438/472/558 440/473/559 437/474/560
f 437/474/560 407/475/561 406/444/530
f 441/476/562 443/477/563 444/478/564
f 445/479/565 444/478/564 446/480/566
f 447/481/567 446/480/566 448/482/568
f 450/483/569 452/484/570 449/485/571
f 454/486/572 456/487/573 453/488/574
f 453/488/574 458/489/575 457/490/576
f 457/490/576 460/491/577 459/492/578
f 461/493/579 460/491/577 462/494/580
f 463/495/581 462/494/580 464/496/582
f 465/497/583 464/496/582 466/498/584
f 467/499/585 469/500/586 470/501/587
f 472/502/588 474/503/589 471/504/590
f 471/504/590 476/505/591 475/506/592
f 475/506/592 443/477/563 442/507/593
f 477/508/594 479/509/595 480/510/596
f 481/511/597 480/510/596 482/512/598
f 483/513/599 482/512/598 484/514/600
f 486/515/601 488/516/602 485/517/603
f 490/518/604 492/519/605 489/520/606
f 489/520/606 494/521/607 493/522/608
f 493/522/608 496/523/609 495/524/610
f 497/525/611 496/523/609 498/526/612
f 499/527/613 498/526/612 500/528/614
f 501/529/615 500/528/614 502/530/616
f 503/531/617 505/532/618 506/533/619
f 508/534/620 510/535/621 507/536/622
f 507/536/622 512/537/623 511/538/624
f 511/538/624 479/509/595 478/539/625
f 513/540/626 515/541/627 516/542/628
f 517/543/629 516/542/628 518/544/630
f 519/545/631 518/544/630 520/546/632
f 521/547/633 523/548/634 524/549/635
f 352/550/636 525/551/637 379/552/638
f 354/553/639 282/331/417 355/554/640
f 527/555/641 529/556/642 526/557/643
f 526/557/643 531/558/644 530/559/645
f 530/559/645 515/541/627 514/560/646
f 533/561/647 535/562/648 532/563/649
f 536/564/650 534/565/651 533/561/647
f 522/566/652 537/567/653 536/564/650
f 539/568/654 541/569/655 538/570/656
f 540/571/657 543/572/658 541/569/655
f 542/573/659 535/562/648 543/572/658
f 532/563/649 334/380/466 533/561/647
f 533/561/647 336/383/469 536/564/650
f 336/383/469 522/566/652 536/564/650
f 539/568/654 342/388/474 540/571/657
f 342/388/474 542/573/659 540/571/657
f 344/389/475 532/563/649 542/573/659
f 348/391/477 374/415/501 345/392/478
f 375/418/504 350/394/480 377/574/660
f 377/574/660 352/396/482 379/420/506
f 354/397/483 381/575/661 199/257/343
f 353/399/485 383/423/509 381/575/661
f 357/401/487 374/415/501 383/423/509
f 545/576/662 547/577/663 544/578/664
f 546/579/665 549/580/666 547/577/663
f 548/581/667 551/582/668 549/580/666
f 552/583/669 554/584/670 555/585/671
f 555/585/671 556/586/672 557/587/673
f 557/587/673 545/576/662 544/578/664
f 558/588/674 560/589/675 561/590/676
f 562/591/677 561/590/676 563/592/678
f 564/593/679 563/592/678 565/594/680
f 567/595/681 569/596/682 566/597/683
f 566/597/683 571/598/684 570/599/685
f 570/599/685 560/589/675 559/600/686
f 572/601/687 574/602/688 575/603/689
f 572/601/687 577/604/690 576/605/691
f 576/605/691 579/606/692 578/607/693
f 581/608/694 583/609/695 580/610/696
f 584/611/697 583/609/695 585/612/698
f 584/611/697 574/602/688 573/613/699
f 587/614/700 589/615/701 586/616/702
f 589/615/701 590/617/703 591/618/704
f 592/619/705 590/617/703 593/620/706
f 594/621/707 596/622/708 597/623/709
f 596/622/708 599/624/710 597/623/709
f 599/624/710 587/614/700 586/616/702
f 601/625/711 603/626/712 600/627/713
f 602/628/714 605/629/715 603/626/712
f 604/630/716 607/631/717 605/629/715
f 609/632/718 611/633/719 608/634/720
f 608/634/720 613/635/721 612/636/722
f 612/636/722 601/625/711 600/627/713
f 615/637/723 617/638/724 614/639/725
f 618/640/726 616/641/727 615/637/723
f 620/642/728 619/643/729 618/640/726
f 622/644/730 624/645/731 625/646/732
f 623/647/733 627/648/734 624/645/731
f 626/649/735 617/638/724 627/648/734
f 629/650/736 631/651/737 628/652/738
f 630/653/739 633/654/740 631/651/737
f 633/654/740 634/655/741 635/656/742
f 379/420/506 637/657/743 380/421/507
f 637/657/743 638/658/744 639/659/745
f 639/659/745 629/650/736 628/652/738
f 640/660/746 641/661/747 642/662/748
f 644/663/749 646/664/750 643/665/751
f 643/665/751 648/666/752 647/667/753
f 647/667/753 650/668/754 649/669/755
f 651/670/756 650/668/754 652/671/757
f 653/672/758 652/671/757 654/673/759
f 655/674/760 654/673/759 656/675/761
f 657/676/762 658/677/763 659/678/764
f 661/679/765 663/680/766 660/681/767
f 664/682/768 663/680/766 665/683/769
f 666/684/770 665/683/769 667/685/771
f 668/686/772 667/685/771 669/687/773
f 670/688/774 672/689/775 673/690/776
f 675/691/777 677/692/778 674/693/779
f 674/693/779 679/694/780 678/695/781
f 678/695/781 681/696/782 680/697/783
f 682/698/784 681/696/782 683/699/785
f 684/700/786 683/699/785 685/701/787
f 686/702/788 685/701/787 687/703/789
f 689/704/790 691/705/791 688/706/792
f 693/707/793 695/708/794 692/709/795
f 692/709/795 662/710/796 661/679/765
f 696/711/797 698/712/798 699/713/799
f 700/714/800 699/713/799 701/715/801
f 702/716/802 701/715/801 703/717/803
f 705/718/804 707/719/805 704/720/806
f 709/721/807 711/722/808 708/723/809
f 708/723/809 713/724/810 712/725/811
f 712/725/811 715/726/812 714/727/813
f 716/728/814 715/726/812 717/729/815
f 718/730/816 717/729/815 719/731/817
f 720/732/818 719/731/817 721/733/819
f 722/734/820 724/735/821 725/736/822
f 727/737/823 729/738/824 726/739/825
f 726/739/825 731/740/826 730/741/827
f 730/741/827 698/712/798 697/742/828
f 732/743/829 734/744/830 735/745/831
f 736/746/832 735/745/831 737/747/833
f 738/748/834 737/747/833 739/749/835
f 741/750/836 743/751/837 740/752/838
f 745/753/839 747/754/840 744/755/841
f 744/755/841 749/756/842 748/757/843
f 748/757/843 751/758/844 750/759/845
f 752/760/846 751/758/844 753/761/847
f 754/762/848 753/761/847 755/763/849
f 756/764/850 755/763/849 757/765/851
f 758/766/852 760/767/853 761/768/854
f 763/769/855 765/770/856 762/771/857
f 762/771/857 767/772/858 766/773/859
f 766/773/859 734/744/830 733/774/860
f 768/775/861 770/776/862 771/777/863
f 772/778/864 771/777/863 773/779/865
f 774/780/866 773/779/865 775/781/867
f 776/782/868 778/783/869 779/784/870
f 607/785/871 780/786/872 634/787/873
f 609/788/874 525/551/637 610/789/875
f 782/790/876 784/791/877 781/792/878
f 781/792/878 786/793/879 785/794/880
f 785/794/880 770/776/862 769/795/881
f 788/796/882 790/797/883 787/798/884
f 791/799/885 789/800/886 788/796/882
f 777/801/887 792/802/888 791/799/885
f 794/803/889 796/804/890 793/805/891
f 795/806/892 798/807/893 796/804/890
f 797/808/894 790/797/883 798/807/893
f 787/798/884 589/615/701 788/796/882
f 788/796/882 591/618/704 791/799/885
f 591/618/704 777/801/887 791/799/885
f 794/803/889 597/623/709 795/806/892
f 597/623/709 797/808/894 795/806/892
f 599/624/710 787/798/884 797/808/894
f 603/626/712 629/650/736 600/627/713
f 630/653/739 605/629/715 632/809/895
f 632/809/895 607/631/717 634/655/741
f 609/632/718 636/810/896 379/420/506
f 608/634/720 638/658/744 636/810/896
f 612/636/722 629/650/736 638/658/744
f 800/811/897 802/812/898 799/813/899
f 801/814/900 804/815/901 802/812/898
f 803/816/902 806/817/903 804/815/901
f 807/818/904 809/819/905 810/820/906
f 810/820/906 811/821/907 812/822/908
f 812/822/908 800/811/897 799/813/899
f 813/823/909 815/824/910 816/825/911
f 817/826/912 816/825/911 818/827/913
f 819/828/914 818/827/913 820/829/915
f 822/830/916 824/831/917 821/832/918
f 821/832/918 826/833/919 825/834/920
f 825/834/920 815/824/910 814/835/921
f 827/836/922 829/837/923 830/838/924
f 827/836/922 832/839/925 831/840/926
f 831/840/926 834/841/927 833/842/928
f 836/843/929 838/844/930 835/845/931
f 839/846/932 838/844/930 840/847/933
f 839/846/932 829/837/923 828/848/934
f 842/849/935 844/850/936 841/851/937
f 844/850/936 845/852/938 846/853/939
f 847/854/940 845/852/938 848/855/941
f 849/856/942 851/857/943 852/858/944
f 851/857/943 854/859/945 852/858/944
f 854/859/945 842/849/935 841/851/937
f 856/860/946 858/861/947 855/862/948
f 857/863/949 860/864/950 858/861/947
f 859/865/951 862/866/952 860/864/950
f 864/867/953 866/868/954 863/869/955
f 863/869/955 868/870/956 867/871/957
f 868/870/956 855/862/948 867/871/957
f 870/872/958 872/873/959 869/874/960
f 873/875/961 871/876/962 870/872/958
f 875/877/963 874/878/964 873/875/961
f 877/879/965 879/880/966 880/881/967
f 878/882/968 882/883/969 879/880/966
f 881/884/970 872/873/959 882/883/969
f 884/885/971 886/886/972 883/887/973
f 885/888/974 888/889/975 886/886/972
f 888/889/975 52/124/210 51/890/976
f 634/655/741 890/891/977 635/656/742
f 890/891/977 891/892/978 892/893/979
f 892/893/979 884/885/971 883/887/973
f 893/894/980 894/895/981 895/896/982
f 897/897/983 899/898/984 896/899/985
f 896/899/985 901/900/986 900/901/987
f 900/901/987 903/902/988 902/903/989
f 904/904/990 903/902/988 905/905/991
f 906/906/992 905/905/991 907/907/993
f 908/908/994 907/907/993 909/909/995
f 910/910/996 911/911/997 912/912/998
f 914/913/999 916/914/1000 913/915/1001
f 917/916/1002 916/914/1000 918/917/1003
f 919/918/1004 918/917/1003 920/919/1005
f 921/920/1006 920/919/1005 922/921/1007
f 923/922/1008 925/923/1009 926/924/1010
f 928/925/1011 930/926/1012 927/927/1013
f 927/927/1013 932/928/1014 931/929/1015
f 931/929/1015 934/930/1016 933/931/1017
f 935/932/1018 934/930/1016 936/933/1019
f 937/934/1020 936/933/1019 938/935/1021
f 939/936/1022 938/935/1021 940/937/1023
f 942/938/1024 944/939/1025 941/940/1026
f 946/941/1027 948/942/1028 945/943/1029
f 945/943/1029 915/944/1030 914/913/999
f 949/945/1031 951/946/1032 952/947/1033
f 953/948/1034 952/947/1033 954/949/1035
f 955/950/1036 954/949/1035 956/951/1037
f 958/952/1038 960/953/1039 957/954/1040
f 962/955/1041 964/956/1042 961/957/1043
f 961/957/1043 966/958/1044 965/959/1045
f 965/959/1045 968/960/1046 967/961/1047
f 969/962/1048 968/960/1046 970/963/1049
f 971/964/1050 970/963/1049 972/965/1051
f 973/966/1052 972/965/1051 974/967/1053
f 975/968/1054 977/969/1055 978/970/1056
f 980/971/1057 982/972/1058 979/973/1059
f 979/973/1059 984/974/1060 983/975/1061
f 983/975/1061 951/946/1032 950/976/1062
f 985/977/1063 987/978/1064 988/979/1065
f 989/980/1066 988/979/1065 990/981/1067
f 991/982/1068 990/981/1067 992/983/1069
f 994/984/1070 996/985/1071 993/986/1072
f 998/987/1073 1000/988/1074 997/989/1075
f 997/989/1075 1002/990/1076 1001/991/1077
f 1001/991/1077 1004/992/1078 1003/993/1079
f 1005/994/1080 1004/992/1078 1006/995/1081
f 1007/996/1082 1006/995/1081 1008/997/1083
f 1009/998/1084 1008/997/1083 1010/999/1085
f 1011/1000/1086 1013/1001/1087 1014/1002/1088
f 1016/1003/1089 1018/1004/1090 1015/1005/1091
f 1015/1005/1091 1020/1006/1092 1019/1007/1093
f 1019/1007/1093 987/978/1064 986/1008/1094
f 1021/1009/1095 1023/1010/1096 1024/1011/1097
f 1025/1012/1098 1024/1011/1097 1026/1013/1099
f 1027/1014/1100 1026/1013/1099 1028/1015/1101
f 1030/1016/1102 1032/1017/1103 1029/1018/1104
f 1032/1017/1103 1031/1019/1105 1033/1020/1106
f 862/1021/1107 127/192/278 52/1022/1108
f 864/1023/1109 780/786/872 865/1024/1110
f 1035/1025/1111 1037/1026/1112 1034/1027/1113
f 1034/1027/1113 1039/1028/1114 1038/1029/1115
f 1038/1029/1115 1023/1010/1096 1022/1030/1116
f 1041/1031/1117 1043/1032/1118 1040/1033/1119
f 1044/1034/1120 1042/1035/1121 1041/1031/1117
f 1029/1036/1122 1045/1037/1123 1044/1034/1120
f 1047/1038/1124 1049/1039/1125 1046/1040/1126
f 1048/1041/1127 1051/1042/1128 1049/1039/1125
f 1050/1043/1129 1043/1032/1118 1051/1042/1128
f 1040/1033/1119 844/850/936 1041/1031/1117
f 1041/1031/1117 846/853/939 1044/1034/1120
f 846/853/939 1029/1036/1122 1044/1034/1120
f 1047/1038/1124 852/858/944 1048/1041/1127
f 852/858/944 1050/1043/1129 1048/1041/1127
f 854/859/945 1040/1033/1119 1050/1043/1129
f 858/861/947 884/885/971 855/862/948
f 885/888/974 860/864/950 887/1044/1130
f 887/1044/1130 862/866/952 52/124/210
f 864/867/953 889/1045/1131 634/655/741
f 863/869/955 891/892/978 889/1045/1131
f 867/871/957 884/885/971 891/892/978
f 36/1046/1132 139/202/288 37/111/197
f 139/202/288 39/113/199 37/111/197
f 141/205/291 40/1047/1133 39/113/199
f 1030/1016/1102 136/1048/1134 1031/1019/1105
f 178/238/324 285/337/423 179/241/327
f 179/241/327 288/339/425 181/243/329
f 288/339/425 183/1049/1135 181/243/329
f 346/390/476 534/565/651 347/393/479
f 347/393/479 537/567/653 349/395/481
f 537/567/653 351/1050/1136 349/395/481
f 355/1051/1137 541/569/655 356/398/484
f 541/569/655 358/400/486 356/398/484
f 543/572/658 346/390/476 358/400/486
f 280/328/414 538/1052/1138 281/329/415
f 601/625/711 789/800/886 602/628/714
f 602/628/714 792/802/888 604/630/716
f 792/802/888 606/1053/1139 604/630/716
f 610/1054/1140 796/804/890 611/633/719
f 796/804/890 613/635/721 611/633/719
f 798/807/893 601/625/711 613/635/721
f 523/548/634 793/1055/1141 524/549/635
f 856/860/946 1042/1035/1121 857/863/949
f 857/863/949 1045/1037/1123 859/865/951
f 859/865/951 1032/1056/1142 1033/1057/1143
f 859/865/951 1033/1057/1143 861/1058/1144
f 865/1059/1145 1049/1039/1125 866/868/954
f 1049/1039/1125 868/870/956 866/868/954
f 1051/1042/1128 856/860/946 868/870/956
f 778/783/869 1046/1060/1146 779/784/870
f 865/1024/1110 779/784/870 1046/1060/1146
f 779/784/870 606/1061/1147 776/782/868
f 593/1062/1148 1053/1063/1149 592/1064/1150
f 850/1065/1151 1053/1063/1149 1052/1066/1152
f 1047/1067/1153 1053/1063/1149 849/1068/1154
f 1053/1063/1149 777/1069/1155 592/1064/1150
f 610/789/875 524/549/635 793/1055/1141
f 524/549/635 351/1070/1156 521/547/633
f 338/1071/1157 1055/1072/1158 337/1073/1159
f 595/1074/1160 1055/1072/1158 1054/1075/1161
f 794/1076/1162 1055/1072/1158 594/1077/1163
f 1055/1072/1158 522/1078/1164 337/1073/1159
f 355/554/640 281/329/415 538/1052/1138
f 281/329/415 183/1079/1165 278/327/413
f 176/1080/1166 1057/1081/1167 175/1082/1168
f 340/1083/1169 1057/1081/1167 1056/1084/1170
f 539/1085/1171 1057/1081/1167 339/1086/1172
f 1057/1081/1167 279/1087/1173 175/1082/1168
f 36/193/279 1031/1019/1105 136/1048/1134
f 1031/1019/1105 861/1088/1174 1033/1020/1106
f 848/1089/1175 1059/1090/1176 847/1091/1177
f 27/1092/1178 1059/1090/1176 1058/1093/1179
f 137/1094/1180 1059/1090/1176 26/1095/1181
f 1059/1090/1176 1029/1018/1104 847/1091/1177
f 1060/1096/1182 1062/1097/1183 1063/1098/1184
f 1062/1097/1183 1064/1099/1185 1063/1098/1184
f 1063/1098/1184 1066/1100/1186 1067/1101/1187
f 1066/1100/1186 1068/1102/1188 1067/1101/1187
f 1060/1096/1182 1067/1101/1187 1069/1103/1189
f 1067/1101/1187 1071/1104/1190 1072/1105/1191
f 1071/1104/1190 1073/1106/1192 1072/1105/1191
f 1074/1107/1193 1076/1108/1194 1072/1105/1191
f 1075/1109/1195 1077/1110/1196 1076/1108/1194
f 1072/1105/1191 1069/1103/1189 1067/1101/1187
f 1078/1111/1197 1069/1103/1189 1076/1108/1194
f 1079/1112/1198 1080/1113/1199 1069/1103/1189
f 1069/1103/1189 1082/1114/1200 1060/1096/1182
f 1060/1096/1182 1083/1115/1201 1084/1116/1202
f 1085/1117/1203 1087/1118/1204 1088/1119/1205
f 1085/1117/1203 1088/1119/1205 1089/1120/1206
f 1089/1120/1206 1091/1121/1207 1085/1117/1203
f 1090/1122/1208 8/88/174 1091/1121/1207
f 1093/1123/1209 1095/1124/1210 1092/1125/1211
f 1097/1126/1212 1092/1125/1211 1096/1127/1213
f 17/95/181 1096/1127/1213 16/96/182
f 1099/1128/1214 1101/1129/1215 1098/1130/1216
f 1102/1131/1217 1099/1128/1214 1098/1130/1216
f 25/102/188 1102/1131/1217 24/103/189
f 1104/1132/1218 1106/1133/1219 1107/1134/1220
f 1108/1135/1221 1106/1133/1219 1105/1136/1222
f 1108/1135/1221 32/108/194 1109/1137/1223
f 1111/1138/1224 1113/1139/1225 1110/1140/1226
f 1115/1141/1227 1110/1140/1226 1114/1142/1228
f 41/115/201 1115/1141/1227 1114/1142/1228
f 1116/1143/1229 1118/1144/1230 1119/1145/1231
f 1119/1145/1231 1120/1146/1232 1121/1147/1233
f 1121/1147/1233 49/122/208 48/1148/1234
f 1123/1149/1235 1125/1150/1236 1122/1151/1237
f 1126/1152/1238 1125/1150/1236 1127/1153/1239
f 56/128/214 1127/1153/1239 57/129/215
f 1128/1154/1240 60/1155/217 59/1156/1241
f 1130/1157/1242 1129/1158/1243 1128/1154/1240
f 1132/1159/1244 1131/1160/1245 1130/1157/1242
f 1134/1161/1246 1088/1162/1247 1087/1163/1248
f 1135/1164/1249 69/1165/227 68/1166/1250
f 1137/1167/1251 1136/1168/1252 1135/1164/1249
f 1139/1169/1253 1138/1170/1254 1137/1167/1251
f 1141/1171/1255 1143/1172/1256 1144/1173/1257
f 1146/1174/1258 1148/1175/1259 1145/1176/1260
f 1150/1177/1261 1145/1176/1260 1149/1178/1262
f 86/1179/241 1149/1178/1262 85/1180/242
f 1151/1181/1263 89/1182/244 88/1183/1264
f 1153/1184/1265 1152/1185/1266 1151/1181/1263
f 1155/1186/1267 1154/1187/1268 1153/1184/1265
f 1157/1188/1269 1159/1189/1270 1160/1190/1271
f 1162/1191/1272 1164/1192/1273 1161/1193/1274
f 1166/1194/1275 1161/1193/1274 1165/1195/1276
f 106/1196/258 1165/1195/1276 105/1197/259
f 1167/1198/1277 109/1199/261 108/1200/1278
f 1169/1201/1279 1168/1202/1280 1167/1198/1277
f 1171/1203/1281 1170/1204/1282 1169/1201/1279
f 1173/1205/1283 1175/1206/1284 1176/1207/1285
f 1178/1208/1286 1180/1209/1287 1177/1210/1288
f 1182/1211/1289 1177/1210/1288 1181/1212/1290
f 126/1213/275 1181/1212/1290 125/1214/276
f 1113/1215/1291 1183/1216/1292 1123/1217/1293
f 1185/1218/1294 1187/1219/1295 1184/1220/1296
f 1189/1221/1297 1184/1220/1296 1188/1222/1298
f 135/1223/285 1188/1222/1298 134/1224/286
f 1191/1225/1299 1193/1226/1300 1190/1227/1301
f 1192/1228/1302 1194/1229/1303 1195/1230/1304
f 1195/1230/1304 143/207/293 142/208/294
f 1193/1226/1300 1105/1136/1222 1104/1132/1218
f 1195/1230/1304 1105/1136/1222 1192/1228/1302
f 142/208/294 1108/1135/1221 1195/1230/1304
f 1113/1139/1225 1122/1151/1237 1110/1140/1226
f 1110/1140/1226 1126/1152/1238 1114/1142/1228
f 1114/1142/1228 56/128/214 41/115/201
f 1196/1231/1305 145/209/295 144/211/297
f 1198/1232/1306 1197/1233/1307 1196/1231/1305
f 1199/1234/1308 1201/1235/1309 1200/1236/1310
f 1202/1237/1311 1200/1236/1310 1201/1235/1309
f 1203/1238/1312 155/218/304 154/1239/1313
f 1205/1240/1314 1204/1241/1315 1203/1238/1312
f 1207/1242/1316 1206/1243/1317 1205/1240/1314
f 1209/1244/1318 163/225/311 162/1245/1319
f 1212/1246/1320 1209/1244/1318 1211/1247/1321
f 1214/1248/1322 1211/1247/1321 1213/1249/1323
f 1215/1250/1324 170/231/317 169/233/319
f 1215/1250/1324 1218/1251/1325 1216/1252/1326
f 1219/1253/1327 1218/1251/1325 1217/1254/1328
f 1221/1255/1329 178/238/324 177/240/326
f 1223/1256/1330 1222/1257/1331 1221/1255/1329
f 1225/1258/1332 1224/1259/1333 1223/1256/1330
f 188/246/332 1228/1260/1334 185/247/333
f 1227/1261/1335 1230/1262/1336 1228/1260/1334
f 1229/1263/1337 1232/1264/1338 1230/1262/1336
f 194/252/338 1234/1265/1339 1233/1266/1340
f 1233/1266/1340 1236/1267/1341 1235/1268/1342
f 1237/1269/1343 1236/1267/1341 1238/1270/1344
f 1202/1271/1345 1201/1272/1346 1239/1273/1347
f 1241/1274/1348 1243/1275/1349 1240/1276/1350
f 1245/1277/1351 1240/1276/1350 1244/1278/1352
f 209/267/353 1244/1278/1352 208/268/354
f 213/270/356 1247/1279/1353 210/271/357
f 1248/1280/1354 216/273/359 215/1281/1355
f 1250/1282/1356 1249/1283/1357 1248/1280/1354
f 1252/1284/1358 1251/1285/1359 1250/1282/1356
f 1255/1286/1360 1257/1287/1361 1254/1288/1362
f 1259/1289/1363 1261/1290/1364 1258/1291/1365
f 1246/1292/1366 1258/1291/1365 1247/1279/1353
f 1262/1293/1367 232/287/373 231/1294/1368
f 1264/1295/1369 1263/1296/1370 1262/1293/1367
f 1266/1297/1371 1265/1298/1372 1264/1295/1369
f 1269/1299/1373 1271/1300/1374 1268/1301/1375
f 1273/1302/1376 1275/1303/1377 1272/1304/1378
f 1277/1305/1379 1272/1304/1378 1276/1306/1380
f 249/301/387 1276/1306/1380 248/302/388
f 1278/1307/1381 252/304/390 251/1308/1382
f 1280/1309/1383 1279/1310/1384 1278/1307/1381
f 1282/1311/1385 1281/1312/1386 1280/1309/1383
f 1285/1313/1387 1287/1314/1388 1284/1315/1389
f 1289/1316/1390 1291/1317/1391 1288/1318/1392
f 1293/1319/1393 1288/1318/1392 1292/1320/1394
f 269/318/404 1292/1320/1394 268/319/405
f 1294/1321/1395 272/321/407 271/1322/1396
f 1296/1323/1397 1295/1324/1398 1294/1321/1395
f 1298/1325/1399 1297/1326/1400 1296/1323/1397
f 1300/1327/1401 1302/1328/1402 1303/1329/1403
f 1225/1330/1404 1304/1331/1405 1226/1332/1406
f 286/334/420 1306/1333/1407 283/335/421
f 1305/1334/1408 1308/1335/1409 1306/1333/1407
f 1307/1336/1410 1303/1337/1411 1308/1335/1409
f 283/335/421 1215/1250/1324 169/233/319
f 1306/1333/1407 1217/1254/1328 1215/1250/1324
f 1303/1337/1411 1217/1254/1328 1308/1335/1409
f 194/252/338 1221/1255/1329 177/240/326
f 1233/1266/1340 1223/1256/1330 1221/1255/1329
f 1235/1268/1342 1225/1258/1332 1223/1256/1330
f 1310/1338/1412 1312/1339/1413 1309/1340/1414
f 1313/1341/1415 1311/1342/1416 1310/1338/1412
f 1315/1343/1417 1314/1344/1418 1313/1341/1415
f 1317/1345/1419 1319/1346/1420 1320/1347/1421
f 1318/1348/1422 1322/1349/1423 1319/1346/1420
f 1321/1350/1424 1312/1339/1413 1322/1349/1423
f 1323/1351/1425 1325/1352/1426 1326/1353/1427
f 1327/1354/1428 1324/1355/1429 1323/1351/1425
f 1329/1356/1430 1328/1357/1431 1327/1354/1428
f 1332/1358/1432 1334/1359/1433 1331/1360/1434
f 1336/1361/1435 1331/1360/1434 1335/1362/1436
f 1325/1352/1426 1335/1362/1436 1326/1353/1427
f 1337/1363/1437 1339/1364/1438 1340/1365/1439
f 1341/1366/1440 1338/1367/1441 1337/1363/1437
f 1344/1368/1442 1341/1366/1440 1343/1369/1443
f 1346/1370/1444 1348/1371/1445 1345/1372/1446
f 1349/1373/1447 1346/1370/1444 1345/1372/1446
f 1339/1364/1438 1349/1373/1447 1340/1365/1439
f 1352/1374/1448 1354/1375/1449 1351/1376/1450
f 1352/1374/1448 1356/1377/1451 1353/1378/1452
f 1357/1379/1453 1356/1377/1451 1355/1380/1454
f 1359/1381/1455 1361/1382/1456 1362/1383/1457
f 1363/1384/1458 1361/1382/1456 1360/1385/1459
f 1363/1384/1458 1354/1375/1449 1364/1386/1460
f 1366/1387/1461 1368/1388/1462 1365/1389/1463
f 1369/1390/1464 1367/1391/1465 1366/1387/1461
f 1371/1392/1466 1370/1393/1467 1369/1390/1464
f 1374/1394/1468 1376/1395/1469 1373/1396/1470
f 1378/1397/1471 1373/1396/1470 1377/1398/1472
f 1377/1398/1472 1368/1388/1462 1378/1397/1471
f 1380/1399/1473 1382/1400/1474 1379/1401/1475
f 1381/1402/1476 1384/1403/1477 1382/1400/1474
f 1383/1404/1478 1386/1405/1479 1384/1403/1477
f 1387/1406/1480 1389/1407/1481 1390/1408/1482
f 1390/1408/1482 1391/1409/1483 1392/1410/1484
f 1392/1410/1484 1380/1399/1473 1379/1401/1475
f 1394/1411/1485 1396/1412/1486 1393/1413/1487
f 1393/1413/1487 1398/1414/1488 1397/1415/1489
f 1399/1416/1490 1398/1414/1488 1400/1417/1491
f 1237/1269/1343 1402/1418/1492 1401/1419/1493
f 1403/1420/1494 1402/1418/1492 1404/1421/1495
f 1394/1411/1485 1404/1421/1495 1395/1422/1496
f 1405/1423/1497 1406/1424/1498 1407/1425/1499
f 1409/1426/1500 1411/1427/1501 1408/1428/1502
f 1413/1429/1503 1408/1428/1502 1412/1430/1504
f 1415/1431/1505 1412/1430/1504 1414/1432/1506
f 1416/1433/1507 1415/1431/1505 1414/1432/1506
f 1418/1434/1508 1417/1435/1509 1416/1433/1507
f 1420/1436/1510 1419/1437/1511 1418/1434/1508
f 1422/1438/1512 1423/1439/1513 1424/1440/1514
f 1426/1441/1515 1428/1442/1516 1425/1443/1517
f 1429/1444/1518 1426/1441/1515 1425/1443/1517
f 1431/1445/1519 1430/1446/1520 1429/1444/1518
f 1433/1447/1521 1432/1448/1522 1431/1445/1519
f 1435/1449/1523 1437/1450/1524 1438/1451/1525
f 1440/1452/1526 1442/1453/1527 1439/1454/1528
f 1444/1455/1529 1439/1454/1528 1443/1456/1530
f 1446/1457/1531 1443/1456/1530 1445/1458/1532
f 1447/1459/1533 1446/1457/1531 1445/1458/1532
f 1449/1460/1534 1448/1461/1535 1447/1459/1533
f 1451/1462/1536 1450/1463/1537 1449/1460/1534
f 1454/1464/1538 1456/1465/1539 1453/1466/1540
f 1458/1467/1541 1460/1468/1542 1457/1469/1543
f 1427/1470/1544 1457/1469/1543 1428/1442/1516
f 1461/1471/1545 1463/1472/1546 1464/1473/1547
f 1465/1474/1548 1462/1475/1549 1461/1471/1545
f 1467/1476/1550 1466/1477/1551 1465/1474/1548
f 1470/1478/1552 1472/1479/1553 1469/1480/1554
f 1474/1481/1555 1476/1482/1556 1473/1483/1557
f 1478/1484/1558 1473/1483/1557 1477/1485/1559
f 1480/1486/1560 1477/1485/1559 1479/1487/1561
f 1481/1488/1562 1480/1486/1560 1479/1487/1561
f 1483/1489/1563 1482/1490/1564 1481/1488/1562
f 1485/1491/1565 1484/1492/1566 1483/1489/1563
f 1487/1493/1567 1489/1494/1568 1490/1495/1569
f 1492/1496/1570 1494/1497/1571 1491/1498/1572
f 1496/1499/1573 1491/1498/1572 1495/1500/1574
f 1463/1472/1546 1495/1500/1574 1464/1473/1547
f 1497/1501/1575 1499/1502/1576 1500/1503/1577
f 1501/1504/1578 1498/1505/1579 1497/1501/1575
f 1503/1506/1580 1502/1507/1581 1501/1504/1578
f 1506/1508/1582 1508/1509/1583 1505/1510/1584
f 1510/1511/1585 1512/1512/1586 1509/1513/1587
f 1514/1514/1588 1509/1513/1587 1513/1515/1589
f 1516/1516/1590 1513/1515/1589 1515/1517/1591
f 1517/1518/1592 1516/1516/1590 1515/1517/1591
f 1519/1519/1593 1518/1520/1594 1517/1518/1592
f 1521/1521/1595 1520/1522/1596 1519/1519/1593
f 1523/1523/1597 1525/1524/1598 1526/1525/1599
f 1528/1526/1600 1530/1527/1601 1527/1528/1602
f 1532/1529/1603 1527/1528/1602 1531/1530/1604
f 1499/1502/1576 1531/1530/1604 1500/1503/1577
f 1533/1531/1605 1535/1532/1606 1536/1533/1607
f 1537/1534/1608 1534/1535/1609 1533/1531/1605
f 1539/1536/1610 1538/1537/1611 1537/1534/1608
f 1541/1538/1612 1543/1539/1613 1544/1540/1614
f 1371/1541/1615 1545/1542/1616 1372/1543/1617
f 1376/1544/1618 1304/1331/1405 1237/1545/1619
f 1547/1546/1620 1549/1547/1621 1546/1548/1622
f 1551/1549/1623 1546/1548/1622 1550/1550/1624
f 1535/1532/1606 1550/1550/1624 1536/1533/1607
f 1553/1551/1625 1555/1552/1626 1552/1553/1627
f 1554/1554/1628 1557/1555/1629 1555/1552/1626
f 1556/1556/1630 1544/1557/1631 1557/1555/1629
f 1559/1558/1632 1561/1559/1633 1558/1560/1634
f 1560/1561/1635 1562/1562/1636 1563/1563/1637
f 1563/1563/1637 1553/1551/1625 1552/1553/1627
f 1552/1553/1627 1352/1374/1448 1351/1376/1450
f 1555/1552/1626 1355/1380/1454 1352/1374/1448
f 1544/1557/1631 1355/1380/1454 1557/1555/1629
f 1561/1559/1633 1360/1385/1459 1359/1381/1455
f 1563/1563/1637 1360/1385/1459 1560/1561/1635
f 1552/1553/1627 1363/1384/1458 1563/1563/1637
f 1394/1411/1485 1366/1387/1461 1365/1389/1463
f 1393/1413/1487 1369/1390/1464 1366/1387/1461
f 1397/1415/1489 1371/1392/1466 1369/1390/1464
f 1376/1395/1469 1401/1419/1493 1373/1396/1470
f 1373/1396/1470 1403/1420/1494 1377/1398/1472
f 1377/1398/1472 1394/1411/1485 1365/1389/1463
f 1565/1564/1638 1567/1565/1639 1564/1566/1640
f 1568/1567/1641 1566/1568/1642 1565/1564/1638
f 1570/1569/1643 1569/1570/1644 1568/1567/1641
f 1572/1571/1645 1574/1572/1646 1575/1573/1647
f 1573/1574/1648 1577/1575/1649 1574/1572/1646
f 1576/1576/1650 1567/1565/1639 1577/1575/1649
f 1578/1577/1651 1580/1578/1652 1581/1579/1653
f 1582/1580/1654 1579/1581/1655 1578/1577/1651
f 1584/1582/1656 1583/1583/1657 1582/1580/1654
f 1587/1584/1658 1589/1585/1659 1586/1586/1660
f 1591/1587/1661 1586/1586/1660 1590/1588/1662
f 1580/1578/1652 1590/1588/1662 1581/1579/1653
f 1592/1589/1663 1594/1590/1664 1595/1591/1665
f 1597/1592/1666 1592/1589/1663 1596/1593/1667
f 1599/1594/1668 1596/1593/1667 1598/1595/1669
f 1601/1596/1670 1603/1597/1671 1600/1598/1672
f 1604/1599/1673 1601/1596/1670 1600/1598/1672
f 1594/1590/1664 1604/1599/1673 1595/1591/1665
f 1607/1600/1674 1609/1601/1675 1606/1602/1676
f 1607/1600/1674 1611/1603/1677 1608/1604/1678
f 1612/1605/1679 1611/1603/1677 1610/1606/1680
f 1614/1607/1681 1616/1608/1682 1617/1609/1683
f 1618/1610/1684 1616/1608/1682 1615/1611/1685
f 1618/1610/1684 1609/1601/1675 1619/1612/1686
f 1621/1613/1687 1623/1614/1688 1620/1615/1689
f 1624/1616/1690 1622/1617/1691 1621/1613/1687
f 1626/1618/1692 1625/1619/1693 1624/1616/1690
f 1629/1620/1694 1631/1621/1695 1628/1622/1696
f 1633/1623/1697 1628/1622/1696 1632/1624/1698
f 1620/1615/1689 1633/1623/1697 1632/1624/1698
f 1635/1625/1699 1637/1626/1700 1634/1627/1701
f 1636/1628/1702 1639/1629/1703 1637/1626/1700
f 1638/1630/1704 1641/1631/1705 1639/1629/1703
f 1642/1632/1706 1644/1633/1707 1645/1634/1708
f 1645/1634/1708 1646/1635/1709 1647/1636/1710
f 1647/1636/1710 1635/1625/1699 1634/1627/1701
f 1649/1637/1711 1651/1638/1712 1648/1639/1713
f 1648/1639/1713 1653/1640/1714 1652/1641/1715
f 1654/1642/1716 1653/1640/1714 1655/1643/1717
f 1399/1416/1490 1657/1644/1718 1656/1645/1719
f 1658/1646/1720 1657/1644/1718 1659/1647/1721
f 1649/1637/1711 1659/1647/1721 1650/1648/1722
f 1660/1649/1723 1661/1650/1724 1662/1651/1725
f 1664/1652/1726 1666/1653/1727 1663/1654/1728
f 1668/1655/1729 1663/1654/1728 1667/1656/1730
f 1670/1657/1731 1667/1656/1730 1669/1658/1732
f 1671/1659/1733 1670/1657/1731 1669/1658/1732
f 1673/1660/1734 1672/1661/1735 1671/1659/1733
f 1675/1662/1736 1674/1663/1737 1673/1660/1734
f 1677/1664/1738 1678/1665/1739 1679/1666/1740
f 1681/1667/1741 1683/1668/1742 1680/1669/1743
f 1684/1670/1744 1681/1667/1741 1680/1669/1743
f 1686/1671/1745 1685/1672/1746 1684/1670/1744
f 1688/1673/1747 1687/1674/1748 1686/1671/1745
f 1690/1675/1749 1692/1676/1750 1693/1677/1751
f 1695/1678/1752 1697/1679/1753 1694/1680/1754
f 1699/1681/1755 1694/1680/1754 1698/1682/1756
f 1701/1683/1757 1698/1682/1756 1700/1684/1758
f 1702/1685/1759 1701/1683/1757 1700/1684/1758
f 1704/1686/1760 1703/1687/1761 1702/1685/1759
f 1706/1688/1762 1705/1689/1763 1704/1686/1760
f 1709/1690/1764 1711/1691/1765 1708/1692/1766
f 1713/1693/1767 1715/1694/1768 1712/1695/1769
f 1682/1696/1770 1712/1695/1769 1683/1668/1742
f 1716/1697/1771 1718/1698/1772 1719/1699/1773
f 1720/1700/1774 1717/1701/1775 1716/1697/1771
f 1722/1702/1776 1721/1703/1777 1720/1700/1774
f 1725/1704/1778 1727/1705/1779 1724/1706/1780
f 1729/1707/1781 1731/1708/1782 1728/1709/1783
f 1733/1710/1784 1728/1709/1783 1732/1711/1785
f 1735/1712/1786 1732/1711/1785 1734/1713/1787
f 1736/1714/1788 1735/1712/1786 1734/1713/1787
f 1738/1715/1789 1737/1716/1790 1736/1714/1788
f 1740/1717/1791 1739/1718/1792 1738/1715/1789
f 1742/1719/1793 1744/1720/1794 1745/1721/1795
f 1747/1722/1796 1749/1723/1797 1746/1724/1798
f 1751/1725/1799 1746/1724/1798 1750/1726/1800
f 1718/1698/1772 1750/1726/1800 1719/1699/1773
f 1752/1727/1801 1754/1728/1802 1755/1729/1803
f 1756/1730/1804 1753/1731/1805 1752/1727/1801
f 1758/1732/1806 1757/1733/1807 1756/1730/1804
f 1761/1734/1808 1763/1735/1809 1760/1736/1810
f 1765/1737/1811 1767/1738/1812 1764/1739/1813
f 1769/1740/1814 1764/1739/1813 1768/1741/1815
f 1771/1742/1816 1768/1741/1815 1770/1743/1817
f 1772/1744/1818 1771/1742/1816 1770/1743/1817
f 1774/1745/1819 1773/1746/1820 1772/1744/1818
f 1776/1747/1821 1775/1748/1822 1774/1745/1819
f 1778/1749/1823 1780/1750/1824 1781/1751/1825
f 1783/1752/1826 1785/1753/1827 1782/1754/1828
f 1787/1755/1829 1782/1754/1828 1786/1756/1830
f 1754/1728/1802 1786/1756/1830 1755/1729/1803
f 1788/1757/1831 1790/1758/1832 1791/1759/1833
f 1792/1760/1834 1789/1761/1835 1788/1757/1831
f 1794/1762/1836 1793/1763/1837 1792/1760/1834
f 1796/1764/1838 1798/1765/1839 1799/1766/1840
f 1626/1767/1841 1800/1768/1842 1627/1769/1843
f 1631/1770/1844 1545/1542/1616 1399/1771/1845
f 1802/1772/1846 1804/1773/1847 1801/1774/1848
f 1806/1775/1849 1801/1774/1848 1805/1776/1850
f 1790/1758/1832 1805/1776/1850 1791/1759/1833
f 1808/1777/1851 1810/1778/1852 1807/1779/1853
f 1809/1780/1854 1812/1781/1855 1810/1778/1852
f 1811/1782/1856 1799/1783/1857 1812/1781/1855
f 1814/1784/1858 1816/1785/1859 1813/1786/1860
f 1815/1787/1861 1817/1788/1862 1818/1789/1863
f 1818/1789/1863 1808/1777/1851 1807/1779/1853
f 1807/1779/1853 1607/1600/1674 1606/1602/1676
f 1810/1778/1852 1610/1606/1680 1607/1600/1674
f 1799/1783/1857 1610/1606/1680 1812/1781/1855
f 1816/1785/1859 1615/1611/1685 1614/1607/1681
f 1818/1789/1863 1615/1611/1685 1815/1787/1861
f 1807/1779/1853 1618/1610/1684 1818/1789/1863
f 1649/1637/1711 1621/1613/1687 1620/1615/1689
f 1648/1639/1713 1624/1616/1690 1621/1613/1687
f 1652/1641/1715 1626/1618/1692 1624/1616/1690
f 1631/1621/1695 1656/1645/1719 1628/1622/1696
f 1628/1622/1696 1658/1646/1720 1632/1624/1698
f 1632/1624/1698 1649/1637/1711 1620/1615/1689
f 1820/1790/1864 1822/1791/1865 1819/1792/1866
f 1823/1793/1867 1821/1794/1868 1820/1790/1864
f 1825/1795/1869 1824/1796/1870 1823/1793/1867
f 1827/1797/1871 1829/1798/1872 1830/1799/1873
f 1828/1800/1874 1832/1801/1875 1829/1798/1872
f 1831/1802/1876 1822/1791/1865 1832/1801/1875
f 1833/1803/1877 1835/1804/1878 1836/1805/1879
f 1837/1806/1880 1834/1807/1881 1833/1803/1877
f 1839/1808/1882 1838/1809/1883 1837/1806/1880
f 1842/1810/1884 1844/1811/1885 1841/1812/1886
f 1845/1813/1887 1842/1810/1884 1841/1812/1886
f 1835/1804/1878 1845/1813/1887 1836/1805/1879
f 1847/1814/1888 1849/1815/1889 1850/1816/1890
f 1852/1817/1891 1847/1814/1888 1851/1818/1892
f 1854/1819/1893 1851/1818/1892 1853/1820/1894
f 1856/1821/1895 1858/1822/1896 1855/1823/1897
f 1859/1824/1898 1856/1821/1895 1855/1823/1897
f 1849/1815/1889 1859/1824/1898 1850/1816/1890
f 1862/1825/1899 1864/1826/1900 1861/1827/1901
f 1862/1825/1899 1866/1828/1902 1863/1829/1903
f 1867/1830/1904 1866/1828/1902 1865/1831/1905
f 1869/1832/1906 1871/1833/1907 1872/1834/1908
f 1873/1835/1909 1871/1833/1907 1870/1836/1910
f 1873/1835/1909 1864/1826/1900 1874/1837/1911
f 1876/1838/1912 1878/1839/1913 1875/1840/1914
f 1879/1841/1915 1877/1842/1916 1876/1838/1912
f 1881/1843/1917 1880/1844/1918 1879/1841/1915
f 1884/1845/1919 1886/1846/1920 1883/1847/1921
f 1888/1848/1922 1883/1847/1921 1887/1849/1923
f 1875/1840/1914 1888/1848/1922 1887/1849/1923
f 1890/1850/1924 1892/1851/1925 1889/1852/1926
f 1891/1853/1927 1894/1854/1928 1892/1851/1925
f 1893/1855/1929 1896/1856/1930 1894/1854/1928
f 1897/1857/1931 1899/1858/1932 1900/1859/1933
f 1900/1859/1933 1901/1860/1934 1902/1861/1935
f 1902/1861/1935 1890/1850/1924 1889/1852/1926
f 1904/1862/1936 1906/1863/1937 1903/1864/1938
f 1903/1864/1938 1908/1865/1939 1907/1866/1940
f 1123/1149/1235 1908/1865/1939 1124/1867/1941
f 1654/1642/1716 1910/1868/1942 1909/1869/1943
f 1911/1870/1944 1910/1868/1942 1912/1871/1945
f 1904/1862/1936 1912/1871/1945 1905/1872/1946
f 1913/1873/1947 1914/1874/1948 1915/1875/1949
f 1917/1876/1950 1919/1877/1951 1916/1878/1952
f 1921/1879/1953 1916/1878/1952 1920/1880/1954
f 1923/1881/1955 1920/1880/1954 1922/1882/1956
f 1924/1883/1957 1923/1881/1955 1922/1882/1956
f 1926/1884/1958 1925/1885/1959 1924/1883/1957
f 1928/1886/1960 1927/1887/1961 1926/1884/1958
f 1930/1888/1962 1931/1889/1963 1932/1890/1964
f 1934/1891/1965 1936/1892/1966 1933/1893/1967
f 1937/1894/1968 1934/1891/1965 1933/1893/1967
f 1939/1895/1969 1938/1896/1970 1937/1894/1968
f 1941/1897/1971 1940/1898/1972 1939/1895/1969
f 1943/1899/1973 1945/1900/1974 1946/1901/1975
f 1948/1902/1976 1950/1903/1977 1947/1904/1978
f 1952/1905/1979 1947/1904/1978 1951/1906/1980
f 1954/1907/1981 1951/1906/1980 1953/1908/1982
f 1955/1909/1983 1954/1907/1981 1953/1908/1982
f 1957/1910/1984 1956/1911/1985 1955/1909/1983
f 1959/1912/1986 1958/1913/1987 1957/1910/1984
f 1962/1914/1988 1964/1915/1989 1961/1916/1990
f 1966/1917/1991 1968/1918/1992 1965/1919/1993
f 1935/1920/1994 1965/1919/1993 1936/1892/1966
f 1969/1921/1995 1971/1922/1996 1972/1923/1997
f 1973/1924/1998 1970/1925/1999 1969/1921/1995
f 1975/1926/2000 1974/1927/2001 1973/1924/1998
f 1978/1928/2002 1980/1929/2003 1977/1930/2004
f 1982/1931/2005 1984/1932/2006 1981/1933/2007
f 1986/1934/2008 1981/1933/2007 1985/1935/2009
f 1988/1936/2010 1985/1935/2009 1987/1937/2011
f 1989/1938/2012 1988/1936/2010 1987/1937/2011
f 1991/1939/2013 1990/1940/2014 1989/1938/2012
f 1993/1941/2015 1992/1942/2016 1991/1939/2013
f 1995/1943/2017 1997/1944/2018 1998/1945/2019
f 2000/1946/2020 2002/1947/2021 1999/1948/2022
f 2004/1949/2023 1999/1948/2022 2003/1950/2024
f 1971/1922/1996 2003/1950/2024 1972/1923/1997
f 2005/1951/2025 2007/1952/2026 2008/1953/2027
f 2009/1954/2028 2006/1955/2029 2005/1951/2025
f 2011/1956/2030 2010/1957/2031 2009/1954/2028
f 2014/1958/2032 2016/1959/2033 2013/1960/2034
f 2018/1961/2035 2020/1962/2036 2017/1963/2037
f 2022/1964/2038 2017/1963/2037 2021/1965/2039
f 2024/1966/2040 2021/1965/2039 2023/1967/2041
f 2025/1968/2042 2024/1966/2040 2023/1967/2041
f 2027/1969/2043 2026/1970/2044 2025/1968/2042
f 2029/1971/2045 2028/1972/2046 2027/1969/2043
f 2031/1973/2047 2033/1974/2048 2034/1975/2049
f 2036/1976/2050 2038/1977/2051 2035/1978/2052
f 2040/1979/2053 2035/1978/2052 2039/1980/2054
f 2007/1952/2026 2039/1980/2054 2008/1953/2027
f 2041/1981/2055 2043/1982/2056 2044/1983/2057
f 2045/1984/2058 2042/1985/2059 2041/1981/2055
f 2047/1986/2060 2046/1987/2061 2045/1984/2058
f 2050/1988/2062 2052/1989/2063 2051/1990/2064
f 1881/1991/2065 1183/1216/1292 1882/1992/2066
f 1886/1993/2067 1800/1768/1842 1654/1994/2068
f 2054/1995/2069 2056/1996/2070 2053/1997/2071
f 2058/1998/2072 2053/1997/2071 2057/1999/2073
f 2043/1982/2056 2057/1999/2073 2044/1983/2057
f 2060/2000/2074 2062/2001/2075 2059/2002/2076
f 2061/2003/2077 2064/2004/2078 2062/2001/2075
f 2063/2005/2079 2051/2006/2080 2064/2004/2078
f 2066/2007/2081 2068/2008/2082 2065/2009/2083
f 2067/2010/2084 2069/2011/2085 2070/2012/2086
f 2070/2012/2086 2060/2000/2074 2059/2002/2076
f 2059/2002/2076 1862/1825/1899 1861/1827/1901
f 2062/2001/2075 1865/1831/1905 1862/1825/1899
f 2051/2006/2080 1865/1831/1905 2064/2004/2078
f 2068/2008/2082 1870/1836/1910 1869/1832/1906
f 2070/2012/2086 1870/1836/1910 2067/2010/2084
f 2059/2002/2076 1873/1835/1909 2070/2012/2086
f 1904/1862/1936 1876/1838/1912 1875/1840/1914
f 1903/1864/1938 1879/1841/1915 1876/1838/1912
f 1907/1866/1940 1881/1843/1917 1879/1841/1915
f 1886/1846/1920 1909/1869/1943 1883/1847/1921
f 1883/1847/1921 1911/1870/1944 1887/1849/1923
f 1887/1849/1923 1904/1862/1936 1875/1840/1914
f 1112/2013/2087 1191/1225/1299 1190/1227/1301
f 1115/1141/1227 1191/1225/1299 1111/1138/1224
f 40/1047/1133 1194/1229/1303 1115/1141/1227
f 2052/1989/2063 1190/2014/2088 1193/2015/2089
f 178/238/324 1305/1334/1408 286/334/420
f 1222/1257/1331 1307/1336/1410 1305/1334/1408
f 1226/2016/2090 1307/1336/1410 1224/1259/1333
f 1368/1388/1462 1554/1554/1628 1553/1551/1625
f 1367/1391/1465 1556/1556/1630 1554/1554/1628
f 1372/2017/2091 1556/1556/1630 1370/1393/1467
f 1375/2018/2092 1559/1558/1632 1558/1560/1634
f 1378/1397/1471 1559/1558/1632 1374/1394/1468
f 1368/1388/1462 1562/1562/1636 1378/1397/1471
f 1302/1328/1402 1558/2019/2093 1561/2020/2094
f 1623/1614/1688 1809/1780/1854 1808/1777/1851
f 1622/1617/1691 1811/1782/1856 1809/1780/1854
f 1627/2021/2095 1811/1782/1856 1625/1619/1693
f 1630/2022/2096 1814/1784/1858 1813/1786/1860
f 1633/1623/1697 1814/1784/1858 1629/1620/1694
f 1623/1614/1688 1817/1788/1862 1633/1623/1697
f 1543/1539/1613 1813/2023/2097 1816/2024/2098
f 1878/1839/1913 2061/2003/2077 2060/2000/2074
f 1877/1842/1916 2063/2005/2079 2061/2003/2077
f 1880/1844/1918 2049/2025/2099 2063/2005/2079
f 1885/2026/2100 2066/2007/2081 2065/2009/2083
f 1888/1848/1922 2066/2007/2081 1884/1845/1919
f 1878/1839/1913 2069/2011/2085 1888/1848/1922
f 1798/1765/1839 2065/2027/2101 2068/2028/2102
f 1885/2029/2103 1797/2030/2104 1800/1768/1842
f 1627/1769/1843 1797/2030/2104 1796/1764/1838
f 2071/2031/2105 1613/2032/2106 1612/2033/2107
f 2071/2031/2105 1872/2034/2108 2072/2035/2109
f 2068/2028/2102 2071/2031/2105 1798/1765/1839
f 1799/1766/1840 2071/2031/2105 1612/2033/2107
f 1630/2036/2110 1542/2037/2111 1545/1542/1616
f 1372/1543/1617 1542/2037/2111 1541/1538/1612
f 2073/2038/2112 1358/2039/2113 1357/2040/2114
f 2073/2038/2112 1617/2041/2115 2074/2042/2116
f 1816/2024/2098 2073/2038/2112 1543/1539/1613
f 1544/1540/1614 2073/2038/2112 1357/2040/2114
f 1375/2043/2117 1301/2044/2118 1304/1331/1405
f 1226/1332/1406 1301/2044/2118 1300/1327/1401
f 2075/2045/2119 1220/2046/2120 1219/2047/2121
f 2075/2045/2119 1362/2048/2122 2076/2049/2123
f 1561/2020/2094 2075/2045/2119 1302/1328/1402
f 1303/1329/1403 2075/2045/2119 1219/2047/2121
f 1112/2050/2124 2050/1988/2062 1183/1216/1292
f 2050/1988/2062 1882/1992/2066 1183/1216/1292
f 2077/2051/2125 1868/2052/2126 1867/2053/2127
f 2077/2051/2125 1107/2054/2128 2078/2055/2129
f 1193/2015/2089 2077/2051/2125 2052/1989/2063
f 2051/1990/2064 2077/2051/2125 1867/2053/2127
f 2079/2056/2130 2081/2057/2131 2082/2058/2132
f 2081/2057/2131 2084/2059/2133 2085/2060/2134
f 2084/2059/2133 2086/2061/2135 2085/2060/2134
f 2085/2060/2134 2088/2062/2136 2089/2063/2137
f 2088/2062/2136 2090/2064/2138 2089/2063/2137
f 2089/2063/2137 2092/2065/2139 2093/2066/2140
f 2092/2065/2139 2094/2067/2141 2093/2066/2140
f 2089/2063/2137 2081/2057/2131 2085/2060/2134
f 2095/2068/2142 2097/2069/2143 2093/2066/2140
f 2096/2070/2144 2098/2071/2145 2097/2069/2143
f 2099/2072/2146 2082/2058/2132 2097/2069/2143
f 2100/2073/2147 2101/2074/2148 2082/2058/2132
f 2093/2066/2140 2082/2058/2132 2081/2057/2131
f 1083/1115/1201 2082/2058/2132 1084/1116/1202
f 1/81/167 2102/2075/2149 2103/2076/2150
f 1/81/167 2103/2076/2150 2104/2077/2151
f 805/2078/2152 2105/2079/2153 2103/2076/2150
f 2102/2075/2149 805/2078/2152 2103/2076/2150
f 803/816/902 2106/2080/2154 2105/2079/2153
f 801/814/900 2107/2081/2155 2106/2080/2154
f 800/811/897 2108/2082/2156 2107/2081/2155
f 811/821/907 2109/2083/2157 2108/2082/2156
f 809/819/905 2110/2084/2158 2111/2085/2159
f 809/819/905 2111/2085/2159 2109/2083/2157
f 550/2086/2160 2112/2087/2161 2111/2085/2159
f 2110/2084/2158 550/2086/2160 2111/2085/2159
f 548/581/667 2113/2088/2162 2112/2087/2161
f 546/579/665 2114/2089/2163 2113/2088/2162
f 556/586/672 2114/2089/2163 545/576/662
f 554/584/670 2115/2090/2164 556/586/672
f 554/584/670 2117/2091/2165 2118/2092/2166
f 554/584/670 2118/2092/2166 2116/2093/2167
f 293/346/432 2118/2092/2166 295/2094/2168
f 2117/2091/2165 295/2094/2168 2118/2092/2166
f 291/344/430 2119/2095/2169 293/346/432
f 290/341/427 2120/2096/2170 291/344/430
f 301/351/437 2121/2097/2171 290/341/427
f 299/349/435 2122/2098/2172 301/351/437
f 299/349/435 2124/2099/2173 2125/2100/2174
f 299/349/435 2125/2100/2174 2123/2101/2175
f 148/215/301 2125/2100/2174 152/216/302
f 2124/2099/2173 152/216/302 2125/2100/2174
f 146/212/298 2126/2102/2176 148/215/301
f 145/209/295 2127/2103/2177 146/212/298
f 145/209/295 2129/2104/2178 2128/2105/2179
f 1197/1233/1307 2130/2106/2180 2129/2104/2178
f 1199/1234/1308 2131/2107/2181 2132/2108/2182
f 1199/1234/1308 2132/2108/2182 2130/2106/2180
f 1320/1347/1421 2133/2109/2183 2132/2108/2182
f 2131/2107/2181 1320/1347/1421 2132/2108/2182
f 1319/1346/1420 2134/2110/2184 2133/2109/2183
f 1322/1349/1423 2135/2111/2185 2134/2110/2184
f 1312/1339/1413 2136/2112/2186 2135/2111/2185
f 1311/1342/1416 2137/2113/2187 2136/2112/2186
f 1314/1344/1418 2138/2114/2188 2139/2115/2189
f 1314/1344/1418 2139/2115/2189 2137/2113/2187
f 1575/1573/1647 2140/2116/2190 2139/2115/2189
f 2138/2114/2188 1575/1573/1647 2139/2115/2189
f 1574/1572/1646 2141/2117/2191 2140/2116/2190
f 1577/1575/1649 2142/2118/2192 2141/2117/2191
f 1566/1568/1642 2142/2118/2192 1567/1565/1639
f 1569/1570/1644 2143/2119/2193 1566/1568/1642
f 1569/1570/1644 2145/2120/2194 2146/2121/2195
f 1569/1570/1644 2146/2121/2195 2144/2122/2196
f 1829/1798/1872 2146/2121/2195 1830/1799/1873
f 2145/2120/2194 1830/1799/1873 2146/2121/2195
f 1832/1801/1875 2147/2123/2197 1829/1798/1872
f 1822/1791/1865 2148/2124/2198 1832/1801/1875
f 1821/1794/1868 2149/2125/2199 1822/1791/1865
f 1824/1796/1870 2150/2126/2200 1821/1794/1868
f 1824/1796/1870 2152/2127/2201 2153/2128/2202
f 1824/1796/1870 2153/2128/2202 2151/2129/2203
f 1085/1117/1203 2153/2128/2202 1086/2130/2204
f 2152/2127/2201 1086/2130/2204 2153/2128/2202
f 1091/1121/1207 2154/2131/2205 1085/1117/1203
f 8/88/174 2155/2132/2206 1091/1121/1207
f 8/88/174 2157/2133/2207 2156/2134/2208
f 6/86/172 2104/2077/2151 2157/2133/2207
f 2158/2135/2209 2160/2136/2210 2161/2137/2211
f 2160/2136/2210 2163/2138/2212 2164/2139/2213
f 2163/2138/2212 2165/2140/2214 2164/2139/2213
f 2166/2141/2215 2168/2142/2216 2164/2139/2213
f 2167/2143/2217 2169/2144/2218 2168/2142/2216
f 2170/2145/2219 2172/2146/2220 2168/2142/2216
f 2171/2147/2221 2173/2148/2222 2172/2146/2220
f 2168/2142/2216 2161/2137/2211 2164/2139/2213
f 2172/2146/2220 2175/2149/2223 2176/2150/2224
f 2175/2149/2223 2177/2151/2225 2176/2150/2224
f 2178/2152/2226 2180/2153/2227 2176/2150/2224
f 2179/2154/2228 2181/2155/2229 2180/2153/2227
f 2172/2146/2220 2180/2153/2227 2182/2156/2230
f 2183/2157/2231 2185/2158/2232 2180/2153/2227
f 2184/2159/2233 2186/2160/2234 2185/2158/2232
f 2185/2158/2232 2188/2161/2235 2182/2156/2230
f 2188/2161/2235 2189/2162/2236 2182/2156/2230
f 2180/2153/2227 2185/2158/2232 2182/2156/2230
f 2190/2163/2237 2192/2164/2238 2182/2156/2230
f 2191/2165/2239 2193/2166/2240 2192/2164/2238
f 2194/2167/2241 2196/2168/2242 2192/2164/2238
f 2195/2169/2243 2197/2170/2244 2196/2168/2242
f 2182/2156/2230 2196/2168/2242 2161/2137/2211
f 2198/2171/2245 2200/2172/2246 2196/2168/2242
f 2199/2173/2247 2201/2174/2248 2200/2172/2246
f 2202/2175/2249 2161/2137/2211 2200/2172/2246
f 2203/2176/2250 2204/2177/2251 2161/2137/2211
f 2196/2168/2242 2200/2172/2246 2161/2137/2211
f 2172/2146/2220 2182/2156/2230 2161/2137/2211
f 2160/2136/2210 2164/2139/2213 2161/2137/2211
f 2205/2178/2252 2158/2135/2209 2161/2137/2211
f 1062/1097/1183 2207/2179/2253 2206/2180/2254
f 1064/1099/1185 2206/2180/2254 2208/2181/2255
f 1063/1098/1184 2208/2181/2255 2209/2182/2256
f 1065/2183/2257 2209/2182/2256 2210/2184/2258
f 1066/1100/1186 2210/2184/2258 2211/2185/2259
f 1068/1102/1188 2211/2185/2259 2212/2186/2260
f 1067/1101/1187 2212/2186/2260 2213/2187/2261
f 1070/2188/2262 2213/2187/2261 2214/2189/2263
f 1071/1104/1190 2214/2189/2263 2215/2190/2264
f 1073/1106/1192 2215/2190/2264 2216/2191/2265
f 2217/2192/2266 1073/1106/1192 2216/2191/2265
f 2218/2193/2267 1072/1105/1191 2217/2192/2266
f 2219/2194/2268 1074/1107/1193 2218/2193/2267
f 2220/2195/2269 1075/1109/1195 2219/2194/2268
f 2221/2196/2270 1077/1110/1196 2220/2195/2269
f 2222/2197/2271 1076/1108/1194 2221/2196/2270
f 2223/2198/2272 1078/1111/1197 2222/2197/2271
f 2224/2199/2273 1079/1112/1198 2223/2198/2272
f 2225/2200/2274 1080/1113/1199 2224/2199/2273
f 2226/2201/2275 1069/1103/1189 2225/2200/2274
f 2227/2202/2276 1081/2203/2277 2226/2201/2275
f 2228/2204/2278 1082/1114/1200 2227/2202/2276
f 2079/2056/2130 2228/2204/2278 2229/2205/2279
f 2080/2206/2280 2229/2205/2279 2230/2207/2281
f 2081/2057/2131 2230/2207/2281 2231/2208/2282
f 2083/2209/2283 2231/2208/2282 2232/2210/2284
f 2084/2059/2133 2232/2210/2284 2233/2211/2285
f 2086/2061/2135 2233/2211/2285 2234/2212/2286
f 2085/2060/2134 2234/2212/2286 2235/2213/2287
f 2087/2214/2288 2235/2213/2287 2236/2215/2289
f 2088/2062/2136 2236/2215/2289 2237/2216/2290
f 2090/2064/2138 2237/2216/2290 2238/2217/2291
f 2089/2063/2137 2238/2217/2291 2239/2218/2292
f 2091/2219/2293 2239/2218/2292 2240/2220/2294
f 2241/2221/2295 2091/2219/2293 2240/2220/2294
f 2242/2222/2296 2092/2065/2139 2241/2221/2295
f 2243/2223/2297 2094/2067/2141 2242/2222/2296
f 2244/2224/2298 2093/2066/2140 2243/2223/2297
f 2245/2225/2299 2095/2068/2142 2244/2224/2298
f 2246/2226/2300 2096/2070/2144 2245/2225/2299
f 2247/2227/2301 2098/2071/2145 2246/2226/2300
f 2248/2228/2302 2097/2069/2143 2247/2227/2301
f 2249/2229/2303 2099/2072/2146 2248/2228/2302
f 2250/2230/2304 2100/2073/2147 2249/2229/2303
f 2251/2231/2305 2101/2074/2148 2250/2230/2304
f 2252/2232/2306 2082/2058/2132 2251/2231/2305
f 1060/1096/1182 2252/2232/2306 2253/2233/2307
f 1061/2234/2308 2253/2233/2307 2207/2179/2253
f 2205/2178/2252 2255/2235/2309 2254/2236/2310
f 2158/2135/2209 2254/2236/2310 2256/2237/2311
f 2159/2238/2312 2256/2237/2311 2257/2239/2313
f 2258/2240/2314 2159/2238/2312 2257/2239/2313
f 2259/2241/2315 2160/2136/2210 2258/2240/2314
f 2260/2242/2316 2162/2243/2317 2259/2241/2315
f 2261/2244/2318 2163/2138/2212 2260/2242/2316
f 2164/2139/2213 2261/2244/2318 2262/2245/2319
f 2263/2246/2320 2164/2139/2213 2262/2245/2319
f 2167/2143/2217 2263/2246/2320 2264/2247/2321
f 2265/2248/2322 2167/2143/2217 2264/2247/2321
f 2266/2249/2323 2169/2144/2218 2265/2248/2322
f 2170/2145/2219 2266/2249/2323 2267/2250/2324
f 2171/2147/2221 2267/2250/2324 2268/2251/2325
f 2173/2148/2222 2268/2251/2325 2269/2252/2326
f 2270/2253/2327 2173/2148/2222 2269/2252/2326
f 2271/2254/2328 2172/2146/2220 2270/2253/2327
f 2272/2255/2329 2174/2256/2330 2271/2254/2328
f 2177/2151/2225 2272/2255/2329 2273/2257/2331
f 2176/2150/2224 2273/2257/2331 2274/2258/2332
f 2275/2259/2333 2176/2150/2224 2274/2258/2332
f 2179/2154/2228 2275/2259/2333 2276/2260/2334
f 2277/2261/2335 2179/2154/2228 2276/2260/2334
f 2180/2153/2227 2277/2261/2335 2278/2262/2336
f 2183/2157/2231 2278/2262/2336 2279/2263/2337
f 2184/2159/2233 2279/2263/2337 2280/2264/2338
f 2186/2160/2234 2280/2264/2338 2281/2265/2339
f 2282/2266/2340 2186/2160/2234 2281/2265/2339
f 2283/2267/2341 2185/2158/2232 2282/2266/2340
f 2284/2268/2342 2187/2269/2343 2283/2267/2341
f 2285/2270/2344 2188/2161/2235 2284/2268/2342
f 2182/2156/2230 2285/2270/2344 2286/2271/2345
f 2287/2272/2346 2182/2156/2230 2286/2271/2345
f 2191/2165/2239 2287/2272/2346 2288/2273/2347
f 2289/2274/2348 2191/2165/2239 2288/2273/2347
f 2192/2164/2238 2289/2274/2348 2290/2275/2349
f 2291/2276/2350 2192/2164/2238 2290/2275/2349
f 2195/2169/2243 2291/2276/2350 2292/2277/2351
f 2197/2170/2244 2292/2277/2351 2293/2278/2352
f 2294/2279/2353 2197/2170/2244 2293/2278/2352
f 2295/2280/2354 2196/2168/2242 2294/2279/2353
f 2199/2173/2247 2295/2280/2354 2296/2281/2355
f 2297/2282/2356 2199/2173/2247 2296/2281/2355
f 2200/2172/2246 2297/2282/2356 2298/2283/2357
f 2299/2284/2358 2200/2172/2246 2298/2283/2357
f 2203/2176/2250 2299/2284/2358 2300/2285/2359
f 2301/2286/2360 2203/2176/2250 2300/2285/2359
f 2161/2137/2211 2301/2286/2360 2255/2235/2309
f 73/2287/2361 76/2288/2362 45/118/204
f 75/2289/2363 80/2290/2364 42/116/202
f 93/2291/2365 96/2292/2366 11/90/176
f 95/2293/2367 100/2294/2368 12/2295/2369
f 113/2296/2370 116/2297/2371 19/97/183
f 115/2298/2372 120/2299/2373 20/2300/2374
f 220/2301/2375 223/2302/2376 191/250/336
f 222/2303/2377 227/2304/2378 192/2305/2379
f 236/2306/2380 239/2307/2381 160/223/309
f 238/2308/2382 243/2309/2383 159/222/308
f 256/2310/2384 259/2311/2385 168/229/315
f 258/2312/2386 263/2313/2387 167/230/316
f 553/2314/2388 385/2315/2389 295/2094/2168
f 553/2314/2388 295/2094/2168 2117/2091/2165
f 152/216/302 298/2316/2390 403/2317/2391
f 152/216/302 403/2317/2391 150/214/300
f 436/470/556 669/687/773 439/2318/2392
f 439/2318/2392 728/2319/2393 725/736/822
f 725/736/822 448/482/568 439/2318/2392
f 228/2320/2394 417/454/540 414/452/538
f 228/2320/2394 473/2321/2395 470/501/587
f 470/501/587 237/292/378 228/2320/2394
f 724/735/821 764/2322/2396 761/768/854
f 761/768/854 484/514/600 724/735/821
f 724/735/821 455/2323/2397 452/484/570
f 244/2324/2398 469/500/586 466/498/584
f 244/2324/2398 509/2325/2399 506/533/619
f 506/533/619 257/309/395 244/2324/2398
f 757/765/851 1054/1075/1161 760/767/853
f 1054/1075/1161 491/2326/2400 760/767/853
f 760/767/853 491/2326/2400 488/516/602
f 261/311/397 502/530/616 264/2327/2401
f 502/530/616 1056/1084/1170 264/2327/2401
f 264/2327/2401 1056/1084/1170 277/326/412
f 657/676/762 676/2328/2402 673/690/776
f 673/690/776 432/468/554 657/676/762
f 657/676/762 390/2329/2403 386/426/512
f 201/260/346 401/440/526 204/2330/2404
f 204/2330/2404 421/2331/2405 418/455/541
f 418/455/541 221/278/364 204/2330/2404
f 387/2332/2406 389/2333/2407 296/347/433
f 297/348/434 400/2334/2408 404/2335/2409
f 416/2336/2410 370/411/497 413/2337/2411
f 420/2338/2412 367/409/495 415/2339/2413
f 434/2340/2414 365/407/493 431/2341/2415
f 438/2342/2416 366/2343/2417 433/2344/2418
f 450/2345/2419 310/359/445 447/2346/2420
f 454/2347/2421 309/358/444 449/2348/2422
f 468/2349/2423 312/360/446 465/2350/2424
f 472/2351/2425 313/2352/2426 467/2353/2427
f 486/2354/2428 324/371/457 483/2355/2429
f 490/2356/2430 323/372/458 485/2357/2431
f 504/2358/2432 326/373/459 501/2359/2433
f 508/2360/2434 327/2361/2435 503/2362/2436
f 911/2363/2437 550/2086/2160 808/2364/2438
f 808/2364/2438 550/2086/2160 2110/2084/2158
f 694/2365/2439 925/923/1009 922/921/1007
f 694/2365/2439 981/2366/2440 978/970/1056
f 978/970/1056 703/717/803 694/2365/2439
f 977/969/1055 1017/2367/2441 1014/1002/1088
f 1014/1002/1088 739/749/835 977/969/1055
f 977/969/1055 710/2368/2442 707/719/805
f 1010/999/1085 1052/1066/1152 1013/1001/1087
f 1052/1066/1152 746/2369/2443 1013/1001/1087
f 1013/1001/1087 746/2369/2443 743/751/837
f 910/910/996 929/2370/2444 926/924/1010
f 926/924/1010 687/703/789 910/910/996
f 910/910/996 645/2371/2445 641/661/747
f 642/2372/2446 644/2373/2447 551/582/668
f 552/583/669 655/2374/2448 659/2375/2449
f 671/2376/2450 625/646/732 668/2377/2451
f 675/2378/2452 622/644/730 670/2379/2453
f 689/2380/2454 620/642/728 686/2381/2455
f 693/2382/2456 621/2383/2457 688/2384/2458
f 705/2385/2459 565/594/680 702/2386/2460
f 709/2387/2461 564/593/679 704/2388/2462
f 723/2389/2463 567/595/681 720/2390/2464
f 727/2391/2465 568/2392/2466 722/2393/2467
f 741/2394/2468 579/606/692 738/2395/2469
f 745/2396/2470 578/607/693 740/2397/2471
f 759/2398/2472 581/608/694 756/2399/2473
f 763/2400/2474 582/2401/2475 758/2402/2476
f 5/84/170 805/2078/2152 2102/2075/2149
f 5/84/170 2102/2075/2149 4/83/169
f 98/166/252 956/951/1037 101/2403/2477
f 956/951/1037 944/939/1025 101/2403/2477
f 101/2403/2477 77/148/234 74/146/232
f 118/183/269 992/983/1069 121/2404/2478
f 121/2404/2478 963/2405/2479 960/953/1039
f 960/953/1039 94/163/249 121/2404/2478
f 1058/1093/1179 999/2406/2480 130/2407/2481
f 999/2406/2480 117/182/268 130/2407/2481
f 130/2407/2481 117/182/268 114/180/266
f 81/2408/2482 943/2409/2483 940/937/1023
f 81/2408/2482 898/2410/2484 894/895/981
f 894/895/981 65/136/222 81/2408/2482
f 895/2411/2485 897/2412/2486 806/817/903
f 807/818/904 908/2413/2487 912/2414/2488
f 924/2415/2489 880/881/967 921/2416/2490
f 928/2417/2491 877/879/965 923/2418/2492
f 942/2419/2493 875/877/963 939/2420/2494
f 946/2421/2495 876/2422/2496 941/2423/2497
f 958/2424/2498 820/829/915 955/2425/2499
f 962/2426/2500 819/828/914 957/2427/2501
f 976/2428/2502 822/830/916 973/2429/2503
f 980/2430/2504 823/2431/2505 975/2432/2506
f 994/2433/2507 834/841/927 991/2434/2508
f 998/2435/2509 833/842/928 993/2436/2510
f 1012/2437/2511 836/843/929 1009/2438/2512
f 1016/2439/2513 837/2440/2514 1011/2441/2515
f 1086/2130/2204 1826/2442/2516 1913/2443/2517
f 1086/2130/2204 1913/2443/2517 1087/1118/1204
f 1164/2444/2518 1157/2445/2519 1094/2446/2520
f 1160/2447/2521 1155/2448/2522 1095/1124/1210
f 1180/2449/2523 1173/2450/2524 1100/2451/2525
f 1176/2452/2526 1171/2453/2527 1101/1129/1215
f 1117/2454/2528 1144/2455/2529 1139/2456/2530
f 1116/1143/1229 1148/2457/2531 1141/2458/2532
f 1134/1161/1246 1918/2459/2533 1960/2460/2534
f 1960/2460/2534 1142/2461/2535 1134/1161/1246
f 1134/1161/1246 1147/2462/2536 1133/2463/2537
f 1163/2464/2538 1143/1172/1256 1962/1914/1988
f 1962/1914/1988 1976/2465/2539 1163/2464/2538
f 1976/2465/2539 1158/2466/2540 1163/2464/2538
f 1159/1189/1270 1983/2467/2541 2012/2468/2542
f 2012/2468/2542 1174/2469/2543 1159/1189/1270
f 1159/1189/1270 1179/2470/2544 1156/2471/2545
f 1175/1206/1284 2019/2472/2546 2048/2473/2547
f 1175/1206/1284 2078/2055/2129 1186/2474/2548
f 1175/1206/1284 1186/2474/2548 1172/2475/2549
f 1202/1237/1311 1320/1347/1421 1200/1236/1310
f 1200/1236/1310 1320/1347/1421 2131/2107/2181
f 1208/2476/2550 1271/2477/2551 1266/2478/2552
f 1275/2479/2553 1268/2480/2554 1207/1242/1316
f 1214/1248/1322 1287/2481/2555 1282/2482/2556
f 1291/2483/2557 1284/2484/2558 1213/1249/1323
f 1261/2485/2559 1254/2486/2560 1231/2487/2561
f 1232/1264/1338 1257/2488/2562 1252/2489/2563
f 1239/1273/1347 1253/2490/2564 1256/2491/2565
f 1256/2491/2565 1441/2492/2566 1239/1273/1347
f 1239/1273/1347 1421/2493/2567 1422/1438/1512
f 1270/2494/2568 1493/2495/2569 1434/2496/2570
f 1270/2494/2568 1437/1450/1524 1255/1286/1360
f 1255/1286/1360 1267/2497/2571 1270/2494/2568
f 1283/2498/2572 1524/2499/2573 1274/2500/2574
f 1274/2500/2574 1529/2501/2575 1486/2502/2576
f 1274/2500/2574 1489/1494/1568 1269/1299/1373
f 1290/2503/2577 2076/2049/2123 1548/2504/2578
f 1290/2503/2577 1522/2505/2579 1525/1524/1598
f 1290/2503/2577 1525/1524/1598 1285/1313/1387
f 1405/2506/2580 1575/1573/1647 1316/2507/2581
f 1316/2507/2581 1575/1573/1647 2138/2114/2188
f 1411/2508/2582 1406/2509/2583 1315/1343/1417
f 1423/2510/2584 1420/2511/2585 1317/1345/1419
f 1330/2512/2586 1472/2513/2587 1467/2514/2588
f 1476/2515/2589 1469/2516/2590 1329/1356/1430
f 1487/2517/2591 1333/2518/2592 1494/2519/2593
f 1485/2520/2594 1334/1359/1433 1490/2521/2595
f 1344/1368/1442 1508/2522/2596 1503/2523/2597
f 1512/2524/2598 1505/2525/2599 1343/1369/1443
f 1523/2526/2600 1347/2527/2601 1530/2528/2602
f 1521/2529/2603 1348/1371/1445 1526/2530/2604
f 1460/2531/2605 1453/2532/2606 1385/2533/2607
f 1386/1405/1479 1456/2534/2608 1451/2535/2609
f 1433/2536/2610 1388/2537/2611 1438/2538/2612
f 1435/2539/2613 1387/1406/1480 1442/2540/2614
f 1407/1425/1499 1452/2541/2615 1455/2542/2616
f 1455/2542/2616 1696/2543/2617 1407/1425/1499
f 1407/1425/1499 1676/2544/2618 1677/1664/1738
f 1471/2545/2619 1748/2546/2620 1689/2547/2621
f 1471/2545/2619 1692/1676/1750 1454/1464/1538
f 1454/1464/1538 1468/2548/2622 1471/2545/2619
f 1504/2549/2623 1779/2550/2624 1475/2551/2625
f 1475/2551/2625 1784/2552/2626 1741/2553/2627
f 1741/2553/2627 1470/1478/1552 1475/2551/2625
f 1511/2554/2628 2074/2042/2116 1803/2555/2629
f 1511/2554/2628 1777/2556/2630 1780/1750/1824
f 1511/2554/2628 1780/1750/1824 1506/1508/1582
f 1571/2557/2631 1932/2558/2632 1830/1799/1873
f 1571/2557/2631 1830/1799/1873 2145/2120/2194
f 1666/2559/2633 1661/2560/2634 1570/1569/1643
f 1678/2561/2635 1675/2562/2636 1572/1571/1645
f 1585/2563/2637 1727/2564/2638 1722/2565/2639
f 1731/2566/2640 1724/2567/2641 1584/1582/1656
f 1742/2568/2642 1588/2569/2643 1749/2570/2644
f 1740/2571/2645 1589/1585/1659 1745/2572/2646
f 1599/1594/1668 1763/2573/2647 1758/2574/2648
f 1767/2575/2649 1760/2576/2650 1598/1595/1669
f 1778/2577/2651 1602/2578/2652 1785/2579/2653
f 1776/2580/2654 1603/1597/1671 1781/2581/2655
f 1715/2582/2656 1708/2583/2657 1640/2584/2658
f 1641/1631/1705 1711/2585/2659 1706/2586/2660
f 1688/2587/2661 1643/2588/2662 1693/2589/2663
f 1690/2590/2664 1642/1632/1706 1697/2591/2665
f 1662/1651/1725 1707/2592/2666 1710/2593/2667
f 1710/2593/2667 1949/2594/2668 1662/1651/1725
f 1662/1651/1725 1929/2595/2669 1930/1888/1962
f 1726/2596/2670 2001/2597/2671 1942/2598/2672
f 1726/2596/2670 1945/1900/1974 1709/1690/1764
f 1709/1690/1764 1723/2599/2673 1726/2596/2670
f 1759/2600/2674 2032/2601/2675 1730/2602/2676
f 1730/2602/2676 2037/2603/2677 1994/2604/2678
f 1730/2602/2676 1997/1944/2018 1725/1704/1778
f 1766/2605/2679 2072/2035/2109 2055/2606/2680
f 1766/2605/2679 2030/2607/2681 2033/1974/2048
f 1766/2605/2679 2033/1974/2048 1761/1734/1808
f 1825/1795/1869 1919/2608/2682 1914/2609/2683
f 1931/2610/2684 1928/2611/2685 1827/1797/1871
f 1975/2612/2686 1840/2613/2687 1980/2614/2688
f 1977/2615/2689 1839/1808/1882 1984/2616/2690
f 1995/2617/2691 1843/2618/2692 2002/2619/2693
f 1993/2620/2694 1844/1811/1885 1998/2621/2695
f 2011/2622/2696 1854/1819/1893 2016/2623/2697
f 2013/2624/2698 1853/1820/1894 2020/2625/2699
f 2031/2626/2700 1857/2627/2701 2038/2628/2702
f 2029/2629/2703 1858/1822/1896 2034/2630/2704
f 1961/2631/2705 1895/2632/2706 1968/2633/2707
f 1959/2634/2708 1896/1856/1930 1964/2635/2709
f 1941/2636/2710 1898/2637/2711 1946/2638/2712
f 1943/2639/2713 1897/1857/1931 1950/2640/2714
f 2/85/171 64/2641/2715 3/82/168
f 58/2642/2716 2/85/171 7/87/173
f 59/2643/2717 7/87/173 9/89/175
f 12/2295/2369 99/2644/2718 13/91/177
f 91/2645/2719 11/90/176 10/92/178
f 96/2292/2366 12/2295/2369 11/90/176
f 13/91/177 103/2646/2720 15/93/179
f 87/2647/2721 10/92/178 14/94/180
f 15/93/179 105/2648/2722 17/95/181
f 88/2649/2723 14/94/180 16/96/182
f 20/2300/2374 119/2650/2724 21/98/184
f 111/2651/2725 19/97/183 18/99/185
f 19/97/183 115/2298/2372 20/2300/2374
f 21/98/184 123/2652/2726 23/101/187
f 107/2653/2727 18/99/185 22/100/186
f 23/101/187 125/2654/2728 25/102/188
f 108/2655/2729 22/100/186 24/103/189
f 27/2656/2730 128/2657/2731 28/105/191
f 28/105/191 132/2658/2732 30/2659/2733
f 30/2659/2733 134/2660/2734 32/108/194
f 71/2661/2735 45/118/204 44/117/203
f 45/118/204 75/2289/2363 42/116/202
f 42/116/202 79/2662/2736 43/119/205
f 67/2663/2737 44/117/203 47/120/206
f 43/119/205 83/2664/2738 46/121/207
f 68/2665/2739 47/120/206 49/122/208
f 46/121/207 85/2666/2740 48/1148/1234
f 60/131/217 84/153/239 61/132/218
f 61/132/218 82/151/237 63/134/220
f 82/151/237 65/136/222 63/134/220
f 66/137/223 64/135/221 65/136/222
f 106/172/258 70/142/228 69/141/227
f 104/170/256 72/144/230 70/142/228
f 102/168/254 74/146/232 72/144/230
f 74/146/232 76/2667/2741 73/145/231
f 78/149/235 80/150/236 75/147/233
f 126/189/275 90/159/245 89/158/244
f 124/187/273 92/161/247 90/159/245
f 122/185/271 94/163/249 92/161/247
f 97/165/251 93/162/248 94/163/249
f 98/166/252 100/167/253 95/164/250
f 109/175/261 133/197/283 110/176/262
f 110/176/262 131/195/281 112/178/264
f 112/178/264 130/2407/2481 114/180/266
f 117/182/268 113/179/265 114/180/266
f 118/183/269 120/184/270 115/181/267
f 1058/1093/1179 129/194/280 27/1092/1178
f 380/421/507 2254/2668/2742 2255/2669/2743
f 637/657/743 2256/2670/2744 2254/2668/2742
f 635/656/742 2261/2671/2745 2260/2672/2746
f 890/891/977 2262/2673/2747 2261/2671/2745
f 51/890/976 2267/2674/2748 2266/2675/2749
f 50/123/209 2268/2676/2750 2267/2674/2748
f 2268/2676/2750 57/129/215 2269/2677/2751
f 147/210/296 208/2678/2752 144/211/297
f 149/213/299 206/2679/2753 147/210/296
f 203/2680/2754 149/213/299 151/2681/2755
f 231/2682/2756 156/219/305 155/218/304
f 153/217/303 248/2683/2757 154/1239/1313
f 230/2684/2758 158/221/307 156/219/305
f 157/220/306 246/2685/2759 153/217/303
f 234/2686/2760 160/223/309 158/221/307
f 160/223/309 238/2308/2382 159/222/308
f 159/222/308 242/2687/2761 157/220/306
f 251/2688/2762 164/226/312 163/225/311
f 161/224/310 268/2689/2763 162/1245/1319
f 250/2690/2764 166/227/313 164/226/312
f 165/228/314 266/2691/2765 161/224/310
f 254/2692/2766 168/229/315 166/227/313
f 259/2311/2385 167/230/316 168/229/315
f 167/230/316 262/2693/2767 165/228/314
f 271/2694/2768 171/2695/2769 170/231/317
f 270/2696/2770 173/234/320 171/2695/2769
f 274/2697/2771 176/237/323 173/234/320
f 187/249/335 210/2698/2772 188/246/332
f 215/2699/2773 186/245/331 185/247/333
f 190/251/337 211/2700/2774 187/249/335
f 214/2701/2775 189/248/334 186/245/331
f 192/2305/2379 226/2702/2776 190/251/337
f 218/2703/2777 191/250/336 189/248/334
f 223/2302/2376 192/2305/2379 191/250/336
f 193/254/340 2294/2704/2778 2293/2705/2779
f 2294/2704/2778 198/256/342 2295/2706/2780
f 2295/2706/2780 200/258/344 2296/2707/2781
f 201/260/346 203/262/348 151/261/347
f 204/2330/2404 219/276/362 205/263/349
f 219/276/362 207/265/351 205/263/349
f 217/274/360 209/267/353 207/265/351
f 212/285/371 232/287/373 213/270/356
f 224/2708/2782 220/277/363 221/278/364
f 228/2320/2394 222/281/367 225/280/366
f 228/2320/2394 235/290/376 229/283/369
f 229/283/369 233/288/374 212/285/371
f 240/2709/2783 236/291/377 237/292/378
f 241/294/380 243/296/382 238/295/381
f 244/2324/2398 255/307/393 245/297/383
f 245/297/383 253/305/391 247/299/385
f 247/299/385 252/304/390 249/301/387
f 260/2710/2784 256/308/394 257/309/395
f 261/311/397 263/313/399 258/312/398
f 277/326/412 265/314/400 264/2327/2401
f 275/324/410 267/316/402 265/314/400
f 273/322/408 269/318/404 267/316/402
f 1056/1084/1170 276/325/411 277/326/412
f 292/342/428 394/2711/2785 289/343/429
f 294/345/431 392/2712/2786 292/342/428
f 385/2315/2389 296/347/433 295/2094/2168
f 296/347/433 388/2713/2787 294/345/431
f 398/2714/2788 297/348/434 300/350/436
f 297/348/434 403/2317/2391 298/2316/2390
f 396/2715/2789 300/350/436 302/352/438
f 394/2711/2785 302/352/438 289/343/429
f 442/2716/2790 306/355/441 305/354/440
f 303/353/439 459/2717/2791 304/365/451
f 441/2718/2792 308/357/443 306/355/441
f 307/356/442 457/2719/2793 303/353/439
f 445/2720/2794 310/359/445 308/357/443
f 310/359/445 449/2348/2422 309/358/444
f 309/358/444 453/2721/2795 307/356/442
f 313/2352/2426 471/2722/2796 314/361/447
f 463/2723/2797 312/360/446 311/362/448
f 468/2349/2423 313/2352/2426 312/360/446
f 314/361/447 475/2724/2798 316/363/449
f 461/2725/2799 311/362/448 315/364/450
f 316/363/449 442/2716/2790 305/354/440
f 459/2717/2791 315/364/450 304/365/451
f 478/2726/2800 320/368/454 319/367/453
f 317/366/452 495/2727/2801 318/378/464
f 477/2728/2802 322/370/456 320/368/454
f 321/369/455 493/2729/2803 317/366/452
f 481/2730/2804 324/371/457 322/370/456
f 486/2354/2428 323/372/458 324/371/457
f 323/372/458 489/2731/2805 321/369/455
f 327/2361/2435 507/2732/2806 328/374/460
f 499/2733/2807 326/373/459 325/375/461
f 326/373/459 503/2362/2436 327/2361/2435
f 328/374/460 511/2734/2808 330/377/463
f 497/2735/2809 325/375/461 329/376/462
f 330/377/463 478/2726/2800 319/367/453
f 495/2727/2801 329/376/462 318/378/464
f 514/2736/2810 333/2737/2811 332/379/465
f 513/2738/2812 335/382/468 333/2737/2811
f 517/2739/2813 338/385/471 335/382/468
f 340/2740/2814 526/2741/2815 341/387/473
f 341/387/473 530/2742/2816 343/2743/2817
f 343/2743/2817 514/2736/2810 332/379/465
f 361/406/492 405/2744/2818 362/403/489
f 425/2745/2819 360/402/488 359/404/490
f 364/408/494 406/2746/2820 361/406/492
f 427/2747/2821 363/405/491 360/402/488
f 366/2343/2417 437/2748/2822 364/408/494
f 429/2749/2823 365/407/493 363/405/491
f 434/2340/2414 366/2343/2417 365/407/493
f 411/2750/2824 370/411/497 369/410/496
f 370/411/497 415/2339/2413 367/409/495
f 367/409/495 419/2751/2825 368/412/498
f 409/2752/2826 369/410/496 372/413/499
f 368/412/498 423/2753/2827 371/414/500
f 405/2744/2818 372/413/499 362/403/489
f 371/414/500 425/2745/2819 359/404/490
f 2299/2754/2828 376/416/502 2300/2755/2829
f 2300/2755/2829 378/419/505 2301/2756/2830
f 2301/2756/2830 380/421/507 2255/2669/2743
f 200/258/344 2297/2757/2831 2296/2707/2781
f 382/422/508 2298/2758/2832 2297/2757/2831
f 384/424/510 2299/2754/2828 2298/2758/2832
f 658/677/763 386/426/512 385/425/511
f 386/426/512 389/428/514 387/427/513
f 390/2329/2403 430/466/552 391/429/515
f 430/466/552 393/431/517 391/429/515
f 428/464/550 395/433/519 393/431/517
f 395/433/519 424/459/545 397/436/522
f 397/436/522 422/457/543 399/438/524
f 422/457/543 401/440/526 399/438/524
f 402/441/527 400/439/525 401/440/526
f 402/441/527 150/259/345 403/442/528
f 407/475/561 443/477/563 408/445/531
f 443/477/563 410/448/534 408/445/531
f 476/505/591 412/450/536 410/448/534
f 474/503/589 414/452/538 412/450/536
f 414/452/538 416/2759/2833 413/451/537
f 225/280/366 418/455/541 417/454/540
f 418/455/541 420/456/542 415/453/539
f 435/2760/2834 431/467/553 432/468/554
f 435/2760/2834 672/689/775 436/470/556
f 439/2318/2392 433/471/557 436/470/556
f 439/2318/2392 446/480/566 440/473/559
f 440/473/559 444/478/564 407/475/561
f 451/2761/2835 447/481/567 448/482/568
f 451/2761/2835 724/735/821 452/484/570
f 452/484/570 454/486/572 449/485/571
f 455/2323/2397 482/512/598 456/487/573
f 456/487/573 480/510/596 458/489/575
f 458/489/575 479/509/595 460/491/577
f 479/509/595 462/494/580 460/491/577
f 512/537/623 464/496/582 462/494/580
f 510/535/621 466/498/584 464/496/582
f 469/500/586 465/497/583 466/498/584
f 241/294/380 470/501/587 469/500/586
f 470/501/587 472/502/588 467/499/585
f 487/2762/2836 483/513/599 484/514/600
f 487/2762/2836 760/767/853 488/516/602
f 488/516/602 490/518/604 485/517/603
f 520/546/632 492/519/605 491/2326/2400
f 518/544/630 494/521/607 492/519/605
f 516/542/628 496/523/609 494/521/607
f 496/523/609 531/558/644 498/526/612
f 498/526/612 529/556/642 500/528/614
f 500/528/614 528/2763/2837 502/530/616
f 505/532/618 501/529/615 502/530/616
f 261/311/397 506/533/619 505/532/618
f 506/533/619 508/534/620 503/531/617
f 1054/1075/1161 519/545/631 520/546/632
f 1056/1084/1170 527/555/641 340/1083/1169
f 547/577/663 649/2764/2838 544/578/664
f 549/580/666 647/2765/2839 547/577/663
f 640/2766/2840 551/582/668 550/2086/2160
f 551/582/668 643/2767/2841 549/580/666
f 653/2768/2842 552/583/669 555/585/671
f 552/583/669 658/2769/2843 553/2314/2388
f 651/2770/2844 555/585/671 557/587/673
f 649/2764/2838 557/587/673 544/578/664
f 697/2771/2845 561/590/676 560/589/675
f 558/588/674 714/2772/2846 559/600/686
f 696/2773/2847 563/592/678 561/590/676
f 562/591/677 712/2774/2848 558/588/674
f 700/2775/2849 565/594/680 563/592/678
f 565/594/680 704/2388/2462 564/593/679
f 564/593/679 708/2776/2850 562/591/677
f 568/2392/2466 726/2777/2851 569/596/682
f 718/2778/2852 567/595/681 566/597/683
f 723/2389/2463 568/2392/2466 567/595/681
f 569/596/682 730/2779/2853 571/598/684
f 716/2780/2854 566/597/683 570/599/685
f 571/598/684 697/2771/2845 560/589/675
f 714/2772/2846 570/599/685 559/600/686
f 733/2781/2855 575/603/689 574/602/688
f 572/601/687 750/2782/2856 573/613/699
f 732/2783/2857 577/604/690 575/603/689
f 576/605/691 748/2784/2858 572/601/687
f 736/2785/2859 579/606/692 577/604/690
f 741/2394/2468 578/607/693 579/606/692
f 578/607/693 744/2786/2860 576/605/691
f 582/2401/2475 762/2787/2861 583/609/695
f 754/2788/2862 581/608/694 580/610/696
f 581/608/694 758/2402/2476 582/2401/2475
f 583/609/695 766/2789/2863 585/612/698
f 752/2790/2864 580/610/696 584/611/697
f 585/612/698 733/2781/2855 574/602/688
f 750/2782/2856 584/611/697 573/613/699
f 769/2791/2865 588/2792/2866 587/614/700
f 768/2793/2867 590/617/703 588/2792/2866
f 772/2794/2868 593/620/706 590/617/703
f 595/2795/2869 781/2796/2870 596/622/708
f 596/622/708 785/2797/2871 598/2798/2872
f 598/2798/2872 769/2791/2865 587/614/700
f 616/641/727 660/2799/2873 617/638/724
f 680/2800/2874 615/637/723 614/639/725
f 619/643/729 661/2801/2875 616/641/727
f 682/2802/2876 618/640/726 615/637/723
f 621/2383/2457 692/2803/2877 619/643/729
f 684/2804/2878 620/642/728 618/640/726
f 689/2380/2454 621/2383/2457 620/642/728
f 666/2805/2879 625/646/732 624/645/731
f 625/646/732 670/2379/2453 622/644/730
f 622/644/730 674/2806/2880 623/647/733
f 664/2807/2881 624/645/731 627/648/734
f 623/647/733 678/2808/2882 626/649/735
f 660/2799/2873 627/648/734 617/638/724
f 626/649/735 680/2800/2874 614/639/725
f 2257/2809/2883 631/651/737 2258/2810/2884
f 2258/2810/2884 633/654/740 2259/2811/2885
f 2259/2811/2885 635/656/742 2260/2672/2746
f 2256/2670/2744 628/652/738 2257/2809/2883
f 640/660/746 910/910/996 641/661/747
f 641/661/747 644/663/749 642/662/748
f 645/2371/2445 685/701/787 646/664/750
f 685/701/787 648/666/752 646/664/750
f 683/699/785 650/668/754 648/666/752
f 650/668/754 679/694/780 652/671/757
f 652/671/757 677/692/778 654/673/759
f 677/692/778 656/675/761 654/673/759
f 657/676/762 655/674/760 656/675/761
f 662/710/796 698/712/798 663/680/766
f 698/712/798 665/683/769 663/680/766
f 731/740/826 667/685/771 665/683/769
f 729/738/824 669/687/773 667/685/771
f 669/687/773 671/2812/2886 668/686/772
f 673/690/776 675/691/777 670/688/774
f 690/2813/2887 686/702/788 687/703/789
f 926/924/1010 691/705/791 690/2813/2887
f 694/2365/2439 688/706/792 691/705/791
f 694/2365/2439 701/715/801 695/708/794
f 695/708/794 699/713/799 662/710/796
f 706/2814/2888 702/716/802 703/717/803
f 978/970/1056 707/719/805 706/2814/2888
f 707/719/805 709/721/807 704/720/806
f 710/2368/2442 737/747/833 711/722/808
f 711/722/808 735/745/831 713/724/810
f 713/724/810 734/744/830 715/726/812
f 734/744/830 717/729/815 715/726/812
f 767/772/858 719/731/817 717/729/815
f 765/770/856 721/733/819 719/731/817
f 724/735/821 720/732/818 721/733/819
f 725/736/822 727/737/823 722/734/820
f 742/2815/2889 738/748/834 739/749/835
f 1014/1002/1088 743/751/837 742/2815/2889
f 743/751/837 745/753/839 740/752/838
f 775/781/867 747/754/840 746/2369/2443
f 773/779/865 749/756/842 747/754/840
f 771/777/863 751/758/844 749/756/842
f 751/758/844 786/793/879 753/761/847
f 753/761/847 784/791/877 755/763/849
f 755/763/849 783/2816/2890 757/765/851
f 760/767/853 756/764/850 757/765/851
f 761/768/854 763/769/855 758/766/852
f 1052/1066/1152 774/780/866 775/781/867
f 1054/1075/1161 782/790/876 595/1074/1160
f 802/812/898 902/2817/2891 799/813/899
f 804/815/901 900/2818/2892 802/812/898
f 893/2819/2893 806/817/903 805/2078/2152
f 806/817/903 896/2820/2894 804/815/901
f 906/2821/2895 807/818/904 810/820/906
f 807/818/904 911/2363/2437 808/2364/2438
f 904/2822/2896 810/820/906 812/822/908
f 902/2817/2891 812/822/908 799/813/899
f 950/2823/2897 816/825/911 815/824/910
f 813/823/909 967/2824/2898 814/835/921
f 949/2825/2899 818/827/913 816/825/911
f 817/826/912 965/2826/2900 813/823/909
f 953/2827/2901 820/829/915 818/827/913
f 820/829/915 957/2427/2501 819/828/914
f 819/828/914 961/2828/2902 817/826/912
f 823/2431/2505 979/2829/2903 824/831/917
f 971/2830/2904 822/830/916 821/832/918
f 976/2428/2502 823/2431/2505 822/830/916
f 824/831/917 983/2831/2905 826/833/919
f 969/2832/2906 821/832/918 825/834/920
f 826/833/919 950/2823/2897 815/824/910
f 967/2824/2898 825/834/920 814/835/921
f 986/2833/2907 830/838/924 829/837/923
f 827/836/922 1003/2834/2908 828/848/934
f 985/2835/2909 832/839/925 830/838/924
f 831/840/926 1001/2836/2910 827/836/922
f 989/2837/2911 834/841/927 832/839/925
f 994/2433/2507 833/842/928 834/841/927
f 833/842/928 997/2838/2912 831/840/926
f 837/2440/2514 1015/2839/2913 838/844/930
f 1007/2840/2914 836/843/929 835/845/931
f 836/843/929 1011/2441/2515 837/2440/2514
f 838/844/930 1019/2841/2915 840/847/933
f 1005/2842/2916 835/845/931 839/846/932
f 840/847/933 986/2833/2907 829/837/923
f 1003/2834/2908 839/846/932 828/848/934
f 1022/2843/2917 843/2844/2918 842/849/935
f 1021/2845/2919 845/852/938 843/2844/2918
f 1025/2846/2920 848/855/941 845/852/938
f 850/2847/2921 1034/2848/2922 851/857/943
f 851/857/943 1038/2849/2923 853/2850/2924
f 853/2850/2924 1022/2843/2917 842/849/935
f 871/876/962 913/2851/2925 872/873/959
f 933/2852/2926 870/872/958 869/874/960
f 874/878/964 914/2853/2927 871/876/962
f 935/2854/2928 873/875/961 870/872/958
f 876/2422/2496 945/2855/2929 874/878/964
f 937/2856/2930 875/877/963 873/875/961
f 942/2419/2493 876/2422/2496 875/877/963
f 919/2857/2931 880/881/967 879/880/966
f 880/881/967 923/2418/2492 877/879/965
f 877/879/965 927/2858/2932 878/882/968
f 917/2859/2933 879/880/966 882/883/969
f 878/882/968 931/2860/2934 881/884/970
f 913/2851/2925 882/883/969 872/873/959
f 881/884/970 933/2852/2926 869/874/960
f 2263/2861/2935 886/886/972 2264/2862/2936
f 2264/2862/2936 888/889/975 2265/2863/2937
f 2265/2863/2937 51/890/976 2266/2675/2749
f 892/893/979 2263/2861/2935 2262/2673/2747
f 893/894/980 66/137/223 894/895/981
f 894/895/981 897/897/983 895/896/982
f 898/2410/2484 938/935/1021 899/898/984
f 938/935/1021 901/900/986 899/898/984
f 936/933/1019 903/902/988 901/900/986
f 903/902/988 932/928/1014 905/905/991
f 905/905/991 930/926/1012 907/907/993
f 930/926/1012 909/909/995 907/907/993
f 910/910/996 908/908/994 909/909/995
f 915/944/1030 951/946/1032 916/914/1000
f 951/946/1032 918/917/1003 916/914/1000
f 984/974/1060 920/919/1005 918/917/1003
f 982/972/1058 922/921/1007 920/919/1005
f 922/921/1007 924/2864/2938 921/920/1006
f 926/924/1010 928/925/1011 923/922/1008
f 943/2409/2483 939/936/1022 940/937/1023
f 78/149/235 944/939/1025 943/2409/2483
f 947/2865/2939 941/940/1026 944/939/1025
f 947/2865/2939 954/949/1035 948/942/1028
f 948/942/1028 952/947/1033 915/944/1030
f 959/2866/2940 955/950/1036 956/951/1037
f 98/166/252 960/953/1039 959/2866/2940
f 960/953/1039 962/955/1041 957/954/1040
f 963/2405/2479 990/981/1067 964/956/1042
f 964/956/1042 988/979/1065 966/958/1044
f 966/958/1044 987/978/1064 968/960/1046
f 987/978/1064 970/963/1049 968/960/1046
f 1020/1006/1092 972/965/1051 970/963/1049
f 1018/1004/1090 974/967/1053 972/965/1051
f 977/969/1055 973/966/1052 974/967/1053
f 978/970/1056 980/971/1057 975/968/1054
f 995/2867/2941 991/982/1068 992/983/1069
f 118/183/269 996/985/1071 995/2867/2941
f 996/985/1071 998/987/1073 993/986/1072
f 1028/1015/1101 1000/988/1074 999/2406/2480
f 1026/1013/1099 1002/990/1076 1000/988/1074
f 1024/1011/1097 1004/992/1078 1002/990/1076
f 1004/992/1078 1039/1028/1114 1006/995/1081
f 1006/995/1081 1037/1026/1112 1008/997/1083
f 1008/997/1083 1036/2868/2942 1010/999/1085
f 1013/1001/1087 1009/998/1084 1010/999/1085
f 1014/1002/1088 1016/1003/1089 1011/1000/1086
f 1058/1093/1179 1027/1014/1100 1028/1015/1101
f 1052/1066/1152 1035/1025/1111 850/1065/1151
f 1132/2869/2943 1089/1120/1206 1088/1119/1205
f 1089/1120/1206 1128/2870/2944 1090/1122/1208
f 1090/1122/1208 59/2643/2717 9/89/175
f 1161/2871/2945 1094/2446/2520 1093/1123/1209
f 1095/1124/1210 1153/2872/2946 1092/1125/1211
f 1094/2446/2520 1160/2447/2521 1095/1124/1210
f 1165/2873/2947 1093/1123/1209 1097/1126/1212
f 1092/1125/1211 1151/2874/2948 1096/1127/1213
f 105/2648/2722 1097/1126/1212 17/95/181
f 1096/1127/1213 88/2649/2723 16/96/182
f 1177/2875/2949 1100/2451/2525 1099/1128/1214
f 1101/1129/1215 1169/2876/2950 1098/1130/1216
f 1173/2450/2524 1101/1129/1215 1100/2451/2525
f 1181/2877/2951 1099/1128/1214 1103/2878/2952
f 1098/1130/1216 1167/2879/2953 1102/1131/1217
f 125/2654/2728 1103/2878/2952 25/102/188
f 1102/1131/1217 108/2655/2729 24/103/189
f 1184/2880/2954 1107/1134/1220 1106/1133/1219
f 1188/2881/2955 1106/1133/1219 1109/1137/1223
f 134/2660/2734 1109/1137/1223 32/108/194
f 1117/2454/2528 1137/2882/2956 1118/1144/1230
f 1141/2458/2532 1117/2454/2528 1116/1143/1229
f 1145/2883/2957 1116/1143/1229 1119/1145/1231
f 1118/1144/1230 1135/2884/2958 1120/1146/1232
f 1149/2885/2959 1119/1145/1231 1121/1147/1233
f 1120/1146/1232 68/2665/2739 49/122/208
f 85/2666/2740 1121/1147/1233 48/1148/1234
f 2271/2886/2960 1124/1867/1941 2272/2887/2961
f 2270/2888/2962 1125/1150/1236 2271/2886/2960
f 57/129/215 2270/2888/2962 2269/2677/2751
f 1150/1177/1261 60/1155/217 1129/1158/1243
f 1146/1174/1258 1129/1158/1243 1131/1160/1245
f 1133/2463/2537 1146/1174/1258 1131/1160/1245
f 1132/1159/1244 1134/1161/1246 1133/2463/2537
f 1134/1161/1246 1913/1873/1947 1915/1875/1949
f 1136/1168/1252 106/1196/258 69/1165/227
f 1138/1170/1254 1166/1194/1275 1136/1168/1252
f 1140/2889/2963 1162/1191/1272 1138/1170/1254
f 1144/1173/1257 1140/2889/2963 1139/1169/1253
f 1962/1914/1988 1142/2461/2535 1963/2890/2964
f 1148/1175/1259 1142/2461/2535 1141/1171/1255
f 1152/1185/1266 126/1213/275 89/1182/244
f 1154/1187/1268 1182/1211/1289 1152/1185/1266
f 1156/2471/2545 1178/1208/1286 1154/1187/1268
f 1155/1186/1267 1159/1189/1270 1156/2471/2545
f 1978/1928/2002 1158/2466/2540 1979/2891/2965
f 1164/1192/1273 1158/2466/2540 1157/1188/1269
f 1189/1221/1297 109/1199/261 1168/1202/1280
f 1185/1218/1294 1168/1202/1280 1170/1204/1282
f 1186/2474/2548 1170/1204/1282 1172/2475/2549
f 1171/1203/1281 1175/1206/1284 1172/2475/2549
f 2014/1958/2032 1174/2469/2543 2015/2892/2966
f 1180/1209/1287 1174/2469/2543 1173/1205/1283
f 1187/1219/1295 2078/2055/2129 1107/2054/2128
f 208/2678/2752 1196/1231/1305 144/211/297
f 1244/2893/2967 1198/1232/1306 1196/1231/1305
f 1198/1232/1306 1243/2894/2968 1201/1235/1309
f 1204/1241/1315 231/2682/2756 155/218/304
f 248/2683/2757 1203/1238/1312 154/1239/1313
f 1206/1243/1317 1262/2895/2969 1204/1241/1315
f 1276/2896/2970 1205/1240/1314 1203/1238/1312
f 1208/2476/2550 1264/2897/2971 1206/1243/1317
f 1268/2480/2554 1208/2476/2550 1207/1242/1316
f 1272/2898/2972 1207/1242/1316 1205/1240/1314
f 1210/2899/2973 251/2688/2762 163/225/311
f 268/2689/2763 1209/1244/1318 162/1245/1319
f 1212/1246/1320 1278/2900/2974 1210/2899/2973
f 1292/2901/2975 1211/1247/1321 1209/1244/1318
f 1214/1248/1322 1280/2902/2976 1212/1246/1320
f 1213/1249/1323 1287/2481/2555 1214/1248/1322
f 1288/2903/2977 1213/1249/1323 1211/1247/1321
f 1216/1252/1326 271/2694/2768 170/231/317
f 1218/1251/1325 1294/2904/2978 1216/1252/1326
f 1220/2905/2979 1296/2906/2980 1218/1251/1325
f 210/2698/2772 1227/1261/1335 188/246/332
f 1228/1260/1334 215/2699/2773 185/247/333
f 1247/2907/2981 1229/1263/1337 1227/1261/1335
f 1230/1262/1336 1248/2908/2982 1228/1260/1334
f 1258/2909/2983 1231/2487/2561 1229/1263/1337
f 1232/1264/1338 1250/2910/2984 1230/1262/1336
f 1231/2487/2561 1257/2488/2562 1232/1264/1338
f 2292/2911/2985 193/254/340 2293/2705/2779
f 1236/1267/1341 2292/2911/2985 2291/2912/2986
f 1238/1270/1344 2291/2912/2986 2290/2913/2987
f 1202/1271/1345 1422/1438/1512 1424/1440/1514
f 1243/1275/1349 1239/1273/1347 1201/1272/1346
f 1251/1285/1359 1242/2914/2988 1241/1274/1348
f 1245/1277/1351 1251/1285/1359 1241/1274/1348
f 209/267/353 1249/1283/1357 1245/1277/1351
f 232/287/373 1246/1292/1366 213/270/356
f 1252/1284/1358 1256/2491/2565 1253/2490/2564
f 1436/2915/2989 1255/1286/1360 1437/1450/1524
f 1254/1288/1362 1260/2916/2990 1255/1286/1360
f 1265/1298/1372 1260/2916/2990 1259/1289/1363
f 1263/1296/1370 1259/1289/1363 1246/1292/1366
f 1266/1297/1371 1270/2494/2568 1267/2497/2571
f 1488/2917/2991 1269/1299/1373 1489/1494/1568
f 1275/1303/1377 1269/1299/1373 1268/1301/1375
f 1281/1312/1386 1274/2500/2574 1273/1302/1376
f 1279/1310/1384 1273/1302/1376 1277/1305/1379
f 252/304/390 1277/1305/1379 249/301/387
f 1282/1311/1385 1286/2918/2992 1283/2498/2572
f 1524/2499/2573 1285/1313/1387 1525/1524/1598
f 1291/1317/1391 1285/1313/1387 1284/1315/1389
f 1289/1316/1390 1299/2919/2993 1290/2503/2577
f 1293/1319/1393 1297/1326/1400 1289/1316/1390
f 269/318/404 1295/1324/1398 1293/1319/1393
f 1298/1325/1399 2076/2049/2123 1299/2919/2993
f 1414/2920/2994 1310/1338/1412 1309/1340/1414
f 1412/2921/2995 1313/1341/1415 1310/1338/1412
f 1315/1343/1417 1405/2506/2580 1316/2507/2581
f 1408/2922/2996 1315/1343/1417 1313/1341/1415
f 1317/1345/1419 1418/2923/2997 1318/1348/1422
f 1424/2924/2998 1317/1345/1419 1320/1347/1421
f 1318/1348/1422 1416/2925/2999 1321/1350/1424
f 1321/1350/1424 1414/2920/2994 1309/1340/1414
f 1324/1355/1429 1464/2926/3000 1325/1352/1426
f 1479/2927/3001 1323/1351/1425 1326/1353/1427
f 1328/1357/1431 1461/2928/3002 1324/1355/1429
f 1477/2929/3003 1327/1354/1428 1323/1351/1425
f 1330/2512/2586 1465/2930/3004 1328/1357/1431
f 1469/2516/2590 1330/2512/2586 1329/1356/1430
f 1473/2931/3005 1329/1356/1430 1327/1354/1428
f 1491/2932/3006 1333/2518/2592 1332/1358/1432
f 1334/1359/1433 1483/2933/3007 1331/1360/1434
f 1333/2518/2592 1490/2521/2595 1334/1359/1433
f 1495/2934/3008 1332/1358/1432 1336/1361/1435
f 1331/1360/1434 1481/2935/3009 1335/1362/1436
f 1464/2926/3000 1336/1361/1435 1325/1352/1426
f 1335/1362/1436 1479/2927/3001 1326/1353/1427
f 1338/1367/1441 1500/2936/3010 1339/1364/1438
f 1515/2937/3011 1337/1363/1437 1340/1365/1439
f 1342/2938/3012 1497/2939/3013 1338/1367/1441
f 1513/2940/3014 1341/1366/1440 1337/1363/1437
f 1344/1368/1442 1501/2941/3015 1342/2938/3012
f 1343/1369/1443 1508/2522/2596 1344/1368/1442
f 1509/2942/3016 1343/1369/1443 1341/1366/1440
f 1527/2943/3017 1347/2527/2601 1346/1370/1444
f 1348/1371/1445 1519/2944/3018 1345/1372/1446
f 1523/2526/2600 1348/1371/1445 1347/2527/2601
f 1531/2945/3019 1346/1370/1444 1350/2946/3020
f 1345/1372/1446 1517/2947/3021 1349/1373/1447
f 1500/2936/3010 1350/2946/3020 1339/1364/1438
f 1349/1373/1447 1515/2937/3011 1340/1365/1439
f 1353/1378/1452 1536/2948/3022 1354/1375/1449
f 1356/1377/1451 1533/2949/3023 1353/1378/1452
f 1358/2950/3024 1537/2951/3025 1356/1377/1451
f 1546/2952/3026 1362/1383/1457 1361/1382/1456
f 1550/2953/3027 1361/1382/1456 1364/1386/1460
f 1536/2948/3022 1364/1386/1460 1354/1375/1449
f 1425/2954/3028 1381/1402/1476 1380/1399/1473
f 1382/1400/1474 1445/2955/3029 1379/1401/1475
f 1428/2956/3030 1383/1404/1478 1381/1402/1476
f 1384/1403/1477 1447/2957/3031 1382/1400/1474
f 1457/2958/3032 1385/2533/2607 1383/1404/1478
f 1386/1405/1479 1449/2959/3033 1384/1403/1477
f 1385/2533/2607 1456/2534/2608 1386/1405/1479
f 1388/2537/2611 1431/2960/3034 1389/1407/1481
f 1435/2539/2613 1388/2537/2611 1387/1406/1480
f 1439/2961/3035 1387/1406/1480 1390/1408/1482
f 1389/1407/1481 1429/2962/3036 1391/1409/1483
f 1443/2963/3037 1390/1408/1482 1392/1410/1484
f 1391/1409/1483 1425/2954/3028 1380/1399/1473
f 1445/2955/3029 1392/1410/1484 1379/1401/1475
f 1396/1412/1486 2287/2964/3038 2286/2965/3039
f 1398/1414/1488 2286/2965/3039 2285/2966/3040
f 1400/1417/1491 2285/2966/3040 2284/2967/3041
f 2289/2968/3042 1238/1270/1344 2290/2913/2987
f 2288/2969/3043 1402/1418/1492 2289/2968/3042
f 2287/2964/3038 1404/1421/1495 2288/2969/3043
f 1407/1425/1499 1679/1666/1740 1405/1423/1497
f 1411/1427/1501 1407/1425/1499 1406/1424/1498
f 1450/1463/1537 1410/2970/3044 1409/1426/1500
f 1413/1429/1503 1450/1463/1537 1409/1426/1500
f 1415/1431/1505 1448/1461/1535 1413/1429/1503
f 1444/1455/1529 1415/1431/1505 1417/1435/1509
f 1440/1452/1526 1417/1435/1509 1419/1437/1511
f 1421/2493/2567 1440/1452/1526 1419/1437/1511
f 1420/1436/1510 1422/1438/1512 1421/2493/2567
f 1463/1472/1546 1427/1470/1544 1426/1441/1515
f 1430/1446/1520 1463/1472/1546 1426/1441/1515
f 1432/1448/1522 1496/1499/1573 1430/1446/1520
f 1434/2496/2570 1492/1496/1570 1432/1448/1522
f 1438/1451/1525 1434/2496/2570 1433/1447/1521
f 1442/1453/1527 1436/2915/2989 1435/1449/1523
f 1451/1462/1536 1455/2542/2616 1452/2541/2615
f 1692/1676/1750 1455/2542/2616 1454/1464/1538
f 1453/1466/1540 1459/2971/3045 1454/1464/1538
f 1466/1477/1551 1459/2971/3045 1458/1467/1541
f 1462/1475/1549 1458/1467/1541 1427/1470/1544
f 1467/1476/1550 1471/2545/2619 1468/2548/2622
f 1744/1720/1794 1471/2545/2619 1470/1478/1552
f 1476/1482/1556 1470/1478/1552 1469/1480/1554
f 1502/1507/1581 1475/2551/2625 1474/1481/1555
f 1498/1505/1579 1474/1481/1555 1478/1484/1558
f 1499/1502/1576 1478/1484/1558 1480/1486/1560
f 1482/1490/1564 1499/1502/1576 1480/1486/1560
f 1484/1492/1566 1532/1529/1603 1482/1490/1564
f 1486/2502/2576 1528/1526/1600 1484/1492/1566
f 1485/1491/1565 1489/1494/1568 1486/2502/2576
f 1494/1497/1571 1488/2917/2991 1487/1493/1567
f 1503/1506/1580 1507/2972/3046 1504/2549/2623
f 1780/1750/1824 1507/2972/3046 1506/1508/1582
f 1512/1512/1586 1506/1508/1582 1505/1510/1584
f 1510/1511/1585 1540/2973/3047 1511/2554/2628
f 1514/1514/1588 1538/1537/1611 1510/1511/1585
f 1516/1516/1590 1534/1535/1609 1514/1514/1588
f 1551/1549/1623 1516/1516/1590 1518/1520/1594
f 1547/1546/1620 1518/1520/1594 1520/1522/1596
f 1548/2504/2578 1520/1522/1596 1522/2505/2579
f 1521/1521/1595 1525/1524/1598 1522/2505/2579
f 1530/1527/1601 1524/2499/2573 1523/1523/1597
f 1539/1536/1610 2074/2042/2116 1540/2973/3047
f 1549/1547/1621 2076/2049/2123 1362/2048/2122
f 1669/2974/3048 1565/1564/1638 1564/1566/1640
f 1667/2975/3049 1568/1567/1641 1565/1564/1638
f 1570/1569/1643 1660/2976/3050 1571/2557/2631
f 1663/2977/3051 1570/1569/1643 1568/1567/1641
f 1572/1571/1645 1673/2978/3052 1573/1574/1648
f 1679/2979/3053 1572/1571/1645 1575/1573/1647
f 1573/1574/1648 1671/2980/3054 1576/1576/1650
f 1576/1576/1650 1669/2974/3048 1564/1566/1640
f 1579/1581/1655 1719/2981/3055 1580/1578/1652
f 1734/2982/3056 1578/1577/1651 1581/1579/1653
f 1583/1583/1657 1716/2983/3057 1579/1581/1655
f 1732/2984/3058 1582/1580/1654 1578/1577/1651
f 1585/2563/2637 1720/2985/3059 1583/1583/1657
f 1724/2567/2641 1585/2563/2637 1584/1582/1656
f 1728/2986/3060 1584/1582/1656 1582/1580/1654
f 1746/2987/3061 1588/2569/2643 1587/1584/1658
f 1589/1585/1659 1738/2988/3062 1586/1586/1660
f 1588/2569/2643 1745/2572/2646 1589/1585/1659
f 1750/2989/3063 1587/1584/1658 1591/1587/1661
f 1586/1586/1660 1736/2990/3064 1590/1588/1662
f 1719/2981/3055 1591/1587/1661 1580/1578/1652
f 1590/1588/1662 1734/2982/3056 1581/1579/1653
f 1593/2991/3065 1755/2992/3066 1594/1590/1664
f 1770/2993/3067 1592/1589/1663 1595/1591/1665
f 1597/1592/1666 1752/2994/3068 1593/2991/3065
f 1768/2995/3069 1596/1593/1667 1592/1589/1663
f 1599/1594/1668 1756/2996/3070 1597/1592/1666
f 1598/1595/1669 1763/2573/2647 1599/1594/1668
f 1764/2997/3071 1598/1595/1669 1596/1593/1667
f 1782/2998/3072 1602/2578/2652 1601/1596/1670
f 1603/1597/1671 1774/2999/3073 1600/1598/1672
f 1778/2577/2651 1603/1597/1671 1602/2578/2652
f 1786/3000/3074 1601/1596/1670 1605/3001/3075
f 1600/1598/1672 1772/3002/3076 1604/1599/1673
f 1755/2992/3066 1605/3001/3075 1594/1590/1664
f 1604/1599/1673 1770/2993/3067 1595/1591/1665
f 1608/1604/1678 1791/3003/3077 1609/1601/1675
f 1611/1603/1677 1788/3004/3078 1608/1604/1678
f 1613/3005/3079 1792/3006/3080 1611/1603/1677
f 1801/3007/3081 1617/1609/1683 1616/1608/1682
f 1805/3008/3082 1616/1608/1682 1619/1612/1686
f 1791/3003/3077 1619/1612/1686 1609/1601/1675
f 1680/3009/3083 1636/1628/1702 1635/1625/1699
f 1637/1626/1700 1700/3010/3084 1634/1627/1701
f 1683/3011/3085 1638/1630/1704 1636/1628/1702
f 1639/1629/1703 1702/3012/3086 1637/1626/1700
f 1712/3013/3087 1640/2584/2658 1638/1630/1704
f 1641/1631/1705 1704/3014/3088 1639/1629/1703
f 1640/2584/2658 1711/2585/2659 1641/1631/1705
f 1643/2588/2662 1686/3015/3089 1644/1633/1707
f 1690/2590/2664 1643/2588/2662 1642/1632/1706
f 1694/3016/3090 1642/1632/1706 1645/1634/1708
f 1644/1633/1707 1684/3017/3091 1646/1635/1709
f 1698/3018/3092 1645/1634/1708 1647/1636/1710
f 1646/1635/1709 1680/3009/3083 1635/1625/1699
f 1700/3010/3084 1647/1636/1710 1634/1627/1701
f 1651/1638/1712 2281/3019/3093 2280/3020/3094
f 1653/1640/1714 2280/3020/3094 2279/3021/3095
f 1655/1643/1717 2279/3021/3095 2278/3022/3096
f 2283/3023/3097 1400/1417/1491 2284/2967/3041
f 2282/3024/3098 1657/1644/1718 2283/3023/3097
f 1650/1648/1722 2282/3024/3098 2281/3019/3093
f 1930/1888/1962 1660/1649/1723 1662/1651/1725
f 1666/1653/1727 1662/1651/1725 1661/1650/1724
f 1705/1689/1763 1665/3025/3099 1664/1652/1726
f 1668/1655/1729 1705/1689/1763 1664/1652/1726
f 1670/1657/1731 1703/1687/1761 1668/1655/1729
f 1699/1681/1755 1670/1657/1731 1672/1661/1735
f 1695/1678/1752 1672/1661/1735 1674/1663/1737
f 1676/2544/2618 1695/1678/1752 1674/1663/1737
f 1675/1662/1736 1677/1664/1738 1676/2544/2618
f 1718/1698/1772 1682/1696/1770 1681/1667/1741
f 1685/1672/1746 1718/1698/1772 1681/1667/1741
f 1687/1674/1748 1751/1725/1799 1685/1672/1746
f 1689/2547/2621 1747/1722/1796 1687/1674/1748
f 1693/1677/1751 1689/2547/2621 1688/1673/1747
f 1697/1679/1753 1691/3026/3100 1690/1675/1749
f 1706/1688/1762 1710/2593/2667 1707/2592/2666
f 1709/1690/1764 1944/3027/3101 1710/2593/2667
f 1708/1692/1766 1714/3028/3102 1709/1690/1764
f 1721/1703/1777 1714/3028/3102 1713/1693/1767
f 1717/1701/1775 1713/1693/1767 1682/1696/1770
f 1722/1702/1776 1726/2596/2670 1723/2599/2673
f 1725/1704/1778 1996/3029/3103 1726/2596/2670
f 1731/1708/1782 1725/1704/1778 1724/1706/1780
f 1757/1733/1807 1730/2602/2676 1729/1707/1781
f 1753/1731/1805 1729/1707/1781 1733/1710/1784
f 1754/1728/1802 1733/1710/1784 1735/1712/1786
f 1737/1716/1790 1754/1728/1802 1735/1712/1786
f 1739/1718/1792 1787/1755/1829 1737/1716/1790
f 1741/2553/2627 1783/1752/1826 1739/1718/1792
f 1740/1717/1791 1744/1720/1794 1741/2553/2627
f 1749/1723/1797 1743/3030/3104 1742/1719/1793
f 1758/1732/1806 1762/3031/3105 1759/2600/2674
f 2033/1974/2048 1762/3031/3105 1761/1734/1808
f 1767/1738/1812 1761/1734/1808 1760/1736/1810
f 1765/1737/1811 1795/3032/3106 1766/2605/2679
f 1769/1740/1814 1793/1763/1837 1765/1737/1811
f 1771/1742/1816 1789/1761/1835 1769/1740/1814
f 1806/1775/1849 1771/1742/1816 1773/1746/1820
f 1802/1772/1846 1773/1746/1820 1775/1748/1822
f 1803/2555/2629 1775/1748/1822 1777/2556/2630
f 1776/1747/1821 1780/1750/1824 1777/2556/2630
f 1785/1753/1827 1779/2550/2624 1778/1749/1823
f 1794/1762/1836 2072/2035/2109 1795/3032/3106
f 1804/1773/1847 2074/2042/2116 1617/2041/2115
f 1922/3033/3107 1820/1790/1864 1819/1792/1866
f 1920/3034/3108 1823/1793/1867 1820/1790/1864
f 1825/1795/1869 1913/2443/2517 1826/2442/2516
f 1916/3035/3109 1825/1795/1869 1823/1793/1867
f 1827/1797/1871 1926/3036/3110 1828/1800/1874
f 1932/2558/2632 1827/1797/1871 1830/1799/1873
f 1828/1800/1874 1924/3037/3111 1831/1802/1876
f 1831/1802/1876 1922/3033/3107 1819/1792/1866
f 1834/1807/1881 1972/3038/3112 1835/1804/1878
f 1987/3039/3113 1833/1803/1877 1836/1805/1879
f 1838/1809/1883 1969/3040/3114 1834/1807/1881
f 1985/3041/3115 1837/1806/1880 1833/1803/1877
f 1840/2613/2687 1973/3042/3116 1838/1809/1883
f 1839/1808/1882 1980/2614/2688 1840/2613/2687
f 1981/3043/3117 1839/1808/1882 1837/1806/1880
f 1999/3044/3118 1843/2618/2692 1842/1810/1884
f 1844/1811/1885 1991/3045/3119 1841/1812/1886
f 1843/2618/2692 1998/2621/2695 1844/1811/1885
f 2003/3046/3120 1842/1810/1884 1846/3047/3121
f 1841/1812/1886 1989/3048/3122 1845/1813/1887
f 1972/3038/3112 1846/3047/3121 1835/1804/1878
f 1845/1813/1887 1987/3039/3113 1836/1805/1879
f 1848/3049/3123 2008/3050/3124 1849/1815/1889
f 2023/3051/3125 1847/1814/1888 1850/1816/1890
f 1852/1817/1891 2005/3052/3126 1848/3049/3123
f 2021/3053/3127 1851/1818/1892 1847/1814/1888
f 1854/1819/1893 2009/3054/3128 1852/1817/1891
f 1853/1820/1894 2016/2623/2697 1854/1819/1893
f 2017/3055/3129 1853/1820/1894 1851/1818/1892
f 2035/3056/3130 1857/2627/2701 1856/1821/1895
f 1858/1822/1896 2027/3057/3131 1855/1823/1897
f 2031/2626/2700 1858/1822/1896 1857/2627/2701
f 2039/3058/3132 1856/1821/1895 1860/3059/3133
f 1855/1823/1897 2025/3060/3134 1859/1824/1898
f 2008/3050/3124 1860/3059/3133 1849/1815/1889
f 1859/1824/1898 2023/3051/3125 1850/1816/1890
f 1863/1829/1903 2044/3061/3135 1864/1826/1900
f 1866/1828/1902 2041/3062/3136 1863/1829/1903
f 1868/3063/3137 2045/3064/3138 1866/1828/1902
f 2053/3065/3139 1872/1834/1908 1871/1833/1907
f 2057/3066/3140 1871/1833/1907 1874/1837/1911
f 2044/3061/3135 1874/1837/1911 1864/1826/1900
f 1933/3067/3141 1891/1853/1927 1890/1850/1924
f 1892/1851/1925 1953/3068/3142 1889/1852/1926
f 1936/3069/3143 1893/1855/1929 1891/1853/1927
f 1894/1854/1928 1955/3070/3144 1892/1851/1925
f 1965/3071/3145 1895/2632/2706 1893/1855/1929
f 1896/1856/1930 1957/3072/3146 1894/1854/1928
f 1895/2632/2706 1964/2635/2709 1896/1856/1930
f 1898/2637/2711 1939/3073/3147 1899/1858/1932
f 1943/2639/2713 1898/2637/2711 1897/1857/1931
f 1947/3074/3148 1897/1857/1931 1900/1859/1933
f 1899/1858/1932 1937/3075/3149 1901/1860/1934
f 1951/3076/3150 1900/1859/1933 1902/1861/1935
f 1901/1860/1934 1933/3067/3141 1890/1850/1924
f 1953/3068/3142 1902/1861/1935 1889/1852/1926
f 1906/1863/1937 2275/3077/3151 2274/3078/3152
f 1908/1865/1939 2274/3078/3152 2273/3079/3153
f 2272/2887/2961 1908/1865/1939 2273/3079/3153
f 2277/3080/3154 1655/1643/1717 2278/3022/3096
f 2276/3081/3155 1910/1868/1942 2277/3080/3154
f 2275/3077/3151 1912/1871/1945 2276/3081/3155
f 1919/1877/1951 1915/1875/1949 1914/1874/1948
f 1958/1913/1987 1918/2459/2533 1917/1876/1950
f 1921/1879/1953 1958/1913/1987 1917/1876/1950
f 1923/1881/1955 1956/1911/1985 1921/1879/1953
f 1952/1905/1979 1923/1881/1955 1925/1885/1959
f 1948/1902/1976 1925/1885/1959 1927/1887/1961
f 1929/2595/2669 1948/1902/1976 1927/1887/1961
f 1928/1886/1960 1930/1888/1962 1929/2595/2669
f 1971/1922/1996 1935/1920/1994 1934/1891/1965
f 1938/1896/1970 1971/1922/1996 1934/1891/1965
f 1940/1898/1972 2004/1949/2023 1938/1896/1970
f 1942/2598/2672 2000/1946/2020 1940/1898/1972
f 1946/1901/1975 1942/2598/2672 1941/1897/1971
f 1950/1903/1977 1944/3027/3101 1943/1899/1973
f 1959/1912/1986 1963/2890/2964 1960/2460/2534
f 1961/1916/1990 1967/3082/3156 1962/1914/1988
f 1974/1927/2001 1967/3082/3156 1966/1917/1991
f 1970/1925/1999 1966/1917/1991 1935/1920/1994
f 1975/1926/2000 1979/2891/2965 1976/2465/2539
f 1984/1932/2006 1978/1928/2002 1977/1930/2004
f 2010/1957/2031 1983/2467/2541 1982/1931/2005
f 2006/1955/2029 1982/1931/2005 1986/1934/2008
f 2007/1952/2026 1986/1934/2008 1988/1936/2010
f 1990/1940/2014 2007/1952/2026 1988/1936/2010
f 1992/1942/2016 2040/1979/2053 1990/1940/2014
f 1994/2604/2678 2036/1976/2050 1992/1942/2016
f 1993/1941/2015 1997/1944/2018 1994/2604/2678
f 2002/1947/2021 1996/3029/3103 1995/1943/2017
f 2011/1956/2030 2015/2892/2966 2012/2468/2542
f 2020/1962/2036 2014/1958/2032 2013/1960/2034
f 2018/1961/2035 2048/2473/2547 2019/2472/2546
f 2022/1964/2038 2046/1987/2061 2018/1961/2035
f 2024/1966/2040 2042/1985/2059 2022/1964/2038
f 2058/1998/2072 2024/1966/2040 2026/1970/2044
f 2054/1995/2069 2026/1970/2044 2028/1972/2046
f 2055/2606/2680 2028/1972/2046 2030/2607/2681
f 2029/1971/2045 2033/1974/2048 2030/2607/2681
f 2038/1977/2051 2032/2601/2675 2031/1973/2047
f 2047/1986/2060 2078/2055/2129 2048/2473/2547
f 2056/1996/2070 2072/2035/2109 1872/2034/2108
f 2104/2077/2151 2206/2180/2254 2207/2179/2253
f 2103/2076/2150 2208/2181/2255 2206/2180/2254
f 2105/2079/2153 2209/2182/2256 2208/2181/2255
f 2106/2080/2154 2210/2184/2258 2209/2182/2256
f 2107/2081/2155 2211/2185/2259 2210/2184/2258
f 2108/2082/2156 2212/2186/2260 2211/2185/2259
f 2109/2083/2157 2213/2187/2261 2212/2186/2260
f 2111/2085/2159 2214/2189/2263 2213/2187/2261
f 2112/2087/2161 2215/2190/2264 2214/2189/2263
f 2113/2088/2162 2216/2191/2265 2215/2190/2264
f 2216/2191/2265 2115/2090/2164 2217/2192/2266
f 2217/2192/2266 2116/2093/2167 2218/2193/2267
f 2218/2193/2267 2118/2092/2166 2219/2194/2268
f 2219/2194/2268 2119/2095/2169 2220/2195/2269
f 2220/2195/2269 2120/2096/2170 2221/2196/2270
f 2221/2196/2270 2121/2097/2171 2222/2197/2271
f 2222/2197/2271 2122/2098/2172 2223/2198/2272
f 2223/2198/2272 2123/2101/2175 2224/2199/2273
f 2224/2199/2273 2125/2100/2174 2225/2200/2274
f 2225/2200/2274 2126/2102/2176 2226/2201/2275
f 2226/2201/2275 2127/2103/2177 2227/2202/2276
f 2227/2202/2276 2128/2105/2179 2228/2204/2278
f 2128/2105/2179 2229/2205/2279 2228/2204/2278
f 2129/2104/2178 2230/2207/2281 2229/2205/2279
f 2130/2106/2180 2231/2208/2282 2230/2207/2281
f 2132/2108/2182 2232/2210/2284 2231/2208/2282
f 2133/2109/2183 2233/2211/2285 2232/2210/2284
f 2134/2110/2184 2234/2212/2286 2233/2211/2285
f 2135/2111/2185 2235/2213/2287 2234/2212/2286
f 2136/2112/2186 2236/2215/2289 2235/2213/2287
f 2137/2113/2187 2237/2216/2290 2236/2215/2289
f 2139/2115/2189 2238/2217/2291 2237/2216/2290
f 2140/2116/2190 2239/2218/2292 2238/2217/2291
f 2141/2117/2191 2240/2220/2294 2239/2218/2292
f 2240/2220/2294 2143/2119/2193 2241/2221/2295
f 2241/2221/2295 2144/2122/2196 2242/2222/2296
f 2242/2222/2296 2146/2121/2195 2243/2223/2297
f 2243/2223/2297 2147/2123/2197 2244/2224/2298
f 2244/2224/2298 2148/2124/2198 2245/2225/2299
f 2245/2225/2299 2149/2125/2199 2246/2226/2300
f 2246/2226/2300 2150/2126/2200 2247/2227/2301
f 2247/2227/2301 2151/2129/2203 2248/2228/2302
f 2248/2228/2302 2153/2128/2202 2249/2229/2303
f 2249/2229/2303 2154/2131/2205 2250/2230/2304
f 2250/2230/2304 2155/2132/2206 2251/2231/2305
f 2251/2231/2305 2156/2134/2208 2252/2232/2306
f 2156/2134/2208 2253/2233/2307 2252/2232/2306
f 2157/2133/2207 2207/2179/2253 2253/2233/2307
f 2302/3083/3157 2304/3084/3158 2305/3085/3159
f 2304/3084/3158 2307/3086/3160 2305/3085/3159
f 2306/3087/3161 2309/3088/3162 2307/3086/3160
f 2308/3089/3163 2311/3090/3164 2309/3088/3162
f 2310/3091/3165 2313/3092/3166 2311/3090/3164
f 2313/3092/3166 2314/3093/3167 2315/3094/3168
f 2315/3094/3168 2316/3095/3169 2317/3096/3170
f 2316/3095/3169 2319/3097/3171 2317/3096/3170
f 2320/3098/3172 2319/3097/3171 2318/3099/3173
f 2322/3100/3174 2321/3101/3175 2320/3098/3172
f 2322/3100/3174 2325/3102/3176 2323/3103/3177
f 2327/3104/3178 2329/3105/3179 2326/3106/3180
f 2327/3104/3178 2331/3107/3181 2328/3108/3182
f 2330/3109/3183 2333/3110/3184 2331/3107/3181
f 2334/3111/3185 2333/3110/3184 2332/3112/3186
f 2334/3111/3185 2337/3113/3187 2335/3114/3188
f 2338/3115/3189 2337/3113/3187 2336/3116/3190
f 2339/3117/3191 2340/3118/3192 2341/3119/3193
f 2341/3119/3193 2342/3120/3194 2343/3121/3195
f 2342/3120/3194 2345/3122/3196 2343/3121/3195
f 2344/3123/3197 2347/3124/3198 2345/3122/3196
f 2348/3125/3199 2347/3124/3198 2346/3126/3200
f 2350/3127/3201 2352/3128/3202 2353/3129/3203
f 2351/3130/3204 2355/3131/3205 2352/3128/3202
f 2354/3132/3206 2357/3133/3207 2355/3131/3205
f 2356/3134/3208 2359/3135/3209 2357/3133/3207
f 2358/3136/3210 2361/3137/3211 2359/3135/3209
f 2360/3138/3212 2363/3139/3213 2361/3137/3211
f 2362/3140/3214 2365/3141/3215 2363/3139/3213
f 2364/3142/3216 2367/3143/3217 2365/3141/3215
f 2366/3144/3218 2369/3145/3219 2367/3143/3217
f 2371/3146/3220 2373/3147/3221 2370/3148/3222
f 2375/3149/3223 2377/3150/3224 2374/3151/3225
f 2378/3152/3226 2380/3153/3227 2381/3154/3228
f 2350/3127/3201 2383/3155/3229 2351/3130/3204
f 2384/3156/3230 2381/3154/3228 2385/3157/3231
f 2351/3130/3204 2386/3158/3232 2354/3132/3206
f 2387/3159/3233 2385/3157/3231 2388/3160/3234
f 2354/3132/3206 2389/3161/3235 2356/3134/3208
f 2390/3162/3236 2388/3160/3234 2391/3163/3237
f 2356/3134/3208 2392/3164/3238 2358/3136/3210
f 2393/3165/3239 2391/3163/3237 2394/3166/3240
f 2395/3167/3241 2358/3136/3210 2392/3164/3238
f 2396/3168/3242 2394/3166/3240 2397/3169/3243
f 2398/3170/3244 2360/3138/3212 2395/3167/3241
f 2399/3171/3245 2397/3169/3243 2400/3172/3246
f 2401/3173/3247 2362/3140/3214 2398/3170/3244
f 2402/3174/3248 2400/3172/3246 2403/3175/3249
f 2404/3176/3250 2364/3142/3216 2401/3173/3247
f 2405/3177/3251 2403/3175/3249 2406/3178/3252
f 2407/3179/3253 2366/3144/3218 2404/3176/3250
f 2376/3180/3254 2409/3181/3255 2408/3182/3256
f 2410/3183/3257 2372/3184/3258 2371/3146/3220
f 2368/3185/3259 2411/3186/3260 2369/3145/3219
f 2407/3179/3253 2372/3184/3258 2368/3185/3259
f 2353/3129/3203 2381/3154/3228 2380/3153/3227
f 2352/3128/3202 2385/3157/3231 2381/3154/3228
f 2355/3131/3205 2388/3160/3234 2385/3157/3231
f 2357/3133/3207 2391/3163/3237 2388/3160/3234
f 2359/3135/3209 2394/3166/3240 2391/3163/3237
f 2361/3137/3211 2397/3169/3243 2394/3166/3240
f 2363/3139/3213 2400/3172/3246 2397/3169/3243
f 2365/3141/3215 2403/3175/3249 2400/3172/3246
f 2367/3143/3217 2406/3178/3252 2403/3175/3249
f 2411/3186/3260 2408/3182/3256 2409/3181/3255
f 2369/3145/3219 2409/3181/3255 2406/3178/3252
f 2413/3187/3261 2415/3188/3262 2412/3189/3263
f 2416/3190/3264 2370/3148/3222 2417/3191/3265
f 2418/3192/3266 2412/3189/3263 2415/3188/3262
f 2420/3193/3267 2422/3194/3268 2423/3195/3269
f 2425/3196/3270 2427/3197/3271 2424/3198/3272
f 2428/3199/3273 2430/3200/3274 2431/3201/3275
f 2432/3202/3276 2349/3203/3277 2348/3125/3199
f 2434/3204/3278 2436/3205/3279 2437/3206/3280
f 2438/3207/3281 2325/3102/3176 2324/3208/3282
f 2440/3209/3283 2442/3210/3284 2443/3211/3285
f 2445/3212/3286 2447/3213/3287 2444/3214/3288
f 2447/3213/3287 2449/3215/3289 2444/3214/3288
f 2451/3216/3290 2453/3217/3291 2450/3218/3292
f 2452/3219/3293 2454/3220/3294 2453/3217/3291
f 2450/3218/3292 2453/3217/3291 2455/3221/3295
f 2456/3222/3296 2458/3223/3297 2459/3224/3298
f 2460/3225/3299 2462/3226/3300 2463/3227/3301
f 2302/3083/3157 2465/3228/3302 2303/3229/3303
f 2465/3228/3302 2467/3230/3304 2466/3231/3305
f 2466/3231/3305 2469/3232/3306 2468/3233/3307
f 2468/3233/3307 2471/3234/3308 2470/3235/3309
f 2470/3235/3309 2473/3236/3310 2472/3237/3311
f 2474/3238/3312 2473/3236/3310 2475/3239/3313
f 2476/3240/3314 2475/3239/3313 2477/3241/3315
f 2476/3240/3314 2479/3242/3316 2478/3243/3317
f 2479/3242/3316 2481/3244/3318 2478/3243/3317
f 2480/3245/3319 2483/3246/3320 2481/3244/3318
f 2483/3246/3320 2484/3247/3321 2485/3248/3322
f 2326/3106/3180 2486/3249/3323 2487/3250/3324
f 2487/3250/3324 2489/3251/3325 2488/3252/3326
f 2488/3252/3326 2491/3253/3327 2490/3254/3328
f 2490/3254/3328 2492/3255/3329 2493/3256/3330
f 2493/3256/3330 2495/3257/3331 2494/3258/3332
f 2494/3258/3332 2496/3259/3333 2497/3260/3334
f 2498/3261/3335 2496/3259/3333 2499/3262/3336
f 2500/3263/3337 2499/3262/3336 2501/3264/3338
f 2500/3263/3337 2502/3265/3339 2503/3266/3340
f 2503/3266/3340 2505/3267/3341 2504/3268/3342
f 2505/3267/3341 2507/3269/3343 2504/3268/3342
f 2350/3127/3201 2508/3270/3344 2509/3271/3345
f 2509/3271/3345 2510/3272/3346 2511/3273/3347
f 2511/3273/3347 2512/3274/3348 2513/3275/3349
f 2513/3275/3349 2514/3276/3350 2515/3277/3351
f 2515/3277/3351 2516/3278/3352 2517/3279/3353
f 2517/3279/3353 2518/3280/3354 2519/3281/3355
f 2519/3281/3355 2520/3282/3356 2521/3283/3357
f 2521/3283/3357 2522/3284/3358 2523/3285/3359
f 2523/3285/3359 2524/3286/3360 2525/3287/3361
f 2526/3288/3362 2528/3289/3363 2529/3290/3364
f 2528/3289/3363 2530/3291/3365 2529/3290/3364
f 2531/3292/3366 2533/3293/3367 2534/3294/3368
f 2380/3153/3227 2535/3295/3369 2536/3296/3370
f 2350/3127/3201 2537/3297/3371 2382/3298/3372
f 2536/3296/3370 2538/3299/3373 2539/3300/3374
f 2540/3301/3375 2509/3271/3345 2511/3273/3347
f 2539/3300/3374 2541/3302/3376 2542/3303/3377
f 2511/3273/3347 2543/3304/3378 2540/3301/3375
f 2542/3303/3377 2544/3305/3379 2545/3306/3380
f 2513/3275/3349 2546/3307/3381 2543/3304/3378
f 2545/3306/3380 2547/3308/3382 2548/3309/3383
f 2549/3310/3384 2515/3277/3351 2517/3279/3353
f 2548/3309/3383 2550/3311/3385 2551/3312/3386
f 2552/3313/3387 2517/3279/3353 2519/3281/3355
f 2551/3312/3386 2553/3314/3388 2554/3315/3389
f 2555/3316/3390 2519/3281/3355 2521/3283/3357
f 2554/3315/3389 2556/3317/3391 2557/3318/3392
f 2558/3319/3393 2521/3283/3357 2523/3285/3359
f 2557/3318/3392 2559/3320/3394 2560/3321/3395
f 2561/3322/3396 2523/3285/3359 2525/3287/3361
f 2534/3294/3368 2563/3323/3397 2531/3292/3366
f 2565/3324/3398 2530/3291/3365 2564/3325/3399
f 2564/3325/3399 2525/3287/3361 2524/3286/3360
f 2530/3291/3365 2561/3322/3396 2525/3287/3361
f 2536/3296/3370 2353/3129/3203 2380/3153/3227
f 2539/3300/3374 2508/3270/3344 2536/3296/3370
f 2542/3303/3377 2510/3272/3346 2539/3300/3374
f 2545/3306/3380 2512/3274/3348 2542/3303/3377
f 2548/3309/3383 2514/3276/3350 2545/3306/3380
f 2551/3312/3386 2516/3278/3352 2548/3309/3383
f 2554/3315/3389 2518/3280/3354 2551/3312/3386
f 2557/3318/3392 2520/3282/3356 2554/3315/3389
f 2560/3321/3395 2522/3284/3358 2557/3318/3392
f 2562/3326/3400 2564/3325/3399 2563/3323/3397
f 2563/3323/3397 2524/3286/3360 2560/3321/3395
f 2567/3327/3401 2569/3328/3402 2566/3329/3403
f 2570/3330/3404 2572/3331/3405 2573/3332/3406
f 2570/3330/3404 2573/3332/3406 2574/3333/3407
f 2575/3334/3408 2577/3335/3409 2578/3336/3410
f 2580/3337/3411 2577/3335/3409 2579/3338/3412
f 2575/3334/3408 2578/3336/3410 2581/3339/3413
f 2581/3339/3413 2582/3340/3414 2583/3341/3415
f 2584/3342/3416 2586/3343/3417 2587/3344/3418
f 2588/3345/3419 2590/3346/3420 2591/3347/3421
f 2506/3348/3422 2593/3349/3423 2507/3269/3343
f 2594/3350/3424 2596/3351/3425 2597/3352/3426
f 2484/3247/3321 2599/3353/3427 2485/3248/3322
f 2600/3354/3428 2602/3355/3429 2603/3356/3430
f 2604/3357/3431 2606/3358/3432 2607/3359/3433
f 2606/3358/3432 2608/3360/3434 2607/3359/3433
f 2604/3357/3431 2607/3359/3433 2609/3361/3435
f 2610/3362/3436 2612/3363/3437 2613/3364/3438
f 2612/3363/3437 2614/3365/3439 2613/3364/3438
f 2610/3362/3436 2613/3364/3438 2615/3366/3440
f 2616/3367/3441 2618/3368/3442 2619/3369/3443
f 2621/3370/3444 2623/3371/3445 2620/3372/3446
f 2625/3373/3447 2627/3374/3448 2624/3375/3449
f 2629/3376/3450 2631/3377/3451 2628/3378/3450
f 2632/3379/3452 2634/3380/3453 2635/3381/3454
f 2637/3382/3455 2632/3379/3452 2636/3383/3455
f 2637/3382/3455 2639/3384/3456 2638/3385/3456
f 2638/3385/3456 2641/3386/3457 2640/3387/3457
f 2643/3388/3458 2641/3386/3457 2642/3389/3458
f 2643/3388/3458 2645/3390/3459 2644/3391/3459
f 2647/3392/3460 2645/3390/3459 2646/3393/3460
f 2628/3378/3450 2646/3393/3460 2629/3376/3450
f 2648/3394/3461 2631/3377/3451 2630/3395/3451
f 2648/3394/3461 2651/3396/3462 2649/3397/3461
f 2652/3398/3463 2651/3396/3462 2650/3399/3462
f 2655/3400/3464 2657/3401/3465 2654/3402/3464
f 2659/3403/3466 2654/3402/3464 2658/3404/3466
f 2661/3405/3467 2658/3404/3466 2660/3406/3467
f 2663/3407/3468 2660/3406/3467 2662/3408/3468
f 2652/3398/3463 2662/3408/3468 2653/3409/3463
f 2664/3410/3469 2666/3411/3470 2667/3412/3471
f 2669/3413/3472 2625/3373/3447 2668/3414/3473
f 2670/3415/3474 2672/3416/3475 2673/3417/3476
f 2670/3415/3474 2675/3418/3477 2634/3380/3453
f 2673/3417/3476 2674/3419/3478 2670/3415/3474
f 2674/3420/3479 2678/3421/3480 2675/3422/3481
f 2679/3423/3482 2676/3424/3483 2681/3425/3484
f 2682/3426/3485 2684/3427/3486 2685/3428/3487
f 2682/3426/3485 2686/3429/3488 2415/3188/3262
f 2415/3188/3262 2687/3430/3489 2688/3431/3490
f 2689/3432/3491 2688/3431/3490 2687/3430/3489
f 2415/3188/3262 2688/3431/3490 2682/3426/3485
f 2570/3330/3404 2566/3329/3403 2569/3328/3402
f 2526/3288/3362 2692/3433/3492 2693/3434/3493
f 2424/3198/3272 2436/3205/3279 2694/3435/3494
f 2425/3436/3495 2665/3437/3496 2695/3438/3497
f 2431/3439/3498 2696/3440/3499 2697/3441/3500
f 2429/3442/3501 2447/3213/3287 2434/3443/3278
f 2430/3444/3274 2437/3206/3280 2427/3197/3271
f 2428/3445/3502 2698/3446/3503 2448/3447/3504
f 2433/3448/3505 2454/3449/3506 2417/3191/3265
f 2432/3450/3507 2439/3451/3508 2453/3217/3291
f 2435/3452/3509 2446/3453/3510 2456/3454/3511
f 2438/3455/3512 2459/3456/3513 2455/3221/3295
f 2442/3457/3514 2416/3190/3264 2452/3458/3515
f 2443/3459/3285 2451/3216/3290 2460/3225/3299
f 2440/3460/3283 2463/3227/3301 2444/3214/3288
f 2449/3461/3516 2699/3462/3517 2441/3463/3518
f 2445/3212/3286 2462/3226/3300 2457/3464/3519
f 2450/3218/3292 2458/3465/3520 2461/3466/3521
f 2700/3467/3522 2590/3468/3523 2609/3469/3524
f 2701/3470/3525 2672/3471/3526 2668/3472/3527
f 2702/3473/3528 2591/3474/3529 2703/3475/3530
f 2585/3476/3531 2704/3477/3532 2666/3478/3533
f 2586/3343/3417 2705/3479/3534 2594/3350/3424
f 2589/3480/3535 2596/3481/3425 2604/3357/3431
f 2588/3482/3419 2587/3344/3418 2597/3352/3426
f 2592/3483/3536 2706/3484/3537 2611/3485/3538
f 2593/3486/3539 2610/3362/3436 2598/3487/3540
f 2595/3488/3541 2616/3489/3542 2605/3490/3543
f 2599/3491/3544 2615/3366/3440 2617/3492/3545
f 2601/3493/3546 2708/3494/3547 2607/3495/3548
f 2602/3496/3429 2608/3360/3434 2621/3370/3444
f 2603/3497/3430 2620/3372/3446 2614/3365/3439
f 2606/3358/3432 2619/3498/3549 2622/3499/3550
f 2612/3500/3551 2692/3433/3492 2600/3501/3552
f 2613/3364/3438 2623/3371/3445 2618/3502/3553
f 2669/3503/3554 2671/3504/3555 2709/3505/3556
f 2681/3506/3484 2678/3421/3480 2679/3423/3482
f 2677/3507/3557 2676/3508/3483 2680/3509/3558
f 2302/3083/3157 2327/3104/3178 2326/3106/3180
f 2711/3510/3559 2304/3084/3158 2710/3511/3560
f 2330/3109/3183 2305/3085/3159 2307/3086/3160
f 2711/3510/3559 2308/3089/3163 2306/3087/3161
f 2332/3112/3186 2311/3090/3164 2334/3111/3185
f 2713/3512/3561 2312/3513/3562 2310/3091/3165
f 2334/3111/3185 2313/3092/3166 2336/3116/3190
f 2714/3514/3563 2314/3093/3167 2312/3513/3562
f 2342/3120/3194 2317/3096/3170 2319/3097/3171
f 2717/3515/3564 2318/3099/3173 2716/3516/3565
f 2346/3126/3200 2321/3101/3175 2323/3103/3177
f 2718/3517/3566 2322/3100/3174 2719/3518/3567
f 2329/3105/3179 2383/3155/3229 2382/3298/3372
f 2386/3158/3232 2328/3108/3182 2331/3107/3181
f 2309/3088/3162 2330/3109/3183 2307/3086/3160
f 2333/3110/3184 2392/3164/3238 2389/3161/3235
f 2338/3115/3189 2313/3092/3166 2315/3094/3168
f 2395/3167/3241 2339/3117/3191 2398/3170/3244
f 2340/3118/3192 2315/3094/3168 2317/3096/3170
f 2401/3173/3247 2339/3117/3191 2341/3119/3193
f 2344/3123/3197 2319/3097/3171 2321/3101/3175
f 2407/3179/3253 2347/3124/3198 2373/3147/3221
f 2325/3102/3176 2346/3126/3200 2323/3103/3177
f 2370/3148/3222 2347/3124/3198 2349/3203/3277
f 2628/3519/3568 2720/3520/3569 2374/3151/3225
f 2647/3521/3570 2374/3151/3225 2377/3150/3224
f 2631/3522/3571 2721/3523/3572 2720/3520/3569
f 2649/3524/3573 2722/3525/3574 2721/3523/3572
f 2653/3526/3575 2722/3525/3574 2651/3527/3576
f 2662/3528/3577 2723/3529/3578 2653/3526/3575
f 2662/3528/3577 2725/3530/3579 2724/3531/3580
f 2726/3532/3581 2660/3533/3582 2658/3534/3583
f 2727/3535/3584 2658/3534/3583 2654/3536/3585
f 2657/3537/3586 2727/3535/3584 2654/3536/3585
f 2729/3538/3587 2728/3539/3588 2657/3537/3586
f 2731/3540/3589 2379/3541/3590 2378/3152/3226
f 2733/3542/3591 2378/3152/3226 2384/3156/3230
f 2734/3543/3592 2384/3156/3230 2387/3159/3233
f 2389/3161/3235 2331/3107/3181 2333/3110/3184
f 2735/3544/3593 2387/3159/3233 2390/3162/3236
f 2736/3545/3594 2390/3162/3236 2393/3165/3239
f 2395/3167/3241 2335/3114/3188 2337/3113/3187
f 2737/3546/3595 2393/3165/3239 2396/3168/3242
f 2738/3547/3596 2396/3168/3242 2399/3171/3245
f 2739/3548/3597 2399/3171/3245 2402/3174/3248
f 2404/3176/3250 2341/3119/3193 2343/3121/3195
f 2402/3174/3248 2729/3538/3587 2739/3548/3597
f 2345/3122/3196 2404/3176/3250 2343/3121/3195
f 2644/3549/3598 2377/3150/3224 2740/3550/3599
f 2433/3448/3505 2370/3148/3222 2349/3203/3277
f 2452/3458/3515 2417/3191/3265 2454/3449/3506
f 2634/3551/3600 2741/3552/3601 2742/3553/3602
f 2633/3554/3603 2743/3555/3604 2741/3552/3601
f 2637/3556/3605 2744/3557/3606 2743/3555/3604
f 2745/3558/3607 2638/3559/3608 2640/3560/3609
f 2644/3549/3598 2746/3561/3610 2643/3562/3611
f 2747/3563/3612 2627/3564/3613 2626/3565/3614
f 2747/3563/3612 2669/3503/3554 2709/3505/3556
f 2671/3504/3555 2749/3566/3615 2709/3505/3556
f 2437/3206/3280 2424/3198/3272 2427/3197/3271
f 2694/3435/3494 2425/3196/3270 2424/3198/3272
f 2695/3438/3497 2426/3567/3616 2425/3436/3495
f 2430/3444/3274 2426/3568/3617 2431/3569/3275
f 2430/3444/3274 2434/3204/3278 2437/3206/3280
f 2698/3446/3503 2431/3439/3498 2697/3441/3500
f 2448/3570/3618 2429/3442/3501 2428/3571/3273
f 2439/3572/3619 2348/3125/3199 2325/3102/3176
f 2454/3220/3294 2432/3450/3507 2453/3217/3291
f 2694/3435/3494 2435/3573/3509 2456/3574/3511
f 2446/3453/3510 2434/3443/3278 2447/3213/3287
f 2718/3517/3566 2438/3207/3281 2324/3208/3282
f 2455/3221/3295 2439/3451/3508 2438/3455/3512
f 2416/3190/3264 2441/3463/3518 2699/3462/3517
f 2452/3219/3293 2443/3459/3285 2442/3575/3284
f 2440/3460/3283 2460/3225/3299 2463/3227/3301
f 2449/3215/3289 2440/3460/3283 2444/3214/3288
f 2698/3446/3503 2449/3461/3516 2448/3447/3504
f 2462/3226/3300 2444/3214/3288 2463/3227/3301
f 2457/3464/3519 2446/3453/3510 2445/3212/3286
f 2458/3465/3520 2455/3221/3295 2459/3456/3513
f 2461/3466/3521 2451/3216/3290 2450/3218/3292
f 2458/3465/3520 2462/3226/3300 2461/3466/3521
f 2487/3250/3324 2302/3083/3157 2326/3106/3180
f 2750/3576/3620 2303/3229/3303 2465/3228/3302
f 2488/3252/3326 2469/3232/3306 2467/3230/3304
f 2752/3577/3621 2468/3233/3307 2753/3578/3622
f 2490/3254/3328 2471/3234/3308 2469/3232/3306
f 2754/3579/3623 2468/3233/3307 2470/3235/3309
f 2494/3258/3332 2475/3239/3313 2473/3236/3310
f 2498/3261/3335 2475/3239/3313 2497/3260/3334
f 2755/3580/3624 2474/3238/3312 2476/3240/3314
f 2757/3581/3625 2476/3240/3314 2478/3243/3317
f 2503/3266/3340 2479/3242/3316 2500/3263/3337
f 2758/3582/3626 2481/3244/3318 2483/3246/3320
f 2504/3268/3342 2484/3247/3321 2482/3583/3627
f 2760/3584/3628 2483/3246/3320 2485/3248/3322
f 2382/3298/3372 2486/3249/3323 2329/3105/3179
f 2464/3585/3629 2488/3252/3326 2467/3230/3304
f 2543/3304/3378 2489/3251/3325 2540/3301/3375
f 2546/3307/3381 2491/3253/3327 2543/3304/3378
f 2546/3307/3381 2495/3257/3331 2492/3255/3329
f 2493/3256/3330 2473/3236/3310 2471/3234/3308
f 2549/3310/3384 2496/3259/3333 2495/3257/3331
f 2555/3316/3390 2496/3259/3333 2552/3313/3387
f 2558/3319/3393 2499/3262/3336 2555/3316/3390
f 2477/3241/3315 2500/3263/3337 2479/3242/3316
f 2558/3319/3393 2502/3265/3339 2501/3264/3338
f 2480/3245/3319 2504/3268/3342 2482/3583/3627
f 2527/3586/3630 2505/3267/3341 2528/3289/3363
f 2629/3587/3631 2761/3588/3632 2630/3589/3633
f 2646/3590/3634 2532/3591/3635 2629/3587/3631
f 2762/3592/3636 2764/3593/3637 2656/3594/3638
f 2656/3594/3638 2765/3595/3639 2762/3592/3636
f 2659/3596/3640 2765/3595/3639 2655/3597/3641
f 2661/3598/3642 2766/3599/3643 2659/3596/3640
f 2663/3600/3644 2767/3601/3645 2661/3598/3642
f 2769/3602/3646 2663/3600/3644 2652/3603/3647
f 2770/3604/3648 2652/3603/3647 2650/3605/3649
f 2648/3606/3650 2770/3604/3648 2650/3605/3649
f 2630/3607/3633 2771/3608/3651 2648/3606/3650
f 2772/3609/3652 2379/3541/3590 2732/3610/3653
f 2773/3611/3654 2535/3295/3369 2772/3609/3652
f 2537/3297/3371 2489/3251/3325 2486/3249/3323
f 2774/3612/3655 2538/3299/3373 2773/3611/3654
f 2775/3613/3656 2541/3302/3376 2774/3612/3655
f 2776/3614/3657 2544/3305/3379 2775/3613/3656
f 2777/3615/3658 2547/3308/3382 2776/3614/3657
f 2778/3616/3659 2550/3311/3385 2777/3615/3658
f 2779/3617/3660 2553/3314/3388 2778/3616/3659
f 2764/3618/3637 2556/3317/3391 2779/3617/3660
f 2561/3322/3396 2505/3267/3341 2502/3265/3339
f 2645/3619/3661 2533/3293/3367 2646/3590/3634
f 2700/3467/3522 2591/3474/3529 2590/3468/3523
f 2645/3619/3661 2781/3620/3662 2780/3621/3663
f 2641/3622/3664 2781/3620/3662 2642/3623/3665
f 2639/3624/3666 2782/3625/3667 2641/3622/3664
f 2636/3626/3668 2783/3627/3669 2639/3624/3666
f 2632/3628/3670 2784/3629/3671 2636/3626/3668
f 2635/3630/3672 2785/3631/3673 2632/3628/3670
f 2672/3471/3526 2787/3632/3674 2673/3633/3675
f 2788/3634/3676 2668/3472/3527 2625/3635/3677
f 2624/3636/3678 2788/3634/3676 2625/3635/3677
f 2591/3637/3421 2587/3344/3418 2588/3482/3419
f 2704/3477/3532 2584/3638/3679 2702/3473/3528
f 2705/3479/3534 2585/3639/3680 2666/3640/3681
f 2597/3352/3426 2586/3343/3417 2594/3350/3424
f 2609/3361/3435 2589/3480/3535 2604/3357/3431
f 2597/3352/3426 2589/3641/3535 2588/3482/3419
f 2611/3642/3682 2593/3486/3539 2592/3643/3683
f 2598/3644/3684 2507/3269/3343 2593/3349/3423
f 2527/3586/3630 2592/3483/3536 2506/3348/3422
f 2605/3490/3543 2596/3481/3425 2595/3488/3541
f 2705/3479/3534 2595/3645/3541 2594/3350/3424
f 2615/3366/3440 2598/3487/3540 2610/3362/3436
f 2760/3584/3628 2599/3353/3427 2617/3646/3685
f 2607/3359/3433 2602/3496/3429 2601/3647/3686
f 2620/3372/3446 2602/3496/3429 2621/3370/3444
f 2612/3363/3437 2603/3497/3430 2614/3365/3439
f 2692/3433/3492 2601/3493/3546 2600/3501/3552
f 2619/3498/3549 2605/3490/3543 2616/3489/3542
f 2621/3370/3444 2606/3358/3432 2622/3499/3550
f 2623/3371/3445 2614/3365/3439 2620/3372/3446
f 2618/3502/3553 2615/3366/3440 2613/3364/3438
f 2693/3434/3493 2611/3485/3538 2706/3484/3537
f 2692/3433/3492 2612/3500/3551 2611/3485/3538
f 2622/3499/3550 2618/3502/3553 2623/3371/3445
f 2320/3098/3172 2719/3518/3567 2322/3100/3174
f 2316/3095/3169 2716/3516/3565 2318/3099/3173
f 2314/3093/3167 2790/3648/3687 2316/3095/3169
f 2308/3089/3163 2713/3512/3561 2310/3091/3165
f 2303/3229/3303 2710/3511/3560 2304/3084/3158
f 2752/3577/3621 2465/3228/3302 2466/3231/3305
f 2472/3237/3311 2754/3579/3623 2470/3235/3309
f 2474/3238/3312 2791/3649/3688 2472/3237/3311
f 2759/3650/3689 2478/3243/3317 2481/3244/3318
f 2679/3423/3482 2677/3507/3557 2680/3509/3558
f 2640/3560/3609 2746/3561/3610 2745/3558/3607
f 2792/3651/3690 2627/3564/3613 2748/3652/3691
f 2794/3653/3692 2624/3636/3678 2795/3654/3693
f 2671/3655/3475 2668/3414/3473 2672/3416/3475
f 2742/3553/3602 2670/3656/3694 2634/3551/3600
f 2730/3657/3695 2405/3177/3251 2796/3658/3696
f 2763/3659/3697 2559/3320/3394 2764/3618/3637
f 2681/3660/3698 2673/3417/3476 2635/3381/3454
f 2673/3633/3675 2786/3661/3699 2635/3630/3672
f 2635/3381/3454 2675/3418/3477 2681/3660/3698
f 2583/3341/3415 2799/3662/3700 2800/3663/3701
f 2801/3664/3702 2581/3339/3413 2800/3663/3701
f 2583/3341/3415 2800/3663/3701 2581/3339/3413
f 2803/3665/3703 2805/3666/3704 2806/3667/3705
f 2807/3668/3706 2806/3667/3705 2808/3669/3707
f 2807/3668/3706 2810/3670/3708 2809/3671/3709
f 2811/3672/3710 2813/3673/3711 2814/3674/3712
f 2815/3675/3713 2814/3674/3712 2816/3676/3714
f 2815/3677/3713 2818/3678/3715 2817/3679/3716
f 2818/3678/3715 2820/3680/3717 2817/3679/3716
f 2819/3681/3717 2822/3682/3718 2820/3680/3717
f 2822/3682/3718 2823/3683/3719 2824/3684/3720
f 2824/3684/3720 2825/3685/3721 2826/3686/3722
f 2826/3686/3722 2827/3687/3723 2828/3688/3724
f 2827/3687/3723 2830/3689/3725 2828/3688/3724
f 2405/3177/3251 2409/3181/3255 2796/3658/3696
f 2796/3658/3696 2409/3181/3255 2375/3149/3223
f 2730/3657/3695 2375/3149/3223 2720/3520/3569
f 2720/3520/3569 2375/3149/3223 2374/3151/3225
f 2724/3531/3580 2726/3532/3581 2723/3529/3578
f 2720/3520/3569 2728/3539/3588 2730/3657/3695
f 2727/3535/3584 2721/3523/3572 2722/3525/3574
f 2727/3535/3584 2723/3529/3578 2726/3532/3581
f 2559/3320/3394 2563/3323/3397 2560/3321/3395
f 2797/3690/3726 2531/3292/3366 2563/3323/3397
f 2763/3659/3697 2531/3292/3366 2797/3690/3726
f 2761/3588/3632 2532/3591/3635 2531/3292/3366
f 2766/3599/3643 2768/3691/3727 2769/3602/3646
f 2761/3692/3632 2762/3592/3636 2771/3608/3651
f 2762/3592/3636 2770/3604/3648 2771/3608/3651
f 2769/3602/3646 2765/3595/3639 2766/3599/3643
f 2739/3693/3728 2657/3401/3465 2738/3694/3729
f 2656/3695/3730 2779/3696/3731 2778/3697/3732
f 2656/3695/3730 2777/3698/3733 2776/3699/3734
f 2656/3695/3730 2775/3700/3735 2774/3701/3736
f 2656/3695/3730 2773/3702/3737 2657/3401/3465
f 2657/3401/3465 2772/3703/3738 2732/3704/3739
f 2657/3401/3465 2731/3705/3740 2733/3706/3741
f 2657/3401/3465 2734/3707/3742 2735/3708/3743
f 2657/3401/3465 2736/3709/3744 2737/3710/3745
f 2657/3401/3465 2737/3710/3745 2738/3694/3729
f 2665/3711/3746 2456/3222/3296 2459/3224/3298
f 2665/3711/3746 2718/3712/3747 2719/3713/3748
f 2719/3713/3748 2716/3714/3749 2665/3711/3746
f 2716/3714/3749 2715/3715/3750 2665/3711/3746
f 2715/3715/3750 2713/3716/3751 2665/3711/3746
f 2713/3716/3751 2711/3717/3752 2665/3711/3746
f 2711/3717/3752 2751/3718/3753 2665/3711/3746
f 2751/3718/3753 2752/3719/3754 2665/3711/3746
f 2752/3719/3754 2754/3720/3755 2665/3711/3746
f 2754/3720/3755 2756/3721/3756 2665/3711/3746
f 2756/3721/3756 2757/3722/3757 2665/3711/3746
f 2757/3722/3757 2758/3723/3758 2665/3711/3746
f 2665/3711/3746 2760/3724/3759 2617/3725/3760
f 2617/3725/3760 2666/3411/3470 2665/3711/3746
f 2616/3367/3441 2705/3726/3761 2666/3411/3470
f 2829/3727/3725 2804/3728/3762 2830/3689/3725
f 2810/3670/3708 2812/3729/3763 2809/3671/3709
f 2831/3730/3764 2423/3195/3269 2833/3731/3765
f 2418/3192/3266 2834/3732/3766 2835/3733/3767
f 2685/3428/3487 2836/3734/3768 2837/3735/3769
f 2836/3734/3768 2838/3736/3770 2837/3735/3769
f 2839/3737/3771 2841/3738/3772 2842/3739/3773
f 2841/3738/3772 2421/3740/3774 2842/3739/3773
f 2843/3741/3775 2575/3334/3408 2802/3742/3776
f 2575/3334/3408 2581/3339/3413 2802/3742/3776
f 2845/3743/3777 2847/3744/3778 2848/3745/3779
f 2849/3746/3780 2835/3733/3767 2850/3747/3781
f 2575/3334/3408 2851/3748/3782 2569/3328/3402
f 2852/3749/3783 2854/3750/3784 2855/3751/3785
f 2857/3752/3786 2859/3753/3787 2856/3754/3788
f 2860/3755/3789 2862/3756/3790 2863/3757/3791
f 2864/3758/3792 2866/3759/3793 2867/3760/3794
f 2869/3761/3795 2871/3762/3796 2868/3763/3797
f 2873/3764/3798 2875/3765/3799 2872/3766/3800
f 2876/3767/3801 2878/3768/3802 2879/3769/3803
f 2830/3770/3804 2881/3771/3805 2880/3772/3806
f 2804/3773/3807 2873/3764/3798 2881/3771/3805
f 2807/3774/3808 2853/3775/3809 2874/3776/3810
f 2854/3750/3784 2811/3777/3811 2861/3778/3812
f 2862/3756/3790 2817/3779/3813 2882/3780/3814
f 2883/3781/3815 2818/3782/3816 2884/3783/3817
f 2885/3784/3818 2819/3785/3819 2883/3781/3815
f 2886/3786/3820 2821/3787/3821 2885/3784/3818
f 2825/3788/3822 2886/3786/3820 2887/3789/3823
f 2827/3790/3824 2887/3789/3823 2888/3791/3825
f 2829/3792/3826 2888/3791/3825 2866/3759/3793
f 2889/3793/3827 2880/3772/3806 2891/3794/3828
f 2892/3795/3829 2890/3796/3830 2889/3793/3827
f 2894/3797/3831 2893/3798/3832 2892/3795/3829
f 2897/3799/3833 2894/3797/3831 2896/3800/3834
f 2898/3801/3835 2897/3799/3833 2896/3800/3834
f 2900/3802/3836 2899/3803/3837 2898/3801/3835
f 2870/3804/3838 2856/3754/3788 2871/3762/3796
f 2901/3805/3839 2869/3761/3795 2868/3763/3797
f 2879/3769/3803 2865/3806/3840 2864/3758/3792
f 2859/3753/3787 2877/3807/3841 2876/3767/3801
f 2853/3775/3809 2812/3808/3842 2854/3750/3784
f 2858/3809/3843 2813/3810/3844 2810/3811/3845
f 2861/3778/3812 2815/3812/3846 2862/3756/3790
f 2829/3792/3826 2865/3806/3840 2805/3813/3847
f 2870/3804/3838 2816/3814/3848 2814/3815/3849
f 2874/3776/3810 2803/3816/3850 2807/3774/3808
f 2806/3817/3851 2877/3807/3841 2808/3818/3852
f 2902/3819/3853 2880/3772/3806 2881/3771/3805
f 2872/3766/3800 2881/3771/3805 2873/3764/3798
f 2852/3749/3783 2874/3776/3810 2853/3775/3809
f 2861/3778/3812 2855/3751/3785 2854/3750/3784
f 2882/3780/3814 2863/3757/3791 2862/3756/3790
f 2901/3805/3839 2883/3781/3815 2884/3783/3817
f 2903/3820/3854 2885/3784/3818 2883/3781/3815
f 2885/3784/3818 2905/3821/3855 2886/3786/3820
f 2905/3821/3855 2887/3789/3823 2886/3786/3820
f 2906/3822/3856 2888/3791/3825 2887/3789/3823
f 2907/3823/3857 2866/3759/3793 2888/3791/3825
f 2830/3770/3804 2890/3796/3830 2828/3824/3858
f 2893/3798/3832 2828/3824/3858 2890/3796/3830
f 2826/3825/3859 2895/3826/3860 2824/3827/3861
f 2895/3826/3860 2822/3828/3862 2824/3827/3861
f 2897/3799/3833 2820/3829/3863 2822/3828/3862
f 2899/3803/3837 2817/3779/3813 2820/3829/3863
f 2857/3752/3786 2814/3815/3849 2813/3810/3844
f 2816/3814/3848 2884/3783/3817 2818/3782/3816
f 2805/3813/3847 2878/3768/3802 2806/3817/3851
f 2808/3818/3852 2858/3809/3843 2810/3811/3845
f 2419/3830/3864 2849/3746/3780 2908/3831/3865
f 2568/3832/3866 2575/3334/3408 2569/3328/3402
f 2415/3188/3262 2909/3833/3867 2834/3732/3766
f 2571/3834/3868 2569/3328/3402 2851/3748/3782
f 2607/3495/3548 2700/3467/3522 2609/3469/3524
f 2527/3586/3630 2693/3434/3493 2706/3484/3537
f 2793/3835/3869 2667/3412/3471 2795/3836/3870
f 2664/3837/3871 2695/3438/3497 2665/3437/3496
f 2704/3477/3532 2667/3838/3872 2666/3478/3533
f 2793/3839/3873 2910/3840/3874 2664/3837/3871
f 2911/3841/3875 2795/3654/3693 2667/3838/3872
f 2627/3374/3448 2795/3836/3870 2624/3375/3449
f 2836/3734/3768 2913/3842/3876 2838/3736/3770
f 2913/3842/3876 2914/3843/3877 2838/3736/3770
f 2913/3842/3876 2840/3844/3878 2914/3843/3877
f 2686/3429/3488 2837/3735/3769 2909/3833/3867
f 2420/3193/3267 2842/3739/3773 2421/3740/3774
f 2917/3845/3879 2919/3846/3880 2916/3847/3881
f 2918/3848/3882 2574/3333/3407 2919/3846/3880
f 2574/3333/3407 2691/3849/3883 2570/3330/3404
f 2920/3850/3884 2583/3341/3415 2845/3743/3777
f 2583/3341/3415 2846/3851/3885 2845/3743/3777
f 2921/3852/3886 2923/3853/3887 2572/3331/3405
f 2572/3331/3405 2923/3853/3887 2573/3332/3406
f 2922/3854/3888 2848/3745/3779 2924/3855/3889
f 2848/3745/3779 2847/3744/3778 2924/3855/3889
f 2923/3853/3887 2925/3856/3890 2573/3332/3406
f 2573/3332/3406 2926/3857/3891 2919/3846/3880
f 2573/3332/3406 2919/3846/3880 2574/3333/3407
f 2687/3430/3489 2376/3180/3254 2408/3182/3256
f 2687/3430/3489 2410/3183/3257 2689/3432/3491
f 2690/3858/3892 2410/3183/3257 2371/3146/3220
f 2688/3431/3490 2371/3146/3220 2416/3190/3264
f 2688/3431/3490 2699/3462/3517 2682/3426/3485
f 2683/3859/3893 2699/3462/3517 2698/3446/3503
f 2683/3859/3893 2697/3441/3500 2684/3427/3486
f 2836/3734/3768 2697/3441/3500 2696/3440/3499
f 2912/3860/3894 2696/3440/3499 2695/3438/3497
f 2912/3860/3894 2910/3840/3874 2913/3842/3876
f 2913/3842/3876 2792/3651/3690 2841/3738/3772
f 2841/3738/3772 2748/3652/3691 2421/3740/3774
f 2422/3194/3268 2748/3652/3691 2747/3563/3612
f 2709/3505/3556 2422/3194/3268 2747/3563/3612
f 2423/3195/3269 2749/3566/3615 2742/3553/3602
f 2927/3861/3895 2742/3553/3602 2741/3552/3601
f 2928/3862/3896 2741/3552/3601 2743/3555/3604
f 2929/3863/3897 2743/3555/3604 2744/3557/3606
f 2908/3831/3865 2744/3557/3606 2745/3558/3607
f 2419/3830/3864 2745/3558/3607 2746/3561/3610
f 2419/3830/3864 2740/3550/3599 2412/3189/3263
f 2413/3187/3261 2740/3550/3599 2377/3150/3224
f 2413/3187/3261 2376/3180/3254 2414/3864/3898
f 2832/3865/3899 2856/3754/3788 2859/3753/3787
f 2832/3865/3899 2876/3767/3801 2915/3866/3900
f 2915/3866/3900 2879/3769/3803 2842/3739/3773
f 2842/3739/3773 2864/3758/3792 2839/3737/3771
f 2840/3844/3878 2864/3758/3792 2867/3760/3794
f 2914/3843/3877 2867/3760/3794 2907/3823/3857
f 2838/3736/3770 2907/3823/3857 2906/3822/3856
f 2837/3735/3769 2906/3822/3856 2905/3821/3855
f 2837/3735/3769 2904/3867/3901 2909/3833/3867
f 2909/3833/3867 2903/3820/3854 2834/3732/3766
f 2834/3732/3766 2901/3805/3839 2835/3733/3767
f 2850/3747/3781 2901/3805/3839 2868/3763/3797
f 2833/3731/3765 2868/3763/3797 2871/3762/3796
f 2831/3730/3764 2871/3762/3796 2856/3754/3788
f 2691/3849/3883 2534/3294/3368 2566/3329/3403
f 2567/3327/3401 2534/3294/3368 2533/3293/3367
f 2567/3327/3401 2780/3621/3663 2568/3832/3866
f 2576/3868/3902 2780/3621/3663 2781/3620/3662
f 2576/3868/3902 2782/3625/3667 2577/3335/3409
f 2577/3335/3409 2783/3627/3669 2579/3338/3412
f 2579/3338/3412 2784/3629/3671 2580/3337/3411
f 2580/3337/3411 2785/3631/3673 2578/3336/3410
f 2578/3336/3410 2786/3661/3699 2581/3339/3413
f 2581/3339/3413 2787/3632/3674 2582/3340/3414
f 2701/3470/3525 2582/3340/3414 2787/3632/3674
f 2583/3341/3415 2788/3634/3676 2789/3869/3903
f 2583/3341/3415 2794/3653/3692 2846/3851/3885
f 2846/3851/3885 2911/3841/3875 2847/3744/3778
f 2924/3855/3889 2911/3841/3875 2704/3477/3532
f 2924/3855/3889 2702/3473/3528 2922/3854/3888
f 2922/3854/3888 2703/3475/3530 2923/3853/3887
f 2925/3856/3890 2703/3475/3530 2700/3467/3522
f 2925/3856/3890 2708/3494/3547 2926/3857/3891
f 2926/3857/3891 2707/3870/3904 2919/3846/3880
f 2916/3847/3881 2707/3870/3904 2692/3433/3492
f 2916/3847/3881 2529/3290/3364 2917/3845/3879
f 2917/3845/3879 2565/3324/3398 2918/3848/3882
f 2918/3848/3882 2562/3326/3400 2691/3849/3883
f 2800/3663/3701 2855/3751/3785 2801/3664/3702
f 2801/3664/3702 2860/3755/3789 2802/3742/3776
f 2802/3742/3776 2863/3757/3791 2843/3741/3775
f 2844/3871/3905 2863/3757/3791 2900/3802/3836
f 2851/3748/3782 2900/3802/3836 2898/3801/3835
f 2571/3834/3868 2898/3801/3835 2896/3800/3834
f 2572/3331/3405 2896/3800/3834 2894/3797/3831
f 2572/3331/3405 2892/3795/3829 2921/3852/3886
f 2921/3852/3886 2889/3793/3827 2848/3745/3779
f 2848/3745/3779 2891/3794/3828 2845/3743/3777
f 2845/3743/3777 2902/3819/3853 2920/3850/3884
f 2798/3872/3906 2902/3819/3853 2872/3766/3800
f 2799/3662/3700 2872/3766/3800 2875/3765/3799
f 2800/3663/3701 2875/3765/3799 2852/3749/3783
f 2849/3746/3780 2833/3731/3765 2423/3195/3269
f 2928/3862/3896 2908/3831/3865 2423/3195/3269
f 2908/3831/3865 2849/3746/3780 2423/3195/3269
f 2928/3862/3896 2423/3195/3269 2927/3861/3895
f 2423/3195/3269 2915/3866/3900 2420/3193/3267
f 2930/3873/3907 2932/3874/3908 2933/3875/3909
f 2934/3876/3910 2936/3877/3911 2937/3878/3912
f 2938/3879/3913 2940/3880/3914 2941/3881/3915
f 2943/3882/3916 2945/3883/3917 2942/3884/3709
f 2947/3885/3918 2949/3886/3919 2946/3887/3920
f 2951/3888/3921 2953/3889/3922 2950/3890/3923
f 2939/3891/3924 2955/3892/3925 2940/3880/3914
f 2956/3893/3926 2958/3894/3927 2959/3895/3928
f 2960/3896/3929 2962/3897/3930 2963/3898/3931
f 2961/3899/3932 2965/3900/3933 2964/3901/3934
f 2966/3902/3935 2968/3903/3936 2969/3904/3937
f 2966/3902/3935 2971/3905/3938 2970/3906/3939
f 2973/3907/3940 2975/3908/3941 2972/3909/3942
f 2963/3898/3931 2972/3909/3942 2975/3908/3941
f 2964/3901/3934 2977/3910/3943 2976/3911/3944
f 2978/3912/3945 2980/2/3946 2981/5/3947
f 2982/3913/3948 2981/5/3947 2983/7/3949
f 2984/3914/3950 2983/7/3949 2985/9/3951
f 2986/3915/3952 2985/9/3951 2987/8/3953
f 2988/3916/3954 2987/8/3953 2989/13/3955
f 2990/3917/3956 2989/13/3955 2991/15/3957
f 2992/3918/3958 2991/15/3957 2993/14/3959
f 2994/3919/3960 2993/14/3959 2995/17/3961
f 2997/3920/3962 2977/3910/3943 2996/3921/3963
f 2998/76/3964 3000/3922/3965 3001/3923/3966
f 3002/3924/3967 2957/3925/3968 3003/3926/3969
f 3004/3927/3970 2974/3928/3971 3005/3929/3972
f 3006/3930/3973 3005/3929/3972 2974/3928/3971
f 2969/3904/3937 3008/3931/3974 3009/3932/3975
f 3009/3932/3975 2971/3905/3938 2969/3904/3937
f 3012/3933/3976 2960/3896/3929 3011/3934/3977
f 3013/3935/3978 2975/3908/3941 3004/3927/3970
f 3011/3934/3977 2963/3898/3931 3013/3935/3978
f 3012/3933/3976 2977/3910/3943 2965/3900/3933
f 3014/3936/3979 2996/3921/3963 2977/3910/3943
f 3016/3937/3980 3003/3926/3969 3017/3938/3981
f 3018/3939/3982 3002/3924/3967 3016/3937/3980
f 3020/3940/3983 3005/3929/3972 3021/3941/3984
f 3007/3942/3985 3021/3941/3984 3005/3929/3972
f 3009/3932/3975 3023/3943/3986 3024/3944/3987
f 3025/3945/3988 3009/3932/3975 3024/3944/3987
f 3027/3946/3989 3011/3934/3977 3026/3947/3990
f 3028/3948/3991 3004/3927/3970 3020/3940/3983
f 3026/3947/3990 3013/3935/3978 3028/3948/3991
f 3027/3946/3989 3014/3936/3979 3012/3933/3976
f 3029/3949/3992 3015/3950/3993 3014/3936/3979
f 3024/3944/3987 3031/3951/3994 3032/3952/3995
f 3033/3953/3996 3030/3954/3997 3029/3949/3992
f 3016/3937/3980 3035/3955/3998 3018/3939/3982
f 3036/3956/3999 3016/3937/3980 3017/3938/3981
f 3025/3945/3988 3038/3957/4000 3039/3958/4001
f 3029/3949/3992 3040/3959/4002 3033/3953/3996
f 3027/3946/3989 3041/3960/4003 3042/3961/4004
f 3028/3948/3991 3041/3960/4003 3026/3947/3990
f 3020/3940/3983 3043/3962/4005 3028/3948/3991
f 3021/3941/3984 3044/3963/4006 3020/3940/3983
f 2999/80/4007 2979/3964/4008 3000/3922/3965
f 3046/3965/4009 3048/3966/4010 3049/3967/4011
f 3050/3968/4012 3049/3967/4011 3051/3969/4013
f 3052/3970/4014 3051/3969/4013 3053/3971/4015
f 3054/3972/4016 3016/3937/3980 3037/3973/4017
f 3017/3938/3981 3039/3958/4001 3036/3956/3999
f 3010/3974/4018 3017/3938/3981 3003/3926/3969
f 2971/3905/3938 3003/3926/3969 2957/3925/3968
f 2970/3906/3939 2957/3925/3968 2956/3893/3926
f 3035/3955/3998 3016/3937/3980 3054/3972/4016
f 3038/3957/4000 3025/3945/3988 3055/3975/4019
f 3055/3975/4019 3025/3945/3988 3056/3976/4020
f 3024/3944/3987 3056/3976/4020 3025/3945/3988
f 3023/3943/3986 3034/3977/4021 3031/3951/3994
f 3030/3954/3997 3008/3931/3974 3015/3950/3993
f 3015/3950/3993 2968/3903/3936 2996/3921/3963
f 2967/3978/4022 2996/3921/3963 2968/3903/3936
f 3040/3959/4002 3027/3946/3989 3042/3961/4004
f 3057/3979/4023 3007/3942/3985 3058/3980/4024
f 3058/3980/4024 3006/3930/3973 3059/3981/4025
f 3061/3982/4026 3063/3983/4027 3060/3984/4028
f 3064/3985/4029 3066/3986/4030 3067/3987/4031
f 3068/3988/4032 3070/3989/4033 3071/3990/4034
f 3072/3991/4035 3074/3992/4036 3075/3993/4037
f 3067/3987/4031 3077/3994/4038 3064/3985/4029
f 3079/3995/4039 3081/3996/4040 3078/3997/4041
f 3082/3998/4042 3084/3999/4043 3085/4000/4044
f 3086/4001/4045 3088/4002/4046 3089/4003/4047
f 3060/3984/4028 3091/4004/4048 3061/3982/4026
f 3093/4005/4049 3095/4006/4050 3092/4007/4051
f 3097/4008/4052 3092/4007/4051 3096/4009/4053
f 3098/4010/4054 3100/4011/4055 3101/4012/4056
f 3103/4013/4057 3098/4010/4054 3102/4014/4058
f 3104/4015/4059 3089/4003/4047 3088/4002/4046
f 3094/4016/4060 3104/4015/4059 3095/4006/4050
f 3096/4009/4053 3107/4017/4061 3097/4008/4052
f 3108/4018/4062 3110/4019/4063 3111/4020/4064
f 3111/4020/4064 3112/4021/4065 3113/4022/4066
f 3113/4022/4066 3114/4023/4067 3115/4024/4068
f 3115/4024/4068 3116/4025/4069 3117/4026/4070
f 3117/4026/4070 3118/4027/4071 3119/4028/4072
f 3119/4028/4072 3120/4029/4073 3121/4030/4074
f 3121/4030/4074 3122/4031/4075 3123/4032/4076
f 3125/4033/4077 3127/4034/4078 3124/4035/4078
f 3128/4036/4079 3107/4017/4061 3106/4037/4080
f 3130/4038/4081 3132/4039/4082 3133/4040/4083
f 3134/4041/4084 3090/4042/4085 3060/3984/4028
f 3136/4043/4086 3089/4003/4047 3105/4044/4087
f 3086/4001/4045 3137/4045/4088 3138/4046/4089
f 3139/4047/4090 3099/4048/4091 3140/4049/4092
f 3141/4050/4093 3099/4048/4091 3103/4013/4057
f 3142/4051/4094 3093/4005/4049 3097/4008/4052
f 3144/4052/4095 3105/4044/4087 3094/4016/4060
f 3143/4053/4096 3094/4016/4060 3093/4005/4049
f 3142/4051/4094 3107/4017/4061 3145/4054/4097
f 3145/4054/4097 3129/4055/4098 3146/4056/4099
f 3147/4057/4100 3135/4058/4101 3134/4041/4084
f 3134/4041/4084 3150/4059/4102 3147/4057/4100
f 3151/4060/4103 3137/4045/4088 3136/4043/4086
f 3138/4046/4089 3152/4061/4104 3153/4062/4105
f 3154/4063/4106 3140/4049/4092 3155/4064/4107
f 3156/4065/4108 3140/4049/4092 3141/4050/4093
f 3157/4066/4109 3143/4053/4096 3142/4051/4094
f 3159/4067/4110 3136/4043/4086 3144/4052/4095
f 3144/4052/4095 3158/4068/4111 3159/4067/4110
f 3157/4066/4109 3145/4054/4097 3160/4069/4112
f 3160/4069/4112 3146/4056/4099 3161/4070/4113
f 3162/4071/4114 3155/4064/4107 3163/4072/4115
f 3165/4073/4116 3161/4070/4113 3164/4074/4117
f 3166/4075/4118 3147/4057/4100 3150/4059/4102
f 3147/4057/4100 3168/4076/4119 3148/4077/4120
f 3169/4078/4121 3156/4065/4108 3170/4079/4122
f 3171/4080/4123 3160/4069/4112 3165/4073/4116
f 3172/4081/4124 3157/4066/4109 3173/4082/4125
f 3172/4081/4124 3159/4067/4110 3158/4068/4111
f 3174/4083/4126 3151/4060/4103 3159/4067/4110
f 3152/4061/4104 3175/4084/4127 3176/4085/4128
f 3109/4086/4129 3131/4087/4130 3130/4038/4081
f 3177/4088/4131 3179/4089/4132 3180/4090/4133
f 3180/4090/4133 3181/4091/4134 3182/4092/4135
f 3127/4034/4078 3182/4092/4135 3181/4091/4134
f 3147/4057/4100 3183/4093/4136 3167/4094/4137
f 3148/4077/4120 3170/4079/4122 3156/4065/4108
f 3141/4050/4093 3148/4077/4120 3156/4065/4108
f 3103/4013/4057 3135/4058/4101 3141/4050/4093
f 3102/4014/4058 3090/4042/4085 3103/4013/4057
f 3147/4057/4100 3166/4075/4118 3183/4093/4136
f 3156/4065/4108 3169/4078/4121 3184/4095/4138
f 3156/4065/4108 3184/4095/4138 3185/4096/4139
f 3185/4096/4139 3155/4064/4107 3156/4065/4108
f 3164/4074/4117 3154/4063/4106 3162/4071/4114
f 3139/4047/4090 3161/4070/4113 3146/4056/4099
f 3100/4011/4055 3146/4056/4099 3129/4055/4098
f 3129/4055/4098 3101/4012/4056 3100/4011/4055
f 3157/4066/4109 3171/4080/4123 3173/4082/4125
f 3187/4097/4140 3153/4062/4105 3186/4098/4141
f 3187/4097/4140 3086/4001/4045 3138/4046/4089
f 3188/4099/4142 3087/4100/4143 3086/4001/4045
f 3191/4101/4144 3193/4102/4145 3190/4103/4146
f 3194/4104/4147 3196/4105/4148 3197/4106/4149
f 3198/4107/4150 3200/4108/4151 3201/4109/4152
f 3203/4110/4153 3205/4111/4154 3202/4112/4155
f 3207/4113/4156 3209/4114/4157 3206/4115/4158
f 3208/4116/4159 3211/4117/4160 3209/4114/4157
f 3213/4118/4161 3215/4119/4162 3212/4120/4163
f 3216/4121/4164 3204/4122/4165 3203/4110/4153
f 3219/4123/4166 3221/4124/4167 3218/4125/4168
f 3222/4126/4169 3220/4127/4170 3219/4123/4166
f 3224/4128/4171 3223/4129/4172 3222/4126/4169
f 3226/4130/4173 3225/4131/4174 3224/4128/4171
f 3227/4132/4175 3228/4133/4176 3229/4134/4177
f 3228/4133/4176 3231/4135/4178 3229/4134/4177
f 3230/4136/4179 3233/4137/4180 3231/4135/4178
f 3235/4138/4181 3237/4139/4182 3234/4140/4183
f 3238/4141/4184 3240/4142/4185 3241/4143/4186
f 3242/4144/4187 3244/4145/4188 3245/4146/4189
f 3247/4147/4190 3249/4148/4191 3246/4149/4192
f 3251/4150/4193 3253/4151/4194 3250/4152/4195
f 3245/4146/4189 3254/4153/4196 3255/4154/4197
f 3256/4155/4198 3258/4156/4199 3259/4157/4200
f 3261/4158/4201 3263/4159/4202 3260/4160/4203
f 3264/4161/4204 3253/4151/4194 3252/4162/4205
f 3266/4163/4206 3268/4164/4207 3269/4165/4208
f 3268/4164/4207 3271/4166/4209 3269/4165/4208
f 3270/4167/4210 3273/4168/4211 3271/4166/4209
f 3273/4168/4211 3274/4169/4212 3275/4170/4213
f 3276/4171/4214 3278/4172/4215 3279/4173/4216
f 3218/4125/4168 3240/4142/4185 3239/4174/4217
f 3281/4175/4218 3283/4176/4219 3280/4177/4220
f 3284/4178/4221 3280/4177/4220 3285/4179/4222
f 3287/4180/4223 3285/4179/4222 3286/4181/4224
f 3234/4140/4183 3286/4181/4224 3235/4138/4181
f 3257/4182/4225 3289/4183/4226 3288/4184/4227
f 3260/4160/4203 3259/4157/4200 3258/4156/4199
f 3288/4184/4227 3255/4154/4197 3254/4153/4196
f 3290/4185/4228 3262/4186/4229 3261/4158/4201
f 3292/4187/4230 3291/4188/4231 3290/4185/4228
f 3246/4149/4192 3293/4189/4232 3292/4187/4230
f 3247/4147/4190 3250/4152/4195 3248/4190/4233
f 3267/4191/4234 3265/4192/4235 3264/4161/4204
f 3294/4193/4236 3278/4172/4215 3277/4194/4237
f 3294/4193/4236 3241/4143/4186 3295/4195/4238
f 3187/4097/4140 3296/4196/4239 3297/4197/4240
f 3188/4099/4142 3297/4197/4240 3298/4198/4241
f 3189/4199/4242 3298/4198/4241 3132/4039/4082
f 3132/4039/4082 3298/4198/4241 3133/4040/4083
f 3300/21/4243 3052/3970/4014 3299/4200/4244
f 3299/4200/4244 3052/3970/4014 3053/3971/4015
f 3302/4201/4245 3123/4032/4076 3122/4031/4075
f 3305/4202/4246 3232/4203/4247 3304/4204/4248
f 3299/4200/4244 2995/17/3961 3300/21/4243
f 3125/4033/4077 3303/4205/4249 3302/4201/4245
f 3236/4206/4250 3304/4204/4248 3237/4139/4182
f 3306/4207/4251 3308/4208/4252 3309/4209/4253
f 3309/4209/4253 3310/4210/4254 3311/4211/4255
f 3312/4212/4256 3314/4213/4257 3315/4214/4258
f 3317/4215/4259 3319/4216/4260 3316/4217/4261
f 3320/4218/4262 3307/4219/4263 3306/4207/4251
f 3323/4220/4264 3325/4221/4265 3322/4222/4266
f 3324/4223/4267 3327/4224/4268 3325/4221/4265
f 3327/4224/4268 3328/4225/4269 3325/4221/4265
f 3322/4222/4266 3325/4221/4265 3329/4226/4270
f 3331/4227/4271 3333/4228/4272 3330/4229/4273
f 3334/4230/4274 3320/4218/4262 3335/4231/4275
f 3001/3923/3966 3337/77/4276 2998/76/3964
f 3338/4232/4277 3340/4233/4278 3341/4234/4279
f 3339/4235/4280 3343/4236/4281 3340/4233/4278
f 3342/4237/4282 3345/4238/4283 3343/4236/4281
f 3344/4239/4284 3347/4240/4285 3345/4238/4283
f 3346/4241/4286 3349/4242/4287 3347/4240/4285
f 3348/4243/4288 3351/4244/4289 3349/4242/4287
f 3350/4245/4290 3353/4246/4291 3351/4244/4289
f 3352/4247/4292 3355/4248/4293 3353/4246/4291
f 3356/4249/4294 3354/4250/4295 3357/4251/4296
f 3358/4252/4297 3360/4253/4298 3361/4254/4299
f 3361/4254/4299 3362/4255/4300 3363/4256/4301
f 3363/4256/4301 3364/4257/4302 3365/4258/4303
f 3365/4258/4303 3366/4259/4304 3367/4260/4305
f 3366/4259/4304 3369/4261/4306 3367/4260/4305
f 3368/4262/4307 3371/4263/4308 3369/4261/4306
f 3372/4264/4309 3371/4263/4308 3370/4265/4310
f 3372/4264/4309 3375/4266/4311 3373/4267/4312
f 3376/4268/4313 3378/4269/4314 3379/4270/4315
f 3377/4271/4316 3341/4234/4279 3378/4269/4314
f 3380/4272/4317 3382/65/4318 3383/67/4319
f 3380/4272/4317 3383/67/4319 3384/69/4320
f 3385/70/4321 3386/4273/4322 3387/71/4323
f 3389/4274/4324 3391/4275/4325 3388/4276/4326
f 3392/4277/4327 3394/4278/4328 3395/4279/4329
f 3396/4280/4330 3398/4281/4331 3399/4282/4332
f 3397/4283/4333 3391/4275/4325 3398/4281/4331
f 2974/3928/3971 3400/4284/4334 3006/3930/3973
f 3153/4062/4105 3402/4285/4335 3186/4098/4141
f 3403/4286/4336 3389/4274/4324 3404/4287/4337
f 3406/4288/4338 3404/4287/4337 3405/4289/4339
f 3408/4290/4340 3405/4289/4339 3407/4291/4341
f 3410/4292/4342 3407/4291/4341 3409/4293/4343
f 3393/4294/4344 3410/4292/4342 3409/4293/4343
f 3395/4279/4329 3411/4295/4345 3412/4296/4346
f 3413/4297/4347 3412/4296/4346 3411/4295/4345
f 3414/4298/4348 3416/4299/4349 3415/4300/4350
f 3417/4301/4351 3415/4300/4350 3416/4299/4349
f 3417/4301/4351 3399/4282/4332 3418/4302/4352
f 3419/4303/4353 3022/4304/4354 3057/3979/4023
f 3022/4304/4354 3421/4305/4355 3422/4306/4356
f 3022/4304/4354 3420/4307/4357 3421/4305/4355
f 3419/4303/4353 3057/3979/4023 3423/4308/4358
f 3423/4308/4358 3057/3979/4023 3424/4309/4359
f 3424/4309/4359 3425/4310/4360 3426/4311/4361
f 3425/4310/4360 3428/4312/4362 3426/4311/4361
f 3430/4313/4363 3432/4314/4364 3429/4315/4365
f 3275/4170/4213 3431/4316/4366 3430/4313/4363
f 3433/4317/4367 3429/4315/4365 3432/4314/4364
f 3435/4318/4368 3434/4319/4369 3433/4317/4367
f 3276/4171/4214 3436/4320/4370 3435/4318/4368
f 3437/4321/4371 3428/4312/4362 3427/4322/4372
f 3439/4323/4373 3438/4324/4374 3437/4321/4371
f 3440/4325/4375 3441/4326/4376 3442/4327/4377
f 3442/4327/4377 3045/4328/4378 3443/4329/4379
f 3443/4329/4379 3045/4328/4378 3021/3941/3984
f 3443/4329/4379 3021/3941/3984 3444/4330/4380
f 3444/4330/4380 3021/3941/3984 3445/4331/4381
f 3445/4331/4381 3022/4304/4354 3422/4306/4356
f 3446/4332/4382 3176/4085/4128 3447/4333/4383
f 3447/4333/4383 3449/4334/4384 3446/4332/4382
f 3450/4335/4385 3152/4061/4104 3446/4332/4382
f 3448/4336/4386 3452/4337/4387 3449/4334/4384
f 3451/4338/4388 3454/4339/4389 3452/4337/4387
f 3453/4340/4390 3456/4341/4391 3454/4339/4389
f 3296/4196/4239 3459/4342/4392 3457/4343/4393
f 3460/4344/4394 3456/4341/4391 3455/4345/4395
f 3457/4343/4393 3461/4346/4396 3460/4344/4394
f 3458/4347/4397 3186/4098/4141 3462/4348/4398
f 3462/4348/4398 3186/4098/4141 3402/4285/4335
f 3401/4349/4399 3153/4062/4105 3463/4350/4400
f 3152/4061/4104 3464/4351/4401 3153/4062/4105
f 3153/4062/4105 3464/4351/4401 3463/4350/4400
f 3313/4352/4402 3311/4211/4255 3310/4210/4254
f 3317/4215/4259 3315/4214/4258 3314/4213/4257
f 3466/4353/4403 3318/4354/4404 3465/4355/4405
f 3330/4229/4273 3465/4355/4405 3331/4227/4271
f 3467/4356/4406 3469/4357/4407 3470/4358/4408
f 2958/3894/3927 3019/4359/4409 3471/4360/4410
f 2958/3894/3927 3471/4360/4410 2933/3875/3909
f 3060/3984/4028 3472/4361/4411 3134/4041/4084
f 3134/4041/4084 3472/4361/4411 3149/4362/4412
f 3473/4363/4413 3475/4364/4414 3476/4365/4415
f 2959/3895/3928 2933/3875/3909 2932/3874/3908
f 3478/4366/4416 3062/4367/4417 3477/4368/4418
f 3243/4369/4419 3474/4370/4420 3473/4363/4413
f 2935/4371/4421 2931/4372/4422 2930/3873/3907
f 3479/4373/4423 2937/3878/3912 2936/3877/3911
f 2946/3887/3920 2943/3882/3916 2942/3884/3709
f 3480/4374/4424 2948/4375/4425 2947/3885/3918
f 2944/4376/4426 2950/3890/3923 2945/3883/3917
f 2954/4377/4427 2952/4378/4428 2955/3892/3925
f 3065/4379/4429 3482/4380/4430 3066/3986/4030
f 3078/3997/4041 3074/3992/4036 3073/4381/4431
f 3075/3993/4037 3076/4382/4432 3072/3991/4035
f 3083/4383/4433 3080/4384/4434 3079/3995/4039
f 3069/4385/4435 3085/4000/4044 3084/3999/4043
f 3195/4386/4436 3193/4102/4145 3192/4387/4437
f 3476/4365/4415 3197/4106/4149 3196/4105/4148
f 3483/4388/4438 3207/4113/4156 3206/4115/4158
f 3190/4103/4146 3210/4389/4439 3191/4101/4144
f 3484/4390/4440 3214/4391/4441 3213/4118/4161
f 3212/4120/4163 3217/4392/4442 3216/4121/4164
f 3481/4393/4443 3477/4368/4418 3482/4380/4430
f 3387/71/4323 3380/4272/4317 3384/69/4320
f 3001/3923/3966 3385/70/4321 3336/73/4444
f 3327/4224/4268 3334/4230/4274 3485/4394/4445
f 3326/4395/4446 3486/4396/4447 3334/4230/4274
f 3485/4394/4445 3334/4230/4274 3335/4231/4275
f 2941/3881/3915 3202/4112/4155 3200/4108/4151
f 3071/3990/4034 3201/4397/4448 3205/4398/4449
f 3333/4228/4272 3469/4357/4407 3357/4251/4296
f 3356/4399/4450 3468/4400/4451 3487/18/4452
f 3327/4224/4268 3488/4401/4453 3374/4402/4454
f 3489/79/4455 3490/4403/4456 3379/4404/4457
f 3488/4401/4453 3335/4231/4275 3376/4268/4313
f 3476/4365/4415 2930/3873/3907 2933/3875/3909
f 2935/4371/4421 3192/4387/4437 2936/3877/3911
f 2941/3881/3915 3203/4110/4153 3202/4112/4155
f 2941/3881/3915 3199/4405/4458 2938/3879/3913
f 2944/4376/4426 3207/4113/4156 3484/4390/4440
f 2948/4375/4425 3208/4116/4159 2949/3886/3919
f 2952/4378/4428 3213/4118/4161 3212/4120/4163
f 2940/3880/3914 3216/4121/4164 3203/4110/4153
f 3491/4406/4459 3219/4123/4166 3218/4125/4168
f 3493/1/4460 3341/4407/4461 3340/4408/4462
f 3492/4409/4463 3222/4126/4169 3219/4123/4166
f 3493/1/4460 3343/4410/4464 3496/4/4465
f 3495/4411/4466 3224/4128/4171 3222/4126/4169
f 3498/6/4467 3343/4410/4464 3345/4412/4468
f 3497/4413/4469 3226/4130/4173 3224/4128/4171
f 3500/11/4470 3345/4412/4468 3347/4414/4471
f 3499/4415/4472 3228/4133/4176 3226/4130/4173
f 3502/10/4473 3347/4414/4471 3349/4416/4474
f 3503/4417/4475 3228/4133/4176 3501/4418/4476
f 3504/12/4477 3349/4416/4474 3351/4419/4478
f 3505/4420/4479 3230/4136/4179 3503/4417/4475
f 3506/16/4480 3351/4419/4478 3353/4421/4481
f 3505/4420/4479 3304/4204/4248 3232/4203/4247
f 3508/19/4482 3353/4421/4481 3355/4422/4483
f 3379/4404/4457 3509/78/4484 3489/79/4455
f 3238/4141/4184 3510/4423/4485 3239/4174/4217
f 3019/4359/4409 3244/4145/4188 3243/4369/4419
f 3032/3952/3995 3247/4147/4190 3246/4149/4192
f 3252/4162/4205 3034/3977/4021 3033/3953/3996
f 3018/3939/3982 3254/4153/4196 3244/4145/4188
f 3037/3973/4017 3258/4156/4199 3257/4182/4225
f 3038/3957/4000 3260/4160/4203 3039/3958/4001
f 3033/3953/3996 3264/4161/4204 3252/4162/4205
f 3041/3960/4003 3267/4191/4234 3042/3961/4004
f 3043/3962/4005 3268/4164/4207 3041/3960/4003
f 3044/3963/4006 3270/4167/4210 3043/3962/4005
f 3045/4328/4378 3272/4424/4486 3044/3963/4006
f 3494/3/4487 3378/4425/4488 3341/4407/4461
f 3491/4406/4459 3239/4174/4217 3510/4423/4485
f 3511/4426/4489 3282/4427/4490 3281/4175/4218
f 3281/4175/4218 3513/4428/4491 3511/4426/4489
f 3514/4429/4492 3284/4178/4221 3287/4180/4223
f 3515/4430/4493 3287/4180/4223 3234/4140/4183
f 3257/4182/4225 3054/3972/4016 3037/3973/4017
f 3036/3956/3999 3260/4160/4203 3258/4156/4199
f 3035/3955/3998 3288/4184/4227 3254/4153/4196
f 3055/3975/4019 3261/4158/4201 3038/3957/4000
f 3056/3976/4020 3290/4185/4228 3055/3975/4019
f 3032/3952/3995 3292/4187/4230 3056/3976/4020
f 3031/3951/3994 3251/4150/4193 3247/4147/4190
f 3040/3959/4002 3267/4191/4234 3264/4161/4204
f 3058/3980/4024 3277/4194/4237 3057/3979/4023
f 3058/3980/4024 3238/4141/4184 3294/4193/4236
f 3065/4379/4429 3190/4431/4494 3193/4432/4495
f 3071/3990/4034 3198/4433/4496 3201/4397/4448
f 3071/3990/4034 3204/4434/4497 3068/3988/4032
f 3075/3993/4037 3206/4435/4498 3209/4436/4499
f 3064/3985/4029 3211/4437/4500 3190/4431/4494
f 3080/4384/4434 3483/4438/4501 3081/3996/4040
f 3085/4000/4044 3215/4439/4502 3082/3998/4042
f 3109/4086/4129 3220/4440/4503 3110/4019/4063
f 3110/4019/4063 3223/4441/4504 3112/4021/4065
f 3112/4021/4065 3225/4442/4505 3114/4023/4067
f 3114/4023/4067 3227/4443/4506 3116/4025/4069
f 3116/4025/4069 3229/4444/4507 3118/4027/4071
f 3120/4029/4073 3229/4444/4507 3231/4445/4508
f 3122/4031/4075 3231/4445/4508 3233/4446/4509
f 3126/4447/4510 3236/4448/4511 3235/4449/4512
f 3133/4040/4083 3240/4450/4513 3130/4038/4081
f 3149/4362/4412 3245/4451/4514 3150/4059/4102
f 3163/4072/4115 3248/4452/4515 3162/4071/4114
f 3164/4074/4117 3253/4453/4516 3165/4073/4116
f 3150/4059/4102 3255/4454/4517 3166/4075/4118
f 3167/4094/4137 3259/4455/4518 3168/4076/4119
f 3169/4078/4121 3263/4456/4519 3262/4457/4520
f 3165/4073/4116 3265/4458/4521 3171/4080/4123
f 3172/4081/4124 3266/4459/4522 3269/4460/4523
f 3174/4083/4126 3269/4460/4523 3271/4461/4524
f 3175/4084/4127 3271/4461/4524 3273/4462/4525
f 3176/4085/4128 3273/4462/4525 3275/4463/4526
f 3130/4038/4081 3221/4464/4527 3109/4086/4129
f 3177/4088/4131 3283/4465/4528 3178/4466/4529
f 3180/4090/4133 3280/4467/4530 3177/4088/4131
f 3182/4092/4135 3285/4468/4531 3180/4090/4133
f 3126/4447/4510 3286/4469/4532 3182/4092/4135
f 3183/4093/4136 3256/4470/4533 3167/4094/4137
f 3168/4076/4119 3263/4456/4519 3170/4079/4122
f 3166/4075/4118 3289/4471/4534 3183/4093/4136
f 3184/4095/4138 3262/4457/4520 3291/4472/4535
f 3291/4472/4535 3185/4096/4139 3184/4095/4138
f 3163/4072/4115 3293/4473/4536 3249/4474/4537
f 3162/4071/4114 3250/4475/4538 3164/4074/4117
f 3171/4080/4123 3266/4459/4522 3173/4082/4125
f 3191/4101/4144 2936/3877/3911 3192/4387/4437
f 3195/4386/4436 2930/3873/3907 3196/4105/4148
f 3194/4476/4539 3478/4366/4416 3481/4393/4443
f 3201/4109/4152 3202/4112/4155 3205/4111/4154
f 3207/4113/4156 2949/3886/3919 3208/4116/4159
f 3209/4436/4499 3077/3994/4038 3075/3993/4037
f 3214/4477/4540 3082/3998/4042 3215/4439/4502
f 3217/4478/4541 3068/3988/4032 3204/4434/4497
f 3516/4479/4542 3234/4140/4183 3237/4139/4182
f 3277/4194/4237 3425/4310/4360 3057/3979/4023
f 3279/4480/4543 3296/4196/4239 3457/4343/4393
f 3295/4481/4544 3296/4196/4239 3278/4482/4545
f 3241/4483/4546 3297/4197/4240 3295/4481/4544
f 3517/23/4547 3468/4400/4451 3467/4484/4548
f 3302/4201/4245 3233/4446/4509 3305/4485/4549
f 3507/4486/4550 3237/4139/4182 3304/4204/4248
f 3508/19/4482 3356/4399/4450 3487/18/4452
f 3305/4485/4549 3125/4033/4077 3302/4201/4245
f 3306/4207/4251 3339/4235/4280 3338/4232/4277
f 3309/4209/4253 3342/4237/4282 3339/4235/4280
f 3346/4241/4286 3312/4212/4256 3315/4214/4258
f 3350/4245/4290 3316/4217/4261 3319/4216/4260
f 3320/4218/4262 3338/4232/4277 3377/4271/4316
f 3322/4222/4266 3368/4262/4307 3366/4259/4304
f 3322/4222/4266 3364/4257/4302 3323/4220/4264
f 3323/4220/4264 3362/4255/4300 3324/4223/4267
f 3324/4223/4267 3360/4253/4298 3326/4395/4446
f 3328/4225/4269 3374/4402/4454 3372/4264/4309
f 3328/4225/4269 3370/4265/4310 3325/4221/4265
f 3329/4226/4270 3370/4265/4310 3368/4262/4307
f 3330/4229/4273 3357/4251/4296 3354/4250/4295
f 3333/4228/4272 3470/4358/4408 3469/4357/4407
f 3320/4218/4262 3376/4268/4313 3335/4231/4275
f 3519/75/4551 3373/4487/4552 3518/74/4553
f 3518/74/4553 3375/4488/4554 3489/79/4455
f 3344/4239/4284 3311/4211/4255 3312/4212/4256
f 3348/4243/4288 3315/4214/4258 3316/4217/4261
f 3352/4247/4292 3319/4216/4260 3466/4353/4403
f 3466/4353/4403 3354/4250/4295 3352/4247/4292
f 3357/4251/4296 3468/4489/4555 3356/4249/4294
f 3359/4490/4556 3326/4395/4446 3360/4253/4298
f 3361/4491/4557 3521/63/4558 3358/4492/4559
f 3363/4493/4560 3520/62/4561 3361/4491/4557
f 3365/4494/4562 3522/64/4563 3363/4493/4560
f 3367/4495/4564 3523/66/4565 3365/4494/4562
f 3367/4495/4564 3525/72/4566 3524/68/4567
f 3519/75/4551 3369/4496/4568 3371/4497/4569
f 3375/4266/4311 3488/4401/4453 3490/4498/4570
f 3379/4270/4315 3488/4401/4453 3376/4268/4313
f 3388/4499/4571 3402/4285/4335 3389/4500/4572
f 3390/4501/4573 3419/4303/4353 3391/4275/4325
f 3392/4277/4327 3442/4327/4377 3443/4329/4379
f 3393/4502/4574 3449/4334/4384 3394/4503/4575
f 3396/4504/4576 3458/4347/4397 3397/4505/4577
f 3398/4281/4331 3424/4309/4359 3399/4282/4332
f 3397/4505/4577 3462/4348/4398 3388/4499/4571
f 3398/4281/4331 3419/4303/4353 3423/4308/4358
f 3402/4285/4335 3404/4506/4578 3389/4500/4572
f 3403/4286/4336 3420/4307/4357 3390/4501/4573
f 3405/4507/4579 3401/4349/4399 3463/4350/4400
f 3403/4286/4336 3422/4306/4356 3421/4305/4355
f 3407/4508/4580 3463/4350/4400 3464/4351/4401
f 3406/4288/4338 3445/4331/4381 3422/4306/4356
f 3407/4508/4580 3450/4335/4385 3409/4509/4581
f 3444/4330/4380 3408/4290/4340 3410/4292/4342
f 3409/4509/4581 3446/4332/4382 3393/4502/4574
f 3410/4292/4342 3443/4329/4379 3444/4330/4380
f 3412/4296/4346 3442/4327/4377 3395/4279/4329
f 3411/4510/4582 3449/4334/4384 3452/4337/4387
f 3413/4511/4583 3452/4337/4387 3454/4339/4389
f 3414/4298/4348 3440/4325/4375 3412/4296/4346
f 3415/4300/4350 3438/4324/4374 3414/4298/4348
f 3416/4512/4584 3454/4339/4389 3456/4341/4391
f 3416/4512/4584 3461/4346/4396 3417/4513/4585
f 3418/4302/4352 3428/4312/4362 3415/4300/4350
f 3417/4513/4585 3459/4342/4392 3396/4504/4576
f 3399/4282/4332 3426/4311/4361 3418/4302/4352
f 3427/4322/4372 3276/4171/4214 3435/4318/4368
f 3429/4514/4586 3451/4338/4388 3430/4515/4587
f 3431/4316/4366 3439/4323/4373 3432/4314/4364
f 3275/4463/4526 3451/4338/4388 3448/4336/4386
f 3274/4169/4212 3441/4326/4376 3431/4316/4366
f 3432/4314/4364 3437/4321/4371 3433/4317/4367
f 3434/4516/4588 3453/4340/4390 3429/4514/4586
f 3435/4318/4368 3437/4321/4371 3427/4322/4372
f 3436/4517/4589 3455/4345/4395 3434/4516/4588
f 3279/4480/4543 3460/4344/4394 3436/4517/4589
f 3243/4369/4419 3471/4360/4410 3019/4359/4409
f 3471/4360/4410 3476/4365/4415 2933/3875/3909
f 3063/3983/4027 3474/4518/4590 3472/4361/4411
f 3472/4361/4411 3242/4519/4591 3149/4362/4412
f 3478/4366/4416 3475/4520/4592 3063/3983/4027
f 3479/4373/4423 3210/4389/4439 2948/4375/4425
f 3484/4390/4440 2951/3888/3921 2944/4376/4426
f 2955/3892/3925 3212/4120/4163 3216/4121/4164
f 3481/4393/4443 3193/4432/4495 3194/4476/4539
f 3081/3996/4040 3206/4435/4498 3074/3992/4036
f 3275/4463/4526 3447/4333/4383 3176/4085/4128
f 3241/4483/4546 3133/4040/4083 3298/4198/4241
f 3526/4521/4593 2932/3874/3908 2931/4372/4422
f 2934/3876/3910 3528/4522/4594 3529/4523/4595
f 2938/3879/3913 3531/4524/4596 2939/3891/3924
f 2945/3883/3917 3533/4525/4597 2942/3884/3709
f 3534/4526/4598 2947/3885/3918 2946/3887/3920
f 2953/3889/3922 3537/4527/4599 2950/3890/3923
f 2939/3891/3924 3538/4528/4600 2954/4377/4427
f 2956/3893/3926 3539/4529/4601 3540/4530/4602
f 3541/4531/4603 2962/3897/3930 2961/3899/3932
f 3543/4532/4604 2961/3899/3932 2964/3901/3934
f 2966/3902/3935 3545/4533/4605 2967/3978/4022
f 3546/4534/4606 2966/3902/3935 2970/3906/3939
f 3547/4535/4607 2973/3907/3940 2972/3909/3942
f 3542/4536/4608 2972/3909/3942 2962/3897/3930
f 3549/4537/4609 2964/3901/3934 2976/3911/3944
f 3550/4538/4610 3552/41/4611 3553/4539/4612
f 3554/4540/4613 3551/38/4614 3550/4538/4610
f 3556/4541/4615 3555/39/4616 3554/4540/4613
f 3558/4542/4617 3557/37/4618 3556/4541/4615
f 3560/4543/4619 3559/33/4620 3558/4542/4617
f 3562/4544/4621 3561/30/4622 3560/4543/4619
f 3564/4545/4623 3563/31/4624 3562/4544/4621
f 3566/4546/4625 3565/29/4626 3564/4545/4623
f 3549/4537/4609 2997/3920/3962 3568/4547/4627
f 3569/45/4628 3571/4548/4629 3572/43/4630
f 3573/4549/4631 3540/4530/4602 3539/4529/4601
f 3575/4550/4632 3548/4551/4633 3547/4535/4607
f 3577/4552/4634 3576/4553/4635 3578/4554/4636
f 3544/4555/4637 3580/4556/4638 3545/4533/4605
f 3579/4557/4639 3546/4534/4606 3581/4558/4640
f 3541/4531/4603 3583/4559/4641 3582/4560/4642
f 3584/4561/4643 3547/4535/4607 3542/4536/4608
f 3582/4560/4642 3542/4536/4608 3541/4531/4603
f 3583/4559/4641 3549/4537/4609 3585/4562/4644
f 3568/4547/4627 3585/4562/4644 3549/4537/4609
f 3587/4563/4645 3574/4564/4646 3573/4549/4631
f 3589/4565/4647 3573/4549/4631 3590/4566/4648
f 3591/4567/4649 3576/4553/4635 3575/4550/4632
f 3578/4554/4636 3592/4568/4650 3593/4569/4651
f 3579/4557/4639 3595/4570/4652 3580/4556/4638
f 3579/4557/4639 3596/4571/4653 3594/4572/4654
f 3582/4560/4642 3598/4573/4655 3597/4574/4656
f 3599/4575/4657 3575/4550/4632 3584/4561/4643
f 3584/4561/4643 3597/4574/4656 3599/4575/4657
f 3598/4573/4655 3585/4562/4644 3600/4576/4658
f 3586/4577/4659 3600/4576/4658 3585/4562/4644
f 3594/4572/4654 3603/4578/4660 3595/4570/4652
f 3604/4579/4661 3601/4580/4662 3605/4581/4663
f 3587/4563/4645 3589/4565/4647 3606/4582/4664
f 3607/4583/4665 3587/4563/4645 3608/4584/4666
f 3596/4571/4653 3609/4585/4667 3610/4586/4668
f 3600/4576/4658 3611/4587/4669 3598/4573/4655
f 3598/4573/4655 3613/4588/4670 3597/4574/4656
f 3599/4575/4657 3613/4588/4670 3614/4589/4671
f 3591/4567/4649 3614/4589/4671 3615/4590/4672
f 3615/4590/4672 3592/4568/4650 3591/4567/4649
f 3572/43/4630 3553/4539/4612 3552/41/4611
f 3046/3965/4009 3618/4591/4673 3047/4592/4674
f 3050/3968/4012 3617/4593/4675 3046/3965/4009
f 3052/3970/4014 3619/4594/4676 3050/3968/4012
f 3621/4595/4677 3608/4584/4666 3587/4563/4645
f 3588/4596/4678 3609/4585/4667 3596/4571/4653
f 3581/4558/4640 3588/4596/4678 3596/4571/4653
f 3546/4534/4606 3574/4564/4646 3581/4558/4640
f 2970/3906/3939 3540/4530/4602 3546/4534/4606
f 3606/4582/4664 3621/4595/4677 3587/4563/4645
f 3610/4586/4668 3622/4597/4679 3596/4571/4653
f 3622/4597/4679 3623/4598/4680 3596/4571/4653
f 3594/4572/4654 3623/4598/4680 3602/4599/4681
f 3595/4570/4652 3605/4581/4663 3601/4580/4662
f 3601/4580/4662 3580/4556/4638 3595/4570/4652
f 3586/4577/4659 3545/4533/4605 3580/4556/4638
f 2967/3978/4022 3568/4547/4627 2997/3920/3962
f 3611/4587/4669 3612/4600/4682 3598/4573/4655
f 3624/4601/4683 3578/4554/4636 3593/4569/4651
f 3625/4602/4684 3577/4552/4634 3578/4554/4636
f 3628/4603/4685 3061/3982/4026 3627/4604/4686
f 3629/4605/4687 3066/3986/4030 3630/4606/4688
f 3631/4607/4689 3070/3989/4033 3069/4385/4435
f 3072/3991/4035 3634/4608/4690 3073/4381/4431
f 3067/3987/4031 3635/4609/4691 3076/4382/4432
f 3636/4610/4692 3079/3995/4039 3078/3997/4041
f 3638/4611/4693 3084/3999/4043 3083/4383/4433
f 3640/4612/4694 3088/4002/4046 3087/4100/4143
f 3627/4604/4686 3091/4004/4048 3642/4613/4695
f 3095/4006/4050 3644/4614/4696 3092/4007/4051
f 3092/4007/4051 3645/4615/4697 3096/4009/4053
f 3098/4010/4054 3646/4616/4698 3647/4617/4699
f 3098/4010/4054 3648/4618/4700 3102/4014/4058
f 3088/4002/4046 3649/4619/4701 3104/4015/4059
f 3104/4015/4059 3643/4620/4702 3095/4006/4050
f 3096/4009/4053 3650/4621/4703 3106/4037/4080
f 3108/4018/4062 3651/4622/4704 3652/4623/4705
f 3111/4020/4064 3653/4624/4706 3651/4622/4704
f 3113/4022/4066 3654/4625/4707 3653/4624/4706
f 3115/4024/4068 3655/4626/4708 3654/4625/4707
f 3117/4026/4070 3656/4627/4709 3655/4626/4708
f 3119/4028/4072 3657/4628/4710 3656/4627/4709
f 3121/4030/4074 3658/4629/4711 3657/4628/4710
f 3127/4034/4078 3660/4630/4712 3124/4035/4078
f 3128/4036/4079 3650/4621/4703 3661/4631/4713
f 3662/4632/4714 3132/4039/4082 3131/4087/4130
f 3664/4633/4715 3642/4613/4695 3665/4634/4716
f 3666/4635/4717 3641/4636/4718 3667/4637/4719
f 3640/4612/4694 3667/4637/4719 3641/4636/4718
f 3669/4638/4720 3647/4617/4699 3646/4616/4698
f 3671/4639/4721 3647/4617/4699 3670/4640/4722
f 3672/4641/4723 3644/4614/4696 3673/4642/4724
f 3674/4643/4725 3649/4619/4701 3666/4635/4717
f 3673/4642/4724 3643/4620/4702 3674/4643/4725
f 3650/4621/4703 3672/4641/4723 3675/4644/4726
f 3661/4631/4713 3675/4644/4726 3676/4645/4727
f 3677/4646/4728 3665/4634/4716 3678/4647/4729
f 3664/4633/4715 3679/4648/4730 3680/4649/4731
f 3681/4650/4732 3667/4637/4719 3682/4651/4733
f 3668/4652/4734 3682/4651/4733 3667/4637/4719
f 3684/4653/4735 3670/4640/4722 3669/4638/4720
f 3686/4654/4736 3670/4640/4722 3685/4655/4737
f 3687/4656/4738 3673/4642/4724 3688/4657/4739
f 3689/4658/4740 3666/4635/4717 3681/4650/4732
f 3688/4657/4739 3674/4643/4725 3689/4658/4740
f 3675/4644/4726 3687/4656/4738 3690/4659/4741
f 3676/4645/4727 3690/4659/4741 3691/4660/4742
f 3692/4661/4743 3685/4655/4737 3684/4653/4735
f 3691/4660/4742 3695/4662/4744 3694/4663/4745
f 3696/4664/4746 3679/4648/4730 3677/4646/4728
f 3677/4646/4728 3697/4665/4747 3698/4666/4748
f 3699/4667/4749 3700/4668/4750 3686/4654/4736
f 3701/4669/4751 3690/4659/4741 3687/4656/4738
f 3702/4670/4752 3687/4656/4738 3688/4657/4739
f 3702/4670/4752 3689/4658/4740 3704/4671/4753
f 3704/4671/4753 3681/4650/4732 3705/4672/4754
f 3682/4651/4733 3705/4672/4754 3681/4650/4732
f 3652/4623/4705 3131/4087/4130 3108/4018/4062
f 3707/4673/4755 3179/4089/4132 3178/4466/4529
f 3708/4674/4756 3181/4091/4134 3179/4089/4132
f 3127/4034/4078 3709/4675/4757 3659/4676/4758
f 3677/4646/4728 3698/4666/4748 3710/4677/4759
f 3678/4647/4729 3700/4668/4750 3697/4665/4747
f 3671/4639/4721 3678/4647/4729 3665/4634/4716
f 3648/4618/4700 3665/4634/4716 3642/4613/4695
f 3102/4014/4058 3642/4613/4695 3091/4004/4048
f 3677/4646/4728 3710/4677/4759 3696/4664/4746
f 3686/4654/4736 3711/4678/4760 3699/4667/4749
f 3686/4654/4736 3712/4679/4761 3711/4678/4760
f 3712/4679/4761 3685/4655/4737 3693/4680/4762
f 3694/4663/4745 3684/4653/4735 3691/4660/4742
f 3669/4638/4720 3691/4660/4742 3684/4653/4735
f 3646/4616/4698 3676/4645/4727 3669/4638/4720
f 3661/4631/4713 3101/4012/4056 3128/4036/4079
f 3687/4656/4738 3703/4681/4763 3701/4669/4751
f 3683/4682/4764 3714/4683/4765 3713/4684/4766
f 3714/4683/4765 3640/4612/4694 3715/4685/4767
f 3715/4685/4767 3087/4100/4143 3189/4199/4242
f 3717/4686/4768 3719/4687/4769 3716/4688/4770
f 3720/4689/4771 3722/4690/4772 3723/4691/4773
f 3198/4107/4150 3725/4692/4774 3199/4405/4458
f 3727/4693/4775 3729/4694/4776 3726/4695/4777
f 3731/4696/4778 3733/4697/4779 3730/4698/4780
f 3734/4699/4781 3732/4700/4782 3731/4696/4778
f 3737/4701/4783 3739/4702/4784 3736/4703/4785
f 3728/4704/4786 3741/4705/4787 3729/4694/4776
f 3743/4706/4788 3745/4707/4789 3742/4708/4790
f 3744/4709/4791 3747/4710/4792 3745/4707/4789
f 3746/4711/4793 3749/4712/4794 3747/4710/4792
f 3748/4713/4795 3751/4714/4796 3749/4712/4794
f 3750/4715/4797 3753/4716/4798 3751/4714/4796
f 3754/4717/4799 3753/4716/4798 3752/4718/4800
f 3756/4719/4801 3755/4720/4802 3754/4717/4799
f 3759/4721/4803 3761/4722/4804 3758/4723/4805
f 3762/4724/4806 3764/4725/4807 3765/4726/4808
f 3766/4727/4809 3768/4728/4810 3769/4729/4811
f 3771/4730/4812 3773/4731/4813 3770/4732/4814
f 3775/4733/4815 3777/4734/4816 3774/4735/4817
f 3767/4736/4818 3779/4737/4819 3768/4728/4810
f 3780/4738/4820 3782/4739/4821 3783/4740/4822
f 3785/4741/4823 3787/4742/4824 3784/4743/4825
f 3775/4733/4815 3789/4744/4826 3776/4745/4827
f 3790/4746/4828 3792/4747/4829 3793/4748/4830
f 3794/4749/4831 3792/4747/4829 3791/4750/4832
f 3796/4751/4833 3795/4752/4834 3794/4749/4831
f 3796/4751/4833 3799/4753/4835 3797/4754/4836
f 3800/4755/4837 3802/4756/4838 3803/4757/4839
f 3764/4725/4807 3742/4708/4790 3765/4726/4808
f 3283/4176/4219 3805/4758/4840 3804/4759/4841
f 3806/4760/4842 3804/4759/4841 3805/4758/4840
f 3807/4761/4843 3809/4762/4844 3808/4763/4845
f 3758/4723/4805 3808/4763/4845 3809/4762/4844
f 3811/4764/4846 3783/4740/4822 3810/4765/4847
f 3781/4766/4848 3784/4743/4825 3782/4739/4821
f 3778/4767/4849 3810/4765/4847 3779/4737/4819
f 3786/4768/4850 3813/4769/4851 3787/4742/4824
f 3812/4770/4852 3815/4771/4853 3813/4769/4851
f 3814/4772/4854 3770/4732/4814 3815/4771/4853
f 3774/4735/4817 3773/4731/4813 3772/4773/4855
f 3788/4774/4856 3793/4748/4830 3789/4744/4826
f 3802/4756/4838 3817/4775/4857 3803/4757/4839
f 3817/4775/4857 3763/4776/4858 3762/4724/4806
f 3818/4777/4859 3713/4684/4766 3714/4683/4765
f 3715/4685/4767 3818/4777/4859 3714/4683/4765
f 3663/4778/4860 3715/4685/4767 3132/4039/4082
f 3132/4039/4082 3715/4685/4767 3189/4199/4242
f 3620/4779/4861 3301/20/4862 3821/4780/4863
f 3821/4780/4863 3301/20/4862 3822/25/4864
f 3823/4781/4865 3123/4032/4076 3303/4205/4249
f 3757/4782/4866 3825/4783/4867 3824/4784/4868
f 3821/4780/4863 3567/24/4869 3566/4546/4625
f 3660/4630/4712 3303/4205/4249 3124/4035/4078
f 3760/4785/4870 3824/4784/4868 3825/4783/4867
f 3826/4786/4871 3308/4208/4252 3307/4219/4263
f 3827/4787/4872 3310/4210/4254 3308/4208/4252
f 3829/4788/4873 3314/4213/4257 3313/4352/4402
f 3832/4789/4874 3317/4215/4259 3831/4790/4875
f 3833/4791/4876 3307/4219/4263 3321/4792/4877
f 3835/4793/4878 3837/4794/4879 3834/4795/4880
f 3836/4796/4881 3838/4797/4882 3837/4794/4879
f 3839/4798/4883 3834/4795/4880 3837/4794/4879
f 3834/4795/4880 3840/4799/4884 3841/4800/4885
f 3843/4801/4886 3331/4227/4271 3842/4802/4887
f 3334/4230/4274 3833/4791/4876 3321/4792/4877
f 3570/4803/4888 3845/49/4889 3846/48/4890
f 3847/4804/4891 3849/4805/4892 3850/4806/4893
f 3850/4806/4893 3851/4807/4894 3852/4808/4895
f 3852/4808/4895 3853/4809/4896 3854/4810/4897
f 3854/4810/4897 3855/4811/4898 3856/4812/4899
f 3856/4812/4899 3857/4813/4900 3858/4814/4901
f 3858/4814/4901 3859/4815/4902 3860/4816/4903
f 3860/4816/4903 3861/4817/4904 3862/4818/4905
f 3862/4818/4905 3863/4819/4906 3864/4820/4907
f 3865/4821/4908 3864/4820/4907 3863/4819/4906
f 3358/4252/4297 3868/4822/4909 3359/4490/4556
f 3867/4823/4910 3870/4824/4911 3868/4822/4909
f 3869/4825/4912 3872/4826/4913 3870/4824/4911
f 3871/4827/4914 3874/4828/4915 3872/4826/4913
f 3874/4828/4915 3875/4829/4916 3876/4830/4917
f 3876/4830/4917 3877/4831/4918 3878/4832/4919
f 3877/4831/4918 3880/4833/4920 3878/4832/4919
f 3880/4833/4920 3881/4834/4921 3882/4835/4922
f 3883/4836/4923 3885/4837/4924 3886/4838/4925
f 3886/4838/4925 3848/4839/4926 3847/4804/4891
f 3380/4272/4317 3888/57/4927 3889/59/4928
f 3380/4272/4317 3889/59/4928 3381/61/4929
f 3890/53/4930 3891/55/4931 3892/4840/4932
f 3894/4841/4933 3896/4842/4934 3893/4843/4935
f 3897/4844/4936 3899/4845/4937 3900/4846/4938
f 3901/4847/4939 3903/4848/4940 3904/4849/4941
f 3904/4849/4941 3894/4841/4933 3893/4843/4935
f 3400/4284/4334 3548/4551/4633 3577/4552/4634
f 3683/4682/4764 3905/4850/4942 3906/4851/4943
f 3908/4852/4944 3895/4853/4945 3907/4854/4946
f 3908/4852/4944 3910/4855/4947 3909/4856/4948
f 3909/4856/4948 3912/4857/4949 3911/4858/4950
f 3911/4858/4950 3914/4859/4951 3913/4860/4952
f 3900/4846/4938 3914/4859/4951 3897/4844/4936
f 3898/4861/4953 3916/4862/4954 3899/4845/4937
f 3917/4863/4955 3915/4864/4956 3918/4865/4957
f 3920/4866/4958 3918/4865/4957 3919/4867/4959
f 3919/4867/4959 3922/4868/4960 3920/4866/4958
f 3922/4868/4960 3902/4869/4961 3901/4847/4939
f 3593/4569/4651 3924/4870/4962 3624/4601/4683
f 3593/4569/4651 3925/4871/4963 3926/4872/4964
f 3593/4569/4651 3926/4872/4964 3923/4873/4965
f 3924/4870/4962 3927/4874/4966 3624/4601/4683
f 3927/4874/4966 3928/4875/4967 3624/4601/4683
f 3928/4875/4967 3930/4876/4968 3624/4601/4683
f 3930/4876/4968 3931/4877/4969 3932/4878/4970
f 3934/4879/4971 3936/4880/4972 3933/4881/4973
f 3935/4882/4974 3798/4883/4975 3936/4880/4972
f 3933/4881/4973 3938/4884/4976 3934/4879/4971
f 3937/4885/4977 3940/4886/4978 3938/4884/4976
f 3939/4887/4979 3800/4755/4837 3940/4886/4978
f 3931/4877/4969 3942/4888/4980 3932/4878/4970
f 3941/4889/4981 3944/4890/4982 3942/4888/4980
f 3943/4891/4983 3946/4892/4984 3944/4890/4982
f 3947/4893/4985 3616/4894/4986 3946/4892/4984
f 3947/4893/4985 3946/4892/4984 3945/4895/4987
f 3947/4893/4985 3948/4896/4988 3592/4568/4650
f 3948/4896/4988 3949/4897/4989 3592/4568/4650
f 3949/4897/4989 3593/4569/4651 3592/4568/4650
f 3951/4898/4990 3953/4899/4991 3950/4900/4992
f 3950/4900/4992 3706/4901/4993 3682/4651/4733
f 3954/4902/4994 3950/4900/4992 3682/4651/4733
f 3952/4903/4995 3955/4904/4996 3956/4905/4997
f 3957/4906/4998 3956/4905/4997 3955/4904/4996
f 3959/4907/4999 3958/4908/5000 3957/4906/4998
f 3962/4909/5001 3819/4910/5002 3961/4911/5003
f 3964/4912/5004 3959/4907/4999 3965/4913/5005
f 3961/4911/5003 3965/4913/5005 3962/4909/5001
f 3963/4914/5006 3713/4684/4766 3819/4910/5002
f 3966/4915/5007 3905/4850/4942 3713/4684/4766
f 3906/4851/4943 3967/4916/5008 3683/4682/4764
f 3683/4682/4764 3968/4917/5009 3954/4902/4994
f 3683/4682/4764 3954/4902/4994 3682/4651/4733
f 3313/4352/4402 3828/4918/5010 3829/4788/4873
f 3317/4215/4259 3830/4919/5011 3831/4790/4875
f 3318/4354/4404 3969/4920/5012 3465/4355/4405
f 3465/4355/4405 3842/4802/4887 3331/4227/4271
f 3467/4356/4406 3970/4921/5013 3971/4922/5014
f 3539/4529/4601 3972/4923/5015 3590/4566/4648
f 3539/4529/4601 3590/4566/4648 3573/4549/4631
f 3664/4633/4715 3973/4924/5016 3628/4603/4685
f 3664/4633/4715 3628/4603/4685 3627/4604/4686
f 3974/4925/5017 3976/4926/5018 3977/4927/5019
f 3527/4928/5020 2959/3895/3928 2932/3874/3908
f 3062/4367/4417 3978/4929/5021 3477/4368/4418
f 3769/4729/4811 3977/4927/5019 3766/4727/4809
f 3529/4523/4595 2931/4372/4422 2934/3876/3910
f 3979/4930/5022 2937/3878/3912 3480/4374/4424
f 2946/3887/3920 3533/4525/4597 3534/4526/4598
f 3480/4374/4424 3535/4931/5023 3979/4930/5022
f 2950/3890/3923 3532/4932/5024 2945/3883/3917
f 2954/4377/4427 3536/4933/5025 2953/3889/3922
f 3630/4606/4688 3482/4380/4430 3980/4934/5026
f 3078/3997/4041 3634/4608/4690 3636/4610/4692
f 3076/4382/4432 3633/4935/5027 3072/3991/4035
f 3083/4383/4433 3637/4936/5028 3638/4611/4693
f 3069/4385/4435 3639/4937/5029 3631/4607/4689
f 3723/4691/4773 3717/4686/4768 3720/4689/4771
f 3975/4938/5030 3721/4939/5031 3976/4926/5018
f 3733/4697/4779 3982/4940/5032 3730/4698/4780
f 3735/4941/5033 3716/4688/4770 3719/4687/4769
f 3738/4942/5034 3981/4943/5035 3739/4702/4784
f 3740/4944/5036 3736/4703/4785 3741/4705/4787
f 3477/4368/4418 3980/4934/5026 3482/4380/4430
f 3891/55/4931 3380/4272/4317 3892/4840/4932
f 3570/4803/4888 3890/53/4930 3892/4840/4932
f 3486/4396/4447 3983/4945/5037 3334/4230/4274
f 3838/4797/4882 3836/4796/4881 3983/4945/5037
f 3334/4230/4274 3983/4945/5037 3844/4946/5038
f 3530/4947/5039 3725/4692/4774 3726/4695/4777
f 3632/4948/5040 3727/4949/5041 3724/4950/5042
f 3843/4801/4886 3866/4951/5043 3970/4921/5013
f 3865/4952/5044 3984/22/5045 3971/4953/5046
f 3836/4796/4881 3985/4954/5047 3983/4945/5037
f 3986/47/5048 3987/4955/5049 3881/4956/5050
f 3985/4954/5047 3844/4946/5038 3983/4945/5037
f 3526/4521/4593 3975/4938/5030 3527/4928/5020
f 3718/4957/5051 3529/4523/4595 3528/4522/4594
f 3530/4947/5039 3729/4694/4776 3531/4524/4596
f 3199/4405/4458 3530/4947/5039 2938/3879/3913
f 3532/4932/5024 3733/4697/4779 3533/4525/4597
f 3732/4700/4782 3535/4931/5023 3534/4526/4598
f 3536/4933/5025 3739/4702/4784 3537/4527/4599
f 3531/4524/4596 3741/4705/4787 3538/4528/4600
f 3742/4708/4790 3989/4958/5052 3988/4959/5053
f 3990/40/5054 3848/4960/5055 3991/42/5056
f 3989/4958/5052 3747/4710/4792 3992/4961/5057
f 3851/4962/5058 3990/40/5054 3993/36/5059
f 3992/4961/5057 3749/4712/4794 3994/4963/5060
f 3995/34/5061 3851/4962/5058 3993/36/5059
f 3994/4963/5060 3751/4714/4796 3996/4964/5062
f 3997/35/5063 3853/4965/5064 3995/34/5061
f 3996/4964/5062 3753/4716/4798 3998/4966/5065
f 3999/32/5066 3855/4967/5067 3997/35/5063
f 3753/4716/4798 4000/4968/5068 3998/4966/5065
f 4001/28/5069 3857/4969/5070 3999/32/5066
f 3755/4720/4802 4002/4970/5071 4000/4968/5068
f 4003/26/5072 3859/4971/5073 4001/28/5069
f 4002/4970/5071 3824/4784/4868 4004/4972/5074
f 4005/27/5075 3861/4973/5076 4003/26/5072
f 4006/44/5077 3884/4974/5078 3986/47/5048
f 4007/4975/5079 3762/4724/4806 3765/4726/4808
f 3590/4566/4648 3768/4728/4810 3589/4565/4647
f 3602/4599/4681 3773/4731/4813 3603/4578/4660
f 3605/4581/4663 3776/4745/4827 3604/4579/4661
f 3589/4565/4647 3779/4737/4819 3606/4582/4664
f 3608/4584/4666 3782/4739/4821 3607/4583/4665
f 3610/4586/4668 3784/4743/4825 3787/4742/4824
f 3604/4579/4661 3789/4744/4826 3611/4587/4669
f 3613/4588/4670 3793/4748/4830 3792/4747/4829
f 3792/4747/4829 3614/4589/4671 3613/4588/4670
f 3795/4752/4834 3615/4590/4672 3614/4589/4671
f 3797/4754/4836 3616/4894/4986 3615/4590/4672
f 3991/42/5056 3885/4976/5080 4006/44/5077
f 3765/4726/4808 3988/4959/5053 4007/4975/5079
f 4008/4977/5081 3282/4427/4490 3512/4978/5082
f 4009/4979/5083 3805/4758/4840 4008/4977/5081
f 4010/4980/5084 3806/4760/4842 4009/4979/5083
f 4011/4981/5085 3809/4762/4844 4010/4980/5084
f 3621/4595/4677 3783/4740/4822 3608/4584/4666
f 3607/4583/4665 3784/4743/4825 3609/4585/4667
f 3606/4582/4664 3810/4765/4847 3621/4595/4677
f 3787/4742/4824 3622/4597/4679 3610/4586/4668
f 3623/4598/4680 3813/4769/4851 3815/4771/4853
f 3815/4771/4853 3602/4599/4681 3623/4598/4680
f 3603/4578/4660 3777/4734/4816 3605/4581/4663
f 3611/4587/4669 3793/4748/4830 3612/4600/4682
f 3803/4757/4839 3625/4602/4684 3624/4601/4683
f 3625/4602/4684 3762/4724/4806 3626/4982/5086
f 3630/4606/4688 3716/4983/5087 3629/4605/4687
f 3632/4948/5040 3198/4433/4496 3070/3989/4033
f 3728/4984/5088 3632/4948/5040 3631/4607/4689
f 3633/4935/5027 3730/4985/5089 3634/4608/4690
f 3629/4605/4687 3734/4986/5090 3635/4609/4691
f 3637/4936/5028 3982/4987/5091 3738/4988/5092
f 3737/4989/5093 3639/4937/5029 3638/4611/4693
f 3651/4622/4704 3743/4990/5094 3652/4623/4705
f 3746/4991/5095 3651/4622/4704 3653/4624/4706
f 3748/4992/5096 3653/4624/4706 3654/4625/4707
f 3750/4993/5097 3654/4625/4707 3655/4626/4708
f 3656/4627/4709 3750/4993/5097 3655/4626/4708
f 3657/4628/4710 3752/4994/5098 3656/4627/4709
f 3658/4629/4711 3754/4995/5099 3657/4628/4710
f 3659/4676/4758 3760/4996/5100 3660/4630/4712
f 3662/4632/4714 3763/4997/5101 3663/4778/4860
f 3767/4998/5102 3680/4649/4731 3679/4648/4730
f 3772/4999/5103 3693/4680/4762 3692/4661/4743
f 3775/5000/5104 3694/4663/4745 3695/4662/4744
f 3778/5001/5105 3679/4648/4730 3696/4664/4746
f 3781/5002/5106 3698/4666/4748 3697/4665/4747
f 3699/4667/4749 3785/5003/5107 3700/4668/4750
f 3788/5004/5108 3695/4662/4744 3701/4669/4751
f 3702/4670/4752 3790/5005/5109 3703/4681/4763
f 3704/4671/4753 3791/5006/5110 3702/4670/4752
f 3705/4672/4754 3794/5007/5111 3704/4671/4753
f 3706/4901/4993 3796/5008/5112 3705/4672/4754
f 3652/4623/4705 3764/5009/5113 3662/4632/4714
f 3283/4465/4528 3707/4673/4755 3178/4466/4529
f 3708/4674/4756 3804/5010/5114 3807/5011/5115
f 3807/5011/5115 3709/4675/4757 3708/4674/4756
f 3808/5012/5116 3659/4676/4758 3709/4675/4757
f 3780/5013/5117 3710/4677/4759 3698/4666/4748
f 3785/5003/5107 3697/4665/4747 3700/4668/4750
f 3811/5014/5118 3696/4664/4746 3710/4677/4759
f 3711/4678/4760 3786/5015/5119 3699/4667/4749
f 3712/4679/4761 3812/5016/5120 3711/4678/4760
f 3693/4680/4762 3814/5017/5121 3712/4679/4761
f 3774/5018/5122 3692/4661/4743 3694/4663/4745
f 3790/5005/5109 3701/4669/4751 3703/4681/4763
f 3528/4522/4594 3719/4687/4769 3718/4957/5051
f 3526/4521/4593 3723/4691/4773 3722/4690/4772
f 3720/5019/5123 3978/4929/5021 3721/5020/5124
f 3724/5021/5125 3726/4695/4777 3725/4692/4774
f 3534/4526/4598 3733/4697/4779 3732/4700/4782
f 3731/5022/5126 3635/4609/4691 3734/4986/5090
f 3638/4611/4693 3738/4988/5092 3737/4989/5093
f 3631/4607/4689 3740/5023/5127 3728/4984/5088
f 3758/4723/4805 4012/5024/5128 3759/4721/4803
f 3803/4757/4839 3930/4876/4968 3800/4755/4837
f 3801/5025/5129 3819/4910/5002 3802/5026/5130
f 3816/5027/5131 3819/4910/5002 3818/4777/4859
f 3816/5027/5131 3820/5028/5132 3763/4997/5101
f 3517/23/4547 3971/4953/5046 3984/22/5045
f 3823/4781/4865 3756/5029/5133 3658/4629/4711
f 4004/4972/5074 3759/4721/4803 4012/5024/5128
f 3865/4952/5044 4005/27/5075 3984/22/5045
f 3660/4630/4712 3825/5030/5134 3823/4781/4865
f 3826/4786/4871 3850/4806/4893 3827/4787/4872
f 3827/4787/4872 3852/4808/4895 3828/4918/5010
f 3829/4788/4873 3856/4812/4899 3830/4919/5011
f 3831/4790/4875 3860/4816/4903 3832/4789/4874
f 3833/4791/4876 3847/4804/4891 3826/4786/4871
f 3840/4799/4884 3876/4830/4917 3841/4800/4885
f 3840/4799/4884 3872/4826/4913 3874/4828/4915
f 3870/4824/4911 3839/4798/4883 3837/4794/4879
f 3868/4822/4909 3837/4794/4879 3838/4797/4882
f 3835/4793/4878 3882/4835/4922 3836/4796/4881
f 3878/4832/4919 3835/4793/4878 3834/4795/4880
f 3841/4800/4885 3878/4832/4919 3834/4795/4880
f 3842/4802/4887 3866/4951/5043 3843/4801/4886
f 3843/4801/4886 3470/4358/4408 3332/5031/5135
f 3883/4836/4923 3833/4791/4876 3844/4946/5038
f 3879/5032/5136 4014/51/5137 4013/46/5138
f 3881/4956/5050 4013/46/5138 3986/47/5048
f 3854/4810/4897 3828/4918/5010 3852/4808/4895
f 3858/4814/4901 3830/4919/5011 3856/4812/4899
f 3862/4818/4905 3832/4789/4874 3860/4816/4903
f 3864/4820/4907 3969/4920/5012 3862/4818/4905
f 3971/4922/5014 3866/4951/5043 3865/4821/4908
f 3838/4797/4882 3359/4490/4556 3868/4822/4909
f 3521/63/4558 3867/5033/5139 3358/4492/4559
f 4015/60/5140 3869/5034/5141 3867/5033/5139
f 4016/58/5142 3871/5035/5143 3869/5034/5141
f 4017/56/5144 3873/5036/5145 3871/5035/5143
f 3873/5036/5145 4019/50/5146 3875/5037/5147
f 3875/5037/5147 4014/51/5137 3877/5038/5148
f 3881/4834/4921 3985/4954/5047 3882/4835/4922
f 3985/4954/5047 3884/5039/5149 3883/4836/4923
f 3905/4850/4942 3893/5040/5150 3896/5041/5151
f 3924/4870/4962 3895/4853/4945 3894/4841/4933
f 3897/4844/4936 3945/4895/4987 3898/4861/4953
f 3951/4898/4990 3900/5042/5152 3899/5043/5153
f 3901/5044/5154 3963/4914/5006 3962/4909/5001
f 3903/4848/4940 3928/4875/4967 3927/4874/4966
f 3966/4915/5007 3904/5045/5155 3893/5040/5150
f 3903/4848/4940 3924/4870/4962 3894/4841/4933
f 3905/4850/4942 3908/5046/5156 3906/4851/4943
f 3923/4873/4965 3907/4854/4946 3895/4853/4945
f 3909/5047/5157 3906/4851/4943 3908/5046/5156
f 3907/4854/4946 3925/4871/4963 3910/4855/4947
f 3911/5048/5158 3967/4916/5008 3909/5047/5157
f 3910/4855/4947 3949/4897/4989 3912/4857/4949
f 3911/5048/5158 3954/4902/4994 3968/4917/5009
f 3912/4857/4949 3948/4896/4988 3914/4859/4951
f 3950/4900/4992 3913/5049/5159 3900/5042/5152
f 3914/4859/4951 3947/4893/4985 3897/4844/4936
f 3945/4895/4987 3915/4864/4956 3898/4861/4953
f 3916/5050/5160 3951/4898/4990 3899/5043/5153
f 3917/5051/5161 3955/4904/4996 3916/5050/5160
f 3943/4891/4983 3918/4865/4957 3915/4864/4956
f 3941/4889/4981 3919/4867/4959 3918/4865/4957
f 3920/5052/5162 3957/4906/4998 3917/5051/5161
f 3920/5052/5162 3965/4913/5005 3959/4907/4999
f 3921/5053/5163 3931/4877/4969 3929/5054/5164
f 3962/4909/5001 3922/5055/5165 3901/5044/5154
f 3929/5054/5164 3902/4869/4961 3921/5053/5163
f 3932/4878/4970 3800/4755/4837 3930/4876/4968
f 3956/4905/4997 3933/5056/5166 3936/5057/5167
f 3935/4882/4974 3944/4890/4982 3946/4892/4984
f 3798/5058/5168 3956/4905/4997 3936/5057/5167
f 3946/4892/4984 3799/4753/4835 3935/4882/4974
f 3942/4888/4980 3934/4879/4971 3938/4884/4976
f 3958/4908/5000 3937/5059/5169 3933/5056/5166
f 3940/4886/4978 3942/4888/4980 3938/4884/4976
f 3939/5060/5170 3960/5061/5171 3964/4912/5004
f 3964/4912/5004 3801/5025/5129 3939/5060/5170
f 3972/4923/5015 3769/4729/4811 3590/4566/4648
f 3975/4938/5030 3972/4923/5015 3527/4928/5020
f 3977/5062/5172 3628/4603/4685 3973/4924/5016
f 3766/5063/5173 3973/4924/5016 3680/4649/4731
f 3978/4929/5021 3976/5064/5174 3721/5020/5124
f 3979/4930/5022 3735/4941/5033 3719/4687/4769
f 3537/4527/4599 3981/4943/5035 3532/4932/5024
f 3538/4528/4600 3736/4703/4785 3536/4933/5025
f 3980/4934/5026 3717/5065/5175 3630/4606/4688
f 3730/4985/5089 3636/4610/4692 3634/4608/4690
f 3798/5058/5168 3953/4899/4991 3952/4903/4995
f 3763/4997/5101 3820/5028/5132 3663/4778/4860
f 3491/4406/4459 2978/3912/3945 3492/4409/4463
f 3510/4423/4485 2979/3964/4008 3491/4406/4459
f 3510/4423/4485 3001/3923/3966 3000/3922/3965
f 3059/3981/4025 3386/4273/4322 3001/3923/3966
f 3400/4284/4334 3386/4273/4322 3006/3930/3973
f 3400/4284/4334 3892/4840/4932 3380/4272/4317
f 3626/4982/5086 3892/4840/4932 3577/4552/4634
f 4007/4975/5079 3570/4803/4888 3626/4982/5086
f 4007/4975/5079 3553/4539/4612 3571/4548/4629
f 3988/4959/5053 3550/4538/4610 3553/4539/4612
f 3989/4958/5052 3554/4540/4613 3550/4538/4610
f 3994/4963/5060 3554/4540/4613 3992/4961/5057
f 3994/4963/5060 3558/4542/4617 3556/4541/4615
f 3996/4964/5062 3560/4543/4619 3558/4542/4617
f 3998/4966/5065 3562/4544/4621 3560/4543/4619
f 4000/4968/5068 3564/4545/4623 3562/4544/4621
f 4004/4972/5074 3564/4545/4623 4002/4970/5071
f 4012/5024/5128 3566/4546/4625 4004/4972/5074
f 4012/5024/5128 3620/4779/4861 3821/4780/4863
f 4011/4981/5085 3619/4594/4676 3620/4779/4861
f 4010/4980/5084 3617/4593/4675 3619/4594/4676
f 4008/4977/5081 3617/4593/4675 4009/4979/5083
f 3512/4978/5082 3618/4591/4673 4008/4977/5081
f 3512/4978/5082 3048/3966/4010 3047/4592/4674
f 3511/4426/4489 3049/3967/4011 3048/3966/4010
f 3514/4429/4492 3049/3967/4011 3513/4428/4491
f 3515/4430/4493 3051/3969/4013 3514/4429/4492
f 3516/4479/4542 3053/3971/4015 3515/4430/4493
f 3516/4479/4542 2994/3919/3960 3299/4200/4244
f 3507/4486/4550 2992/3918/3958 2994/3919/3960
f 3503/4417/4475 2992/3918/3958 3505/4420/4479
f 3501/4418/4476 2990/3917/3956 3503/4417/4475
f 3499/4415/4472 2988/3916/3954 3501/4418/4476
f 3499/4415/4472 2984/3914/3950 2986/3915/3952
f 3495/4411/4466 2984/3914/3950 3497/4413/4469
f 3492/4409/4463 2982/3913/3948 3495/4411/4466
f 4021/5066/5176 4023/5067/5177 4020/5068/5178
f 4024/5069/5179 4022/5070/5180 4021/5066/5176
f 4027/5071/5181 4028/5072/5182 4026/5073/5183
f 4024/5069/5179 4028/5072/5182 4025/5074/5184
f 4029/5075/5185 4026/5073/5183 4028/5072/5182
f 4031/5076/5186 4033/5077/5187 4030/5078/5188
f 4029/5075/5185 4031/5076/5186 4030/5078/5188
f 4034/5079/5189 4032/5080/5190 4031/5076/5186
f 4036/5081/5191 4035/5082/5192 4034/5079/5189
f 4036/5081/5191 4039/5083/5193 4037/5084/5194
f 4038/5085/5195 4041/5086/5196 4039/5083/5193
f 4042/5087/5197 4041/5086/5196 4040/5088/5198
f 4044/5089/5199 4043/5090/5200 4042/5087/5197
f 4047/5091/5201 4048/5092/5202 4046/5093/5203
f 4044/5089/5199 4048/5092/5202 4045/5094/5204
f 4049/5095/5205 4046/5093/5203 4048/5092/5202
f 4051/5096/5206 4053/5097/5207 4050/5098/5208
f 4049/5095/5205 4051/5096/5206 4050/5098/5208
f 4051/5096/5206 4055/5099/5209 4052/5100/5210
f 4054/5101/5211 4057/5102/5212 4055/5099/5209
f 4056/5103/5213 4059/5104/5214 4057/5102/5212
f 4058/5105/5215 4023/5106/5177 4059/5104/5214
f 4060/5107/5216 4062/5108/5217 4063/5109/5218
f 4064/5110/5219 4066/5111/5220 4062/5108/5217
f 4065/5112/5221 4067/5113/5222 4066/5111/5220
f 4066/5111/5220 4069/5114/5223 4070/5115/5224
f 4069/5114/5223 4071/5116/5225 4070/5115/5224
f 4070/5115/5224 4073/5117/5226 4074/5118/5227
f 4073/5117/5226 4075/5119/5228 4074/5118/5227
f 4070/5115/5224 4062/5108/5217 4066/5111/5220
f 4076/5120/5229 4062/5108/5217 4074/5118/5227
f 4077/5121/5230 4060/5107/5216 4063/5109/5218
f 4078/5122/5231 4080/5123/5232 4081/5124/5233
f 4082/5125/5234 4084/5126/5235 4085/5127/5236
f 4084/5126/5235 4087/5128/5237 4085/5127/5236
f 4087/5128/5237 4088/5129/5238 4085/5127/5236
f 4082/5125/5234 4089/5130/5239 4090/5131/5240
f 4092/5132/5241 4094/5133/5242 4091/5134/5243
f 4093/5135/5244 4096/5136/5245 4094/5133/5242
f 4096/5136/5245 4097/5137/5246 4094/5133/5242
f 4091/5134/5243 4098/5138/5247 4099/5139/5248
f 4032/5080/5190 4101/5140/5249 4033/5077/5187
f 4102/5141/5250 4032/5080/5190 4035/5082/5192
f 4103/5142/5251 4035/5082/5192 4037/5084/5194
f 4039/5083/5193 4103/5142/5251 4037/5084/5194
f 4041/5086/5196 4104/5143/5252 4039/5083/5193
f 4106/5144/5253 4041/5086/5196 4043/5090/5200
f 4045/5094/5204 4106/5144/5253 4043/5090/5200
f 4108/5145/5254 4045/5094/5204 4047/5091/5201
f 4110/5146/5255 4112/5147/5256 4109/5148/5257
f 4113/5149/5258 4023/5067/5177 4022/5070/5180
f 4025/5074/5184 4113/5149/5258 4022/5070/5180
f 4116/5150/5259 4025/5074/5184 4027/5071/5181
f 4118/5151/5260 4120/5152/5261 4117/5153/5262
f 4052/5100/5210 4122/5154/5263 4053/5097/5207
f 4123/5155/5264 4052/5100/5210 4055/5099/5209
f 4057/5102/5212 4123/5155/5264 4055/5099/5209
f 4059/5104/5214 4124/5156/5265 4057/5102/5212
f 4023/5106/5177 4125/5157/5266 4059/5104/5214
f 4027/5158/5267 4081/5124/5233 4120/5152/5261
f 4078/5122/5231 4033/5159/5268 4109/5148/5257
f 4047/5160/5269 4079/5161/5270 4112/5147/5256
f 4080/5123/5232 4053/5162/5271 4117/5153/5262
f 4090/5131/5240 4110/5146/5255 4101/5163/5272
f 4089/5130/5239 4108/5164/5273 4111/5165/5274
f 4099/5139/5248 4118/5151/5260 4122/5166/5275
f 4098/5138/5247 4116/5167/5276 4119/5168/5277
f 4021/5169/5278 4126/5170/5279 4127/5171/5280
f 4024/5172/5281 4127/5171/5280 4128/5173/5282
f 4028/5174/5283 4128/5173/5282 4129/5175/5284
f 4029/5176/5285 4129/5175/5284 4130/5177/5286
f 4029/5176/5285 4131/5178/5287 4031/5179/5288
f 4031/5179/5288 4132/5180/5289 4034/5181/5290
f 4034/5181/5290 4133/5182/5291 4036/5183/5292
f 4036/5183/5292 4134/5184/5293 4038/5185/5294
f 4038/5185/5294 4135/5186/5295 4040/5187/5296
f 4042/5188/5297 4135/5186/5295 4136/5189/5298
f 4044/5190/5299 4136/5189/5298 4137/5191/5300
f 4048/5192/5301 4137/5191/5300 4138/5193/5302
f 4049/5194/5303 4138/5193/5302 4139/5195/5304
f 4049/5194/5303 4140/5196/5305 4051/5197/5306
f 4051/5197/5306 4141/5198/5307 4054/5199/5308
f 4054/5199/5308 4142/5200/5309 4056/5201/5310
f 4056/5201/5310 4143/5202/5311 4058/5203/5312
f 4058/5203/5312 4126/5170/5279 4020/5204/5313
f 4078/5122/5231 4026/5205/5314 4030/5206/5315
f 4079/5161/5270 4109/5148/5257 4112/5147/5256
f 4079/5161/5270 4050/5207/5316 4080/5123/5232
f 4080/5123/5232 4120/5152/5261 4081/5124/5233
f 4090/5131/5240 4100/5208/5317 4082/5125/5234
f 4083/5209/5318 4100/5208/5317 4102/5210/5319
f 4083/5209/5318 4103/5211/5320 4084/5126/5235
f 4084/5126/5235 4104/5212/5321 4086/5213/5322
f 4086/5213/5322 4105/5214/5323 4087/5128/5237
f 4087/5128/5237 4106/5215/5324 4088/5129/5238
f 4085/5127/5236 4106/5215/5324 4107/5216/5325
f 4089/5130/5239 4107/5216/5325 4108/5164/5273
f 4089/5130/5239 4110/5146/5255 4090/5131/5240
f 4099/5139/5248 4121/5217/5326 4091/5134/5243
f 4091/5134/5243 4123/5218/5327 4092/5132/5241
f 4093/5135/5244 4123/5218/5327 4124/5219/5328
f 4124/5219/5328 4095/5220/5329 4093/5135/5244
f 4095/5220/5329 4114/5221/5330 4096/5136/5245
f 4097/5137/5246 4114/5221/5330 4113/5222/5331
f 4094/5133/5242 4113/5222/5331 4115/5223/5332
f 4098/5138/5247 4115/5223/5332 4116/5167/5276
f 4098/5138/5247 4118/5151/5260 4099/5139/5248
f 4101/5163/5272 4109/5148/5257 4033/5159/5268
f 4108/5164/5273 4112/5147/5256 4111/5165/5274
f 4116/5167/5276 4120/5152/5261 4119/5168/5277
f 4117/5153/5262 4122/5166/5275 4118/5151/5260
f 4143/5202/5311 4144/5224/5333 4145/5225/5334
f 4142/5200/5309 4146/5226/5335 4144/5224/5333
f 4141/5198/5307 4147/5227/5336 4146/5226/5335
f 4139/5195/5304 4147/5227/5336 4140/5196/5305
f 4138/5193/5302 4148/5228/5337 4139/5195/5304
f 4137/5191/5300 4149/5229/5338 4138/5193/5302
f 4136/5189/5298 4150/5230/5339 4137/5191/5300
f 4135/5186/5295 4151/5231/5340 4136/5189/5298
f 4135/5186/5295 4153/5232/5341 4152/5233/5342
f 4133/5182/5291 4153/5232/5341 4134/5184/5293
f 4132/5180/5289 4154/5234/5343 4133/5182/5291
f 4132/5180/5289 4156/5235/5344 4155/5236/5345
f 4130/5177/5286 4156/5235/5344 4131/5178/5287
f 4129/5175/5284 4157/5237/5346 4130/5177/5286
f 4128/5173/5282 4158/5238/5347 4129/5175/5284
f 4127/5171/5280 4159/5239/5348 4128/5173/5282
f 4127/5171/5280 4161/5240/5349 4160/5241/5350
f 4143/5202/5311 4161/5240/5349 4126/5170/5279
f 4144/5242/5351 4163/5243/5352 4145/5244/5353
f 4144/5242/5351 4164/5245/5354 4162/5246/5355
f 4147/5247/5356 4164/5245/5354 4146/5248/5357
f 4148/5249/5358 4165/5250/5359 4147/5247/5356
f 4148/5249/5358 4167/5251/5360 4166/5252/5361
f 4149/5253/5362 4168/5254/5363 4167/5251/5360
f 4151/5255/5364 4168/5254/5363 4150/5256/5365
f 4152/5257/5366 4169/5258/5367 4151/5255/5364
f 4153/5259/5368 4170/5260/5369 4152/5261/5366
f 4154/5262/5370 4171/5263/5371 4153/5259/5368
f 4155/5264/5372 4172/5265/5373 4154/5262/5370
f 4156/5266/5374 4173/5267/5375 4155/5264/5372
f 4156/5266/5374 4175/5268/5376 4174/5269/5377
f 4157/5270/5378 4176/5271/5379 4175/5268/5376
f 4158/5272/5380 4177/5273/5381 4176/5271/5379
f 4159/5274/5382 4178/5275/5383 4177/5273/5381
f 4160/5276/5384 4179/5277/5385 4178/5275/5383
f 4161/5278/5386 4163/5243/5352 4179/5277/5385
f 4162/5279/5387 4077/5121/5230 4163/5280/5388
f 4164/5281/5389 4060/5107/5216 4162/5279/5387
f 4165/5282/5390 4061/5283/5391 4164/5281/5389
f 4166/5284/5392 4062/5108/5217 4165/5282/5390
f 4167/5285/5393 4064/5110/5219 4166/5284/5392
f 4168/5286/5394 4065/5112/5221 4167/5285/5393
f 4168/5286/5394 4066/5111/5220 4067/5113/5222
f 4169/5287/5395 4068/5288/5396 4066/5111/5220
f 4170/5289/5397 4069/5114/5223 4068/5288/5396
f 4172/5290/5398 4069/5114/5223 4171/5291/5399
f 4172/5290/5398 4070/5115/5224 4071/5116/5225
f 4173/5292/5400 4072/5293/5401 4070/5115/5224
f 4175/5294/5402 4072/5293/5401 4174/5295/5403
f 4176/5296/5404 4073/5117/5226 4175/5294/5402
f 4176/5296/5404 4074/5118/5227 4075/5119/5228
f 4178/5297/5405 4074/5118/5227 4177/5298/5406
f 4179/5299/5407 4076/5120/5229 4178/5297/5405
f 4163/5280/5388 4063/5109/5218 4179/5299/5407
f 4181/5300/5408 4183/5301/5409 4180/5302/5410
f 4184/5303/5411 4183/5301/5409 4182/5304/5412
f 4186/5305/5413 4183/5301/5409 4185/5306/5414
f 4187/5307/5415 4188/5308/5416 4183/5301/5409
f 4189/5309/5417 4180/5302/5410 4183/5301/5409
f 4191/5310/5418 4193/5311/5419 4190/5312/5420
f 4190/5312/5420 4195/5313/5421 4194/5314/5422
f 4194/5314/5422 4197/5315/5423 4196/5316/5424
f 4196/5316/5424 4199/5317/5425 4198/5318/5426
f 4198/5318/5426 4200/5319/5427 4201/5320/5428
f 4200/5319/5427 4203/5321/5429 4201/5320/5428
f 4202/5322/5430 4205/5323/5431 4203/5321/5429
f 4204/5324/5432 4207/5325/5433 4205/5326/5431
f 4206/5327/5434 4209/5328/5435 4207/5325/5433
f 4191/5310/5418 4208/5329/5436 4192/5330/5437
f 4211/5331/5438 4213/5332/5439 4210/5333/5440
f 4210/5333/5440 4215/5334/5441 4214/5335/5442
f 4214/5335/5442 4217/5336/5443 4216/5337/5444
f 4216/5337/5444 4219/5338/5445 4218/5339/5446
f 4219/5338/5445 4221/5340/5447 4218/5339/5446
f 4220/5341/5448 4223/5342/5449 4221/5340/5447
f 4222/5343/5450 4225/5344/5451 4223/5342/5449
f 4224/5345/5452 4227/5346/5453 4225/5347/5451
f 4226/5348/5454 4229/5349/5455 4227/5346/5453
f 4229/5349/5455 4212/5350/5456 4211/5331/5438
f 4231/5351/5457 4233/5352/5458 4230/5353/5459
f 4230/5353/5459 4235/5354/5460 4234/5355/5461
f 4234/5355/5461 4237/5356/5462 4236/5357/5463
f 4236/5357/5463 4239/5358/5464 4238/5359/5465
f 4239/5358/5464 4241/5360/5466 4238/5359/5465
f 4240/5361/5467 4243/5362/5468 4241/5360/5466
f 4242/5363/5469 4245/5364/5470 4243/5362/5468
f 4244/5365/5471 4247/5366/5472 4245/5367/5470
f 4246/5368/5473 4249/5369/5474 4247/5366/5472
f 4249/5369/5474 4232/5370/5475 4231/5351/5457
f 4251/5371/5476 4253/5372/5477 4250/5373/5478
f 4250/5373/5478 4255/5374/5479 4254/5375/5480
f 4254/5375/5480 4257/5376/5481 4256/5377/5482
f 4256/5377/5482 4259/5378/5483 4258/5379/5484
f 4259/5378/5483 4261/5380/5485 4258/5379/5484
f 4260/5381/5486 4263/5382/5487 4261/5380/5485
f 4262/5383/5488 4265/5384/5489 4263/5382/5487
f 4264/5385/5490 4267/5386/5491 4265/5387/5489
f 4266/5388/5492 4269/5389/5493 4267/5386/5491
f 4269/5389/5493 4252/5390/5494 4251/5371/5476
f 4271/5391/5495 4273/5392/5496 4270/5393/5497
f 4270/5393/5497 4275/5394/5498 4274/5395/5499
f 4274/5395/5499 4277/5396/5500 4276/5397/5501
f 4276/5397/5501 4279/5398/5502 4278/5399/5503
f 4279/5398/5502 4281/5400/5504 4278/5399/5503
f 4280/5401/5505 4283/5402/5506 4281/5400/5504
f 4282/5403/5507 4285/5404/5508 4283/5402/5506
f 4284/5405/5509 4287/5406/5510 4285/5407/5508
f 4286/5408/5511 4289/5409/5512 4287/5406/5510
f 4289/5409/5512 4272/5410/5513 4271/5391/5495
f 4291/5411/5514 4293/5412/5515 4290/5413/5516
f 4290/5413/5516 4295/5414/5517 4294/5415/5518
f 4294/5415/5518 4297/5416/5519 4296/5417/5520
f 4296/5417/5520 4299/5418/5521 4298/5419/5522
f 4299/5418/5521 4301/5420/5523 4298/5419/5522
f 4300/5421/5524 4303/5422/5525 4301/5420/5523
f 4302/5423/5526 4305/5424/5527 4303/5422/5525
f 4304/5425/5528 4307/5426/5529 4305/5427/5527
f 4306/5428/5530 4309/5429/5531 4307/5426/5529
f 4309/5429/5531 4292/5430/5532 4291/5411/5514
f 4311/5431/5533 4313/5432/5534 4310/5433/5535
f 4310/5433/5535 4315/5434/5536 4314/5435/5537
f 4314/5435/5537 4317/5436/5538 4316/5437/5539
f 4316/5437/5539 4319/5438/5540 4318/5439/5541
f 4319/5438/5540 4321/5440/5542 4318/5439/5541
f 4320/5441/5543 4323/5442/5544 4321/5440/5542
f 4322/5443/5545 4325/5444/5546 4323/5442/5544
f 4324/5445/5547 4327/5446/5548 4325/5447/5546
f 4326/5448/5549 4329/5449/5550 4327/5446/5548
f 4329/5449/5550 4312/5450/5551 4311/5431/5533
f 4331/5451/5552 4333/5452/5553 4330/5453/5554
f 4330/5453/5554 4335/5454/5555 4334/5455/5556
f 4334/5455/5556 4337/5456/5557 4336/5457/5558
f 4336/5457/5558 4339/5458/5559 4338/5459/5560
f 4339/5458/5559 4341/5460/5561 4338/5459/5560
f 4340/5461/5562 4343/5462/5563 4341/5460/5561
f 4342/5463/5564 4345/5464/5565 4343/5462/5563
f 4344/5465/5566 4347/5466/5567 4345/5467/5565
f 4346/5468/5568 4349/5469/5569 4347/5466/5567
f 4349/5469/5569 4332/5470/5570 4331/5451/5552
f 4351/5471/5571 4353/5472/5572 4350/5473/5573
f 4350/5473/5573 4355/5474/5574 4354/5475/5575
f 4354/5475/5575 4357/5476/5576 4356/5477/5577
f 4356/5477/5577 4359/5478/5578 4358/5479/5579
f 4359/5478/5578 4361/5480/5580 4358/5479/5579
f 4360/5481/5581 4363/5482/5582 4361/5480/5580
f 4362/5483/5583 4365/5484/5584 4363/5482/5582
f 4364/5485/5585 4367/5486/5586 4365/5487/5584
f 4366/5488/5587 4369/5489/5588 4367/5486/5586
f 4369/5489/5588 4352/5490/5589 4351/5471/5571
f 4371/5491/5590 4373/5492/5591 4370/5493/5592
f 4370/5493/5592 4375/5494/5593 4374/5495/5594
f 4374/5495/5594 4377/5496/5595 4376/5497/5596
f 4376/5497/5596 4379/5498/5597 4378/5499/5598
f 4379/5498/5597 4381/5500/5599 4378/5499/5598
f 4380/5501/5600 4383/5502/5601 4381/5500/5599
f 4382/5503/5602 4385/5504/5603 4383/5502/5601
f 4384/5505/5604 4387/5506/5605 4385/5507/5603
f 4386/5508/5606 4389/5509/5607 4387/5506/5605
f 4389/5509/5607 4372/5510/5608 4371/5491/5590
f 4391/5511/5609 4393/5512/5610 4390/5513/5611
f 4390/5513/5611 4395/5514/5612 4394/5515/5613
f 4394/5515/5613 4397/5516/5614 4396/5517/5615
f 4396/5517/5615 4399/5518/5616 4398/5519/5617
f 4399/5518/5616 4401/5520/5618 4398/5519/5617
f 4400/5521/5619 4403/5522/5620 4401/5520/5618
f 4402/5523/5621 4405/5524/5622 4403/5522/5620
f 4404/5525/5623 4407/5526/5624 4405/5527/5622
f 4406/5528/5625 4409/5529/5626 4407/5526/5624
f 4409/5529/5626 4392/5530/5627 4391/5511/5609
f 4411/5531/5628 4413/5532/5629 4410/5533/5630
f 4410/5533/5630 4415/5534/5631 4414/5535/5632
f 4414/5535/5632 4417/5536/5633 4416/5537/5634
f 4416/5537/5634 4419/5538/5635 4418/5539/5636
f 4419/5538/5635 4421/5540/5637 4418/5539/5636
f 4420/5541/5638 4423/5542/5639 4421/5540/5637
f 4422/5543/5640 4425/5544/5641 4423/5542/5639
f 4424/5545/5642 4427/5546/5643 4425/5547/5641
f 4426/5548/5644 4429/5549/5645 4427/5546/5643
f 4429/5549/5645 4412/5550/5646 4411/5531/5628
f 4431/5551/5647 4433/5552/5648 4430/5553/5649
f 4430/5553/5649 4435/5554/5650 4434/5555/5651
f 4434/5555/5651 4437/5556/5652 4436/5557/5653
f 4436/5557/5653 4439/5558/5654 4438/5559/5655
f 4439/5558/5654 4441/5560/5656 4438/5559/5655
f 4440/5561/5657 4443/5562/5658 4441/5560/5656
f 4442/5563/5659 4445/5564/5660 4443/5562/5658
f 4444/5565/5661 4447/5566/5662 4445/5567/5660
f 4446/5568/5663 4449/5569/5664 4447/5566/5662
f 4449/5569/5664 4432/5570/5665 4431/5551/5647
f 4451/5571/5666 4453/5572/5667 4450/5573/5668
f 4450/5573/5668 4455/5574/5669 4454/5575/5670
f 4454/5575/5670 4457/5576/5671 4456/5577/5672
f 4456/5577/5672 4459/5578/5673 4458/5579/5674
f 4459/5578/5673 4461/5580/5675 4458/5579/5674
f 4460/5581/5676 4463/5582/5677 4461/5580/5675
f 4462/5583/5678 4465/5584/5679 4463/5582/5677
f 4464/5585/5680 4467/5586/5681 4465/5587/5679
f 4466/5588/5682 4469/5589/5683 4467/5586/5681
f 4469/5589/5683 4452/5590/5684 4451/5571/5666
f 4471/5591/5685 4473/5592/5686 4470/5593/5687
f 4470/5593/5687 4475/5594/5688 4474/5595/5689
f 4474/5595/5689 4477/5596/5690 4476/5597/5691
f 4476/5597/5691 4479/5598/5692 4478/5599/5693
f 4479/5598/5692 4481/5600/5694 4478/5599/5693
f 4480/5601/5695 4483/5602/5696 4481/5600/5694
f 4482/5603/5697 4485/5604/5698 4483/5602/5696
f 4484/5605/5699 4487/5606/5700 4485/5607/5698
f 4486/5608/5701 4489/5609/5702 4487/5606/5700
f 4489/5609/5702 4472/5610/5703 4471/5591/5685
f 4491/5611/5704 4493/5612/5705 4490/5613/5706
f 4490/5613/5706 4495/5614/5707 4494/5615/5708
f 4494/5615/5708 4497/5616/5709 4496/5617/5710
f 4496/5617/5710 4499/5618/5711 4498/5619/5712
f 4499/5618/5711 4501/5620/5713 4498/5619/5712
f 4500/5621/5714 4503/5622/5715 4501/5620/5713
f 4502/5623/5716 4505/5624/5717 4503/5622/5715
f 4504/5625/5718 4507/5626/5719 4505/5627/5717
f 4506/5628/5720 4509/5629/5721 4507/5626/5719
f 4509/5629/5721 4492/5630/5722 4491/5611/5704
f 4511/5631/5723 4513/5632/5724 4510/5633/5725
f 4510/5633/5725 4515/5634/5726 4514/5635/5727
f 4514/5635/5727 4517/5636/5728 4516/5637/5729
f 4516/5637/5729 4519/5638/5730 4518/5639/5731
f 4519/5638/5730 4521/5640/5732 4518/5639/5731
f 4520/5641/5733 4523/5642/5734 4521/5640/5732
f 4522/5643/5735 4525/5644/5736 4523/5642/5734
f 4524/5645/5737 4527/5646/5738 4525/5647/5736
f 4526/5648/5739 4529/5649/5740 4527/5646/5738
f 4529/5649/5740 4512/5650/5741 4511/5631/5723
f 4531/5651/5742 4533/5652/5743 4530/5653/5744
f 4530/5653/5744 4535/5654/5745 4534/5655/5746
f 4534/5655/5746 4537/5656/5747 4536/5657/5748
f 4536/5657/5748 4539/5658/5749 4538/5659/5750
f 4539/5658/5749 4541/5660/5751 4538/5659/5750
f 4540/5661/5752 4543/5662/5753 4541/5660/5751
f 4542/5663/5754 4545/5664/5755 4543/5662/5753
f 4544/5665/5756 4547/5666/5757 4545/5667/5755
f 4546/5668/5758 4549/5669/5759 4547/5666/5757
f 4549/5669/5759 4532/5670/5760 4531/5651/5742
f 4551/5671/5761 4553/5672/5762 4550/5673/5763
f 4550/5673/5763 4555/5674/5764 4554/5675/5765
f 4554/5675/5765 4557/5676/5766 4556/5677/5767
f 4556/5677/5767 4559/5678/5768 4558/5679/5769
f 4559/5678/5768 4561/5680/5770 4558/5679/5769
f 4560/5681/5771 4563/5682/5772 4561/5680/5770
f 4562/5683/5773 4565/5684/5774 4563/5682/5772
f 4564/5685/5775 4567/5686/5776 4565/5687/5774
f 4566/5688/5777 4569/5689/5778 4567/5686/5776
f 4569/5689/5778 4552/5690/5779 4551/5671/5761
f 4571/5691/5780 4573/5692/5781 4570/5693/5782
f 4570/5693/5782 4575/5694/5783 4574/5695/5784
f 4574/5695/5784 4577/5696/5785 4576/5697/5786
f 4576/5697/5786 4579/5698/5787 4578/5699/5788
f 4579/5698/5787 4581/5700/5789 4578/5699/5788
f 4580/5701/5790 4583/5702/5791 4581/5700/5789
f 4582/5703/5792 4585/5704/5793 4583/5702/5791
f 4584/5705/5794 4587/5706/5795 4585/5707/5793
f 4586/5708/5796 4589/5709/5484 4587/5706/5795
f 4589/5709/5484 4572/5710/5797 4571/5691/5780
f 4591/5711/5798 4593/5712/5799 4590/5713/5800
f 4590/5713/5800 4595/5714/5801 4594/5715/5802
f 4594/5715/5802 4597/5716/5803 4596/5717/5804
f 4596/5717/5804 4599/5718/5805 4598/5719/5806
f 4599/5718/5805 4601/5720/5807 4598/5719/5806
f 4600/5721/5808 4603/5722/5809 4601/5720/5807
f 4602/5723/5810 4605/5724/5811 4603/5722/5809
f 4604/5725/5812 4607/5726/5813 4605/5727/5811
f 4606/5728/5814 4609/5729/5815 4607/5726/5813
f 4609/5729/5815 4592/5730/5816 4591/5711/5798
f 4611/5731/5817 4613/5732/5818 4610/5733/5819
f 4610/5733/5819 4615/5734/5820 4614/5735/5821
f 4614/5735/5821 4617/5736/5822 4616/5737/5823
f 4616/5737/5823 4619/5738/5824 4618/5739/5825
f 4619/5738/5824 4621/5740/5826 4618/5739/5825
f 4620/5741/5827 4623/5742/5828 4621/5740/5826
f 4622/5743/5829 4625/5744/5830 4623/5742/5828
f 4624/5745/5831 4627/5746/5832 4625/5747/5830
f 4626/5748/5833 4629/5749/5834 4627/5746/5832
f 4629/5749/5834 4612/5750/5835 4611/5731/5817
f 4631/5751/5836 4633/5752/5837 4630/5753/5838
f 4630/5753/5838 4635/5754/5839 4634/5755/5840
f 4634/5755/5840 4637/5756/5841 4636/5757/5842
f 4636/5757/5842 4639/5758/5843 4638/5759/5844
f 4639/5758/5843 4641/5760/5845 4638/5759/5844
f 4640/5761/5846 4643/5762/5847 4641/5760/5845
f 4642/5763/5848 4645/5764/5849 4643/5762/5847
f 4644/5765/5850 4647/5766/5851 4645/5767/5849
f 4646/5768/5852 4649/5769/5853 4647/5766/5851
f 4649/5769/5853 4632/5770/5854 4631/5751/5836
f 4651/5771/5855 4653/5772/5856 4650/5773/5857
f 4650/5773/5857 4655/5774/5858 4654/5775/5859
f 4654/5775/5859 4657/5776/5860 4656/5777/5861
f 4656/5777/5861 4659/5778/5862 4658/5779/5863
f 4659/5778/5862 4661/5780/5864 4658/5779/5863
f 4660/5781/5865 4663/5782/5866 4661/5780/5864
f 4662/5783/5867 4665/5784/5868 4663/5782/5866
f 4664/5785/5869 4667/5786/5870 4665/5787/5868
f 4666/5788/5871 4669/5789/5872 4667/5786/5870
f 4669/5789/5872 4652/5790/5873 4651/5771/5855
f 4671/5791/5874 4673/5792/5875 4670/5793/5876
f 4670/5793/5876 4675/5794/5877 4674/5795/5878
f 4674/5795/5878 4677/5796/5879 4676/5797/5880
f 4676/5797/5880 4679/5798/5881 4678/5799/5882
f 4679/5798/5881 4681/5800/5883 4678/5799/5882
f 4680/5801/5884 4683/5802/5885 4681/5800/5883
f 4682/5803/5886 4685/5804/5887 4683/5802/5885
f 4684/5805/5888 4687/5806/5889 4685/5807/5887
f 4686/5808/5890 4689/5809/5891 4687/5806/5889
f 4689/5809/5891 4672/5810/5892 4671/5791/5874
f 4691/5811/5893 4693/5812/5894 4690/5813/5895
f 4690/5813/5895 4695/5814/5896 4694/5815/5897
f 4694/5815/5897 4697/5816/5898 4696/5817/5899
f 4696/5817/5899 4699/5818/5900 4698/5819/5607
f 4699/5818/5900 4701/5820/5901 4698/5819/5607
f 4700/5821/5902 4703/5822/5903 4701/5820/5901
f 4702/5823/5904 4705/5824/5905 4703/5822/5903
f 4704/5825/5906 4707/5826/5907 4705/5827/5905
f 4706/5828/5908 4709/5829/5909 4707/5826/5907
f 4709/5829/5909 4692/5830/5910 4691/5811/5893
f 4711/5831/5911 4713/5832/5912 4710/5833/5913
f 4710/5833/5913 4715/5834/5914 4714/5835/5915
f 4714/5835/5915 4717/5836/5916 4716/5837/5917
f 4716/5837/5917 4719/5838/5918 4718/5839/5919
f 4719/5838/5918 4721/5840/5920 4718/5839/5919
f 4720/5841/5921 4723/5842/5922 4721/5840/5920
f 4722/5843/5923 4725/5844/5924 4723/5842/5922
f 4724/5845/5925 4727/5846/5926 4725/5847/5924
f 4726/5848/5927 4729/5849/5928 4727/5846/5926
f 4729/5849/5928 4712/5850/5929 4711/5831/5911
f 4731/5851/5930 4733/5852/5931 4730/5853/5932
f 4730/5853/5932 4735/5854/5933 4734/5855/5934
f 4734/5855/5934 4737/5856/5935 4736/5857/5936
f 4736/5857/5936 4739/5858/5937 4738/5859/5938
f 4739/5858/5937 4741/5860/5939 4738/5859/5938
f 4740/5861/5940 4743/5862/5941 4741/5860/5939
f 4742/5863/5942 4745/5864/5943 4743/5862/5941
f 4744/5865/5944 4747/5866/5945 4745/5867/5943
f 4746/5868/5946 4749/5869/5947 4747/5866/5945
f 4749/5869/5947 4732/5870/5948 4731/5851/5930
f 4751/5871/5949 4753/5872/5950 4750/5873/5951
f 4750/5873/5951 4755/5874/5952 4754/5875/5953
f 4754/5875/5953 4757/5876/5954 4756/5877/5955
f 4756/5877/5955 4759/5878/5956 4758/5879/5957
f 4759/5878/5956 4761/5880/5958 4758/5879/5957
f 4760/5881/5959 4763/5882/5960 4761/5880/5958
f 4762/5883/5961 4765/5884/5962 4763/5882/5960
f 4764/5885/5963 4767/5886/5964 4765/5887/5962
f 4766/5888/5965 4769/5889/5966 4767/5886/5964
f 4769/5889/5966 4752/5890/5967 4751/5871/5949
f 4771/5891/5968 4773/5892/5969 4770/5893/5970
f 4770/5893/5970 4775/5894/5971 4774/5895/5972
f 4774/5895/5972 4777/5896/5973 4776/5897/5974
f 4776/5897/5974 4779/5898/5975 4778/5899/5976
f 4779/5898/5975 4781/5900/5977 4778/5899/5976
f 4780/5901/5978 4783/5902/5979 4781/5900/5977
f 4782/5903/5980 4785/5904/5981 4783/5902/5979
f 4784/5905/5982 4787/5906/5983 4785/5907/5981
f 4786/5908/5984 4789/5909/5985 4787/5906/5983
f 4789/5909/5985 4772/5910/5986 4771/5891/5968
f 4791/5911/5987 4793/5912/5988 4790/5913/5989
f 4790/5913/5989 4795/5914/5990 4794/5915/5991
f 4794/5915/5991 4797/5916/5992 4796/5917/5993
f 4796/5917/5993 4799/5918/5994 4798/5919/5995
f 4799/5918/5994 4801/5920/5996 4798/5919/5995
f 4800/5921/5997 4803/5922/5998 4801/5920/5996
f 4802/5923/5999 4805/5924/6000 4803/5922/5998
f 4804/5925/6001 4807/5926/6002 4805/5927/6000
f 4806/5928/6003 4809/5929/6004 4807/5926/6002
f 4809/5929/6004 4792/5930/6005 4791/5911/5987
f 4811/5931/6006 4813/5932/6007 4810/5933/6008
f 4810/5933/6008 4815/5934/6009 4814/5935/6010
f 4814/5935/6010 4817/5936/6011 4816/5937/6012
f 4816/5937/6012 4819/5938/6013 4818/5939/6014
f 4819/5938/6013 4821/5940/6015 4818/5939/6014
f 4820/5941/6016 4823/5942/6017 4821/5940/6015
f 4822/5943/6018 4825/5944/6019 4823/5942/6017
f 4824/5945/6020 4827/5946/6021 4825/5947/6019
f 4826/5948/6022 4829/5949/6023 4827/5946/6021
f 4829/5949/6023 4812/5950/6024 4811/5931/6006
f 4831/5951/6025 4833/5952/6026 4830/5953/6027
f 4830/5953/6027 4835/5954/6028 4834/5955/6029
f 4834/5955/6029 4837/5956/6030 4836/5957/6031
f 4836/5957/6031 4839/5958/6032 4838/5959/6033
f 4839/5958/6032 4841/5960/6034 4838/5959/6033
f 4840/5961/6035 4843/5962/6036 4841/5960/6034
f 4842/5963/6037 4845/5964/6038 4843/5962/6036
f 4844/5965/6039 4847/5966/6040 4845/5967/6038
f 4846/5968/6041 4849/5969/6042 4847/5966/6040
f 4849/5969/6042 4832/5970/6043 4831/5951/6025
f 4851/5971/6044 4853/5972/6045 4850/5973/6046
f 4850/5973/6046 4855/5974/6047 4854/5975/6048
f 4854/5975/6048 4857/5976/6049 4856/5977/6050
f 4856/5977/6050 4859/5978/6051 4858/5979/6052
f 4859/5978/6051 4861/5980/6053 4858/5979/6052
f 4860/5981/6054 4863/5982/6055 4861/5980/6053
f 4862/5983/6056 4865/5984/6057 4863/5982/6055
f 4864/5985/6058 4867/5986/6059 4865/5987/6057
f 4866/5988/6060 4869/5989/6061 4867/5986/6059
f 4869/5989/6061 4852/5990/6062 4851/5971/6044
f 4871/5991/5457 4873/5992/6063 4870/5993/6064
f 4870/5993/6064 4875/5994/6065 4874/5995/6066
f 4874/5995/6066 4877/5996/6067 4876/5997/6068
f 4876/5997/6068 4879/5998/6069 4878/5999/6070
f 4879/5998/6069 4881/6000/6071 4878/5999/6070
f 4880/6001/6072 4883/6002/6073 4881/6000/6071
f 4882/6003/6074 4885/6004/6075 4883/6002/6073
f 4884/6005/6076 4887/6006/6077 4885/6007/6075
f 4886/6008/6078 4889/6009/6079 4887/6006/6077
f 4889/6009/6079 4872/6010/6080 4871/5991/5457
f 4891/6011/6081 4893/6012/6082 4890/6013/6083
f 4890/6013/6083 4895/6014/6084 4894/6015/6085
f 4894/6015/6085 4897/6016/6086 4896/6017/6087
f 4896/6017/6087 4899/6018/6088 4898/6019/5484
f 4899/6018/6088 4901/6020/6089 4898/6019/5484
f 4900/6021/6090 4903/6022/6091 4901/6020/6089
f 4902/6023/6092 4905/6024/6093 4903/6022/6091
f 4904/6025/6094 4907/6026/6095 4905/6027/6093
f 4906/6028/6096 4909/6029/6097 4907/6026/6095
f 4909/6029/6097 4892/6030/6098 4891/6011/6081
f 4911/6031/5495 4913/6032/6099 4910/6033/6100
f 4910/6033/6100 4915/6034/6101 4914/6035/6102
f 4914/6035/6102 4917/6036/6103 4916/6037/6104
f 4916/6037/6104 4919/6038/6105 4918/6039/6106
f 4919/6038/6105 4921/6040/6107 4918/6039/6106
f 4920/6041/5505 4923/6042/6108 4921/6040/6107
f 4922/6043/6109 4925/6044/6110 4923/6042/6108
f 4924/6045/5509 4927/6046/6111 4925/6047/6110
f 4926/6048/6112 4929/6049/6113 4927/6046/6111
f 4929/6049/6113 4912/6050/6114 4911/6031/5495
f 4931/6051/6115 4933/6052/6116 4930/6053/6117
f 4930/6053/6117 4935/6054/6118 4934/6055/6119
f 4934/6055/6119 4937/6056/6120 4936/6057/5520
f 4936/6057/5520 4939/6058/6121 4938/6059/6122
f 4939/6058/6121 4941/6060/6123 4938/6059/6122
f 4940/6061/6124 4943/6062/6125 4941/6060/6123
f 4942/6063/6126 4945/6064/6127 4943/6062/6125
f 4944/6065/6128 4947/6066/6129 4945/6067/6127
f 4946/6068/6130 4949/6069/6131 4947/6066/6129
f 4949/6069/6131 4932/6070/6132 4931/6051/6115
f 4951/6071/6133 4953/6072/6134 4950/6073/6135
f 4950/6073/6135 4955/6074/6136 4954/6075/6137
f 4954/6075/6137 4957/6076/5538 4956/6077/6138
f 4956/6077/6138 4959/6078/6139 4958/6079/6140
f 4959/6078/6139 4961/6080/5542 4958/6079/6140
f 4960/6081/6141 4963/6082/6142 4961/6080/5542
f 4962/6083/6143 4965/6084/6144 4963/6082/6142
f 4964/6085/6145 4967/6086/5548 4965/6087/6144
f 4966/6088/6146 4969/6089/6147 4967/6086/5548
f 4969/6089/6147 4952/6090/6148 4951/6071/6133
f 4971/6091/6149 4973/6092/6150 4970/6093/6151
f 4970/6093/6151 4975/6094/6152 4974/6095/6153
f 4974/6095/6153 4977/6096/6154 4976/6097/5558
f 4976/6097/5558 4979/6098/6155 4978/6099/6156
f 4979/6098/6155 4981/6100/6157 4978/6099/6156
f 4980/6101/6158 4983/6102/6159 4981/6100/6157
f 4982/6103/6160 4985/6104/6161 4983/6102/6159
f 4984/6105/6162 4987/6106/6163 4985/6107/6161
f 4986/6108/6164 4989/6109/6165 4987/6106/6163
f 4989/6109/6165 4972/6110/6166 4971/6091/6149
f 4991/6111/6167 4993/6112/6168 4990/6113/6169
f 4990/6113/6169 4995/6114/6170 4994/6115/6171
f 4994/6115/6171 4997/6116/6172 4996/6117/6173
f 4996/6117/6173 4999/6118/6174 4998/6119/6175
f 4999/6118/6174 5001/6120/6176 4998/6119/6175
f 5000/6121/6177 5003/6122/6178 5001/6120/6176
f 5002/6123/6179 5005/6124/6180 5003/6122/6178
f 5004/6125/6181 5007/6126/5586 5005/6127/6180
f 5006/6128/6182 5009/6129/6183 5007/6126/5586
f 5009/6129/6183 4992/6130/6184 4991/6111/6167
f 5011/6131/6185 5013/6132/6186 5010/6133/5592
f 5010/6133/5592 5015/6134/6187 5014/6135/6188
f 5014/6135/6188 5017/6136/6189 5016/6137/6190
f 5016/6137/6190 5019/6138/6191 5018/6139/6192
f 5019/6138/6191 5021/6140/6193 5018/6139/6192
f 5020/6141/6194 5023/6142/6195 5021/6140/6193
f 5022/6143/6196 5025/6144/6197 5023/6142/6195
f 5024/6145/6198 5027/6146/6199 5025/6147/6197
f 5026/6148/6200 5029/6149/6201 5027/6146/6199
f 5029/6149/6201 5012/6150/6202 5011/6131/6185
f 5031/6151/6203 5033/6152/6204 5030/6153/6205
f 5030/6153/6205 5035/6154/6206 5034/6155/6207
f 5034/6155/6207 5037/6156/6208 5036/6157/6209
f 5036/6157/6209 5039/6158/6210 5038/6159/6211
f 5039/6158/6210 5041/6160/6212 5038/6159/6211
f 5040/6161/6213 5043/6162/6214 5041/6160/6212
f 5042/6163/6215 5045/6164/6216 5043/6162/6214
f 5044/6165/6217 5047/6166/5624 5045/6167/6216
f 5046/6168/6218 5049/6169/6219 5047/6166/5624
f 5049/6169/6219 5032/6170/6220 5031/6151/6203
f 5051/6171/6221 5053/6172/6222 5050/6173/6223
f 5050/6173/6223 5055/6174/6224 5054/6175/6225
f 5054/6175/6225 5057/6176/6226 5056/6177/6227
f 5056/6177/6227 5059/6178/6228 5058/6179/6229
f 5059/6178/6228 5061/6180/6230 5058/6179/6229
f 5060/6181/6231 5063/6182/6232 5061/6180/6230
f 5062/6183/6233 5065/6184/6234 5063/6182/6232
f 5064/6185/6235 5067/6186/6236 5065/6187/6234
f 5066/6188/6237 5069/6189/6238 5067/6186/6236
f 5069/6189/6238 5052/6190/6239 5051/6171/6221
f 5071/6191/6240 5073/6192/6241 5070/6193/6242
f 5070/6193/6242 5075/6194/6243 5074/6195/6244
f 5074/6195/6244 5077/6196/6245 5076/6197/6246
f 5076/6197/6246 5079/6198/6247 5078/6199/6248
f 5079/6198/6247 5081/6200/6249 5078/6199/6248
f 5080/6201/6250 5083/6202/6251 5081/6200/6249
f 5082/6203/6252 5085/6204/6253 5083/6202/6251
f 5084/6205/6254 5087/6206/6255 5085/6207/6253
f 5086/6208/6256 5089/6209/6257 5087/6206/6255
f 5089/6209/6257 5072/6210/6258 5071/6191/6240
f 5090/6211/6259 5092/6212/6260 5093/6213/6261
f 5090/6211/6259 5095/6214/6262 5094/6215/6263
f 5094/6215/6263 5097/6216/6264 5096/6217/6265
f 5096/6217/6265 5099/6218/6266 5098/6219/6267
f 5099/6218/6266 5101/6220/6268 5098/6219/6267
f 5100/6221/6269 5103/6222/6270 5101/6220/6268
f 5102/6223/6271 5105/6224/6272 5103/6222/6270
f 5104/6225/6273 5107/6226/6274 5105/6227/6272
f 5106/6228/6275 5109/6229/6276 5107/6226/6274
f 5091/6230/6277 5108/6231/6278 5092/6212/6260
f 5091/6230/6277 5111/6232/6279 5110/6233/6280
f 5090/6211/6259 5112/6234/6281 5111/6232/6279
f 5094/6215/6263 5113/6235/6282 5112/6234/6281
f 5113/6235/6282 5098/6219/6267 5114/6236/6283
f 5114/6236/6283 5101/6220/6268 5115/6237/6284
f 5115/6237/6284 5103/6222/6270 5116/6238/6285
f 5116/6238/6285 5105/6224/6272 5117/6239/6286
f 5117/6240/6286 5107/6226/6274 5118/6241/6287
f 5107/6226/6274 5119/6242/6288 5118/6241/6287
f 5109/6229/6276 5110/6233/6280 5119/6242/6288
f 5121/6243/6289 5123/6244/6290 5120/6245/6291
f 5124/6246/6292 5123/6244/6290 5122/6247/6293
f 5125/6248/6294 5127/6249/6295 5123/6244/6290
f 5127/6249/6295 5128/6250/6296 5123/6244/6290
f 5129/6251/6297 5120/6245/6291 5123/6244/6290
f 5131/6252/6298 4192/5330/5437 5130/6253/6299
f 5131/6252/6298 4195/5313/5421 4193/5311/5419
f 5132/6254/6300 4197/5315/5423 4195/5313/5421
f 5133/6255/6301 4199/5317/5425 4197/5315/5423
f 5134/6256/6302 4200/5319/5427 4199/5317/5425
f 4200/5319/5427 5136/6257/6303 4202/5322/5430
f 4202/5322/5430 5137/6258/6304 4204/6259/5432
f 4204/5324/5432 5138/6260/6305 4206/5327/5434
f 4206/5327/5434 5139/6261/6306 4208/5329/5436
f 4208/5329/5436 5130/6253/6299 4192/5330/5437
f 4191/5310/5418 4213/5332/5439 4212/5350/5456
f 4190/5312/5420 4215/5334/5441 4213/5332/5439
f 4194/5314/5422 4217/5336/5443 4215/5334/5441
f 4196/5316/5424 4219/5338/5445 4217/5336/5443
f 4201/5320/5428 4219/5338/5445 4198/5318/5426
f 4203/5321/5429 4220/5341/5448 4201/5320/5428
f 4205/5323/5431 4222/5343/5450 4203/5321/5429
f 4207/5325/5433 4224/5345/5452 4205/5326/5431
f 4209/5328/5435 4226/5348/5454 4207/5325/5433
f 4209/5328/5435 4212/5350/5456 4228/6262/6307
f 4211/5331/5438 4233/5352/5458 4232/5370/5475
f 4210/5333/5440 4235/5354/5460 4233/5352/5458
f 4214/5335/5442 4237/5356/5462 4235/5354/5460
f 4216/5337/5444 4239/5358/5464 4237/5356/5462
f 4221/5340/5447 4239/5358/5464 4218/5339/5446
f 4223/5342/5449 4240/5361/5467 4221/5340/5447
f 4225/5344/5451 4242/5363/5469 4223/5342/5449
f 4227/5346/5453 4244/5365/5471 4225/5347/5451
f 4229/5349/5455 4246/5368/5473 4227/5346/5453
f 4229/5349/5455 4232/5370/5475 4248/6263/6308
f 4231/5351/5457 4253/5372/5477 4252/5390/5494
f 4230/5353/5459 4255/5374/5479 4253/5372/5477
f 4234/5355/5461 4257/5376/5481 4255/5374/5479
f 4236/5357/5463 4259/5378/5483 4257/5376/5481
f 4241/5360/5466 4259/5378/5483 4238/5359/5465
f 4243/5362/5468 4260/5381/5486 4241/5360/5466
f 4245/5364/5470 4262/5383/5488 4243/5362/5468
f 4247/5366/5472 4264/5385/5490 4245/5367/5470
f 4249/5369/5474 4266/5388/5492 4247/5366/5472
f 4249/5369/5474 4252/5390/5494 4268/6264/6309
f 4251/5371/5476 4273/5392/5496 4272/5410/5513
f 4250/5373/5478 4275/5394/5498 4273/5392/5496
f 4254/5375/5480 4277/5396/5500 4275/5394/5498
f 4256/5377/5482 4279/5398/5502 4277/5396/5500
f 4261/5380/5485 4279/5398/5502 4258/5379/5484
f 4263/5382/5487 4280/5401/5505 4261/5380/5485
f 4265/5384/5489 4282/5403/5507 4263/5382/5487
f 4267/5386/5491 4284/5405/5509 4265/5387/5489
f 4269/5389/5493 4286/5408/5511 4267/5386/5491
f 4269/5389/5493 4272/5410/5513 4288/6265/6310
f 4271/5391/5495 4293/5412/5515 4292/5430/5532
f 4270/5393/5497 4295/5414/5517 4293/5412/5515
f 4274/5395/5499 4297/5416/5519 4295/5414/5517
f 4276/5397/5501 4299/5418/5521 4297/5416/5519
f 4281/5400/5504 4299/5418/5521 4278/5399/5503
f 4283/5402/5506 4300/5421/5524 4281/5400/5504
f 4285/5404/5508 4302/5423/5526 4283/5402/5506
f 4287/5406/5510 4304/5425/5528 4285/5407/5508
f 4289/5409/5512 4306/5428/5530 4287/5406/5510
f 4289/5409/5512 4292/5430/5532 4308/6266/6311
f 4291/5411/5514 4313/5432/5534 4312/5450/5551
f 4290/5413/5516 4315/5434/5536 4313/5432/5534
f 4294/5415/5518 4317/5436/5538 4315/5434/5536
f 4296/5417/5520 4319/5438/5540 4317/5436/5538
f 4301/5420/5523 4319/5438/5540 4298/5419/5522
f 4303/5422/5525 4320/5441/5543 4301/5420/5523
f 4305/5424/5527 4322/5443/5545 4303/5422/5525
f 4307/5426/5529 4324/5445/5547 4305/5427/5527
f 4309/5429/5531 4326/5448/5549 4307/5426/5529
f 4309/5429/5531 4312/5450/5551 4328/6267/6312
f 4311/5431/5533 4333/5452/5553 4332/5470/5570
f 4310/5433/5535 4335/5454/5555 4333/5452/5553
f 4314/5435/5537 4337/5456/5557 4335/5454/5555
f 4316/5437/5539 4339/5458/5559 4337/5456/5557
f 4321/5440/5542 4339/5458/5559 4318/5439/5541
f 4323/5442/5544 4340/5461/5562 4321/5440/5542
f 4325/5444/5546 4342/5463/5564 4323/5442/5544
f 4327/5446/5548 4344/5465/5566 4325/5447/5546
f 4329/5449/5550 4346/5468/5568 4327/5446/5548
f 4329/5449/5550 4332/5470/5570 4348/6268/6313
f 4331/5451/5552 4353/5472/5572 4352/5490/5589
f 4330/5453/5554 4355/5474/5574 4353/5472/5572
f 4334/5455/5556 4357/5476/5576 4355/5474/5574
f 4336/5457/5558 4359/5478/5578 4357/5476/5576
f 4341/5460/5561 4359/5478/5578 4338/5459/5560
f 4343/5462/5563 4360/5481/5581 4341/5460/5561
f 4345/5464/5565 4362/5483/5583 4343/5462/5563
f 4347/5466/5567 4364/5485/5585 4345/5467/5565
f 4349/5469/5569 4366/5488/5587 4347/5466/5567
f 4349/5469/5569 4352/5490/5589 4368/6269/6314
f 4351/5471/5571 4373/5492/5591 4372/5510/5608
f 4350/5473/5573 4375/5494/5593 4373/5492/5591
f 4354/5475/5575 4377/5496/5595 4375/5494/5593
f 4356/5477/5577 4379/5498/5597 4377/5496/5595
f 4361/5480/5580 4379/5498/5597 4358/5479/5579
f 4363/5482/5582 4380/5501/5600 4361/5480/5580
f 4365/5484/5584 4382/5503/5602 4363/5482/5582
f 4367/5486/5586 4384/5505/5604 4365/5487/5584
f 4369/5489/5588 4386/5508/5606 4367/5486/5586
f 4369/5489/5588 4372/5510/5608 4388/6270/6315
f 4371/5491/5590 4393/5512/5610 4392/5530/5627
f 4370/5493/5592 4395/5514/5612 4393/5512/5610
f 4374/5495/5594 4397/5516/5614 4395/5514/5612
f 4376/5497/5596 4399/5518/5616 4397/5516/5614
f 4381/5500/5599 4399/5518/5616 4378/5499/5598
f 4383/5502/5601 4400/5521/5619 4381/5500/5599
f 4385/5504/5603 4402/5523/5621 4383/5502/5601
f 4387/5506/5605 4404/5525/5623 4385/5507/5603
f 4389/5509/5607 4406/5528/5625 4387/5506/5605
f 4389/5509/5607 4392/5530/5627 4408/6271/6316
f 4391/5511/5609 4413/5532/5629 4412/5550/5646
f 4390/5513/5611 4415/5534/5631 4413/5532/5629
f 4394/5515/5613 4417/5536/5633 4415/5534/5631
f 4396/5517/5615 4419/5538/5635 4417/5536/5633
f 4401/5520/5618 4419/5538/5635 4398/5519/5617
f 4403/5522/5620 4420/5541/5638 4401/5520/5618
f 4405/5524/5622 4422/5543/5640 4403/5522/5620
f 4407/5526/5624 4424/5545/5642 4405/5527/5622
f 4409/5529/5626 4426/5548/5644 4407/5526/5624
f 4409/5529/5626 4412/5550/5646 4428/6272/6317
f 4411/5531/5628 4433/5552/5648 4432/5570/5665
f 4410/5533/5630 4435/5554/5650 4433/5552/5648
f 4414/5535/5632 4437/5556/5652 4435/5554/5650
f 4416/5537/5634 4439/5558/5654 4437/5556/5652
f 4421/5540/5637 4439/5558/5654 4418/5539/5636
f 4423/5542/5639 4440/5561/5657 4421/5540/5637
f 4425/5544/5641 4442/5563/5659 4423/5542/5639
f 4427/5546/5643 4444/5565/5661 4425/5547/5641
f 4429/5549/5645 4446/5568/5663 4427/5546/5643
f 4429/5549/5645 4432/5570/5665 4448/6273/6318
f 4431/5551/5647 4453/5572/5667 4452/5590/5684
f 4430/5553/5649 4455/5574/5669 4453/5572/5667
f 4434/5555/5651 4457/5576/5671 4455/5574/5669
f 4436/5557/5653 4459/5578/5673 4457/5576/5671
f 4441/5560/5656 4459/5578/5673 4438/5559/5655
f 4443/5562/5658 4460/5581/5676 4441/5560/5656
f 4445/5564/5660 4462/5583/5678 4443/5562/5658
f 4447/5566/5662 4464/5585/5680 4445/5567/5660
f 4449/5569/5664 4466/5588/5682 4447/5566/5662
f 4449/5569/5664 4452/5590/5684 4468/6274/6319
f 4451/5571/5666 4473/5592/5686 4472/5610/5703
f 4450/5573/5668 4475/5594/5688 4473/5592/5686
f 4454/5575/5670 4477/5596/5690 4475/5594/5688
f 4456/5577/5672 4479/5598/5692 4477/5596/5690
f 4461/5580/5675 4479/5598/5692 4458/5579/5674
f 4463/5582/5677 4480/5601/5695 4461/5580/5675
f 4465/5584/5679 4482/5603/5697 4463/5582/5677
f 4467/5586/5681 4484/5605/5699 4465/5587/5679
f 4469/5589/5683 4486/5608/5701 4467/5586/5681
f 4469/5589/5683 4472/5610/5703 4488/6275/6320
f 4471/5591/5685 4493/5612/5705 4492/5630/5722
f 4470/5593/5687 4495/5614/5707 4493/5612/5705
f 4474/5595/5689 4497/5616/5709 4495/5614/5707
f 4476/5597/5691 4499/5618/5711 4497/5616/5709
f 4481/5600/5694 4499/5618/5711 4478/5599/5693
f 4483/5602/5696 4500/5621/5714 4481/5600/5694
f 4485/5604/5698 4502/5623/5716 4483/5602/5696
f 4487/5606/5700 4504/5625/5718 4485/5607/5698
f 4489/5609/5702 4506/5628/5720 4487/5606/5700
f 4489/5609/5702 4492/5630/5722 4508/6276/6321
f 4491/5611/5704 4513/5632/5724 4512/5650/5741
f 4490/5613/5706 4515/5634/5726 4513/5632/5724
f 4494/5615/5708 4517/5636/5728 4515/5634/5726
f 4496/5617/5710 4519/5638/5730 4517/5636/5728
f 4501/5620/5713 4519/5638/5730 4498/5619/5712
f 4503/5622/5715 4520/5641/5733 4501/5620/5713
f 4505/5624/5717 4522/5643/5735 4503/5622/5715
f 4507/5626/5719 4524/5645/5737 4505/5627/5717
f 4509/5629/5721 4526/5648/5739 4507/5626/5719
f 4509/5629/5721 4512/5650/5741 4528/6277/6322
f 4511/5631/5723 4533/5652/5743 4532/5670/5760
f 4510/5633/5725 4535/5654/5745 4533/5652/5743
f 4514/5635/5727 4537/5656/5747 4535/5654/5745
f 4516/5637/5729 4539/5658/5749 4537/5656/5747
f 4521/5640/5732 4539/5658/5749 4518/5639/5731
f 4523/5642/5734 4540/5661/5752 4521/5640/5732
f 4525/5644/5736 4542/5663/5754 4523/5642/5734
f 4527/5646/5738 4544/5665/5756 4525/5647/5736
f 4529/5649/5740 4546/5668/5758 4527/5646/5738
f 4529/5649/5740 4532/5670/5760 4548/6278/6323
f 4531/5651/5742 4553/5672/5762 4552/5690/5779
f 4530/5653/5744 4555/5674/5764 4553/5672/5762
f 4534/5655/5746 4557/5676/5766 4555/5674/5764
f 4536/5657/5748 4559/5678/5768 4557/5676/5766
f 4541/5660/5751 4559/5678/5768 4538/5659/5750
f 4543/5662/5753 4560/5681/5771 4541/5660/5751
f 4545/5664/5755 4562/5683/5773 4543/5662/5753
f 4547/5666/5757 4564/5685/5775 4545/5667/5755
f 4549/5669/5759 4566/5688/5777 4547/5666/5757
f 4549/5669/5759 4552/5690/5779 4568/6279/6324
f 4551/5671/5761 4573/5692/5781 4572/5710/5797
f 4550/5673/5763 4575/5694/5783 4573/5692/5781
f 4554/5675/5765 4577/5696/5785 4575/5694/5783
f 4556/5677/5767 4579/5698/5787 4577/5696/5785
f 4561/5680/5770 4579/5698/5787 4558/5679/5769
f 4563/5682/5772 4580/5701/5790 4561/5680/5770
f 4565/5684/5774 4582/5703/5792 4563/5682/5772
f 4567/5686/5776 4584/5705/5794 4565/5687/5774
f 4569/5689/5778 4586/5708/5796 4567/5686/5776
f 4569/5689/5778 4572/5710/5797 4588/6280/6325
f 4571/5691/5780 4593/5712/5799 4592/5730/5816
f 4570/5693/5782 4595/5714/5801 4593/5712/5799
f 4574/5695/5784 4597/5716/5803 4595/5714/5801
f 4576/5697/5786 4599/5718/5805 4597/5716/5803
f 4581/5700/5789 4599/5718/5805 4578/5699/5788
f 4583/5702/5791 4600/5721/5808 4581/5700/5789
f 4585/5704/5793 4602/5723/5810 4583/5702/5791
f 4587/5706/5795 4604/5725/5812 4585/5707/5793
f 4589/5709/5484 4606/5728/5814 4587/5706/5795
f 4589/5709/5484 4592/5730/5816 4608/6281/6326
f 4591/5711/5798 4613/5732/5818 4612/5750/5835
f 4590/5713/5800 4615/5734/5820 4613/5732/5818
f 4594/5715/5802 4617/5736/5822 4615/5734/5820
f 4596/5717/5804 4619/5738/5824 4617/5736/5822
f 4601/5720/5807 4619/5738/5824 4598/5719/5806
f 4603/5722/5809 4620/5741/5827 4601/5720/5807
f 4605/5724/5811 4622/5743/5829 4603/5722/5809
f 4607/5726/5813 4624/5745/5831 4605/5727/5811
f 4609/5729/5815 4626/5748/5833 4607/5726/5813
f 4609/5729/5815 4612/5750/5835 4628/6282/6327
f 4611/5731/5817 4633/5752/5837 4632/5770/5854
f 4610/5733/5819 4635/5754/5839 4633/5752/5837
f 4614/5735/5821 4637/5756/5841 4635/5754/5839
f 4616/5737/5823 4639/5758/5843 4637/5756/5841
f 4621/5740/5826 4639/5758/5843 4618/5739/5825
f 4623/5742/5828 4640/5761/5846 4621/5740/5826
f 4625/5744/5830 4642/5763/5848 4623/5742/5828
f 4627/5746/5832 4644/5765/5850 4625/5747/5830
f 4629/5749/5834 4646/5768/5852 4627/5746/5832
f 4629/5749/5834 4632/5770/5854 4648/6283/6328
f 4631/5751/5836 4653/5772/5856 4652/5790/5873
f 4630/5753/5838 4655/5774/5858 4653/5772/5856
f 4634/5755/5840 4657/5776/5860 4655/5774/5858
f 4636/5757/5842 4659/5778/5862 4657/5776/5860
f 4641/5760/5845 4659/5778/5862 4638/5759/5844
f 4643/5762/5847 4660/5781/5865 4641/5760/5845
f 4645/5764/5849 4662/5783/5867 4643/5762/5847
f 4647/5766/5851 4664/5785/5869 4645/5767/5849
f 4649/5769/5853 4666/5788/5871 4647/5766/5851
f 4649/5769/5853 4652/5790/5873 4668/6284/6329
f 4651/5771/5855 4673/5792/5875 4672/5810/5892
f 4650/5773/5857 4675/5794/5877 4673/5792/5875
f 4654/5775/5859 4677/5796/5879 4675/5794/5877
f 4656/5777/5861 4679/5798/5881 4677/5796/5879
f 4661/5780/5864 4679/5798/5881 4658/5779/5863
f 4663/5782/5866 4680/5801/5884 4661/5780/5864
f 4665/5784/5868 4682/5803/5886 4663/5782/5866
f 4667/5786/5870 4684/5805/5888 4665/5787/5868
f 4669/5789/5872 4686/5808/5890 4667/5786/5870
f 4669/5789/5872 4672/5810/5892 4688/6285/6330
f 4671/5791/5874 4693/5812/5894 4692/5830/5910
f 4670/5793/5876 4695/5814/5896 4693/5812/5894
f 4674/5795/5878 4697/5816/5898 4695/5814/5896
f 4676/5797/5880 4699/5818/5900 4697/5816/5898
f 4681/5800/5883 4699/5818/5900 4678/5799/5882
f 4683/5802/5885 4700/5821/5902 4681/5800/5883
f 4685/5804/5887 4702/5823/5904 4683/5802/5885
f 4687/5806/5889 4704/5825/5906 4685/5807/5887
f 4689/5809/5891 4706/5828/5908 4687/5806/5889
f 4689/5809/5891 4692/5830/5910 4708/6286/6331
f 4691/5811/5893 4713/5832/5912 4712/5850/5929
f 4690/5813/5895 4715/5834/5914 4713/5832/5912
f 4694/5815/5897 4717/5836/5916 4715/5834/5914
f 4696/5817/5899 4719/5838/5918 4717/5836/5916
f 4701/5820/5901 4719/5838/5918 4698/5819/5607
f 4703/5822/5903 4720/5841/5921 4701/5820/5901
f 4705/5824/5905 4722/5843/5923 4703/5822/5903
f 4707/5826/5907 4724/5845/5925 4705/5827/5905
f 4709/5829/5909 4726/5848/5927 4707/5826/5907
f 4709/5829/5909 4712/5850/5929 4728/6287/6332
f 4711/5831/5911 4733/5852/5931 4732/5870/5948
f 4710/5833/5913 4735/5854/5933 4733/5852/5931
f 4714/5835/5915 4737/5856/5935 4735/5854/5933
f 4716/5837/5917 4739/5858/5937 4737/5856/5935
f 4721/5840/5920 4739/5858/5937 4718/5839/5919
f 4723/5842/5922 4740/5861/5940 4721/5840/5920
f 4725/5844/5924 4742/5863/5942 4723/5842/5922
f 4727/5846/5926 4744/5865/5944 4725/5847/5924
f 4729/5849/5928 4746/5868/5946 4727/5846/5926
f 4729/5849/5928 4732/5870/5948 4748/6288/6333
f 4731/5851/5930 4753/5872/5950 4752/5890/5967
f 4730/5853/5932 4755/5874/5952 4753/5872/5950
f 4734/5855/5934 4757/5876/5954 4755/5874/5952
f 4736/5857/5936 4759/5878/5956 4757/5876/5954
f 4741/5860/5939 4759/5878/5956 4738/5859/5938
f 4743/5862/5941 4760/5881/5959 4741/5860/5939
f 4745/5864/5943 4762/5883/5961 4743/5862/5941
f 4747/5866/5945 4764/5885/5963 4745/5867/5943
f 4749/5869/5947 4766/5888/5965 4747/5866/5945
f 4749/5869/5947 4752/5890/5967 4768/6289/6334
f 4751/5871/5949 4773/5892/5969 4772/5910/5986
f 4750/5873/5951 4775/5894/5971 4773/5892/5969
f 4754/5875/5953 4777/5896/5973 4775/5894/5971
f 4756/5877/5955 4779/5898/5975 4777/5896/5973
f 4761/5880/5958 4779/5898/5975 4758/5879/5957
f 4763/5882/5960 4780/5901/5978 4761/5880/5958
f 4765/5884/5962 4782/5903/5980 4763/5882/5960
f 4767/5886/5964 4784/5905/5982 4765/5887/5962
f 4769/5889/5966 4786/5908/5984 4767/5886/5964
f 4769/5889/5966 4772/5910/5986 4788/6290/6335
f 4771/5891/5968 4793/5912/5988 4792/5930/6005
f 4770/5893/5970 4795/5914/5990 4793/5912/5988
f 4774/5895/5972 4797/5916/5992 4795/5914/5990
f 4776/5897/5974 4799/5918/5994 4797/5916/5992
f 4781/5900/5977 4799/5918/5994 4778/5899/5976
f 4783/5902/5979 4800/5921/5997 4781/5900/5977
f 4785/5904/5981 4802/5923/5999 4783/5902/5979
f 4787/5906/5983 4804/5925/6001 4785/5907/5981
f 4789/5909/5985 4806/5928/6003 4787/5906/5983
f 4789/5909/5985 4792/5930/6005 4808/6291/6336
f 4791/5911/5987 4813/5932/6007 4812/5950/6024
f 4790/5913/5989 4815/5934/6009 4813/5932/6007
f 4794/5915/5991 4817/5936/6011 4815/5934/6009
f 4796/5917/5993 4819/5938/6013 4817/5936/6011
f 4801/5920/5996 4819/5938/6013 4798/5919/5995
f 4803/5922/5998 4820/5941/6016 4801/5920/5996
f 4805/5924/6000 4822/5943/6018 4803/5922/5998
f 4807/5926/6002 4824/5945/6020 4805/5927/6000
f 4809/5929/6004 4826/5948/6022 4807/5926/6002
f 4809/5929/6004 4812/5950/6024 4828/6292/6337
f 4811/5931/6006 4833/5952/6026 4832/5970/6043
f 4810/5933/6008 4835/5954/6028 4833/5952/6026
f 4814/5935/6010 4837/5956/6030 4835/5954/6028
f 4816/5937/6012 4839/5958/6032 4837/5956/6030
f 4821/5940/6015 4839/5958/6032 4818/5939/6014
f 4823/5942/6017 4840/5961/6035 4821/5940/6015
f 4825/5944/6019 4842/5963/6037 4823/5942/6017
f 4827/5946/6021 4844/5965/6039 4825/5947/6019
f 4829/5949/6023 4846/5968/6041 4827/5946/6021
f 4829/5949/6023 4832/5970/6043 4848/6293/5730
f 4831/5951/6025 4853/5972/6045 4852/5990/6062
f 4830/5953/6027 4855/5974/6047 4853/5972/6045
f 4834/5955/6029 4857/5976/6049 4855/5974/6047
f 4836/5957/6031 4859/5978/6051 4857/5976/6049
f 4841/5960/6034 4859/5978/6051 4838/5959/6033
f 4843/5962/6036 4860/5981/6054 4841/5960/6034
f 4845/5964/6038 4862/5983/6056 4843/5962/6036
f 4847/5966/6040 4864/5985/6058 4845/5967/6038
f 4849/5969/6042 4866/5988/6060 4847/5966/6040
f 4849/5969/6042 4852/5990/6062 4868/6294/6338
f 4851/5971/6044 4873/5992/6063 4872/6010/6080
f 4850/5973/6046 4875/5994/6065 4873/5992/6063
f 4854/5975/6048 4877/5996/6067 4875/5994/6065
f 4856/5977/6050 4879/5998/6069 4877/5996/6067
f 4861/5980/6053 4879/5998/6069 4858/5979/6052
f 4863/5982/6055 4880/6001/6072 4861/5980/6053
f 4865/5984/6057 4882/6003/6074 4863/5982/6055
f 4867/5986/6059 4884/6005/6076 4865/5987/6057
f 4869/5989/6061 4886/6008/6078 4867/5986/6059
f 4869/5989/6061 4872/6010/6080 4888/6295/6339
f 4871/5991/5457 4893/6012/6082 4892/6030/6098
f 4870/5993/6064 4895/6014/6084 4893/6012/6082
f 4874/5995/6066 4897/6016/6086 4895/6014/6084
f 4876/5997/6068 4899/6018/6088 4897/6016/6086
f 4881/6000/6071 4899/6018/6088 4878/5999/6070
f 4883/6002/6073 4900/6021/6090 4881/6000/6071
f 4885/6004/6075 4902/6023/6092 4883/6002/6073
f 4887/6006/6077 4904/6025/6094 4885/6007/6075
f 4889/6009/6079 4906/6028/6096 4887/6006/6077
f 4889/6009/6079 4892/6030/6098 4908/6296/6340
f 4891/6011/6081 4913/6032/6099 4912/6050/6114
f 4890/6013/6083 4915/6034/6101 4913/6032/6099
f 4894/6015/6085 4917/6036/6103 4915/6034/6101
f 4896/6017/6087 4919/6038/6105 4917/6036/6103
f 4901/6020/6089 4919/6038/6105 4898/6019/5484
f 4903/6022/6091 4920/6041/5505 4901/6020/6089
f 4905/6024/6093 4922/6043/6109 4903/6022/6091
f 4907/6026/6095 4924/6045/5509 4905/6027/6093
f 4909/6029/6097 4926/6048/6112 4907/6026/6095
f 4909/6029/6097 4912/6050/6114 4928/6297/6341
f 4911/6031/5495 4933/6052/6116 4932/6070/6132
f 4910/6033/6100 4935/6054/6118 4933/6052/6116
f 4914/6035/6102 4937/6056/6120 4935/6054/6118
f 4916/6037/6104 4939/6058/6121 4937/6056/6120
f 4921/6040/6107 4939/6058/6121 4918/6039/6106
f 4923/6042/6108 4940/6061/6124 4921/6040/6107
f 4925/6044/6110 4942/6063/6126 4923/6042/6108
f 4927/6046/6111 4944/6065/6128 4925/6047/6110
f 4929/6049/6113 4946/6068/6130 4927/6046/6111
f 4929/6049/6113 4932/6070/6132 4948/6298/6342
f 4931/6051/6115 4953/6072/6134 4952/6090/6148
f 4930/6053/6117 4955/6074/6136 4953/6072/6134
f 4934/6055/6119 4957/6076/5538 4955/6074/6136
f 4936/6057/5520 4959/6078/6139 4957/6076/5538
f 4941/6060/6123 4959/6078/6139 4938/6059/6122
f 4943/6062/6125 4960/6081/6141 4941/6060/6123
f 4945/6064/6127 4962/6083/6143 4943/6062/6125
f 4947/6066/6129 4964/6085/6145 4945/6067/6127
f 4949/6069/6131 4966/6088/6146 4947/6066/6129
f 4949/6069/6131 4952/6090/6148 4968/6299/6343
f 4951/6071/6133 4973/6092/6150 4972/6110/6166
f 4950/6073/6135 4975/6094/6152 4973/6092/6150
f 4954/6075/6137 4977/6096/6154 4975/6094/6152
f 4956/6077/6138 4979/6098/6155 4977/6096/6154
f 4961/6080/5542 4979/6098/6155 4958/6079/6140
f 4963/6082/6142 4980/6101/6158 4961/6080/5542
f 4965/6084/6144 4982/6103/6160 4963/6082/6142
f 4967/6086/5548 4984/6105/6162 4965/6087/6144
f 4969/6089/6147 4986/6108/6164 4967/6086/5548
f 4969/6089/6147 4972/6110/6166 4988/6300/6344
f 4971/6091/6149 4993/6112/6168 4992/6130/6184
f 4970/6093/6151 4995/6114/6170 4993/6112/6168
f 4974/6095/6153 4997/6116/6172 4995/6114/6170
f 4976/6097/5558 4999/6118/6174 4997/6116/6172
f 4981/6100/6157 4999/6118/6174 4978/6099/6156
f 4983/6102/6159 5000/6121/6177 4981/6100/6157
f 4985/6104/6161 5002/6123/6179 4983/6102/6159
f 4987/6106/6163 5004/6125/6181 4985/6107/6161
f 4989/6109/6165 5006/6128/6182 4987/6106/6163
f 4989/6109/6165 4992/6130/6184 5008/6301/6345
f 4991/6111/6167 5013/6132/6186 5012/6150/6202
f 4990/6113/6169 5015/6134/6187 5013/6132/6186
f 4994/6115/6171 5017/6136/6189 5015/6134/6187
f 4996/6117/6173 5019/6138/6191 5017/6136/6189
f 5001/6120/6176 5019/6138/6191 4998/6119/6175
f 5003/6122/6178 5020/6141/6194 5001/6120/6176
f 5005/6124/6180 5022/6143/6196 5003/6122/6178
f 5007/6126/5586 5024/6145/6198 5005/6127/6180
f 5009/6129/6183 5026/6148/6200 5007/6126/5586
f 5009/6129/6183 5012/6150/6202 5028/6302/6346
f 5011/6131/6185 5033/6152/6204 5032/6170/6220
f 5010/6133/5592 5035/6154/6206 5033/6152/6204
f 5014/6135/6188 5037/6156/6208 5035/6154/6206
f 5016/6137/6190 5039/6158/6210 5037/6156/6208
f 5021/6140/6193 5039/6158/6210 5018/6139/6192
f 5023/6142/6195 5040/6161/6213 5021/6140/6193
f 5025/6144/6197 5042/6163/6215 5023/6142/6195
f 5027/6146/6199 5044/6165/6217 5025/6147/6197
f 5029/6149/6201 5046/6168/6218 5027/6146/6199
f 5029/6149/6201 5032/6170/6220 5048/6303/6347
f 5031/6151/6203 5053/6172/6222 5052/6190/6239
f 5030/6153/6205 5055/6174/6224 5053/6172/6222
f 5034/6155/6207 5057/6176/6226 5055/6174/6224
f 5036/6157/6209 5059/6178/6228 5057/6176/6226
f 5041/6160/6212 5059/6178/6228 5038/6159/6211
f 5043/6162/6214 5060/6181/6231 5041/6160/6212
f 5045/6164/6216 5062/6183/6233 5043/6162/6214
f 5047/6166/5624 5064/6185/6235 5045/6167/6216
f 5049/6169/6219 5066/6188/6237 5047/6166/5624
f 5049/6169/6219 5052/6190/6239 5068/6304/6348
f 5051/6171/6221 5073/6192/6241 5072/6210/6258
f 5050/6173/6223 5075/6194/6243 5073/6192/6241
f 5054/6175/6225 5077/6196/6245 5075/6194/6243
f 5056/6177/6227 5079/6198/6247 5077/6196/6245
f 5061/6180/6230 5079/6198/6247 5058/6179/6229
f 5063/6182/6232 5080/6201/6250 5061/6180/6230
f 5065/6184/6234 5082/6203/6252 5063/6182/6232
f 5067/6186/6236 5084/6205/6254 5065/6187/6234
f 5069/6189/6238 5086/6208/6256 5067/6186/6236
f 5069/6189/6238 5072/6210/6258 5088/6305/6349
f 5071/6191/6240 5093/6213/6261 5092/6212/6260
f 5070/6193/6242 5095/6214/6262 5093/6213/6261
f 5074/6195/6244 5097/6216/6264 5095/6214/6262
f 5076/6197/6246 5099/6218/6266 5097/6216/6264
f 5078/6199/6248 5100/6221/6269 5099/6218/6266
f 5081/6200/6249 5102/6223/6271 5100/6221/6269
f 5085/6204/6253 5102/6223/6271 5083/6202/6251
f 5085/6207/6253 5106/6228/6275 5104/6225/6273
f 5087/6206/6255 5108/6231/6278 5106/6228/6275
f 5089/6209/6257 5092/6212/6260 5108/6231/6278
f 5141/6306/6350 5130/6253/6299 5140/6307/6351
f 5140/6307/6351 5139/6261/6306 5142/6308/6352
f 5142/6308/6352 5138/6260/6305 5143/6309/6353
f 5144/6310/6354 5138/6260/6305 5137/6311/6304
f 5145/6312/6355 5137/6258/6304 5136/6257/6303
f 5146/6313/6356 5136/6257/6303 5135/6314/6357
f 5147/6315/6358 5135/6314/6357 5134/6256/6302
f 5148/6316/6359 5134/6256/6302 5133/6255/6301
f 5149/6317/6360 5133/6255/6301 5132/6254/6300
f 5149/6317/6360 5131/6252/6298 5141/6306/6350
f 5110/6233/6280 5150/6318/6361 5151/6319/6362
f 5111/6232/6279 5152/6320/6363 5150/6318/6361
f 5112/6234/6281 5153/6321/6364 5152/6320/6363
f 5113/6235/6282 5154/6322/6365 5153/6321/6364
f 5115/6237/6284 5154/6322/6365 5114/6236/6283
f 5116/6238/6285 5155/6323/6366 5115/6237/6284
f 5117/6239/6286 5156/6324/6367 5116/6238/6285
f 5118/6241/6287 5157/6325/6368 5117/6240/6286
f 5119/6242/6288 5158/6326/6369 5118/6241/6287
f 5119/6242/6288 5151/6319/6362 5159/6327/6370
f 5140/6328/6371 4189/5309/5417 5141/6329/6372
f 5142/6330/6373 4180/5302/5410 5140/6328/6371
f 5142/6330/6373 4182/5304/5412 4181/5300/5408
f 5143/6331/6374 4184/5303/5411 4182/5304/5412
f 5144/6332/6375 4185/5306/5414 4184/5303/5411
f 5146/6333/6376 4185/5306/5414 5145/6334/6377
f 5147/6335/6378 4186/5305/5413 5146/6333/6376
f 5147/6335/6378 4188/5308/5416 4187/5307/5415
f 5148/6336/6379 4183/5301/5409 4188/5308/5416
f 5149/6337/6380 4189/5309/5417 4183/5301/5409
f 5150/6338/6381 5129/6251/6297 5151/6339/6382
f 5150/6338/6381 5121/6243/6289 5120/6245/6291
f 5152/6340/6383 5122/6247/6293 5121/6243/6289
f 5154/6341/6384 5122/6247/6293 5153/6342/6385
f 5155/6343/6386 5124/6246/6292 5154/6341/6384
f 5156/6344/6387 5125/6248/6294 5155/6343/6386
f 5157/6345/6388 5126/6346/6389 5156/6344/6387
f 5157/6345/6388 5128/6250/6296 5127/6249/6295
f 5158/6347/6390 5123/6244/6290 5128/6250/6296
f 5159/6348/6391 5129/6251/6297 5123/6244/6290
f 5160/6349/6392 5162/6350/6393 5163/6351/6394
f 5161/6352/6395 5165/6353/6396 5162/6350/6393
f 5166/6354/6397 5165/6353/6396 5164/6355/6398
f 5167/6356/6399 5168/6357/6400 5169/6358/6401
f 5169/6358/6401 5170/6359/6402 5171/6360/6403
f 5171/6360/6403 5172/6361/6404 5173/6362/6405
f 5174/6363/6406 5176/6364/6407 5177/6365/6408
f 5160/6349/6392 5179/6366/6409 5161/6352/6395
f 5180/6367/6410 5161/6352/6395 5179/6366/6409
f 5166/6354/6397 5180/6367/6410 5181/6368/6411
f 5168/6357/6400 5181/6368/6411 5182/6369/6412
f 5170/6359/6402 5182/6369/6412 5183/6370/6413
f 5183/6370/6413 5172/6361/6404 5170/6359/6402
f 5186/6371/6414 5174/6363/6406 5185/6372/6415
f 5178/6373/6416 5188/6374/6417 5179/6366/6409
f 5189/6375/6418 5179/6366/6409 5188/6374/6417
f 5181/6368/6411 5189/6375/6418 5190/6376/6419
f 5182/6369/6412 5190/6376/6419 5191/6377/6420
f 5183/6370/6413 5191/6377/6420 5192/6378/6421
f 5192/6378/6421 5184/6379/6422 5183/6370/6413
f 5185/6372/6415 5195/6380/6423 5186/6371/6414
f 5197/6381/6424 5187/6382/6425 5196/6383/6426
f 5198/6384/6427 5188/6374/6417 5197/6381/6424
f 5199/6385/6428 5189/6375/6418 5198/6384/6427
f 5200/6386/6429 5190/6376/6419 5199/6385/6428
f 5201/6387/6430 5191/6377/6420 5200/6386/6429
f 5202/6388/6431 5192/6378/6421 5201/6387/6430
f 5203/6389/6432 5195/6380/6423 5194/6390/6433
f 5205/6391/6434 5197/6381/6424 5196/6383/6426
f 5206/6392/6435 5198/6384/6427 5197/6381/6424
f 5207/6393/6436 5199/6385/6428 5198/6384/6427
f 5199/6385/6428 5209/6394/6437 5200/6386/6429
f 5200/6386/6429 5210/6395/6438 5201/6387/6430
f 5201/6387/6430 5211/6396/6439 5202/6388/6431
f 5203/6389/6432 5213/6397/6440 5204/6398/6441
f 5214/6399/6442 5206/6392/6435 5205/6391/6434
f 5215/6400/6443 5207/6393/6436 5206/6392/6435
f 5216/6401/6444 5208/6402/6445 5207/6393/6436
f 5218/6403/6446 5208/6402/6445 5217/6404/6447
f 5219/6405/6448 5209/6394/6437 5218/6403/6446
f 5210/6395/6438 5220/6406/6449 5211/6396/6439
f 5222/6407/6450 5212/6408/6451 5221/6409/6452
f 5223/6410/6453 5225/6411/6454 5226/6412/6455
f 5224/6413/6456 5228/6414/6457 5225/6411/6454
f 5227/6415/6458 5230/6416/6459 5228/6414/6457
f 5229/6417/6460 5232/6418/6461 5230/6416/6459
f 5231/6419/6462 5234/6420/6463 5232/6418/6461
f 5234/6420/6463 5235/6421/6464 5236/6422/6465
f 5238/6423/6466 5240/6424/6467 5237/6425/6468
f 5241/6426/6469 5243/6427/6470 5244/6428/6471
f 5242/6429/6472 5246/6430/6473 5243/6427/6470
f 5245/6431/6474 5248/6432/6475 5246/6430/6473
f 5247/6433/6476 5250/6434/6477 5248/6432/6475
f 5249/6435/6478 5252/6436/6479 5250/6434/6477
f 5252/6436/6479 5253/6437/6480 5254/6438/6481
f 5256/6439/6482 5258/6440/6483 5255/6441/6484
f 5259/6442/6485 5261/6443/6486 5262/6444/6487
f 5260/6445/6488 5264/6446/6489 5261/6443/6486
f 5263/6447/6490 5266/6448/6491 5264/6446/6489
f 5265/6449/6492 5268/6450/6493 5266/6448/6491
f 5267/6451/6494 5270/6452/6495 5268/6450/6493
f 5270/6452/6495 5271/6453/6496 5272/6454/6497
f 5274/6455/6498 5276/6456/6499 5273/6457/6500
f 5277/6458/6501 5279/6459/6502 5280/6460/6503
f 5278/6461/6504 5282/6462/6505 5279/6459/6502
f 5281/6463/6506 5284/6464/6507 5282/6462/6505
f 5283/6465/6508 5286/6466/6509 5284/6464/6507
f 5285/6467/6510 5288/6468/6511 5286/6466/6509
f 5288/6468/6511 5289/6469/6512 5290/6470/6513
f 5292/6471/6514 5294/6472/6515 5291/6473/6516
f 5295/6474/6517 5297/6475/6518 5298/6476/6519
f 5296/6477/6520 5300/6478/6521 5297/6475/6518
f 5299/6479/6522 5302/6480/6523 5300/6478/6521
f 5303/6481/6524 5302/6480/6523 5301/6482/6525
f 5305/6483/6526 5304/6484/6527 5303/6481/6524
f 5306/6485/6528 5307/6486/6529 5308/6487/6530
f 5309/6488/6531 5311/6489/6532 5312/6490/6533
f 5313/6491/6534 5315/6492/6535 5316/6493/6536
f 5316/6493/6536 5317/6494/6537 5318/6495/6538
f 5318/6495/6538 5319/6496/6539 5320/6497/6540
f 5321/6498/6541 5320/6497/6540 5319/6496/6539
f 5321/6498/6541 5324/6499/6542 5322/6500/6543
f 5323/6501/6544 5326/6502/6545 5324/6499/6542
f 5327/6503/6546 5329/6504/6547 5330/6505/6548
f 5331/6506/6549 5333/6507/6550 5334/6508/6551
f 5336/6509/6552 5332/6510/6553 5335/6511/6554
f 5338/6512/6555 5335/6511/6554 5337/6513/6556
f 5339/6514/6557 5338/6512/6555 5337/6513/6556
f 5341/6515/6558 5340/6516/6559 5339/6514/6557
f 5343/6517/6560 5342/6518/6561 5341/6515/6558
f 5346/6519/6562 5348/6520/6563 5345/6521/6564
f 5349/6522/6565 5332/6510/6553 5331/6506/6549
f 5350/6523/6566 5335/6511/6554 5332/6510/6553
f 5351/6524/6567 5337/6513/6556 5335/6511/6554
f 5353/6525/6568 5337/6513/6556 5352/6526/6569
f 5339/6514/6557 5354/6527/6570 5341/6515/6558
f 5341/6515/6558 5355/6528/6571 5343/6517/6560
f 5346/6519/6562 5356/6529/6572 5357/6530/6573
f 5359/6531/6574 5361/6532/6575 5358/6533/6576
f 5360/6534/6577 5363/6535/6578 5361/6532/6575
f 5364/6536/6579 5358/6533/6576 5361/6532/6575
f 5366/6537/6580 5368/6538/6581 5365/6539/6582
f 5367/6540/6583 5370/6541/6584 5368/6538/6581
f 5371/6542/6585 5365/6539/6582 5368/6538/6581
f 5295/6474/6517 5316/6493/6536 5296/6477/6520
f 5318/6495/6538 5296/6477/6520 5316/6493/6536
f 5320/6497/6540 5299/6479/6522 5318/6495/6538
f 5301/6482/6525 5322/6500/6543 5303/6481/6524
f 5322/6500/6543 5305/6483/6526 5303/6481/6524
f 5324/6499/6542 5307/6486/6529 5305/6483/6526
f 5330/6505/6548 5310/6543/6586 5309/6488/6531
f 5277/6458/6501 5297/6475/6518 5278/6461/6504
f 5300/6478/6521 5278/6461/6504 5297/6475/6518
f 5302/6480/6523 5281/6463/6506 5300/6478/6521
f 5302/6480/6523 5285/6467/6510 5283/6465/6508
f 5304/6484/6527 5287/6544/6587 5285/6467/6510
f 5306/6485/6528 5289/6469/6512 5287/6544/6587
f 5311/6489/6532 5291/6473/6516 5312/6490/6533
f 5259/6442/6485 5279/6459/6502 5260/6445/6488
f 5279/6459/6502 5263/6447/6490 5260/6445/6488
f 5282/6462/6505 5265/6449/6492 5263/6447/6490
f 5284/6464/6507 5267/6451/6494 5265/6449/6492
f 5286/6466/6509 5269/6545/6588 5267/6451/6494
f 5288/6468/6511 5271/6453/6496 5269/6545/6588
f 5293/6546/6589 5273/6457/6500 5294/6472/6515
f 5314/6547/6590 5333/6507/6550 5315/6492/6535
f 5315/6492/6535 5336/6509/6552 5317/6494/6537
f 5317/6494/6537 5338/6512/6555 5319/6496/6539
f 5338/6512/6555 5321/6498/6541 5319/6496/6539
f 5340/6516/6559 5323/6501/6544 5321/6498/6541
f 5342/6518/6561 5325/6548/6591 5323/6501/6544
f 5348/6520/6563 5328/6549/6592 5327/6503/6546
f 5241/6426/6469 5261/6443/6486 5242/6429/6472
f 5261/6443/6486 5245/6431/6474 5242/6429/6472
f 5264/6446/6489 5247/6433/6476 5245/6431/6474
f 5266/6448/6491 5249/6435/6478 5247/6433/6476
f 5268/6450/6493 5251/6550/6593 5249/6435/6478
f 5270/6452/6495 5253/6437/6480 5251/6550/6593
f 5275/6551/6594 5255/6441/6484 5276/6456/6499
f 5223/6410/6453 5243/6427/6470 5224/6413/6456
f 5243/6427/6470 5227/6415/6458 5224/6413/6456
f 5246/6430/6473 5229/6417/6460 5227/6415/6458
f 5248/6432/6475 5231/6419/6462 5229/6417/6460
f 5250/6434/6477 5233/6552/6595 5231/6419/6462
f 5252/6436/6479 5235/6421/6464 5233/6552/6595
f 5257/6553/6596 5237/6425/6468 5258/6440/6483
f 5226/6412/6455 5215/6400/6443 5214/6399/6442
f 5225/6411/6454 5216/6401/6444 5215/6400/6443
f 5228/6414/6457 5217/6404/6447 5216/6401/6444
f 5230/6416/6459 5218/6403/6446 5217/6404/6447
f 5218/6403/6446 5234/6420/6463 5219/6405/6448
f 5219/6405/6448 5236/6422/6465 5220/6406/6449
f 5239/6554/6597 5221/6409/6452 5240/6424/6467
f 5163/6351/6394 5361/6555/6598 5176/6364/6407
f 5173/6362/6405 5177/6556/6408 5363/6557/6599
f 5349/6522/6565 5357/6530/6573 5366/6558/6600
f 5356/6559/6572 5355/6528/6571 5367/6560/6601
f 5163/6351/6394 5175/6561/6602 5160/6349/6392
f 5162/6350/6393 5361/6555/6598 5163/6351/6394
f 5165/6353/6396 5364/6562/6603 5162/6350/6393
f 5167/6356/6399 5358/6563/6604 5165/6353/6396
f 5167/6356/6399 5360/6564/6605 5359/6565/6606
f 5169/6358/6401 5362/6566/6607 5360/6564/6605
f 5173/6362/6405 5174/6567/6406 5177/6556/6408
f 5171/6360/6403 5363/6557/6599 5362/6566/6607
f 5176/6364/6407 5363/6568/6599 5177/6365/6408
f 5178/6373/6416 5175/6561/6602 5186/6371/6414
f 5184/6379/6422 5174/6567/6406 5172/6361/6404
f 5187/6382/6425 5186/6371/6414 5195/6380/6423
f 5193/6569/6608 5185/6570/6415 5184/6379/6422
f 5196/6383/6426 5195/6380/6423 5204/6398/6441
f 5202/6388/6431 5194/6571/6433 5193/6569/6608
f 5196/6383/6426 5213/6397/6440 5205/6391/6434
f 5202/6388/6431 5212/6572/6451 5203/6573/6432
f 5205/6391/6434 5222/6407/6450 5214/6399/6442
f 5211/6396/6439 5221/6574/6452 5212/6572/6451
f 5223/6410/6453 5239/6554/6597 5238/6423/6466
f 5236/6422/6465 5237/6575/6468 5240/6576/6467
f 5241/6426/6469 5257/6553/6596 5256/6439/6482
f 5254/6438/6481 5255/6577/6484 5258/6578/6483
f 5259/6442/6485 5275/6551/6594 5274/6455/6498
f 5272/6454/6497 5273/6579/6500 5276/6580/6499
f 5277/6458/6501 5293/6546/6589 5292/6471/6514
f 5290/6470/6513 5291/6581/6516 5294/6582/6515
f 5298/6476/6519 5310/6543/6586 5295/6474/6517
f 5308/6487/6530 5309/6583/6531 5312/6584/6533
f 5314/6547/6590 5329/6504/6547 5328/6549/6592
f 5325/6548/6591 5330/6585/6548 5326/6502/6545
f 5334/6508/6551 5346/6519/6562 5331/6506/6549
f 5344/6586/6609 5345/6587/6564 5348/6588/6563
f 5331/6506/6549 5357/6530/6573 5349/6522/6565
f 5350/6523/6566 5366/6558/6600 5365/6589/6610
f 5351/6524/6567 5365/6589/6610 5371/6590/6611
f 5352/6526/6569 5371/6590/6611 5368/6591/6612
f 5352/6526/6569 5370/6592/6613 5353/6525/6568
f 5353/6525/6568 5369/6593/6614 5354/6527/6570
f 5354/6527/6570 5367/6560/6601 5355/6528/6571
f 5343/6517/6560 5356/6559/6572 5345/6587/6564
f 5357/6530/6573 5367/6594/6601 5366/6558/6600
f 5313/6491/6534 5310/6543/6586 5329/6504/6547
f 5326/6502/6545 5309/6583/6531 5307/6486/6529
f 5298/6476/6519 5292/6471/6514 5311/6489/6532
f 5308/6487/6530 5291/6581/6516 5289/6469/6512
f 5280/6460/6503 5274/6455/6498 5293/6546/6589
f 5294/6582/6515 5271/6453/6496 5290/6470/6513
f 5334/6508/6551 5328/6549/6592 5347/6595/6615
f 5344/6586/6609 5327/6596/6546 5325/6548/6591
f 5262/6444/6487 5256/6439/6482 5275/6551/6594
f 5276/6580/6499 5253/6437/6480 5272/6454/6497
f 5244/6428/6471 5238/6423/6466 5257/6553/6596
f 5258/6578/6483 5235/6421/6464 5254/6438/6481
f 5214/6399/6442 5239/6554/6597 5226/6412/6455
f 5240/6576/6467 5220/6406/6449 5236/6422/6465
f 1/81/167 2/85/171 3/82/168
f 2/85/171 1/81/167 6/86/172
f 7/87/173 6/86/172 8/88/174
f 11/90/176 12/2295/2369 13/91/177
f 10/92/178 13/91/177 15/93/179
f 14/94/180 15/93/179 17/95/181
f 19/97/183 20/2300/2374 21/98/184
f 22/100/186 18/99/185 21/98/184
f 22/100/186 23/101/187 25/102/188
f 26/104/190 27/2656/2730 28/105/191
f 28/105/191 30/2659/2733 31/107/193
f 31/107/193 30/2659/2733 32/108/194
f 35/110/196 36/1046/1132 37/111/197
f 34/112/198 37/111/197 39/113/199
f 39/113/199 40/1047/1133 41/115/201
f 42/116/202 43/119/205 44/117/203
f 43/119/205 46/121/207 47/120/206
f 46/121/207 48/1148/1234 49/122/208
f 50/123/209 51/890/976 52/124/210
f 50/123/209 53/125/211 55/126/212
f 54/127/213 55/126/212 56/128/214
f 58/130/216 59/6597/1241 60/131/217
f 62/133/219 58/130/216 61/132/218
f 64/135/221 62/133/219 63/134/220
f 67/140/226 68/6598/1250 69/141/227
f 71/143/229 67/140/226 70/142/228
f 73/145/231 71/143/229 72/144/230
f 75/147/233 76/2667/2741 77/148/234
f 80/150/236 81/2408/2482 82/151/237
f 79/152/238 82/151/237 84/153/239
f 83/154/240 84/153/239 86/155/241
f 87/157/243 88/6599/1264 89/158/244
f 91/160/246 87/157/243 90/159/245
f 93/162/248 91/160/246 92/161/247
f 95/164/250 96/6600/6616 97/165/251
f 100/167/253 101/2403/2477 102/168/254
f 99/169/255 102/168/254 104/170/256
f 103/171/257 104/170/256 106/172/258
f 107/174/260 108/6601/1278 109/175/261
f 111/177/263 107/174/260 110/176/262
f 113/179/265 111/177/263 112/178/264
f 115/181/267 116/6602/6617 117/182/268
f 120/184/270 121/2404/2478 122/185/271
f 119/186/272 122/185/271 124/187/273
f 123/188/274 124/187/273 126/189/275
f 35/191/277 52/1022/1108 127/192/278
f 129/194/280 130/2407/2481 131/195/281
f 128/196/282 131/195/281 133/197/283
f 132/198/284 133/197/283 135/199/285
f 137/201/287 138/204/290 139/202/288
f 138/204/290 140/206/292 141/205/291
f 140/206/292 142/208/294 143/207/293
f 137/201/287 26/104/190 29/106/192
f 29/106/192 31/107/193 140/206/292
f 31/107/193 33/109/195 142/208/294
f 35/110/196 34/112/198 53/125/211
f 34/112/198 38/114/200 55/126/212
f 38/114/200 41/115/201 56/128/214
f 145/209/295 146/212/298 147/210/296
f 146/212/298 148/215/301 149/213/299
f 150/214/300 151/2681/2755 149/213/299
f 153/217/303 154/1239/1313 155/218/304
f 157/220/306 153/217/303 156/219/305
f 159/222/308 157/220/306 158/221/307
f 161/224/310 162/1245/1319 163/225/311
f 161/224/310 164/226/312 166/227/313
f 165/228/314 166/227/313 168/229/315
f 170/231/317 171/2695/2769 172/232/318
f 172/232/318 171/2695/2769 173/234/320
f 175/236/322 174/235/321 173/234/320
f 178/238/324 179/241/327 180/239/325
f 179/241/327 181/243/329 182/242/328
f 181/243/329 183/1049/1135 184/244/330
f 186/245/331 187/249/335 188/246/332
f 189/248/334 190/251/337 187/249/335
f 191/250/336 192/2305/2379 190/251/337
f 194/252/338 195/255/341 196/253/339
f 195/255/341 197/340/426 198/256/342
f 198/256/342 197/340/426 199/257/343
f 203/262/348 204/2330/2404 205/263/349
f 202/264/350 205/263/349 207/265/351
f 206/266/352 207/265/351 209/267/353
f 211/269/355 212/285/371 213/270/356
f 214/272/358 215/1281/1355 216/273/359
f 218/275/361 214/272/358 217/274/360
f 220/277/363 218/275/361 219/276/362
f 223/279/365 224/2708/2782 225/280/366
f 227/282/368 228/2320/2394 229/283/369
f 226/284/370 229/283/369 212/285/371
f 230/286/372 231/1294/1368 232/287/373
f 234/289/375 230/286/372 233/288/374
f 236/291/377 234/289/375 235/290/376
f 239/293/379 240/2709/2783 241/294/380
f 243/296/382 244/2324/2398 245/297/383
f 242/298/384 245/297/383 247/299/385
f 246/300/386 247/299/385 249/301/387
f 250/303/389 251/1308/1382 252/304/390
f 254/306/392 250/303/389 253/305/391
f 256/308/394 254/306/392 255/307/393
f 259/310/396 260/2710/2784 261/311/397
f 263/313/399 264/2327/2401 265/314/400
f 262/315/401 265/314/400 267/316/402
f 266/317/403 267/316/402 269/318/404
f 270/320/406 271/1322/1396 272/321/407
f 274/323/409 270/320/406 273/322/408
f 276/325/411 274/323/409 275/324/410
f 278/327/413 279/1087/1173 280/328/414
f 184/330/416 183/1079/1165 282/331/417
f 284/333/419 285/337/423 286/334/420
f 287/336/422 288/339/425 285/337/423
f 279/338/424 278/6603/6618 288/339/425
f 283/335/421 169/233/319 172/232/318
f 284/333/419 172/232/318 174/235/321
f 174/235/321 175/236/322 279/338/424
f 180/239/325 195/255/341 194/252/338
f 195/255/341 180/239/325 182/242/328
f 197/340/426 182/242/328 184/244/330
f 290/341/427 291/344/430 292/342/428
f 291/344/430 293/346/432 294/345/431
f 293/346/432 295/2094/2168 296/347/433
f 297/348/434 298/2316/2390 299/349/435
f 300/350/436 299/349/435 301/351/437
f 302/352/438 301/351/437 290/341/427
f 303/353/439 304/365/451 305/354/440
f 307/356/442 303/353/439 306/355/441
f 309/358/444 307/356/442 308/357/443
f 312/360/446 313/2352/2426 314/361/447
f 311/362/448 314/361/447 316/363/449
f 315/364/450 316/363/449 305/354/440
f 317/366/452 318/378/464 319/367/453
f 321/369/455 317/366/452 320/368/454
f 321/369/455 322/370/456 324/371/457
f 326/373/459 327/2361/2435 328/374/460
f 329/376/462 325/375/461 328/374/460
f 329/376/462 330/377/463 319/367/453
f 332/379/465 333/2737/2811 334/380/466
f 334/380/466 333/2737/2811 335/382/468
f 337/384/470 336/383/469 335/382/468
f 339/386/472 340/2740/2814 341/387/473
f 341/387/473 343/2743/2817 344/389/475
f 344/389/475 343/2743/2817 332/379/465
f 346/390/476 347/393/479 348/391/477
f 347/393/479 349/395/481 350/394/480
f 349/395/481 351/1050/1136 352/396/482
f 354/397/483 355/1051/1137 356/398/484
f 353/399/485 356/398/484 358/400/486
f 357/401/487 358/400/486 346/390/476
f 360/402/488 361/406/492 362/403/489
f 363/405/491 364/408/494 361/406/492
f 365/407/493 366/2343/2417 364/408/494
f 367/409/495 368/412/498 369/410/496
f 368/412/498 371/414/500 372/413/499
f 371/414/500 359/404/490 362/403/489
f 374/415/501 375/418/504 376/416/502
f 375/418/504 377/574/660 378/419/505
f 378/419/505 377/574/660 379/420/506
f 199/257/343 381/575/661 382/422/508
f 382/422/508 381/575/661 383/423/509
f 384/424/510 383/423/509 374/415/501
f 389/428/514 390/2329/2403 391/429/515
f 388/430/516 391/429/515 393/431/517
f 392/432/518 393/431/517 395/433/519
f 396/435/521 394/434/520 395/433/519
f 398/437/523 396/435/521 397/436/522
f 400/439/525 398/437/523 399/438/524
f 406/444/530 407/475/561 408/445/531
f 409/447/533 405/446/532 408/445/531
f 411/449/535 409/447/533 410/448/534
f 413/451/537 411/449/535 412/450/536
f 415/453/539 416/2759/2833 417/454/540
f 420/456/542 421/2331/2405 422/457/543
f 419/458/544 422/457/543 424/459/545
f 423/460/546 424/459/545 426/461/547
f 427/463/549 425/462/548 426/461/547
f 429/465/551 427/463/549 428/464/550
f 431/467/553 429/465/551 430/466/552
f 434/469/555 435/2760/2834 436/470/556
f 438/472/558 439/2318/2392 440/473/559
f 437/474/560 440/473/559 407/475/561
f 441/476/562 442/507/593 443/477/563
f 445/479/565 441/476/562 444/478/564
f 447/481/567 445/479/565 446/480/566
f 450/483/569 451/2761/2835 452/484/570
f 454/486/572 455/2323/2397 456/487/573
f 453/488/574 456/487/573 458/489/575
f 457/490/576 458/489/575 460/491/577
f 461/493/579 459/492/578 460/491/577
f 463/495/581 461/493/579 462/494/580
f 465/497/583 463/495/581 464/496/582
f 467/499/585 468/6604/6619 469/500/586
f 472/502/588 473/2321/2395 474/503/589
f 471/504/590 474/503/589 476/505/591
f 475/506/592 476/505/591 443/477/563
f 477/508/594 478/539/625 479/509/595
f 481/511/597 477/508/594 480/510/596
f 483/513/599 481/511/597 482/512/598
f 486/515/601 487/2762/2836 488/516/602
f 490/518/604 491/2326/2400 492/519/605
f 489/520/606 492/519/605 494/521/607
f 493/522/608 494/521/607 496/523/609
f 497/525/611 495/524/610 496/523/609
f 499/527/613 497/525/611 498/526/612
f 501/529/615 499/527/613 500/528/614
f 503/531/617 504/6605/6620 505/532/618
f 508/534/620 509/2325/2399 510/535/621
f 507/536/622 510/535/621 512/537/623
f 511/538/624 512/537/623 479/509/595
f 513/540/626 514/560/646 515/541/627
f 517/543/629 513/540/626 516/542/628
f 519/545/631 517/543/629 518/544/630
f 521/547/633 522/1078/1164 523/548/634
f 352/550/636 351/1070/1156 525/551/637
f 354/553/639 199/332/418 282/331/417
f 527/555/641 528/2763/2837 529/556/642
f 526/557/643 529/556/642 531/558/644
f 530/559/645 531/558/644 515/541/627
f 533/561/647 534/565/651 535/562/648
f 536/564/650 537/567/653 534/565/651
f 522/566/652 521/6606/6621 537/567/653
f 539/568/654 540/571/657 541/569/655
f 540/571/657 542/573/659 543/572/658
f 542/573/659 532/563/649 535/562/648
f 532/563/649 331/381/467 334/380/466
f 533/561/647 334/380/466 336/383/469
f 336/383/469 337/384/470 522/566/652
f 539/568/654 339/386/472 342/388/474
f 342/388/474 344/389/475 542/573/659
f 344/389/475 331/381/467 532/563/649
f 348/391/477 375/418/504 374/415/501
f 375/418/504 348/391/477 350/394/480
f 377/574/660 350/394/480 352/396/482
f 354/397/483 353/399/485 381/575/661
f 353/399/485 357/401/487 383/423/509
f 357/401/487 345/392/478 374/415/501
f 545/576/662 546/579/665 547/577/663
f 546/579/665 548/581/667 549/580/666
f 548/581/667 550/2086/2160 551/582/668
f 552/583/669 553/2314/2388 554/584/670
f 555/585/671 554/584/670 556/586/672
f 557/587/673 556/586/672 545/576/662
f 558/588/674 559/600/686 560/589/675
f 562/591/677 558/588/674 561/590/676
f 564/593/679 562/591/677 563/592/678
f 567/595/681 568/2392/2466 569/596/682
f 566/597/683 569/596/682 571/598/684
f 570/599/685 571/598/684 560/589/675
f 572/601/687 573/613/699 574/602/688
f 572/601/687 575/603/689 577/604/690
f 576/605/691 577/604/690 579/606/692
f 581/608/694 582/2401/2475 583/609/695
f 584/611/697 580/610/696 583/609/695
f 584/611/697 585/612/698 574/602/688
f 587/614/700 588/2792/2866 589/615/701
f 589/615/701 588/2792/2866 590/617/703
f 592/619/705 591/618/704 590/617/703
f 594/621/707 595/2795/2869 596/622/708
f 596/622/708 598/2798/2872 599/624/710
f 599/624/710 598/2798/2872 587/614/700
f 601/625/711 602/628/714 603/626/712
f 602/628/714 604/630/716 605/629/715
f 604/630/716 606/1053/1139 607/631/717
f 609/632/718 610/1054/1140 611/633/719
f 608/634/720 611/633/719 613/635/721
f 612/636/722 613/635/721 601/625/711
f 615/637/723 616/641/727 617/638/724
f 618/640/726 619/643/729 616/641/727
f 620/642/728 621/2383/2457 619/643/729
f 622/644/730 623/647/733 624/645/731
f 623/647/733 626/649/735 627/648/734
f 626/649/735 614/639/725 617/638/724
f 629/650/736 630/653/739 631/651/737
f 630/653/739 632/809/895 633/654/740
f 633/654/740 632/809/895 634/655/741
f 379/420/506 636/810/896 637/657/743
f 637/657/743 636/810/896 638/658/744
f 639/659/745 638/658/744 629/650/736
f 644/663/749 645/2371/2445 646/664/750
f 643/665/751 646/664/750 648/666/752
f 647/667/753 648/666/752 650/668/754
f 651/670/756 649/669/755 650/668/754
f 653/672/758 651/670/756 652/671/757
f 655/674/760 653/672/758 654/673/759
f 661/679/765 662/710/796 663/680/766
f 664/682/768 660/681/767 663/680/766
f 666/684/770 664/682/768 665/683/769
f 668/686/772 666/684/770 667/685/771
f 670/688/774 671/2812/2886 672/689/775
f 675/691/777 676/2328/2402 677/692/778
f 674/693/779 677/692/778 679/694/780
f 678/695/781 679/694/780 681/696/782
f 682/698/784 680/697/783 681/696/782
f 684/700/786 682/698/784 683/699/785
f 686/702/788 684/700/786 685/701/787
f 689/704/790 690/2813/2887 691/705/791
f 693/707/793 694/2365/2439 695/708/794
f 692/709/795 695/708/794 662/710/796
f 696/711/797 697/742/828 698/712/798
f 700/714/800 696/711/797 699/713/799
f 702/716/802 700/714/800 701/715/801
f 705/718/804 706/2814/2888 707/719/805
f 709/721/807 710/2368/2442 711/722/808
f 708/723/809 711/722/808 713/724/810
f 712/725/811 713/724/810 715/726/812
f 716/728/814 714/727/813 715/726/812
f 718/730/816 716/728/814 717/729/815
f 720/732/818 718/730/816 719/731/817
f 722/734/820 723/6607/6622 724/735/821
f 727/737/823 728/2319/2393 729/738/824
f 726/739/825 729/738/824 731/740/826
f 730/741/827 731/740/826 698/712/798
f 732/743/829 733/774/860 734/744/830
f 736/746/832 732/743/829 735/745/831
f 738/748/834 736/746/832 737/747/833
f 741/750/836 742/2815/2889 743/751/837
f 745/753/839 746/2369/2443 747/754/840
f 744/755/841 747/754/840 749/756/842
f 748/757/843 749/756/842 751/758/844
f 752/760/846 750/759/845 751/758/844
f 754/762/848 752/760/846 753/761/847
f 756/764/850 754/762/848 755/763/849
f 758/766/852 759/6608/6623 760/767/853
f 763/769/855 764/2322/2396 765/770/856
f 762/771/857 765/770/856 767/772/858
f 766/773/859 767/772/858 734/744/830
f 768/775/861 769/795/881 770/776/862
f 772/778/864 768/775/861 771/777/863
f 774/780/866 772/778/864 773/779/865
f 776/782/868 777/1069/1155 778/783/869
f 607/785/871 606/1061/1147 780/786/872
f 609/788/874 379/552/638 525/551/637
f 782/790/876 783/2816/2890 784/791/877
f 781/792/878 784/791/877 786/793/879
f 785/794/880 786/793/879 770/776/862
f 788/796/882 789/800/886 790/797/883
f 791/799/885 792/802/888 789/800/886
f 777/801/887 776/6609/6624 792/802/888
f 794/803/889 795/806/892 796/804/890
f 795/806/892 797/808/894 798/807/893
f 797/808/894 787/798/884 790/797/883
f 787/798/884 586/616/702 589/615/701
f 788/796/882 589/615/701 591/618/704
f 591/618/704 592/619/705 777/801/887
f 794/803/889 594/621/707 597/623/709
f 597/623/709 599/624/710 797/808/894
f 599/624/710 586/616/702 787/798/884
f 603/626/712 630/653/739 629/650/736
f 630/653/739 603/626/712 605/629/715
f 632/809/895 605/629/715 607/631/717
f 609/632/718 608/634/720 636/810/896
f 608/634/720 612/636/722 638/658/744
f 612/636/722 600/627/713 629/650/736
f 800/811/897 801/814/900 802/812/898
f 801/814/900 803/816/902 804/815/901
f 803/816/902 805/2078/2152 806/817/903
f 807/818/904 808/2364/2438 809/819/905
f 810/820/906 809/819/905 811/821/907
f 812/822/908 811/821/907 800/811/897
f 813/823/909 814/835/921 815/824/910
f 817/826/912 813/823/909 816/825/911
f 819/828/914 817/826/912 818/827/913
f 822/830/916 823/2431/2505 824/831/917
f 821/832/918 824/831/917 826/833/919
f 825/834/920 826/833/919 815/824/910
f 827/836/922 828/848/934 829/837/923
f 827/836/922 830/838/924 832/839/925
f 831/840/926 832/839/925 834/841/927
f 836/843/929 837/2440/2514 838/844/930
f 839/846/932 835/845/931 838/844/930
f 839/846/932 840/847/933 829/837/923
f 842/849/935 843/2844/2918 844/850/936
f 844/850/936 843/2844/2918 845/852/938
f 847/854/940 846/853/939 845/852/938
f 849/856/942 850/2847/2921 851/857/943
f 851/857/943 853/2850/2924 854/859/945
f 854/859/945 853/2850/2924 842/849/935
f 856/860/946 857/863/949 858/861/947
f 857/863/949 859/865/951 860/864/950
f 859/865/951 861/1058/1144 862/866/952
f 864/867/953 865/1059/1145 866/868/954
f 863/869/955 866/868/954 868/870/956
f 868/870/956 856/860/946 855/862/948
f 870/872/958 871/876/962 872/873/959
f 873/875/961 874/878/964 871/876/962
f 875/877/963 876/2422/2496 874/878/964
f 877/879/965 878/882/968 879/880/966
f 878/882/968 881/884/970 882/883/969
f 881/884/970 869/874/960 872/873/959
f 884/885/971 885/888/974 886/886/972
f 885/888/974 887/1044/1130 888/889/975
f 888/889/975 887/1044/1130 52/124/210
f 634/655/741 889/1045/1131 890/891/977
f 890/891/977 889/1045/1131 891/892/978
f 892/893/979 891/892/978 884/885/971
f 897/897/983 898/2410/2484 899/898/984
f 896/899/985 899/898/984 901/900/986
f 900/901/987 901/900/986 903/902/988
f 904/904/990 902/903/989 903/902/988
f 906/906/992 904/904/990 905/905/991
f 908/908/994 906/906/992 907/907/993
f 914/913/999 915/944/1030 916/914/1000
f 917/916/1002 913/915/1001 916/914/1000
f 919/918/1004 917/916/1002 918/917/1003
f 921/920/1006 919/918/1004 920/919/1005
f 923/922/1008 924/2864/2938 925/923/1009
f 928/925/1011 929/2370/2444 930/926/1012
f 927/927/1013 930/926/1012 932/928/1014
f 931/929/1015 932/928/1014 934/930/1016
f 935/932/1018 933/931/1017 934/930/1016
f 937/934/1020 935/932/1018 936/933/1019
f 939/936/1022 937/934/1020 938/935/1021
f 942/938/1024 943/2409/2483 944/939/1025
f 946/941/1027 947/2865/2939 948/942/1028
f 945/943/1029 948/942/1028 915/944/1030
f 949/945/1031 950/976/1062 951/946/1032
f 953/948/1034 949/945/1031 952/947/1033
f 955/950/1036 953/948/1034 954/949/1035
f 958/952/1038 959/2866/2940 960/953/1039
f 962/955/1041 963/2405/2479 964/956/1042
f 961/957/1043 964/956/1042 966/958/1044
f 965/959/1045 966/958/1044 968/960/1046
f 969/962/1048 967/961/1047 968/960/1046
f 971/964/1050 969/962/1048 970/963/1049
f 973/966/1052 971/964/1050 972/965/1051
f 975/968/1054 976/6610/6625 977/969/1055
f 980/971/1057 981/2366/2440 982/972/1058
f 979/973/1059 982/972/1058 984/974/1060
f 983/975/1061 984/974/1060 951/946/1032
f 985/977/1063 986/1008/1094 987/978/1064
f 989/980/1066 985/977/1063 988/979/1065
f 991/982/1068 989/980/1066 990/981/1067
f 994/984/1070 995/2867/2941 996/985/1071
f 998/987/1073 999/2406/2480 1000/988/1074
f 997/989/1075 1000/988/1074 1002/990/1076
f 1001/991/1077 1002/990/1076 1004/992/1078
f 1005/994/1080 1003/993/1079 1004/992/1078
f 1007/996/1082 1005/994/1080 1006/995/1081
f 1009/998/1084 1007/996/1082 1008/997/1083
f 1011/1000/1086 1012/6611/6626 1013/1001/1087
f 1016/1003/1089 1017/2367/2441 1018/1004/1090
f 1015/1005/1091 1018/1004/1090 1020/1006/1092
f 1019/1007/1093 1020/1006/1092 987/978/1064
f 1021/1009/1095 1022/1030/1116 1023/1010/1096
f 1025/1012/1098 1021/1009/1095 1024/1011/1097
f 1027/1014/1100 1025/1012/1098 1026/1013/1099
f 1030/1016/1102 1031/1019/1105 1032/1017/1103
f 862/1021/1107 861/1088/1174 127/192/278
f 864/1023/1109 634/787/873 780/786/872
f 1035/1025/1111 1036/2868/2942 1037/1026/1112
f 1034/1027/1113 1037/1026/1112 1039/1028/1114
f 1038/1029/1115 1039/1028/1114 1023/1010/1096
f 1041/1031/1117 1042/1035/1121 1043/1032/1118
f 1044/1034/1120 1045/1037/1123 1042/1035/1121
f 1029/1036/1122 1032/1056/1142 1045/1037/1123
f 1047/1038/1124 1048/1041/1127 1049/1039/1125
f 1048/1041/1127 1050/1043/1129 1051/1042/1128
f 1050/1043/1129 1040/1033/1119 1043/1032/1118
f 1040/1033/1119 841/851/937 844/850/936
f 1041/1031/1117 844/850/936 846/853/939
f 846/853/939 847/854/940 1029/1036/1122
f 1047/1038/1124 849/856/942 852/858/944
f 852/858/944 854/859/945 1050/1043/1129
f 854/859/945 841/851/937 1040/1033/1119
f 858/861/947 885/888/974 884/885/971
f 885/888/974 858/861/947 860/864/950
f 887/1044/1130 860/864/950 862/866/952
f 864/867/953 863/869/955 889/1045/1131
f 863/869/955 867/871/957 891/892/978
f 867/871/957 855/862/948 884/885/971
f 36/1046/1132 136/203/289 139/202/288
f 139/202/288 141/205/291 39/113/199
f 141/205/291 143/207/293 40/1047/1133
f 1030/1016/1102 137/1094/1180 136/1048/1134
f 178/238/324 286/334/420 285/337/423
f 179/241/327 285/337/423 288/339/425
f 288/339/425 278/6603/6618 183/1049/1135
f 346/390/476 535/562/648 534/565/651
f 347/393/479 534/565/651 537/567/653
f 537/567/653 521/6606/6621 351/1050/1136
f 355/1051/1137 538/570/656 541/569/655
f 541/569/655 543/572/658 358/400/486
f 543/572/658 535/562/648 346/390/476
f 280/328/414 539/1085/1171 538/1052/1138
f 601/625/711 790/797/883 789/800/886
f 602/628/714 789/800/886 792/802/888
f 792/802/888 776/6609/6624 606/1053/1139
f 610/1054/1140 793/805/891 796/804/890
f 796/804/890 798/807/893 613/635/721
f 798/807/893 790/797/883 601/625/711
f 523/548/634 794/1076/1162 793/1055/1141
f 856/860/946 1043/1032/1118 1042/1035/1121
f 857/863/949 1042/1035/1121 1045/1037/1123
f 859/865/951 1045/1037/1123 1032/1056/1142
f 865/1059/1145 1046/1040/1126 1049/1039/1125
f 1049/1039/1125 1051/1042/1128 868/870/956
f 1051/1042/1128 1043/1032/1118 856/860/946
f 778/783/869 1047/1067/1153 1046/1060/1146
f 865/1024/1110 780/786/872 779/784/870
f 779/784/870 780/786/872 606/1061/1147
f 593/1062/1148 1052/1066/1152 1053/1063/1149
f 850/1065/1151 849/1068/1154 1053/1063/1149
f 1047/1067/1153 778/783/869 1053/1063/1149
f 1053/1063/1149 778/783/869 777/1069/1155
f 610/789/875 525/551/637 524/549/635
f 524/549/635 525/551/637 351/1070/1156
f 338/1071/1157 1054/1075/1161 1055/1072/1158
f 595/1074/1160 594/1077/1163 1055/1072/1158
f 794/1076/1162 523/548/634 1055/1072/1158
f 1055/1072/1158 523/548/634 522/1078/1164
f 355/554/640 282/331/417 281/329/415
f 281/329/415 282/331/417 183/1079/1165
f 176/1080/1166 1056/1084/1170 1057/1081/1167
f 340/1083/1169 339/1086/1172 1057/1081/1167
f 539/1085/1171 280/328/414 1057/1081/1167
f 1057/1081/1167 280/328/414 279/1087/1173
f 36/193/279 127/192/278 1031/1019/1105
f 1031/1019/1105 127/192/278 861/1088/1174
f 848/1089/1175 1058/1093/1179 1059/1090/1176
f 27/1092/1178 26/1095/1181 1059/1090/1176
f 137/1094/1180 1030/1016/1102 1059/1090/1176
f 1059/1090/1176 1030/1016/1102 1029/1018/1104
f 1060/1096/1182 1061/2234/2308 1062/1097/1183
f 1063/1098/1184 1065/2183/2257 1066/1100/1186
f 1060/1096/1182 1063/1098/1184 1067/1101/1187
f 1067/1101/1187 1070/2188/2262 1071/1104/1190
f 1074/1107/1193 1075/1109/1195 1076/1108/1194
f 1072/1105/1191 1076/1108/1194 1069/1103/1189
f 1078/1111/1197 1079/1112/1198 1069/1103/1189
f 1069/1103/1189 1081/2203/2277 1082/1114/1200
f 1060/1096/1182 1082/1114/1200 1083/1115/1201
f 1085/1117/1203 1086/2130/2204 1087/1118/1204
f 1089/1120/1206 1090/1122/1208 1091/1121/1207
f 1090/1122/1208 9/89/175 8/88/174
f 1093/1123/1209 1094/2446/2520 1095/1124/1210
f 1097/1126/1212 1093/1123/1209 1092/1125/1211
f 17/95/181 1097/1126/1212 1096/1127/1213
f 1099/1128/1214 1100/2451/2525 1101/1129/1215
f 1102/1131/1217 1103/2878/2952 1099/1128/1214
f 25/102/188 1103/2878/2952 1102/1131/1217
f 1104/1132/1218 1105/1136/1222 1106/1133/1219
f 1108/1135/1221 1109/1137/1223 1106/1133/1219
f 1108/1135/1221 33/109/195 32/108/194
f 1111/1138/1224 1112/2013/2087 1113/1139/1225
f 1115/1141/1227 1111/1138/1224 1110/1140/1226
f 41/115/201 40/1047/1133 1115/1141/1227
f 1116/1143/1229 1117/2454/2528 1118/1144/1230
f 1119/1145/1231 1118/1144/1230 1120/1146/1232
f 1121/1147/1233 1120/1146/1232 49/122/208
f 1123/1149/1235 1124/1867/1941 1125/1150/1236
f 1126/1152/1238 1122/1151/1237 1125/1150/1236
f 56/128/214 1126/1152/1238 1127/1153/1239
f 1128/1154/1240 1129/1158/1243 60/1155/217
f 1130/1157/1242 1131/1160/1245 1129/1158/1243
f 1132/1159/1244 1133/2463/2537 1131/1160/1245
f 1135/1164/1249 1136/1168/1252 69/1165/227
f 1137/1167/1251 1138/1170/1254 1136/1168/1252
f 1139/1169/1253 1140/2889/2963 1138/1170/1254
f 1141/1171/1255 1142/2461/2535 1143/1172/1256
f 1146/1174/1258 1147/2462/2536 1148/1175/1259
f 1150/1177/1261 1146/1174/1258 1145/1176/1260
f 86/1179/241 1150/1177/1261 1149/1178/1262
f 1151/1181/1263 1152/1185/1266 89/1182/244
f 1153/1184/1265 1154/1187/1268 1152/1185/1266
f 1155/1186/1267 1156/2471/2545 1154/1187/1268
f 1157/1188/1269 1158/2466/2540 1159/1189/1270
f 1162/1191/1272 1163/2464/2538 1164/1192/1273
f 1166/1194/1275 1162/1191/1272 1161/1193/1274
f 106/1196/258 1166/1194/1275 1165/1195/1276
f 1167/1198/1277 1168/1202/1280 109/1199/261
f 1169/1201/1279 1170/1204/1282 1168/1202/1280
f 1171/1203/1281 1172/2475/2549 1170/1204/1282
f 1173/1205/1283 1174/2469/2543 1175/1206/1284
f 1178/1208/1286 1179/2470/2544 1180/1209/1287
f 1182/1211/1289 1178/1208/1286 1177/1210/1288
f 126/1213/275 1182/1211/1289 1181/1212/1290
f 1113/1215/1291 1112/2050/2124 1183/1216/1292
f 1185/1218/1294 1186/2474/2548 1187/1219/1295
f 1189/1221/1297 1185/1218/1294 1184/1220/1296
f 135/1223/285 1189/1221/1297 1188/1222/1298
f 1191/1225/1299 1192/1228/1302 1193/1226/1300
f 1192/1228/1302 1191/1225/1299 1194/1229/1303
f 1195/1230/1304 1194/1229/1303 143/207/293
f 1193/1226/1300 1192/1228/1302 1105/1136/1222
f 1195/1230/1304 1108/1135/1221 1105/1136/1222
f 142/208/294 33/109/195 1108/1135/1221
f 1113/1139/1225 1123/1149/1235 1122/1151/1237
f 1110/1140/1226 1122/1151/1237 1126/1152/1238
f 1114/1142/1228 1126/1152/1238 56/128/214
f 1196/1231/1305 1197/1233/1307 145/209/295
f 1198/1232/1306 1199/1234/1308 1197/1233/1307
f 1199/1234/1308 1198/1232/1306 1201/1235/1309
f 1203/1238/1312 1204/1241/1315 155/218/304
f 1205/1240/1314 1206/1243/1317 1204/1241/1315
f 1207/1242/1316 1208/2476/2550 1206/1243/1317
f 1209/1244/1318 1210/2899/2973 163/225/311
f 1212/1246/1320 1210/2899/2973 1209/1244/1318
f 1214/1248/1322 1212/1246/1320 1211/1247/1321
f 1215/1250/1324 1216/1252/1326 170/231/317
f 1215/1250/1324 1217/1254/1328 1218/1251/1325
f 1219/1253/1327 1220/2905/2979 1218/1251/1325
f 1221/1255/1329 1222/1257/1331 178/238/324
f 1223/1256/1330 1224/1259/1333 1222/1257/1331
f 1225/1258/1332 1226/2016/2090 1224/1259/1333
f 188/246/332 1227/1261/1335 1228/1260/1334
f 1227/1261/1335 1229/1263/1337 1230/1262/1336
f 1229/1263/1337 1231/2487/2561 1232/1264/1338
f 194/252/338 193/254/340 1234/1265/1339
f 1233/1266/1340 1234/1265/1339 1236/1267/1341
f 1237/1269/1343 1235/1268/1342 1236/1267/1341
f 1241/1274/1348 1242/2914/2988 1243/1275/1349
f 1245/1277/1351 1241/1274/1348 1240/1276/1350
f 209/267/353 1245/1277/1351 1244/1278/1352
f 213/270/356 1246/1292/1366 1247/1279/1353
f 1248/1280/1354 1249/1283/1357 216/273/359
f 1250/1282/1356 1251/1285/1359 1249/1283/1357
f 1252/1284/1358 1253/2490/2564 1251/1285/1359
f 1255/1286/1360 1256/2491/2565 1257/1287/1361
f 1259/1289/1363 1260/2916/2990 1261/1290/1364
f 1246/1292/1366 1259/1289/1363 1258/1291/1365
f 1262/1293/1367 1263/1296/1370 232/287/373
f 1264/1295/1369 1265/1298/1372 1263/1296/1370
f 1266/1297/1371 1267/2497/2571 1265/1298/1372
f 1269/1299/1373 1270/2494/2568 1271/1300/1374
f 1273/1302/1376 1274/2500/2574 1275/1303/1377
f 1277/1305/1379 1273/1302/1376 1272/1304/1378
f 249/301/387 1277/1305/1379 1276/1306/1380
f 1278/1307/1381 1279/1310/1384 252/304/390
f 1280/1309/1383 1281/1312/1386 1279/1310/1384
f 1282/1311/1385 1283/2498/2572 1281/1312/1386
f 1285/1313/1387 1286/2918/2992 1287/1314/1388
f 1289/1316/1390 1290/2503/2577 1291/1317/1391
f 1293/1319/1393 1289/1316/1390 1288/1318/1392
f 269/318/404 1293/1319/1393 1292/1320/1394
f 1294/1321/1395 1295/1324/1398 272/321/407
f 1296/1323/1397 1297/1326/1400 1295/1324/1398
f 1298/1325/1399 1299/2919/2993 1297/1326/1400
f 1300/1327/1401 1301/2044/2118 1302/1328/1402
f 1225/1330/1404 1237/1545/1619 1304/1331/1405
f 286/334/420 1305/1334/1408 1306/1333/1407
f 1305/1334/1408 1307/1336/1410 1308/1335/1409
f 1307/1336/1410 1300/6612/6627 1303/1337/1411
f 283/335/421 1306/1333/1407 1215/1250/1324
f 1306/1333/1407 1308/1335/1409 1217/1254/1328
f 1303/1337/1411 1219/1253/1327 1217/1254/1328
f 194/252/338 1233/1266/1340 1221/1255/1329
f 1233/1266/1340 1235/1268/1342 1223/1256/1330
f 1235/1268/1342 1237/1269/1343 1225/1258/1332
f 1310/1338/1412 1311/1342/1416 1312/1339/1413
f 1313/1341/1415 1314/1344/1418 1311/1342/1416
f 1315/1343/1417 1316/2507/2581 1314/1344/1418
f 1317/1345/1419 1318/1348/1422 1319/1346/1420
f 1318/1348/1422 1321/1350/1424 1322/1349/1423
f 1321/1350/1424 1309/1340/1414 1312/1339/1413
f 1323/1351/1425 1324/1355/1429 1325/1352/1426
f 1327/1354/1428 1328/1357/1431 1324/1355/1429
f 1329/1356/1430 1330/2512/2586 1328/1357/1431
f 1332/1358/1432 1333/2518/2592 1334/1359/1433
f 1336/1361/1435 1332/1358/1432 1331/1360/1434
f 1325/1352/1426 1336/1361/1435 1335/1362/1436
f 1337/1363/1437 1338/1367/1441 1339/1364/1438
f 1341/1366/1440 1342/2938/3012 1338/1367/1441
f 1344/1368/1442 1342/2938/3012 1341/1366/1440
f 1346/1370/1444 1347/2527/2601 1348/1371/1445
f 1349/1373/1447 1350/2946/3020 1346/1370/1444
f 1339/1364/1438 1350/2946/3020 1349/1373/1447
f 1352/1374/1448 1353/1378/1452 1354/1375/1449
f 1352/1374/1448 1355/1380/1454 1356/1377/1451
f 1357/1379/1453 1358/2950/3024 1356/1377/1451
f 1359/1381/1455 1360/1385/1459 1361/1382/1456
f 1363/1384/1458 1364/1386/1460 1361/1382/1456
f 1363/1384/1458 1351/1376/1450 1354/1375/1449
f 1366/1387/1461 1367/1391/1465 1368/1388/1462
f 1369/1390/1464 1370/1393/1467 1367/1391/1465
f 1371/1392/1466 1372/2017/2091 1370/1393/1467
f 1374/1394/1468 1375/2018/2092 1376/1395/1469
f 1378/1397/1471 1374/1394/1468 1373/1396/1470
f 1377/1398/1472 1365/1389/1463 1368/1388/1462
f 1380/1399/1473 1381/1402/1476 1382/1400/1474
f 1381/1402/1476 1383/1404/1478 1384/1403/1477
f 1383/1404/1478 1385/2533/2607 1386/1405/1479
f 1387/1406/1480 1388/2537/2611 1389/1407/1481
f 1390/1408/1482 1389/1407/1481 1391/1409/1483
f 1392/1410/1484 1391/1409/1483 1380/1399/1473
f 1394/1411/1485 1395/1422/1496 1396/1412/1486
f 1393/1413/1487 1396/1412/1486 1398/1414/1488
f 1399/1416/1490 1397/1415/1489 1398/1414/1488
f 1237/1269/1343 1238/1270/1344 1402/1418/1492
f 1403/1420/1494 1401/1419/1493 1402/1418/1492
f 1394/1411/1485 1403/1420/1494 1404/1421/1495
f 1409/1426/1500 1410/2970/3044 1411/1427/1501
f 1413/1429/1503 1409/1426/1500 1408/1428/1502
f 1415/1431/1505 1413/1429/1503 1412/1430/1504
f 1416/1433/1507 1417/1435/1509 1415/1431/1505
f 1418/1434/1508 1419/1437/1511 1417/1435/1509
f 1420/1436/1510 1421/2493/2567 1419/1437/1511
f 1426/1441/1515 1427/1470/1544 1428/1442/1516
f 1429/1444/1518 1430/1446/1520 1426/1441/1515
f 1431/1445/1519 1432/1448/1522 1430/1446/1520
f 1433/1447/1521 1434/2496/2570 1432/1448/1522
f 1435/1449/1523 1436/2915/2989 1437/1450/1524
f 1440/1452/1526 1441/2492/2566 1442/1453/1527
f 1444/1455/1529 1440/1452/1526 1439/1454/1528
f 1446/1457/1531 1444/1455/1529 1443/1456/1530
f 1447/1459/1533 1448/1461/1535 1446/1457/1531
f 1449/1460/1534 1450/1463/1537 1448/1461/1535
f 1451/1462/1536 1452/2541/2615 1450/1463/1537
f 1454/1464/1538 1455/2542/2616 1456/1465/1539
f 1458/1467/1541 1459/2971/3045 1460/1468/1542
f 1427/1470/1544 1458/1467/1541 1457/1469/1543
f 1461/1471/1545 1462/1475/1549 1463/1472/1546
f 1465/1474/1548 1466/1477/1551 1462/1475/1549
f 1467/1476/1550 1468/2548/2622 1466/1477/1551
f 1470/1478/1552 1471/2545/2619 1472/1479/1553
f 1474/1481/1555 1475/2551/2625 1476/1482/1556
f 1478/1484/1558 1474/1481/1555 1473/1483/1557
f 1480/1486/1560 1478/1484/1558 1477/1485/1559
f 1481/1488/1562 1482/1490/1564 1480/1486/1560
f 1483/1489/1563 1484/1492/1566 1482/1490/1564
f 1485/1491/1565 1486/2502/2576 1484/1492/1566
f 1487/1493/1567 1488/2917/2991 1489/1494/1568
f 1492/1496/1570 1493/2495/2569 1494/1497/1571
f 1496/1499/1573 1492/1496/1570 1491/1498/1572
f 1463/1472/1546 1496/1499/1573 1495/1500/1574
f 1497/1501/1575 1498/1505/1579 1499/1502/1576
f 1501/1504/1578 1502/1507/1581 1498/1505/1579
f 1503/1506/1580 1504/2549/2623 1502/1507/1581
f 1506/1508/1582 1507/2972/3046 1508/1509/1583
f 1510/1511/1585 1511/2554/2628 1512/1512/1586
f 1514/1514/1588 1510/1511/1585 1509/1513/1587
f 1516/1516/1590 1514/1514/1588 1513/1515/1589
f 1517/1518/1592 1518/1520/1594 1516/1516/1590
f 1519/1519/1593 1520/1522/1596 1518/1520/1594
f 1521/1521/1595 1522/2505/2579 1520/1522/1596
f 1523/1523/1597 1524/2499/2573 1525/1524/1598
f 1528/1526/1600 1529/2501/2575 1530/1527/1601
f 1532/1529/1603 1528/1526/1600 1527/1528/1602
f 1499/1502/1576 1532/1529/1603 1531/1530/1604
f 1533/1531/1605 1534/1535/1609 1535/1532/1606
f 1537/1534/1608 1538/1537/1611 1534/1535/1609
f 1539/1536/1610 1540/2973/3047 1538/1537/1611
f 1541/1538/1612 1542/2037/2111 1543/1539/1613
f 1371/1541/1615 1399/1771/1845 1545/1542/1616
f 1376/1544/1618 1375/2043/2117 1304/1331/1405
f 1547/1546/1620 1548/2504/2578 1549/1547/1621
f 1551/1549/1623 1547/1546/1620 1546/1548/1622
f 1535/1532/1606 1551/1549/1623 1550/1550/1624
f 1553/1551/1625 1554/1554/1628 1555/1552/1626
f 1554/1554/1628 1556/1556/1630 1557/1555/1629
f 1556/1556/1630 1541/6613/6628 1544/1557/1631
f 1559/1558/1632 1560/1561/1635 1561/1559/1633
f 1560/1561/1635 1559/1558/1632 1562/1562/1636
f 1563/1563/1637 1562/1562/1636 1553/1551/1625
f 1552/1553/1627 1555/1552/1626 1352/1374/1448
f 1555/1552/1626 1557/1555/1629 1355/1380/1454
f 1544/1557/1631 1357/1379/1453 1355/1380/1454
f 1561/1559/1633 1560/1561/1635 1360/1385/1459
f 1563/1563/1637 1363/1384/1458 1360/1385/1459
f 1552/1553/1627 1351/1376/1450 1363/1384/1458
f 1394/1411/1485 1393/1413/1487 1366/1387/1461
f 1393/1413/1487 1397/1415/1489 1369/1390/1464
f 1397/1415/1489 1399/1416/1490 1371/1392/1466
f 1376/1395/1469 1237/1269/1343 1401/1419/1493
f 1373/1396/1470 1401/1419/1493 1403/1420/1494
f 1377/1398/1472 1403/1420/1494 1394/1411/1485
f 1565/1564/1638 1566/1568/1642 1567/1565/1639
f 1568/1567/1641 1569/1570/1644 1566/1568/1642
f 1570/1569/1643 1571/2557/2631 1569/1570/1644
f 1572/1571/1645 1573/1574/1648 1574/1572/1646
f 1573/1574/1648 1576/1576/1650 1577/1575/1649
f 1576/1576/1650 1564/1566/1640 1567/1565/1639
f 1578/1577/1651 1579/1581/1655 1580/1578/1652
f 1582/1580/1654 1583/1583/1657 1579/1581/1655
f 1584/1582/1656 1585/2563/2637 1583/1583/1657
f 1587/1584/1658 1588/2569/2643 1589/1585/1659
f 1591/1587/1661 1587/1584/1658 1586/1586/1660
f 1580/1578/1652 1591/1587/1661 1590/1588/1662
f 1592/1589/1663 1593/2991/3065 1594/1590/1664
f 1597/1592/1666 1593/2991/3065 1592/1589/1663
f 1599/1594/1668 1597/1592/1666 1596/1593/1667
f 1601/1596/1670 1602/2578/2652 1603/1597/1671
f 1604/1599/1673 1605/3001/3075 1601/1596/1670
f 1594/1590/1664 1605/3001/3075 1604/1599/1673
f 1607/1600/1674 1608/1604/1678 1609/1601/1675
f 1607/1600/1674 1610/1606/1680 1611/1603/1677
f 1612/1605/1679 1613/3005/3079 1611/1603/1677
f 1614/1607/1681 1615/1611/1685 1616/1608/1682
f 1618/1610/1684 1619/1612/1686 1616/1608/1682
f 1618/1610/1684 1606/1602/1676 1609/1601/1675
f 1621/1613/1687 1622/1617/1691 1623/1614/1688
f 1624/1616/1690 1625/1619/1693 1622/1617/1691
f 1626/1618/1692 1627/2021/2095 1625/1619/1693
f 1629/1620/1694 1630/2022/2096 1631/1621/1695
f 1633/1623/1697 1629/1620/1694 1628/1622/1696
f 1620/1615/1689 1623/1614/1688 1633/1623/1697
f 1635/1625/1699 1636/1628/1702 1637/1626/1700
f 1636/1628/1702 1638/1630/1704 1639/1629/1703
f 1638/1630/1704 1640/2584/2658 1641/1631/1705
f 1642/1632/1706 1643/2588/2662 1644/1633/1707
f 1645/1634/1708 1644/1633/1707 1646/1635/1709
f 1647/1636/1710 1646/1635/1709 1635/1625/1699
f 1649/1637/1711 1650/1648/1722 1651/1638/1712
f 1648/1639/1713 1651/1638/1712 1653/1640/1714
f 1654/1642/1716 1652/1641/1715 1653/1640/1714
f 1399/1416/1490 1400/1417/1491 1657/1644/1718
f 1658/1646/1720 1656/1645/1719 1657/1644/1718
f 1649/1637/1711 1658/1646/1720 1659/1647/1721
f 1664/1652/1726 1665/3025/3099 1666/1653/1727
f 1668/1655/1729 1664/1652/1726 1663/1654/1728
f 1670/1657/1731 1668/1655/1729 1667/1656/1730
f 1671/1659/1733 1672/1661/1735 1670/1657/1731
f 1673/1660/1734 1674/1663/1737 1672/1661/1735
f 1675/1662/1736 1676/2544/2618 1674/1663/1737
f 1681/1667/1741 1682/1696/1770 1683/1668/1742
f 1684/1670/1744 1685/1672/1746 1681/1667/1741
f 1686/1671/1745 1687/1674/1748 1685/1672/1746
f 1688/1673/1747 1689/2547/2621 1687/1674/1748
f 1690/1675/1749 1691/3026/3100 1692/1676/1750
f 1695/1678/1752 1696/2543/2617 1697/1679/1753
f 1699/1681/1755 1695/1678/1752 1694/1680/1754
f 1701/1683/1757 1699/1681/1755 1698/1682/1756
f 1702/1685/1759 1703/1687/1761 1701/1683/1757
f 1704/1686/1760 1705/1689/1763 1703/1687/1761
f 1706/1688/1762 1707/2592/2666 1705/1689/1763
f 1709/1690/1764 1710/2593/2667 1711/1691/1765
f 1713/1693/1767 1714/3028/3102 1715/1694/1768
f 1682/1696/1770 1713/1693/1767 1712/1695/1769
f 1716/1697/1771 1717/1701/1775 1718/1698/1772
f 1720/1700/1774 1721/1703/1777 1717/1701/1775
f 1722/1702/1776 1723/2599/2673 1721/1703/1777
f 1725/1704/1778 1726/2596/2670 1727/1705/1779
f 1729/1707/1781 1730/2602/2676 1731/1708/1782
f 1733/1710/1784 1729/1707/1781 1728/1709/1783
f 1735/1712/1786 1733/1710/1784 1732/1711/1785
f 1736/1714/1788 1737/1716/1790 1735/1712/1786
f 1738/1715/1789 1739/1718/1792 1737/1716/1790
f 1740/1717/1791 1741/2553/2627 1739/1718/1792
f 1742/1719/1793 1743/3030/3104 1744/1720/1794
f 1747/1722/1796 1748/2546/2620 1749/1723/1797
f 1751/1725/1799 1747/1722/1796 1746/1724/1798
f 1718/1698/1772 1751/1725/1799 1750/1726/1800
f 1752/1727/1801 1753/1731/1805 1754/1728/1802
f 1756/1730/1804 1757/1733/1807 1753/1731/1805
f 1758/1732/1806 1759/2600/2674 1757/1733/1807
f 1761/1734/1808 1762/3031/3105 1763/1735/1809
f 1765/1737/1811 1766/2605/2679 1767/1738/1812
f 1769/1740/1814 1765/1737/1811 1764/1739/1813
f 1771/1742/1816 1769/1740/1814 1768/1741/1815
f 1772/1744/1818 1773/1746/1820 1771/1742/1816
f 1774/1745/1819 1775/1748/1822 1773/1746/1820
f 1776/1747/1821 1777/2556/2630 1775/1748/1822
f 1778/1749/1823 1779/2550/2624 1780/1750/1824
f 1783/1752/1826 1784/2552/2626 1785/1753/1827
f 1787/1755/1829 1783/1752/1826 1782/1754/1828
f 1754/1728/1802 1787/1755/1829 1786/1756/1830
f 1788/1757/1831 1789/1761/1835 1790/1758/1832
f 1792/1760/1834 1793/1763/1837 1789/1761/1835
f 1794/1762/1836 1795/3032/3106 1793/1763/1837
f 1796/1764/1838 1797/2030/2104 1798/1765/1839
f 1626/1767/1841 1654/1994/2068 1800/1768/1842
f 1631/1770/1844 1630/2036/2110 1545/1542/1616
f 1802/1772/1846 1803/2555/2629 1804/1773/1847
f 1806/1775/1849 1802/1772/1846 1801/1774/1848
f 1790/1758/1832 1806/1775/1849 1805/1776/1850
f 1808/1777/1851 1809/1780/1854 1810/1778/1852
f 1809/1780/1854 1811/1782/1856 1812/1781/1855
f 1811/1782/1856 1796/6614/6629 1799/1783/1857
f 1814/1784/1858 1815/1787/1861 1816/1785/1859
f 1815/1787/1861 1814/1784/1858 1817/1788/1862
f 1818/1789/1863 1817/1788/1862 1808/1777/1851
f 1807/1779/1853 1810/1778/1852 1607/1600/1674
f 1810/1778/1852 1812/1781/1855 1610/1606/1680
f 1799/1783/1857 1612/1605/1679 1610/1606/1680
f 1816/1785/1859 1815/1787/1861 1615/1611/1685
f 1818/1789/1863 1618/1610/1684 1615/1611/1685
f 1807/1779/1853 1606/1602/1676 1618/1610/1684
f 1649/1637/1711 1648/1639/1713 1621/1613/1687
f 1648/1639/1713 1652/1641/1715 1624/1616/1690
f 1652/1641/1715 1654/1642/1716 1626/1618/1692
f 1631/1621/1695 1399/1416/1490 1656/1645/1719
f 1628/1622/1696 1656/1645/1719 1658/1646/1720
f 1632/1624/1698 1658/1646/1720 1649/1637/1711
f 1820/1790/1864 1821/1794/1868 1822/1791/1865
f 1823/1793/1867 1824/1796/1870 1821/1794/1868
f 1825/1795/1869 1826/2442/2516 1824/1796/1870
f 1827/1797/1871 1828/1800/1874 1829/1798/1872
f 1828/1800/1874 1831/1802/1876 1832/1801/1875
f 1831/1802/1876 1819/1792/1866 1822/1791/1865
f 1833/1803/1877 1834/1807/1881 1835/1804/1878
f 1837/1806/1880 1838/1809/1883 1834/1807/1881
f 1839/1808/1882 1840/2613/2687 1838/1809/1883
f 1842/1810/1884 1843/2618/2692 1844/1811/1885
f 1845/1813/1887 1846/3047/3121 1842/1810/1884
f 1835/1804/1878 1846/3047/3121 1845/1813/1887
f 1847/1814/1888 1848/3049/3123 1849/1815/1889
f 1852/1817/1891 1848/3049/3123 1847/1814/1888
f 1854/1819/1893 1852/1817/1891 1851/1818/1892
f 1856/1821/1895 1857/2627/2701 1858/1822/1896
f 1859/1824/1898 1860/3059/3133 1856/1821/1895
f 1849/1815/1889 1860/3059/3133 1859/1824/1898
f 1862/1825/1899 1863/1829/1903 1864/1826/1900
f 1862/1825/1899 1865/1831/1905 1866/1828/1902
f 1867/1830/1904 1868/3063/3137 1866/1828/1902
f 1869/1832/1906 1870/1836/1910 1871/1833/1907
f 1873/1835/1909 1874/1837/1911 1871/1833/1907
f 1873/1835/1909 1861/1827/1901 1864/1826/1900
f 1876/1838/1912 1877/1842/1916 1878/1839/1913
f 1879/1841/1915 1880/1844/1918 1877/1842/1916
f 1881/1843/1917 1882/6615/6630 1880/1844/1918
f 1884/1845/1919 1885/2026/2100 1886/1846/1920
f 1888/1848/1922 1884/1845/1919 1883/1847/1921
f 1875/1840/1914 1878/1839/1913 1888/1848/1922
f 1890/1850/1924 1891/1853/1927 1892/1851/1925
f 1891/1853/1927 1893/1855/1929 1894/1854/1928
f 1893/1855/1929 1895/2632/2706 1896/1856/1930
f 1897/1857/1931 1898/2637/2711 1899/1858/1932
f 1900/1859/1933 1899/1858/1932 1901/1860/1934
f 1902/1861/1935 1901/1860/1934 1890/1850/1924
f 1904/1862/1936 1905/1872/1946 1906/1863/1937
f 1903/1864/1938 1906/1863/1937 1908/1865/1939
f 1123/1149/1235 1907/1866/1940 1908/1865/1939
f 1654/1642/1716 1655/1643/1717 1910/1868/1942
f 1911/1870/1944 1909/1869/1943 1910/1868/1942
f 1904/1862/1936 1911/1870/1944 1912/1871/1945
f 1917/1876/1950 1918/2459/2533 1919/1877/1951
f 1921/1879/1953 1917/1876/1950 1916/1878/1952
f 1923/1881/1955 1921/1879/1953 1920/1880/1954
f 1924/1883/1957 1925/1885/1959 1923/1881/1955
f 1926/1884/1958 1927/1887/1961 1925/1885/1959
f 1928/1886/1960 1929/2595/2669 1927/1887/1961
f 1934/1891/1965 1935/1920/1994 1936/1892/1966
f 1937/1894/1968 1938/1896/1970 1934/1891/1965
f 1939/1895/1969 1940/1898/1972 1938/1896/1970
f 1941/1897/1971 1942/2598/2672 1940/1898/1972
f 1943/1899/1973 1944/3027/3101 1945/1900/1974
f 1948/1902/1976 1949/2594/2668 1950/1903/1977
f 1952/1905/1979 1948/1902/1976 1947/1904/1978
f 1954/1907/1981 1952/1905/1979 1951/1906/1980
f 1955/1909/1983 1956/1911/1985 1954/1907/1981
f 1957/1910/1984 1958/1913/1987 1956/1911/1985
f 1959/1912/1986 1960/2460/2534 1958/1913/1987
f 1962/1914/1988 1963/2890/2964 1964/1915/1989
f 1966/1917/1991 1967/3082/3156 1968/1918/1992
f 1935/1920/1994 1966/1917/1991 1965/1919/1993
f 1969/1921/1995 1970/1925/1999 1971/1922/1996
f 1973/1924/1998 1974/1927/2001 1970/1925/1999
f 1975/1926/2000 1976/2465/2539 1974/1927/2001
f 1978/1928/2002 1979/2891/2965 1980/1929/2003
f 1982/1931/2005 1983/2467/2541 1984/1932/2006
f 1986/1934/2008 1982/1931/2005 1981/1933/2007
f 1988/1936/2010 1986/1934/2008 1985/1935/2009
f 1989/1938/2012 1990/1940/2014 1988/1936/2010
f 1991/1939/2013 1992/1942/2016 1990/1940/2014
f 1993/1941/2015 1994/2604/2678 1992/1942/2016
f 1995/1943/2017 1996/3029/3103 1997/1944/2018
f 2000/1946/2020 2001/2597/2671 2002/1947/2021
f 2004/1949/2023 2000/1946/2020 1999/1948/2022
f 1971/1922/1996 2004/1949/2023 2003/1950/2024
f 2005/1951/2025 2006/1955/2029 2007/1952/2026
f 2009/1954/2028 2010/1957/2031 2006/1955/2029
f 2011/1956/2030 2012/2468/2542 2010/1957/2031
f 2014/1958/2032 2015/2892/2966 2016/1959/2033
f 2018/1961/2035 2019/2472/2546 2020/1962/2036
f 2022/1964/2038 2018/1961/2035 2017/1963/2037
f 2024/1966/2040 2022/1964/2038 2021/1965/2039
f 2025/1968/2042 2026/1970/2044 2024/1966/2040
f 2027/1969/2043 2028/1972/2046 2026/1970/2044
f 2029/1971/2045 2030/2607/2681 2028/1972/2046
f 2031/1973/2047 2032/2601/2675 2033/1974/2048
f 2036/1976/2050 2037/2603/2677 2038/1977/2051
f 2040/1979/2053 2036/1976/2050 2035/1978/2052
f 2007/1952/2026 2040/1979/2053 2039/1980/2054
f 2041/1981/2055 2042/1985/2059 2043/1982/2056
f 2045/1984/2058 2046/1987/2061 2042/1985/2059
f 2047/1986/2060 2048/2473/2547 2046/1987/2061
f 1881/1991/2065 1123/1217/1293 1183/1216/1292
f 1886/1993/2067 1885/2029/2103 1800/1768/1842
f 2054/1995/2069 2055/2606/2680 2056/1996/2070
f 2058/1998/2072 2054/1995/2069 2053/1997/2071
f 2043/1982/2056 2058/1998/2072 2057/1999/2073
f 2060/2000/2074 2061/2003/2077 2062/2001/2075
f 2061/2003/2077 2063/2005/2079 2064/2004/2078
f 2063/2005/2079 2049/2025/2099 2051/2006/2080
f 2066/2007/2081 2067/2010/2084 2068/2008/2082
f 2067/2010/2084 2066/2007/2081 2069/2011/2085
f 2070/2012/2086 2069/2011/2085 2060/2000/2074
f 2059/2002/2076 2062/2001/2075 1862/1825/1899
f 2062/2001/2075 2064/2004/2078 1865/1831/1905
f 2051/2006/2080 1867/1830/1904 1865/1831/1905
f 2068/2008/2082 2067/2010/2084 1870/1836/1910
f 2070/2012/2086 1873/1835/1909 1870/1836/1910
f 2059/2002/2076 1861/1827/1901 1873/1835/1909
f 1904/1862/1936 1903/1864/1938 1876/1838/1912
f 1903/1864/1938 1907/1866/1940 1879/1841/1915
f 1907/1866/1940 1123/1149/1235 1881/1843/1917
f 1886/1846/1920 1654/1642/1716 1909/1869/1943
f 1883/1847/1921 1909/1869/1943 1911/1870/1944
f 1887/1849/1923 1911/1870/1944 1904/1862/1936
f 1112/2013/2087 1111/1138/1224 1191/1225/1299
f 1115/1141/1227 1194/1229/1303 1191/1225/1299
f 40/1047/1133 143/207/293 1194/1229/1303
f 2052/1989/2063 2050/1988/2062 1190/2014/2088
f 178/238/324 1222/1257/1331 1305/1334/1408
f 1222/1257/1331 1224/1259/1333 1307/1336/1410
f 1226/2016/2090 1300/6612/6627 1307/1336/1410
f 1368/1388/1462 1367/1391/1465 1554/1554/1628
f 1367/1391/1465 1370/1393/1467 1556/1556/1630
f 1372/2017/2091 1541/6613/6628 1556/1556/1630
f 1375/2018/2092 1374/1394/1468 1559/1558/1632
f 1378/1397/1471 1562/1562/1636 1559/1558/1632
f 1368/1388/1462 1553/1551/1625 1562/1562/1636
f 1302/1328/1402 1301/2044/2118 1558/2019/2093
f 1623/1614/1688 1622/1617/1691 1809/1780/1854
f 1622/1617/1691 1625/1619/1693 1811/1782/1856
f 1627/2021/2095 1796/6614/6629 1811/1782/1856
f 1630/2022/2096 1629/1620/1694 1814/1784/1858
f 1633/1623/1697 1817/1788/1862 1814/1784/1858
f 1623/1614/1688 1808/1777/1851 1817/1788/1862
f 1543/1539/1613 1542/2037/2111 1813/2023/2097
f 1878/1839/1913 1877/1842/1916 2061/2003/2077
f 1877/1842/1916 1880/1844/1918 2063/2005/2079
f 1885/2026/2100 1884/1845/1919 2066/2007/2081
f 1888/1848/1922 2069/2011/2085 2066/2007/2081
f 1878/1839/1913 2060/2000/2074 2069/2011/2085
f 1798/1765/1839 1797/2030/2104 2065/2027/2101
f 1885/2029/2103 2065/2027/2101 1797/2030/2104
f 1627/1769/1843 1800/1768/1842 1797/2030/2104
f 2071/2031/2105 2072/2035/2109 1613/2032/2106
f 2071/2031/2105 1869/6616/6631 1872/2034/2108
f 2068/2028/2102 1869/6616/6631 2071/2031/2105
f 1799/1766/1840 1798/1765/1839 2071/2031/2105
f 1630/2036/2110 1813/2023/2097 1542/2037/2111
f 1372/1543/1617 1545/1542/1616 1542/2037/2111
f 2073/2038/2112 2074/2042/2116 1358/2039/2113
f 2073/2038/2112 1614/6617/6632 1617/2041/2115
f 1816/2024/2098 1614/6617/6632 2073/2038/2112
f 1544/1540/1614 1543/1539/1613 2073/2038/2112
f 1375/2043/2117 1558/2019/2093 1301/2044/2118
f 1226/1332/1406 1304/1331/1405 1301/2044/2118
f 2075/2045/2119 2076/2049/2123 1220/2046/2120
f 2075/2045/2119 1359/6618/6633 1362/2048/2122
f 1561/2020/2094 1359/6618/6633 2075/2045/2119
f 1303/1329/1403 1302/1328/1402 2075/2045/2119
f 1112/2050/2124 1190/2014/2088 2050/1988/2062
f 2050/1988/2062 2049/6619/6634 1882/1992/2066
f 2077/2051/2125 2078/2055/2129 1868/2052/2126
f 2077/2051/2125 1104/6620/6635 1107/2054/2128
f 1193/2015/2089 1104/6620/6635 2077/2051/2125
f 2051/1990/2064 2052/1989/2063 2077/2051/2125
f 2079/2056/2130 2080/2206/2280 2081/2057/2131
f 2081/2057/2131 2083/2209/2283 2084/2059/2133
f 2085/2060/2134 2087/2214/2288 2088/2062/2136
f 2089/2063/2137 2091/2219/2293 2092/2065/2139
f 2089/2063/2137 2093/2066/2140 2081/2057/2131
f 2095/2068/2142 2096/2070/2144 2097/2069/2143
f 2099/2072/2146 2100/2073/2147 2082/2058/2132
f 2093/2066/2140 2097/2069/2143 2082/2058/2132
f 1083/1115/1201 2079/2056/2130 2082/2058/2132
f 1/81/167 4/83/169 2102/2075/2149
f 805/2078/2152 803/816/902 2105/2079/2153
f 803/816/902 801/814/900 2106/2080/2154
f 801/814/900 800/811/897 2107/2081/2155
f 800/811/897 811/821/907 2108/2082/2156
f 811/821/907 809/819/905 2109/2083/2157
f 809/819/905 808/2364/2438 2110/2084/2158
f 550/2086/2160 548/581/667 2112/2087/2161
f 548/581/667 546/579/665 2113/2088/2162
f 546/579/665 545/576/662 2114/2089/2163
f 556/586/672 2115/2090/2164 2114/2089/2163
f 554/584/670 2116/2093/2167 2115/2090/2164
f 554/584/670 553/2314/2388 2117/2091/2165
f 293/346/432 2119/2095/2169 2118/2092/2166
f 291/344/430 2120/2096/2170 2119/2095/2169
f 290/341/427 2121/2097/2171 2120/2096/2170
f 301/351/437 2122/2098/2172 2121/2097/2171
f 299/349/435 2123/2101/2175 2122/2098/2172
f 299/349/435 298/2316/2390 2124/2099/2173
f 148/215/301 2126/2102/2176 2125/2100/2174
f 146/212/298 2127/2103/2177 2126/2102/2176
f 145/209/295 2128/2105/2179 2127/2103/2177
f 145/209/295 1197/1233/1307 2129/2104/2178
f 1197/1233/1307 1199/1234/1308 2130/2106/2180
f 1199/1234/1308 1200/1236/1310 2131/2107/2181
f 1320/1347/1421 1319/1346/1420 2133/2109/2183
f 1319/1346/1420 1322/1349/1423 2134/2110/2184
f 1322/1349/1423 1312/1339/1413 2135/2111/2185
f 1312/1339/1413 1311/1342/1416 2136/2112/2186
f 1311/1342/1416 1314/1344/1418 2137/2113/2187
f 1314/1344/1418 1316/2507/2581 2138/2114/2188
f 1575/1573/1647 1574/1572/1646 2140/2116/2190
f 1574/1572/1646 1577/1575/1649 2141/2117/2191
f 1577/1575/1649 1567/1565/1639 2142/2118/2192
f 1566/1568/1642 2143/2119/2193 2142/2118/2192
f 1569/1570/1644 2144/2122/2196 2143/2119/2193
f 1569/1570/1644 1571/2557/2631 2145/2120/2194
f 1829/1798/1872 2147/2123/2197 2146/2121/2195
f 1832/1801/1875 2148/2124/2198 2147/2123/2197
f 1822/1791/1865 2149/2125/2199 2148/2124/2198
f 1821/1794/1868 2150/2126/2200 2149/2125/2199
f 1824/1796/1870 2151/2129/2203 2150/2126/2200
f 1824/1796/1870 1826/2442/2516 2152/2127/2201
f 1085/1117/1203 2154/2131/2205 2153/2128/2202
f 1091/1121/1207 2155/2132/2206 2154/2131/2205
f 8/88/174 2156/2134/2208 2155/2132/2206
f 8/88/174 6/86/172 2157/2133/2207
f 6/86/172 1/81/167 2104/2077/2151
f 2158/2135/2209 2159/2238/2312 2160/2136/2210
f 2160/2136/2210 2162/2243/2317 2163/2138/2212
f 2166/2141/2215 2167/2143/2217 2168/2142/2216
f 2170/2145/2219 2171/2147/2221 2172/2146/2220
f 2168/2142/2216 2172/2146/2220 2161/2137/2211
f 2172/2146/2220 2174/2256/2330 2175/2149/2223
f 2178/2152/2226 2179/2154/2228 2180/2153/2227
f 2172/2146/2220 2176/2150/2224 2180/2153/2227
f 2183/2157/2231 2184/2159/2233 2185/2158/2232
f 2185/2158/2232 2187/2269/2343 2188/2161/2235
f 2190/2163/2237 2191/2165/2239 2192/2164/2238
f 2194/2167/2241 2195/2169/2243 2196/2168/2242
f 2182/2156/2230 2192/2164/2238 2196/2168/2242
f 2198/2171/2245 2199/2173/2247 2200/2172/2246
f 2202/2175/2249 2203/2176/2250 2161/2137/2211
f 1062/1097/1183 1061/2234/2308 2207/2179/2253
f 1064/1099/1185 1062/1097/1183 2206/2180/2254
f 1063/1098/1184 1064/1099/1185 2208/2181/2255
f 1065/2183/2257 1063/1098/1184 2209/2182/2256
f 1066/1100/1186 1065/2183/2257 2210/2184/2258
f 1068/1102/1188 1066/1100/1186 2211/2185/2259
f 1067/1101/1187 1068/1102/1188 2212/2186/2260
f 1070/2188/2262 1067/1101/1187 2213/2187/2261
f 1071/1104/1190 1070/2188/2262 2214/2189/2263
f 1073/1106/1192 1071/1104/1190 2215/2190/2264
f 2217/2192/2266 1072/1105/1191 1073/1106/1192
f 2218/2193/2267 1074/1107/1193 1072/1105/1191
f 2219/2194/2268 1075/1109/1195 1074/1107/1193
f 2220/2195/2269 1077/1110/1196 1075/1109/1195
f 2221/2196/2270 1076/1108/1194 1077/1110/1196
f 2222/2197/2271 1078/1111/1197 1076/1108/1194
f 2223/2198/2272 1079/1112/1198 1078/1111/1197
f 2224/2199/2273 1080/1113/1199 1079/1112/1198
f 2225/2200/2274 1069/1103/1189 1080/1113/1199
f 2226/2201/2275 1081/2203/2277 1069/1103/1189
f 2227/2202/2276 1082/1114/1200 1081/2203/2277
f 2228/2204/2278 1083/1115/1201 1082/1114/1200
f 2079/2056/2130 1083/1115/1201 2228/2204/2278
f 2080/2206/2280 2079/2056/2130 2229/2205/2279
f 2081/2057/2131 2080/2206/2280 2230/2207/2281
f 2083/2209/2283 2081/2057/2131 2231/2208/2282
f 2084/2059/2133 2083/2209/2283 2232/2210/2284
f 2086/2061/2135 2084/2059/2133 2233/2211/2285
f 2085/2060/2134 2086/2061/2135 2234/2212/2286
f 2087/2214/2288 2085/2060/2134 2235/2213/2287
f 2088/2062/2136 2087/2214/2288 2236/2215/2289
f 2090/2064/2138 2088/2062/2136 2237/2216/2290
f 2089/2063/2137 2090/2064/2138 2238/2217/2291
f 2091/2219/2293 2089/2063/2137 2239/2218/2292
f 2241/2221/2295 2092/2065/2139 2091/2219/2293
f 2242/2222/2296 2094/2067/2141 2092/2065/2139
f 2243/2223/2297 2093/2066/2140 2094/2067/2141
f 2244/2224/2298 2095/2068/2142 2093/2066/2140
f 2245/2225/2299 2096/2070/2144 2095/2068/2142
f 2246/2226/2300 2098/2071/2145 2096/2070/2144
f 2247/2227/2301 2097/2069/2143 2098/2071/2145
f 2248/2228/2302 2099/2072/2146 2097/2069/2143
f 2249/2229/2303 2100/2073/2147 2099/2072/2146
f 2250/2230/2304 2101/2074/2148 2100/2073/2147
f 2251/2231/2305 2082/2058/2132 2101/2074/2148
f 2252/2232/2306 1084/1116/1202 2082/2058/2132
f 1060/1096/1182 1084/1116/1202 2252/2232/2306
f 1061/2234/2308 1060/1096/1182 2253/2233/2307
f 2205/2178/2252 2161/2137/2211 2255/2235/2309
f 2158/2135/2209 2205/2178/2252 2254/2236/2310
f 2159/2238/2312 2158/2135/2209 2256/2237/2311
f 2258/2240/2314 2160/2136/2210 2159/2238/2312
f 2259/2241/2315 2162/2243/2317 2160/2136/2210
f 2260/2242/2316 2163/2138/2212 2162/2243/2317
f 2261/2244/2318 2165/2140/2214 2163/2138/2212
f 2164/2139/2213 2165/2140/2214 2261/2244/2318
f 2263/2246/2320 2166/2141/2215 2164/2139/2213
f 2167/2143/2217 2166/2141/2215 2263/2246/2320
f 2265/2248/2322 2169/2144/2218 2167/2143/2217
f 2266/2249/2323 2168/2142/2216 2169/2144/2218
f 2170/2145/2219 2168/2142/2216 2266/2249/2323
f 2171/2147/2221 2170/2145/2219 2267/2250/2324
f 2173/2148/2222 2171/2147/2221 2268/2251/2325
f 2270/2253/2327 2172/2146/2220 2173/2148/2222
f 2271/2254/2328 2174/2256/2330 2172/2146/2220
f 2272/2255/2329 2175/2149/2223 2174/2256/2330
f 2177/2151/2225 2175/2149/2223 2272/2255/2329
f 2176/2150/2224 2177/2151/2225 2273/2257/2331
f 2275/2259/2333 2178/2152/2226 2176/2150/2224
f 2179/2154/2228 2178/2152/2226 2275/2259/2333
f 2277/2261/2335 2181/2155/2229 2179/2154/2228
f 2180/2153/2227 2181/2155/2229 2277/2261/2335
f 2183/2157/2231 2180/2153/2227 2278/2262/2336
f 2184/2159/2233 2183/2157/2231 2279/2263/2337
f 2186/2160/2234 2184/2159/2233 2280/2264/2338
f 2282/2266/2340 2185/2158/2232 2186/2160/2234
f 2283/2267/2341 2187/2269/2343 2185/2158/2232
f 2284/2268/2342 2188/2161/2235 2187/2269/2343
f 2285/2270/2344 2189/2162/2236 2188/2161/2235
f 2182/2156/2230 2189/2162/2236 2285/2270/2344
f 2287/2272/2346 2190/2163/2237 2182/2156/2230
f 2191/2165/2239 2190/2163/2237 2287/2272/2346
f 2289/2274/2348 2193/2166/2240 2191/2165/2239
f 2192/2164/2238 2193/2166/2240 2289/2274/2348
f 2291/2276/2350 2194/2167/2241 2192/2164/2238
f 2195/2169/2243 2194/2167/2241 2291/2276/2350
f 2197/2170/2244 2195/2169/2243 2292/2277/2351
f 2294/2279/2353 2196/2168/2242 2197/2170/2244
f 2295/2280/2354 2198/2171/2245 2196/2168/2242
f 2199/2173/2247 2198/2171/2245 2295/2280/2354
f 2297/2282/2356 2201/2174/2248 2199/2173/2247
f 2200/2172/2246 2201/2174/2248 2297/2282/2356
f 2299/2284/2358 2202/2175/2249 2200/2172/2246
f 2203/2176/2250 2202/2175/2249 2299/2284/2358
f 2301/2286/2360 2204/2177/2251 2203/2176/2250
f 2161/2137/2211 2204/2177/2251 2301/2286/2360
f 553/2314/2388 658/2769/2843 385/2315/2389
f 152/216/302 2124/2099/2173 298/2316/2390
f 436/470/556 672/689/775 669/687/773
f 439/2318/2392 669/687/773 728/2319/2393
f 725/736/822 451/2761/2835 448/482/568
f 228/2320/2394 225/280/366 417/454/540
f 228/2320/2394 414/452/538 473/2321/2395
f 470/501/587 240/2709/2783 237/292/378
f 724/735/821 721/733/819 764/2322/2396
f 761/768/854 487/2762/2836 484/514/600
f 724/735/821 484/514/600 455/2323/2397
f 244/2324/2398 241/294/380 469/500/586
f 244/2324/2398 466/498/584 509/2325/2399
f 506/533/619 260/2710/2784 257/309/395
f 757/765/851 783/2816/2890 1054/1075/1161
f 1054/1075/1161 520/546/632 491/2326/2400
f 261/311/397 505/532/618 502/530/616
f 502/530/616 528/2763/2837 1056/1084/1170
f 657/676/762 656/675/761 676/2328/2402
f 673/690/776 435/2760/2834 432/468/554
f 657/676/762 432/468/554 390/2329/2403
f 201/260/346 402/441/527 401/440/526
f 204/2330/2404 401/440/526 421/2331/2405
f 418/455/541 224/2708/2782 221/278/364
f 911/2363/2437 640/2766/2840 550/2086/2160
f 694/2365/2439 691/705/791 925/923/1009
f 694/2365/2439 922/921/1007 981/2366/2440
f 978/970/1056 706/2814/2888 703/717/803
f 977/969/1055 974/967/1053 1017/2367/2441
f 1014/1002/1088 742/2815/2889 739/749/835
f 977/969/1055 739/749/835 710/2368/2442
f 1010/999/1085 1036/2868/2942 1052/1066/1152
f 1052/1066/1152 775/781/867 746/2369/2443
f 910/910/996 909/909/995 929/2370/2444
f 926/924/1010 690/2813/2887 687/703/789
f 910/910/996 687/703/789 645/2371/2445
f 5/84/170 893/2819/2893 805/2078/2152
f 98/166/252 959/2866/2940 956/951/1037
f 956/951/1037 947/2865/2939 944/939/1025
f 101/2403/2477 944/939/1025 77/148/234
f 118/183/269 995/2867/2941 992/983/1069
f 121/2404/2478 992/983/1069 963/2405/2479
f 960/953/1039 97/165/251 94/163/249
f 1058/1093/1179 1028/1015/1101 999/2406/2480
f 999/2406/2480 996/985/1071 117/182/268
f 81/2408/2482 78/149/235 943/2409/2483
f 81/2408/2482 940/937/1023 898/2410/2484
f 894/895/981 66/137/223 65/136/222
f 1086/2130/2204 2152/2127/2201 1826/2442/2516
f 1134/1161/1246 1915/1875/1949 1918/2459/2533
f 1960/2460/2534 1963/2890/2964 1142/2461/2535
f 1134/1161/1246 1142/2461/2535 1147/2462/2536
f 1163/2464/2538 1140/2889/2963 1143/1172/1256
f 1962/1914/1988 1967/3082/3156 1976/2465/2539
f 1976/2465/2539 1979/2891/2965 1158/2466/2540
f 1159/1189/1270 1978/1928/2002 1983/2467/2541
f 2012/2468/2542 2015/2892/2966 1174/2469/2543
f 1159/1189/1270 1174/2469/2543 1179/2470/2544
f 1175/1206/1284 2014/1958/2032 2019/2472/2546
f 1175/1206/1284 2048/2473/2547 2078/2055/2129
f 1202/1237/1311 1424/2924/2998 1320/1347/1421
f 1239/1273/1347 1242/2914/2988 1253/2490/2564
f 1256/2491/2565 1436/2915/2989 1441/2492/2566
f 1239/1273/1347 1441/2492/2566 1421/2493/2567
f 1270/2494/2568 1488/2917/2991 1493/2495/2569
f 1270/2494/2568 1434/2496/2570 1437/1450/1524
f 1255/1286/1360 1260/2916/2990 1267/2497/2571
f 1283/2498/2572 1286/2918/2992 1524/2499/2573
f 1274/2500/2574 1524/2499/2573 1529/2501/2575
f 1274/2500/2574 1486/2502/2576 1489/1494/1568
f 1290/2503/2577 1299/2919/2993 2076/2049/2123
f 1290/2503/2577 1548/2504/2578 1522/2505/2579
f 1405/2506/2580 1679/2979/3053 1575/1573/1647
f 1407/1425/1499 1410/2970/3044 1452/2541/2615
f 1455/2542/2616 1691/3026/3100 1696/2543/2617
f 1407/1425/1499 1696/2543/2617 1676/2544/2618
f 1471/2545/2619 1743/3030/3104 1748/2546/2620
f 1471/2545/2619 1689/2547/2621 1692/1676/1750
f 1454/1464/1538 1459/2971/3045 1468/2548/2622
f 1504/2549/2623 1507/2972/3046 1779/2550/2624
f 1475/2551/2625 1779/2550/2624 1784/2552/2626
f 1741/2553/2627 1744/1720/1794 1470/1478/1552
f 1511/2554/2628 1540/2973/3047 2074/2042/2116
f 1511/2554/2628 1803/2555/2629 1777/2556/2630
f 1571/2557/2631 1660/2976/3050 1932/2558/2632
f 1662/1651/1725 1665/3025/3099 1707/2592/2666
f 1710/2593/2667 1944/3027/3101 1949/2594/2668
f 1662/1651/1725 1949/2594/2668 1929/2595/2669
f 1726/2596/2670 1996/3029/3103 2001/2597/2671
f 1726/2596/2670 1942/2598/2672 1945/1900/1974
f 1709/1690/1764 1714/3028/3102 1723/2599/2673
f 1759/2600/2674 1762/3031/3105 2032/2601/2675
f 1730/2602/2676 2032/2601/2675 2037/2603/2677
f 1730/2602/2676 1994/2604/2678 1997/1944/2018
f 1766/2605/2679 1795/3032/3106 2072/2035/2109
f 1766/2605/2679 2055/2606/2680 2030/2607/2681
f 2/85/171 62/6621/6636 64/2641/2715
f 58/2642/2716 62/6621/6636 2/85/171
f 59/2643/2717 58/2642/2716 7/87/173
f 12/2295/2369 100/2294/2368 99/2644/2718
f 91/2645/2719 93/2291/2365 11/90/176
f 96/2292/2366 95/2293/2367 12/2295/2369
f 13/91/177 99/2644/2718 103/2646/2720
f 87/2647/2721 91/2645/2719 10/92/178
f 15/93/179 103/2646/2720 105/2648/2722
f 88/2649/2723 87/2647/2721 14/94/180
f 20/2300/2374 120/2299/2373 119/2650/2724
f 111/2651/2725 113/2296/2370 19/97/183
f 19/97/183 116/2297/2371 115/2298/2372
f 21/98/184 119/2650/2724 123/2652/2726
f 107/2653/2727 111/2651/2725 18/99/185
f 23/101/187 123/2652/2726 125/2654/2728
f 108/2655/2729 107/2653/2727 22/100/186
f 27/2656/2730 129/6622/6637 128/2657/2731
f 28/105/191 128/2657/2731 132/2658/2732
f 30/2659/2733 132/2658/2732 134/2660/2734
f 71/2661/2735 73/2287/2361 45/118/204
f 45/118/204 76/2288/2362 75/2289/2363
f 42/116/202 80/2290/2364 79/2662/2736
f 67/2663/2737 71/2661/2735 44/117/203
f 43/119/205 79/2662/2736 83/2664/2738
f 68/2665/2739 67/2663/2737 47/120/206
f 46/121/207 83/2664/2738 85/2666/2740
f 60/131/217 86/155/241 84/153/239
f 61/132/218 84/153/239 82/151/237
f 82/151/237 81/2408/2482 65/136/222
f 66/137/223 3/139/225 64/135/221
f 106/172/258 104/170/256 70/142/228
f 104/170/256 102/168/254 72/144/230
f 102/168/254 101/2403/2477 74/146/232
f 74/146/232 77/148/234 76/2667/2741
f 78/149/235 81/2408/2482 80/150/236
f 126/189/275 124/187/273 90/159/245
f 124/187/273 122/185/271 92/161/247
f 122/185/271 121/2404/2478 94/163/249
f 97/165/251 96/6600/6616 93/162/248
f 98/166/252 101/2403/2477 100/167/253
f 109/175/261 135/199/285 133/197/283
f 110/176/262 133/197/283 131/195/281
f 112/178/264 131/195/281 130/2407/2481
f 117/182/268 116/6602/6617 113/179/265
f 118/183/269 121/2404/2478 120/184/270
f 1058/1093/1179 130/2407/2481 129/194/280
f 380/421/507 637/657/743 2254/2668/2742
f 637/657/743 639/659/745 2256/2670/2744
f 635/656/742 890/891/977 2261/2671/2745
f 890/891/977 892/893/979 2262/2673/2747
f 51/890/976 50/123/209 2267/2674/2748
f 50/123/209 54/127/213 2268/2676/2750
f 2268/2676/2750 54/127/213 57/129/215
f 147/210/296 206/2679/2753 208/2678/2752
f 149/213/299 202/6623/6638 206/2679/2753
f 203/2680/2754 202/6623/6638 149/213/299
f 231/2682/2756 230/2684/2758 156/219/305
f 153/217/303 246/2685/2759 248/2683/2757
f 230/2684/2758 234/2686/2760 158/221/307
f 157/220/306 242/2687/2761 246/2685/2759
f 234/2686/2760 236/2306/2380 160/223/309
f 160/223/309 239/2307/2381 238/2308/2382
f 159/222/308 243/2309/2383 242/2687/2761
f 251/2688/2762 250/2690/2764 164/226/312
f 161/224/310 266/2691/2765 268/2689/2763
f 250/2690/2764 254/2692/2766 166/227/313
f 165/228/314 262/2693/2767 266/2691/2765
f 254/2692/2766 256/2310/2384 168/229/315
f 259/2311/2385 258/2312/2386 167/230/316
f 167/230/316 263/2313/2387 262/2693/2767
f 271/2694/2768 270/2696/2770 171/2695/2769
f 270/2696/2770 274/2697/2771 173/234/320
f 274/2697/2771 276/6624/6639 176/237/323
f 187/249/335 211/2700/2774 210/2698/2772
f 215/2699/2773 214/2701/2775 186/245/331
f 190/251/337 226/2702/2776 211/2700/2774
f 214/2701/2775 218/2703/2777 189/248/334
f 192/2305/2379 227/2304/2378 226/2702/2776
f 218/2703/2777 220/2301/2375 191/250/336
f 223/2302/2376 222/2303/2377 192/2305/2379
f 193/254/340 196/253/339 2294/2704/2778
f 2294/2704/2778 196/253/339 198/256/342
f 2295/2706/2780 198/256/342 200/258/344
f 201/260/346 204/2330/2404 203/262/348
f 204/2330/2404 221/278/364 219/276/362
f 219/276/362 217/274/360 207/265/351
f 217/274/360 216/273/359 209/267/353
f 212/285/371 233/288/374 232/287/373
f 224/2708/2782 223/279/365 220/277/363
f 228/2320/2394 227/282/368 222/281/367
f 228/2320/2394 237/292/378 235/290/376
f 229/283/369 235/290/376 233/288/374
f 240/2709/2783 239/293/379 236/291/377
f 241/294/380 244/2324/2398 243/296/382
f 244/2324/2398 257/309/395 255/307/393
f 245/297/383 255/307/393 253/305/391
f 247/299/385 253/305/391 252/304/390
f 260/2710/2784 259/310/396 256/308/394
f 261/311/397 264/2327/2401 263/313/399
f 277/326/412 275/324/410 265/314/400
f 275/324/410 273/322/408 267/316/402
f 273/322/408 272/321/407 269/318/404
f 1056/1084/1170 176/1080/1166 276/325/411
f 292/342/428 392/2712/2786 394/2711/2785
f 294/345/431 388/2713/2787 392/2712/2786
f 385/2315/2389 387/2332/2406 296/347/433
f 296/347/433 389/2333/2407 388/2713/2787
f 398/2714/2788 400/2334/2408 297/348/434
f 297/348/434 404/2335/2409 403/2317/2391
f 396/2715/2789 398/2714/2788 300/350/436
f 394/2711/2785 396/2715/2789 302/352/438
f 442/2716/2790 441/2718/2792 306/355/441
f 303/353/439 457/2719/2793 459/2717/2791
f 441/2718/2792 445/2720/2794 308/357/443
f 307/356/442 453/2721/2795 457/2719/2793
f 445/2720/2794 447/2346/2420 310/359/445
f 310/359/445 450/2345/2419 449/2348/2422
f 309/358/444 454/2347/2421 453/2721/2795
f 313/2352/2426 472/2351/2425 471/2722/2796
f 463/2723/2797 465/2350/2424 312/360/446
f 468/2349/2423 467/2353/2427 313/2352/2426
f 314/361/447 471/2722/2796 475/2724/2798
f 461/2725/2799 463/2723/2797 311/362/448
f 316/363/449 475/2724/2798 442/2716/2790
f 459/2717/2791 461/2725/2799 315/364/450
f 478/2726/2800 477/2728/2802 320/368/454
f 317/366/452 493/2729/2803 495/2727/2801
f 477/2728/2802 481/2730/2804 322/370/456
f 321/369/455 489/2731/2805 493/2729/2803
f 481/2730/2804 483/2355/2429 324/371/457
f 486/2354/2428 485/2357/2431 323/372/458
f 323/372/458 490/2356/2430 489/2731/2805
f 327/2361/2435 508/2360/2434 507/2732/2806
f 499/2733/2807 501/2359/2433 326/373/459
f 326/373/459 504/2358/2432 503/2362/2436
f 328/374/460 507/2732/2806 511/2734/2808
f 497/2735/2809 499/2733/2807 325/375/461
f 330/377/463 511/2734/2808 478/2726/2800
f 495/2727/2801 497/2735/2809 329/376/462
f 514/2736/2810 513/2738/2812 333/2737/2811
f 513/2738/2812 517/2739/2813 335/382/468
f 517/2739/2813 519/6625/6640 338/385/471
f 340/2740/2814 527/6626/6641 526/2741/2815
f 341/387/473 526/2741/2815 530/2742/2816
f 343/2743/2817 530/2742/2816 514/2736/2810
f 361/406/492 406/2746/2820 405/2744/2818
f 425/2745/2819 427/2747/2821 360/402/488
f 364/408/494 437/2748/2822 406/2746/2820
f 427/2747/2821 429/2749/2823 363/405/491
f 366/2343/2417 438/2342/2416 437/2748/2822
f 429/2749/2823 431/2341/2415 365/407/493
f 434/2340/2414 433/2344/2418 366/2343/2417
f 411/2750/2824 413/2337/2411 370/411/497
f 370/411/497 416/2336/2410 415/2339/2413
f 367/409/495 420/2338/2412 419/2751/2825
f 409/2752/2826 411/2750/2824 369/410/496
f 368/412/498 419/2751/2825 423/2753/2827
f 405/2744/2818 409/2752/2826 372/413/499
f 371/414/500 423/2753/2827 425/2745/2819
f 2299/2754/2828 373/417/503 376/416/502
f 2300/2755/2829 376/416/502 378/419/505
f 2301/2756/2830 378/419/505 380/421/507
f 200/258/344 382/422/508 2297/2757/2831
f 382/422/508 384/424/510 2298/2758/2832
f 384/424/510 373/417/503 2299/2754/2828
f 658/677/763 657/676/762 386/426/512
f 386/426/512 390/2329/2403 389/428/514
f 390/2329/2403 432/468/554 430/466/552
f 430/466/552 428/464/550 393/431/517
f 428/464/550 426/461/547 395/433/519
f 395/433/519 426/461/547 424/459/545
f 397/436/522 424/459/545 422/457/543
f 422/457/543 421/2331/2405 401/440/526
f 402/441/527 404/443/529 400/439/525
f 402/441/527 201/260/346 150/259/345
f 407/475/561 444/478/564 443/477/563
f 443/477/563 476/505/591 410/448/534
f 476/505/591 474/503/589 412/450/536
f 474/503/589 473/2321/2395 414/452/538
f 414/452/538 417/454/540 416/2759/2833
f 225/280/366 224/2708/2782 418/455/541
f 418/455/541 421/2331/2405 420/456/542
f 435/2760/2834 434/469/555 431/467/553
f 435/2760/2834 673/690/776 672/689/775
f 439/2318/2392 438/472/558 433/471/557
f 439/2318/2392 448/482/568 446/480/566
f 440/473/559 446/480/566 444/478/564
f 451/2761/2835 450/483/569 447/481/567
f 451/2761/2835 725/736/822 724/735/821
f 452/484/570 455/2323/2397 454/486/572
f 455/2323/2397 484/514/600 482/512/598
f 456/487/573 482/512/598 480/510/596
f 458/489/575 480/510/596 479/509/595
f 479/509/595 512/537/623 462/494/580
f 512/537/623 510/535/621 464/496/582
f 510/535/621 509/2325/2399 466/498/584
f 469/500/586 468/6604/6619 465/497/583
f 241/294/380 240/2709/2783 470/501/587
f 470/501/587 473/2321/2395 472/502/588
f 487/2762/2836 486/515/601 483/513/599
f 487/2762/2836 761/768/854 760/767/853
f 488/516/602 491/2326/2400 490/518/604
f 520/546/632 518/544/630 492/519/605
f 518/544/630 516/542/628 494/521/607
f 516/542/628 515/541/627 496/523/609
f 496/523/609 515/541/627 531/558/644
f 498/526/612 531/558/644 529/556/642
f 500/528/614 529/556/642 528/2763/2837
f 505/532/618 504/6605/6620 501/529/615
f 261/311/397 260/2710/2784 506/533/619
f 506/533/619 509/2325/2399 508/534/620
f 1054/1075/1161 338/1071/1157 519/545/631
f 1056/1084/1170 528/2763/2837 527/555/641
f 547/577/663 647/2765/2839 649/2764/2838
f 549/580/666 643/2767/2841 647/2765/2839
f 640/2766/2840 642/2372/2446 551/582/668
f 551/582/668 644/2373/2447 643/2767/2841
f 653/2768/2842 655/2374/2448 552/583/669
f 552/583/669 659/2375/2449 658/2769/2843
f 651/2770/2844 653/2768/2842 555/585/671
f 649/2764/2838 651/2770/2844 557/587/673
f 697/2771/2845 696/2773/2847 561/590/676
f 558/588/674 712/2774/2848 714/2772/2846
f 696/2773/2847 700/2775/2849 563/592/678
f 562/591/677 708/2776/2850 712/2774/2848
f 700/2775/2849 702/2386/2460 565/594/680
f 565/594/680 705/2385/2459 704/2388/2462
f 564/593/679 709/2387/2461 708/2776/2850
f 568/2392/2466 727/2391/2465 726/2777/2851
f 718/2778/2852 720/2390/2464 567/595/681
f 723/2389/2463 722/2393/2467 568/2392/2466
f 569/596/682 726/2777/2851 730/2779/2853
f 716/2780/2854 718/2778/2852 566/597/683
f 571/598/684 730/2779/2853 697/2771/2845
f 714/2772/2846 716/2780/2854 570/599/685
f 733/2781/2855 732/2783/2857 575/603/689
f 572/601/687 748/2784/2858 750/2782/2856
f 732/2783/2857 736/2785/2859 577/604/690
f 576/605/691 744/2786/2860 748/2784/2858
f 736/2785/2859 738/2395/2469 579/606/692
f 741/2394/2468 740/2397/2471 578/607/693
f 578/607/693 745/2396/2470 744/2786/2860
f 582/2401/2475 763/2400/2474 762/2787/2861
f 754/2788/2862 756/2399/2473 581/608/694
f 581/608/694 759/2398/2472 758/2402/2476
f 583/609/695 762/2787/2861 766/2789/2863
f 752/2790/2864 754/2788/2862 580/610/696
f 585/612/698 766/2789/2863 733/2781/2855
f 750/2782/2856 752/2790/2864 584/611/697
f 769/2791/2865 768/2793/2867 588/2792/2866
f 768/2793/2867 772/2794/2868 590/617/703
f 772/2794/2868 774/6627/6642 593/620/706
f 595/2795/2869 782/6628/6643 781/2796/2870
f 596/622/708 781/2796/2870 785/2797/2871
f 598/2798/2872 785/2797/2871 769/2791/2865
f 616/641/727 661/2801/2875 660/2799/2873
f 680/2800/2874 682/2802/2876 615/637/723
f 619/643/729 692/2803/2877 661/2801/2875
f 682/2802/2876 684/2804/2878 618/640/726
f 621/2383/2457 693/2382/2456 692/2803/2877
f 684/2804/2878 686/2381/2455 620/642/728
f 689/2380/2454 688/2384/2458 621/2383/2457
f 666/2805/2879 668/2377/2451 625/646/732
f 625/646/732 671/2376/2450 670/2379/2453
f 622/644/730 675/2378/2452 674/2806/2880
f 664/2807/2881 666/2805/2879 624/645/731
f 623/647/733 674/2806/2880 678/2808/2882
f 660/2799/2873 664/2807/2881 627/648/734
f 626/649/735 678/2808/2882 680/2800/2874
f 2257/2809/2883 628/652/738 631/651/737
f 2258/2810/2884 631/651/737 633/654/740
f 2259/2811/2885 633/654/740 635/656/742
f 2256/2670/2744 639/659/745 628/652/738
f 640/660/746 911/911/997 910/910/996
f 641/661/747 645/2371/2445 644/663/749
f 645/2371/2445 687/703/789 685/701/787
f 685/701/787 683/699/785 648/666/752
f 683/699/785 681/696/782 650/668/754
f 650/668/754 681/696/782 679/694/780
f 652/671/757 679/694/780 677/692/778
f 677/692/778 676/2328/2402 656/675/761
f 657/676/762 659/678/764 655/674/760
f 662/710/796 699/713/799 698/712/798
f 698/712/798 731/740/826 665/683/769
f 731/740/826 729/738/824 667/685/771
f 729/738/824 728/2319/2393 669/687/773
f 669/687/773 672/689/775 671/2812/2886
f 673/690/776 676/2328/2402 675/691/777
f 690/2813/2887 689/704/790 686/702/788
f 926/924/1010 925/923/1009 691/705/791
f 694/2365/2439 693/707/793 688/706/792
f 694/2365/2439 703/717/803 701/715/801
f 695/708/794 701/715/801 699/713/799
f 706/2814/2888 705/718/804 702/716/802
f 978/970/1056 977/969/1055 707/719/805
f 707/719/805 710/2368/2442 709/721/807
f 710/2368/2442 739/749/835 737/747/833
f 711/722/808 737/747/833 735/745/831
f 713/724/810 735/745/831 734/744/830
f 734/744/830 767/772/858 717/729/815
f 767/772/858 765/770/856 719/731/817
f 765/770/856 764/2322/2396 721/733/819
f 724/735/821 723/6607/6622 720/732/818
f 725/736/822 728/2319/2393 727/737/823
f 742/2815/2889 741/750/836 738/748/834
f 1014/1002/1088 1013/1001/1087 743/751/837
f 743/751/837 746/2369/2443 745/753/839
f 775/781/867 773/779/865 747/754/840
f 773/779/865 771/777/863 749/756/842
f 771/777/863 770/776/862 751/758/844
f 751/758/844 770/776/862 786/793/879
f 753/761/847 786/793/879 784/791/877
f 755/763/849 784/791/877 783/2816/2890
f 760/767/853 759/6608/6623 756/764/850
f 761/768/854 764/2322/2396 763/769/855
f 1052/1066/1152 593/1062/1148 774/780/866
f 1054/1075/1161 783/2816/2890 782/790/876
f 802/812/898 900/2818/2892 902/2817/2891
f 804/815/901 896/2820/2894 900/2818/2892
f 893/2819/2893 895/2411/2485 806/817/903
f 806/817/903 897/2412/2486 896/2820/2894
f 906/2821/2895 908/2413/2487 807/818/904
f 807/818/904 912/2414/2488 911/2363/2437
f 904/2822/2896 906/2821/2895 810/820/906
f 902/2817/2891 904/2822/2896 812/822/908
f 950/2823/2897 949/2825/2899 816/825/911
f 813/823/909 965/2826/2900 967/2824/2898
f 949/2825/2899 953/2827/2901 818/827/913
f 817/826/912 961/2828/2902 965/2826/2900
f 953/2827/2901 955/2425/2499 820/829/915
f 820/829/915 958/2424/2498 957/2427/2501
f 819/828/914 962/2426/2500 961/2828/2902
f 823/2431/2505 980/2430/2504 979/2829/2903
f 971/2830/2904 973/2429/2503 822/830/916
f 976/2428/2502 975/2432/2506 823/2431/2505
f 824/831/917 979/2829/2903 983/2831/2905
f 969/2832/2906 971/2830/2904 821/832/918
f 826/833/919 983/2831/2905 950/2823/2897
f 967/2824/2898 969/2832/2906 825/834/920
f 986/2833/2907 985/2835/2909 830/838/924
f 827/836/922 1001/2836/2910 1003/2834/2908
f 985/2835/2909 989/2837/2911 832/839/925
f 831/840/926 997/2838/2912 1001/2836/2910
f 989/2837/2911 991/2434/2508 834/841/927
f 994/2433/2507 993/2436/2510 833/842/928
f 833/842/928 998/2435/2509 997/2838/2912
f 837/2440/2514 1016/2439/2513 1015/2839/2913
f 1007/2840/2914 1009/2438/2512 836/843/929
f 836/843/929 1012/2437/2511 1011/2441/2515
f 838/844/930 1015/2839/2913 1019/2841/2915
f 1005/2842/2916 1007/2840/2914 835/845/931
f 840/847/933 1019/2841/2915 986/2833/2907
f 1003/2834/2908 1005/2842/2916 839/846/932
f 1022/2843/2917 1021/2845/2919 843/2844/2918
f 1021/2845/2919 1025/2846/2920 845/852/938
f 1025/2846/2920 1027/6629/6644 848/855/941
f 850/2847/2921 1035/6630/6645 1034/2848/2922
f 851/857/943 1034/2848/2922 1038/2849/2923
f 853/2850/2924 1038/2849/2923 1022/2843/2917
f 871/876/962 914/2853/2927 913/2851/2925
f 933/2852/2926 935/2854/2928 870/872/958
f 874/878/964 945/2855/2929 914/2853/2927
f 935/2854/2928 937/2856/2930 873/875/961
f 876/2422/2496 946/2421/2495 945/2855/2929
f 937/2856/2930 939/2420/2494 875/877/963
f 942/2419/2493 941/2423/2497 876/2422/2496
f 919/2857/2931 921/2416/2490 880/881/967
f 880/881/967 924/2415/2489 923/2418/2492
f 877/879/965 928/2417/2491 927/2858/2932
f 917/2859/2933 919/2857/2931 879/880/966
f 878/882/968 927/2858/2932 931/2860/2934
f 913/2851/2925 917/2859/2933 882/883/969
f 881/884/970 931/2860/2934 933/2852/2926
f 2263/2861/2935 883/887/973 886/886/972
f 2264/2862/2936 886/886/972 888/889/975
f 2265/2863/2937 888/889/975 51/890/976
f 892/893/979 883/887/973 2263/2861/2935
f 893/894/980 5/138/224 66/137/223
f 894/895/981 898/2410/2484 897/897/983
f 898/2410/2484 940/937/1023 938/935/1021
f 938/935/1021 936/933/1019 901/900/986
f 936/933/1019 934/930/1016 903/902/988
f 903/902/988 934/930/1016 932/928/1014
f 905/905/991 932/928/1014 930/926/1012
f 930/926/1012 929/2370/2444 909/909/995
f 910/910/996 912/912/998 908/908/994
f 915/944/1030 952/947/1033 951/946/1032
f 951/946/1032 984/974/1060 918/917/1003
f 984/974/1060 982/972/1058 920/919/1005
f 982/972/1058 981/2366/2440 922/921/1007
f 922/921/1007 925/923/1009 924/2864/2938
f 926/924/1010 929/2370/2444 928/925/1011
f 943/2409/2483 942/938/1024 939/936/1022
f 78/149/235 77/148/234 944/939/1025
f 947/2865/2939 946/941/1027 941/940/1026
f 947/2865/2939 956/951/1037 954/949/1035
f 948/942/1028 954/949/1035 952/947/1033
f 959/2866/2940 958/952/1038 955/950/1036
f 98/166/252 97/165/251 960/953/1039
f 960/953/1039 963/2405/2479 962/955/1041
f 963/2405/2479 992/983/1069 990/981/1067
f 964/956/1042 990/981/1067 988/979/1065
f 966/958/1044 988/979/1065 987/978/1064
f 987/978/1064 1020/1006/1092 970/963/1049
f 1020/1006/1092 1018/1004/1090 972/965/1051
f 1018/1004/1090 1017/2367/2441 974/967/1053
f 977/969/1055 976/6610/6625 973/966/1052
f 978/970/1056 981/2366/2440 980/971/1057
f 995/2867/2941 994/984/1070 991/982/1068
f 118/183/269 117/182/268 996/985/1071
f 996/985/1071 999/2406/2480 998/987/1073
f 1028/1015/1101 1026/1013/1099 1000/988/1074
f 1026/1013/1099 1024/1011/1097 1002/990/1076
f 1024/1011/1097 1023/1010/1096 1004/992/1078
f 1004/992/1078 1023/1010/1096 1039/1028/1114
f 1006/995/1081 1039/1028/1114 1037/1026/1112
f 1008/997/1083 1037/1026/1112 1036/2868/2942
f 1013/1001/1087 1012/6611/6626 1009/998/1084
f 1014/1002/1088 1017/2367/2441 1016/1003/1089
f 1058/1093/1179 848/1089/1175 1027/1014/1100
f 1052/1066/1152 1036/2868/2942 1035/1025/1111
f 1132/2869/2943 1130/6631/6646 1089/1120/1206
f 1089/1120/1206 1130/6631/6646 1128/2870/2944
f 1090/1122/1208 1128/2870/2944 59/2643/2717
f 1161/2871/2945 1164/2444/2518 1094/2446/2520
f 1095/1124/1210 1155/2448/2522 1153/2872/2946
f 1094/2446/2520 1157/2445/2519 1160/2447/2521
f 1165/2873/2947 1161/2871/2945 1093/1123/1209
f 1092/1125/1211 1153/2872/2946 1151/2874/2948
f 105/2648/2722 1165/2873/2947 1097/1126/1212
f 1096/1127/1213 1151/2874/2948 88/2649/2723
f 1177/2875/2949 1180/2449/2523 1100/2451/2525
f 1101/1129/1215 1171/2453/2527 1169/2876/2950
f 1173/2450/2524 1176/2452/2526 1101/1129/1215
f 1181/2877/2951 1177/2875/2949 1099/1128/1214
f 1098/1130/1216 1169/2876/2950 1167/2879/2953
f 125/2654/2728 1181/2877/2951 1103/2878/2952
f 1102/1131/1217 1167/2879/2953 108/2655/2729
f 1184/2880/2954 1187/6632/6647 1107/1134/1220
f 1188/2881/2955 1184/2880/2954 1106/1133/1219
f 134/2660/2734 1188/2881/2955 1109/1137/1223
f 1117/2454/2528 1139/2456/2530 1137/2882/2956
f 1141/2458/2532 1144/2455/2529 1117/2454/2528
f 1145/2883/2957 1148/2457/2531 1116/1143/1229
f 1118/1144/1230 1137/2882/2956 1135/2884/2958
f 1149/2885/2959 1145/2883/2957 1119/1145/1231
f 1120/1146/1232 1135/2884/2958 68/2665/2739
f 85/2666/2740 1149/2885/2959 1121/1147/1233
f 2271/2886/2960 1125/1150/1236 1124/1867/1941
f 2270/2888/2962 1127/1153/1239 1125/1150/1236
f 57/129/215 1127/1153/1239 2270/2888/2962
f 1150/1177/1261 86/1179/241 60/1155/217
f 1146/1174/1258 1150/1177/1261 1129/1158/1243
f 1133/2463/2537 1147/2462/2536 1146/1174/1258
f 1132/1159/1244 1088/1162/1247 1134/1161/1246
f 1134/1161/1246 1087/1163/1248 1913/1873/1947
f 1136/1168/1252 1166/1194/1275 106/1196/258
f 1138/1170/1254 1162/1191/1272 1166/1194/1275
f 1140/2889/2963 1163/2464/2538 1162/1191/1272
f 1144/1173/1257 1143/1172/1256 1140/2889/2963
f 1962/1914/1988 1143/1172/1256 1142/2461/2535
f 1148/1175/1259 1147/2462/2536 1142/2461/2535
f 1152/1185/1266 1182/1211/1289 126/1213/275
f 1154/1187/1268 1178/1208/1286 1182/1211/1289
f 1156/2471/2545 1179/2470/2544 1178/1208/1286
f 1155/1186/1267 1160/1190/1271 1159/1189/1270
f 1978/1928/2002 1159/1189/1270 1158/2466/2540
f 1164/1192/1273 1163/2464/2538 1158/2466/2540
f 1189/1221/1297 135/1223/285 109/1199/261
f 1185/1218/1294 1189/1221/1297 1168/1202/1280
f 1186/2474/2548 1185/1218/1294 1170/1204/1282
f 1171/1203/1281 1176/1207/1285 1175/1206/1284
f 2014/1958/2032 1175/1206/1284 1174/2469/2543
f 1180/1209/1287 1179/2470/2544 1174/2469/2543
f 1187/1219/1295 1186/2474/2548 2078/2055/2129
f 208/2678/2752 1244/2893/2967 1196/1231/1305
f 1244/2893/2967 1240/6633/6648 1198/1232/1306
f 1198/1232/1306 1240/6633/6648 1243/2894/2968
f 1204/1241/1315 1262/2895/2969 231/2682/2756
f 248/2683/2757 1276/2896/2970 1203/1238/1312
f 1206/1243/1317 1264/2897/2971 1262/2895/2969
f 1276/2896/2970 1272/2898/2972 1205/1240/1314
f 1208/2476/2550 1266/2478/2552 1264/2897/2971
f 1268/2480/2554 1271/2477/2551 1208/2476/2550
f 1272/2898/2972 1275/2479/2553 1207/1242/1316
f 1210/2899/2973 1278/2900/2974 251/2688/2762
f 268/2689/2763 1292/2901/2975 1209/1244/1318
f 1212/1246/1320 1280/2902/2976 1278/2900/2974
f 1292/2901/2975 1288/2903/2977 1211/1247/1321
f 1214/1248/1322 1282/2482/2556 1280/2902/2976
f 1213/1249/1323 1284/2484/2558 1287/2481/2555
f 1288/2903/2977 1291/2483/2557 1213/1249/1323
f 1216/1252/1326 1294/2904/2978 271/2694/2768
f 1218/1251/1325 1296/2906/2980 1294/2904/2978
f 1220/2905/2979 1298/6634/6649 1296/2906/2980
f 210/2698/2772 1247/2907/2981 1227/1261/1335
f 1228/1260/1334 1248/2908/2982 215/2699/2773
f 1247/2907/2981 1258/2909/2983 1229/1263/1337
f 1230/1262/1336 1250/2910/2984 1248/2908/2982
f 1258/2909/2983 1261/2485/2559 1231/2487/2561
f 1232/1264/1338 1252/2489/2563 1250/2910/2984
f 1231/2487/2561 1254/2486/2560 1257/2488/2562
f 2292/2911/2985 1234/1265/1339 193/254/340
f 1236/1267/1341 1234/1265/1339 2292/2911/2985
f 1238/1270/1344 1236/1267/1341 2291/2912/2986
f 1202/1271/1345 1239/1273/1347 1422/1438/1512
f 1243/1275/1349 1242/2914/2988 1239/1273/1347
f 1251/1285/1359 1253/2490/2564 1242/2914/2988
f 1245/1277/1351 1249/1283/1357 1251/1285/1359
f 209/267/353 216/273/359 1249/1283/1357
f 232/287/373 1263/1296/1370 1246/1292/1366
f 1252/1284/1358 1257/1287/1361 1256/2491/2565
f 1436/2915/2989 1256/2491/2565 1255/1286/1360
f 1254/1288/1362 1261/1290/1364 1260/2916/2990
f 1265/1298/1372 1267/2497/2571 1260/2916/2990
f 1263/1296/1370 1265/1298/1372 1259/1289/1363
f 1266/1297/1371 1271/1300/1374 1270/2494/2568
f 1488/2917/2991 1270/2494/2568 1269/1299/1373
f 1275/1303/1377 1274/2500/2574 1269/1299/1373
f 1281/1312/1386 1283/2498/2572 1274/2500/2574
f 1279/1310/1384 1281/1312/1386 1273/1302/1376
f 252/304/390 1279/1310/1384 1277/1305/1379
f 1282/1311/1385 1287/1314/1388 1286/2918/2992
f 1524/2499/2573 1286/2918/2992 1285/1313/1387
f 1291/1317/1391 1290/2503/2577 1285/1313/1387
f 1289/1316/1390 1297/1326/1400 1299/2919/2993
f 1293/1319/1393 1295/1324/1398 1297/1326/1400
f 269/318/404 272/321/407 1295/1324/1398
f 1298/1325/1399 1220/2046/2120 2076/2049/2123
f 1414/2920/2994 1412/2921/2995 1310/1338/1412
f 1412/2921/2995 1408/2922/2996 1313/1341/1415
f 1315/1343/1417 1406/2509/2583 1405/2506/2580
f 1408/2922/2996 1411/2508/2582 1315/1343/1417
f 1317/1345/1419 1420/2511/2585 1418/2923/2997
f 1424/2924/2998 1423/2510/2584 1317/1345/1419
f 1318/1348/1422 1418/2923/2997 1416/2925/2999
f 1321/1350/1424 1416/2925/2999 1414/2920/2994
f 1324/1355/1429 1461/2928/3002 1464/2926/3000
f 1479/2927/3001 1477/2929/3003 1323/1351/1425
f 1328/1357/1431 1465/2930/3004 1461/2928/3002
f 1477/2929/3003 1473/2931/3005 1327/1354/1428
f 1330/2512/2586 1467/2514/2588 1465/2930/3004
f 1469/2516/2590 1472/2513/2587 1330/2512/2586
f 1473/2931/3005 1476/2515/2589 1329/1356/1430
f 1491/2932/3006 1494/2519/2593 1333/2518/2592
f 1334/1359/1433 1485/2520/2594 1483/2933/3007
f 1333/2518/2592 1487/2517/2591 1490/2521/2595
f 1495/2934/3008 1491/2932/3006 1332/1358/1432
f 1331/1360/1434 1483/2933/3007 1481/2935/3009
f 1464/2926/3000 1495/2934/3008 1336/1361/1435
f 1335/1362/1436 1481/2935/3009 1479/2927/3001
f 1338/1367/1441 1497/2939/3013 1500/2936/3010
f 1515/2937/3011 1513/2940/3014 1337/1363/1437
f 1342/2938/3012 1501/2941/3015 1497/2939/3013
f 1513/2940/3014 1509/2942/3016 1341/1366/1440
f 1344/1368/1442 1503/2523/2597 1501/2941/3015
f 1343/1369/1443 1505/2525/2599 1508/2522/2596
f 1509/2942/3016 1512/2524/2598 1343/1369/1443
f 1527/2943/3017 1530/2528/2602 1347/2527/2601
f 1348/1371/1445 1521/2529/2603 1519/2944/3018
f 1523/2526/2600 1526/2530/2604 1348/1371/1445
f 1531/2945/3019 1527/2943/3017 1346/1370/1444
f 1345/1372/1446 1519/2944/3018 1517/2947/3021
f 1500/2936/3010 1531/2945/3019 1350/2946/3020
f 1349/1373/1447 1517/2947/3021 1515/2937/3011
f 1353/1378/1452 1533/2949/3023 1536/2948/3022
f 1356/1377/1451 1537/2951/3025 1533/2949/3023
f 1358/2950/3024 1539/6635/6650 1537/2951/3025
f 1546/2952/3026 1549/6636/6651 1362/1383/1457
f 1550/2953/3027 1546/2952/3026 1361/1382/1456
f 1536/2948/3022 1550/2953/3027 1364/1386/1460
f 1425/2954/3028 1428/2956/3030 1381/1402/1476
f 1382/1400/1474 1447/2957/3031 1445/2955/3029
f 1428/2956/3030 1457/2958/3032 1383/1404/1478
f 1384/1403/1477 1449/2959/3033 1447/2957/3031
f 1457/2958/3032 1460/2531/2605 1385/2533/2607
f 1386/1405/1479 1451/2535/2609 1449/2959/3033
f 1385/2533/2607 1453/2532/2606 1456/2534/2608
f 1388/2537/2611 1433/2536/2610 1431/2960/3034
f 1435/2539/2613 1438/2538/2612 1388/2537/2611
f 1439/2961/3035 1442/2540/2614 1387/1406/1480
f 1389/1407/1481 1431/2960/3034 1429/2962/3036
f 1443/2963/3037 1439/2961/3035 1390/1408/1482
f 1391/1409/1483 1429/2962/3036 1425/2954/3028
f 1445/2955/3029 1443/2963/3037 1392/1410/1484
f 1396/1412/1486 1395/1422/1496 2287/2964/3038
f 1398/1414/1488 1396/1412/1486 2286/2965/3039
f 1400/1417/1491 1398/1414/1488 2285/2966/3040
f 2289/2968/3042 1402/1418/1492 1238/1270/1344
f 2288/2969/3043 1404/1421/1495 1402/1418/1492
f 2287/2964/3038 1395/1422/1496 1404/1421/1495
f 1407/1425/1499 1677/1664/1738 1679/1666/1740
f 1411/1427/1501 1410/2970/3044 1407/1425/1499
f 1450/1463/1537 1452/2541/2615 1410/2970/3044
f 1413/1429/1503 1448/1461/1535 1450/1463/1537
f 1415/1431/1505 1446/1457/1531 1448/1461/1535
f 1444/1455/1529 1446/1457/1531 1415/1431/1505
f 1440/1452/1526 1444/1455/1529 1417/1435/1509
f 1421/2493/2567 1441/2492/2566 1440/1452/1526
f 1420/1436/1510 1423/1439/1513 1422/1438/1512
f 1463/1472/1546 1462/1475/1549 1427/1470/1544
f 1430/1446/1520 1496/1499/1573 1463/1472/1546
f 1432/1448/1522 1492/1496/1570 1496/1499/1573
f 1434/2496/2570 1493/2495/2569 1492/1496/1570
f 1438/1451/1525 1437/1450/1524 1434/2496/2570
f 1442/1453/1527 1441/2492/2566 1436/2915/2989
f 1451/1462/1536 1456/1465/1539 1455/2542/2616
f 1692/1676/1750 1691/3026/3100 1455/2542/2616
f 1453/1466/1540 1460/1468/1542 1459/2971/3045
f 1466/1477/1551 1468/2548/2622 1459/2971/3045
f 1462/1475/1549 1466/1477/1551 1458/1467/1541
f 1467/1476/1550 1472/1479/1553 1471/2545/2619
f 1744/1720/1794 1743/3030/3104 1471/2545/2619
f 1476/1482/1556 1475/2551/2625 1470/1478/1552
f 1502/1507/1581 1504/2549/2623 1475/2551/2625
f 1498/1505/1579 1502/1507/1581 1474/1481/1555
f 1499/1502/1576 1498/1505/1579 1478/1484/1558
f 1482/1490/1564 1532/1529/1603 1499/1502/1576
f 1484/1492/1566 1528/1526/1600 1532/1529/1603
f 1486/2502/2576 1529/2501/2575 1528/1526/1600
f 1485/1491/1565 1490/1495/1569 1489/1494/1568
f 1494/1497/1571 1493/2495/2569 1488/2917/2991
f 1503/1506/1580 1508/1509/1583 1507/2972/3046
f 1780/1750/1824 1779/2550/2624 1507/2972/3046
f 1512/1512/1586 1511/2554/2628 1506/1508/1582
f 1510/1511/1585 1538/1537/1611 1540/2973/3047
f 1514/1514/1588 1534/1535/1609 1538/1537/1611
f 1516/1516/1590 1535/1532/1606 1534/1535/1609
f 1551/1549/1623 1535/1532/1606 1516/1516/1590
f 1547/1546/1620 1551/1549/1623 1518/1520/1594
f 1548/2504/2578 1547/1546/1620 1520/1522/1596
f 1521/1521/1595 1526/1525/1599 1525/1524/1598
f 1530/1527/1601 1529/2501/2575 1524/2499/2573
f 1539/1536/1610 1358/2039/2113 2074/2042/2116
f 1549/1547/1621 1548/2504/2578 2076/2049/2123
f 1669/2974/3048 1667/2975/3049 1565/1564/1638
f 1667/2975/3049 1663/2977/3051 1568/1567/1641
f 1570/1569/1643 1661/2560/2634 1660/2976/3050
f 1663/2977/3051 1666/2559/2633 1570/1569/1643
f 1572/1571/1645 1675/2562/2636 1673/2978/3052
f 1679/2979/3053 1678/2561/2635 1572/1571/1645
f 1573/1574/1648 1673/2978/3052 1671/2980/3054
f 1576/1576/1650 1671/2980/3054 1669/2974/3048
f 1579/1581/1655 1716/2983/3057 1719/2981/3055
f 1734/2982/3056 1732/2984/3058 1578/1577/1651
f 1583/1583/1657 1720/2985/3059 1716/2983/3057
f 1732/2984/3058 1728/2986/3060 1582/1580/1654
f 1585/2563/2637 1722/2565/2639 1720/2985/3059
f 1724/2567/2641 1727/2564/2638 1585/2563/2637
f 1728/2986/3060 1731/2566/2640 1584/1582/1656
f 1746/2987/3061 1749/2570/2644 1588/2569/2643
f 1589/1585/1659 1740/2571/2645 1738/2988/3062
f 1588/2569/2643 1742/2568/2642 1745/2572/2646
f 1750/2989/3063 1746/2987/3061 1587/1584/1658
f 1586/1586/1660 1738/2988/3062 1736/2990/3064
f 1719/2981/3055 1750/2989/3063 1591/1587/1661
f 1590/1588/1662 1736/2990/3064 1734/2982/3056
f 1593/2991/3065 1752/2994/3068 1755/2992/3066
f 1770/2993/3067 1768/2995/3069 1592/1589/1663
f 1597/1592/1666 1756/2996/3070 1752/2994/3068
f 1768/2995/3069 1764/2997/3071 1596/1593/1667
f 1599/1594/1668 1758/2574/2648 1756/2996/3070
f 1598/1595/1669 1760/2576/2650 1763/2573/2647
f 1764/2997/3071 1767/2575/2649 1598/1595/1669
f 1782/2998/3072 1785/2579/2653 1602/2578/2652
f 1603/1597/1671 1776/2580/2654 1774/2999/3073
f 1778/2577/2651 1781/2581/2655 1603/1597/1671
f 1786/3000/3074 1782/2998/3072 1601/1596/1670
f 1600/1598/1672 1774/2999/3073 1772/3002/3076
f 1755/2992/3066 1786/3000/3074 1605/3001/3075
f 1604/1599/1673 1772/3002/3076 1770/2993/3067
f 1608/1604/1678 1788/3004/3078 1791/3003/3077
f 1611/1603/1677 1792/3006/3080 1788/3004/3078
f 1613/3005/3079 1794/6637/6652 1792/3006/3080
f 1801/3007/3081 1804/6638/6653 1617/1609/1683
f 1805/3008/3082 1801/3007/3081 1616/1608/1682
f 1791/3003/3077 1805/3008/3082 1619/1612/1686
f 1680/3009/3083 1683/3011/3085 1636/1628/1702
f 1637/1626/1700 1702/3012/3086 1700/3010/3084
f 1683/3011/3085 1712/3013/3087 1638/1630/1704
f 1639/1629/1703 1704/3014/3088 1702/3012/3086
f 1712/3013/3087 1715/2582/2656 1640/2584/2658
f 1641/1631/1705 1706/2586/2660 1704/3014/3088
f 1640/2584/2658 1708/2583/2657 1711/2585/2659
f 1643/2588/2662 1688/2587/2661 1686/3015/3089
f 1690/2590/2664 1693/2589/2663 1643/2588/2662
f 1694/3016/3090 1697/2591/2665 1642/1632/1706
f 1644/1633/1707 1686/3015/3089 1684/3017/3091
f 1698/3018/3092 1694/3016/3090 1645/1634/1708
f 1646/1635/1709 1684/3017/3091 1680/3009/3083
f 1700/3010/3084 1698/3018/3092 1647/1636/1710
f 1651/1638/1712 1650/1648/1722 2281/3019/3093
f 1653/1640/1714 1651/1638/1712 2280/3020/3094
f 1655/1643/1717 1653/1640/1714 2279/3021/3095
f 2283/3023/3097 1657/1644/1718 1400/1417/1491
f 2282/3024/3098 1659/1647/1721 1657/1644/1718
f 1650/1648/1722 1659/1647/1721 2282/3024/3098
f 1930/1888/1962 1932/1890/1964 1660/1649/1723
f 1666/1653/1727 1665/3025/3099 1662/1651/1725
f 1705/1689/1763 1707/2592/2666 1665/3025/3099
f 1668/1655/1729 1703/1687/1761 1705/1689/1763
f 1670/1657/1731 1701/1683/1757 1703/1687/1761
f 1699/1681/1755 1701/1683/1757 1670/1657/1731
f 1695/1678/1752 1699/1681/1755 1672/1661/1735
f 1676/2544/2618 1696/2543/2617 1695/1678/1752
f 1675/1662/1736 1678/1665/1739 1677/1664/1738
f 1718/1698/1772 1717/1701/1775 1682/1696/1770
f 1685/1672/1746 1751/1725/1799 1718/1698/1772
f 1687/1674/1748 1747/1722/1796 1751/1725/1799
f 1689/2547/2621 1748/2546/2620 1747/1722/1796
f 1693/1677/1751 1692/1676/1750 1689/2547/2621
f 1697/1679/1753 1696/2543/2617 1691/3026/3100
f 1706/1688/1762 1711/1691/1765 1710/2593/2667
f 1709/1690/1764 1945/1900/1974 1944/3027/3101
f 1708/1692/1766 1715/1694/1768 1714/3028/3102
f 1721/1703/1777 1723/2599/2673 1714/3028/3102
f 1717/1701/1775 1721/1703/1777 1713/1693/1767
f 1722/1702/1776 1727/1705/1779 1726/2596/2670
f 1725/1704/1778 1997/1944/2018 1996/3029/3103
f 1731/1708/1782 1730/2602/2676 1725/1704/1778
f 1757/1733/1807 1759/2600/2674 1730/2602/2676
f 1753/1731/1805 1757/1733/1807 1729/1707/1781
f 1754/1728/1802 1753/1731/1805 1733/1710/1784
f 1737/1716/1790 1787/1755/1829 1754/1728/1802
f 1739/1718/1792 1783/1752/1826 1787/1755/1829
f 1741/2553/2627 1784/2552/2626 1783/1752/1826
f 1740/1717/1791 1745/1721/1795 1744/1720/1794
f 1749/1723/1797 1748/2546/2620 1743/3030/3104
f 1758/1732/1806 1763/1735/1809 1762/3031/3105
f 2033/1974/2048 2032/2601/2675 1762/3031/3105
f 1767/1738/1812 1766/2605/2679 1761/1734/1808
f 1765/1737/1811 1793/1763/1837 1795/3032/3106
f 1769/1740/1814 1789/1761/1835 1793/1763/1837
f 1771/1742/1816 1790/1758/1832 1789/1761/1835
f 1806/1775/1849 1790/1758/1832 1771/1742/1816
f 1802/1772/1846 1806/1775/1849 1773/1746/1820
f 1803/2555/2629 1802/1772/1846 1775/1748/1822
f 1776/1747/1821 1781/1751/1825 1780/1750/1824
f 1785/1753/1827 1784/2552/2626 1779/2550/2624
f 1794/1762/1836 1613/2032/2106 2072/2035/2109
f 1804/1773/1847 1803/2555/2629 2074/2042/2116
f 1922/3033/3107 1920/3034/3108 1820/1790/1864
f 1920/3034/3108 1916/3035/3109 1823/1793/1867
f 1825/1795/1869 1914/2609/2683 1913/2443/2517
f 1916/3035/3109 1919/2608/2682 1825/1795/1869
f 1827/1797/1871 1928/2611/2685 1926/3036/3110
f 1932/2558/2632 1931/2610/2684 1827/1797/1871
f 1828/1800/1874 1926/3036/3110 1924/3037/3111
f 1831/1802/1876 1924/3037/3111 1922/3033/3107
f 1834/1807/1881 1969/3040/3114 1972/3038/3112
f 1987/3039/3113 1985/3041/3115 1833/1803/1877
f 1838/1809/1883 1973/3042/3116 1969/3040/3114
f 1985/3041/3115 1981/3043/3117 1837/1806/1880
f 1840/2613/2687 1975/2612/2686 1973/3042/3116
f 1839/1808/1882 1977/2615/2689 1980/2614/2688
f 1981/3043/3117 1984/2616/2690 1839/1808/1882
f 1999/3044/3118 2002/2619/2693 1843/2618/2692
f 1844/1811/1885 1993/2620/2694 1991/3045/3119
f 1843/2618/2692 1995/2617/2691 1998/2621/2695
f 2003/3046/3120 1999/3044/3118 1842/1810/1884
f 1841/1812/1886 1991/3045/3119 1989/3048/3122
f 1972/3038/3112 2003/3046/3120 1846/3047/3121
f 1845/1813/1887 1989/3048/3122 1987/3039/3113
f 1848/3049/3123 2005/3052/3126 2008/3050/3124
f 2023/3051/3125 2021/3053/3127 1847/1814/1888
f 1852/1817/1891 2009/3054/3128 2005/3052/3126
f 2021/3053/3127 2017/3055/3129 1851/1818/1892
f 1854/1819/1893 2011/2622/2696 2009/3054/3128
f 1853/1820/1894 2013/2624/2698 2016/2623/2697
f 2017/3055/3129 2020/2625/2699 1853/1820/1894
f 2035/3056/3130 2038/2628/2702 1857/2627/2701
f 1858/1822/1896 2029/2629/2703 2027/3057/3131
f 2031/2626/2700 2034/2630/2704 1858/1822/1896
f 2039/3058/3132 2035/3056/3130 1856/1821/1895
f 1855/1823/1897 2027/3057/3131 2025/3060/3134
f 2008/3050/3124 2039/3058/3132 1860/3059/3133
f 1859/1824/1898 2025/3060/3134 2023/3051/3125
f 1863/1829/1903 2041/3062/3136 2044/3061/3135
f 1866/1828/1902 2045/3064/3138 2041/3062/3136
f 1868/3063/3137 2047/6639/6654 2045/3064/3138
f 2053/3065/3139 2056/6640/6655 1872/1834/1908
f 2057/3066/3140 2053/3065/3139 1871/1833/1907
f 2044/3061/3135 2057/3066/3140 1874/1837/1911
f 1933/3067/3141 1936/3069/3143 1891/1853/1927
f 1892/1851/1925 1955/3070/3144 1953/3068/3142
f 1936/3069/3143 1965/3071/3145 1893/1855/1929
f 1894/1854/1928 1957/3072/3146 1955/3070/3144
f 1965/3071/3145 1968/2633/2707 1895/2632/2706
f 1896/1856/1930 1959/2634/2708 1957/3072/3146
f 1895/2632/2706 1961/2631/2705 1964/2635/2709
f 1898/2637/2711 1941/2636/2710 1939/3073/3147
f 1943/2639/2713 1946/2638/2712 1898/2637/2711
f 1947/3074/3148 1950/2640/2714 1897/1857/1931
f 1899/1858/1932 1939/3073/3147 1937/3075/3149
f 1951/3076/3150 1947/3074/3148 1900/1859/1933
f 1901/1860/1934 1937/3075/3149 1933/3067/3141
f 1953/3068/3142 1951/3076/3150 1902/1861/1935
f 1906/1863/1937 1905/1872/1946 2275/3077/3151
f 1908/1865/1939 1906/1863/1937 2274/3078/3152
f 2272/2887/2961 1124/1867/1941 1908/1865/1939
f 2277/3080/3154 1910/1868/1942 1655/1643/1717
f 2276/3081/3155 1912/1871/1945 1910/1868/1942
f 2275/3077/3151 1905/1872/1946 1912/1871/1945
f 1919/1877/1951 1918/2459/2533 1915/1875/1949
f 1958/1913/1987 1960/2460/2534 1918/2459/2533
f 1921/1879/1953 1956/1911/1985 1958/1913/1987
f 1923/1881/1955 1954/1907/1981 1956/1911/1985
f 1952/1905/1979 1954/1907/1981 1923/1881/1955
f 1948/1902/1976 1952/1905/1979 1925/1885/1959
f 1929/2595/2669 1949/2594/2668 1948/1902/1976
f 1928/1886/1960 1931/1889/1963 1930/1888/1962
f 1971/1922/1996 1970/1925/1999 1935/1920/1994
f 1938/1896/1970 2004/1949/2023 1971/1922/1996
f 1940/1898/1972 2000/1946/2020 2004/1949/2023
f 1942/2598/2672 2001/2597/2671 2000/1946/2020
f 1946/1901/1975 1945/1900/1974 1942/2598/2672
f 1950/1903/1977 1949/2594/2668 1944/3027/3101
f 1959/1912/1986 1964/1915/1989 1963/2890/2964
f 1961/1916/1990 1968/1918/1992 1967/3082/3156
f 1974/1927/2001 1976/2465/2539 1967/3082/3156
f 1970/1925/1999 1974/1927/2001 1966/1917/1991
f 1975/1926/2000 1980/1929/2003 1979/2891/2965
f 1984/1932/2006 1983/2467/2541 1978/1928/2002
f 2010/1957/2031 2012/2468/2542 1983/2467/2541
f 2006/1955/2029 2010/1957/2031 1982/1931/2005
f 2007/1952/2026 2006/1955/2029 1986/1934/2008
f 1990/1940/2014 2040/1979/2053 2007/1952/2026
f 1992/1942/2016 2036/1976/2050 2040/1979/2053
f 1994/2604/2678 2037/2603/2677 2036/1976/2050
f 1993/1941/2015 1998/1945/2019 1997/1944/2018
f 2002/1947/2021 2001/2597/2671 1996/3029/3103
f 2011/1956/2030 2016/1959/2033 2015/2892/2966
f 2020/1962/2036 2019/2472/2546 2014/1958/2032
f 2018/1961/2035 2046/1987/2061 2048/2473/2547
f 2022/1964/2038 2042/1985/2059 2046/1987/2061
f 2024/1966/2040 2043/1982/2056 2042/1985/2059
f 2058/1998/2072 2043/1982/2056 2024/1966/2040
f 2054/1995/2069 2058/1998/2072 2026/1970/2044
f 2055/2606/2680 2054/1995/2069 2028/1972/2046
f 2029/1971/2045 2034/1975/2049 2033/1974/2048
f 2038/1977/2051 2037/2603/2677 2032/2601/2675
f 2047/1986/2060 1868/2052/2126 2078/2055/2129
f 2056/1996/2070 2055/2606/2680 2072/2035/2109
f 2104/2077/2151 2103/2076/2150 2206/2180/2254
f 2103/2076/2150 2105/2079/2153 2208/2181/2255
f 2105/2079/2153 2106/2080/2154 2209/2182/2256
f 2106/2080/2154 2107/2081/2155 2210/2184/2258
f 2107/2081/2155 2108/2082/2156 2211/2185/2259
f 2108/2082/2156 2109/2083/2157 2212/2186/2260
f 2109/2083/2157 2111/2085/2159 2213/2187/2261
f 2111/2085/2159 2112/2087/2161 2214/2189/2263
f 2112/2087/2161 2113/2088/2162 2215/2190/2264
f 2113/2088/2162 2114/2089/2163 2216/2191/2265
f 2216/2191/2265 2114/2089/2163 2115/2090/2164
f 2217/2192/2266 2115/2090/2164 2116/2093/2167
f 2218/2193/2267 2116/2093/2167 2118/2092/2166
f 2219/2194/2268 2118/2092/2166 2119/2095/2169
f 2220/2195/2269 2119/2095/2169 2120/2096/2170
f 2221/2196/2270 2120/2096/2170 2121/2097/2171
f 2222/2197/2271 2121/2097/2171 2122/2098/2172
f 2223/2198/2272 2122/2098/2172 2123/2101/2175
f 2224/2199/2273 2123/2101/2175 2125/2100/2174
f 2225/2200/2274 2125/2100/2174 2126/2102/2176
f 2226/2201/2275 2126/2102/2176 2127/2103/2177
f 2227/2202/2276 2127/2103/2177 2128/2105/2179
f 2128/2105/2179 2129/2104/2178 2229/2205/2279
f 2129/2104/2178 2130/2106/2180 2230/2207/2281
f 2130/2106/2180 2132/2108/2182 2231/2208/2282
f 2132/2108/2182 2133/2109/2183 2232/2210/2284
f 2133/2109/2183 2134/2110/2184 2233/2211/2285
f 2134/2110/2184 2135/2111/2185 2234/2212/2286
f 2135/2111/2185 2136/2112/2186 2235/2213/2287
f 2136/2112/2186 2137/2113/2187 2236/2215/2289
f 2137/2113/2187 2139/2115/2189 2237/2216/2290
f 2139/2115/2189 2140/2116/2190 2238/2217/2291
f 2140/2116/2190 2141/2117/2191 2239/2218/2292
f 2141/2117/2191 2142/2118/2192 2240/2220/2294
f 2240/2220/2294 2142/2118/2192 2143/2119/2193
f 2241/2221/2295 2143/2119/2193 2144/2122/2196
f 2242/2222/2296 2144/2122/2196 2146/2121/2195
f 2243/2223/2297 2146/2121/2195 2147/2123/2197
f 2244/2224/2298 2147/2123/2197 2148/2124/2198
f 2245/2225/2299 2148/2124/2198 2149/2125/2199
f 2246/2226/2300 2149/2125/2199 2150/2126/2200
f 2247/2227/2301 2150/2126/2200 2151/2129/2203
f 2248/2228/2302 2151/2129/2203 2153/2128/2202
f 2249/2229/2303 2153/2128/2202 2154/2131/2205
f 2250/2230/2304 2154/2131/2205 2155/2132/2206
f 2251/2231/2305 2155/2132/2206 2156/2134/2208
f 2156/2134/2208 2157/2133/2207 2253/2233/2307
f 2157/2133/2207 2104/2077/2151 2207/2179/2253
f 2302/3083/3157 2303/3229/3303 2304/3084/3158
f 2304/3084/3158 2306/3087/3161 2307/3086/3160
f 2306/3087/3161 2308/3089/3163 2309/3088/3162
f 2308/3089/3163 2310/3091/3165 2311/3090/3164
f 2310/3091/3165 2312/3513/3562 2313/3092/3166
f 2313/3092/3166 2312/3513/3562 2314/3093/3167
f 2315/3094/3168 2314/3093/3167 2316/3095/3169
f 2316/3095/3169 2318/3099/3173 2319/3097/3171
f 2320/3098/3172 2321/3101/3175 2319/3097/3171
f 2322/3100/3174 2323/3103/3177 2321/3101/3175
f 2322/3100/3174 2324/3208/3282 2325/3102/3176
f 2327/3104/3178 2328/3108/3182 2329/3105/3179
f 2327/3104/3178 2330/3109/3183 2331/3107/3181
f 2330/3109/3183 2332/3112/3186 2333/3110/3184
f 2334/3111/3185 2335/3114/3188 2333/3110/3184
f 2334/3111/3185 2336/3116/3190 2337/3113/3187
f 2338/3115/3189 2339/3117/3191 2337/3113/3187
f 2339/3117/3191 2338/3115/3189 2340/3118/3192
f 2341/3119/3193 2340/3118/3192 2342/3120/3194
f 2342/3120/3194 2344/3123/3197 2345/3122/3196
f 2344/3123/3197 2346/3126/3200 2347/3124/3198
f 2348/3125/3199 2349/3203/3277 2347/3124/3198
f 2350/3127/3201 2351/3130/3204 2352/3128/3202
f 2351/3130/3204 2354/3132/3206 2355/3131/3205
f 2354/3132/3206 2356/3134/3208 2357/3133/3207
f 2356/3134/3208 2358/3136/3210 2359/3135/3209
f 2358/3136/3210 2360/3138/3212 2361/3137/3211
f 2360/3138/3212 2362/3140/3214 2363/3139/3213
f 2362/3140/3214 2364/3142/3216 2365/3141/3215
f 2364/3142/3216 2366/3144/3218 2367/3143/3217
f 2366/3144/3218 2368/3185/3259 2369/3145/3219
f 2371/3146/3220 2372/3184/3258 2373/3147/3221
f 2375/3149/3223 2376/3180/3254 2377/3150/3224
f 2378/3152/3226 2379/3541/3590 2380/3153/3227
f 2350/3127/3201 2382/3298/3372 2383/3155/3229
f 2384/3156/3230 2378/3152/3226 2381/3154/3228
f 2351/3130/3204 2383/3155/3229 2386/3158/3232
f 2387/3159/3233 2384/3156/3230 2385/3157/3231
f 2354/3132/3206 2386/3158/3232 2389/3161/3235
f 2390/3162/3236 2387/3159/3233 2388/3160/3234
f 2356/3134/3208 2389/3161/3235 2392/3164/3238
f 2393/3165/3239 2390/3162/3236 2391/3163/3237
f 2395/3167/3241 2360/3138/3212 2358/3136/3210
f 2396/3168/3242 2393/3165/3239 2394/3166/3240
f 2398/3170/3244 2362/3140/3214 2360/3138/3212
f 2399/3171/3245 2396/3168/3242 2397/3169/3243
f 2401/3173/3247 2364/3142/3216 2362/3140/3214
f 2402/3174/3248 2399/3171/3245 2400/3172/3246
f 2404/3176/3250 2366/3144/3218 2364/3142/3216
f 2405/3177/3251 2402/3174/3248 2403/3175/3249
f 2407/3179/3253 2368/3185/3259 2366/3144/3218
f 2376/3180/3254 2375/3149/3223 2409/3181/3255
f 2410/3183/3257 2411/3186/3260 2372/3184/3258
f 2368/3185/3259 2372/3184/3258 2411/3186/3260
f 2407/3179/3253 2373/3147/3221 2372/3184/3258
f 2353/3129/3203 2352/3128/3202 2381/3154/3228
f 2352/3128/3202 2355/3131/3205 2385/3157/3231
f 2355/3131/3205 2357/3133/3207 2388/3160/3234
f 2357/3133/3207 2359/3135/3209 2391/3163/3237
f 2359/3135/3209 2361/3137/3211 2394/3166/3240
f 2361/3137/3211 2363/3139/3213 2397/3169/3243
f 2363/3139/3213 2365/3141/3215 2400/3172/3246
f 2365/3141/3215 2367/3143/3217 2403/3175/3249
f 2367/3143/3217 2369/3145/3219 2406/3178/3252
f 2411/3186/3260 2410/3183/3257 2408/3182/3256
f 2369/3145/3219 2411/3186/3260 2409/3181/3255
f 2413/3187/3261 2414/3864/3898 2415/3188/3262
f 2416/3190/3264 2371/3146/3220 2370/3148/3222
f 2418/3192/3266 2419/3830/3864 2412/3189/3263
f 2420/3193/3267 2421/3740/3774 2422/3194/3268
f 2425/3196/3270 2426/3568/3617 2427/3197/3271
f 2428/3199/3273 2429/6641/3501 2430/3200/3274
f 2432/3202/3276 2433/3448/3505 2349/3203/3277
f 2434/3204/3278 2435/3573/3509 2436/3205/3279
f 2438/3207/3281 2439/3572/3619 2325/3102/3176
f 2440/3209/3283 2441/6642/6656 2442/3210/3284
f 2445/3212/3286 2446/3453/3510 2447/3213/3287
f 2447/3213/3287 2448/3570/3618 2449/3215/3289
f 2451/3216/3290 2452/3219/3293 2453/3217/3291
f 2456/3222/3296 2457/6643/6657 2458/3223/3297
f 2460/3225/3299 2461/3466/3521 2462/3226/3300
f 2302/3083/3157 2464/3585/3629 2465/3228/3302
f 2465/3228/3302 2464/3585/3629 2467/3230/3304
f 2466/3231/3305 2467/3230/3304 2469/3232/3306
f 2468/3233/3307 2469/3232/3306 2471/3234/3308
f 2470/3235/3309 2471/3234/3308 2473/3236/3310
f 2474/3238/3312 2472/3237/3311 2473/3236/3310
f 2476/3240/3314 2474/3238/3312 2475/3239/3313
f 2476/3240/3314 2477/3241/3315 2479/3242/3316
f 2479/3242/3316 2480/3245/3319 2481/3244/3318
f 2480/3245/3319 2482/3583/3627 2483/3246/3320
f 2483/3246/3320 2482/3583/3627 2484/3247/3321
f 2326/3106/3180 2329/3105/3179 2486/3249/3323
f 2487/3250/3324 2486/3249/3323 2489/3251/3325
f 2488/3252/3326 2489/3251/3325 2491/3253/3327
f 2490/3254/3328 2491/3253/3327 2492/3255/3329
f 2493/3256/3330 2492/3255/3329 2495/3257/3331
f 2494/3258/3332 2495/3257/3331 2496/3259/3333
f 2498/3261/3335 2497/3260/3334 2496/3259/3333
f 2500/3263/3337 2498/3261/3335 2499/3262/3336
f 2500/3263/3337 2501/3264/3338 2502/3265/3339
f 2503/3266/3340 2502/3265/3339 2505/3267/3341
f 2505/3267/3341 2506/3348/3422 2507/3269/3343
f 2350/3127/3201 2353/3129/3203 2508/3270/3344
f 2509/3271/3345 2508/3270/3344 2510/3272/3346
f 2511/3273/3347 2510/3272/3346 2512/3274/3348
f 2513/3275/3349 2512/3274/3348 2514/3276/3350
f 2515/3277/3351 2514/3276/3350 2516/3278/3352
f 2517/3279/3353 2516/3278/3352 2518/3280/3354
f 2519/3281/3355 2518/3280/3354 2520/3282/3356
f 2521/3283/3357 2520/3282/3356 2522/3284/3358
f 2523/3285/3359 2522/3284/3358 2524/3286/3360
f 2526/3288/3362 2527/3586/3630 2528/3289/3363
f 2531/3292/3366 2532/3591/3635 2533/3293/3367
f 2380/3153/3227 2379/3541/3590 2535/3295/3369
f 2350/3127/3201 2509/3271/3345 2537/3297/3371
f 2536/3296/3370 2535/3295/3369 2538/3299/3373
f 2540/3301/3375 2537/3297/3371 2509/3271/3345
f 2539/3300/3374 2538/3299/3373 2541/3302/3376
f 2511/3273/3347 2513/3275/3349 2543/3304/3378
f 2542/3303/3377 2541/3302/3376 2544/3305/3379
f 2513/3275/3349 2515/3277/3351 2546/3307/3381
f 2545/3306/3380 2544/3305/3379 2547/3308/3382
f 2549/3310/3384 2546/3307/3381 2515/3277/3351
f 2548/3309/3383 2547/3308/3382 2550/3311/3385
f 2552/3313/3387 2549/3310/3384 2517/3279/3353
f 2551/3312/3386 2550/3311/3385 2553/3314/3388
f 2555/3316/3390 2552/3313/3387 2519/3281/3355
f 2554/3315/3389 2553/3314/3388 2556/3317/3391
f 2558/3319/3393 2555/3316/3390 2521/3283/3357
f 2557/3318/3392 2556/3317/3391 2559/3320/3394
f 2561/3322/3396 2558/3319/3393 2523/3285/3359
f 2534/3294/3368 2562/3326/3400 2563/3323/3397
f 2565/3324/3398 2529/3290/3364 2530/3291/3365
f 2564/3325/3399 2530/3291/3365 2525/3287/3361
f 2530/3291/3365 2528/3289/3363 2561/3322/3396
f 2536/3296/3370 2508/3270/3344 2353/3129/3203
f 2539/3300/3374 2510/3272/3346 2508/3270/3344
f 2542/3303/3377 2512/3274/3348 2510/3272/3346
f 2545/3306/3380 2514/3276/3350 2512/3274/3348
f 2548/3309/3383 2516/3278/3352 2514/3276/3350
f 2551/3312/3386 2518/3280/3354 2516/3278/3352
f 2554/3315/3389 2520/3282/3356 2518/3280/3354
f 2557/3318/3392 2522/3284/3358 2520/3282/3356
f 2560/3321/3395 2524/3286/3360 2522/3284/3358
f 2562/3326/3400 2565/3324/3398 2564/3325/3399
f 2563/3323/3397 2564/3325/3399 2524/3286/3360
f 2567/3327/3401 2568/3832/3866 2569/3328/3402
f 2570/3330/3404 2571/3834/3868 2572/3331/3405
f 2575/3334/3408 2576/3868/3902 2577/3335/3409
f 2580/3337/3411 2578/3336/3410 2577/3335/3409
f 2584/3342/3416 2585/3639/3680 2586/3343/3417
f 2588/3345/3419 2589/6644/3535 2590/3346/3420
f 2506/3348/3422 2592/3483/3536 2593/3349/3423
f 2594/3350/3424 2595/3645/3541 2596/3351/3425
f 2484/3247/3321 2598/3644/3684 2599/3353/3427
f 2600/3354/3428 2601/6645/3686 2602/3355/3429
f 2604/3357/3431 2605/3490/3543 2606/3358/3432
f 2610/3362/3436 2611/3642/3682 2612/3363/3437
f 2616/3367/3441 2617/3725/3760 2618/3368/3442
f 2621/3370/3444 2622/3499/3550 2623/3371/3445
f 2625/3373/3447 2626/6646/6658 2627/3374/3448
f 2629/3376/3450 2630/3395/3451 2631/3377/3451
f 2632/3379/3452 2633/6647/6659 2634/3380/3453
f 2637/3382/3455 2633/6647/6659 2632/3379/3452
f 2637/3382/3455 2636/3383/3455 2639/3384/3456
f 2638/3385/3456 2639/3384/3456 2641/3386/3457
f 2643/3388/3458 2640/3387/3457 2641/3386/3457
f 2643/3388/3458 2642/3389/3458 2645/3390/3459
f 2647/3392/3460 2644/3391/3459 2645/3390/3459
f 2628/3378/3450 2647/3392/3460 2646/3393/3460
f 2648/3394/3461 2649/3397/3461 2631/3377/3451
f 2648/3394/3461 2650/3399/3462 2651/3396/3462
f 2652/3398/3463 2653/3409/3463 2651/3396/3462
f 2655/3400/3464 2656/3695/3730 2657/3401/3465
f 2659/3403/3466 2655/3400/3464 2654/3402/3464
f 2661/3405/3467 2659/3403/3466 2658/3404/3466
f 2663/3407/3468 2661/3405/3467 2660/3406/3467
f 2652/3398/3463 2663/3407/3468 2662/3408/3468
f 2664/3410/3469 2665/3711/3746 2666/3411/3470
f 2669/3413/3472 2626/6646/6658 2625/3373/3447
f 2670/3415/3474 2671/3655/3475 2672/3416/3475
f 2670/3415/3474 2674/3419/3478 2675/3418/3477
f 2673/3417/3476 2676/6648/6660 2674/3419/3478
f 2674/3420/3479 2677/3507/3557 2678/3421/3480
f 2679/3423/3482 2680/3509/3558 2676/3424/3483
f 2682/3426/3485 2683/3859/3893 2684/3427/3486
f 2682/3426/3485 2685/3428/3487 2686/3429/3488
f 2415/3188/3262 2414/3864/3898 2687/3430/3489
f 2689/3432/3491 2690/3858/3892 2688/3431/3490
f 2570/3330/3404 2691/3849/3883 2566/3329/3403
f 2526/3288/3362 2529/3290/3364 2692/3433/3492
f 2431/3439/3498 2426/3567/3616 2696/3440/3499
f 2702/3473/3528 2584/3638/3679 2591/3474/3529
f 2601/3493/3546 2707/3870/3904 2708/3494/3547
f 2681/3506/3484 2675/6649/3481 2678/3421/3480
f 2677/3507/3557 2674/6650/3479 2676/3508/3483
f 2302/3083/3157 2305/3085/3159 2327/3104/3178
f 2711/3510/3559 2306/3087/3161 2304/3084/3158
f 2330/3109/3183 2327/3104/3178 2305/3085/3159
f 2711/3510/3559 2712/6651/6661 2308/3089/3163
f 2332/3112/3186 2309/3088/3162 2311/3090/3164
f 2713/3512/3561 2714/3514/3563 2312/3513/3562
f 2334/3111/3185 2311/3090/3164 2313/3092/3166
f 2714/3514/3563 2715/6652/6662 2314/3093/3167
f 2342/3120/3194 2340/3118/3192 2317/3096/3170
f 2717/3515/3564 2320/3098/3172 2318/3099/3173
f 2346/3126/3200 2344/3123/3197 2321/3101/3175
f 2718/3517/3566 2324/3208/3282 2322/3100/3174
f 2329/3105/3179 2328/3108/3182 2383/3155/3229
f 2386/3158/3232 2383/3155/3229 2328/3108/3182
f 2309/3088/3162 2332/3112/3186 2330/3109/3183
f 2333/3110/3184 2335/3114/3188 2392/3164/3238
f 2338/3115/3189 2336/3116/3190 2313/3092/3166
f 2395/3167/3241 2337/3113/3187 2339/3117/3191
f 2340/3118/3192 2338/3115/3189 2315/3094/3168
f 2401/3173/3247 2398/3170/3244 2339/3117/3191
f 2344/3123/3197 2342/3120/3194 2319/3097/3171
f 2407/3179/3253 2345/3122/3196 2347/3124/3198
f 2325/3102/3176 2348/3125/3199 2346/3126/3200
f 2370/3148/3222 2373/3147/3221 2347/3124/3198
f 2628/3519/3568 2631/3522/3571 2720/3520/3569
f 2647/3521/3570 2628/3519/3568 2374/3151/3225
f 2631/3522/3571 2649/3524/3573 2721/3523/3572
f 2649/3524/3573 2651/3527/3576 2722/3525/3574
f 2653/3526/3575 2723/3529/3578 2722/3525/3574
f 2662/3528/3577 2724/3531/3580 2723/3529/3578
f 2662/3528/3577 2660/3533/3582 2725/3530/3579
f 2726/3532/3581 2725/3530/3579 2660/3533/3582
f 2727/3535/3584 2726/3532/3581 2658/3534/3583
f 2657/3537/3586 2728/3539/3588 2727/3535/3584
f 2729/3538/3587 2730/3657/3695 2728/3539/3588
f 2731/3540/3589 2732/3610/3653 2379/3541/3590
f 2733/3542/3591 2731/3540/3589 2378/3152/3226
f 2734/3543/3592 2733/3542/3591 2384/3156/3230
f 2389/3161/3235 2386/3158/3232 2331/3107/3181
f 2735/3544/3593 2734/3543/3592 2387/3159/3233
f 2736/3545/3594 2735/3544/3593 2390/3162/3236
f 2395/3167/3241 2392/3164/3238 2335/3114/3188
f 2737/3546/3595 2736/3545/3594 2393/3165/3239
f 2738/3547/3596 2737/3546/3595 2396/3168/3242
f 2739/3548/3597 2738/3547/3596 2399/3171/3245
f 2404/3176/3250 2401/3173/3247 2341/3119/3193
f 2402/3174/3248 2405/3177/3251 2729/3538/3587
f 2345/3122/3196 2407/3179/3253 2404/3176/3250
f 2644/3549/3598 2647/3521/3570 2377/3150/3224
f 2433/3448/3505 2417/3191/3265 2370/3148/3222
f 2452/3458/3515 2416/3190/3264 2417/3191/3265
f 2634/3551/3600 2633/3554/3603 2741/3552/3601
f 2633/3554/3603 2637/3556/3605 2743/3555/3604
f 2637/3556/3605 2638/3559/3608 2744/3557/3606
f 2745/3558/3607 2744/3557/3606 2638/3559/3608
f 2644/3549/3598 2740/3550/3599 2746/3561/3610
f 2747/3563/3612 2748/3652/3691 2627/3564/3613
f 2747/3563/3612 2626/3565/3614 2669/3503/3554
f 2671/3504/3555 2670/3656/3694 2749/3566/3615
f 2437/3206/3280 2436/3205/3279 2424/3198/3272
f 2694/3435/3494 2665/6653/6663 2425/3196/3270
f 2695/3438/3497 2696/3440/3499 2426/3567/3616
f 2430/3444/3274 2427/3197/3271 2426/3568/3617
f 2430/3444/3274 2429/6654/3501 2434/3204/3278
f 2698/3446/3503 2428/3445/3502 2431/3439/3498
f 2448/3570/3618 2447/3213/3287 2429/3442/3501
f 2439/3572/3619 2432/3202/3276 2348/3125/3199
f 2454/3220/3294 2433/6655/6664 2432/3450/3507
f 2694/3435/3494 2436/3205/3279 2435/3573/3509
f 2446/3453/3510 2435/3452/3509 2434/3443/3278
f 2718/3517/3566 2459/6656/6665 2438/3207/3281
f 2455/3221/3295 2453/3217/3291 2439/3451/3508
f 2416/3190/3264 2442/3457/3514 2441/3463/3518
f 2452/3219/3293 2451/3216/3290 2443/3459/3285
f 2440/3460/3283 2443/3459/3285 2460/3225/3299
f 2449/3215/3289 2441/6657/6656 2440/3460/3283
f 2698/3446/3503 2699/3462/3517 2449/3461/3516
f 2462/3226/3300 2445/3212/3286 2444/3214/3288
f 2457/3464/3519 2456/3454/3511 2446/3453/3510
f 2458/3465/3520 2450/3218/3292 2455/3221/3295
f 2461/3466/3521 2460/3225/3299 2451/3216/3290
f 2458/3465/3520 2457/3464/3519 2462/3226/3300
f 2487/3250/3324 2464/3585/3629 2302/3083/3157
f 2750/3576/3620 2751/6658/6666 2303/3229/3303
f 2488/3252/3326 2490/3254/3328 2469/3232/3306
f 2752/3577/3621 2466/3231/3305 2468/3233/3307
f 2490/3254/3328 2493/3256/3330 2471/3234/3308
f 2754/3579/3623 2753/3578/3622 2468/3233/3307
f 2494/3258/3332 2497/3260/3334 2475/3239/3313
f 2498/3261/3335 2477/3241/3315 2475/3239/3313
f 2755/3580/3624 2756/6659/6667 2474/3238/3312
f 2757/3581/3625 2755/3580/3624 2476/3240/3314
f 2503/3266/3340 2480/3245/3319 2479/3242/3316
f 2758/3582/3626 2759/3650/3689 2481/3244/3318
f 2504/3268/3342 2507/3269/3343 2484/3247/3321
f 2760/3584/3628 2758/3582/3626 2483/3246/3320
f 2382/3298/3372 2537/3297/3371 2486/3249/3323
f 2464/3585/3629 2487/3250/3324 2488/3252/3326
f 2543/3304/3378 2491/3253/3327 2489/3251/3325
f 2546/3307/3381 2492/3255/3329 2491/3253/3327
f 2546/3307/3381 2549/3310/3384 2495/3257/3331
f 2493/3256/3330 2494/3258/3332 2473/3236/3310
f 2549/3310/3384 2552/3313/3387 2496/3259/3333
f 2555/3316/3390 2499/3262/3336 2496/3259/3333
f 2558/3319/3393 2501/3264/3338 2499/3262/3336
f 2477/3241/3315 2498/3261/3335 2500/3263/3337
f 2558/3319/3393 2561/3322/3396 2502/3265/3339
f 2480/3245/3319 2503/3266/3340 2504/3268/3342
f 2527/3586/3630 2506/3348/3422 2505/3267/3341
f 2629/3587/3631 2532/3591/3635 2761/3588/3632
f 2646/3590/3634 2533/3293/3367 2532/3591/3635
f 2762/3592/3636 2763/6660/3697 2764/3593/3637
f 2656/3594/3638 2655/3597/3641 2765/3595/3639
f 2659/3596/3640 2766/3599/3643 2765/3595/3639
f 2661/3598/3642 2767/3601/3645 2766/3599/3643
f 2663/3600/3644 2768/3691/3727 2767/3601/3645
f 2769/3602/3646 2768/3691/3727 2663/3600/3644
f 2770/3604/3648 2769/3602/3646 2652/3603/3647
f 2648/3606/3650 2771/3608/3651 2770/3604/3648
f 2630/3607/3633 2761/3692/3632 2771/3608/3651
f 2772/3609/3652 2535/3295/3369 2379/3541/3590
f 2773/3611/3654 2538/3299/3373 2535/3295/3369
f 2537/3297/3371 2540/3301/3375 2489/3251/3325
f 2774/3612/3655 2541/3302/3376 2538/3299/3373
f 2775/3613/3656 2544/3305/3379 2541/3302/3376
f 2776/3614/3657 2547/3308/3382 2544/3305/3379
f 2777/3615/3658 2550/3311/3385 2547/3308/3382
f 2778/3616/3659 2553/3314/3388 2550/3311/3385
f 2779/3617/3660 2556/3317/3391 2553/3314/3388
f 2764/3618/3637 2559/3320/3394 2556/3317/3391
f 2561/3322/3396 2528/3289/3363 2505/3267/3341
f 2645/3619/3661 2780/3621/3663 2533/3293/3367
f 2700/3467/3522 2703/3475/3530 2591/3474/3529
f 2645/3619/3661 2642/3623/3665 2781/3620/3662
f 2641/3622/3664 2782/3625/3667 2781/3620/3662
f 2639/3624/3666 2783/3627/3669 2782/3625/3667
f 2636/3626/3668 2784/3629/3671 2783/3627/3669
f 2632/3628/3670 2785/3631/3673 2784/3629/3671
f 2635/3630/3672 2786/3661/3699 2785/3631/3673
f 2672/3471/3526 2701/3470/3525 2787/3632/3674
f 2788/3634/3676 2701/3470/3525 2668/3472/3527
f 2624/3636/3678 2789/3869/3903 2788/3634/3676
f 2591/3637/3421 2584/3342/3416 2587/3344/3418
f 2704/3477/3532 2585/3476/3531 2584/3638/3679
f 2705/3479/3534 2586/3343/3417 2585/3639/3680
f 2597/3352/3426 2587/3344/3418 2586/3343/3417
f 2609/3361/3435 2590/6661/3420 2589/3480/3535
f 2597/3352/3426 2596/3351/3425 2589/3641/3535
f 2611/3642/3682 2610/3362/3436 2593/3486/3539
f 2598/3644/3684 2484/3247/3321 2507/3269/3343
f 2527/3586/3630 2706/3484/3537 2592/3483/3536
f 2605/3490/3543 2604/3357/3431 2596/3481/3425
f 2705/3479/3534 2616/6662/3542 2595/3645/3541
f 2615/3366/3440 2599/3491/3544 2598/3487/3540
f 2760/3584/3628 2485/3248/3322 2599/3353/3427
f 2607/3359/3433 2608/3360/3434 2602/3496/3429
f 2620/3372/3446 2603/3497/3430 2602/3496/3429
f 2612/3363/3437 2600/6663/3428 2603/3497/3430
f 2692/3433/3492 2707/3870/3904 2601/3493/3546
f 2619/3498/3549 2606/3358/3432 2605/3490/3543
f 2621/3370/3444 2608/3360/3434 2606/3358/3432
f 2623/3371/3445 2613/3364/3438 2614/3365/3439
f 2618/3502/3553 2617/3492/3545 2615/3366/3440
f 2693/3434/3493 2692/3433/3492 2611/3485/3538
f 2622/3499/3550 2619/3498/3549 2618/3502/3553
f 2320/3098/3172 2717/3515/3564 2719/3518/3567
f 2316/3095/3169 2790/3648/3687 2716/3516/3565
f 2314/3093/3167 2715/6652/6662 2790/3648/3687
f 2308/3089/3163 2712/6651/6661 2713/3512/3561
f 2303/3229/3303 2751/6658/6666 2710/3511/3560
f 2752/3577/3621 2750/3576/3620 2465/3228/3302
f 2472/3237/3311 2791/3649/3688 2754/3579/3623
f 2474/3238/3312 2756/6659/6667 2791/3649/3688
f 2759/3650/3689 2757/3581/3625 2478/3243/3317
f 2679/3423/3482 2678/3421/3480 2677/3507/3557
f 2640/3560/3609 2643/3562/3611 2746/3561/3610
f 2792/3651/3690 2793/3839/3873 2627/3564/3613
f 2794/3653/3692 2789/3869/3903 2624/3636/3678
f 2671/3655/3475 2669/3413/3472 2668/3414/3473
f 2742/3553/3602 2749/3566/3615 2670/3656/3694
f 2730/3657/3695 2729/3538/3587 2405/3177/3251
f 2763/3659/3697 2797/3690/3726 2559/3320/3394
f 2681/3660/3698 2676/6648/6660 2673/3417/3476
f 2673/3633/3675 2787/3632/3674 2786/3661/3699
f 2635/3381/3454 2634/3380/3453 2675/3418/3477
f 2583/3341/3415 2798/3872/3906 2799/3662/3700
f 2801/3664/3702 2802/3742/3776 2581/3339/3413
f 2803/3665/3703 2804/3728/3762 2805/3666/3704
f 2807/3668/3706 2803/3665/3703 2806/3667/3705
f 2807/3668/3706 2808/3669/3707 2810/3670/3708
f 2811/3672/3710 2812/3729/3763 2813/3673/3711
f 2815/3675/3713 2811/3672/3710 2814/3674/3712
f 2815/3677/3713 2816/6664/3714 2818/3678/3715
f 2818/3678/3715 2819/3681/3717 2820/3680/3717
f 2819/3681/3717 2821/6665/6668 2822/3682/3718
f 2822/3682/3718 2821/6665/6668 2823/3683/3719
f 2824/3684/3720 2823/3683/3719 2825/3685/3721
f 2826/3686/3722 2825/3685/3721 2827/3687/3723
f 2827/3687/3723 2829/3727/3725 2830/3689/3725
f 2405/3177/3251 2406/3178/3252 2409/3181/3255
f 2730/3657/3695 2796/3658/3696 2375/3149/3223
f 2724/3531/3580 2725/3530/3579 2726/3532/3581
f 2720/3520/3569 2721/3523/3572 2728/3539/3588
f 2727/3535/3584 2728/3539/3588 2721/3523/3572
f 2727/3535/3584 2722/3525/3574 2723/3529/3578
f 2559/3320/3394 2797/3690/3726 2563/3323/3397
f 2763/3659/3697 2761/3588/3632 2531/3292/3366
f 2766/3599/3643 2767/3601/3645 2768/3691/3727
f 2761/3692/3632 2763/6660/3697 2762/3592/3636
f 2762/3592/3636 2765/3595/3639 2770/3604/3648
f 2769/3602/3646 2770/3604/3648 2765/3595/3639
f 2739/3693/3728 2729/6666/6669 2657/3401/3465
f 2656/3695/3730 2764/6667/6670 2779/3696/3731
f 2656/3695/3730 2778/3697/3732 2777/3698/3733
f 2656/3695/3730 2776/3699/3734 2775/3700/3735
f 2656/3695/3730 2774/3701/3736 2773/3702/3737
f 2657/3401/3465 2773/3702/3737 2772/3703/3738
f 2657/3401/3465 2732/3704/3739 2731/3705/3740
f 2657/3401/3465 2733/3706/3741 2734/3707/3742
f 2657/3401/3465 2735/3708/3743 2736/3709/3744
f 2665/3711/3746 2694/6668/6671 2456/3222/3296
f 2665/3711/3746 2459/3224/3298 2718/3712/3747
f 2719/3713/3748 2717/6669/6672 2716/3714/3749
f 2716/3714/3749 2790/6670/6673 2715/3715/3750
f 2715/3715/3750 2714/6671/6674 2713/3716/3751
f 2713/3716/3751 2712/6672/6675 2711/3717/3752
f 2711/3717/3752 2710/6673/6676 2751/3718/3753
f 2751/3718/3753 2750/6674/6677 2752/3719/3754
f 2752/3719/3754 2753/6675/6678 2754/3720/3755
f 2754/3720/3755 2791/6676/6679 2756/3721/3756
f 2756/3721/3756 2755/6677/6680 2757/3722/3757
f 2757/3722/3757 2759/6678/6681 2758/3723/3758
f 2665/3711/3746 2758/3723/3758 2760/3724/3759
f 2617/3725/3760 2616/3367/3441 2666/3411/3470
f 2829/3727/3725 2805/3666/3704 2804/3728/3762
f 2810/3670/3708 2813/3673/3711 2812/3729/3763
f 2831/3730/3764 2832/3865/3899 2423/3195/3269
f 2418/3192/3266 2415/3188/3262 2834/3732/3766
f 2685/3428/3487 2684/3427/3486 2836/3734/3768
f 2839/3737/3771 2840/3844/3878 2841/3738/3772
f 2843/3741/3775 2844/3871/3905 2575/3334/3408
f 2845/3743/3777 2846/3851/3885 2847/3744/3778
f 2849/3746/3780 2418/3192/3266 2835/3733/3767
f 2575/3334/3408 2844/3871/3905 2851/3748/3782
f 2852/3749/3783 2853/3775/3809 2854/3750/3784
f 2857/3752/3786 2858/3809/3843 2859/3753/3787
f 2860/3755/3789 2861/3778/3812 2862/3756/3790
f 2864/3758/3792 2865/3806/3840 2866/3759/3793
f 2869/3761/3795 2870/3804/3838 2871/3762/3796
f 2873/3764/3798 2874/3776/3810 2875/3765/3799
f 2876/3767/3801 2877/3807/3841 2878/3768/3802
f 2830/3770/3804 2804/3773/3807 2881/3771/3805
f 2804/3773/3807 2803/3816/3850 2873/3764/3798
f 2807/3774/3808 2809/6679/6682 2853/3775/3809
f 2854/3750/3784 2812/3808/3842 2811/3777/3811
f 2862/3756/3790 2815/3812/3846 2817/3779/3813
f 2883/3781/3815 2819/3785/3819 2818/3782/3816
f 2885/3784/3818 2821/3787/3821 2819/3785/3819
f 2886/3786/3820 2823/6680/6683 2821/3787/3821
f 2825/3788/3822 2823/6680/6683 2886/3786/3820
f 2827/3790/3824 2825/3788/3822 2887/3789/3823
f 2829/3792/3826 2827/3790/3824 2888/3791/3825
f 2889/3793/3827 2890/3796/3830 2880/3772/3806
f 2892/3795/3829 2893/3798/3832 2890/3796/3830
f 2894/3797/3831 2895/3826/3860 2893/3798/3832
f 2897/3799/3833 2895/3826/3860 2894/3797/3831
f 2898/3801/3835 2899/3803/3837 2897/3799/3833
f 2900/3802/3836 2882/3780/3814 2899/3803/3837
f 2870/3804/3838 2857/3752/3786 2856/3754/3788
f 2901/3805/3839 2884/3783/3817 2869/3761/3795
f 2879/3769/3803 2878/3768/3802 2865/3806/3840
f 2859/3753/3787 2858/3809/3843 2877/3807/3841
f 2853/3775/3809 2809/6679/6682 2812/3808/3842
f 2858/3809/3843 2857/3752/3786 2813/3810/3844
f 2861/3778/3812 2811/3777/3811 2815/3812/3846
f 2829/3792/3826 2866/3759/3793 2865/3806/3840
f 2870/3804/3838 2869/3761/3795 2816/3814/3848
f 2874/3776/3810 2873/3764/3798 2803/3816/3850
f 2806/3817/3851 2878/3768/3802 2877/3807/3841
f 2902/3819/3853 2891/3794/3828 2880/3772/3806
f 2872/3766/3800 2902/3819/3853 2881/3771/3805
f 2852/3749/3783 2875/3765/3799 2874/3776/3810
f 2861/3778/3812 2860/3755/3789 2855/3751/3785
f 2882/3780/3814 2900/3802/3836 2863/3757/3791
f 2901/3805/3839 2903/3820/3854 2883/3781/3815
f 2903/3820/3854 2904/3867/3901 2885/3784/3818
f 2885/3784/3818 2904/3867/3901 2905/3821/3855
f 2905/3821/3855 2906/3822/3856 2887/3789/3823
f 2906/3822/3856 2907/3823/3857 2888/3791/3825
f 2907/3823/3857 2867/3760/3794 2866/3759/3793
f 2830/3770/3804 2880/3772/3806 2890/3796/3830
f 2893/3798/3832 2826/3825/3859 2828/3824/3858
f 2826/3825/3859 2893/3798/3832 2895/3826/3860
f 2895/3826/3860 2897/3799/3833 2822/3828/3862
f 2897/3799/3833 2899/3803/3837 2820/3829/3863
f 2899/3803/3837 2882/3780/3814 2817/3779/3813
f 2857/3752/3786 2870/3804/3838 2814/3815/3849
f 2816/3814/3848 2869/3761/3795 2884/3783/3817
f 2805/3813/3847 2865/3806/3840 2878/3768/3802
f 2808/3818/3852 2877/3807/3841 2858/3809/3843
f 2419/3830/3864 2418/3192/3266 2849/3746/3780
f 2568/3832/3866 2576/3868/3902 2575/3334/3408
f 2415/3188/3262 2686/3429/3488 2909/3833/3867
f 2571/3834/3868 2570/3330/3404 2569/3328/3402
f 2607/3495/3548 2708/3494/3547 2700/3467/3522
f 2527/3586/3630 2526/3288/3362 2693/3434/3493
f 2793/3835/3869 2664/3410/3469 2667/3412/3471
f 2664/3837/3871 2910/3840/3874 2695/3438/3497
f 2704/3477/3532 2911/3841/3875 2667/3838/3872
f 2793/3839/3873 2792/3651/3690 2910/3840/3874
f 2911/3841/3875 2794/3653/3692 2795/3654/3693
f 2627/3374/3448 2793/3835/3869 2795/3836/3870
f 2836/3734/3768 2912/3860/3894 2913/3842/3876
f 2913/3842/3876 2841/3738/3772 2840/3844/3878
f 2686/3429/3488 2685/3428/3487 2837/3735/3769
f 2420/3193/3267 2915/3866/3900 2842/3739/3773
f 2917/3845/3879 2918/3848/3882 2919/3846/3880
f 2574/3333/3407 2918/3848/3882 2691/3849/3883
f 2920/3850/3884 2798/3872/3906 2583/3341/3415
f 2921/3852/3886 2922/3854/3888 2923/3853/3887
f 2922/3854/3888 2921/3852/3886 2848/3745/3779
f 2573/3332/3406 2925/3856/3890 2926/3857/3891
f 2687/3430/3489 2414/3864/3898 2376/3180/3254
f 2687/3430/3489 2408/3182/3256 2410/3183/3257
f 2690/3858/3892 2689/3432/3491 2410/3183/3257
f 2688/3431/3490 2690/3858/3892 2371/3146/3220
f 2688/3431/3490 2416/3190/3264 2699/3462/3517
f 2683/3859/3893 2682/3426/3485 2699/3462/3517
f 2683/3859/3893 2698/3446/3503 2697/3441/3500
f 2836/3734/3768 2684/3427/3486 2697/3441/3500
f 2912/3860/3894 2836/3734/3768 2696/3440/3499
f 2912/3860/3894 2695/3438/3497 2910/3840/3874
f 2913/3842/3876 2910/3840/3874 2792/3651/3690
f 2841/3738/3772 2792/3651/3690 2748/3652/3691
f 2422/3194/3268 2421/3740/3774 2748/3652/3691
f 2709/3505/3556 2749/3566/3615 2422/3194/3268
f 2423/3195/3269 2422/3194/3268 2749/3566/3615
f 2927/3861/3895 2423/3195/3269 2742/3553/3602
f 2928/3862/3896 2927/3861/3895 2741/3552/3601
f 2929/3863/3897 2928/3862/3896 2743/3555/3604
f 2908/3831/3865 2929/3863/3897 2744/3557/3606
f 2419/3830/3864 2908/3831/3865 2745/3558/3607
f 2419/3830/3864 2746/3561/3610 2740/3550/3599
f 2413/3187/3261 2412/3189/3263 2740/3550/3599
f 2413/3187/3261 2377/3150/3224 2376/3180/3254
f 2832/3865/3899 2831/3730/3764 2856/3754/3788
f 2832/3865/3899 2859/3753/3787 2876/3767/3801
f 2915/3866/3900 2876/3767/3801 2879/3769/3803
f 2842/3739/3773 2879/3769/3803 2864/3758/3792
f 2840/3844/3878 2839/3737/3771 2864/3758/3792
f 2914/3843/3877 2840/3844/3878 2867/3760/3794
f 2838/3736/3770 2914/3843/3877 2907/3823/3857
f 2837/3735/3769 2838/3736/3770 2906/3822/3856
f 2837/3735/3769 2905/3821/3855 2904/3867/3901
f 2909/3833/3867 2904/3867/3901 2903/3820/3854
f 2834/3732/3766 2903/3820/3854 2901/3805/3839
f 2850/3747/3781 2835/3733/3767 2901/3805/3839
f 2833/3731/3765 2850/3747/3781 2868/3763/3797
f 2831/3730/3764 2833/3731/3765 2871/3762/3796
f 2691/3849/3883 2562/3326/3400 2534/3294/3368
f 2567/3327/3401 2566/3329/3403 2534/3294/3368
f 2567/3327/3401 2533/3293/3367 2780/3621/3663
f 2576/3868/3902 2568/3832/3866 2780/3621/3663
f 2576/3868/3902 2781/3620/3662 2782/3625/3667
f 2577/3335/3409 2782/3625/3667 2783/3627/3669
f 2579/3338/3412 2783/3627/3669 2784/3629/3671
f 2580/3337/3411 2784/3629/3671 2785/3631/3673
f 2578/3336/3410 2785/3631/3673 2786/3661/3699
f 2581/3339/3413 2786/3661/3699 2787/3632/3674
f 2701/3470/3525 2788/3634/3676 2582/3340/3414
f 2583/3341/3415 2582/3340/3414 2788/3634/3676
f 2583/3341/3415 2789/3869/3903 2794/3653/3692
f 2846/3851/3885 2794/3653/3692 2911/3841/3875
f 2924/3855/3889 2847/3744/3778 2911/3841/3875
f 2924/3855/3889 2704/3477/3532 2702/3473/3528
f 2922/3854/3888 2702/3473/3528 2703/3475/3530
f 2925/3856/3890 2923/3853/3887 2703/3475/3530
f 2925/3856/3890 2700/3467/3522 2708/3494/3547
f 2926/3857/3891 2708/3494/3547 2707/3870/3904
f 2916/3847/3881 2919/3846/3880 2707/3870/3904
f 2916/3847/3881 2692/3433/3492 2529/3290/3364
f 2917/3845/3879 2529/3290/3364 2565/3324/3398
f 2918/3848/3882 2565/3324/3398 2562/3326/3400
f 2800/3663/3701 2852/3749/3783 2855/3751/3785
f 2801/3664/3702 2855/3751/3785 2860/3755/3789
f 2802/3742/3776 2860/3755/3789 2863/3757/3791
f 2844/3871/3905 2843/3741/3775 2863/3757/3791
f 2851/3748/3782 2844/3871/3905 2900/3802/3836
f 2571/3834/3868 2851/3748/3782 2898/3801/3835
f 2572/3331/3405 2571/3834/3868 2896/3800/3834
f 2572/3331/3405 2894/3797/3831 2892/3795/3829
f 2921/3852/3886 2892/3795/3829 2889/3793/3827
f 2848/3745/3779 2889/3793/3827 2891/3794/3828
f 2845/3743/3777 2891/3794/3828 2902/3819/3853
f 2798/3872/3906 2920/3850/3884 2902/3819/3853
f 2799/3662/3700 2798/3872/3906 2872/3766/3800
f 2800/3663/3701 2799/3662/3700 2875/3765/3799
f 2849/3746/3780 2850/3747/3781 2833/3731/3765
f 2928/3862/3896 2929/3863/3897 2908/3831/3865
f 2423/3195/3269 2832/3865/3899 2915/3866/3900
f 2930/3873/3907 2931/4372/4422 2932/3874/3908
f 2934/3876/3910 2935/4371/4421 2936/3877/3911
f 2938/3879/3913 2939/3891/3924 2940/3880/3914
f 2943/3882/3916 2944/4376/4426 2945/3883/3917
f 2947/3885/3918 2948/4375/4425 2949/3886/3919
f 2951/3888/3921 2952/4378/4428 2953/3889/3922
f 2939/3891/3924 2954/4377/4427 2955/3892/3925
f 2956/3893/3926 2957/3925/3968 2958/3894/3927
f 2960/3896/3929 2961/3899/3932 2962/3897/3930
f 2961/3899/3932 2960/3896/3929 2965/3900/3933
f 2966/3902/3935 2967/3978/4022 2968/3903/3936
f 2966/3902/3935 2969/3904/3937 2971/3905/3938
f 2973/3907/3940 2974/3928/3971 2975/3908/3941
f 2963/3898/3931 2962/3897/3930 2972/3909/3942
f 2964/3901/3934 2965/3900/3933 2977/3910/3943
f 2978/3912/3945 2979/3964/4008 2980/2/3946
f 2982/3913/3948 2978/3912/3945 2981/5/3947
f 2984/3914/3950 2982/3913/3948 2983/7/3949
f 2986/3915/3952 2984/3914/3950 2985/9/3951
f 2988/3916/3954 2986/3915/3952 2987/8/3953
f 2990/3917/3956 2988/3916/3954 2989/13/3955
f 2992/3918/3958 2990/3917/3956 2991/15/3957
f 2994/3919/3960 2992/3918/3958 2993/14/3959
f 2997/3920/3962 2976/3911/3944 2977/3910/3943
f 2998/76/3964 2999/80/4007 3000/3922/3965
f 3002/3924/3967 2958/3894/3927 2957/3925/3968
f 3004/3927/3970 2975/3908/3941 2974/3928/3971
f 3006/3930/3973 3007/3942/3985 3005/3929/3972
f 2969/3904/3937 2968/3903/3936 3008/3931/3974
f 3009/3932/3975 3010/3974/4018 2971/3905/3938
f 3012/3933/3976 2965/3900/3933 2960/3896/3929
f 3013/3935/3978 2963/3898/3931 2975/3908/3941
f 3011/3934/3977 2960/3896/3929 2963/3898/3931
f 3012/3933/3976 3014/3936/3979 2977/3910/3943
f 3014/3936/3979 3015/3950/3993 2996/3921/3963
f 3016/3937/3980 3002/3924/3967 3003/3926/3969
f 3018/3939/3982 3019/4359/4409 3002/3924/3967
f 3020/3940/3983 3004/3927/3970 3005/3929/3972
f 3007/3942/3985 3022/4304/4354 3021/3941/3984
f 3009/3932/3975 3008/3931/3974 3023/3943/3986
f 3025/3945/3988 3010/3974/4018 3009/3932/3975
f 3027/3946/3989 3012/3933/3976 3011/3934/3977
f 3028/3948/3991 3013/3935/3978 3004/3927/3970
f 3026/3947/3990 3011/3934/3977 3013/3935/3978
f 3027/3946/3989 3029/3949/3992 3014/3936/3979
f 3029/3949/3992 3030/3954/3997 3015/3950/3993
f 3024/3944/3987 3023/3943/3986 3031/3951/3994
f 3033/3953/3996 3034/3977/4021 3030/3954/3997
f 3036/3956/3999 3037/3973/4017 3016/3937/3980
f 3029/3949/3992 3027/3946/3989 3040/3959/4002
f 3027/3946/3989 3026/3947/3990 3041/3960/4003
f 3028/3948/3991 3043/3962/4005 3041/3960/4003
f 3020/3940/3983 3044/3963/4006 3043/3962/4005
f 3021/3941/3984 3045/4328/4378 3044/3963/4006
f 2999/80/4007 2980/2/3946 2979/3964/4008
f 3046/3965/4009 3047/4592/4674 3048/3966/4010
f 3050/3968/4012 3046/3965/4009 3049/3967/4011
f 3052/3970/4014 3050/3968/4012 3051/3969/4013
f 3017/3938/3981 3025/3945/3988 3039/3958/4001
f 3010/3974/4018 3025/3945/3988 3017/3938/3981
f 2971/3905/3938 3010/3974/4018 3003/3926/3969
f 2970/3906/3939 2971/3905/3938 2957/3925/3968
f 3024/3944/3987 3032/3952/3995 3056/3976/4020
f 3023/3943/3986 3030/3954/3997 3034/3977/4021
f 3030/3954/3997 3023/3943/3986 3008/3931/3974
f 3015/3950/3993 3008/3931/3974 2968/3903/3936
f 2967/3978/4022 2997/3920/3962 2996/3921/3963
f 3057/3979/4023 3022/4304/4354 3007/3942/3985
f 3058/3980/4024 3007/3942/3985 3006/3930/3973
f 3061/3982/4026 3062/4367/4417 3063/3983/4027
f 3064/3985/4029 3065/4379/4429 3066/3986/4030
f 3068/3988/4032 3069/4385/4435 3070/3989/4033
f 3072/3991/4035 3073/4381/4431 3074/3992/4036
f 3067/3987/4031 3076/4382/4432 3077/3994/4038
f 3079/3995/4039 3080/4384/4434 3081/3996/4040
f 3082/3998/4042 3083/4383/4433 3084/3999/4043
f 3086/4001/4045 3087/4100/4143 3088/4002/4046
f 3060/3984/4028 3090/4042/4085 3091/4004/4048
f 3093/4005/4049 3094/4016/4060 3095/4006/4050
f 3097/4008/4052 3093/4005/4049 3092/4007/4051
f 3098/4010/4054 3099/4048/4091 3100/4011/4055
f 3103/4013/4057 3099/4048/4091 3098/4010/4054
f 3104/4015/4059 3105/4044/4087 3089/4003/4047
f 3094/4016/4060 3105/4044/4087 3104/4015/4059
f 3096/4009/4053 3106/4037/4080 3107/4017/4061
f 3108/4018/4062 3109/4086/4129 3110/4019/4063
f 3111/4020/4064 3110/4019/4063 3112/4021/4065
f 3113/4022/4066 3112/4021/4065 3114/4023/4067
f 3115/4024/4068 3114/4023/4067 3116/4025/4069
f 3117/4026/4070 3116/4025/4069 3118/4027/4071
f 3119/4028/4072 3118/4027/4071 3120/4029/4073
f 3121/4030/4074 3120/4029/4073 3122/4031/4075
f 3125/4033/4077 3126/4447/4510 3127/4034/4078
f 3128/4036/4079 3129/4055/4098 3107/4017/4061
f 3130/4038/4081 3131/4087/4130 3132/4039/4082
f 3134/4041/4084 3135/4058/4101 3090/4042/4085
f 3136/4043/4086 3137/4045/4088 3089/4003/4047
f 3086/4001/4045 3089/4003/4047 3137/4045/4088
f 3139/4047/4090 3100/4011/4055 3099/4048/4091
f 3141/4050/4093 3140/4049/4092 3099/4048/4091
f 3142/4051/4094 3143/4053/4096 3093/4005/4049
f 3144/4052/4095 3136/4043/4086 3105/4044/4087
f 3143/4053/4096 3144/4052/4095 3094/4016/4060
f 3142/4051/4094 3097/4008/4052 3107/4017/4061
f 3145/4054/4097 3107/4017/4061 3129/4055/4098
f 3147/4057/4100 3148/4077/4120 3135/4058/4101
f 3134/4041/4084 3149/4362/4412 3150/4059/4102
f 3151/4060/4103 3152/4061/4104 3137/4045/4088
f 3138/4046/4089 3137/4045/4088 3152/4061/4104
f 3154/4063/4106 3139/4047/4090 3140/4049/4092
f 3156/4065/4108 3155/4064/4107 3140/4049/4092
f 3157/4066/4109 3158/4068/4111 3143/4053/4096
f 3159/4067/4110 3151/4060/4103 3136/4043/4086
f 3144/4052/4095 3143/4053/4096 3158/4068/4111
f 3157/4066/4109 3142/4051/4094 3145/4054/4097
f 3160/4069/4112 3145/4054/4097 3146/4056/4099
f 3162/4071/4114 3154/4063/4106 3155/4064/4107
f 3165/4073/4116 3160/4069/4112 3161/4070/4113
f 3147/4057/4100 3167/4094/4137 3168/4076/4119
f 3171/4080/4123 3157/4066/4109 3160/4069/4112
f 3172/4081/4124 3158/4068/4111 3157/4066/4109
f 3172/4081/4124 3174/4083/4126 3159/4067/4110
f 3174/4083/4126 3175/4084/4127 3151/4060/4103
f 3152/4061/4104 3151/4060/4103 3175/4084/4127
f 3109/4086/4129 3108/4018/4062 3131/4087/4130
f 3177/4088/4131 3178/4466/4529 3179/4089/4132
f 3180/4090/4133 3179/4089/4132 3181/4091/4134
f 3127/4034/4078 3126/4447/4510 3182/4092/4135
f 3148/4077/4120 3168/4076/4119 3170/4079/4122
f 3141/4050/4093 3135/4058/4101 3148/4077/4120
f 3103/4013/4057 3090/4042/4085 3135/4058/4101
f 3102/4014/4058 3091/4004/4048 3090/4042/4085
f 3185/4096/4139 3163/4072/4115 3155/4064/4107
f 3164/4074/4117 3161/4070/4113 3154/4063/4106
f 3139/4047/4090 3154/4063/4106 3161/4070/4113
f 3100/4011/4055 3139/4047/4090 3146/4056/4099
f 3129/4055/4098 3128/4036/4079 3101/4012/4056
f 3187/4097/4140 3138/4046/4089 3153/4062/4105
f 3187/4097/4140 3188/4099/4142 3086/4001/4045
f 3188/4099/4142 3189/4199/4242 3087/4100/4143
f 3191/4101/4144 3192/4387/4437 3193/4102/4145
f 3194/4104/4147 3195/4386/4436 3196/4105/4148
f 3198/4107/4150 3199/4405/4458 3200/4108/4151
f 3203/4110/4153 3204/4122/4165 3205/4111/4154
f 3207/4113/4156 3208/4116/4159 3209/4114/4157
f 3208/4116/4159 3210/4389/4439 3211/4117/4160
f 3213/4118/4161 3214/4391/4441 3215/4119/4162
f 3216/4121/4164 3217/4392/4442 3204/4122/4165
f 3219/4123/4166 3220/4127/4170 3221/4124/4167
f 3222/4126/4169 3223/4129/4172 3220/4127/4170
f 3224/4128/4171 3225/4131/4174 3223/4129/4172
f 3226/4130/4173 3227/4132/4175 3225/4131/4174
f 3227/4132/4175 3226/4130/4173 3228/4133/4176
f 3228/4133/4176 3230/4136/4179 3231/4135/4178
f 3230/4136/4179 3232/4203/4247 3233/4137/4180
f 3235/4138/4181 3236/4206/4250 3237/4139/4182
f 3238/4141/4184 3239/4174/4217 3240/4142/4185
f 3242/4144/4187 3243/4369/4419 3244/4145/4188
f 3247/4147/4190 3248/4190/4233 3249/4148/4191
f 3251/4150/4193 3252/4162/4205 3253/4151/4194
f 3245/4146/4189 3244/4145/4188 3254/4153/4196
f 3256/4155/4198 3257/4182/4225 3258/4156/4199
f 3261/4158/4201 3262/4186/4229 3263/4159/4202
f 3264/4161/4204 3265/4192/4235 3253/4151/4194
f 3266/4163/4206 3267/4191/4234 3268/4164/4207
f 3268/4164/4207 3270/4167/4210 3271/4166/4209
f 3270/4167/4210 3272/4424/4486 3273/4168/4211
f 3273/4168/4211 3272/4424/4486 3274/4169/4212
f 3276/4171/4214 3277/4194/4237 3278/4172/4215
f 3218/4125/4168 3221/4124/4167 3240/4142/4185
f 3281/4175/4218 3282/4427/4490 3283/4176/4219
f 3284/4178/4221 3281/4175/4218 3280/4177/4220
f 3287/4180/4223 3284/4178/4221 3285/4179/4222
f 3234/4140/4183 3287/4180/4223 3286/4181/4224
f 3257/4182/4225 3256/4155/4198 3289/4183/4226
f 3260/4160/4203 3263/4159/4202 3259/4157/4200
f 3288/4184/4227 3289/4183/4226 3255/4154/4197
f 3290/4185/4228 3291/4188/4231 3262/4186/4229
f 3292/4187/4230 3293/4189/4232 3291/4188/4231
f 3246/4149/4192 3249/4148/4191 3293/4189/4232
f 3247/4147/4190 3251/4150/4193 3250/4152/4195
f 3267/4191/4234 3266/4163/4206 3265/4192/4235
f 3294/4193/4236 3295/4195/4238 3278/4172/4215
f 3294/4193/4236 3238/4141/4184 3241/4143/4186
f 3187/4097/4140 3186/4098/4141 3296/4196/4239
f 3188/4099/4142 3187/4097/4140 3297/4197/4240
f 3189/4199/4242 3188/4099/4142 3298/4198/4241
f 3300/21/4243 3301/20/4862 3052/3970/4014
f 3302/4201/4245 3303/4205/4249 3123/4032/4076
f 3305/4202/4246 3233/4137/4180 3232/4203/4247
f 3299/4200/4244 2994/3919/3960 2995/17/3961
f 3125/4033/4077 3124/4035/4078 3303/4205/4249
f 3236/4206/4250 3305/4202/4246 3304/4204/4248
f 3306/4207/4251 3307/4219/4263 3308/4208/4252
f 3309/4209/4253 3308/4208/4252 3310/4210/4254
f 3312/4212/4256 3313/4352/4402 3314/4213/4257
f 3317/4215/4259 3318/4354/4404 3319/4216/4260
f 3320/4218/4262 3321/4792/4877 3307/4219/4263
f 3323/4220/4264 3324/4223/4267 3325/4221/4265
f 3324/4223/4267 3326/4395/4446 3327/4224/4268
f 3331/4227/4271 3332/5031/5135 3333/4228/4272
f 3334/4230/4274 3321/4792/4877 3320/4218/4262
f 3001/3923/3966 3336/73/4444 3337/77/4276
f 3338/4232/4277 3339/4235/4280 3340/4233/4278
f 3339/4235/4280 3342/4237/4282 3343/4236/4281
f 3342/4237/4282 3344/4239/4284 3345/4238/4283
f 3344/4239/4284 3346/4241/4286 3347/4240/4285
f 3346/4241/4286 3348/4243/4288 3349/4242/4287
f 3348/4243/4288 3350/4245/4290 3351/4244/4289
f 3350/4245/4290 3352/4247/4292 3353/4246/4291
f 3352/4247/4292 3354/4250/4295 3355/4248/4293
f 3356/4249/4294 3355/4248/4293 3354/4250/4295
f 3358/4252/4297 3359/4490/4556 3360/4253/4298
f 3361/4254/4299 3360/4253/4298 3362/4255/4300
f 3363/4256/4301 3362/4255/4300 3364/4257/4302
f 3365/4258/4303 3364/4257/4302 3366/4259/4304
f 3366/4259/4304 3368/4262/4307 3369/4261/4306
f 3368/4262/4307 3370/4265/4310 3371/4263/4308
f 3372/4264/4309 3373/4267/4312 3371/4263/4308
f 3372/4264/4309 3374/4402/4454 3375/4266/4311
f 3376/4268/4313 3377/4271/4316 3378/4269/4314
f 3377/4271/4316 3338/4232/4277 3341/4234/4279
f 3380/4272/4317 3381/61/4929 3382/65/4318
f 3389/4274/4324 3390/4501/4573 3391/4275/4325
f 3392/4277/4327 3393/4294/4344 3394/4278/4328
f 3396/4280/4330 3397/4283/4333 3398/4281/4331
f 3397/4283/4333 3388/4276/4326 3391/4275/4325
f 2974/3928/3971 2973/3907/3940 3400/4284/4334
f 3153/4062/4105 3401/4349/4399 3402/4285/4335
f 3403/4286/4336 3390/4501/4573 3389/4274/4324
f 3406/4288/4338 3403/4286/4336 3404/4287/4337
f 3408/4290/4340 3406/4288/4338 3405/4289/4339
f 3410/4292/4342 3408/4290/4340 3407/4291/4341
f 3393/4294/4344 3392/4277/4327 3410/4292/4342
f 3395/4279/4329 3394/4278/4328 3411/4295/4345
f 3413/4297/4347 3414/4298/4348 3412/4296/4346
f 3414/4298/4348 3413/4297/4347 3416/4299/4349
f 3417/4301/4351 3418/4302/4352 3415/4300/4350
f 3417/4301/4351 3396/4280/4330 3399/4282/4332
f 3419/4303/4353 3420/4307/4357 3022/4304/4354
f 3424/4309/4359 3057/3979/4023 3425/4310/4360
f 3425/4310/4360 3427/4322/4372 3428/4312/4362
f 3430/4313/4363 3431/4316/4366 3432/4314/4364
f 3275/4170/4213 3274/4169/4212 3431/4316/4366
f 3433/4317/4367 3434/4319/4369 3429/4315/4365
f 3435/4318/4368 3436/4320/4370 3434/4319/4369
f 3276/4171/4214 3279/4173/4216 3436/4320/4370
f 3437/4321/4371 3438/4324/4374 3428/4312/4362
f 3439/4323/4373 3440/4325/4375 3438/4324/4374
f 3440/4325/4375 3439/4323/4373 3441/4326/4376
f 3442/4327/4377 3441/4326/4376 3045/4328/4378
f 3445/4331/4381 3021/3941/3984 3022/4304/4354
f 3446/4332/4382 3152/4061/4104 3176/4085/4128
f 3447/4333/4383 3448/4336/4386 3449/4334/4384
f 3448/4336/4386 3451/4338/4388 3452/4337/4387
f 3451/4338/4388 3453/4340/4390 3454/4339/4389
f 3453/4340/4390 3455/4345/4395 3456/4341/4391
f 3296/4196/4239 3458/4347/4397 3459/4342/4392
f 3460/4344/4394 3461/4346/4396 3456/4341/4391
f 3457/4343/4393 3459/4342/4392 3461/4346/4396
f 3458/4347/4397 3296/4196/4239 3186/4098/4141
f 3152/4061/4104 3450/4335/4385 3464/4351/4401
f 3313/4352/4402 3312/4212/4256 3311/4211/4255
f 3317/4215/4259 3316/4217/4261 3315/4214/4258
f 3466/4353/4403 3319/4216/4260 3318/4354/4404
f 3330/4229/4273 3466/4353/4403 3465/4355/4405
f 3467/4356/4406 3468/4489/4555 3469/4357/4407
f 2958/3894/3927 3002/3924/3967 3019/4359/4409
f 3060/3984/4028 3063/3983/4027 3472/4361/4411
f 3473/4363/4413 3474/4370/4420 3475/4364/4414
f 2959/3895/3928 2958/3894/3927 2933/3875/3909
f 3478/4366/4416 3063/3983/4027 3062/4367/4417
f 3243/4369/4419 3242/4144/4187 3474/4370/4420
f 2935/4371/4421 2934/3876/3910 2931/4372/4422
f 3479/4373/4423 3480/4374/4424 2937/3878/3912
f 2946/3887/3920 2949/3886/3919 2943/3882/3916
f 3480/4374/4424 3479/4373/4423 2948/4375/4425
f 2944/4376/4426 2951/3888/3921 2950/3890/3923
f 2954/4377/4427 2953/3889/3922 2952/4378/4428
f 3065/4379/4429 3481/4393/4443 3482/4380/4430
f 3078/3997/4041 3081/3996/4040 3074/3992/4036
f 3075/3993/4037 3077/3994/4038 3076/4382/4432
f 3083/4383/4433 3082/3998/4042 3080/4384/4434
f 3069/4385/4435 3068/3988/4032 3085/4000/4044
f 3195/4386/4436 3194/4104/4147 3193/4102/4145
f 3476/4365/4415 3475/4364/4414 3197/4106/4149
f 3483/4388/4438 3484/4390/4440 3207/4113/4156
f 3190/4103/4146 3211/4117/4160 3210/4389/4439
f 3484/4390/4440 3483/4388/4438 3214/4391/4441
f 3212/4120/4163 3215/4119/4162 3217/4392/4442
f 3481/4393/4443 3478/4366/4416 3477/4368/4418
f 3387/71/4323 3386/4273/4322 3380/4272/4317
f 3001/3923/3966 3386/4273/4322 3385/70/4321
f 3327/4224/4268 3326/4395/4446 3334/4230/4274
f 3327/4224/4268 3485/4394/4445 3488/4401/4453
f 3489/79/4455 3375/4488/4554 3490/4403/4456
f 3488/4401/4453 3485/4394/4445 3335/4231/4275
f 3476/4365/4415 3196/4105/4148 2930/3873/3907
f 2935/4371/4421 3195/4386/4436 3192/4387/4437
f 2941/3881/3915 2940/3880/3914 3203/4110/4153
f 2941/3881/3915 3200/4108/4151 3199/4405/4458
f 2944/4376/4426 2943/3882/3916 3207/4113/4156
f 2948/4375/4425 3210/4389/4439 3208/4116/4159
f 2952/4378/4428 2951/3888/3921 3213/4118/4161
f 2940/3880/3914 2955/3892/3925 3216/4121/4164
f 3491/4406/4459 3492/4409/4463 3219/4123/4166
f 3493/1/4460 3494/3/4487 3341/4407/4461
f 3492/4409/4463 3495/4411/4466 3222/4126/4169
f 3493/1/4460 3340/4408/4462 3343/4410/4464
f 3495/4411/4466 3497/4413/4469 3224/4128/4171
f 3498/6/4467 3496/4/4465 3343/4410/4464
f 3497/4413/4469 3499/4415/4472 3226/4130/4173
f 3500/11/4470 3498/6/4467 3345/4412/4468
f 3499/4415/4472 3501/4418/4476 3228/4133/4176
f 3502/10/4473 3500/11/4470 3347/4414/4471
f 3503/4417/4475 3230/4136/4179 3228/4133/4176
f 3504/12/4477 3502/10/4473 3349/4416/4474
f 3505/4420/4479 3232/4203/4247 3230/4136/4179
f 3506/16/4480 3504/12/4477 3351/4419/4478
f 3505/4420/4479 3507/4486/4550 3304/4204/4248
f 3508/19/4482 3506/16/4480 3353/4421/4481
f 3379/4404/4457 3378/4425/4488 3509/78/4484
f 3238/4141/4184 3059/3981/4025 3510/4423/4485
f 3019/4359/4409 3018/3939/3982 3244/4145/4188
f 3032/3952/3995 3031/3951/3994 3247/4147/4190
f 3252/4162/4205 3251/4150/4193 3034/3977/4021
f 3018/3939/3982 3035/3955/3998 3254/4153/4196
f 3037/3973/4017 3036/3956/3999 3258/4156/4199
f 3038/3957/4000 3261/4158/4201 3260/4160/4203
f 3033/3953/3996 3040/3959/4002 3264/4161/4204
f 3041/3960/4003 3268/4164/4207 3267/4191/4234
f 3043/3962/4005 3270/4167/4210 3268/4164/4207
f 3044/3963/4006 3272/4424/4486 3270/4167/4210
f 3045/4328/4378 3274/4169/4212 3272/4424/4486
f 3494/3/4487 3509/78/4484 3378/4425/4488
f 3491/4406/4459 3218/4125/4168 3239/4174/4217
f 3511/4426/4489 3512/4978/5082 3282/4427/4490
f 3281/4175/4218 3284/4178/4221 3513/4428/4491
f 3514/4429/4492 3513/4428/4491 3284/4178/4221
f 3515/4430/4493 3514/4429/4492 3287/4180/4223
f 3257/4182/4225 3288/4184/4227 3054/3972/4016
f 3036/3956/3999 3039/3958/4001 3260/4160/4203
f 3035/3955/3998 3054/3972/4016 3288/4184/4227
f 3055/3975/4019 3290/4185/4228 3261/4158/4201
f 3056/3976/4020 3292/4187/4230 3290/4185/4228
f 3032/3952/3995 3246/4149/4192 3292/4187/4230
f 3031/3951/3994 3034/3977/4021 3251/4150/4193
f 3040/3959/4002 3042/3961/4004 3267/4191/4234
f 3058/3980/4024 3294/4193/4236 3277/4194/4237
f 3058/3980/4024 3059/3981/4025 3238/4141/4184
f 3065/4379/4429 3064/3985/4029 3190/4431/4494
f 3071/3990/4034 3070/3989/4033 3198/4433/4496
f 3071/3990/4034 3205/4398/4449 3204/4434/4497
f 3075/3993/4037 3074/3992/4036 3206/4435/4498
f 3064/3985/4029 3077/3994/4038 3211/4437/4500
f 3080/4384/4434 3214/4477/4540 3483/4438/4501
f 3085/4000/4044 3217/4478/4541 3215/4439/4502
f 3109/4086/4129 3221/4464/4527 3220/4440/4503
f 3110/4019/4063 3220/4440/4503 3223/4441/4504
f 3112/4021/4065 3223/4441/4504 3225/4442/4505
f 3114/4023/4067 3225/4442/4505 3227/4443/4506
f 3116/4025/4069 3227/4443/4506 3229/4444/4507
f 3120/4029/4073 3118/4027/4071 3229/4444/4507
f 3122/4031/4075 3120/4029/4073 3231/4445/4508
f 3126/4447/4510 3125/4033/4077 3236/4448/4511
f 3133/4040/4083 3241/4483/4546 3240/4450/4513
f 3149/4362/4412 3242/4519/4591 3245/4451/4514
f 3163/4072/4115 3249/4474/4537 3248/4452/4515
f 3164/4074/4117 3250/4475/4538 3253/4453/4516
f 3150/4059/4102 3245/4451/4514 3255/4454/4517
f 3167/4094/4137 3256/4470/4533 3259/4455/4518
f 3169/4078/4121 3170/4079/4122 3263/4456/4519
f 3165/4073/4116 3253/4453/4516 3265/4458/4521
f 3172/4081/4124 3173/4082/4125 3266/4459/4522
f 3174/4083/4126 3172/4081/4124 3269/4460/4523
f 3175/4084/4127 3174/4083/4126 3271/4461/4524
f 3176/4085/4128 3175/4084/4127 3273/4462/4525
f 3130/4038/4081 3240/4450/4513 3221/4464/4527
f 3177/4088/4131 3280/4467/4530 3283/4465/4528
f 3180/4090/4133 3285/4468/4531 3280/4467/4530
f 3182/4092/4135 3286/4469/4532 3285/4468/4531
f 3126/4447/4510 3235/4449/4512 3286/4469/4532
f 3183/4093/4136 3289/4471/4534 3256/4470/4533
f 3168/4076/4119 3259/4455/4518 3263/4456/4519
f 3166/4075/4118 3255/4454/4517 3289/4471/4534
f 3184/4095/4138 3169/4078/4121 3262/4457/4520
f 3291/4472/4535 3293/4473/4536 3185/4096/4139
f 3163/4072/4115 3185/4096/4139 3293/4473/4536
f 3162/4071/4114 3248/4452/4515 3250/4475/4538
f 3171/4080/4123 3265/4458/4521 3266/4459/4522
f 3191/4101/4144 3479/4373/4423 2936/3877/3911
f 3195/4386/4436 2935/4371/4421 2930/3873/3907
f 3194/4476/4539 3197/6681/6684 3478/4366/4416
f 3201/4109/4152 3200/4108/4151 3202/4112/4155
f 3207/4113/4156 2943/3882/3916 2949/3886/3919
f 3209/4436/4499 3211/4437/4500 3077/3994/4038
f 3214/4477/4540 3080/4384/4434 3082/3998/4042
f 3217/4478/4541 3085/4000/4044 3068/3988/4032
f 3516/4479/4542 3515/4430/4493 3234/4140/4183
f 3277/4194/4237 3276/4171/4214 3425/4310/4360
f 3279/4480/4543 3278/4482/4545 3296/4196/4239
f 3295/4481/4544 3297/4197/4240 3296/4196/4239
f 3241/4483/4546 3298/4198/4241 3297/4197/4240
f 3517/23/4547 3487/18/4452 3468/4400/4451
f 3302/4201/4245 3122/4031/4075 3233/4446/4509
f 3507/4486/4550 3516/4479/4542 3237/4139/4182
f 3508/19/4482 3355/4422/4483 3356/4399/4450
f 3305/4485/4549 3236/4448/4511 3125/4033/4077
f 3306/4207/4251 3309/4209/4253 3339/4235/4280
f 3309/4209/4253 3311/4211/4255 3342/4237/4282
f 3346/4241/4286 3344/4239/4284 3312/4212/4256
f 3350/4245/4290 3348/4243/4288 3316/4217/4261
f 3320/4218/4262 3306/4207/4251 3338/4232/4277
f 3322/4222/4266 3329/4226/4270 3368/4262/4307
f 3322/4222/4266 3366/4259/4304 3364/4257/4302
f 3323/4220/4264 3364/4257/4302 3362/4255/4300
f 3324/4223/4267 3362/4255/4300 3360/4253/4298
f 3328/4225/4269 3327/4224/4268 3374/4402/4454
f 3328/4225/4269 3372/4264/4309 3370/4265/4310
f 3329/4226/4270 3325/4221/4265 3370/4265/4310
f 3330/4229/4273 3333/4228/4272 3357/4251/4296
f 3333/4228/4272 3332/5031/5135 3470/4358/4408
f 3320/4218/4262 3377/4271/4316 3376/4268/4313
f 3519/75/4551 3371/4497/4569 3373/4487/4552
f 3518/74/4553 3373/4487/4552 3375/4488/4554
f 3344/4239/4284 3342/4237/4282 3311/4211/4255
f 3348/4243/4288 3346/4241/4286 3315/4214/4258
f 3352/4247/4292 3350/4245/4290 3319/4216/4260
f 3466/4353/4403 3330/4229/4273 3354/4250/4295
f 3357/4251/4296 3469/4357/4407 3468/4489/4555
f 3359/4490/4556 3486/4396/4447 3326/4395/4446
f 3361/4491/4557 3520/62/4561 3521/63/4558
f 3363/4493/4560 3522/64/4563 3520/62/4561
f 3365/4494/4562 3523/66/4565 3522/64/4563
f 3367/4495/4564 3524/68/4567 3523/66/4565
f 3367/4495/4564 3369/4496/4568 3525/72/4566
f 3519/75/4551 3525/72/4566 3369/4496/4568
f 3375/4266/4311 3374/4402/4454 3488/4401/4453
f 3379/4270/4315 3490/4498/4570 3488/4401/4453
f 3388/4499/4571 3462/4348/4398 3402/4285/4335
f 3390/4501/4573 3420/4307/4357 3419/4303/4353
f 3392/4277/4327 3395/4279/4329 3442/4327/4377
f 3393/4502/4574 3446/4332/4382 3449/4334/4384
f 3396/4504/4576 3459/4342/4392 3458/4347/4397
f 3398/4281/4331 3423/4308/4358 3424/4309/4359
f 3397/4505/4577 3458/4347/4397 3462/4348/4398
f 3398/4281/4331 3391/4275/4325 3419/4303/4353
f 3402/4285/4335 3401/4349/4399 3404/4506/4578
f 3403/4286/4336 3421/4305/4355 3420/4307/4357
f 3405/4507/4579 3404/4506/4578 3401/4349/4399
f 3403/4286/4336 3406/4288/4338 3422/4306/4356
f 3407/4508/4580 3405/4507/4579 3463/4350/4400
f 3406/4288/4338 3408/4290/4340 3445/4331/4381
f 3407/4508/4580 3464/4351/4401 3450/4335/4385
f 3444/4330/4380 3445/4331/4381 3408/4290/4340
f 3409/4509/4581 3450/4335/4385 3446/4332/4382
f 3410/4292/4342 3392/4277/4327 3443/4329/4379
f 3412/4296/4346 3440/4325/4375 3442/4327/4377
f 3411/4510/4582 3394/4503/4575 3449/4334/4384
f 3413/4511/4583 3411/4510/4582 3452/4337/4387
f 3414/4298/4348 3438/4324/4374 3440/4325/4375
f 3415/4300/4350 3428/4312/4362 3438/4324/4374
f 3416/4512/4584 3413/4511/4583 3454/4339/4389
f 3416/4512/4584 3456/4341/4391 3461/4346/4396
f 3418/4302/4352 3426/4311/4361 3428/4312/4362
f 3417/4513/4585 3461/4346/4396 3459/4342/4392
f 3399/4282/4332 3424/4309/4359 3426/4311/4361
f 3427/4322/4372 3425/4310/4360 3276/4171/4214
f 3429/4514/4586 3453/4340/4390 3451/4338/4388
f 3431/4316/4366 3441/4326/4376 3439/4323/4373
f 3275/4463/4526 3430/4515/4587 3451/4338/4388
f 3274/4169/4212 3045/4328/4378 3441/4326/4376
f 3432/4314/4364 3439/4323/4373 3437/4321/4371
f 3434/4516/4588 3455/4345/4395 3453/4340/4390
f 3435/4318/4368 3433/4317/4367 3437/4321/4371
f 3436/4517/4589 3460/4344/4394 3455/4345/4395
f 3279/4480/4543 3457/4343/4393 3460/4344/4394
f 3243/4369/4419 3473/4363/4413 3471/4360/4410
f 3471/4360/4410 3473/4363/4413 3476/4365/4415
f 3063/3983/4027 3475/4520/4592 3474/4518/4590
f 3472/4361/4411 3474/4518/4590 3242/4519/4591
f 3478/4366/4416 3197/6681/6684 3475/4520/4592
f 3479/4373/4423 3191/4101/4144 3210/4389/4439
f 3484/4390/4440 3213/4118/4161 2951/3888/3921
f 2955/3892/3925 2952/4378/4428 3212/4120/4163
f 3481/4393/4443 3065/4379/4429 3193/4432/4495
f 3081/3996/4040 3483/4438/4501 3206/4435/4498
f 3275/4463/4526 3448/4336/4386 3447/4333/4383
f 3526/4521/4593 3527/4928/5020 2932/3874/3908
f 2934/3876/3910 2937/3878/3912 3528/4522/4594
f 2938/3879/3913 3530/4947/5039 3531/4524/4596
f 2945/3883/3917 3532/4932/5024 3533/4525/4597
f 3534/4526/4598 3535/4931/5023 2947/3885/3918
f 2953/3889/3922 3536/4933/5025 3537/4527/4599
f 2939/3891/3924 3531/4524/4596 3538/4528/4600
f 2956/3893/3926 2959/3895/3928 3539/4529/4601
f 3541/4531/4603 3542/4536/4608 2962/3897/3930
f 3543/4532/4604 3541/4531/4603 2961/3899/3932
f 2966/3902/3935 3544/4555/4637 3545/4533/4605
f 3546/4534/4606 3544/4555/4637 2966/3902/3935
f 3547/4535/4607 3548/4551/4633 2973/3907/3940
f 3542/4536/4608 3547/4535/4607 2972/3909/3942
f 3549/4537/4609 3543/4532/4604 2964/3901/3934
f 3550/4538/4610 3551/38/4614 3552/41/4611
f 3554/4540/4613 3555/39/4616 3551/38/4614
f 3556/4541/4615 3557/37/4618 3555/39/4616
f 3558/4542/4617 3559/33/4620 3557/37/4618
f 3560/4543/4619 3561/30/4622 3559/33/4620
f 3562/4544/4621 3563/31/4624 3561/30/4622
f 3564/4545/4623 3565/29/4626 3563/31/4624
f 3566/4546/4625 3567/24/4869 3565/29/4626
f 3549/4537/4609 2976/3911/3944 2997/3920/3962
f 3569/45/4628 3570/4803/4888 3571/4548/4629
f 3573/4549/4631 3574/4564/4646 3540/4530/4602
f 3575/4550/4632 3576/4553/4635 3548/4551/4633
f 3577/4552/4634 3548/4551/4633 3576/4553/4635
f 3544/4555/4637 3579/4557/4639 3580/4556/4638
f 3579/4557/4639 3544/4555/4637 3546/4534/4606
f 3541/4531/4603 3543/4532/4604 3583/4559/4641
f 3584/4561/4643 3575/4550/4632 3547/4535/4607
f 3582/4560/4642 3584/4561/4643 3542/4536/4608
f 3583/4559/4641 3543/4532/4604 3549/4537/4609
f 3568/4547/4627 3586/4577/4659 3585/4562/4644
f 3587/4563/4645 3588/4596/4678 3574/4564/4646
f 3589/4565/4647 3587/4563/4645 3573/4549/4631
f 3591/4567/4649 3592/4568/4650 3576/4553/4635
f 3578/4554/4636 3576/4553/4635 3592/4568/4650
f 3579/4557/4639 3594/4572/4654 3595/4570/4652
f 3579/4557/4639 3581/4558/4640 3596/4571/4653
f 3582/4560/4642 3583/4559/4641 3598/4573/4655
f 3599/4575/4657 3591/4567/4649 3575/4550/4632
f 3584/4561/4643 3582/4560/4642 3597/4574/4656
f 3598/4573/4655 3583/4559/4641 3585/4562/4644
f 3586/4577/4659 3601/4580/4662 3600/4576/4658
f 3594/4572/4654 3602/4599/4681 3603/4578/4660
f 3604/4579/4661 3600/4576/4658 3601/4580/4662
f 3607/4583/4665 3588/4596/4678 3587/4563/4645
f 3600/4576/4658 3604/4579/4661 3611/4587/4669
f 3598/4573/4655 3612/4600/4682 3613/4588/4670
f 3599/4575/4657 3597/4574/4656 3613/4588/4670
f 3591/4567/4649 3599/4575/4657 3614/4589/4671
f 3615/4590/4672 3616/4894/4986 3592/4568/4650
f 3572/43/4630 3571/4548/4629 3553/4539/4612
f 3046/3965/4009 3617/4593/4675 3618/4591/4673
f 3050/3968/4012 3619/4594/4676 3617/4593/4675
f 3052/3970/4014 3620/4779/4861 3619/4594/4676
f 3588/4596/4678 3607/4583/4665 3609/4585/4667
f 3581/4558/4640 3574/4564/4646 3588/4596/4678
f 3546/4534/4606 3540/4530/4602 3574/4564/4646
f 2970/3906/3939 2956/3893/3926 3540/4530/4602
f 3594/4572/4654 3596/4571/4653 3623/4598/4680
f 3595/4570/4652 3603/4578/4660 3605/4581/4663
f 3601/4580/4662 3586/4577/4659 3580/4556/4638
f 3586/4577/4659 3568/4547/4627 3545/4533/4605
f 2967/3978/4022 3545/4533/4605 3568/4547/4627
f 3624/4601/4683 3625/4602/4684 3578/4554/4636
f 3625/4602/4684 3626/4982/5086 3577/4552/4634
f 3628/4603/4685 3062/4367/4417 3061/3982/4026
f 3629/4605/4687 3067/3987/4031 3066/3986/4030
f 3631/4607/4689 3632/4948/5040 3070/3989/4033
f 3072/3991/4035 3633/4935/5027 3634/4608/4690
f 3067/3987/4031 3629/4605/4687 3635/4609/4691
f 3636/4610/4692 3637/4936/5028 3079/3995/4039
f 3638/4611/4693 3639/4937/5029 3084/3999/4043
f 3640/4612/4694 3641/4636/4718 3088/4002/4046
f 3627/4604/4686 3061/3982/4026 3091/4004/4048
f 3095/4006/4050 3643/4620/4702 3644/4614/4696
f 3092/4007/4051 3644/4614/4696 3645/4615/4697
f 3098/4010/4054 3101/4012/4056 3646/4616/4698
f 3098/4010/4054 3647/4617/4699 3648/4618/4700
f 3088/4002/4046 3641/4636/4718 3649/4619/4701
f 3104/4015/4059 3649/4619/4701 3643/4620/4702
f 3096/4009/4053 3645/4615/4697 3650/4621/4703
f 3108/4018/4062 3111/4020/4064 3651/4622/4704
f 3111/4020/4064 3113/4022/4066 3653/4624/4706
f 3113/4022/4066 3115/4024/4068 3654/4625/4707
f 3115/4024/4068 3117/4026/4070 3655/4626/4708
f 3117/4026/4070 3119/4028/4072 3656/4627/4709
f 3119/4028/4072 3121/4030/4074 3657/4628/4710
f 3121/4030/4074 3123/4032/4076 3658/4629/4711
f 3127/4034/4078 3659/4676/4758 3660/4630/4712
f 3128/4036/4079 3106/4037/4080 3650/4621/4703
f 3662/4632/4714 3663/4778/4860 3132/4039/4082
f 3664/4633/4715 3627/4604/4686 3642/4613/4695
f 3666/4635/4717 3649/4619/4701 3641/4636/4718
f 3640/4612/4694 3668/4652/4734 3667/4637/4719
f 3669/4638/4720 3670/4640/4722 3647/4617/4699
f 3671/4639/4721 3648/4618/4700 3647/4617/4699
f 3672/4641/4723 3645/4615/4697 3644/4614/4696
f 3674/4643/4725 3643/4620/4702 3649/4619/4701
f 3673/4642/4724 3644/4614/4696 3643/4620/4702
f 3650/4621/4703 3645/4615/4697 3672/4641/4723
f 3661/4631/4713 3650/4621/4703 3675/4644/4726
f 3677/4646/4728 3664/4633/4715 3665/4634/4716
f 3664/4633/4715 3677/4646/4728 3679/4648/4730
f 3681/4650/4732 3666/4635/4717 3667/4637/4719
f 3668/4652/4734 3683/4682/4764 3682/4651/4733
f 3684/4653/4735 3685/4655/4737 3670/4640/4722
f 3686/4654/4736 3671/4639/4721 3670/4640/4722
f 3687/4656/4738 3672/4641/4723 3673/4642/4724
f 3689/4658/4740 3674/4643/4725 3666/4635/4717
f 3688/4657/4739 3673/4642/4724 3674/4643/4725
f 3675/4644/4726 3672/4641/4723 3687/4656/4738
f 3676/4645/4727 3675/4644/4726 3690/4659/4741
f 3692/4661/4743 3693/4680/4762 3685/4655/4737
f 3691/4660/4742 3690/4659/4741 3695/4662/4744
f 3677/4646/4728 3678/4647/4729 3697/4665/4747
f 3701/4669/4751 3695/4662/4744 3690/4659/4741
f 3702/4670/4752 3703/4681/4763 3687/4656/4738
f 3702/4670/4752 3688/4657/4739 3689/4658/4740
f 3704/4671/4753 3689/4658/4740 3681/4650/4732
f 3682/4651/4733 3706/4901/4993 3705/4672/4754
f 3652/4623/4705 3662/4632/4714 3131/4087/4130
f 3707/4673/4755 3708/4674/4756 3179/4089/4132
f 3708/4674/4756 3709/4675/4757 3181/4091/4134
f 3127/4034/4078 3181/4091/4134 3709/4675/4757
f 3678/4647/4729 3686/4654/4736 3700/4668/4750
f 3671/4639/4721 3686/4654/4736 3678/4647/4729
f 3648/4618/4700 3671/4639/4721 3665/4634/4716
f 3102/4014/4058 3648/4618/4700 3642/4613/4695
f 3712/4679/4761 3686/4654/4736 3685/4655/4737
f 3694/4663/4745 3692/4661/4743 3684/4653/4735
f 3669/4638/4720 3676/4645/4727 3691/4660/4742
f 3646/4616/4698 3661/4631/4713 3676/4645/4727
f 3661/4631/4713 3646/4616/4698 3101/4012/4056
f 3683/4682/4764 3668/4652/4734 3714/4683/4765
f 3714/4683/4765 3668/4652/4734 3640/4612/4694
f 3715/4685/4767 3640/4612/4694 3087/4100/4143
f 3717/4686/4768 3718/4957/5051 3719/4687/4769
f 3720/4689/4771 3721/4939/5031 3722/4690/4772
f 3198/4107/4150 3724/5021/5125 3725/4692/4774
f 3727/4693/4775 3728/4704/4786 3729/4694/4776
f 3731/4696/4778 3732/4700/4782 3733/4697/4779
f 3734/4699/4781 3735/4941/5033 3732/4700/4782
f 3737/4701/4783 3738/4942/5034 3739/4702/4784
f 3728/4704/4786 3740/4944/5036 3741/4705/4787
f 3743/4706/4788 3744/4709/4791 3745/4707/4789
f 3744/4709/4791 3746/4711/4793 3747/4710/4792
f 3746/4711/4793 3748/4713/4795 3749/4712/4794
f 3748/4713/4795 3750/4715/4797 3751/4714/4796
f 3750/4715/4797 3752/4718/4800 3753/4716/4798
f 3754/4717/4799 3755/4720/4802 3753/4716/4798
f 3756/4719/4801 3757/4782/4866 3755/4720/4802
f 3759/4721/4803 3760/4785/4870 3761/4722/4804
f 3762/4724/4806 3763/4776/4858 3764/4725/4807
f 3766/4727/4809 3767/4736/4818 3768/4728/4810
f 3771/4730/4812 3772/4773/4855 3773/4731/4813
f 3775/4733/4815 3776/4745/4827 3777/4734/4816
f 3767/4736/4818 3778/4767/4849 3779/4737/4819
f 3780/4738/4820 3781/4766/4848 3782/4739/4821
f 3785/4741/4823 3786/4768/4850 3787/4742/4824
f 3775/4733/4815 3788/4774/4856 3789/4744/4826
f 3790/4746/4828 3791/4750/4832 3792/4747/4829
f 3794/4749/4831 3795/4752/4834 3792/4747/4829
f 3796/4751/4833 3797/4754/4836 3795/4752/4834
f 3796/4751/4833 3798/4883/4975 3799/4753/4835
f 3800/4755/4837 3801/6682/6685 3802/4756/4838
f 3764/4725/4807 3743/4706/4788 3742/4708/4790
f 3283/4176/4219 3282/4427/4490 3805/4758/4840
f 3806/4760/4842 3807/4761/4843 3804/4759/4841
f 3807/4761/4843 3806/4760/4842 3809/4762/4844
f 3758/4723/4805 3761/4722/4804 3808/4763/4845
f 3811/4764/4846 3780/4738/4820 3783/4740/4822
f 3781/4766/4848 3785/4741/4823 3784/4743/4825
f 3778/4767/4849 3811/4764/4846 3810/4765/4847
f 3786/4768/4850 3812/4770/4852 3813/4769/4851
f 3812/4770/4852 3814/4772/4854 3815/4771/4853
f 3814/4772/4854 3771/4730/4812 3770/4732/4814
f 3774/4735/4817 3777/4734/4816 3773/4731/4813
f 3788/4774/4856 3790/4746/4828 3793/4748/4830
f 3802/4756/4838 3816/6683/6686 3817/4775/4857
f 3817/4775/4857 3816/6683/6686 3763/4776/4858
f 3818/4777/4859 3819/4910/5002 3713/4684/4766
f 3715/4685/4767 3820/5028/5132 3818/4777/4859
f 3663/4778/4860 3820/5028/5132 3715/4685/4767
f 3620/4779/4861 3052/3970/4014 3301/20/4862
f 3823/4781/4865 3658/4629/4711 3123/4032/4076
f 3757/4782/4866 3756/4719/4801 3825/4783/4867
f 3821/4780/4863 3822/25/4864 3567/24/4869
f 3660/4630/4712 3823/4781/4865 3303/4205/4249
f 3760/4785/4870 3759/4721/4803 3824/4784/4868
f 3826/4786/4871 3827/4787/4872 3308/4208/4252
f 3827/4787/4872 3828/4918/5010 3310/4210/4254
f 3829/4788/4873 3830/4919/5011 3314/4213/4257
f 3832/4789/4874 3318/4354/4404 3317/4215/4259
f 3833/4791/4876 3826/4786/4871 3307/4219/4263
f 3835/4793/4878 3836/4796/4881 3837/4794/4879
f 3839/4798/4883 3840/4799/4884 3834/4795/4880
f 3843/4801/4886 3332/5031/5135 3331/4227/4271
f 3334/4230/4274 3844/4946/5038 3833/4791/4876
f 3570/4803/4888 3569/45/4628 3845/49/4889
f 3847/4804/4891 3848/4839/4926 3849/4805/4892
f 3850/4806/4893 3849/4805/4892 3851/4807/4894
f 3852/4808/4895 3851/4807/4894 3853/4809/4896
f 3854/4810/4897 3853/4809/4896 3855/4811/4898
f 3856/4812/4899 3855/4811/4898 3857/4813/4900
f 3858/4814/4901 3857/4813/4900 3859/4815/4902
f 3860/4816/4903 3859/4815/4902 3861/4817/4904
f 3862/4818/4905 3861/4817/4904 3863/4819/4906
f 3865/4821/4908 3866/4951/5043 3864/4820/4907
f 3358/4252/4297 3867/4823/4910 3868/4822/4909
f 3867/4823/4910 3869/4825/4912 3870/4824/4911
f 3869/4825/4912 3871/4827/4914 3872/4826/4913
f 3871/4827/4914 3873/6684/6687 3874/4828/4915
f 3874/4828/4915 3873/6684/6687 3875/4829/4916
f 3876/4830/4917 3875/4829/4916 3877/4831/4918
f 3877/4831/4918 3879/6685/6688 3880/4833/4920
f 3880/4833/4920 3879/6685/6688 3881/4834/4921
f 3883/4836/4923 3884/5039/5149 3885/4837/4924
f 3886/4838/4925 3885/4837/4924 3848/4839/4926
f 3380/4272/4317 3887/54/6689 3888/57/4927
f 3894/4841/4933 3895/4853/4945 3896/4842/4934
f 3897/4844/4936 3898/4861/4953 3899/4845/4937
f 3901/4847/4939 3902/4869/4961 3903/4848/4940
f 3904/4849/4941 3903/4848/4940 3894/4841/4933
f 3400/4284/4334 2973/3907/3940 3548/4551/4633
f 3683/4682/4764 3713/4684/4766 3905/4850/4942
f 3908/4852/4944 3896/4842/4934 3895/4853/4945
f 3908/4852/4944 3907/4854/4946 3910/4855/4947
f 3909/4856/4948 3910/4855/4947 3912/4857/4949
f 3911/4858/4950 3912/4857/4949 3914/4859/4951
f 3900/4846/4938 3913/4860/4952 3914/4859/4951
f 3898/4861/4953 3915/4864/4956 3916/4862/4954
f 3917/4863/4955 3916/4862/4954 3915/4864/4956
f 3920/4866/4958 3917/4863/4955 3918/4865/4957
f 3919/4867/4959 3921/5053/5163 3922/4868/4960
f 3922/4868/4960 3921/5053/5163 3902/4869/4961
f 3593/4569/4651 3923/4873/4965 3924/4870/4962
f 3928/4875/4967 3929/5054/5164 3930/4876/4968
f 3930/4876/4968 3929/5054/5164 3931/4877/4969
f 3934/4879/4971 3935/4882/4974 3936/4880/4972
f 3935/4882/4974 3799/4753/4835 3798/4883/4975
f 3933/4881/4973 3937/4885/4977 3938/4884/4976
f 3937/4885/4977 3939/4887/4979 3940/4886/4978
f 3939/4887/4979 3801/6682/6685 3800/4755/4837
f 3931/4877/4969 3941/4889/4981 3942/4888/4980
f 3941/4889/4981 3943/4891/4983 3944/4890/4982
f 3943/4891/4983 3945/4895/4987 3946/4892/4984
f 3947/4893/4985 3592/4568/4650 3616/4894/4986
f 3949/4897/4989 3925/4871/4963 3593/4569/4651
f 3951/4898/4990 3952/4903/4995 3953/4899/4991
f 3950/4900/4992 3953/4899/4991 3706/4901/4993
f 3952/4903/4995 3951/4898/4990 3955/4904/4996
f 3957/4906/4998 3958/4908/5000 3956/4905/4997
f 3959/4907/4999 3960/5061/5171 3958/4908/5000
f 3962/4909/5001 3963/4914/5006 3819/4910/5002
f 3964/4912/5004 3960/5061/5171 3959/4907/4999
f 3961/4911/5003 3964/4912/5004 3965/4913/5005
f 3963/4914/5006 3966/4915/5007 3713/4684/4766
f 3683/4682/4764 3967/4916/5008 3968/4917/5009
f 3313/4352/4402 3310/4210/4254 3828/4918/5010
f 3317/4215/4259 3314/4213/4257 3830/4919/5011
f 3318/4354/4404 3832/4789/4874 3969/4920/5012
f 3465/4355/4405 3969/4920/5012 3842/4802/4887
f 3467/4356/4406 3470/4358/4408 3970/4921/5013
f 3539/4529/4601 3527/4928/5020 3972/4923/5015
f 3664/4633/4715 3680/4649/4731 3973/4924/5016
f 3974/4925/5017 3975/4938/5030 3976/4926/5018
f 3527/4928/5020 3539/4529/4601 2959/3895/3928
f 3062/4367/4417 3628/4603/4685 3978/4929/5021
f 3769/4729/4811 3974/4925/5017 3977/4927/5019
f 3529/4523/4595 3526/4521/4593 2931/4372/4422
f 3979/4930/5022 3528/4522/4594 2937/3878/3912
f 2946/3887/3920 2942/3884/3709 3533/4525/4597
f 3480/4374/4424 2947/3885/3918 3535/4931/5023
f 2950/3890/3923 3537/4527/4599 3532/4932/5024
f 2954/4377/4427 3538/4528/4600 3536/4933/5025
f 3630/4606/4688 3066/3986/4030 3482/4380/4430
f 3078/3997/4041 3073/4381/4431 3634/4608/4690
f 3076/4382/4432 3635/4609/4691 3633/4935/5027
f 3083/4383/4433 3079/3995/4039 3637/4936/5028
f 3069/4385/4435 3084/3999/4043 3639/4937/5029
f 3723/4691/4773 3718/4957/5051 3717/4686/4768
f 3975/4938/5030 3722/4690/4772 3721/4939/5031
f 3733/4697/4779 3981/4943/5035 3982/4940/5032
f 3735/4941/5033 3734/4699/4781 3716/4688/4770
f 3738/4942/5034 3982/4940/5032 3981/4943/5035
f 3740/4944/5036 3737/4701/4783 3736/4703/4785
f 3477/4368/4418 3978/4929/5021 3980/4934/5026
f 3891/55/4931 3887/54/6689 3380/4272/4317
f 3570/4803/4888 3846/48/4890 3890/53/4930
f 3486/4396/4447 3838/4797/4882 3983/4945/5037
f 3836/4796/4881 3882/4835/4922 3985/4954/5047
f 3986/47/5048 3884/4974/5078 3987/4955/5049
f 3985/4954/5047 3883/4836/4923 3844/4946/5038
f 3526/4521/4593 3722/4690/4772 3975/4938/5030
f 3718/4957/5051 3723/4691/4773 3529/4523/4595
f 3530/4947/5039 3726/4695/4777 3729/4694/4776
f 3199/4405/4458 3725/4692/4774 3530/4947/5039
f 3532/4932/5024 3981/4943/5035 3733/4697/4779
f 3732/4700/4782 3735/4941/5033 3535/4931/5023
f 3536/4933/5025 3736/4703/4785 3739/4702/4784
f 3531/4524/4596 3729/4694/4776 3741/4705/4787
f 3742/4708/4790 3745/4707/4789 3989/4958/5052
f 3990/40/5054 3849/6686/6690 3848/4960/5055
f 3989/4958/5052 3745/4707/4789 3747/4710/4792
f 3851/4962/5058 3849/6686/6690 3990/40/5054
f 3992/4961/5057 3747/4710/4792 3749/4712/4794
f 3995/34/5061 3853/4965/5064 3851/4962/5058
f 3994/4963/5060 3749/4712/4794 3751/4714/4796
f 3997/35/5063 3855/4967/5067 3853/4965/5064
f 3996/4964/5062 3751/4714/4796 3753/4716/4798
f 3999/32/5066 3857/4969/5070 3855/4967/5067
f 3753/4716/4798 3755/4720/4802 4000/4968/5068
f 4001/28/5069 3859/4971/5073 3857/4969/5070
f 3755/4720/4802 3757/4782/4866 4002/4970/5071
f 4003/26/5072 3861/4973/5076 3859/4971/5073
f 4002/4970/5071 3757/4782/4866 3824/4784/4868
f 4005/27/5075 3863/6687/6691 3861/4973/5076
f 4006/44/5077 3885/4976/5080 3884/4974/5078
f 4007/4975/5079 3626/4982/5086 3762/4724/4806
f 3590/4566/4648 3769/4729/4811 3768/4728/4810
f 3602/4599/4681 3770/4732/4814 3773/4731/4813
f 3605/4581/4663 3777/4734/4816 3776/4745/4827
f 3589/4565/4647 3768/4728/4810 3779/4737/4819
f 3608/4584/4666 3783/4740/4822 3782/4739/4821
f 3610/4586/4668 3609/4585/4667 3784/4743/4825
f 3604/4579/4661 3776/4745/4827 3789/4744/4826
f 3613/4588/4670 3612/4600/4682 3793/4748/4830
f 3792/4747/4829 3795/4752/4834 3614/4589/4671
f 3795/4752/4834 3797/4754/4836 3615/4590/4672
f 3797/4754/4836 3799/4753/4835 3616/4894/4986
f 3991/42/5056 3848/4960/5055 3885/4976/5080
f 3765/4726/4808 3742/4708/4790 3988/4959/5053
f 4008/4977/5081 3805/4758/4840 3282/4427/4490
f 4009/4979/5083 3806/4760/4842 3805/4758/4840
f 4010/4980/5084 3809/4762/4844 3806/4760/4842
f 4011/4981/5085 3758/4723/4805 3809/4762/4844
f 3621/4595/4677 3810/4765/4847 3783/4740/4822
f 3607/4583/4665 3782/4739/4821 3784/4743/4825
f 3606/4582/4664 3779/4737/4819 3810/4765/4847
f 3787/4742/4824 3813/4769/4851 3622/4597/4679
f 3623/4598/4680 3622/4597/4679 3813/4769/4851
f 3815/4771/4853 3770/4732/4814 3602/4599/4681
f 3603/4578/4660 3773/4731/4813 3777/4734/4816
f 3611/4587/4669 3789/4744/4826 3793/4748/4830
f 3803/4757/4839 3817/4775/4857 3625/4602/4684
f 3625/4602/4684 3817/4775/4857 3762/4724/4806
f 3630/4606/4688 3717/5065/5175 3716/4983/5087
f 3632/4948/5040 3724/4950/5042 3198/4433/4496
f 3728/4984/5088 3727/4949/5041 3632/4948/5040
f 3633/4935/5027 3731/5022/5126 3730/4985/5089
f 3629/4605/4687 3716/4983/5087 3734/4986/5090
f 3637/4936/5028 3636/4610/4692 3982/4987/5091
f 3737/4989/5093 3740/5023/5127 3639/4937/5029
f 3651/4622/4704 3744/6688/6692 3743/4990/5094
f 3746/4991/5095 3744/6688/6692 3651/4622/4704
f 3748/4992/5096 3746/4991/5095 3653/4624/4706
f 3750/4993/5097 3748/4992/5096 3654/4625/4707
f 3656/4627/4709 3752/4994/5098 3750/4993/5097
f 3657/4628/4710 3754/4995/5099 3752/4994/5098
f 3658/4629/4711 3756/5029/5133 3754/4995/5099
f 3659/4676/4758 3761/6689/6693 3760/4996/5100
f 3662/4632/4714 3764/5009/5113 3763/4997/5101
f 3767/4998/5102 3766/5063/5173 3680/4649/4731
f 3772/4999/5103 3771/6690/6694 3693/4680/4762
f 3775/5000/5104 3774/5018/5122 3694/4663/4745
f 3778/5001/5105 3767/4998/5102 3679/4648/4730
f 3781/5002/5106 3780/5013/5117 3698/4666/4748
f 3699/4667/4749 3786/5015/5119 3785/5003/5107
f 3788/5004/5108 3775/5000/5104 3695/4662/4744
f 3702/4670/4752 3791/5006/5110 3790/5005/5109
f 3704/4671/4753 3794/5007/5111 3791/5006/5110
f 3705/4672/4754 3796/5008/5112 3794/5007/5111
f 3706/4901/4993 3798/5058/5168 3796/5008/5112
f 3652/4623/4705 3743/4990/5094 3764/5009/5113
f 3283/4465/4528 3804/5010/5114 3707/4673/4755
f 3708/4674/4756 3707/4673/4755 3804/5010/5114
f 3807/5011/5115 3808/5012/5116 3709/4675/4757
f 3808/5012/5116 3761/6689/6693 3659/4676/4758
f 3780/5013/5117 3811/5014/5118 3710/4677/4759
f 3785/5003/5107 3781/5002/5106 3697/4665/4747
f 3811/5014/5118 3778/5001/5105 3696/4664/4746
f 3711/4678/4760 3812/5016/5120 3786/5015/5119
f 3712/4679/4761 3814/5017/5121 3812/5016/5120
f 3693/4680/4762 3771/6690/6694 3814/5017/5121
f 3774/5018/5122 3772/4999/5103 3692/4661/4743
f 3790/5005/5109 3788/5004/5108 3701/4669/4751
f 3528/4522/4594 3979/4930/5022 3719/4687/4769
f 3526/4521/4593 3529/4523/4595 3723/4691/4773
f 3720/5019/5123 3980/4934/5026 3978/4929/5021
f 3724/5021/5125 3727/4693/4775 3726/4695/4777
f 3534/4526/4598 3533/4525/4597 3733/4697/4779
f 3731/5022/5126 3633/4935/5027 3635/4609/4691
f 3638/4611/4693 3637/4936/5028 3738/4988/5092
f 3631/4607/4689 3639/4937/5029 3740/5023/5127
f 3758/4723/4805 4011/4981/5085 4012/5024/5128
f 3803/4757/4839 3624/4601/4683 3930/4876/4968
f 3801/5025/5129 3961/4911/5003 3819/4910/5002
f 3816/5027/5131 3802/5026/5130 3819/4910/5002
f 3816/5027/5131 3818/4777/4859 3820/5028/5132
f 3517/23/4547 3467/4484/4548 3971/4953/5046
f 3823/4781/4865 3825/5030/5134 3756/5029/5133
f 4004/4972/5074 3824/4784/4868 3759/4721/4803
f 3865/4952/5044 3863/6687/6691 4005/27/5075
f 3660/4630/4712 3760/4996/5100 3825/5030/5134
f 3826/4786/4871 3847/4804/4891 3850/4806/4893
f 3827/4787/4872 3850/4806/4893 3852/4808/4895
f 3829/4788/4873 3854/4810/4897 3856/4812/4899
f 3831/4790/4875 3858/4814/4901 3860/4816/4903
f 3833/4791/4876 3886/4838/4925 3847/4804/4891
f 3840/4799/4884 3874/4828/4915 3876/4830/4917
f 3840/4799/4884 3839/4798/4883 3872/4826/4913
f 3870/4824/4911 3872/4826/4913 3839/4798/4883
f 3868/4822/4909 3870/4824/4911 3837/4794/4879
f 3835/4793/4878 3880/4833/4920 3882/4835/4922
f 3878/4832/4919 3880/4833/4920 3835/4793/4878
f 3841/4800/4885 3876/4830/4917 3878/4832/4919
f 3842/4802/4887 3864/4820/4907 3866/4951/5043
f 3843/4801/4886 3970/4921/5013 3470/4358/4408
f 3883/4836/4923 3886/4838/4925 3833/4791/4876
f 3879/5032/5136 3877/5038/5148 4014/51/5137
f 3881/4956/5050 3879/5032/5136 4013/46/5138
f 3854/4810/4897 3829/4788/4873 3828/4918/5010
f 3858/4814/4901 3831/4790/4875 3830/4919/5011
f 3862/4818/4905 3969/4920/5012 3832/4789/4874
f 3864/4820/4907 3842/4802/4887 3969/4920/5012
f 3971/4922/5014 3970/4921/5013 3866/4951/5043
f 3838/4797/4882 3486/4396/4447 3359/4490/4556
f 3521/63/4558 4015/60/5140 3867/5033/5139
f 4015/60/5140 4016/58/5142 3869/5034/5141
f 4016/58/5142 4017/56/5144 3871/5035/5143
f 4017/56/5144 4018/52/6695 3873/5036/5145
f 3873/5036/5145 4018/52/6695 4019/50/5146
f 3875/5037/5147 4019/50/5146 4014/51/5137
f 3881/4834/4921 3987/6691/6696 3985/4954/5047
f 3985/4954/5047 3987/6691/6696 3884/5039/5149
f 3905/4850/4942 3966/4915/5007 3893/5040/5150
f 3924/4870/4962 3923/4873/4965 3895/4853/4945
f 3897/4844/4936 3947/4893/4985 3945/4895/4987
f 3951/4898/4990 3950/4900/4992 3900/5042/5152
f 3901/5044/5154 3904/5045/5155 3963/4914/5006
f 3903/4848/4940 3902/4869/4961 3928/4875/4967
f 3966/4915/5007 3963/4914/5006 3904/5045/5155
f 3903/4848/4940 3927/4874/4966 3924/4870/4962
f 3905/4850/4942 3896/5041/5151 3908/5046/5156
f 3923/4873/4965 3926/4872/4964 3907/4854/4946
f 3909/5047/5157 3967/4916/5008 3906/4851/4943
f 3907/4854/4946 3926/4872/4964 3925/4871/4963
f 3911/5048/5158 3968/4917/5009 3967/4916/5008
f 3910/4855/4947 3925/4871/4963 3949/4897/4989
f 3911/5048/5158 3913/5049/5159 3954/4902/4994
f 3912/4857/4949 3949/4897/4989 3948/4896/4988
f 3950/4900/4992 3954/4902/4994 3913/5049/5159
f 3914/4859/4951 3948/4896/4988 3947/4893/4985
f 3945/4895/4987 3943/4891/4983 3915/4864/4956
f 3916/5050/5160 3955/4904/4996 3951/4898/4990
f 3917/5051/5161 3957/4906/4998 3955/4904/4996
f 3943/4891/4983 3941/4889/4981 3918/4865/4957
f 3941/4889/4981 3931/4877/4969 3919/4867/4959
f 3920/5052/5162 3959/4907/4999 3957/4906/4998
f 3920/5052/5162 3922/5055/5165 3965/4913/5005
f 3921/5053/5163 3919/4867/4959 3931/4877/4969
f 3962/4909/5001 3965/4913/5005 3922/5055/5165
f 3929/5054/5164 3928/4875/4967 3902/4869/4961
f 3932/4878/4970 3940/4886/4978 3800/4755/4837
f 3956/4905/4997 3958/4908/5000 3933/5056/5166
f 3935/4882/4974 3934/4879/4971 3944/4890/4982
f 3798/5058/5168 3952/4903/4995 3956/4905/4997
f 3946/4892/4984 3616/4894/4986 3799/4753/4835
f 3942/4888/4980 3944/4890/4982 3934/4879/4971
f 3958/4908/5000 3960/5061/5171 3937/5059/5169
f 3940/4886/4978 3932/4878/4970 3942/4888/4980
f 3939/5060/5170 3937/5059/5169 3960/5061/5171
f 3964/4912/5004 3961/4911/5003 3801/5025/5129
f 3972/4923/5015 3974/4925/5017 3769/4729/4811
f 3975/4938/5030 3974/4925/5017 3972/4923/5015
f 3977/5062/5172 3976/5064/5174 3628/4603/4685
f 3766/5063/5173 3977/5062/5172 3973/4924/5016
f 3978/4929/5021 3628/4603/4685 3976/5064/5174
f 3979/4930/5022 3535/4931/5023 3735/4941/5033
f 3537/4527/4599 3739/4702/4784 3981/4943/5035
f 3538/4528/4600 3741/4705/4787 3736/4703/4785
f 3980/4934/5026 3720/5019/5123 3717/5065/5175
f 3730/4985/5089 3982/4987/5091 3636/4610/4692
f 3798/5058/5168 3706/4901/4993 3953/4899/4991
f 3491/4406/4459 2979/3964/4008 2978/3912/3945
f 3510/4423/4485 3000/3922/3965 2979/3964/4008
f 3510/4423/4485 3059/3981/4025 3001/3923/3966
f 3059/3981/4025 3006/3930/3973 3386/4273/4322
f 3400/4284/4334 3380/4272/4317 3386/4273/4322
f 3400/4284/4334 3577/4552/4634 3892/4840/4932
f 3626/4982/5086 3570/4803/4888 3892/4840/4932
f 4007/4975/5079 3571/4548/4629 3570/4803/4888
f 4007/4975/5079 3988/4959/5053 3553/4539/4612
f 3988/4959/5053 3989/4958/5052 3550/4538/4610
f 3989/4958/5052 3992/4961/5057 3554/4540/4613
f 3994/4963/5060 3556/4541/4615 3554/4540/4613
f 3994/4963/5060 3996/4964/5062 3558/4542/4617
f 3996/4964/5062 3998/4966/5065 3560/4543/4619
f 3998/4966/5065 4000/4968/5068 3562/4544/4621
f 4000/4968/5068 4002/4970/5071 3564/4545/4623
f 4004/4972/5074 3566/4546/4625 3564/4545/4623
f 4012/5024/5128 3821/4780/4863 3566/4546/4625
f 4012/5024/5128 4011/4981/5085 3620/4779/4861
f 4011/4981/5085 4010/4980/5084 3619/4594/4676
f 4010/4980/5084 4009/4979/5083 3617/4593/4675
f 4008/4977/5081 3618/4591/4673 3617/4593/4675
f 3512/4978/5082 3047/4592/4674 3618/4591/4673
f 3512/4978/5082 3511/4426/4489 3048/3966/4010
f 3511/4426/4489 3513/4428/4491 3049/3967/4011
f 3514/4429/4492 3051/3969/4013 3049/3967/4011
f 3515/4430/4493 3053/3971/4015 3051/3969/4013
f 3516/4479/4542 3299/4200/4244 3053/3971/4015
f 3516/4479/4542 3507/4486/4550 2994/3919/3960
f 3507/4486/4550 3505/4420/4479 2992/3918/3958
f 3503/4417/4475 2990/3917/3956 2992/3918/3958
f 3501/4418/4476 2988/3916/3954 2990/3917/3956
f 3499/4415/4472 2986/3915/3952 2988/3916/3954
f 3499/4415/4472 3497/4413/4469 2984/3914/3950
f 3495/4411/4466 2982/3913/3948 2984/3914/3950
f 3492/4409/4463 2978/3912/3945 2982/3913/3948
f 4021/5066/5176 4022/5070/5180 4023/5067/5177
f 4024/5069/5179 4025/5074/5184 4022/5070/5180
f 4027/5071/5181 4025/5074/5184 4028/5072/5182
f 4029/5075/5185 4030/5078/5188 4026/5073/5183
f 4031/5076/5186 4032/5080/5190 4033/5077/5187
f 4034/5079/5189 4035/5082/5192 4032/5080/5190
f 4036/5081/5191 4037/5084/5194 4035/5082/5192
f 4036/5081/5191 4038/5085/5195 4039/5083/5193
f 4038/5085/5195 4040/5088/5198 4041/5086/5196
f 4042/5087/5197 4043/5090/5200 4041/5086/5196
f 4044/5089/5199 4045/5094/5204 4043/5090/5200
f 4047/5091/5201 4045/5094/5204 4048/5092/5202
f 4049/5095/5205 4050/5098/5208 4046/5093/5203
f 4051/5096/5206 4052/5100/5210 4053/5097/5207
f 4051/5096/5206 4054/5101/5211 4055/5099/5209
f 4054/5101/5211 4056/5103/5213 4057/5102/5212
f 4056/5103/5213 4058/5105/5215 4059/5104/5214
f 4058/5105/5215 4020/6692/5178 4023/5106/5177
f 4060/5107/5216 4061/5283/5391 4062/5108/5217
f 4064/5110/5219 4065/5112/5221 4066/5111/5220
f 4066/5111/5220 4068/5288/5396 4069/5114/5223
f 4070/5115/5224 4072/5293/5401 4073/5117/5226
f 4070/5115/5224 4074/5118/5227 4062/5108/5217
f 4076/5120/5229 4063/5109/5218 4062/5108/5217
f 4078/5122/5231 4079/5161/5270 4080/5123/5232
f 4082/5125/5234 4083/5209/5318 4084/5126/5235
f 4084/5126/5235 4086/5213/5322 4087/5128/5237
f 4082/5125/5234 4085/5127/5236 4089/5130/5239
f 4092/5132/5241 4093/5135/5244 4094/5133/5242
f 4093/5135/5244 4095/5220/5329 4096/5136/5245
f 4091/5134/5243 4094/5133/5242 4098/5138/5247
f 4032/5080/5190 4100/6693/6697 4101/5140/5249
f 4102/5141/5250 4100/6693/6697 4032/5080/5190
f 4103/5142/5251 4102/5141/5250 4035/5082/5192
f 4039/5083/5193 4104/5143/5252 4103/5142/5251
f 4041/5086/5196 4105/6694/6698 4104/5143/5252
f 4106/5144/5253 4105/6694/6698 4041/5086/5196
f 4045/5094/5204 4107/6695/6699 4106/5144/5253
f 4108/5145/5254 4107/6695/6699 4045/5094/5204
f 4110/5146/5255 4111/5165/5274 4112/5147/5256
f 4113/5149/5258 4114/6696/6700 4023/5067/5177
f 4025/5074/5184 4115/6697/6701 4113/5149/5258
f 4116/5150/5259 4115/6697/6701 4025/5074/5184
f 4118/5151/5260 4119/5168/5277 4120/5152/5261
f 4052/5100/5210 4121/6698/6702 4122/5154/5263
f 4123/5155/5264 4121/6698/6702 4052/5100/5210
f 4057/5102/5212 4124/5156/5265 4123/5155/5264
f 4059/5104/5214 4125/5157/5266 4124/5156/5265
f 4023/5106/5177 4114/6699/6700 4125/5157/5266
f 4027/5158/5267 4026/5205/5314 4081/5124/5233
f 4078/5122/5231 4030/5206/5315 4033/5159/5268
f 4047/5160/5269 4046/6700/6703 4079/5161/5270
f 4080/5123/5232 4050/5207/5316 4053/5162/5271
f 4021/5169/5278 4020/5204/5313 4126/5170/5279
f 4024/5172/5281 4021/5169/5278 4127/5171/5280
f 4028/5174/5283 4024/5172/5281 4128/5173/5282
f 4029/5176/5285 4028/5174/5283 4129/5175/5284
f 4029/5176/5285 4130/5177/5286 4131/5178/5287
f 4031/5179/5288 4131/5178/5287 4132/5180/5289
f 4034/5181/5290 4132/5180/5289 4133/5182/5291
f 4036/5183/5292 4133/5182/5291 4134/5184/5293
f 4038/5185/5294 4134/5184/5293 4135/5186/5295
f 4042/5188/5297 4040/5187/5296 4135/5186/5295
f 4044/5190/5299 4042/5188/5297 4136/5189/5298
f 4048/5192/5301 4044/5190/5299 4137/5191/5300
f 4049/5194/5303 4048/5192/5301 4138/5193/5302
f 4049/5194/5303 4139/5195/5304 4140/5196/5305
f 4051/5197/5306 4140/5196/5305 4141/5198/5307
f 4054/5199/5308 4141/5198/5307 4142/5200/5309
f 4056/5201/5310 4142/5200/5309 4143/5202/5311
f 4058/5203/5312 4143/5202/5311 4126/5170/5279
f 4078/5122/5231 4081/5124/5233 4026/5205/5314
f 4079/5161/5270 4078/5122/5231 4109/5148/5257
f 4079/5161/5270 4046/6700/6703 4050/5207/5316
f 4080/5123/5232 4117/5153/5262 4120/5152/5261
f 4090/5131/5240 4101/5163/5272 4100/5208/5317
f 4083/5209/5318 4082/5125/5234 4100/5208/5317
f 4083/5209/5318 4102/5210/5319 4103/5211/5320
f 4084/5126/5235 4103/5211/5320 4104/5212/5321
f 4086/5213/5322 4104/5212/5321 4105/5214/5323
f 4087/5128/5237 4105/5214/5323 4106/5215/5324
f 4085/5127/5236 4088/5129/5238 4106/5215/5324
f 4089/5130/5239 4085/5127/5236 4107/5216/5325
f 4089/5130/5239 4111/5165/5274 4110/5146/5255
f 4099/5139/5248 4122/5166/5275 4121/5217/5326
f 4091/5134/5243 4121/5217/5326 4123/5218/5327
f 4093/5135/5244 4092/5132/5241 4123/5218/5327
f 4124/5219/5328 4125/6701/6704 4095/5220/5329
f 4095/5220/5329 4125/6701/6704 4114/5221/5330
f 4097/5137/5246 4096/5136/5245 4114/5221/5330
f 4094/5133/5242 4097/5137/5246 4113/5222/5331
f 4098/5138/5247 4094/5133/5242 4115/5223/5332
f 4098/5138/5247 4119/5168/5277 4118/5151/5260
f 4101/5163/5272 4110/5146/5255 4109/5148/5257
f 4108/5164/5273 4047/5160/5269 4112/5147/5256
f 4116/5167/5276 4027/5158/5267 4120/5152/5261
f 4117/5153/5262 4053/5162/5271 4122/5166/5275
f 4143/5202/5311 4142/5200/5309 4144/5224/5333
f 4142/5200/5309 4141/5198/5307 4146/5226/5335
f 4141/5198/5307 4140/5196/5305 4147/5227/5336
f 4139/5195/5304 4148/5228/5337 4147/5227/5336
f 4138/5193/5302 4149/5229/5338 4148/5228/5337
f 4137/5191/5300 4150/5230/5339 4149/5229/5338
f 4136/5189/5298 4151/5231/5340 4150/5230/5339
f 4135/5186/5295 4152/5233/5342 4151/5231/5340
f 4135/5186/5295 4134/5184/5293 4153/5232/5341
f 4133/5182/5291 4154/5234/5343 4153/5232/5341
f 4132/5180/5289 4155/5236/5345 4154/5234/5343
f 4132/5180/5289 4131/5178/5287 4156/5235/5344
f 4130/5177/5286 4157/5237/5346 4156/5235/5344
f 4129/5175/5284 4158/5238/5347 4157/5237/5346
f 4128/5173/5282 4159/5239/5348 4158/5238/5347
f 4127/5171/5280 4160/5241/5350 4159/5239/5348
f 4127/5171/5280 4126/5170/5279 4161/5240/5349
f 4143/5202/5311 4145/5225/5334 4161/5240/5349
f 4144/5242/5351 4162/5246/5355 4163/5243/5352
f 4144/5242/5351 4146/5248/5357 4164/5245/5354
f 4147/5247/5356 4165/5250/5359 4164/5245/5354
f 4148/5249/5358 4166/5252/5361 4165/5250/5359
f 4148/5249/5358 4149/5253/5362 4167/5251/5360
f 4149/5253/5362 4150/5256/5365 4168/5254/5363
f 4151/5255/5364 4169/5258/5367 4168/5254/5363
f 4152/5257/5366 4170/6702/5369 4169/5258/5367
f 4153/5259/5368 4171/5263/5371 4170/5260/5369
f 4154/5262/5370 4172/5265/5373 4171/5263/5371
f 4155/5264/5372 4173/5267/5375 4172/5265/5373
f 4156/5266/5374 4174/5269/5377 4173/5267/5375
f 4156/5266/5374 4157/5270/5378 4175/5268/5376
f 4157/5270/5378 4158/5272/5380 4176/5271/5379
f 4158/5272/5380 4159/5274/5382 4177/5273/5381
f 4159/5274/5382 4160/5276/5384 4178/5275/5383
f 4160/5276/5384 4161/5278/5386 4179/5277/5385
f 4161/5278/5386 4145/5244/5353 4163/5243/5352
f 4162/5279/5387 4060/5107/5216 4077/5121/5230
f 4164/5281/5389 4061/5283/5391 4060/5107/5216
f 4165/5282/5390 4062/5108/5217 4061/5283/5391
f 4166/5284/5392 4064/5110/5219 4062/5108/5217
f 4167/5285/5393 4065/5112/5221 4064/5110/5219
f 4168/5286/5394 4067/5113/5222 4065/5112/5221
f 4168/5286/5394 4169/5287/5395 4066/5111/5220
f 4169/5287/5395 4170/5289/5397 4068/5288/5396
f 4170/5289/5397 4171/5291/5399 4069/5114/5223
f 4172/5290/5398 4071/5116/5225 4069/5114/5223
f 4172/5290/5398 4173/5292/5400 4070/5115/5224
f 4173/5292/5400 4174/5295/5403 4072/5293/5401
f 4175/5294/5402 4073/5117/5226 4072/5293/5401
f 4176/5296/5404 4075/5119/5228 4073/5117/5226
f 4176/5296/5404 4177/5298/5406 4074/5118/5227
f 4178/5297/5405 4076/5120/5229 4074/5118/5227
f 4179/5299/5407 4063/5109/5218 4076/5120/5229
f 4163/5280/5388 4077/5121/5230 4063/5109/5218
f 4181/5300/5408 4182/5304/5412 4183/5301/5409
f 4184/5303/5411 4185/5306/5414 4183/5301/5409
f 4186/5305/5413 4187/5307/5415 4183/5301/5409
f 4191/5310/5418 4192/5330/5437 4193/5311/5419
f 4190/5312/5420 4193/5311/5419 4195/5313/5421
f 4194/5314/5422 4195/5313/5421 4197/5315/5423
f 4196/5316/5424 4197/5315/5423 4199/5317/5425
f 4198/5318/5426 4199/5317/5425 4200/5319/5427
f 4200/5319/5427 4202/5322/5430 4203/5321/5429
f 4202/5322/5430 4204/6259/5432 4205/5323/5431
f 4204/5324/5432 4206/5327/5434 4207/5325/5433
f 4206/5327/5434 4208/5329/5436 4209/5328/5435
f 4191/5310/5418 4209/5328/5435 4208/5329/5436
f 4211/5331/5438 4212/5350/5456 4213/5332/5439
f 4210/5333/5440 4213/5332/5439 4215/5334/5441
f 4214/5335/5442 4215/5334/5441 4217/5336/5443
f 4216/5337/5444 4217/5336/5443 4219/5338/5445
f 4219/5338/5445 4220/5341/5448 4221/5340/5447
f 4220/5341/5448 4222/5343/5450 4223/5342/5449
f 4222/5343/5450 4224/6703/5452 4225/5344/5451
f 4224/5345/5452 4226/5348/5454 4227/5346/5453
f 4226/5348/5454 4228/6262/6307 4229/5349/5455
f 4229/5349/5455 4228/6262/6307 4212/5350/5456
f 4231/5351/5457 4232/5370/5475 4233/5352/5458
f 4230/5353/5459 4233/5352/5458 4235/5354/5460
f 4234/5355/5461 4235/5354/5460 4237/5356/5462
f 4236/5357/5463 4237/5356/5462 4239/5358/5464
f 4239/5358/5464 4240/5361/5467 4241/5360/5466
f 4240/5361/5467 4242/5363/5469 4243/5362/5468
f 4242/5363/5469 4244/6704/5471 4245/5364/5470
f 4244/5365/5471 4246/5368/5473 4247/5366/5472
f 4246/5368/5473 4248/6263/6308 4249/5369/5474
f 4249/5369/5474 4248/6263/6308 4232/5370/5475
f 4251/5371/5476 4252/5390/5494 4253/5372/5477
f 4250/5373/5478 4253/5372/5477 4255/5374/5479
f 4254/5375/5480 4255/5374/5479 4257/5376/5481
f 4256/5377/5482 4257/5376/5481 4259/5378/5483
f 4259/5378/5483 4260/5381/5486 4261/5380/5485
f 4260/5381/5486 4262/5383/5488 4263/5382/5487
f 4262/5383/5488 4264/6705/5490 4265/5384/5489
f 4264/5385/5490 4266/5388/5492 4267/5386/5491
f 4266/5388/5492 4268/6264/6309 4269/5389/5493
f 4269/5389/5493 4268/6264/6309 4252/5390/5494
f 4271/5391/5495 4272/5410/5513 4273/5392/5496
f 4270/5393/5497 4273/5392/5496 4275/5394/5498
f 4274/5395/5499 4275/5394/5498 4277/5396/5500
f 4276/5397/5501 4277/5396/5500 4279/5398/5502
f 4279/5398/5502 4280/5401/5505 4281/5400/5504
f 4280/5401/5505 4282/5403/5507 4283/5402/5506
f 4282/5403/5507 4284/6706/5509 4285/5404/5508
f 4284/5405/5509 4286/5408/5511 4287/5406/5510
f 4286/5408/5511 4288/6265/6310 4289/5409/5512
f 4289/5409/5512 4288/6265/6310 4272/5410/5513
f 4291/5411/5514 4292/5430/5532 4293/5412/5515
f 4290/5413/5516 4293/5412/5515 4295/5414/5517
f 4294/5415/5518 4295/5414/5517 4297/5416/5519
f 4296/5417/5520 4297/5416/5519 4299/5418/5521
f 4299/5418/5521 4300/5421/5524 4301/5420/5523
f 4300/5421/5524 4302/5423/5526 4303/5422/5525
f 4302/5423/5526 4304/6707/5528 4305/5424/5527
f 4304/5425/5528 4306/5428/5530 4307/5426/5529
f 4306/5428/5530 4308/6266/6311 4309/5429/5531
f 4309/5429/5531 4308/6266/6311 4292/5430/5532
f 4311/5431/5533 4312/5450/5551 4313/5432/5534
f 4310/5433/5535 4313/5432/5534 4315/5434/5536
f 4314/5435/5537 4315/5434/5536 4317/5436/5538
f 4316/5437/5539 4317/5436/5538 4319/5438/5540
f 4319/5438/5540 4320/5441/5543 4321/5440/5542
f 4320/5441/5543 4322/5443/5545 4323/5442/5544
f 4322/5443/5545 4324/6708/5547 4325/5444/5546
f 4324/5445/5547 4326/5448/5549 4327/5446/5548
f 4326/5448/5549 4328/6267/6312 4329/5449/5550
f 4329/5449/5550 4328/6267/6312 4312/5450/5551
f 4331/5451/5552 4332/5470/5570 4333/5452/5553
f 4330/5453/5554 4333/5452/5553 4335/5454/5555
f 4334/5455/5556 4335/5454/5555 4337/5456/5557
f 4336/5457/5558 4337/5456/5557 4339/5458/5559
f 4339/5458/5559 4340/5461/5562 4341/5460/5561
f 4340/5461/5562 4342/5463/5564 4343/5462/5563
f 4342/5463/5564 4344/6709/5566 4345/5464/5565
f 4344/5465/5566 4346/5468/5568 4347/5466/5567
f 4346/5468/5568 4348/6268/6313 4349/5469/5569
f 4349/5469/5569 4348/6268/6313 4332/5470/5570
f 4351/5471/5571 4352/5490/5589 4353/5472/5572
f 4350/5473/5573 4353/5472/5572 4355/5474/5574
f 4354/5475/5575 4355/5474/5574 4357/5476/5576
f 4356/5477/5577 4357/5476/5576 4359/5478/5578
f 4359/5478/5578 4360/5481/5581 4361/5480/5580
f 4360/5481/5581 4362/5483/5583 4363/5482/5582
f 4362/5483/5583 4364/6710/5585 4365/5484/5584
f 4364/5485/5585 4366/5488/5587 4367/5486/5586
f 4366/5488/5587 4368/6269/6314 4369/5489/5588
f 4369/5489/5588 4368/6269/6314 4352/5490/5589
f 4371/5491/5590 4372/5510/5608 4373/5492/5591
f 4370/5493/5592 4373/5492/5591 4375/5494/5593
f 4374/5495/5594 4375/5494/5593 4377/5496/5595
f 4376/5497/5596 4377/5496/5595 4379/5498/5597
f 4379/5498/5597 4380/5501/5600 4381/5500/5599
f 4380/5501/5600 4382/5503/5602 4383/5502/5601
f 4382/5503/5602 4384/6711/5604 4385/5504/5603
f 4384/5505/5604 4386/5508/5606 4387/5506/5605
f 4386/5508/5606 4388/6270/6315 4389/5509/5607
f 4389/5509/5607 4388/6270/6315 4372/5510/5608
f 4391/5511/5609 4392/5530/5627 4393/5512/5610
f 4390/5513/5611 4393/5512/5610 4395/5514/5612
f 4394/5515/5613 4395/5514/5612 4397/5516/5614
f 4396/5517/5615 4397/5516/5614 4399/5518/5616
f 4399/5518/5616 4400/5521/5619 4401/5520/5618
f 4400/5521/5619 4402/5523/5621 4403/5522/5620
f 4402/5523/5621 4404/6712/5623 4405/5524/5622
f 4404/5525/5623 4406/5528/5625 4407/5526/5624
f 4406/5528/5625 4408/6271/6316 4409/5529/5626
f 4409/5529/5626 4408/6271/6316 4392/5530/5627
f 4411/5531/5628 4412/5550/5646 4413/5532/5629
f 4410/5533/5630 4413/5532/5629 4415/5534/5631
f 4414/5535/5632 4415/5534/5631 4417/5536/5633
f 4416/5537/5634 4417/5536/5633 4419/5538/5635
f 4419/5538/5635 4420/5541/5638 4421/5540/5637
f 4420/5541/5638 4422/5543/5640 4423/5542/5639
f 4422/5543/5640 4424/6713/5642 4425/5544/5641
f 4424/5545/5642 4426/5548/5644 4427/5546/5643
f 4426/5548/5644 4428/6272/6317 4429/5549/5645
f 4429/5549/5645 4428/6272/6317 4412/5550/5646
f 4431/5551/5647 4432/5570/5665 4433/5552/5648
f 4430/5553/5649 4433/5552/5648 4435/5554/5650
f 4434/5555/5651 4435/5554/5650 4437/5556/5652
f 4436/5557/5653 4437/5556/5652 4439/5558/5654
f 4439/5558/5654 4440/5561/5657 4441/5560/5656
f 4440/5561/5657 4442/5563/5659 4443/5562/5658
f 4442/5563/5659 4444/6714/5661 4445/5564/5660
f 4444/5565/5661 4446/5568/5663 4447/5566/5662
f 4446/5568/5663 4448/6273/6318 4449/5569/5664
f 4449/5569/5664 4448/6273/6318 4432/5570/5665
f 4451/5571/5666 4452/5590/5684 4453/5572/5667
f 4450/5573/5668 4453/5572/5667 4455/5574/5669
f 4454/5575/5670 4455/5574/5669 4457/5576/5671
f 4456/5577/5672 4457/5576/5671 4459/5578/5673
f 4459/5578/5673 4460/5581/5676 4461/5580/5675
f 4460/5581/5676 4462/5583/5678 4463/5582/5677
f 4462/5583/5678 4464/6715/5680 4465/5584/5679
f 4464/5585/5680 4466/5588/5682 4467/5586/5681
f 4466/5588/5682 4468/6274/6319 4469/5589/5683
f 4469/5589/5683 4468/6274/6319 4452/5590/5684
f 4471/5591/5685 4472/5610/5703 4473/5592/5686
f 4470/5593/5687 4473/5592/5686 4475/5594/5688
f 4474/5595/5689 4475/5594/5688 4477/5596/5690
f 4476/5597/5691 4477/5596/5690 4479/5598/5692
f 4479/5598/5692 4480/5601/5695 4481/5600/5694
f 4480/5601/5695 4482/5603/5697 4483/5602/5696
f 4482/5603/5697 4484/6716/5699 4485/5604/5698
f 4484/5605/5699 4486/5608/5701 4487/5606/5700
f 4486/5608/5701 4488/6275/6320 4489/5609/5702
f 4489/5609/5702 4488/6275/6320 4472/5610/5703
f 4491/5611/5704 4492/5630/5722 4493/5612/5705
f 4490/5613/5706 4493/5612/5705 4495/5614/5707
f 4494/5615/5708 4495/5614/5707 4497/5616/5709
f 4496/5617/5710 4497/5616/5709 4499/5618/5711
f 4499/5618/5711 4500/5621/5714 4501/5620/5713
f 4500/5621/5714 4502/5623/5716 4503/5622/5715
f 4502/5623/5716 4504/6717/5718 4505/5624/5717
f 4504/5625/5718 4506/5628/5720 4507/5626/5719
f 4506/5628/5720 4508/6276/6321 4509/5629/5721
f 4509/5629/5721 4508/6276/6321 4492/5630/5722
f 4511/5631/5723 4512/5650/5741 4513/5632/5724
f 4510/5633/5725 4513/5632/5724 4515/5634/5726
f 4514/5635/5727 4515/5634/5726 4517/5636/5728
f 4516/5637/5729 4517/5636/5728 4519/5638/5730
f 4519/5638/5730 4520/5641/5733 4521/5640/5732
f 4520/5641/5733 4522/5643/5735 4523/5642/5734
f 4522/5643/5735 4524/6718/5737 4525/5644/5736
f 4524/5645/5737 4526/5648/5739 4527/5646/5738
f 4526/5648/5739 4528/6277/6322 4529/5649/5740
f 4529/5649/5740 4528/6277/6322 4512/5650/5741
f 4531/5651/5742 4532/5670/5760 4533/5652/5743
f 4530/5653/5744 4533/5652/5743 4535/5654/5745
f 4534/5655/5746 4535/5654/5745 4537/5656/5747
f 4536/5657/5748 4537/5656/5747 4539/5658/5749
f 4539/5658/5749 4540/5661/5752 4541/5660/5751
f 4540/5661/5752 4542/5663/5754 4543/5662/5753
f 4542/5663/5754 4544/6719/5756 4545/5664/5755
f 4544/5665/5756 4546/5668/5758 4547/5666/5757
f 4546/5668/5758 4548/6278/6323 4549/5669/5759
f 4549/5669/5759 4548/6278/6323 4532/5670/5760
f 4551/5671/5761 4552/5690/5779 4553/5672/5762
f 4550/5673/5763 4553/5672/5762 4555/5674/5764
f 4554/5675/5765 4555/5674/5764 4557/5676/5766
f 4556/5677/5767 4557/5676/5766 4559/5678/5768
f 4559/5678/5768 4560/5681/5771 4561/5680/5770
f 4560/5681/5771 4562/5683/5773 4563/5682/5772
f 4562/5683/5773 4564/6720/5775 4565/5684/5774
f 4564/5685/5775 4566/5688/5777 4567/5686/5776
f 4566/5688/5777 4568/6279/6324 4569/5689/5778
f 4569/5689/5778 4568/6279/6324 4552/5690/5779
f 4571/5691/5780 4572/5710/5797 4573/5692/5781
f 4570/5693/5782 4573/5692/5781 4575/5694/5783
f 4574/5695/5784 4575/5694/5783 4577/5696/5785
f 4576/5697/5786 4577/5696/5785 4579/5698/5787
f 4579/5698/5787 4580/5701/5790 4581/5700/5789
f 4580/5701/5790 4582/5703/5792 4583/5702/5791
f 4582/5703/5792 4584/6721/5794 4585/5704/5793
f 4584/5705/5794 4586/5708/5796 4587/5706/5795
f 4586/5708/5796 4588/6280/6325 4589/5709/5484
f 4589/5709/5484 4588/6280/6325 4572/5710/5797
f 4591/5711/5798 4592/5730/5816 4593/5712/5799
f 4590/5713/5800 4593/5712/5799 4595/5714/5801
f 4594/5715/5802 4595/5714/5801 4597/5716/5803
f 4596/5717/5804 4597/5716/5803 4599/5718/5805
f 4599/5718/5805 4600/5721/5808 4601/5720/5807
f 4600/5721/5808 4602/5723/5810 4603/5722/5809
f 4602/5723/5810 4604/6722/5812 4605/5724/5811
f 4604/5725/5812 4606/5728/5814 4607/5726/5813
f 4606/5728/5814 4608/6281/6326 4609/5729/5815
f 4609/5729/5815 4608/6281/6326 4592/5730/5816
f 4611/5731/5817 4612/5750/5835 4613/5732/5818
f 4610/5733/5819 4613/5732/5818 4615/5734/5820
f 4614/5735/5821 4615/5734/5820 4617/5736/5822
f 4616/5737/5823 4617/5736/5822 4619/5738/5824
f 4619/5738/5824 4620/5741/5827 4621/5740/5826
f 4620/5741/5827 4622/5743/5829 4623/5742/5828
f 4622/5743/5829 4624/6723/5831 4625/5744/5830
f 4624/5745/5831 4626/5748/5833 4627/5746/5832
f 4626/5748/5833 4628/6282/6327 4629/5749/5834
f 4629/5749/5834 4628/6282/6327 4612/5750/5835
f 4631/5751/5836 4632/5770/5854 4633/5752/5837
f 4630/5753/5838 4633/5752/5837 4635/5754/5839
f 4634/5755/5840 4635/5754/5839 4637/5756/5841
f 4636/5757/5842 4637/5756/5841 4639/5758/5843
f 4639/5758/5843 4640/5761/5846 4641/5760/5845
f 4640/5761/5846 4642/5763/5848 4643/5762/5847
f 4642/5763/5848 4644/6724/5850 4645/5764/5849
f 4644/5765/5850 4646/5768/5852 4647/5766/5851
f 4646/5768/5852 4648/6283/6328 4649/5769/5853
f 4649/5769/5853 4648/6283/6328 4632/5770/5854
f 4651/5771/5855 4652/5790/5873 4653/5772/5856
f 4650/5773/5857 4653/5772/5856 4655/5774/5858
f 4654/5775/5859 4655/5774/5858 4657/5776/5860
f 4656/5777/5861 4657/5776/5860 4659/5778/5862
f 4659/5778/5862 4660/5781/5865 4661/5780/5864
f 4660/5781/5865 4662/5783/5867 4663/5782/5866
f 4662/5783/5867 4664/6725/5869 4665/5784/5868
f 4664/5785/5869 4666/5788/5871 4667/5786/5870
f 4666/5788/5871 4668/6284/6329 4669/5789/5872
f 4669/5789/5872 4668/6284/6329 4652/5790/5873
f 4671/5791/5874 4672/5810/5892 4673/5792/5875
f 4670/5793/5876 4673/5792/5875 4675/5794/5877
f 4674/5795/5878 4675/5794/5877 4677/5796/5879
f 4676/5797/5880 4677/5796/5879 4679/5798/5881
f 4679/5798/5881 4680/5801/5884 4681/5800/5883
f 4680/5801/5884 4682/5803/5886 4683/5802/5885
f 4682/5803/5886 4684/6726/5888 4685/5804/5887
f 4684/5805/5888 4686/5808/5890 4687/5806/5889
f 4686/5808/5890 4688/6285/6330 4689/5809/5891
f 4689/5809/5891 4688/6285/6330 4672/5810/5892
f 4691/5811/5893 4692/5830/5910 4693/5812/5894
f 4690/5813/5895 4693/5812/5894 4695/5814/5896
f 4694/5815/5897 4695/5814/5896 4697/5816/5898
f 4696/5817/5899 4697/5816/5898 4699/5818/5900
f 4699/5818/5900 4700/5821/5902 4701/5820/5901
f 4700/5821/5902 4702/5823/5904 4703/5822/5903
f 4702/5823/5904 4704/6727/5906 4705/5824/5905
f 4704/5825/5906 4706/5828/5908 4707/5826/5907
f 4706/5828/5908 4708/6286/6331 4709/5829/5909
f 4709/5829/5909 4708/6286/6331 4692/5830/5910
f 4711/5831/5911 4712/5850/5929 4713/5832/5912
f 4710/5833/5913 4713/5832/5912 4715/5834/5914
f 4714/5835/5915 4715/5834/5914 4717/5836/5916
f 4716/5837/5917 4717/5836/5916 4719/5838/5918
f 4719/5838/5918 4720/5841/5921 4721/5840/5920
f 4720/5841/5921 4722/5843/5923 4723/5842/5922
f 4722/5843/5923 4724/6728/5925 4725/5844/5924
f 4724/5845/5925 4726/5848/5927 4727/5846/5926
f 4726/5848/5927 4728/6287/6332 4729/5849/5928
f 4729/5849/5928 4728/6287/6332 4712/5850/5929
f 4731/5851/5930 4732/5870/5948 4733/5852/5931
f 4730/5853/5932 4733/5852/5931 4735/5854/5933
f 4734/5855/5934 4735/5854/5933 4737/5856/5935
f 4736/5857/5936 4737/5856/5935 4739/5858/5937
f 4739/5858/5937 4740/5861/5940 4741/5860/5939
f 4740/5861/5940 4742/5863/5942 4743/5862/5941
f 4742/5863/5942 4744/6729/5944 4745/5864/5943
f 4744/5865/5944 4746/5868/5946 4747/5866/5945
f 4746/5868/5946 4748/6288/6333 4749/5869/5947
f 4749/5869/5947 4748/6288/6333 4732/5870/5948
f 4751/5871/5949 4752/5890/5967 4753/5872/5950
f 4750/5873/5951 4753/5872/5950 4755/5874/5952
f 4754/5875/5953 4755/5874/5952 4757/5876/5954
f 4756/5877/5955 4757/5876/5954 4759/5878/5956
f 4759/5878/5956 4760/5881/5959 4761/5880/5958
f 4760/5881/5959 4762/5883/5961 4763/5882/5960
f 4762/5883/5961 4764/6730/5963 4765/5884/5962
f 4764/5885/5963 4766/5888/5965 4767/5886/5964
f 4766/5888/5965 4768/6289/6334 4769/5889/5966
f 4769/5889/5966 4768/6289/6334 4752/5890/5967
f 4771/5891/5968 4772/5910/5986 4773/5892/5969
f 4770/5893/5970 4773/5892/5969 4775/5894/5971
f 4774/5895/5972 4775/5894/5971 4777/5896/5973
f 4776/5897/5974 4777/5896/5973 4779/5898/5975
f 4779/5898/5975 4780/5901/5978 4781/5900/5977
f 4780/5901/5978 4782/5903/5980 4783/5902/5979
f 4782/5903/5980 4784/6731/5982 4785/5904/5981
f 4784/5905/5982 4786/5908/5984 4787/5906/5983
f 4786/5908/5984 4788/6290/6335 4789/5909/5985
f 4789/5909/5985 4788/6290/6335 4772/5910/5986
f 4791/5911/5987 4792/5930/6005 4793/5912/5988
f 4790/5913/5989 4793/5912/5988 4795/5914/5990
f 4794/5915/5991 4795/5914/5990 4797/5916/5992
f 4796/5917/5993 4797/5916/5992 4799/5918/5994
f 4799/5918/5994 4800/5921/5997 4801/5920/5996
f 4800/5921/5997 4802/5923/5999 4803/5922/5998
f 4802/5923/5999 4804/6732/6001 4805/5924/6000
f 4804/5925/6001 4806/5928/6003 4807/5926/6002
f 4806/5928/6003 4808/6291/6336 4809/5929/6004
f 4809/5929/6004 4808/6291/6336 4792/5930/6005
f 4811/5931/6006 4812/5950/6024 4813/5932/6007
f 4810/5933/6008 4813/5932/6007 4815/5934/6009
f 4814/5935/6010 4815/5934/6009 4817/5936/6011
f 4816/5937/6012 4817/5936/6011 4819/5938/6013
f 4819/5938/6013 4820/5941/6016 4821/5940/6015
f 4820/5941/6016 4822/5943/6018 4823/5942/6017
f 4822/5943/6018 4824/6733/6020 4825/5944/6019
f 4824/5945/6020 4826/5948/6022 4827/5946/6021
f 4826/5948/6022 4828/6292/6337 4829/5949/6023
f 4829/5949/6023 4828/6292/6337 4812/5950/6024
f 4831/5951/6025 4832/5970/6043 4833/5952/6026
f 4830/5953/6027 4833/5952/6026 4835/5954/6028
f 4834/5955/6029 4835/5954/6028 4837/5956/6030
f 4836/5957/6031 4837/5956/6030 4839/5958/6032
f 4839/5958/6032 4840/5961/6035 4841/5960/6034
f 4840/5961/6035 4842/5963/6037 4843/5962/6036
f 4842/5963/6037 4844/6734/6039 4845/5964/6038
f 4844/5965/6039 4846/5968/6041 4847/5966/6040
f 4846/5968/6041 4848/6293/5730 4849/5969/6042
f 4849/5969/6042 4848/6293/5730 4832/5970/6043
f 4851/5971/6044 4852/5990/6062 4853/5972/6045
f 4850/5973/6046 4853/5972/6045 4855/5974/6047
f 4854/5975/6048 4855/5974/6047 4857/5976/6049
f 4856/5977/6050 4857/5976/6049 4859/5978/6051
f 4859/5978/6051 4860/5981/6054 4861/5980/6053
f 4860/5981/6054 4862/5983/6056 4863/5982/6055
f 4862/5983/6056 4864/6735/6058 4865/5984/6057
f 4864/5985/6058 4866/5988/6060 4867/5986/6059
f 4866/5988/6060 4868/6294/6338 4869/5989/6061
f 4869/5989/6061 4868/6294/6338 4852/5990/6062
f 4871/5991/5457 4872/6010/6080 4873/5992/6063
f 4870/5993/6064 4873/5992/6063 4875/5994/6065
f 4874/5995/6066 4875/5994/6065 4877/5996/6067
f 4876/5997/6068 4877/5996/6067 4879/5998/6069
f 4879/5998/6069 4880/6001/6072 4881/6000/6071
f 4880/6001/6072 4882/6003/6074 4883/6002/6073
f 4882/6003/6074 4884/6736/6076 4885/6004/6075
f 4884/6005/6076 4886/6008/6078 4887/6006/6077
f 4886/6008/6078 4888/6295/6339 4889/6009/6079
f 4889/6009/6079 4888/6295/6339 4872/6010/6080
f 4891/6011/6081 4892/6030/6098 4893/6012/6082
f 4890/6013/6083 4893/6012/6082 4895/6014/6084
f 4894/6015/6085 4895/6014/6084 4897/6016/6086
f 4896/6017/6087 4897/6016/6086 4899/6018/6088
f 4899/6018/6088 4900/6021/6090 4901/6020/6089
f 4900/6021/6090 4902/6023/6092 4903/6022/6091
f 4902/6023/6092 4904/6737/6094 4905/6024/6093
f 4904/6025/6094 4906/6028/6096 4907/6026/6095
f 4906/6028/6096 4908/6296/6340 4909/6029/6097
f 4909/6029/6097 4908/6296/6340 4892/6030/6098
f 4911/6031/5495 4912/6050/6114 4913/6032/6099
f 4910/6033/6100 4913/6032/6099 4915/6034/6101
f 4914/6035/6102 4915/6034/6101 4917/6036/6103
f 4916/6037/6104 4917/6036/6103 4919/6038/6105
f 4919/6038/6105 4920/6041/5505 4921/6040/6107
f 4920/6041/5505 4922/6043/6109 4923/6042/6108
f 4922/6043/6109 4924/6738/5509 4925/6044/6110
f 4924/6045/5509 4926/6048/6112 4927/6046/6111
f 4926/6048/6112 4928/6297/6341 4929/6049/6113
f 4929/6049/6113 4928/6297/6341 4912/6050/6114
f 4931/6051/6115 4932/6070/6132 4933/6052/6116
f 4930/6053/6117 4933/6052/6116 4935/6054/6118
f 4934/6055/6119 4935/6054/6118 4937/6056/6120
f 4936/6057/5520 4937/6056/6120 4939/6058/6121
f 4939/6058/6121 4940/6061/6124 4941/6060/6123
f 4940/6061/6124 4942/6063/6126 4943/6062/6125
f 4942/6063/6126 4944/6739/6128 4945/6064/6127
f 4944/6065/6128 4946/6068/6130 4947/6066/6129
f 4946/6068/6130 4948/6298/6342 4949/6069/6131
f 4949/6069/6131 4948/6298/6342 4932/6070/6132
f 4951/6071/6133 4952/6090/6148 4953/6072/6134
f 4950/6073/6135 4953/6072/6134 4955/6074/6136
f 4954/6075/6137 4955/6074/6136 4957/6076/5538
f 4956/6077/6138 4957/6076/5538 4959/6078/6139
f 4959/6078/6139 4960/6081/6141 4961/6080/5542
f 4960/6081/6141 4962/6083/6143 4963/6082/6142
f 4962/6083/6143 4964/6740/6145 4965/6084/6144
f 4964/6085/6145 4966/6088/6146 4967/6086/5548
f 4966/6088/6146 4968/6299/6343 4969/6089/6147
f 4969/6089/6147 4968/6299/6343 4952/6090/6148
f 4971/6091/6149 4972/6110/6166 4973/6092/6150
f 4970/6093/6151 4973/6092/6150 4975/6094/6152
f 4974/6095/6153 4975/6094/6152 4977/6096/6154
f 4976/6097/5558 4977/6096/6154 4979/6098/6155
f 4979/6098/6155 4980/6101/6158 4981/6100/6157
f 4980/6101/6158 4982/6103/6160 4983/6102/6159
f 4982/6103/6160 4984/6741/6162 4985/6104/6161
f 4984/6105/6162 4986/6108/6164 4987/6106/6163
f 4986/6108/6164 4988/6300/6344 4989/6109/6165
f 4989/6109/6165 4988/6300/6344 4972/6110/6166
f 4991/6111/6167 4992/6130/6184 4993/6112/6168
f 4990/6113/6169 4993/6112/6168 4995/6114/6170
f 4994/6115/6171 4995/6114/6170 4997/6116/6172
f 4996/6117/6173 4997/6116/6172 4999/6118/6174
f 4999/6118/6174 5000/6121/6177 5001/6120/6176
f 5000/6121/6177 5002/6123/6179 5003/6122/6178
f 5002/6123/6179 5004/6742/6181 5005/6124/6180
f 5004/6125/6181 5006/6128/6182 5007/6126/5586
f 5006/6128/6182 5008/6301/6345 5009/6129/6183
f 5009/6129/6183 5008/6301/6345 4992/6130/6184
f 5011/6131/6185 5012/6150/6202 5013/6132/6186
f 5010/6133/5592 5013/6132/6186 5015/6134/6187
f 5014/6135/6188 5015/6134/6187 5017/6136/6189
f 5016/6137/6190 5017/6136/6189 5019/6138/6191
f 5019/6138/6191 5020/6141/6194 5021/6140/6193
f 5020/6141/6194 5022/6143/6196 5023/6142/6195
f 5022/6143/6196 5024/6743/6198 5025/6144/6197
f 5024/6145/6198 5026/6148/6200 5027/6146/6199
f 5026/6148/6200 5028/6302/6346 5029/6149/6201
f 5029/6149/6201 5028/6302/6346 5012/6150/6202
f 5031/6151/6203 5032/6170/6220 5033/6152/6204
f 5030/6153/6205 5033/6152/6204 5035/6154/6206
f 5034/6155/6207 5035/6154/6206 5037/6156/6208
f 5036/6157/6209 5037/6156/6208 5039/6158/6210
f 5039/6158/6210 5040/6161/6213 5041/6160/6212
f 5040/6161/6213 5042/6163/6215 5043/6162/6214
f 5042/6163/6215 5044/6744/6217 5045/6164/6216
f 5044/6165/6217 5046/6168/6218 5047/6166/5624
f 5046/6168/6218 5048/6303/6347 5049/6169/6219
f 5049/6169/6219 5048/6303/6347 5032/6170/6220
f 5051/6171/6221 5052/6190/6239 5053/6172/6222
f 5050/6173/6223 5053/6172/6222 5055/6174/6224
f 5054/6175/6225 5055/6174/6224 5057/6176/6226
f 5056/6177/6227 5057/6176/6226 5059/6178/6228
f 5059/6178/6228 5060/6181/6231 5061/6180/6230
f 5060/6181/6231 5062/6183/6233 5063/6182/6232
f 5062/6183/6233 5064/6745/6235 5065/6184/6234
f 5064/6185/6235 5066/6188/6237 5067/6186/6236
f 5066/6188/6237 5068/6304/6348 5069/6189/6238
f 5069/6189/6238 5068/6304/6348 5052/6190/6239
f 5071/6191/6240 5072/6210/6258 5073/6192/6241
f 5070/6193/6242 5073/6192/6241 5075/6194/6243
f 5074/6195/6244 5075/6194/6243 5077/6196/6245
f 5076/6197/6246 5077/6196/6245 5079/6198/6247
f 5079/6198/6247 5080/6201/6250 5081/6200/6249
f 5080/6201/6250 5082/6203/6252 5083/6202/6251
f 5082/6203/6252 5084/6746/6254 5085/6204/6253
f 5084/6205/6254 5086/6208/6256 5087/6206/6255
f 5086/6208/6256 5088/6305/6349 5089/6209/6257
f 5089/6209/6257 5088/6305/6349 5072/6210/6258
f 5090/6211/6259 5091/6230/6277 5092/6212/6260
f 5090/6211/6259 5093/6213/6261 5095/6214/6262
f 5094/6215/6263 5095/6214/6262 5097/6216/6264
f 5096/6217/6265 5097/6216/6264 5099/6218/6266
f 5099/6218/6266 5100/6221/6269 5101/6220/6268
f 5100/6221/6269 5102/6223/6271 5103/6222/6270
f 5102/6223/6271 5104/6747/6273 5105/6224/6272
f 5104/6225/6273 5106/6228/6275 5107/6226/6274
f 5106/6228/6275 5108/6231/6278 5109/6229/6276
f 5091/6230/6277 5109/6229/6276 5108/6231/6278
f 5091/6230/6277 5090/6211/6259 5111/6232/6279
f 5090/6211/6259 5094/6215/6263 5112/6234/6281
f 5094/6215/6263 5096/6217/6265 5113/6235/6282
f 5113/6235/6282 5096/6217/6265 5098/6219/6267
f 5114/6236/6283 5098/6219/6267 5101/6220/6268
f 5115/6237/6284 5101/6220/6268 5103/6222/6270
f 5116/6238/6285 5103/6222/6270 5105/6224/6272
f 5117/6240/6286 5105/6227/6272 5107/6226/6274
f 5107/6226/6274 5109/6229/6276 5119/6242/6288
f 5109/6229/6276 5091/6230/6277 5110/6233/6280
f 5121/6243/6289 5122/6247/6293 5123/6244/6290
f 5124/6246/6292 5125/6248/6294 5123/6244/6290
f 5125/6248/6294 5126/6346/6389 5127/6249/6295
f 5131/6252/6298 4193/5311/5419 4192/5330/5437
f 5131/6252/6298 5132/6254/6300 4195/5313/5421
f 5132/6254/6300 5133/6255/6301 4197/5315/5423
f 5133/6255/6301 5134/6256/6302 4199/5317/5425
f 5134/6256/6302 5135/6314/6357 4200/5319/5427
f 4200/5319/5427 5135/6314/6357 5136/6257/6303
f 4202/5322/5430 5136/6257/6303 5137/6258/6304
f 4204/5324/5432 5137/6311/6304 5138/6260/6305
f 4206/5327/5434 5138/6260/6305 5139/6261/6306
f 4208/5329/5436 5139/6261/6306 5130/6253/6299
f 4191/5310/5418 4190/5312/5420 4213/5332/5439
f 4190/5312/5420 4194/5314/5422 4215/5334/5441
f 4194/5314/5422 4196/5316/5424 4217/5336/5443
f 4196/5316/5424 4198/5318/5426 4219/5338/5445
f 4201/5320/5428 4220/5341/5448 4219/5338/5445
f 4203/5321/5429 4222/5343/5450 4220/5341/5448
f 4205/5323/5431 4224/6703/5452 4222/5343/5450
f 4207/5325/5433 4226/5348/5454 4224/5345/5452
f 4209/5328/5435 4228/6262/6307 4226/5348/5454
f 4209/5328/5435 4191/5310/5418 4212/5350/5456
f 4211/5331/5438 4210/5333/5440 4233/5352/5458
f 4210/5333/5440 4214/5335/5442 4235/5354/5460
f 4214/5335/5442 4216/5337/5444 4237/5356/5462
f 4216/5337/5444 4218/5339/5446 4239/5358/5464
f 4221/5340/5447 4240/5361/5467 4239/5358/5464
f 4223/5342/5449 4242/5363/5469 4240/5361/5467
f 4225/5344/5451 4244/6704/5471 4242/5363/5469
f 4227/5346/5453 4246/5368/5473 4244/5365/5471
f 4229/5349/5455 4248/6263/6308 4246/5368/5473
f 4229/5349/5455 4211/5331/5438 4232/5370/5475
f 4231/5351/5457 4230/5353/5459 4253/5372/5477
f 4230/5353/5459 4234/5355/5461 4255/5374/5479
f 4234/5355/5461 4236/5357/5463 4257/5376/5481
f 4236/5357/5463 4238/5359/5465 4259/5378/5483
f 4241/5360/5466 4260/5381/5486 4259/5378/5483
f 4243/5362/5468 4262/5383/5488 4260/5381/5486
f 4245/5364/5470 4264/6705/5490 4262/5383/5488
f 4247/5366/5472 4266/5388/5492 4264/5385/5490
f 4249/5369/5474 4268/6264/6309 4266/5388/5492
f 4249/5369/5474 4231/5351/5457 4252/5390/5494
f 4251/5371/5476 4250/5373/5478 4273/5392/5496
f 4250/5373/5478 4254/5375/5480 4275/5394/5498
f 4254/5375/5480 4256/5377/5482 4277/5396/5500
f 4256/5377/5482 4258/5379/5484 4279/5398/5502
f 4261/5380/5485 4280/5401/5505 4279/5398/5502
f 4263/5382/5487 4282/5403/5507 4280/5401/5505
f 4265/5384/5489 4284/6706/5509 4282/5403/5507
f 4267/5386/5491 4286/5408/5511 4284/5405/5509
f 4269/5389/5493 4288/6265/6310 4286/5408/5511
f 4269/5389/5493 4251/5371/5476 4272/5410/5513
f 4271/5391/5495 4270/5393/5497 4293/5412/5515
f 4270/5393/5497 4274/5395/5499 4295/5414/5517
f 4274/5395/5499 4276/5397/5501 4297/5416/5519
f 4276/5397/5501 4278/5399/5503 4299/5418/5521
f 4281/5400/5504 4300/5421/5524 4299/5418/5521
f 4283/5402/5506 4302/5423/5526 4300/5421/5524
f 4285/5404/5508 4304/6707/5528 4302/5423/5526
f 4287/5406/5510 4306/5428/5530 4304/5425/5528
f 4289/5409/5512 4308/6266/6311 4306/5428/5530
f 4289/5409/5512 4271/5391/5495 4292/5430/5532
f 4291/5411/5514 4290/5413/5516 4313/5432/5534
f 4290/5413/5516 4294/5415/5518 4315/5434/5536
f 4294/5415/5518 4296/5417/5520 4317/5436/5538
f 4296/5417/5520 4298/5419/5522 4319/5438/5540
f 4301/5420/5523 4320/5441/5543 4319/5438/5540
f 4303/5422/5525 4322/5443/5545 4320/5441/5543
f 4305/5424/5527 4324/6708/5547 4322/5443/5545
f 4307/5426/5529 4326/5448/5549 4324/5445/5547
f 4309/5429/5531 4328/6267/6312 4326/5448/5549
f 4309/5429/5531 4291/5411/5514 4312/5450/5551
f 4311/5431/5533 4310/5433/5535 4333/5452/5553
f 4310/5433/5535 4314/5435/5537 4335/5454/5555
f 4314/5435/5537 4316/5437/5539 4337/5456/5557
f 4316/5437/5539 4318/5439/5541 4339/5458/5559
f 4321/5440/5542 4340/5461/5562 4339/5458/5559
f 4323/5442/5544 4342/5463/5564 4340/5461/5562
f 4325/5444/5546 4344/6709/5566 4342/5463/5564
f 4327/5446/5548 4346/5468/5568 4344/5465/5566
f 4329/5449/5550 4348/6268/6313 4346/5468/5568
f 4329/5449/5550 4311/5431/5533 4332/5470/5570
f 4331/5451/5552 4330/5453/5554 4353/5472/5572
f 4330/5453/5554 4334/5455/5556 4355/5474/5574
f 4334/5455/5556 4336/5457/5558 4357/5476/5576
f 4336/5457/5558 4338/5459/5560 4359/5478/5578
f 4341/5460/5561 4360/5481/5581 4359/5478/5578
f 4343/5462/5563 4362/5483/5583 4360/5481/5581
f 4345/5464/5565 4364/6710/5585 4362/5483/5583
f 4347/5466/5567 4366/5488/5587 4364/5485/5585
f 4349/5469/5569 4368/6269/6314 4366/5488/5587
f 4349/5469/5569 4331/5451/5552 4352/5490/5589
f 4351/5471/5571 4350/5473/5573 4373/5492/5591
f 4350/5473/5573 4354/5475/5575 4375/5494/5593
f 4354/5475/5575 4356/5477/5577 4377/5496/5595
f 4356/5477/5577 4358/5479/5579 4379/5498/5597
f 4361/5480/5580 4380/5501/5600 4379/5498/5597
f 4363/5482/5582 4382/5503/5602 4380/5501/5600
f 4365/5484/5584 4384/6711/5604 4382/5503/5602
f 4367/5486/5586 4386/5508/5606 4384/5505/5604
f 4369/5489/5588 4388/6270/6315 4386/5508/5606
f 4369/5489/5588 4351/5471/5571 4372/5510/5608
f 4371/5491/5590 4370/5493/5592 4393/5512/5610
f 4370/5493/5592 4374/5495/5594 4395/5514/5612
f 4374/5495/5594 4376/5497/5596 4397/5516/5614
f 4376/5497/5596 4378/5499/5598 4399/5518/5616
f 4381/5500/5599 4400/5521/5619 4399/5518/5616
f 4383/5502/5601 4402/5523/5621 4400/5521/5619
f 4385/5504/5603 4404/6712/5623 4402/5523/5621
f 4387/5506/5605 4406/5528/5625 4404/5525/5623
f 4389/5509/5607 4408/6271/6316 4406/5528/5625
f 4389/5509/5607 4371/5491/5590 4392/5530/5627
f 4391/5511/5609 4390/5513/5611 4413/5532/5629
f 4390/5513/5611 4394/5515/5613 4415/5534/5631
f 4394/5515/5613 4396/5517/5615 4417/5536/5633
f 4396/5517/5615 4398/5519/5617 4419/5538/5635
f 4401/5520/5618 4420/5541/5638 4419/5538/5635
f 4403/5522/5620 4422/5543/5640 4420/5541/5638
f 4405/5524/5622 4424/6713/5642 4422/5543/5640
f 4407/5526/5624 4426/5548/5644 4424/5545/5642
f 4409/5529/5626 4428/6272/6317 4426/5548/5644
f 4409/5529/5626 4391/5511/5609 4412/5550/5646
f 4411/5531/5628 4410/5533/5630 4433/5552/5648
f 4410/5533/5630 4414/5535/5632 4435/5554/5650
f 4414/5535/5632 4416/5537/5634 4437/5556/5652
f 4416/5537/5634 4418/5539/5636 4439/5558/5654
f 4421/5540/5637 4440/5561/5657 4439/5558/5654
f 4423/5542/5639 4442/5563/5659 4440/5561/5657
f 4425/5544/5641 4444/6714/5661 4442/5563/5659
f 4427/5546/5643 4446/5568/5663 4444/5565/5661
f 4429/5549/5645 4448/6273/6318 4446/5568/5663
f 4429/5549/5645 4411/5531/5628 4432/5570/5665
f 4431/5551/5647 4430/5553/5649 4453/5572/5667
f 4430/5553/5649 4434/5555/5651 4455/5574/5669
f 4434/5555/5651 4436/5557/5653 4457/5576/5671
f 4436/5557/5653 4438/5559/5655 4459/5578/5673
f 4441/5560/5656 4460/5581/5676 4459/5578/5673
f 4443/5562/5658 4462/5583/5678 4460/5581/5676
f 4445/5564/5660 4464/6715/5680 4462/5583/5678
f 4447/5566/5662 4466/5588/5682 4464/5585/5680
f 4449/5569/5664 4468/6274/6319 4466/5588/5682
f 4449/5569/5664 4431/5551/5647 4452/5590/5684
f 4451/5571/5666 4450/5573/5668 4473/5592/5686
f 4450/5573/5668 4454/5575/5670 4475/5594/5688
f 4454/5575/5670 4456/5577/5672 4477/5596/5690
f 4456/5577/5672 4458/5579/5674 4479/5598/5692
f 4461/5580/5675 4480/5601/5695 4479/5598/5692
f 4463/5582/5677 4482/5603/5697 4480/5601/5695
f 4465/5584/5679 4484/6716/5699 4482/5603/5697
f 4467/5586/5681 4486/5608/5701 4484/5605/5699
f 4469/5589/5683 4488/6275/6320 4486/5608/5701
f 4469/5589/5683 4451/5571/5666 4472/5610/5703
f 4471/5591/5685 4470/5593/5687 4493/5612/5705
f 4470/5593/5687 4474/5595/5689 4495/5614/5707
f 4474/5595/5689 4476/5597/5691 4497/5616/5709
f 4476/5597/5691 4478/5599/5693 4499/5618/5711
f 4481/5600/5694 4500/5621/5714 4499/5618/5711
f 4483/5602/5696 4502/5623/5716 4500/5621/5714
f 4485/5604/5698 4504/6717/5718 4502/5623/5716
f 4487/5606/5700 4506/5628/5720 4504/5625/5718
f 4489/5609/5702 4508/6276/6321 4506/5628/5720
f 4489/5609/5702 4471/5591/5685 4492/5630/5722
f 4491/5611/5704 4490/5613/5706 4513/5632/5724
f 4490/5613/5706 4494/5615/5708 4515/5634/5726
f 4494/5615/5708 4496/5617/5710 4517/5636/5728
f 4496/5617/5710 4498/5619/5712 4519/5638/5730
f 4501/5620/5713 4520/5641/5733 4519/5638/5730
f 4503/5622/5715 4522/5643/5735 4520/5641/5733
f 4505/5624/5717 4524/6718/5737 4522/5643/5735
f 4507/5626/5719 4526/5648/5739 4524/5645/5737
f 4509/5629/5721 4528/6277/6322 4526/5648/5739
f 4509/5629/5721 4491/5611/5704 4512/5650/5741
f 4511/5631/5723 4510/5633/5725 4533/5652/5743
f 4510/5633/5725 4514/5635/5727 4535/5654/5745
f 4514/5635/5727 4516/5637/5729 4537/5656/5747
f 4516/5637/5729 4518/5639/5731 4539/5658/5749
f 4521/5640/5732 4540/5661/5752 4539/5658/5749
f 4523/5642/5734 4542/5663/5754 4540/5661/5752
f 4525/5644/5736 4544/6719/5756 4542/5663/5754
f 4527/5646/5738 4546/5668/5758 4544/5665/5756
f 4529/5649/5740 4548/6278/6323 4546/5668/5758
f 4529/5649/5740 4511/5631/5723 4532/5670/5760
f 4531/5651/5742 4530/5653/5744 4553/5672/5762
f 4530/5653/5744 4534/5655/5746 4555/5674/5764
f 4534/5655/5746 4536/5657/5748 4557/5676/5766
f 4536/5657/5748 4538/5659/5750 4559/5678/5768
f 4541/5660/5751 4560/5681/5771 4559/5678/5768
f 4543/5662/5753 4562/5683/5773 4560/5681/5771
f 4545/5664/5755 4564/6720/5775 4562/5683/5773
f 4547/5666/5757 4566/5688/5777 4564/5685/5775
f 4549/5669/5759 4568/6279/6324 4566/5688/5777
f 4549/5669/5759 4531/5651/5742 4552/5690/5779
f 4551/5671/5761 4550/5673/5763 4573/5692/5781
f 4550/5673/5763 4554/5675/5765 4575/5694/5783
f 4554/5675/5765 4556/5677/5767 4577/5696/5785
f 4556/5677/5767 4558/5679/5769 4579/5698/5787
f 4561/5680/5770 4580/5701/5790 4579/5698/5787
f 4563/5682/5772 4582/5703/5792 4580/5701/5790
f 4565/5684/5774 4584/6721/5794 4582/5703/5792
f 4567/5686/5776 4586/5708/5796 4584/5705/5794
f 4569/5689/5778 4588/6280/6325 4586/5708/5796
f 4569/5689/5778 4551/5671/5761 4572/5710/5797
f 4571/5691/5780 4570/5693/5782 4593/5712/5799
f 4570/5693/5782 4574/5695/5784 4595/5714/5801
f 4574/5695/5784 4576/5697/5786 4597/5716/5803
f 4576/5697/5786 4578/5699/5788 4599/5718/5805
f 4581/5700/5789 4600/5721/5808 4599/5718/5805
f 4583/5702/5791 4602/5723/5810 4600/5721/5808
f 4585/5704/5793 4604/6722/5812 4602/5723/5810
f 4587/5706/5795 4606/5728/5814 4604/5725/5812
f 4589/5709/5484 4608/6281/6326 4606/5728/5814
f 4589/5709/5484 4571/5691/5780 4592/5730/5816
f 4591/5711/5798 4590/5713/5800 4613/5732/5818
f 4590/5713/5800 4594/5715/5802 4615/5734/5820
f 4594/5715/5802 4596/5717/5804 4617/5736/5822
f 4596/5717/5804 4598/5719/5806 4619/5738/5824
f 4601/5720/5807 4620/5741/5827 4619/5738/5824
f 4603/5722/5809 4622/5743/5829 4620/5741/5827
f 4605/5724/5811 4624/6723/5831 4622/5743/5829
f 4607/5726/5813 4626/5748/5833 4624/5745/5831
f 4609/5729/5815 4628/6282/6327 4626/5748/5833
f 4609/5729/5815 4591/5711/5798 4612/5750/5835
f 4611/5731/5817 4610/5733/5819 4633/5752/5837
f 4610/5733/5819 4614/5735/5821 4635/5754/5839
f 4614/5735/5821 4616/5737/5823 4637/5756/5841
f 4616/5737/5823 4618/5739/5825 4639/5758/5843
f 4621/5740/5826 4640/5761/5846 4639/5758/5843
f 4623/5742/5828 4642/5763/5848 4640/5761/5846
f 4625/5744/5830 4644/6724/5850 4642/5763/5848
f 4627/5746/5832 4646/5768/5852 4644/5765/5850
f 4629/5749/5834 4648/6283/6328 4646/5768/5852
f 4629/5749/5834 4611/5731/5817 4632/5770/5854
f 4631/5751/5836 4630/5753/5838 4653/5772/5856
f 4630/5753/5838 4634/5755/5840 4655/5774/5858
f 4634/5755/5840 4636/5757/5842 4657/5776/5860
f 4636/5757/5842 4638/5759/5844 4659/5778/5862
f 4641/5760/5845 4660/5781/5865 4659/5778/5862
f 4643/5762/5847 4662/5783/5867 4660/5781/5865
f 4645/5764/5849 4664/6725/5869 4662/5783/5867
f 4647/5766/5851 4666/5788/5871 4664/5785/5869
f 4649/5769/5853 4668/6284/6329 4666/5788/5871
f 4649/5769/5853 4631/5751/5836 4652/5790/5873
f 4651/5771/5855 4650/5773/5857 4673/5792/5875
f 4650/5773/5857 4654/5775/5859 4675/5794/5877
f 4654/5775/5859 4656/5777/5861 4677/5796/5879
f 4656/5777/5861 4658/5779/5863 4679/5798/5881
f 4661/5780/5864 4680/5801/5884 4679/5798/5881
f 4663/5782/5866 4682/5803/5886 4680/5801/5884
f 4665/5784/5868 4684/6726/5888 4682/5803/5886
f 4667/5786/5870 4686/5808/5890 4684/5805/5888
f 4669/5789/5872 4688/6285/6330 4686/5808/5890
f 4669/5789/5872 4651/5771/5855 4672/5810/5892
f 4671/5791/5874 4670/5793/5876 4693/5812/5894
f 4670/5793/5876 4674/5795/5878 4695/5814/5896
f 4674/5795/5878 4676/5797/5880 4697/5816/5898
f 4676/5797/5880 4678/5799/5882 4699/5818/5900
f 4681/5800/5883 4700/5821/5902 4699/5818/5900
f 4683/5802/5885 4702/5823/5904 4700/5821/5902
f 4685/5804/5887 4704/6727/5906 4702/5823/5904
f 4687/5806/5889 4706/5828/5908 4704/5825/5906
f 4689/5809/5891 4708/6286/6331 4706/5828/5908
f 4689/5809/5891 4671/5791/5874 4692/5830/5910
f 4691/5811/5893 4690/5813/5895 4713/5832/5912
f 4690/5813/5895 4694/5815/5897 4715/5834/5914
f 4694/5815/5897 4696/5817/5899 4717/5836/5916
f 4696/5817/5899 4698/5819/5607 4719/5838/5918
f 4701/5820/5901 4720/5841/5921 4719/5838/5918
f 4703/5822/5903 4722/5843/5923 4720/5841/5921
f 4705/5824/5905 4724/6728/5925 4722/5843/5923
f 4707/5826/5907 4726/5848/5927 4724/5845/5925
f 4709/5829/5909 4728/6287/6332 4726/5848/5927
f 4709/5829/5909 4691/5811/5893 4712/5850/5929
f 4711/5831/5911 4710/5833/5913 4733/5852/5931
f 4710/5833/5913 4714/5835/5915 4735/5854/5933
f 4714/5835/5915 4716/5837/5917 4737/5856/5935
f 4716/5837/5917 4718/5839/5919 4739/5858/5937
f 4721/5840/5920 4740/5861/5940 4739/5858/5937
f 4723/5842/5922 4742/5863/5942 4740/5861/5940
f 4725/5844/5924 4744/6729/5944 4742/5863/5942
f 4727/5846/5926 4746/5868/5946 4744/5865/5944
f 4729/5849/5928 4748/6288/6333 4746/5868/5946
f 4729/5849/5928 4711/5831/5911 4732/5870/5948
f 4731/5851/5930 4730/5853/5932 4753/5872/5950
f 4730/5853/5932 4734/5855/5934 4755/5874/5952
f 4734/5855/5934 4736/5857/5936 4757/5876/5954
f 4736/5857/5936 4738/5859/5938 4759/5878/5956
f 4741/5860/5939 4760/5881/5959 4759/5878/5956
f 4743/5862/5941 4762/5883/5961 4760/5881/5959
f 4745/5864/5943 4764/6730/5963 4762/5883/5961
f 4747/5866/5945 4766/5888/5965 4764/5885/5963
f 4749/5869/5947 4768/6289/6334 4766/5888/5965
f 4749/5869/5947 4731/5851/5930 4752/5890/5967
f 4751/5871/5949 4750/5873/5951 4773/5892/5969
f 4750/5873/5951 4754/5875/5953 4775/5894/5971
f 4754/5875/5953 4756/5877/5955 4777/5896/5973
f 4756/5877/5955 4758/5879/5957 4779/5898/5975
f 4761/5880/5958 4780/5901/5978 4779/5898/5975
f 4763/5882/5960 4782/5903/5980 4780/5901/5978
f 4765/5884/5962 4784/6731/5982 4782/5903/5980
f 4767/5886/5964 4786/5908/5984 4784/5905/5982
f 4769/5889/5966 4788/6290/6335 4786/5908/5984
f 4769/5889/5966 4751/5871/5949 4772/5910/5986
f 4771/5891/5968 4770/5893/5970 4793/5912/5988
f 4770/5893/5970 4774/5895/5972 4795/5914/5990
f 4774/5895/5972 4776/5897/5974 4797/5916/5992
f 4776/5897/5974 4778/5899/5976 4799/5918/5994
f 4781/5900/5977 4800/5921/5997 4799/5918/5994
f 4783/5902/5979 4802/5923/5999 4800/5921/5997
f 4785/5904/5981 4804/6732/6001 4802/5923/5999
f 4787/5906/5983 4806/5928/6003 4804/5925/6001
f 4789/5909/5985 4808/6291/6336 4806/5928/6003
f 4789/5909/5985 4771/5891/5968 4792/5930/6005
f 4791/5911/5987 4790/5913/5989 4813/5932/6007
f 4790/5913/5989 4794/5915/5991 4815/5934/6009
f 4794/5915/5991 4796/5917/5993 4817/5936/6011
f 4796/5917/5993 4798/5919/5995 4819/5938/6013
f 4801/5920/5996 4820/5941/6016 4819/5938/6013
f 4803/5922/5998 4822/5943/6018 4820/5941/6016
f 4805/5924/6000 4824/6733/6020 4822/5943/6018
f 4807/5926/6002 4826/5948/6022 4824/5945/6020
f 4809/5929/6004 4828/6292/6337 4826/5948/6022
f 4809/5929/6004 4791/5911/5987 4812/5950/6024
f 4811/5931/6006 4810/5933/6008 4833/5952/6026
f 4810/5933/6008 4814/5935/6010 4835/5954/6028
f 4814/5935/6010 4816/5937/6012 4837/5956/6030
f 4816/5937/6012 4818/5939/6014 4839/5958/6032
f 4821/5940/6015 4840/5961/6035 4839/5958/6032
f 4823/5942/6017 4842/5963/6037 4840/5961/6035
f 4825/5944/6019 4844/6734/6039 4842/5963/6037
f 4827/5946/6021 4846/5968/6041 4844/5965/6039
f 4829/5949/6023 4848/6293/5730 4846/5968/6041
f 4829/5949/6023 4811/5931/6006 4832/5970/6043
f 4831/5951/6025 4830/5953/6027 4853/5972/6045
f 4830/5953/6027 4834/5955/6029 4855/5974/6047
f 4834/5955/6029 4836/5957/6031 4857/5976/6049
f 4836/5957/6031 4838/5959/6033 4859/5978/6051
f 4841/5960/6034 4860/5981/6054 4859/5978/6051
f 4843/5962/6036 4862/5983/6056 4860/5981/6054
f 4845/5964/6038 4864/6735/6058 4862/5983/6056
f 4847/5966/6040 4866/5988/6060 4864/5985/6058
f 4849/5969/6042 4868/6294/6338 4866/5988/6060
f 4849/5969/6042 4831/5951/6025 4852/5990/6062
f 4851/5971/6044 4850/5973/6046 4873/5992/6063
f 4850/5973/6046 4854/5975/6048 4875/5994/6065
f 4854/5975/6048 4856/5977/6050 4877/5996/6067
f 4856/5977/6050 4858/5979/6052 4879/5998/6069
f 4861/5980/6053 4880/6001/6072 4879/5998/6069
f 4863/5982/6055 4882/6003/6074 4880/6001/6072
f 4865/5984/6057 4884/6736/6076 4882/6003/6074
f 4867/5986/6059 4886/6008/6078 4884/6005/6076
f 4869/5989/6061 4888/6295/6339 4886/6008/6078
f 4869/5989/6061 4851/5971/6044 4872/6010/6080
f 4871/5991/5457 4870/5993/6064 4893/6012/6082
f 4870/5993/6064 4874/5995/6066 4895/6014/6084
f 4874/5995/6066 4876/5997/6068 4897/6016/6086
f 4876/5997/6068 4878/5999/6070 4899/6018/6088
f 4881/6000/6071 4900/6021/6090 4899/6018/6088
f 4883/6002/6073 4902/6023/6092 4900/6021/6090
f 4885/6004/6075 4904/6737/6094 4902/6023/6092
f 4887/6006/6077 4906/6028/6096 4904/6025/6094
f 4889/6009/6079 4908/6296/6340 4906/6028/6096
f 4889/6009/6079 4871/5991/5457 4892/6030/6098
f 4891/6011/6081 4890/6013/6083 4913/6032/6099
f 4890/6013/6083 4894/6015/6085 4915/6034/6101
f 4894/6015/6085 4896/6017/6087 4917/6036/6103
f 4896/6017/6087 4898/6019/5484 4919/6038/6105
f 4901/6020/6089 4920/6041/5505 4919/6038/6105
f 4903/6022/6091 4922/6043/6109 4920/6041/5505
f 4905/6024/6093 4924/6738/5509 4922/6043/6109
f 4907/6026/6095 4926/6048/6112 4924/6045/5509
f 4909/6029/6097 4928/6297/6341 4926/6048/6112
f 4909/6029/6097 4891/6011/6081 4912/6050/6114
f 4911/6031/5495 4910/6033/6100 4933/6052/6116
f 4910/6033/6100 4914/6035/6102 4935/6054/6118
f 4914/6035/6102 4916/6037/6104 4937/6056/6120
f 4916/6037/6104 4918/6039/6106 4939/6058/6121
f 4921/6040/6107 4940/6061/6124 4939/6058/6121
f 4923/6042/6108 4942/6063/6126 4940/6061/6124
f 4925/6044/6110 4944/6739/6128 4942/6063/6126
f 4927/6046/6111 4946/6068/6130 4944/6065/6128
f 4929/6049/6113 4948/6298/6342 4946/6068/6130
f 4929/6049/6113 4911/6031/5495 4932/6070/6132
f 4931/6051/6115 4930/6053/6117 4953/6072/6134
f 4930/6053/6117 4934/6055/6119 4955/6074/6136
f 4934/6055/6119 4936/6057/5520 4957/6076/5538
f 4936/6057/5520 4938/6059/6122 4959/6078/6139
f 4941/6060/6123 4960/6081/6141 4959/6078/6139
f 4943/6062/6125 4962/6083/6143 4960/6081/6141
f 4945/6064/6127 4964/6740/6145 4962/6083/6143
f 4947/6066/6129 4966/6088/6146 4964/6085/6145
f 4949/6069/6131 4968/6299/6343 4966/6088/6146
f 4949/6069/6131 4931/6051/6115 4952/6090/6148
f 4951/6071/6133 4950/6073/6135 4973/6092/6150
f 4950/6073/6135 4954/6075/6137 4975/6094/6152
f 4954/6075/6137 4956/6077/6138 4977/6096/6154
f 4956/6077/6138 4958/6079/6140 4979/6098/6155
f 4961/6080/5542 4980/6101/6158 4979/6098/6155
f 4963/6082/6142 4982/6103/6160 4980/6101/6158
f 4965/6084/6144 4984/6741/6162 4982/6103/6160
f 4967/6086/5548 4986/6108/6164 4984/6105/6162
f 4969/6089/6147 4988/6300/6344 4986/6108/6164
f 4969/6089/6147 4951/6071/6133 4972/6110/6166
f 4971/6091/6149 4970/6093/6151 4993/6112/6168
f 4970/6093/6151 4974/6095/6153 4995/6114/6170
f 4974/6095/6153 4976/6097/5558 4997/6116/6172
f 4976/6097/5558 4978/6099/6156 4999/6118/6174
f 4981/6100/6157 5000/6121/6177 4999/6118/6174
f 4983/6102/6159 5002/6123/6179 5000/6121/6177
f 4985/6104/6161 5004/6742/6181 5002/6123/6179
f 4987/6106/6163 5006/6128/6182 5004/6125/6181
f 4989/6109/6165 5008/6301/6345 5006/6128/6182
f 4989/6109/6165 4971/6091/6149 4992/6130/6184
f 4991/6111/6167 4990/6113/6169 5013/6132/6186
f 4990/6113/6169 4994/6115/6171 5015/6134/6187
f 4994/6115/6171 4996/6117/6173 5017/6136/6189
f 4996/6117/6173 4998/6119/6175 5019/6138/6191
f 5001/6120/6176 5020/6141/6194 5019/6138/6191
f 5003/6122/6178 5022/6143/6196 5020/6141/6194
f 5005/6124/6180 5024/6743/6198 5022/6143/6196
f 5007/6126/5586 5026/6148/6200 5024/6145/6198
f 5009/6129/6183 5028/6302/6346 5026/6148/6200
f 5009/6129/6183 4991/6111/6167 5012/6150/6202
f 5011/6131/6185 5010/6133/5592 5033/6152/6204
f 5010/6133/5592 5014/6135/6188 5035/6154/6206
f 5014/6135/6188 5016/6137/6190 5037/6156/6208
f 5016/6137/6190 5018/6139/6192 5039/6158/6210
f 5021/6140/6193 5040/6161/6213 5039/6158/6210
f 5023/6142/6195 5042/6163/6215 5040/6161/6213
f 5025/6144/6197 5044/6744/6217 5042/6163/6215
f 5027/6146/6199 5046/6168/6218 5044/6165/6217
f 5029/6149/6201 5048/6303/6347 5046/6168/6218
f 5029/6149/6201 5011/6131/6185 5032/6170/6220
f 5031/6151/6203 5030/6153/6205 5053/6172/6222
f 5030/6153/6205 5034/6155/6207 5055/6174/6224
f 5034/6155/6207 5036/6157/6209 5057/6176/6226
f 5036/6157/6209 5038/6159/6211 5059/6178/6228
f 5041/6160/6212 5060/6181/6231 5059/6178/6228
f 5043/6162/6214 5062/6183/6233 5060/6181/6231
f 5045/6164/6216 5064/6745/6235 5062/6183/6233
f 5047/6166/5624 5066/6188/6237 5064/6185/6235
f 5049/6169/6219 5068/6304/6348 5066/6188/6237
f 5049/6169/6219 5031/6151/6203 5052/6190/6239
f 5051/6171/6221 5050/6173/6223 5073/6192/6241
f 5050/6173/6223 5054/6175/6225 5075/6194/6243
f 5054/6175/6225 5056/6177/6227 5077/6196/6245
f 5056/6177/6227 5058/6179/6229 5079/6198/6247
f 5061/6180/6230 5080/6201/6250 5079/6198/6247
f 5063/6182/6232 5082/6203/6252 5080/6201/6250
f 5065/6184/6234 5084/6746/6254 5082/6203/6252
f 5067/6186/6236 5086/6208/6256 5084/6205/6254
f 5069/6189/6238 5088/6305/6349 5086/6208/6256
f 5069/6189/6238 5051/6171/6221 5072/6210/6258
f 5071/6191/6240 5070/6193/6242 5093/6213/6261
f 5070/6193/6242 5074/6195/6244 5095/6214/6262
f 5074/6195/6244 5076/6197/6246 5097/6216/6264
f 5076/6197/6246 5078/6199/6248 5099/6218/6266
f 5078/6199/6248 5081/6200/6249 5100/6221/6269
f 5081/6200/6249 5083/6202/6251 5102/6223/6271
f 5085/6204/6253 5104/6747/6273 5102/6223/6271
f 5085/6207/6253 5087/6206/6255 5106/6228/6275
f 5087/6206/6255 5089/6209/6257 5108/6231/6278
f 5089/6209/6257 5071/6191/6240 5092/6212/6260
f 5141/6306/6350 5131/6252/6298 5130/6253/6299
f 5140/6307/6351 5130/6253/6299 5139/6261/6306
f 5142/6308/6352 5139/6261/6306 5138/6260/6305
f 5144/6310/6354 5143/6309/6353 5138/6260/6305
f 5145/6312/6355 5144/6748/6354 5137/6258/6304
f 5146/6313/6356 5145/6312/6355 5136/6257/6303
f 5147/6315/6358 5146/6313/6356 5135/6314/6357
f 5148/6316/6359 5147/6315/6358 5134/6256/6302
f 5149/6317/6360 5148/6316/6359 5133/6255/6301
f 5149/6317/6360 5132/6254/6300 5131/6252/6298
f 5110/6233/6280 5111/6232/6279 5150/6318/6361
f 5111/6232/6279 5112/6234/6281 5152/6320/6363
f 5112/6234/6281 5113/6235/6282 5153/6321/6364
f 5113/6235/6282 5114/6236/6283 5154/6322/6365
f 5115/6237/6284 5155/6323/6366 5154/6322/6365
f 5116/6238/6285 5156/6324/6367 5155/6323/6366
f 5117/6239/6286 5157/6749/6368 5156/6324/6367
f 5118/6241/6287 5158/6326/6369 5157/6325/6368
f 5119/6242/6288 5159/6327/6370 5158/6326/6369
f 5119/6242/6288 5110/6233/6280 5151/6319/6362
f 5140/6328/6371 4180/5302/5410 4189/5309/5417
f 5142/6330/6373 4181/5300/5408 4180/5302/5410
f 5142/6330/6373 5143/6331/6374 4182/5304/5412
f 5143/6331/6374 5144/6332/6375 4184/5303/5411
f 5144/6332/6375 5145/6334/6377 4185/5306/5414
f 5146/6333/6376 4186/5305/5413 4185/5306/5414
f 5147/6335/6378 4187/5307/5415 4186/5305/5413
f 5147/6335/6378 5148/6336/6379 4188/5308/5416
f 5148/6336/6379 5149/6337/6380 4183/5301/5409
f 5149/6337/6380 5141/6329/6372 4189/5309/5417
f 5150/6338/6381 5120/6245/6291 5129/6251/6297
f 5150/6338/6381 5152/6340/6383 5121/6243/6289
f 5152/6340/6383 5153/6342/6385 5122/6247/6293
f 5154/6341/6384 5124/6246/6292 5122/6247/6293
f 5155/6343/6386 5125/6248/6294 5124/6246/6292
f 5156/6344/6387 5126/6346/6389 5125/6248/6294
f 5157/6345/6388 5127/6249/6295 5126/6346/6389
f 5157/6345/6388 5158/6347/6390 5128/6250/6296
f 5158/6347/6390 5159/6348/6391 5123/6244/6290
f 5159/6348/6391 5151/6339/6382 5129/6251/6297
f 5160/6349/6392 5161/6352/6395 5162/6350/6393
f 5161/6352/6395 5164/6355/6398 5165/6353/6396
f 5166/6354/6397 5167/6356/6399 5165/6353/6396
f 5167/6356/6399 5166/6354/6397 5168/6357/6400
f 5169/6358/6401 5168/6357/6400 5170/6359/6402
f 5171/6360/6403 5170/6359/6402 5172/6361/6404
f 5174/6363/6406 5175/6561/6602 5176/6364/6407
f 5160/6349/6392 5178/6373/6416 5179/6366/6409
f 5180/6367/6410 5164/6355/6398 5161/6352/6395
f 5166/6354/6397 5164/6355/6398 5180/6367/6410
f 5168/6357/6400 5166/6354/6397 5181/6368/6411
f 5170/6359/6402 5168/6357/6400 5182/6369/6412
f 5183/6370/6413 5184/6379/6422 5172/6361/6404
f 5186/6371/6414 5175/6561/6602 5174/6363/6406
f 5178/6373/6416 5187/6382/6425 5188/6374/6417
f 5189/6375/6418 5180/6367/6410 5179/6366/6409
f 5181/6368/6411 5180/6367/6410 5189/6375/6418
f 5182/6369/6412 5181/6368/6411 5190/6376/6419
f 5183/6370/6413 5182/6369/6412 5191/6377/6420
f 5192/6378/6421 5193/6569/6608 5184/6379/6422
f 5185/6372/6415 5194/6390/6433 5195/6380/6423
f 5197/6381/6424 5188/6374/6417 5187/6382/6425
f 5198/6384/6427 5189/6375/6418 5188/6374/6417
f 5199/6385/6428 5190/6376/6419 5189/6375/6418
f 5200/6386/6429 5191/6377/6420 5190/6376/6419
f 5201/6387/6430 5192/6378/6421 5191/6377/6420
f 5202/6388/6431 5193/6569/6608 5192/6378/6421
f 5203/6389/6432 5204/6398/6441 5195/6380/6423
f 5205/6391/6434 5206/6392/6435 5197/6381/6424
f 5206/6392/6435 5207/6393/6436 5198/6384/6427
f 5207/6393/6436 5208/6402/6445 5199/6385/6428
f 5199/6385/6428 5208/6402/6445 5209/6394/6437
f 5200/6386/6429 5209/6394/6437 5210/6395/6438
f 5201/6387/6430 5210/6395/6438 5211/6396/6439
f 5203/6389/6432 5212/6408/6451 5213/6397/6440
f 5214/6399/6442 5215/6400/6443 5206/6392/6435
f 5215/6400/6443 5216/6401/6444 5207/6393/6436
f 5216/6401/6444 5217/6404/6447 5208/6402/6445
f 5218/6403/6446 5209/6394/6437 5208/6402/6445
f 5219/6405/6448 5210/6395/6438 5209/6394/6437
f 5210/6395/6438 5219/6405/6448 5220/6406/6449
f 5222/6407/6450 5213/6397/6440 5212/6408/6451
f 5223/6410/6453 5224/6413/6456 5225/6411/6454
f 5224/6413/6456 5227/6415/6458 5228/6414/6457
f 5227/6415/6458 5229/6417/6460 5230/6416/6459
f 5229/6417/6460 5231/6419/6462 5232/6418/6461
f 5231/6419/6462 5233/6552/6595 5234/6420/6463
f 5234/6420/6463 5233/6552/6595 5235/6421/6464
f 5238/6423/6466 5239/6554/6597 5240/6424/6467
f 5241/6426/6469 5242/6429/6472 5243/6427/6470
f 5242/6429/6472 5245/6431/6474 5246/6430/6473
f 5245/6431/6474 5247/6433/6476 5248/6432/6475
f 5247/6433/6476 5249/6435/6478 5250/6434/6477
f 5249/6435/6478 5251/6550/6593 5252/6436/6479
f 5252/6436/6479 5251/6550/6593 5253/6437/6480
f 5256/6439/6482 5257/6553/6596 5258/6440/6483
f 5259/6442/6485 5260/6445/6488 5261/6443/6486
f 5260/6445/6488 5263/6447/6490 5264/6446/6489
f 5263/6447/6490 5265/6449/6492 5266/6448/6491
f 5265/6449/6492 5267/6451/6494 5268/6450/6493
f 5267/6451/6494 5269/6545/6588 5270/6452/6495
f 5270/6452/6495 5269/6545/6588 5271/6453/6496
f 5274/6455/6498 5275/6551/6594 5276/6456/6499
f 5277/6458/6501 5278/6461/6504 5279/6459/6502
f 5278/6461/6504 5281/6463/6506 5282/6462/6505
f 5281/6463/6506 5283/6465/6508 5284/6464/6507
f 5283/6465/6508 5285/6467/6510 5286/6466/6509
f 5285/6467/6510 5287/6544/6587 5288/6468/6511
f 5288/6468/6511 5287/6544/6587 5289/6469/6512
f 5292/6471/6514 5293/6546/6589 5294/6472/6515
f 5295/6474/6517 5296/6477/6520 5297/6475/6518
f 5296/6477/6520 5299/6479/6522 5300/6478/6521
f 5299/6479/6522 5301/6482/6525 5302/6480/6523
f 5303/6481/6524 5304/6484/6527 5302/6480/6523
f 5305/6483/6526 5306/6485/6528 5304/6484/6527
f 5306/6485/6528 5305/6483/6526 5307/6486/6529
f 5309/6488/6531 5310/6543/6586 5311/6489/6532
f 5313/6491/6534 5314/6547/6590 5315/6492/6535
f 5316/6493/6536 5315/6492/6535 5317/6494/6537
f 5318/6495/6538 5317/6494/6537 5319/6496/6539
f 5321/6498/6541 5322/6500/6543 5320/6497/6540
f 5321/6498/6541 5323/6501/6544 5324/6499/6542
f 5323/6501/6544 5325/6548/6591 5326/6502/6545
f 5327/6503/6546 5328/6549/6592 5329/6504/6547
f 5331/6506/6549 5332/6510/6553 5333/6507/6550
f 5336/6509/6552 5333/6507/6550 5332/6510/6553
f 5338/6512/6555 5336/6509/6552 5335/6511/6554
f 5339/6514/6557 5340/6516/6559 5338/6512/6555
f 5341/6515/6558 5342/6518/6561 5340/6516/6559
f 5343/6517/6560 5344/6586/6609 5342/6518/6561
f 5346/6519/6562 5347/6595/6615 5348/6520/6563
f 5349/6522/6565 5350/6523/6566 5332/6510/6553
f 5350/6523/6566 5351/6524/6567 5335/6511/6554
f 5351/6524/6567 5352/6526/6569 5337/6513/6556
f 5353/6525/6568 5339/6514/6557 5337/6513/6556
f 5339/6514/6557 5353/6525/6568 5354/6527/6570
f 5341/6515/6558 5354/6527/6570 5355/6528/6571
f 5346/6519/6562 5345/6521/6564 5356/6529/6572
f 5359/6531/6574 5360/6534/6577 5361/6532/6575
f 5360/6534/6577 5362/6750/6705 5363/6535/6578
f 5366/6537/6580 5367/6540/6583 5368/6538/6581
f 5367/6540/6583 5369/6751/6706 5370/6541/6584
f 5295/6474/6517 5313/6491/6534 5316/6493/6536
f 5318/6495/6538 5299/6479/6522 5296/6477/6520
f 5320/6497/6540 5301/6482/6525 5299/6479/6522
f 5301/6482/6525 5320/6497/6540 5322/6500/6543
f 5322/6500/6543 5324/6499/6542 5305/6483/6526
f 5324/6499/6542 5326/6502/6545 5307/6486/6529
f 5330/6505/6548 5329/6504/6547 5310/6543/6586
f 5277/6458/6501 5298/6476/6519 5297/6475/6518
f 5300/6478/6521 5281/6463/6506 5278/6461/6504
f 5302/6480/6523 5283/6465/6508 5281/6463/6506
f 5302/6480/6523 5304/6484/6527 5285/6467/6510
f 5304/6484/6527 5306/6485/6528 5287/6544/6587
f 5306/6485/6528 5308/6487/6530 5289/6469/6512
f 5311/6489/6532 5292/6471/6514 5291/6473/6516
f 5259/6442/6485 5280/6460/6503 5279/6459/6502
f 5279/6459/6502 5282/6462/6505 5263/6447/6490
f 5282/6462/6505 5284/6464/6507 5265/6449/6492
f 5284/6464/6507 5286/6466/6509 5267/6451/6494
f 5286/6466/6509 5288/6468/6511 5269/6545/6588
f 5288/6468/6511 5290/6470/6513 5271/6453/6496
f 5293/6546/6589 5274/6455/6498 5273/6457/6500
f 5314/6547/6590 5334/6508/6551 5333/6507/6550
f 5315/6492/6535 5333/6507/6550 5336/6509/6552
f 5317/6494/6537 5336/6509/6552 5338/6512/6555
f 5338/6512/6555 5340/6516/6559 5321/6498/6541
f 5340/6516/6559 5342/6518/6561 5323/6501/6544
f 5342/6518/6561 5344/6586/6609 5325/6548/6591
f 5348/6520/6563 5347/6595/6615 5328/6549/6592
f 5241/6426/6469 5262/6444/6487 5261/6443/6486
f 5261/6443/6486 5264/6446/6489 5245/6431/6474
f 5264/6446/6489 5266/6448/6491 5247/6433/6476
f 5266/6448/6491 5268/6450/6493 5249/6435/6478
f 5268/6450/6493 5270/6452/6495 5251/6550/6593
f 5270/6452/6495 5272/6454/6497 5253/6437/6480
f 5275/6551/6594 5256/6439/6482 5255/6441/6484
f 5223/6410/6453 5244/6428/6471 5243/6427/6470
f 5243/6427/6470 5246/6430/6473 5227/6415/6458
f 5246/6430/6473 5248/6432/6475 5229/6417/6460
f 5248/6432/6475 5250/6434/6477 5231/6419/6462
f 5250/6434/6477 5252/6436/6479 5233/6552/6595
f 5252/6436/6479 5254/6438/6481 5235/6421/6464
f 5257/6553/6596 5238/6423/6466 5237/6425/6468
f 5226/6412/6455 5225/6411/6454 5215/6400/6443
f 5225/6411/6454 5228/6414/6457 5216/6401/6444
f 5228/6414/6457 5230/6416/6459 5217/6404/6447
f 5230/6416/6459 5232/6418/6461 5218/6403/6446
f 5218/6403/6446 5232/6418/6461 5234/6420/6463
f 5219/6405/6448 5234/6420/6463 5236/6422/6465
f 5239/6554/6597 5222/6407/6450 5221/6409/6452
f 5163/6351/6394 5176/6364/6407 5175/6561/6602
f 5162/6350/6393 5364/6562/6603 5361/6555/6598
f 5165/6353/6396 5358/6563/6604 5364/6562/6603
f 5167/6356/6399 5359/6565/6606 5358/6563/6604
f 5167/6356/6399 5169/6358/6401 5360/6564/6605
f 5169/6358/6401 5171/6360/6403 5362/6566/6607
f 5173/6362/6405 5172/6361/6404 5174/6567/6406
f 5171/6360/6403 5173/6362/6405 5363/6557/6599
f 5176/6364/6407 5361/6555/6598 5363/6568/6599
f 5178/6373/6416 5160/6349/6392 5175/6561/6602
f 5184/6379/6422 5185/6570/6415 5174/6567/6406
f 5187/6382/6425 5178/6373/6416 5186/6371/6414
f 5193/6569/6608 5194/6571/6433 5185/6570/6415
f 5196/6383/6426 5187/6382/6425 5195/6380/6423
f 5202/6388/6431 5203/6573/6432 5194/6571/6433
f 5196/6383/6426 5204/6398/6441 5213/6397/6440
f 5202/6388/6431 5211/6396/6439 5212/6572/6451
f 5205/6391/6434 5213/6397/6440 5222/6407/6450
f 5211/6396/6439 5220/6406/6449 5221/6574/6452
f 5223/6410/6453 5226/6412/6455 5239/6554/6597
f 5236/6422/6465 5235/6421/6464 5237/6575/6468
f 5241/6426/6469 5244/6428/6471 5257/6553/6596
f 5254/6438/6481 5253/6437/6480 5255/6577/6484
f 5259/6442/6485 5262/6444/6487 5275/6551/6594
f 5272/6454/6497 5271/6453/6496 5273/6579/6500
f 5277/6458/6501 5280/6460/6503 5293/6546/6589
f 5290/6470/6513 5289/6469/6512 5291/6581/6516
f 5298/6476/6519 5311/6489/6532 5310/6543/6586
f 5308/6487/6530 5307/6486/6529 5309/6583/6531
f 5314/6547/6590 5313/6491/6534 5329/6504/6547
f 5325/6548/6591 5327/6596/6546 5330/6585/6548
f 5334/6508/6551 5347/6595/6615 5346/6519/6562
f 5344/6586/6609 5343/6517/6560 5345/6587/6564
f 5331/6506/6549 5346/6519/6562 5357/6530/6573
f 5350/6523/6566 5349/6522/6565 5366/6558/6600
f 5351/6524/6567 5350/6523/6566 5365/6589/6610
f 5352/6526/6569 5351/6524/6567 5371/6590/6611
f 5352/6526/6569 5368/6591/6612 5370/6592/6613
f 5353/6525/6568 5370/6592/6613 5369/6593/6614
f 5354/6527/6570 5369/6593/6614 5367/6560/6601
f 5343/6517/6560 5355/6528/6571 5356/6559/6572
f 5357/6530/6573 5356/6529/6572 5367/6594/6601
f 5313/6491/6534 5295/6474/6517 5310/6543/6586
f 5326/6502/6545 5330/6585/6548 5309/6583/6531
f 5298/6476/6519 5277/6458/6501 5292/6471/6514
f 5308/6487/6530 5312/6584/6533 5291/6581/6516
f 5280/6460/6503 5259/6442/6485 5274/6455/6498
f 5294/6582/6515 5273/6579/6500 5271/6453/6496
f 5334/6508/6551 5314/6547/6590 5328/6549/6592
f 5344/6586/6609 5348/6588/6563 5327/6596/6546
f 5262/6444/6487 5241/6426/6469 5256/6439/6482
f 5276/6580/6499 5255/6577/6484 5253/6437/6480
f 5244/6428/6471 5223/6410/6453 5238/6423/6466
f 5258/6578/6483 5237/6575/6468 5235/6421/6464
f 5214/6399/6442 5222/6407/6450 5239/6554/6597
f 5240/6576/6467 5221/6574/6452 5220/6406/6449
