# Blender v2.79 (sub 0) OBJ File: ''
# www.blender.org
o Cube.004
v -0.000000 6.000220 -3.872462
v 0.679914 4.355865 -3.418160
v 0.000001 4.355865 -3.485122
v 0.000001 9.639955 -4.191521
v 0.802013 7.784429 -4.031994
v 0.000001 7.784430 -4.110981
v 0.000001 14.924041 -3.485120
v 0.578220 16.365314 -2.906904
v 0.679914 14.924041 -3.418158
v -0.000000 16.365314 -2.963853
v 0.454304 17.548141 -2.283941
v 0.755480 6.000220 -3.798056
v -0.000000 1.731763 -2.328685
v 0.312930 0.852841 -1.573207
v -0.000000 0.852841 -1.604026
v -0.000000 13.279698 -3.872461
v 0.755480 13.279698 -3.798054
v -0.000000 2.914593 -2.963855
v 0.454304 1.731763 -2.283942
v 0.578220 2.914593 -2.906906
v 0.000001 11.495479 -4.110981
v 0.802013 11.495479 -4.031993
v -0.000000 18.968304 -0.817724
v -0.000001 19.151054 0.000005
v 0.159530 18.968304 -0.802012
v -0.000000 18.427063 -1.604023
v 0.312930 18.427063 -1.573205
v 0.817726 9.639955 -4.110985
v -0.000000 17.548141 -2.328683
v -0.000000 0.128852 0.000001
v -0.000000 0.311606 -0.817725
v 0.159530 0.311606 -0.802014
v 1.604028 9.639955 -3.872463
v 0.613835 18.427063 -1.481927
v 0.891150 17.548141 -2.151425
v 0.312930 0.311606 -0.755481
v 1.573206 7.784429 -3.798056
v 1.481929 6.000220 -3.577690
v 1.134219 16.365314 -2.738244
v 0.613834 0.852841 -1.481928
v 1.333700 4.355865 -3.219837
v 1.333700 14.924041 -3.219835
v 1.481927 13.279698 -3.577688
v 0.891150 1.731763 -2.151427
v 1.134219 2.914593 -2.738246
v 1.573206 11.495477 -3.798055
v 0.312930 18.968304 -0.755478
v 2.283941 11.495477 -3.418159
v 2.328687 9.639955 -3.485125
v 0.891150 18.427063 -1.333698
v 1.293749 17.548141 -1.936231
v 0.454304 0.311606 -0.679914
v 2.283941 7.784429 -3.418159
v 1.646630 16.365314 -2.464355
v 1.293749 1.731763 -1.936233
v 0.891150 0.852841 -1.333701
v 2.151426 6.000220 -3.219836
v 1.936232 4.355865 -2.897776
v 1.936232 14.924040 -2.897774
v 1.646630 2.914593 -2.464357
v 2.151426 13.279698 -3.219835
v 0.454305 18.968304 -0.679912
v 2.095763 2.914593 -2.095763
v 2.738246 13.279697 -2.738244
v 0.578221 18.968304 -0.578218
v 2.906906 11.495476 -2.906904
v 2.963856 9.639955 -2.963854
v 1.134219 18.427063 -1.134217
v 0.578220 0.311606 -0.578220
v 2.906906 7.784429 -2.906905
v 1.646630 17.548141 -1.646628
v 2.095763 16.365314 -2.095761
v 2.738246 6.000220 -2.738245
v 2.464356 14.924040 -2.464355
v 1.134219 0.852841 -1.134218
v 1.646630 1.731763 -1.646630
v 2.464356 4.355865 -2.464357
v 2.897776 14.924040 -1.936230
v 1.936232 1.731763 -1.293749
v 1.333700 0.852841 -0.891150
v 3.219837 6.000220 -2.151426
v 2.897776 4.355865 -1.936231
v 3.219837 13.279697 -2.151425
v 2.464356 2.914593 -1.646630
v 0.679915 18.968304 -0.454302
v 3.418160 11.495476 -2.283940
v 1.333701 18.427063 -0.891148
v 0.679914 0.311606 -0.454304
v 3.485126 9.639954 -2.328685
v 3.418160 7.784429 -2.283941
v 1.936232 17.548141 -1.293748
v 2.464356 16.365314 -1.646628
v 3.872464 9.639954 -1.604026
v 3.798055 7.784429 -1.573205
v 3.577690 6.000220 -1.481927
v 2.738246 16.365314 -1.134216
v 2.151426 1.731763 -0.891150
v 1.481929 0.852841 -0.613834
v 3.219837 4.355864 -1.333700
v 3.219837 14.924040 -1.333699
v 3.577690 13.279697 -1.481926
v 2.738246 2.914593 -1.134218
v 3.798055 11.495478 -1.573204
v 0.755481 18.968304 -0.312928
v 1.481929 18.427063 -0.613832
v 2.151426 17.548141 -0.891148
v 0.755480 0.311606 -0.312931
v 0.802014 18.968304 -0.159528
v 1.573206 18.427063 -0.312928
v 2.283942 17.548141 -0.454302
v 0.802013 0.311605 -0.159531
v 4.110986 9.639954 -0.817724
v 4.031994 7.784429 -0.802011
v 2.906906 16.365314 -0.578218
v 1.573206 0.852840 -0.312931
v 3.798055 6.000219 -0.755480
v 3.418160 4.355864 -0.679914
v 3.418160 14.924040 -0.679912
v 2.906906 2.914592 -0.578220
v 2.283942 1.731763 -0.454304
v 3.798055 13.279697 -0.755479
v 4.031994 11.495478 -0.802011
v 3.872464 13.279697 0.000001
v 4.110985 11.495478 0.000002
v 4.191525 9.639954 0.000002
v 0.817727 18.968304 0.000003
v 1.604028 18.427063 0.000003
v 0.817726 0.311605 -0.000000
v 4.110985 7.784429 0.000002
v 2.328687 17.548141 0.000003
v 2.963856 16.365314 0.000003
v 3.872464 6.000219 0.000000
v 3.485126 14.924040 0.000003
v 1.604028 0.852840 -0.000000
v 2.328687 1.731763 0.000001
v 3.485126 4.355864 0.000001
v 2.963856 2.914592 0.000001
v 3.798055 13.279697 0.755482
v 2.906906 2.914592 0.578221
v 2.283941 1.731763 0.454305
v 0.802014 18.968304 0.159534
v 3.418160 4.355864 0.679916
v 4.031994 11.495478 0.802016
v 1.573206 18.427063 0.312933
v 0.802013 0.311605 0.159531
v 4.110986 9.639954 0.817728
v 4.031994 7.784429 0.802015
v 2.283942 17.548141 0.454307
v 1.573206 0.852840 0.312931
v 3.798055 6.000219 0.755481
v 2.906906 16.365314 0.578223
v 3.418160 14.924040 0.679917
v 1.481927 0.852840 0.613835
v 3.577690 6.000219 1.481929
v 3.219836 4.355864 1.333701
v 2.738246 16.365314 1.134221
v 3.219836 14.924040 1.333702
v 3.577690 13.279697 1.481930
v 2.151426 1.731763 0.891151
v 2.738246 2.914592 1.134219
v 3.798055 11.495478 1.573208
v 0.755481 18.968304 0.312933
v 1.481929 18.427063 0.613837
v 3.872464 9.639953 1.604028
v 2.151426 17.548141 0.891153
v 0.755480 0.311605 0.312931
v 3.798055 7.784428 1.573207
v 3.485126 9.639953 2.328689
v 3.418159 7.784428 2.283942
v 2.464356 16.365314 1.646632
v 1.333700 0.852840 0.891151
v 0.679914 0.311605 0.454305
v 3.219837 6.000219 2.151426
v 2.897776 4.355864 1.936232
v 2.897776 14.924040 1.936234
v 2.464356 2.914592 1.646630
v 1.936232 1.731763 1.293749
v 3.219837 13.279697 2.151427
v 3.418159 11.495478 2.283943
v 0.679915 18.968304 0.454307
v 1.333700 18.427063 0.891153
v 1.936232 17.548141 1.293751
v 0.578220 0.311605 0.578221
v 2.906905 7.784428 2.906907
v 1.134219 18.427063 1.134221
v 1.646630 17.548141 1.646633
v 2.095763 16.365314 2.095764
v 1.134218 0.852840 1.134219
v 2.738246 6.000219 2.738246
v 2.464355 14.924040 2.464358
v 1.646630 1.731763 1.646630
v 2.095763 2.914592 2.095762
v 2.464355 4.355864 2.464356
v 2.738246 13.279697 2.738248
v 0.578220 18.968304 0.578223
v 2.906905 11.495478 2.906908
v 2.963855 9.639952 2.963859
v 2.151426 13.279696 3.219839
v 2.283941 11.495477 3.418161
v 0.891150 18.427063 1.333703
v 0.454304 0.311605 0.679915
v 2.328686 9.639952 3.485128
v 2.283941 7.784428 3.418161
v 1.293749 17.548141 1.936234
v 0.891150 0.852840 1.333700
v 2.151426 6.000219 3.219837
v 1.646630 16.365314 2.464358
v 1.936231 14.924040 2.897778
v 1.293748 1.731763 1.936232
v 1.936231 4.355864 2.897776
v 0.454304 18.968304 0.679918
v 1.646630 2.914592 2.464356
v 1.481927 13.279696 3.577693
v 0.891150 1.731763 2.151426
v 1.134218 2.914592 2.738246
v 1.573205 11.495477 3.798058
v 0.312930 18.968304 0.755484
v 0.613835 18.427063 1.481931
v 1.604026 9.639952 3.872466
v 0.891150 17.548141 2.151429
v 0.312930 0.311605 0.755481
v 0.613834 0.852840 1.481928
v 1.573205 7.784428 3.798057
v 1.481927 6.000219 3.577692
v 1.134218 16.365314 2.738248
v 1.333699 4.355863 3.219837
v 1.333699 14.924039 3.219839
v 0.755480 6.000219 3.798056
v 0.679914 4.355863 3.418160
v 0.679914 14.924039 3.418162
v 0.454304 1.731763 2.283942
v 0.578220 2.914592 2.906906
v 0.755480 13.279696 3.798058
v 0.802013 11.495477 4.031996
v 0.159530 18.968304 0.802017
v 0.817725 9.639952 4.110988
v 0.312930 18.427063 1.573210
v 0.454304 17.548141 2.283944
v 0.159530 0.311605 0.802014
v 0.802013 7.784428 4.031995
v 0.578220 16.365314 2.906909
v 0.312930 0.852840 1.573206
v -0.000000 17.548141 2.328689
v -0.000000 16.365314 2.963858
v -0.000000 0.311605 0.817726
v -0.000000 6.000219 3.872465
v -0.000001 14.924039 3.485127
v -0.000000 1.731763 2.328686
v -0.000000 0.852840 1.604027
v -0.000000 2.914592 2.963856
v -0.000001 4.355863 3.485125
v -0.000000 13.279696 3.872467
v -0.000000 18.968304 0.817730
v -0.000001 11.495477 4.110987
v -0.000001 9.639952 4.191526
v -0.000000 18.427063 1.604030
v -0.000001 7.784428 4.110986
v -0.159530 0.311605 0.802014
v -0.817726 9.639952 4.110988
v -0.802015 7.784428 4.031995
v -0.454304 17.548141 2.283944
v -0.312930 0.852840 1.573206
v -0.755480 6.000219 3.798056
v -0.578220 16.365314 2.906909
v -0.679914 14.924039 3.418162
v -0.454304 1.731763 2.283942
v -0.679914 4.355863 3.418160
v -0.755480 13.279696 3.798058
v -0.578220 2.914592 2.906906
v -0.159530 18.968304 0.802017
v -0.802015 11.495477 4.031996
v -0.312930 18.427063 1.573209
v -1.481927 13.279696 3.577693
v -1.573207 11.495477 3.798056
v -0.312930 18.968304 0.755484
v -0.613835 18.427063 1.481931
v -1.604028 9.639952 3.872466
v -0.891150 17.548141 2.151429
v -0.312930 0.311605 0.755480
v -1.573207 7.784428 3.798056
v -1.481927 6.000219 3.577692
v -1.134219 16.365314 2.738248
v -0.613835 0.852840 1.481928
v -1.333700 4.355863 3.219836
v -1.333700 14.924039 3.219838
v -1.134219 2.914592 2.738246
v -0.891150 1.731763 2.151426
v -1.293749 1.731763 1.936232
v -1.646630 2.914592 2.464356
v -2.151426 13.279696 3.219839
v -2.283942 11.495477 3.418160
v -0.454305 18.968304 0.679918
v -2.328688 9.639952 3.485127
v -0.891150 18.427063 1.333703
v -1.293749 17.548141 1.936234
v -0.454304 0.311605 0.679915
v -2.283942 7.784428 3.418159
v -1.646630 16.365314 2.464358
v -0.891150 0.852840 1.333699
v -2.151426 6.000219 3.219837
v -1.936233 4.355864 2.897776
v -1.936233 14.924040 2.897778
v -2.738246 6.000219 2.738246
v -2.095763 16.365314 2.095764
v -2.464356 14.924040 2.464356
v -1.134218 0.852840 1.134219
v -1.646630 1.731763 1.646630
v -2.464356 4.355864 2.464355
v -2.095763 2.914592 2.095762
v -2.738246 13.279697 2.738248
v -0.578221 18.968304 0.578223
v -2.906905 11.495478 2.906907
v -2.963856 9.639952 2.963857
v -1.134219 18.427063 1.134221
v -0.578220 0.311605 0.578219
v -2.906905 7.784428 2.906906
v -1.646630 17.548141 1.646633
v -0.679914 0.311605 0.454305
v -3.219837 6.000219 2.151426
v -1.936233 17.548141 1.293751
v -2.464356 16.365314 1.646632
v -2.897776 14.924040 1.936233
v -1.333700 0.852840 0.891150
v -2.897776 4.355864 1.936231
v -3.219837 13.279697 2.151427
v -1.936233 1.731763 1.293749
v -0.679915 18.968304 0.454307
v -2.464356 2.914592 1.646630
v -3.418160 11.495478 2.283942
v -1.333700 18.427063 0.891152
v -3.485126 9.639953 2.328687
v -3.418160 7.784428 2.283941
v -3.872465 9.639953 1.604027
v -2.151426 17.548141 0.891152
v -0.755480 0.311605 0.312930
v -3.798055 7.784428 1.573206
v -3.577690 6.000219 1.481929
v -2.738246 16.365314 1.134221
v -2.151426 1.731763 0.891150
v -1.481927 0.852840 0.613835
v -3.219836 4.355864 1.333700
v -3.219836 14.924040 1.333701
v -3.577690 13.279697 1.481930
v -2.738246 2.914592 1.134219
v -3.798055 11.495478 1.573206
v -0.755482 18.968304 0.312933
v -1.481927 18.427063 0.613837
v -3.798056 13.279697 0.755483
v -4.031993 11.495478 0.802014
v -0.802015 18.968304 0.159534
v -4.110986 9.639954 0.817727
v -1.573207 18.427063 0.312932
v -2.283942 17.548141 0.454307
v -0.802013 0.311605 0.159531
v -4.031993 7.784429 0.802014
v -2.906907 16.365314 0.578221
v -2.283942 1.731763 0.454305
v -1.573205 0.852840 0.312930
v -3.798056 6.000219 0.755482
v -3.418159 4.355864 0.679914
v -3.418159 14.924040 0.679916
v -2.906907 2.914592 0.578220
v -3.872464 6.000219 0.000002
v -3.485125 4.355864 0.000000
v -2.963856 2.914592 -0.000000
v -3.485125 14.924040 0.000002
v -3.872464 13.279697 0.000003
v -0.817726 18.968304 0.000003
v -4.110984 11.495478 0.000001
v -4.191525 9.639954 0.000001
v -1.604027 18.427063 0.000002
v -0.817726 0.311605 0.000001
v -4.110984 7.784429 0.000001
v -2.328687 17.548141 0.000002
v -2.963856 16.365314 0.000002
v -1.604027 0.852840 -0.000000
v -2.328687 1.731763 -0.000000
v -2.283942 17.548141 -0.454302
v -2.906907 16.365314 -0.578218
v -3.418159 14.924040 -0.679912
v -2.283941 1.731763 -0.454304
v -1.573205 0.852840 -0.312931
v -3.418159 4.355864 -0.679914
v -3.798056 13.279697 -0.755478
v -0.802015 18.968304 -0.159528
v -2.906907 2.914592 -0.578220
v -4.031993 11.495478 -0.802012
v -1.573207 18.427063 -0.312927
v -0.802013 0.311605 -0.159531
v -4.110986 9.639954 -0.817725
v -4.031993 7.784429 -0.802013
v -3.798056 6.000219 -0.755479
v -0.755480 0.311606 -0.312929
v -3.798054 7.784429 -1.573205
v -3.577690 6.000220 -1.481927
v -2.738246 16.365314 -1.134216
v -2.151425 1.731763 -0.891149
v -1.481927 0.852841 -0.613834
v -3.219834 4.355864 -1.333699
v -3.219834 14.924040 -1.333697
v -3.577690 13.279697 -1.481926
v -2.738246 2.914593 -1.134218
v -3.798054 11.495478 -1.573204
v -0.755482 18.968304 -0.312928
v -1.481927 18.427063 -0.613832
v -3.872464 9.639954 -1.604026
v -2.151426 17.548141 -0.891148
v -3.418157 11.495476 -2.283940
v -3.485125 9.639954 -2.328685
v -1.333700 18.427063 -0.891147
v -1.936231 17.548141 -1.293747
v -0.679914 0.311606 -0.454304
v -3.418157 7.784429 -2.283941
v -2.464356 16.365314 -1.646628
v -1.333699 0.852841 -0.891149
v -1.936231 1.731763 -1.293749
v -3.219837 6.000220 -2.151425
v -2.897775 4.355865 -1.936231
v -2.897775 14.924040 -1.936230
v -2.464356 2.914593 -1.646630
v -3.219837 13.279697 -2.151424
v -0.679915 18.968304 -0.454302
v -0.578220 18.968304 -0.578218
v -2.738246 13.279697 -2.738243
v -2.906904 11.495476 -2.906902
v -2.963854 9.639955 -2.963854
v -1.134218 18.427063 -1.134216
v -0.578220 0.311606 -0.578219
v -2.906904 7.784429 -2.906903
v -1.646629 17.548141 -1.646627
v -2.095762 16.365314 -2.095760
v -2.738246 6.000220 -2.738244
v -2.464354 14.924040 -2.464354
v -1.134218 0.852841 -1.134218
v -1.646629 1.731763 -1.646629
v -2.464354 4.355865 -2.464355
v -2.095762 2.914593 -2.095762
v -2.151426 6.000220 -3.219835
v -1.936230 4.355865 -2.897775
v -2.151426 13.279698 -3.219834
v -1.293748 1.731763 -1.936232
v -0.454305 18.968304 -0.679912
v -1.646629 2.914593 -2.464356
v -2.283940 11.495477 -3.418156
v -0.891150 18.427063 -1.333697
v -0.454304 0.311606 -0.679913
v -2.328686 9.639955 -3.485122
v -2.283940 7.784429 -3.418157
v -1.293748 17.548141 -1.936230
v -1.646629 16.365314 -2.464354
v -1.936230 14.924040 -2.897773
v -0.891150 0.852841 -1.333699
v -0.891149 1.731763 -2.151424
v -0.613834 0.852841 -1.481927
v -1.481927 6.000220 -3.577688
v -1.333699 4.355865 -3.219834
v -1.333699 14.924041 -3.219832
v -1.481927 13.279698 -3.577687
v -1.134218 2.914593 -2.738245
v -1.573204 11.495477 -3.798051
v -0.312930 18.968304 -0.755478
v -0.613834 18.427063 -1.481925
v -1.604025 9.639955 -3.872461
v -0.891150 17.548141 -2.151424
v -0.312930 0.311606 -0.755479
v -1.573204 7.784429 -3.798052
v -1.134218 16.365314 -2.738243
v -0.802012 7.784429 -4.031990
v -0.578220 16.365314 -2.906903
v -0.159530 0.311606 -0.802012
v -0.312930 0.852841 -1.573206
v -0.755480 6.000220 -3.798054
v -0.679913 4.355865 -3.418157
v -0.679913 14.924041 -3.418155
v -0.454304 1.731763 -2.283940
v -0.578220 2.914593 -2.906905
v -0.755480 13.279698 -3.798052
v -0.802012 11.495479 -4.031990
v -0.159530 18.968304 -0.802011
v -0.817725 9.639955 -4.110981
v -0.312930 18.427063 -1.573203
v -0.454304 17.548141 -2.283939
vt 1.000000 0.000000
vt 0.000000 1.000000
vt 0.000000 0.000000
vt 1.000000 0.000000
vt 0.000000 1.000000
vt 0.000000 0.000000
vt 0.000000 0.000000
vt 1.000000 1.000000
vt 0.000000 1.000000
vt 0.000000 0.000000
vt 1.000000 1.000000
vt 0.000000 1.000000
vt 1.000000 0.000000
vt 0.000000 1.000000
vt 0.000000 0.000000
vt 1.000000 0.000000
vt 0.000000 1.000000
vt 0.000000 0.000000
vt 0.000000 0.000000
vt 1.000000 1.000000
vt 0.000000 1.000000
vt 1.000000 0.000000
vt 0.000000 1.000000
vt 0.000000 0.000000
vt 1.000000 0.000000
vt 0.000000 1.000000
vt 0.000000 0.000000
vt 0.000000 0.000000
vt 1.000000 1.000000
vt 0.000000 1.000000
vt 0.000000 0.000000
vt 1.000000 0.000000
vt 1.000000 1.000000
vt 0.000000 0.000000
vt 0.000000 1.000000
vt 1.000000 0.000000
vt 0.000000 1.000000
vt 0.000000 0.000000
vt 0.000000 0.000000
vt 1.000000 1.000000
vt 0.000000 1.000000
vt 0.000000 0.000000
vt 1.000000 0.000000
vt 1.000000 1.000000
vt 1.000000 0.000000
vt 0.000000 1.000000
vt 0.000000 0.000000
vt 1.000000 0.000000
vt 0.000000 1.000000
vt 0.000000 0.000000
vt 0.000000 0.000000
vt 1.000000 1.000000
vt 0.000000 1.000000
vt 1.000000 0.000000
vt 1.000000 1.000000
vt 1.000000 0.000000
vt 0.000000 1.000000
vt 0.000000 0.000000
vt 1.000000 0.000000
vt 0.000000 1.000000
vt 0.000000 0.000000
vt 1.000000 0.000000
vt 0.000000 1.000000
vt 0.000000 0.000000
vt 0.000000 0.000000
vt 1.000000 1.000000
vt 0.000000 1.000000
vt 1.000000 0.000000
vt 0.000000 1.000000
vt 0.000000 0.000000
vt 1.000000 0.000000
vt 0.000000 1.000000
vt 0.000000 0.000000
vt 1.000000 0.000000
vt 0.000000 1.000000
vt 0.000000 0.000000
vt 0.000000 0.000000
vt 1.000000 1.000000
vt 0.000000 1.000000
vt 1.000000 0.000000
vt 0.000000 1.000000
vt 0.000000 0.000000
vt 1.000000 0.000000
vt 0.000000 1.000000
vt 0.000000 0.000000
vt 1.000000 0.000000
vt 0.000000 1.000000
vt 0.000000 0.000000
vt 0.000000 0.000000
vt 1.000000 1.000000
vt 0.000000 0.000000
vt 0.000000 1.000000
vt 0.000000 0.000000
vt 1.000000 1.000000
vt 0.000000 1.000000
vt 1.000000 0.000000
vt 0.000000 1.000000
vt 0.000000 0.000000
vt 1.000000 0.000000
vt 0.000000 1.000000
vt 0.000000 0.000000
vt 1.000000 0.000000
vt 1.000000 1.000000
vt 1.000000 0.000000
vt 0.000000 1.000000
vt 0.000000 0.000000
vt 1.000000 0.000000
vt 0.000000 1.000000
vt 0.000000 0.000000
vt 1.000000 0.000000
vt 0.000000 1.000000
vt 0.000000 0.000000
vt 0.000000 0.000000
vt 1.000000 1.000000
vt 0.000000 1.000000
vt 0.000000 0.000000
vt 1.000000 1.000000
vt 0.000000 1.000000
vt 1.000000 0.000000
vt 0.000000 1.000000
vt 0.000000 0.000000
vt 0.000000 0.000000
vt 1.000000 1.000000
vt 0.000000 1.000000
vt 1.000000 0.000000
vt 0.000000 1.000000
vt 0.000000 0.000000
vt 0.000000 0.000000
vt 1.000000 1.000000
vt 0.000000 1.000000
vt 1.000000 0.000000
vt 0.000000 1.000000
vt 0.000000 0.000000
vt 0.000000 0.000000
vt 1.000000 1.000000
vt 0.000000 1.000000
vt 0.000000 0.000000
vt 1.000000 1.000000
vt 1.000000 0.000000
vt 0.000000 1.000000
vt 0.000000 0.000000
vt 1.000000 0.000000
vt 0.000000 1.000000
vt 0.000000 0.000000
vt 0.000000 0.000000
vt 1.000000 1.000000
vt 1.000000 0.000000
vt 0.000000 1.000000
vt 0.000000 0.000000
vt 0.000000 0.000000
vt 1.000000 1.000000
vt 0.000000 1.000000
vt 0.000000 0.000000
vt 0.000000 1.000000
vt 1.000000 0.000000
vt 1.000000 1.000000
vt 1.000000 0.000000
vt 0.000000 1.000000
vt 0.000000 0.000000
vt 1.000000 0.000000
vt 0.000000 1.000000
vt 0.000000 0.000000
vt 1.000000 0.000000
vt 0.000000 1.000000
vt 0.000000 0.000000
vt 1.000000 0.000000
vt 0.000000 1.000000
vt 0.000000 0.000000
vt 1.000000 0.000000
vt 0.000000 1.000000
vt 0.000000 0.000000
vt 1.000000 0.000000
vt 0.000000 1.000000
vt 0.000000 0.000000
vt 1.000000 0.000000
vt 0.000000 1.000000
vt 0.000000 0.000000
vt 0.000000 0.000000
vt 1.000000 1.000000
vt 0.000000 1.000000
vt 0.000000 0.000000
vt 1.000000 1.000000
vt 0.000000 1.000000
vt 1.000000 0.000000
vt 0.000000 1.000000
vt 0.000000 0.000000
vt 0.000000 0.000000
vt 1.000000 1.000000
vt 0.000000 1.000000
vt 0.000000 0.000000
vt 1.000000 1.000000
vt 0.000000 1.000000
vt 1.000000 0.000000
vt 0.000000 1.000000
vt 0.000000 0.000000
vt 0.000000 0.000000
vt 1.000000 1.000000
vt 0.000000 1.000000
vt 0.000000 0.000000
vt 1.000000 1.000000
vt 1.000000 0.000000
vt 0.000000 1.000000
vt 0.000000 0.000000
vt 0.000000 0.000000
vt 1.000000 1.000000
vt 0.000000 1.000000
vt 1.000000 0.000000
vt 0.000000 1.000000
vt 0.000000 0.000000
vt 1.000000 0.000000
vt 1.000000 1.000000
vt 1.000000 0.000000
vt 0.000000 1.000000
vt 0.000000 0.000000
vt 1.000000 0.000000
vt 0.000000 1.000000
vt 0.000000 0.000000
vt 0.000000 0.000000
vt 1.000000 1.000000
vt 0.000000 1.000000
vt 1.000000 0.000000
vt 0.000000 1.000000
vt 0.000000 0.000000
vt 1.000000 0.000000
vt 0.000000 1.000000
vt 0.000000 0.000000
vt 1.000000 0.000000
vt 0.000000 1.000000
vt 0.000000 0.000000
vt 0.000000 0.000000
vt 1.000000 1.000000
vt 0.000000 1.000000
vt 1.000000 0.000000
vt 0.000000 1.000000
vt 0.000000 0.000000
vt 1.000000 0.000000
vt 0.000000 1.000000
vt 0.000000 0.000000
vt 0.000000 0.000000
vt 1.000000 1.000000
vt 0.000000 1.000000
vt 0.000000 0.000000
vt 1.000000 1.000000
vt 0.000000 1.000000
vt 0.000000 0.000000
vt 1.000000 1.000000
vt 0.000000 1.000000
vt 1.000000 0.000000
vt 0.000000 1.000000
vt 0.000000 0.000000
vt 1.000000 0.000000
vt 0.000000 1.000000
vt 0.000000 0.000000
vt 1.000000 0.000000
vt 0.000000 1.000000
vt 0.000000 0.000000
vt 1.000000 0.000000
vt 0.000000 1.000000
vt 0.000000 0.000000
vt 0.000000 0.000000
vt 1.000000 1.000000
vt 0.000000 0.000000
vt 0.000000 1.000000
vt 0.000000 0.000000
vt 1.000000 1.000000
vt 0.000000 1.000000
vt 1.000000 0.000000
vt 0.000000 1.000000
vt 0.000000 0.000000
vt 1.000000 0.000000
vt 1.000000 1.000000
vt 1.000000 0.000000
vt 0.000000 1.000000
vt 0.000000 0.000000
vt 0.000000 0.000000
vt 1.000000 1.000000
vt 0.000000 1.000000
vt 1.000000 0.000000
vt 0.000000 1.000000
vt 0.000000 0.000000
vt 1.000000 0.000000
vt 1.000000 1.000000
vt 0.000000 0.000000
vt 1.000000 1.000000
vt 0.000000 1.000000
vt 1.000000 0.000000
vt 0.000000 1.000000
vt 0.000000 0.000000
vt 0.000000 0.000000
vt 1.000000 1.000000
vt 0.000000 1.000000
vt 1.000000 0.000000
vt 0.000000 1.000000
vt 0.000000 0.000000
vt 1.000000 0.000000
vt 0.000000 1.000000
vt 0.000000 0.000000
vt 0.000000 0.000000
vt 1.000000 1.000000
vt 0.000000 1.000000
vt 1.000000 0.000000
vt 0.000000 1.000000
vt 0.000000 0.000000
vt 0.000000 0.000000
vt 1.000000 1.000000
vt 0.000000 1.000000
vt 1.000000 0.000000
vt 0.000000 1.000000
vt 0.000000 0.000000
vt 0.000000 0.000000
vt 1.000000 1.000000
vt 0.000000 1.000000
vt 0.000000 0.000000
vt 1.000000 1.000000
vt 0.000000 1.000000
vt 0.000000 0.000000
vt 1.000000 0.000000
vt 0.000000 1.000000
vt 0.000000 0.000000
vt 0.000000 0.000000
vt 1.000000 1.000000
vt 0.000000 1.000000
vt 0.000000 0.000000
vt 1.000000 1.000000
vt 0.000000 1.000000
vt 0.000000 0.000000
vt 1.000000 1.000000
vt 0.000000 1.000000
vt 1.000000 0.000000
vt 1.000000 1.000000
vt 0.000000 0.000000
vt 1.000000 1.000000
vt 0.000000 1.000000
vt 1.000000 0.000000
vt 0.000000 1.000000
vt 0.000000 0.000000
vt 0.000000 0.000000
vt 1.000000 1.000000
vt 0.000000 1.000000
vt 1.000000 0.000000
vt 0.000000 1.000000
vt 0.000000 0.000000
vt 1.000000 0.000000
vt 0.000000 1.000000
vt 0.000000 0.000000
vt 0.000000 0.000000
vt 1.000000 1.000000
vt 0.000000 1.000000
vt 1.000000 0.000000
vt 0.000000 1.000000
vt 0.000000 0.000000
vt 1.000000 0.000000
vt 0.000000 1.000000
vt 0.000000 0.000000
vt 0.000000 0.000000
vt 1.000000 1.000000
vt 0.000000 1.000000
vt 1.000000 0.000000
vt 0.000000 1.000000
vt 0.000000 0.000000
vt 1.000000 0.000000
vt 0.000000 1.000000
vt 0.000000 0.000000
vt 0.000000 0.000000
vt 1.000000 0.000000
vt 0.000000 1.000000
vt 0.000000 0.000000
vt 0.000000 0.000000
vt 1.000000 1.000000
vt 0.000000 1.000000
vt 0.000000 0.000000
vt 1.000000 1.000000
vt 0.000000 0.000000
vt 1.000000 1.000000
vt 0.000000 1.000000
vt 0.000000 0.000000
vt 1.000000 1.000000
vt 0.000000 1.000000
vt 1.000000 0.000000
vt 0.000000 1.000000
vt 0.000000 0.000000
vt 1.000000 0.000000
vt 1.000000 1.000000
vt 0.000000 0.000000
vt 1.000000 1.000000
vt 0.000000 1.000000
vt 1.000000 0.000000
vt 0.000000 1.000000
vt 0.000000 0.000000
vt 0.000000 0.000000
vt 1.000000 1.000000
vt 0.000000 1.000000
vt 0.000000 0.000000
vt 1.000000 1.000000
vt 0.000000 1.000000
vt 1.000000 0.000000
vt 0.000000 1.000000
vt 0.000000 0.000000
vt 0.000000 0.000000
vt 1.000000 1.000000
vt 0.000000 1.000000
vt 1.000000 0.000000
vt 0.000000 1.000000
vt 0.000000 0.000000
vt 1.000000 0.000000
vt 0.000000 1.000000
vt 0.000000 0.000000
vt 0.000000 0.000000
vt 1.000000 1.000000
vt 0.000000 1.000000
vt 1.000000 0.000000
vt 0.000000 1.000000
vt 0.000000 0.000000
vt 0.000000 0.000000
vt 1.000000 1.000000
vt 0.000000 1.000000
vt 0.000000 0.000000
vt 1.000000 1.000000
vt 0.000000 1.000000
vt 1.000000 0.000000
vt 0.000000 1.000000
vt 0.000000 0.000000
vt 1.000000 0.000000
vt 0.000000 1.000000
vt 0.000000 0.000000
vt 0.000000 0.000000
vt 1.000000 1.000000
vt 0.000000 1.000000
vt 0.000000 0.000000
vt 1.000000 1.000000
vt 0.000000 1.000000
vt 0.000000 0.000000
vt 1.000000 1.000000
vt 1.000000 0.000000
vt 0.000000 1.000000
vt 0.000000 0.000000
vt 1.000000 0.000000
vt 0.000000 1.000000
vt 0.000000 0.000000
vt 1.000000 0.000000
vt 0.000000 1.000000
vt 0.000000 0.000000
vt 1.000000 0.000000
vt 1.000000 1.000000
vt 0.000000 0.000000
vt 1.000000 1.000000
vt 0.000000 1.000000
vt 1.000000 0.000000
vt 0.000000 1.000000
vt 0.000000 0.000000
vt 1.000000 0.000000
vt 0.000000 1.000000
vt 0.000000 0.000000
vt 1.000000 0.000000
vt 0.000000 1.000000
vt 0.000000 0.000000
vt 0.000000 0.000000
vt 1.000000 1.000000
vt 0.000000 1.000000
vt 1.000000 0.000000
vt 0.000000 1.000000
vt 0.000000 0.000000
vt 0.000000 0.000000
vt 1.000000 1.000000
vt 0.000000 1.000000
vt 1.000000 0.000000
vt 0.000000 1.000000
vt 0.000000 0.000000
vt 1.000000 0.000000
vt 0.000000 1.000000
vt 0.000000 0.000000
vt 0.000000 0.000000
vt 1.000000 1.000000
vt 0.000000 1.000000
vt 0.000000 0.000000
vt 1.000000 1.000000
vt 0.000000 1.000000
vt 0.000000 0.000000
vt 1.000000 1.000000
vt 0.000000 1.000000
vt 1.000000 0.000000
vt 0.000000 1.000000
vt 0.000000 0.000000
vt 1.000000 0.000000
vt 0.000000 1.000000
vt 0.000000 0.000000
vt 0.000000 0.000000
vt 1.000000 1.000000
vt 0.000000 1.000000
vt 0.000000 0.000000
vt 1.000000 1.000000
vt 1.000000 0.000000
vt 0.000000 1.000000
vt 0.000000 0.000000
vt 0.000000 0.000000
vt 0.000000 1.000000
vt 0.000000 0.000000
vt 1.000000 1.000000
vt 0.000000 1.000000
vt 1.000000 0.000000
vt 1.000000 1.000000
vt 1.000000 0.000000
vt 1.000000 1.000000
vt 1.000000 0.000000
vt 0.000000 1.000000
vt 0.000000 0.000000
vt 0.000000 0.000000
vt 1.000000 1.000000
vt 0.000000 1.000000
vt 1.000000 0.000000
vt 0.000000 1.000000
vt 0.000000 0.000000
vt 0.000000 0.000000
vt 1.000000 1.000000
vt 0.000000 1.000000
vt 1.000000 0.000000
vt 0.000000 1.000000
vt 0.000000 0.000000
vt 0.000000 0.000000
vt 1.000000 1.000000
vt 0.000000 1.000000
vt 0.000000 0.000000
vt 1.000000 1.000000
vt 0.000000 1.000000
vt 0.000000 0.000000
vt 1.000000 1.000000
vt 0.000000 1.000000
vt 0.000000 0.000000
vt 1.000000 1.000000
vt 0.000000 1.000000
vt 1.000000 0.000000
vt 0.000000 1.000000
vt 0.000000 0.000000
vt 1.000000 0.000000
vt 0.000000 1.000000
vt 0.000000 0.000000
vt 0.000000 0.000000
vt 1.000000 1.000000
vt 0.000000 0.000000
vt 1.000000 1.000000
vt 0.000000 1.000000
vt 0.000000 0.000000
vt 1.000000 1.000000
vt 0.000000 1.000000
vt 1.000000 0.000000
vt 0.000000 1.000000
vt 0.000000 0.000000
vt 0.000000 0.000000
vt 1.000000 1.000000
vt 0.000000 1.000000
vt 1.000000 0.000000
vt 0.000000 1.000000
vt 0.000000 0.000000
vt 1.000000 0.000000
vt 1.000000 1.000000
vt 1.000000 0.000000
vt 0.000000 1.000000
vt 0.000000 0.000000
vt 1.000000 0.000000
vt 0.000000 1.000000
vt 0.000000 0.000000
vt 1.000000 0.000000
vt 0.000000 1.000000
vt 0.000000 0.000000
vt 0.000000 0.000000
vt 1.000000 1.000000
vt 0.000000 1.000000
vt 1.000000 0.000000
vt 0.000000 1.000000
vt 0.000000 0.000000
vt 1.000000 0.000000
vt 0.000000 1.000000
vt 0.000000 0.000000
vt 0.000000 0.000000
vt 1.000000 1.000000
vt 0.000000 1.000000
vt 0.000000 0.000000
vt 1.000000 1.000000
vt 0.000000 1.000000
vt 1.000000 0.000000
vt 0.000000 1.000000
vt 0.000000 0.000000
vt 1.000000 0.000000
vt 0.000000 1.000000
vt 0.000000 0.000000
vt 1.000000 0.000000
vt 0.000000 1.000000
vt 0.000000 0.000000
vt 0.000000 0.000000
vt 1.000000 1.000000
vt 1.000000 0.000000
vt 0.000000 1.000000
vt 0.000000 0.000000
vt 1.000000 0.000000
vt 0.000000 1.000000
vt 0.000000 0.000000
vt 1.000000 0.000000
vt 0.000000 1.000000
vt 0.000000 0.000000
vt 1.000000 0.000000
vt 0.000000 1.000000
vt 0.000000 0.000000
vt 0.000000 0.000000
vt 1.000000 1.000000
vt 0.000000 1.000000
vt 0.000000 0.000000
vt 1.000000 1.000000
vt 1.000000 0.000000
vt 0.000000 1.000000
vt 0.000000 0.000000
vt 0.000000 0.000000
vt 1.000000 1.000000
vt 0.000000 1.000000
vt 1.000000 0.000000
vt 0.000000 1.000000
vt 0.000000 0.000000
vt 1.000000 0.000000
vt 1.000000 1.000000
vt 0.000000 0.000000
vt 1.000000 1.000000
vt 0.000000 1.000000
vt 0.000000 0.000000
vt 1.000000 1.000000
vt 0.000000 1.000000
vt 1.000000 0.000000
vt 0.000000 1.000000
vt 0.000000 0.000000
vt 1.000000 0.000000
vt 0.000000 1.000000
vt 0.000000 0.000000
vt 1.000000 0.000000
vt 0.000000 1.000000
vt 0.000000 0.000000
vt 0.000000 0.000000
vt 1.000000 1.000000
vt 0.000000 1.000000
vt 1.000000 0.000000
vt 0.000000 1.000000
vt 0.000000 0.000000
vt 1.000000 0.000000
vt 0.000000 1.000000
vt 0.000000 0.000000
vt 0.000000 0.000000
vt 1.000000 1.000000
vt 0.000000 1.000000
vt 1.000000 0.000000
vt 0.000000 1.000000
vt 0.000000 0.000000
vt 1.000000 0.000000
vt 0.000000 1.000000
vt 0.000000 0.000000
vt 1.000000 0.000000
vt 0.000000 1.000000
vt 0.000000 0.000000
vt 1.000000 0.000000
vt 0.000000 1.000000
vt 0.000000 0.000000
vt 1.000000 0.000000
vt 0.000000 1.000000
vt 0.000000 0.000000
vt 0.000000 0.000000
vt 1.000000 1.000000
vt 1.000000 0.000000
vt 0.000000 1.000000
vt 0.000000 0.000000
vt 1.000000 0.000000
vt 0.000000 1.000000
vt 0.000000 0.000000
vt 0.000000 0.000000
vt 1.000000 1.000000
vt 0.000000 1.000000
vt 1.000000 0.000000
vt 1.000000 1.000000
vt 1.000000 0.000000
vt 0.000000 1.000000
vt 0.000000 0.000000
vt 0.000000 0.000000
vt 1.000000 1.000000
vt 0.000000 1.000000
vt 0.000000 0.000000
vt 1.000000 1.000000
vt 0.000000 1.000000
vt 1.000000 0.000000
vt 0.000000 1.000000
vt 0.000000 0.000000
vt 1.000000 0.000000
vt 0.000000 1.000000
vt 0.000000 0.000000
vt 0.000000 0.000000
vt 1.000000 1.000000
vt 0.000000 1.000000
vt 1.000000 0.000000
vt 0.000000 1.000000
vt 0.000000 0.000000
vt 1.000000 0.000000
vt 0.000000 1.000000
vt 0.000000 0.000000
vt 1.000000 0.000000
vt 0.000000 1.000000
vt 0.000000 0.000000
vt 0.000000 0.000000
vt 1.000000 1.000000
vt 0.000000 1.000000
vt 0.000000 0.000000
vt 1.000000 1.000000
vt 0.000000 1.000000
vt 0.000000 0.000000
vt 1.000000 1.000000
vt 0.000000 1.000000
vt 0.000000 0.000000
vt 1.000000 1.000000
vt 0.000000 1.000000
vt 1.000000 0.000000
vt 0.000000 1.000000
vt 0.000000 0.000000
vt 0.000000 0.000000
vt 1.000000 1.000000
vt 0.000000 0.000000
vt 1.000000 1.000000
vt 0.000000 1.000000
vt 1.000000 0.000000
vt 0.000000 1.000000
vt 0.000000 0.000000
vt 1.000000 0.000000
vt 0.000000 1.000000
vt 0.000000 0.000000
vt 1.000000 0.000000
vt 1.000000 1.000000
vt 0.000000 0.000000
vt 1.000000 1.000000
vt 0.000000 1.000000
vt 1.000000 0.000000
vt 1.000000 1.000000
vt 1.000000 0.000000
vt 0.000000 1.000000
vt 0.000000 0.000000
vt 0.000000 0.000000
vt 1.000000 1.000000
vt 0.000000 1.000000
vt 1.000000 0.000000
vt 0.000000 1.000000
vt 0.000000 0.000000
vt 0.000000 0.000000
vt 1.000000 1.000000
vt 0.000000 1.000000
vt 1.000000 0.000000
vt 0.000000 1.000000
vt 0.000000 0.000000
vt 1.000000 0.000000
vt 0.000000 1.000000
vt 0.000000 0.000000
vt 0.000000 0.000000
vt 1.000000 1.000000
vt 0.000000 1.000000
vt 0.000000 0.000000
vt 1.000000 1.000000
vt 0.000000 1.000000
vt 0.000000 0.000000
vt 1.000000 1.000000
vt 0.000000 1.000000
vt 1.000000 0.000000
vt 0.000000 1.000000
vt 0.000000 0.000000
vt 0.000000 0.000000
vt 1.000000 1.000000
vt 0.000000 1.000000
vt 0.000000 0.000000
vt 1.000000 1.000000
vt 0.000000 0.000000
vt 1.000000 1.000000
vt 0.000000 1.000000
vt 0.000000 0.000000
vt 1.000000 1.000000
vt 0.000000 1.000000
vt 1.000000 0.000000
vt 0.000000 1.000000
vt 0.000000 0.000000
vt 0.000000 0.000000
vt 1.000000 1.000000
vt 0.000000 1.000000
vt 0.000000 0.000000
vt 1.000000 1.000000
vt 0.000000 0.000000
vt 0.000000 1.000000
vt 1.000000 0.000000
vt 0.000000 1.000000
vt 0.000000 0.000000
vt 0.000000 0.000000
vt 1.000000 1.000000
vt 0.000000 1.000000
vt 1.000000 0.000000
vt 1.000000 1.000000
vt 1.000000 0.000000
vt 0.000000 1.000000
vt 0.000000 0.000000
vt 0.000000 0.000000
vt 1.000000 1.000000
vt 0.000000 1.000000
vt 1.000000 0.000000
vt 0.000000 1.000000
vt 0.000000 0.000000
vt 1.000000 0.000000
vt 0.000000 1.000000
vt 0.000000 0.000000
vt 1.000000 0.000000
vt 0.000000 1.000000
vt 0.000000 0.000000
vt 0.000000 0.000000
vt 1.000000 1.000000
vt 0.000000 1.000000
vt 1.000000 0.000000
vt 0.000000 1.000000
vt 0.000000 0.000000
vt 1.000000 0.000000
vt 0.000000 1.000000
vt 0.000000 0.000000
vt 0.000000 0.000000
vt 1.000000 1.000000
vt 0.000000 1.000000
vt 1.000000 0.000000
vt 0.000000 1.000000
vt 0.000000 0.000000
vt 1.000000 0.000000
vt 0.000000 1.000000
vt 0.000000 0.000000
vt 1.000000 0.000000
vt 0.000000 1.000000
vt 0.000000 0.000000
vt 1.000000 0.000000
vt 0.000000 1.000000
vt 0.000000 0.000000
vt 0.000000 0.000000
vt 1.000000 1.000000
vt 0.000000 1.000000
vt 0.000000 0.000000
vt 1.000000 1.000000
vt 1.000000 0.000000
vt 0.000000 1.000000
vt 0.000000 0.000000
vt 1.000000 0.000000
vt 0.000000 1.000000
vt 0.000000 0.000000
vt 1.000000 0.000000
vt 0.000000 1.000000
vt 0.000000 0.000000
vt 1.000000 0.000000
vt 1.000000 1.000000
vt 1.000000 0.000000
vt 0.000000 1.000000
vt 0.000000 0.000000
vt 0.000000 0.000000
vt 1.000000 1.000000
vt 0.000000 1.000000
vt 1.000000 0.000000
vt 0.000000 1.000000
vt 0.000000 0.000000
vt 0.000000 0.000000
vt 1.000000 1.000000
vt 0.000000 1.000000
vt 1.000000 0.000000
vt 0.000000 1.000000
vt 0.000000 0.000000
vt 1.000000 0.000000
vt 0.000000 1.000000
vt 0.000000 0.000000
vt 1.000000 0.000000
vt 0.000000 1.000000
vt 0.000000 0.000000
vt 1.000000 0.000000
vt 0.000000 1.000000
vt 0.000000 0.000000
vt 0.000000 0.000000
vt 1.000000 1.000000
vt 0.000000 1.000000
vt 1.000000 0.000000
vt 0.000000 1.000000
vt 0.000000 0.000000
vt 1.000000 0.000000
vt 0.000000 1.000000
vt 0.000000 0.000000
vt 0.000000 0.000000
vt 1.000000 1.000000
vt 0.000000 1.000000
vt 1.000000 0.000000
vt 0.000000 1.000000
vt 0.000000 0.000000
vt 1.000000 0.000000
vt 0.000000 1.000000
vt 0.000000 0.000000
vt 0.000000 0.000000
vt 1.000000 1.000000
vt 0.000000 0.000000
vt 1.000000 1.000000
vt 0.000000 1.000000
vt 1.000000 0.000000
vt 0.000000 1.000000
vt 0.000000 0.000000
vt 0.000000 0.000000
vt 0.000000 1.000000
vt 1.000000 0.000000
vt 1.000000 1.000000
vt 1.000000 0.000000
vt 0.000000 1.000000
vt 0.000000 0.000000
vt 1.000000 0.000000
vt 0.000000 1.000000
vt 0.000000 0.000000
vt 0.000000 0.000000
vt 1.000000 1.000000
vt 0.000000 1.000000
vt 1.000000 0.000000
vt 0.000000 1.000000
vt 0.000000 0.000000
vt 1.000000 0.000000
vt 0.000000 1.000000
vt 0.000000 0.000000
vt 1.000000 0.000000
vt 0.000000 1.000000
vt 0.000000 0.000000
vt 0.000000 0.000000
vt 1.000000 1.000000
vt 0.000000 1.000000
vt 0.000000 0.000000
vt 1.000000 1.000000
vt 0.000000 1.000000
vt 1.000000 0.000000
vt 0.000000 1.000000
vt 0.000000 0.000000
vt 0.000000 0.000000
vt 1.000000 1.000000
vt 0.000000 1.000000
vt 1.000000 0.000000
vt 0.000000 1.000000
vt 0.000000 0.000000
vt 1.000000 0.000000
vt 0.000000 1.000000
vt 0.000000 0.000000
vt 0.000000 0.000000
vt 1.000000 1.000000
vt 1.000000 0.000000
vt 0.000000 1.000000
vt 0.000000 0.000000
vt 0.000000 0.000000
vt 1.000000 1.000000
vt 0.000000 1.000000
vt 1.000000 0.000000
vt 0.000000 1.000000
vt 0.000000 0.000000
vt 1.000000 0.000000
vt 1.000000 1.000000
vt 1.000000 0.000000
vt 0.000000 1.000000
vt 0.000000 0.000000
vt 1.000000 0.000000
vt 0.000000 1.000000
vt 0.000000 0.000000
vt 1.000000 0.000000
vt 0.000000 1.000000
vt 0.000000 0.000000
vt 1.000000 0.000000
vt 0.000000 1.000000
vt 0.000000 0.000000
vt 1.000000 0.000000
vt 0.000000 1.000000
vt 0.000000 0.000000
vt 1.000000 0.000000
vt 1.000000 1.000000
vt 1.000000 0.000000
vt 0.000000 1.000000
vt 0.000000 0.000000
vt 1.000000 0.000000
vt 0.000000 1.000000
vt 0.000000 0.000000
vt 1.000000 0.000000
vt 0.000000 1.000000
vt 0.000000 0.000000
vt 0.000000 0.000000
vt 1.000000 1.000000
vt 0.000000 1.000000
vt 0.000000 0.000000
vt 1.000000 1.000000
vt 0.000000 1.000000
vt 0.000000 0.000000
vt 1.000000 1.000000
vt 0.000000 1.000000
vt 1.000000 0.000000
vt 0.000000 1.000000
vt 0.000000 0.000000
vt 0.000000 0.000000
vt 1.000000 1.000000
vt 0.000000 1.000000
vt 1.000000 0.000000
vt 0.000000 1.000000
vt 0.000000 0.000000
vt 0.000000 0.000000
vt 1.000000 1.000000
vt 0.000000 1.000000
vt 0.000000 0.000000
vt 1.000000 1.000000
vt 0.000000 1.000000
vt 0.000000 0.000000
vt 1.000000 1.000000
vt 1.000000 0.000000
vt 0.000000 1.000000
vt 0.000000 0.000000
vt 0.000000 0.000000
vt 1.000000 1.000000
vt 0.000000 1.000000
vt 0.000000 0.000000
vt 1.000000 1.000000
vt 1.000000 0.000000
vt 0.000000 1.000000
vt 0.000000 0.000000
vt 0.000000 0.000000
vt 0.000000 1.000000
vt 0.000000 0.000000
vt 1.000000 1.000000
vt 0.000000 1.000000
vt 1.000000 0.000000
vt 1.000000 1.000000
vt 0.000000 0.000000
vt 1.000000 1.000000
vt 0.000000 1.000000
vt 0.000000 0.000000
vt 1.000000 1.000000
vt 0.000000 1.000000
vt 1.000000 0.000000
vt 0.000000 1.000000
vt 0.000000 0.000000
vt 0.000000 0.000000
vt 1.000000 1.000000
vt 0.000000 1.000000
vt 1.000000 0.000000
vt 0.000000 1.000000
vt 0.000000 0.000000
vt 0.000000 0.000000
vt 1.000000 1.000000
vt 0.000000 1.000000
vt 1.000000 0.000000
vt 0.000000 1.000000
vt 0.000000 0.000000
vt 1.000000 0.000000
vt 0.000000 1.000000
vt 0.000000 0.000000
vt 1.000000 0.000000
vt 0.000000 1.000000
vt 0.000000 0.000000
vt 1.000000 0.000000
vt 0.000000 1.000000
vt 0.000000 0.000000
vt 0.000000 0.000000
vt 1.000000 1.000000
vt 0.000000 1.000000
vt 1.000000 0.000000
vt 0.000000 1.000000
vt 0.000000 0.000000
vt 0.000000 0.000000
vt 1.000000 1.000000
vt 0.000000 1.000000
vt 0.000000 0.000000
vt 1.000000 1.000000
vt 0.000000 0.000000
vt 1.000000 1.000000
vt 0.000000 1.000000
vt 1.000000 0.000000
vt 0.000000 1.000000
vt 0.000000 0.000000
vt 0.000000 0.000000
vt 0.000000 1.000000
vt 1.000000 0.000000
vt 1.000000 1.000000
vt 0.000000 0.000000
vt 1.000000 1.000000
vt 0.000000 1.000000
vt 1.000000 0.000000
vt 0.000000 1.000000
vt 0.000000 0.000000
vt 1.000000 0.000000
vt 0.000000 1.000000
vt 0.000000 0.000000
vt 1.000000 0.000000
vt 0.000000 1.000000
vt 0.000000 0.000000
vt 1.000000 0.000000
vt 0.000000 1.000000
vt 0.000000 0.000000
vt 0.000000 0.000000
vt 1.000000 1.000000
vt 0.000000 1.000000
vt 1.000000 0.000000
vt 0.000000 1.000000
vt 0.000000 0.000000
vt 0.000000 0.000000
vt 1.000000 1.000000
vt 0.000000 1.000000
vt 0.000000 0.000000
vt 1.000000 1.000000
vt 0.000000 1.000000
vt 0.000000 0.000000
vt 1.000000 1.000000
vt 0.000000 1.000000
vt 0.000000 0.000000
vt 1.000000 1.000000
vt 0.000000 1.000000
vt 1.000000 0.000000
vt 0.000000 1.000000
vt 0.000000 0.000000
vt 1.000000 0.000000
vt 0.000000 1.000000
vt 0.000000 0.000000
vt 1.000000 0.000000
vt 0.000000 1.000000
vt 0.000000 0.000000
vt 0.000000 0.000000
vt 1.000000 1.000000
vt 1.000000 0.000000
vt 0.000000 1.000000
vt 0.000000 0.000000
vt 0.000000 0.000000
vt 1.000000 1.000000
vt 0.000000 1.000000
vt 0.000000 0.000000
vt 0.000000 1.000000
vt 1.000000 0.000000
vt 1.000000 1.000000
vt 1.000000 0.000000
vt 0.000000 1.000000
vt 0.000000 0.000000
vt 0.000000 0.000000
vt 1.000000 1.000000
vt 0.000000 1.000000
vt 1.000000 0.000000
vt 0.000000 1.000000
vt 0.000000 0.000000
vt 1.000000 0.000000
vt 0.000000 1.000000
vt 0.000000 0.000000
vt 1.000000 0.000000
vt 0.000000 1.000000
vt 0.000000 0.000000
vt 1.000000 0.000000
vt 0.000000 1.000000
vt 0.000000 0.000000
vt 1.000000 0.000000
vt 0.000000 1.000000
vt 0.000000 0.000000
vt 1.000000 0.000000
vt 0.000000 1.000000
vt 0.000000 0.000000
vt 1.000000 0.000000
vt 0.000000 1.000000
vt 0.000000 0.000000
vt 0.000000 0.000000
vt 1.000000 1.000000
vt 0.000000 1.000000
vt 0.000000 0.000000
vt 1.000000 1.000000
vt 0.000000 1.000000
vt 0.000000 0.000000
vt 1.000000 1.000000
vt 0.000000 1.000000
vt 1.000000 0.000000
vt 0.000000 1.000000
vt 0.000000 0.000000
vt 1.000000 0.000000
vt 0.000000 1.000000
vt 0.000000 0.000000
vt 1.000000 0.000000
vt 0.000000 1.000000
vt 0.000000 0.000000
vt 0.000000 0.000000
vt 1.000000 1.000000
vt 0.000000 1.000000
vt 0.000000 0.000000
vt 1.000000 1.000000
vt 1.000000 0.000000
vt 0.000000 1.000000
vt 0.000000 0.000000
vt 1.000000 0.000000
vt 0.000000 1.000000
vt 0.000000 0.000000
vt 1.000000 0.000000
vt 0.000000 1.000000
vt 0.000000 0.000000
vt 1.000000 0.000000
vt 1.000000 1.000000
vt 0.000000 0.000000
vt 1.000000 1.000000
vt 0.000000 1.000000
vt 1.000000 0.000000
vt 0.000000 1.000000
vt 0.000000 0.000000
vt 0.000000 0.000000
vt 1.000000 1.000000
vt 0.000000 1.000000
vt 1.000000 0.000000
vt 1.000000 1.000000
vt 0.000000 0.000000
vt 1.000000 1.000000
vt 0.000000 1.000000
vt 0.000000 0.000000
vt 1.000000 1.000000
vt 0.000000 1.000000
vt 0.000000 0.000000
vt 1.000000 1.000000
vt 0.000000 1.000000
vt 0.000000 0.000000
vt 1.000000 1.000000
vt 0.000000 1.000000
vt 1.000000 0.000000
vt 0.000000 1.000000
vt 0.000000 0.000000
vt 0.000000 0.000000
vt 1.000000 1.000000
vt 0.000000 1.000000
vt 0.000000 0.000000
vt 1.000000 1.000000
vt 0.000000 1.000000
vt 0.000000 0.000000
vt 1.000000 1.000000
vt 0.000000 1.000000
vt 0.000000 0.000000
vt 1.000000 1.000000
vt 0.000000 1.000000
vt 1.000000 0.000000
vt 0.000000 1.000000
vt 0.000000 0.000000
vt 0.000000 0.000000
vt 1.000000 1.000000
vt 0.000000 1.000000
vt 0.000000 0.000000
vt 1.000000 1.000000
vt 0.000000 0.000000
vt 1.000000 1.000000
vt 0.000000 0.000000
vt 1.000000 1.000000
vt 0.000000 1.000000
vt 1.000000 0.000000
vt 0.000000 1.000000
vt 0.000000 0.000000
vt 0.000000 0.000000
vt 0.000000 1.000000
vt 1.000000 0.000000
vt 1.000000 1.000000
vt 1.000000 0.000000
vt 0.000000 1.000000
vt 0.000000 0.000000
vt 1.000000 0.000000
vt 0.000000 1.000000
vt 0.000000 0.000000
vt 1.000000 0.000000
vt 0.000000 1.000000
vt 0.000000 0.000000
vt 1.000000 0.000000
vt 0.000000 1.000000
vt 0.000000 0.000000
vt 1.000000 0.000000
vt 0.000000 1.000000
vt 0.000000 0.000000
vt 0.000000 0.000000
vt 1.000000 1.000000
vt 0.000000 1.000000
vt 1.000000 0.000000
vt 0.000000 1.000000
vt 0.000000 0.000000
vt 1.000000 0.000000
vt 0.000000 1.000000
vt 0.000000 0.000000
vt 0.000000 0.000000
vt 1.000000 1.000000
vt 0.000000 1.000000
vt 0.000000 0.000000
vt 1.000000 1.000000
vt 0.000000 1.000000
vt 1.000000 0.000000
vt 0.000000 1.000000
vt 0.000000 0.000000
vt 0.000000 0.000000
vt 1.000000 1.000000
vt 0.000000 1.000000
vt 1.000000 0.000000
vt 0.000000 1.000000
vt 0.000000 0.000000
vt 1.000000 0.000000
vt 0.000000 1.000000
vt 0.000000 0.000000
vt 0.000000 0.000000
vt 1.000000 1.000000
vt 1.000000 0.000000
vt 0.000000 1.000000
vt 0.000000 0.000000
vt 0.000000 0.000000
vt 1.000000 1.000000
vt 0.000000 1.000000
vt 0.000000 0.000000
vt 0.000000 1.000000
vt 1.000000 0.000000
vt 1.000000 1.000000
vt 0.000000 0.000000
vt 1.000000 1.000000
vt 0.000000 1.000000
vt 1.000000 0.000000
vt 0.000000 1.000000
vt 0.000000 0.000000
vt 1.000000 0.000000
vt 0.000000 1.000000
vt 0.000000 0.000000
vt 1.000000 0.000000
vt 0.000000 1.000000
vt 0.000000 0.000000
vt 1.000000 0.000000
vt 0.000000 1.000000
vt 0.000000 0.000000
vt 1.000000 0.000000
vt 0.000000 1.000000
vt 0.000000 0.000000
vt 0.000000 0.000000
vt 1.000000 1.000000
vt 0.000000 1.000000
vt 1.000000 0.000000
vt 0.000000 1.000000
vt 0.000000 0.000000
vt 0.000000 0.000000
vt 1.000000 1.000000
vt 0.000000 1.000000
vt 0.000000 0.000000
vt 1.000000 1.000000
vt 0.000000 1.000000
vt 1.000000 0.000000
vt 0.000000 1.000000
vt 0.000000 0.000000
vt 1.000000 0.000000
vt 0.000000 1.000000
vt 0.000000 0.000000
vt 1.000000 0.000000
vt 0.000000 1.000000
vt 0.000000 0.000000
vt 0.000000 0.000000
vt 1.000000 1.000000
vt 0.000000 1.000000
vt 0.000000 0.000000
vt 1.000000 1.000000
vt 0.000000 1.000000
vt 0.000000 0.000000
vt 1.000000 1.000000
vt 1.000000 0.000000
vt 0.000000 1.000000
vt 0.000000 0.000000
vt 0.000000 0.000000
vt 1.000000 1.000000
vt 0.000000 1.000000
vt 1.000000 0.000000
vt 0.000000 1.000000
vt 0.000000 0.000000
vt 1.000000 0.000000
vt 1.000000 1.000000
vt 1.000000 0.000000
vt 0.000000 1.000000
vt 0.000000 0.000000
vt 0.000000 0.000000
vt 1.000000 1.000000
vt 0.000000 1.000000
vt 1.000000 0.000000
vt 0.000000 1.000000
vt 0.000000 0.000000
vt 0.000000 0.000000
vt 1.000000 1.000000
vt 0.000000 1.000000
vt 1.000000 0.000000
vt 0.000000 1.000000
vt 0.000000 0.000000
vt 1.000000 0.000000
vt 0.000000 1.000000
vt 0.000000 0.000000
vt 1.000000 0.000000
vt 0.000000 1.000000
vt 0.000000 0.000000
vt 1.000000 0.000000
vt 0.000000 1.000000
vt 0.000000 0.000000
vt 1.000000 0.000000
vt 0.000000 1.000000
vt 0.000000 0.000000
vt 0.000000 0.000000
vt 1.000000 1.000000
vt 0.000000 1.000000
vt 1.000000 0.000000
vt 0.000000 1.000000
vt 0.000000 0.000000
vt 1.000000 0.000000
vt 0.000000 1.000000
vt 0.000000 0.000000
vt 1.000000 0.000000
vt 0.000000 1.000000
vt 0.000000 0.000000
vt 1.000000 0.000000
vt 0.000000 1.000000
vt 0.000000 0.000000
vt 0.000000 0.000000
vt 1.000000 1.000000
vt 0.000000 1.000000
vt 0.000000 0.000000
vt 1.000000 1.000000
vt 1.000000 0.000000
vt 0.000000 1.000000
vt 0.000000 0.000000
vt 1.000000 0.000000
vt 0.000000 1.000000
vt 0.000000 0.000000
vt 1.000000 0.000000
vt 0.000000 1.000000
vt 0.000000 0.000000
vt 1.000000 0.000000
vt 1.000000 1.000000
vt 1.000000 0.000000
vt 0.000000 1.000000
vt 0.000000 0.000000
vt 1.000000 0.000000
vt 0.000000 1.000000
vt 0.000000 0.000000
vt 1.000000 0.000000
vt 1.000000 1.000000
vt 1.000000 0.000000
vt 0.000000 1.000000
vt 0.000000 0.000000
vt 0.000000 0.000000
vt 1.000000 1.000000
vt 0.000000 1.000000
vt 1.000000 0.000000
vt 0.000000 1.000000
vt 0.000000 0.000000
vt 0.000000 0.000000
vt 1.000000 1.000000
vt 0.000000 1.000000
vt 1.000000 0.000000
vt 0.000000 1.000000
vt 0.000000 0.000000
vt 0.000000 0.000000
vt 1.000000 1.000000
vt 0.000000 1.000000
vt 1.000000 0.000000
vt 0.000000 1.000000
vt 0.000000 0.000000
vt 1.000000 0.000000
vt 0.000000 1.000000
vt 0.000000 0.000000
vt 0.000000 0.000000
vt 1.000000 1.000000
vt 0.000000 1.000000
vt 1.000000 0.000000
vt 0.000000 1.000000
vt 0.000000 0.000000
vt 1.000000 0.000000
vt 0.000000 1.000000
vt 0.000000 0.000000
vt 0.000000 0.000000
vt 1.000000 1.000000
vt 0.000000 0.000000
vt 1.000000 1.000000
vt 0.000000 1.000000
vt 1.000000 1.000000
vt 1.000000 1.000000
vt 1.000000 0.000000
vt 1.000000 0.000000
vt 1.000000 1.000000
vt 1.000000 1.000000
vt 1.000000 0.000000
vt 1.000000 1.000000
vt 1.000000 1.000000
vt 1.000000 0.000000
vt 1.000000 0.000000
vt 1.000000 1.000000
vt 1.000000 0.000000
vt 1.000000 1.000000
vt 1.000000 1.000000
vt 1.000000 0.000000
vt 1.000000 1.000000
vt 1.000000 1.000000
vt 1.000000 1.000000
vt 1.000000 0.000000
vt 1.000000 1.000000
vt 1.000000 1.000000
vt 1.000000 1.000000
vt 1.000000 0.000000
vt 1.000000 1.000000
vt 1.000000 1.000000
vt 1.000000 1.000000
vt 1.000000 0.000000
vt 1.000000 0.000000
vt 1.000000 1.000000
vt 1.000000 1.000000
vt 1.000000 1.000000
vt 1.000000 1.000000
vt 1.000000 0.000000
vt 1.000000 0.000000
vt 1.000000 1.000000
vt 1.000000 0.000000
vt 1.000000 1.000000
vt 1.000000 0.000000
vt 1.000000 1.000000
vt 1.000000 0.000000
vt 1.000000 1.000000
vt 1.000000 1.000000
vt 1.000000 1.000000
vt 1.000000 0.000000
vt 1.000000 0.000000
vt 1.000000 1.000000
vt 1.000000 1.000000
vt 1.000000 1.000000
vt 1.000000 1.000000
vt 1.000000 1.000000
vt 1.000000 1.000000
vt 1.000000 1.000000
vt 1.000000 0.000000
vt 1.000000 0.000000
vt 1.000000 1.000000
vt 1.000000 0.000000
vt 1.000000 0.000000
vt 1.000000 1.000000
vt 1.000000 0.000000
vt 1.000000 1.000000
vt 1.000000 0.000000
vt 1.000000 1.000000
vt 1.000000 1.000000
vt 1.000000 0.000000
vt 1.000000 1.000000
vt 1.000000 1.000000
vt 1.000000 1.000000
vt 1.000000 0.000000
vt 1.000000 1.000000
vt 1.000000 1.000000
vt 1.000000 0.000000
vt 1.000000 0.000000
vt 1.000000 0.000000
vt 1.000000 1.000000
vt 1.000000 1.000000
vt 1.000000 1.000000
vt 1.000000 1.000000
vt 1.000000 0.000000
vt 1.000000 0.000000
vt 1.000000 1.000000
vt 1.000000 1.000000
vt 1.000000 0.000000
vt 1.000000 1.000000
vt 1.000000 0.000000
vt 1.000000 1.000000
vt 1.000000 0.000000
vt 1.000000 1.000000
vt 1.000000 1.000000
vt 1.000000 0.000000
vt 1.000000 1.000000
vt 1.000000 0.000000
vt 1.000000 1.000000
vt 1.000000 0.000000
vt 1.000000 0.000000
vt 1.000000 1.000000
vt 1.000000 0.000000
vt 1.000000 0.000000
vt 1.000000 0.000000
vt 1.000000 0.000000
vt 1.000000 1.000000
vt 1.000000 0.000000
vt 1.000000 1.000000
vt 1.000000 1.000000
vt 1.000000 0.000000
vt 1.000000 1.000000
vt 1.000000 1.000000
vt 1.000000 0.000000
vt 1.000000 1.000000
vt 1.000000 1.000000
vt 1.000000 1.000000
vt 1.000000 0.000000
vt 1.000000 0.000000
vt 1.000000 0.000000
vt 1.000000 0.000000
vt 1.000000 1.000000
vt 1.000000 0.000000
vt 1.000000 0.000000
vt 1.000000 1.000000
vt 1.000000 0.000000
vt 1.000000 1.000000
vt 1.000000 1.000000
vt 1.000000 0.000000
vt 1.000000 1.000000
vt 1.000000 0.000000
vt 1.000000 0.000000
vt 1.000000 1.000000
vt 1.000000 1.000000
vt 1.000000 0.000000
vt 1.000000 0.000000
vt 1.000000 1.000000
vt 1.000000 1.000000
vt 1.000000 0.000000
vt 1.000000 1.000000
vt 1.000000 1.000000
vt 1.000000 1.000000
vt 1.000000 0.000000
vt 1.000000 1.000000
vt 1.000000 0.000000
vt 1.000000 1.000000
vt 1.000000 1.000000
vt 1.000000 0.000000
vt 1.000000 0.000000
vt 1.000000 0.000000
vt 1.000000 1.000000
vt 1.000000 1.000000
vt 1.000000 0.000000
vt 1.000000 1.000000
vt 1.000000 0.000000
vt 1.000000 0.000000
vt 1.000000 1.000000
vt 1.000000 0.000000
vt 1.000000 1.000000
vt 1.000000 0.000000
vt 1.000000 1.000000
vt 1.000000 0.000000
vt 1.000000 0.000000
vt 1.000000 0.000000
vt 1.000000 0.000000
vt 1.000000 1.000000
vt 1.000000 1.000000
vt 1.000000 0.000000
vt 1.000000 0.000000
vt 1.000000 0.000000
vt 1.000000 1.000000
vt 1.000000 1.000000
vt 1.000000 1.000000
vt 1.000000 0.000000
vt 1.000000 1.000000
vt 1.000000 1.000000
vt 1.000000 0.000000
vt 1.000000 0.000000
vt 1.000000 1.000000
vt 1.000000 1.000000
vt 1.000000 1.000000
vt 1.000000 1.000000
vt 1.000000 1.000000
vt 1.000000 1.000000
vt 1.000000 1.000000
vt 1.000000 0.000000
vt 1.000000 0.000000
vt 1.000000 1.000000
vt 1.000000 0.000000
vt 1.000000 0.000000
vt 1.000000 1.000000
vt 1.000000 1.000000
vt 1.000000 1.000000
vt 1.000000 0.000000
vt 1.000000 1.000000
vt 1.000000 1.000000
vt 1.000000 0.000000
vt 1.000000 1.000000
vt 1.000000 1.000000
vt 1.000000 1.000000
vt 1.000000 1.000000
vt 1.000000 1.000000
vt 1.000000 1.000000
vt 1.000000 0.000000
vt 1.000000 1.000000
vt 1.000000 0.000000
vt 1.000000 0.000000
vt 1.000000 1.000000
vt 1.000000 1.000000
vt 1.000000 0.000000
vt 1.000000 1.000000
vt 1.000000 1.000000
vt 1.000000 1.000000
vt 1.000000 0.000000
vt 1.000000 0.000000
vt 1.000000 0.000000
vt 1.000000 0.000000
vt 1.000000 1.000000
vt 1.000000 0.000000
vt 1.000000 1.000000
vt 1.000000 0.000000
vt 1.000000 1.000000
vt 1.000000 0.000000
vt 1.000000 1.000000
vt 1.000000 0.000000
vt 1.000000 1.000000
vt 1.000000 1.000000
vt 1.000000 0.000000
vt 1.000000 0.000000
vt 1.000000 0.000000
vt 1.000000 1.000000
vt 1.000000 0.000000
vt 1.000000 0.000000
vt 1.000000 0.000000
vt 1.000000 0.000000
vt 1.000000 0.000000
vt 1.000000 1.000000
vt 1.000000 0.000000
vt 1.000000 1.000000
vt 1.000000 0.000000
vt 1.000000 1.000000
vt 1.000000 1.000000
vt 1.000000 1.000000
vt 1.000000 0.000000
vt 1.000000 1.000000
vt 1.000000 1.000000
vt 1.000000 0.000000
vt 1.000000 1.000000
vt 1.000000 1.000000
vt 1.000000 1.000000
vt 1.000000 1.000000
vt 1.000000 0.000000
vt 1.000000 1.000000
vt 1.000000 1.000000
vt 1.000000 1.000000
vt 1.000000 0.000000
vt 1.000000 1.000000
vt 1.000000 0.000000
vt 1.000000 1.000000
vt 1.000000 1.000000
vt 1.000000 1.000000
vt 1.000000 1.000000
vt 1.000000 0.000000
vt 1.000000 1.000000
vt 1.000000 1.000000
vt 1.000000 0.000000
vt 1.000000 1.000000
vt 1.000000 1.000000
vt 1.000000 0.000000
vt 1.000000 1.000000
vt 1.000000 0.000000
vt 1.000000 1.000000
vt 1.000000 1.000000
vt 1.000000 0.000000
vt 1.000000 1.000000
vt 1.000000 1.000000
vt 1.000000 1.000000
vt 1.000000 0.000000
vt 1.000000 0.000000
vt 1.000000 1.000000
vt 1.000000 0.000000
vt 1.000000 1.000000
vt 1.000000 1.000000
vt 1.000000 1.000000
vt 1.000000 0.000000
vt 1.000000 1.000000
vt 1.000000 1.000000
vt 1.000000 1.000000
vt 1.000000 1.000000
vt 1.000000 1.000000
vt 1.000000 1.000000
vt 1.000000 1.000000
vt 1.000000 1.000000
vt 1.000000 0.000000
vt 1.000000 0.000000
vt 1.000000 0.000000
vt 1.000000 1.000000
vt 1.000000 0.000000
vt 1.000000 1.000000
vt 1.000000 0.000000
vt 1.000000 0.000000
vt 1.000000 0.000000
vt 1.000000 1.000000
vt 1.000000 0.000000
vt 1.000000 0.000000
vt 1.000000 0.000000
vt 1.000000 0.000000
vt 1.000000 1.000000
vt 1.000000 0.000000
vt 1.000000 1.000000
vt 1.000000 0.000000
vt 1.000000 1.000000
vt 1.000000 1.000000
vt 1.000000 1.000000
vt 1.000000 1.000000
vt 1.000000 0.000000
vt 1.000000 1.000000
vt 1.000000 0.000000
vt 1.000000 0.000000
vt 1.000000 1.000000
vt 1.000000 0.000000
vt 1.000000 0.000000
vt 1.000000 1.000000
vt 1.000000 1.000000
vt 1.000000 1.000000
vt 1.000000 1.000000
vt 1.000000 0.000000
vt 1.000000 1.000000
vt 1.000000 0.000000
vt 1.000000 0.000000
vt 1.000000 0.000000
vt 1.000000 0.000000
vt 1.000000 1.000000
vt 1.000000 1.000000
vt 1.000000 1.000000
vt 1.000000 1.000000
vt 1.000000 0.000000
vt 1.000000 0.000000
vt 1.000000 1.000000
vt 1.000000 0.000000
vt 1.000000 1.000000
vt 1.000000 1.000000
vt 1.000000 1.000000
vt 1.000000 1.000000
vt 1.000000 1.000000
vt 1.000000 1.000000
vt 1.000000 1.000000
vt 1.000000 0.000000
vt 1.000000 0.000000
vt 1.000000 0.000000
vt 1.000000 1.000000
vt 1.000000 1.000000
vt 1.000000 1.000000
vt 1.000000 0.000000
vt 1.000000 1.000000
vt 1.000000 1.000000
vt 1.000000 0.000000
vt 1.000000 0.000000
vt 1.000000 0.000000
vt 1.000000 0.000000
vt 1.000000 0.000000
vt 1.000000 0.000000
vt 1.000000 1.000000
vt 1.000000 0.000000
vt 1.000000 0.000000
vt 1.000000 0.000000
vt 1.000000 0.000000
vt 1.000000 1.000000
vt 1.000000 0.000000
vt 1.000000 0.000000
vt 1.000000 1.000000
vt 1.000000 0.000000
vt 1.000000 1.000000
vt 1.000000 1.000000
vt 1.000000 1.000000
vt 1.000000 1.000000
vt 1.000000 1.000000
vt 1.000000 0.000000
vt 1.000000 1.000000
vt 1.000000 1.000000
vt 1.000000 0.000000
vt 1.000000 0.000000
vt 1.000000 1.000000
vt 1.000000 0.000000
vt 1.000000 1.000000
vt 1.000000 1.000000
vt 1.000000 1.000000
vt 1.000000 0.000000
vt 1.000000 0.000000
vt 1.000000 0.000000
vt 1.000000 1.000000
vt 1.000000 1.000000
vt 1.000000 1.000000
vt 1.000000 1.000000
vt 1.000000 1.000000
vt 1.000000 0.000000
vt 1.000000 1.000000
vt 1.000000 0.000000
vt 1.000000 0.000000
vt 1.000000 1.000000
vt 1.000000 1.000000
vt 1.000000 1.000000
vt 1.000000 0.000000
vt 1.000000 0.000000
vt 1.000000 0.000000
vt 1.000000 1.000000
vt 1.000000 1.000000
vt 1.000000 0.000000
vt 1.000000 1.000000
vt 1.000000 0.000000
vt 1.000000 1.000000
vt 1.000000 1.000000
vt 1.000000 1.000000
vt 1.000000 1.000000
vt 1.000000 1.000000
vt 1.000000 0.000000
vt 1.000000 1.000000
vt 1.000000 1.000000
vt 1.000000 1.000000
vt 1.000000 1.000000
vt 1.000000 0.000000
vt 1.000000 1.000000
vt 1.000000 1.000000
vt 1.000000 1.000000
vt 1.000000 1.000000
vt 1.000000 0.000000
vt 1.000000 1.000000
vt 1.000000 0.000000
vt 1.000000 1.000000
vt 1.000000 0.000000
vt 1.000000 1.000000
vt 1.000000 1.000000
vt 1.000000 0.000000
vt 1.000000 1.000000
vt 1.000000 1.000000
vt 1.000000 0.000000
vn 0.0954 -0.2282 -0.9689
vn 0.0979 -0.0432 -0.9943
vn 0.0922 0.3387 -0.9364
vn 0.0864 0.4713 -0.8777
vn 0.0972 -0.1319 -0.9865
vn 0.0758 -0.6343 -0.7694
vn 0.0954 0.2282 -0.9689
vn 0.0864 -0.4713 -0.8777
vn 0.0922 -0.3387 -0.9364
vn 0.0972 0.1319 -0.9865
vn 0.0215 0.9757 -0.2181
vn 0.0558 0.8224 -0.5661
vn 0.0979 0.0432 -0.9943
vn 0.0758 0.6343 -0.7693
vn 0.0215 -0.9757 -0.2181
vn 0.0558 -0.8224 -0.5661
vn 0.2900 0.0432 -0.9560
vn 0.2244 0.6343 -0.7398
vn 0.0636 -0.9757 -0.2097
vn 0.1651 -0.8224 -0.5444
vn 0.2900 -0.0432 -0.9560
vn 0.2877 -0.1319 -0.9486
vn 0.2560 0.4713 -0.8440
vn 0.2244 -0.6343 -0.7398
vn 0.2826 -0.2282 -0.9317
vn 0.2731 0.3387 -0.9004
vn 0.2826 0.2282 -0.9317
vn 0.2560 -0.4713 -0.8440
vn 0.2731 -0.3387 -0.9004
vn 0.2877 0.1319 -0.9486
vn 0.0636 0.9757 -0.2097
vn 0.1651 0.8224 -0.5444
vn 0.4710 0.0432 -0.8811
vn 0.2682 0.8224 -0.5017
vn 0.3644 0.6343 -0.6818
vn 0.1033 -0.9757 -0.1932
vn 0.4710 -0.0432 -0.8811
vn 0.4158 0.4713 -0.7778
vn 0.2682 -0.8224 -0.5017
vn 0.3644 -0.6343 -0.6818
vn 0.4673 -0.1319 -0.8742
vn 0.4590 -0.2282 -0.8586
vn 0.4435 0.3387 -0.8298
vn 0.4158 -0.4713 -0.7778
vn 0.4435 -0.3387 -0.8298
vn 0.4590 0.2282 -0.8586
vn 0.4673 0.1319 -0.8742
vn 0.1033 0.9757 -0.1932
vn 0.5969 -0.3387 -0.7273
vn 0.6176 0.2282 -0.7526
vn 0.1390 0.9757 -0.1694
vn 0.6289 0.1319 -0.7663
vn 0.6338 0.0432 -0.7723
vn 0.3609 0.8224 -0.4397
vn 0.1390 -0.9757 -0.1694
vn 0.6338 -0.0432 -0.7723
vn 0.4904 0.6343 -0.5976
vn 0.5595 0.4713 -0.6818
vn 0.3609 -0.8224 -0.4397
vn 0.6289 -0.1319 -0.7663
vn 0.5969 0.3387 -0.7273
vn 0.4904 -0.6343 -0.5976
vn 0.5595 -0.4713 -0.6818
vn 0.6176 -0.2282 -0.7526
vn 0.7273 0.3387 -0.5969
vn 0.5976 -0.6343 -0.4904
vn 0.7526 -0.2282 -0.6176
vn 0.7526 0.2282 -0.6176
vn 0.7526 0.2282 -0.6177
vn 0.6818 -0.4713 -0.5595
vn 0.1694 0.9757 -0.1390
vn 0.7273 -0.3387 -0.5969
vn 0.7663 0.1319 -0.6289
vn 0.4397 0.8224 -0.3609
vn 0.1694 -0.9757 -0.1390
vn 0.7723 0.0432 -0.6338
vn 0.7723 -0.0432 -0.6338
vn 0.5976 0.6343 -0.4904
vn 0.4397 -0.8224 -0.3609
vn 0.7663 -0.1319 -0.6289
vn 0.6818 0.4713 -0.5595
vn 0.8811 -0.0432 -0.4710
vn 0.8742 -0.1319 -0.4673
vn 0.7778 0.4713 -0.4158
vn 0.6818 -0.6343 -0.3644
vn 0.8586 -0.2282 -0.4590
vn 0.8298 0.3387 -0.4435
vn 0.8586 0.2282 -0.4590
vn 0.7778 -0.4713 -0.4158
vn 0.8298 -0.3387 -0.4435
vn 0.8742 0.1319 -0.4673
vn 0.1932 0.9757 -0.1033
vn 0.5017 0.8224 -0.2682
vn 0.8811 0.0432 -0.4710
vn 0.6818 0.6343 -0.3644
vn 0.1932 -0.9757 -0.1033
vn 0.5017 -0.8224 -0.2682
vn 0.5444 0.8224 -0.1651
vn 0.7398 0.6343 -0.2244
vn 0.2097 -0.9757 -0.0636
vn 0.9560 -0.0432 -0.2900
vn 0.8440 0.4713 -0.2560
vn 0.5444 -0.8224 -0.1651
vn 0.7398 -0.6343 -0.2244
vn 0.9486 -0.1319 -0.2877
vn 0.9317 -0.2282 -0.2826
vn 0.9004 0.3387 -0.2731
vn 0.8440 -0.4713 -0.2560
vn 0.9004 -0.3387 -0.2731
vn 0.9317 0.2282 -0.2826
vn 0.9486 0.1319 -0.2877
vn 0.2097 0.9757 -0.0636
vn 0.9560 0.0432 -0.2900
vn 0.9865 0.1319 -0.0972
vn 0.9943 0.0432 -0.0979
vn 0.5661 0.8224 -0.0558
vn 0.2181 -0.9757 -0.0215
vn 0.9943 -0.0432 -0.0979
vn 0.7693 0.6343 -0.0758
vn 0.8777 0.4713 -0.0864
vn 0.5661 -0.8224 -0.0558
vn 0.9865 -0.1319 -0.0972
vn 0.9364 0.3387 -0.0922
vn 0.7693 -0.6343 -0.0758
vn 0.8777 -0.4713 -0.0864
vn 0.9689 -0.2282 -0.0954
vn 0.9364 -0.3387 -0.0922
vn 0.9689 0.2282 -0.0954
vn 0.2181 0.9757 -0.0215
vn 0.9689 0.2282 0.0954
vn 0.8777 -0.4713 0.0864
vn 0.2181 0.9757 0.0215
vn 0.9364 -0.3387 0.0922
vn 0.9865 0.1319 0.0972
vn 0.5661 0.8224 0.0558
vn 0.2181 -0.9757 0.0215
vn 0.9943 0.0432 0.0979
vn 0.9943 -0.0432 0.0979
vn 0.7693 0.6343 0.0758
vn 0.5661 -0.8224 0.0558
vn 0.9865 -0.1319 0.0972
vn 0.8777 0.4713 0.0864
vn 0.9364 0.3387 0.0922
vn 0.7693 -0.6343 0.0758
vn 0.9689 -0.2282 0.0954
vn 0.7398 -0.6343 0.2244
vn 0.9317 -0.2282 0.2826
vn 0.9004 0.3387 0.2731
vn 0.9317 0.2282 0.2826
vn 0.8440 -0.4713 0.2560
vn 0.9004 -0.3387 0.2731
vn 0.9486 0.1319 0.2877
vn 0.9486 0.1319 0.2878
vn 0.2097 0.9757 0.0636
vn 0.5444 0.8224 0.1651
vn 0.9560 0.0432 0.2900
vn 0.7398 0.6343 0.2244
vn 0.2097 -0.9757 0.0636
vn 0.5444 -0.8224 0.1651
vn 0.9560 -0.0432 0.2900
vn 0.9486 -0.1319 0.2877
vn 0.8440 0.4713 0.2560
vn 0.8811 -0.0432 0.4710
vn 0.7778 0.4713 0.4158
vn 0.5017 -0.8224 0.2682
vn 0.6818 -0.6343 0.3644
vn 0.8742 -0.1319 0.4673
vn 0.8586 -0.2282 0.4590
vn 0.8298 0.3387 0.4435
vn 0.7778 -0.4713 0.4158
vn 0.8298 -0.3387 0.4435
vn 0.8586 0.2282 0.4590
vn 0.8742 0.1319 0.4673
vn 0.1932 0.9757 0.1033
vn 0.8811 0.0432 0.4710
vn 0.5017 0.8224 0.2682
vn 0.6818 0.6343 0.3644
vn 0.1932 -0.9757 0.1033
vn 0.1694 -0.9757 0.1390
vn 0.7723 -0.0432 0.6338
vn 0.5976 0.6343 0.4904
vn 0.6818 0.4713 0.5595
vn 0.4397 -0.8224 0.3609
vn 0.7663 -0.1319 0.6289
vn 0.7273 0.3387 0.5969
vn 0.5976 -0.6343 0.4904
vn 0.6818 -0.4713 0.5595
vn 0.7526 -0.2282 0.6176
vn 0.7526 -0.2282 0.6177
vn 0.7273 -0.3387 0.5969
vn 0.7526 0.2282 0.6176
vn 0.1694 0.9757 0.1390
vn 0.7663 0.1319 0.6289
vn 0.7723 0.0432 0.6338
vn 0.4397 0.8224 0.3609
vn 0.6289 0.1319 0.7663
vn 0.3609 0.8224 0.4397
vn 0.1390 -0.9757 0.1694
vn 0.6338 0.0432 0.7723
vn 0.6338 -0.0432 0.7723
vn 0.4904 0.6343 0.5976
vn 0.3609 -0.8224 0.4397
vn 0.6289 -0.1319 0.7663
vn 0.5595 0.4713 0.6818
vn 0.5969 0.3387 0.7273
vn 0.4904 -0.6343 0.5976
vn 0.6176 -0.2282 0.7526
vn 0.6176 0.2282 0.7526
vn 0.5595 -0.4713 0.6818
vn 0.1390 0.9757 0.1694
vn 0.5969 -0.3387 0.7273
vn 0.4590 0.2282 0.8586
vn 0.4158 -0.4713 0.7778
vn 0.4435 -0.3387 0.8298
vn 0.4673 0.1319 0.8742
vn 0.1033 0.9757 0.1932
vn 0.2682 0.8224 0.5017
vn 0.4710 0.0432 0.8811
vn 0.3644 0.6343 0.6818
vn 0.1033 -0.9757 0.1932
vn 0.2682 -0.8224 0.5017
vn 0.4710 -0.0432 0.8811
vn 0.4673 -0.1319 0.8742
vn 0.4158 0.4713 0.7778
vn 0.3644 -0.6343 0.6818
vn 0.4590 -0.2282 0.8586
vn 0.4435 0.3387 0.8298
vn 0.2877 -0.1319 0.9486
vn 0.2826 -0.2282 0.9317
vn 0.2731 0.3387 0.9004
vn 0.2560 -0.4713 0.8440
vn 0.2731 -0.3387 0.9004
vn 0.2826 0.2282 0.9317
vn 0.2877 0.1319 0.9486
vn 0.0636 0.9757 0.2097
vn 0.2900 0.0432 0.9560
vn 0.1651 0.8224 0.5444
vn 0.2244 0.6343 0.7398
vn 0.0636 -0.9757 0.2097
vn 0.2900 -0.0432 0.9560
vn 0.2560 0.4713 0.8440
vn 0.1651 -0.8224 0.5444
vn 0.2244 -0.6343 0.7398
vn 0.0758 0.6343 0.7693
vn 0.0864 0.4713 0.8777
vn 0.0558 -0.8224 0.5661
vn 0.0972 -0.1319 0.9865
vn 0.0922 0.3387 0.9364
vn 0.0758 -0.6343 0.7693
vn 0.0864 -0.4713 0.8777
vn 0.0954 -0.2282 0.9689
vn 0.0922 -0.3387 0.9364
vn 0.0954 0.2282 0.9689
vn 0.0215 0.9757 0.2181
vn 0.0972 0.1319 0.9865
vn 0.0979 0.0432 0.9943
vn 0.0558 0.8224 0.5661
vn 0.0215 -0.9757 0.2181
vn 0.0979 -0.0432 0.9943
vn -0.0215 -0.9757 0.2181
vn -0.0979 0.0432 0.9943
vn -0.0979 -0.0432 0.9943
vn -0.0758 0.6343 0.7693
vn -0.0558 -0.8224 0.5661
vn -0.0972 -0.1319 0.9865
vn -0.0864 0.4713 0.8777
vn -0.0922 0.3387 0.9364
vn -0.0758 -0.6343 0.7693
vn -0.0954 -0.2282 0.9689
vn -0.0954 0.2282 0.9689
vn -0.0864 -0.4713 0.8777
vn -0.0215 0.9757 0.2181
vn -0.0922 -0.3387 0.9364
vn -0.0972 0.1319 0.9865
vn -0.0558 0.8224 0.5661
vn -0.2877 0.1319 0.9486
vn -0.2878 0.1319 0.9486
vn -0.0636 0.9757 0.2097
vn -0.1651 0.8224 0.5444
vn -0.2900 0.0432 0.9560
vn -0.2244 0.6343 0.7398
vn -0.0636 -0.9757 0.2097
vn -0.1651 -0.8224 0.5444
vn -0.2900 -0.0432 0.9560
vn -0.2877 -0.1319 0.9486
vn -0.2560 0.4713 0.8440
vn -0.2244 -0.6343 0.7398
vn -0.2826 -0.2282 0.9317
vn -0.2731 0.3387 0.9004
vn -0.2826 0.2282 0.9317
vn -0.2560 -0.4713 0.8440
vn -0.2731 -0.3387 0.9004
vn -0.4158 -0.4713 0.7778
vn -0.4435 -0.3387 0.8298
vn -0.4590 0.2282 0.8586
vn -0.4673 0.1319 0.8742
vn -0.1033 0.9757 0.1932
vn -0.4710 0.0432 0.8811
vn -0.2682 0.8224 0.5017
vn -0.3644 0.6343 0.6818
vn -0.1033 -0.9757 0.1932
vn -0.4710 -0.0432 0.8811
vn -0.4158 0.4713 0.7778
vn -0.2682 -0.8224 0.5017
vn -0.3644 -0.6343 0.6818
vn -0.4673 -0.1319 0.8742
vn -0.4590 -0.2282 0.8586
vn -0.4435 0.3387 0.8298
vn -0.6289 -0.1319 0.7663
vn -0.5969 0.3387 0.7273
vn -0.4904 -0.6343 0.5976
vn -0.5595 -0.4713 0.6818
vn -0.6176 -0.2282 0.7526
vn -0.5969 -0.3387 0.7273
vn -0.6176 0.2282 0.7526
vn -0.6177 0.2282 0.7526
vn -0.1390 0.9757 0.1694
vn -0.6289 0.1319 0.7663
vn -0.6338 0.0432 0.7723
vn -0.3609 0.8224 0.4397
vn -0.1390 -0.9757 0.1694
vn -0.6338 -0.0432 0.7723
vn -0.4904 0.6343 0.5976
vn -0.5595 0.4713 0.6818
vn -0.3609 -0.8224 0.4397
vn -0.4397 -0.8224 0.3609
vn -0.7663 -0.1319 0.6289
vn -0.6818 0.4713 0.5595
vn -0.7273 0.3387 0.5969
vn -0.5976 -0.6343 0.4904
vn -0.7526 -0.2282 0.6176
vn -0.7526 0.2282 0.6176
vn -0.6818 -0.4713 0.5595
vn -0.1694 0.9757 0.1390
vn -0.7273 -0.3387 0.5969
vn -0.7663 0.1319 0.6289
vn -0.4397 0.8224 0.3609
vn -0.1694 -0.9757 0.1390
vn -0.7723 0.0432 0.6338
vn -0.7723 -0.0432 0.6338
vn -0.5976 0.6343 0.4904
vn -0.8811 0.0432 0.4710
vn -0.6818 0.6343 0.3644
vn -0.1932 -0.9757 0.1033
vn -0.5017 -0.8224 0.2682
vn -0.8811 -0.0432 0.4710
vn -0.8742 -0.1319 0.4673
vn -0.7778 0.4713 0.4158
vn -0.6818 -0.6343 0.3644
vn -0.8586 -0.2282 0.4590
vn -0.8298 0.3387 0.4435
vn -0.8586 0.2282 0.4590
vn -0.7778 -0.4713 0.4158
vn -0.8298 -0.3387 0.4435
vn -0.8742 0.1319 0.4673
vn -0.1932 0.9757 0.1033
vn -0.5017 0.8224 0.2682
vn -0.9486 0.1319 0.2877
vn -0.2097 0.9757 0.0636
vn -0.9560 0.0432 0.2900
vn -0.5444 0.8224 0.1651
vn -0.7398 0.6343 0.2244
vn -0.2097 -0.9757 0.0636
vn -0.9560 -0.0432 0.2900
vn -0.8440 0.4713 0.2560
vn -0.5444 -0.8224 0.1651
vn -0.7398 -0.6343 0.2244
vn -0.9486 -0.1319 0.2877
vn -0.9486 -0.1319 0.2878
vn -0.9317 -0.2282 0.2826
vn -0.9004 0.3387 0.2731
vn -0.8440 -0.4713 0.2560
vn -0.9004 -0.3387 0.2731
vn -0.9317 0.2282 0.2826
vn -0.9689 -0.2282 0.0954
vn -0.9364 -0.3387 0.0922
vn -0.9689 0.2282 0.0954
vn -0.2181 0.9757 0.0215
vn -0.9865 0.1319 0.0972
vn -0.9943 0.0432 0.0979
vn -0.5661 0.8224 0.0558
vn -0.2181 -0.9757 0.0215
vn -0.9943 -0.0432 0.0979
vn -0.7693 0.6343 0.0758
vn -0.8777 0.4713 0.0864
vn -0.5661 -0.8224 0.0558
vn -0.9865 -0.1319 0.0972
vn -0.9364 0.3387 0.0922
vn -0.7693 -0.6343 0.0758
vn -0.8777 -0.4713 0.0864
vn -0.8777 0.4713 -0.0864
vn -0.9364 0.3387 -0.0922
vn -0.7693 -0.6343 -0.0758
vn -0.9689 -0.2282 -0.0954
vn -0.9689 0.2282 -0.0954
vn -0.8777 -0.4713 -0.0864
vn -0.2181 0.9757 -0.0215
vn -0.9364 -0.3387 -0.0922
vn -0.9865 0.1319 -0.0972
vn -0.5661 0.8224 -0.0558
vn -0.2181 -0.9757 -0.0215
vn -0.9943 0.0432 -0.0979
vn -0.9943 -0.0432 -0.0979
vn -0.7693 0.6343 -0.0758
vn -0.5661 -0.8224 -0.0558
vn -0.9865 -0.1319 -0.0972
vn -0.5444 -0.8224 -0.1651
vn -0.9560 -0.0432 -0.2900
vn -0.9486 -0.1319 -0.2877
vn -0.9486 -0.1319 -0.2878
vn -0.8440 0.4713 -0.2560
vn -0.7398 -0.6343 -0.2244
vn -0.9317 -0.2282 -0.2826
vn -0.9004 0.3387 -0.2731
vn -0.9317 0.2282 -0.2826
vn -0.8440 -0.4713 -0.2560
vn -0.9004 -0.3387 -0.2731
vn -0.9486 0.1319 -0.2877
vn -0.9486 0.1319 -0.2878
vn -0.2097 0.9757 -0.0636
vn -0.5444 0.8224 -0.1651
vn -0.9560 0.0432 -0.2900
vn -0.7398 0.6343 -0.2244
vn -0.2097 -0.9757 -0.0636
vn -0.8811 0.0432 -0.4710
vn -0.5017 0.8224 -0.2682
vn -0.6818 0.6343 -0.3644
vn -0.1932 -0.9757 -0.1033
vn -0.8811 -0.0432 -0.4710
vn -0.7778 0.4713 -0.4158
vn -0.5017 -0.8224 -0.2682
vn -0.6818 -0.6343 -0.3644
vn -0.8742 -0.1319 -0.4673
vn -0.8586 -0.2282 -0.4590
vn -0.8298 0.3387 -0.4435
vn -0.7778 -0.4713 -0.4158
vn -0.8298 -0.3387 -0.4435
vn -0.8586 0.2282 -0.4590
vn -0.8742 0.1319 -0.4673
vn -0.1932 0.9757 -0.1033
vn -0.1694 0.9757 -0.1390
vn -0.7663 0.1319 -0.6289
vn -0.7723 0.0432 -0.6338
vn -0.4397 0.8224 -0.3609
vn -0.1694 -0.9757 -0.1390
vn -0.7723 -0.0432 -0.6338
vn -0.5976 0.6343 -0.4904
vn -0.6818 0.4713 -0.5595
vn -0.4397 -0.8224 -0.3609
vn -0.7663 -0.1319 -0.6289
vn -0.7273 0.3387 -0.5969
vn -0.5976 -0.6343 -0.4904
vn -0.6818 -0.4713 -0.5595
vn -0.7526 -0.2282 -0.6176
vn -0.7526 -0.2282 -0.6177
vn -0.7273 -0.3387 -0.5969
vn -0.7526 0.2282 -0.6176
vn -0.7526 0.2282 -0.6177
vn -0.6176 -0.2282 -0.7526
vn -0.6176 0.2282 -0.7526
vn -0.5595 -0.4713 -0.6818
vn -0.1390 0.9757 -0.1694
vn -0.5969 -0.3387 -0.7273
vn -0.6289 0.1319 -0.7663
vn -0.3609 0.8224 -0.4397
vn -0.1390 -0.9757 -0.1694
vn -0.6338 0.0432 -0.7723
vn -0.6338 -0.0432 -0.7723
vn -0.4904 0.6343 -0.5976
vn -0.3609 -0.8224 -0.4397
vn -0.6289 -0.1319 -0.7663
vn -0.5595 0.4713 -0.6818
vn -0.5969 0.3387 -0.7273
vn -0.4904 -0.6343 -0.5976
vn -0.3644 -0.6343 -0.6818
vn -0.4590 -0.2282 -0.8586
vn -0.4435 0.3387 -0.8298
vn -0.4590 0.2282 -0.8586
vn -0.4158 -0.4713 -0.7778
vn -0.4435 -0.3387 -0.8298
vn -0.4673 0.1319 -0.8742
vn -0.1033 0.9757 -0.1932
vn -0.2682 0.8224 -0.5017
vn -0.4710 0.0432 -0.8811
vn -0.3644 0.6343 -0.6818
vn -0.1033 -0.9757 -0.1932
vn -0.2682 -0.8224 -0.5017
vn -0.4710 -0.0432 -0.8811
vn -0.4673 -0.1319 -0.8742
vn -0.4158 0.4713 -0.7778
vn -0.2900 -0.0432 -0.9560
vn -0.2560 0.4713 -0.8440
vn -0.1651 -0.8224 -0.5444
vn -0.2244 -0.6343 -0.7398
vn -0.2877 -0.1319 -0.9486
vn -0.2826 -0.2282 -0.9317
vn -0.2731 0.3387 -0.9004
vn -0.2560 -0.4713 -0.8440
vn -0.2731 -0.3387 -0.9004
vn -0.2826 0.2282 -0.9317
vn -0.2877 0.1319 -0.9486
vn -0.2878 0.1319 -0.9486
vn -0.0636 0.9757 -0.2097
vn -0.2900 0.0432 -0.9560
vn -0.1651 0.8224 -0.5444
vn -0.2244 0.6343 -0.7398
vn -0.0636 -0.9757 -0.2097
vn -0.0979 0.0432 -0.9943
vn -0.0558 0.8224 -0.5661
vn -0.0215 -0.9757 -0.2181
vn -0.0979 -0.0432 -0.9943
vn -0.0758 0.6343 -0.7693
vn -0.0864 0.4713 -0.8777
vn -0.0558 -0.8224 -0.5661
vn -0.0972 -0.1319 -0.9865
vn -0.0922 0.3387 -0.9364
vn -0.0758 -0.6343 -0.7694
vn -0.0864 -0.4713 -0.8777
vn -0.0954 -0.2282 -0.9689
vn -0.0922 -0.3387 -0.9364
vn -0.0954 0.2282 -0.9689
vn -0.0215 0.9757 -0.2181
vn -0.0972 0.1319 -0.9865
vn 0.2878 0.1319 -0.9486
vn -0.2878 -0.1319 0.9486
vn -0.9486 0.1319 0.2878
vn -0.0758 -0.6343 -0.7693
s 1
f 1/1/1 2/2/1 3/3/1
f 4/4/2 5/5/2 6/6/2
f 7/7/3 8/8/3 9/9/3
f 10/10/4 11/11/4 8/12/4
f 6/13/5 12/14/5 1/15/5
f 13/16/6 14/17/6 15/18/6
f 16/19/7 9/20/7 17/21/7
f 18/22/8 19/23/8 13/24/8
f 3/25/9 20/26/9 18/27/9
f 21/28/10 17/29/10 22/30/10
f 23/31/11 24/32/11 25/33/11
f 26/34/12 25/33/12 27/35/12
f 21/36/13 28/37/13 4/38/13
f 29/39/14 27/40/14 11/41/14
f 30/42/15 31/43/15 32/44/15
f 15/45/16 32/46/16 31/47/16
f 22/48/17 33/49/17 28/50/17
f 11/51/18 34/52/18 35/53/18
f 30/42/19 32/54/19 36/55/19
f 14/56/20 36/57/20 32/58/20
f 28/59/21 37/60/21 5/61/21
f 5/62/22 38/63/22 12/64/22
f 8/65/23 35/66/23 39/67/23
f 19/68/24 40/69/24 14/70/24
f 12/71/25 41/72/25 2/73/25
f 8/74/26 42/75/26 9/76/26
f 17/77/27 42/78/27 43/79/27
f 20/80/28 44/81/28 19/82/28
f 2/83/29 45/84/29 20/85/29
f 17/86/30 46/87/30 22/88/30
f 25/89/31 24/32/31 47/90/31
f 27/91/32 47/90/32 34/92/32
f 33/93/33 48/94/33 49/95/33
f 47/96/34 50/97/34 34/98/34
f 34/99/35 51/100/35 35/101/35
f 30/42/36 36/102/36 52/103/36
f 33/104/37 53/105/37 37/106/37
f 35/107/38 54/108/38 39/109/38
f 40/110/39 52/111/39 36/112/39
f 40/113/40 55/114/40 56/115/40
f 38/116/41 53/117/41 57/118/41
f 38/119/42 58/120/42 41/121/42
f 42/122/43 54/123/43 59/124/43
f 45/125/44 55/126/44 44/127/44
f 45/128/45 58/129/45 60/130/45
f 42/131/46 61/132/46 43/133/46
f 46/134/47 61/135/47 48/136/47
f 47/137/48 24/32/48 62/138/48
f 58/139/49 63/140/49 60/141/49
f 59/142/50 64/143/50 61/144/50
f 62/145/51 24/32/51 65/146/51
f 61/147/52 66/148/52 48/149/52
f 49/150/53 66/151/53 67/152/53
f 50/153/54 65/146/54 68/154/54
f 30/42/55 52/155/55 69/156/55
f 49/157/56 70/158/56 53/159/56
f 50/160/57 71/161/57 51/162/57
f 51/163/58 72/164/58 54/165/58
f 56/166/59 69/167/59 52/168/59
f 53/169/60 73/170/60 57/171/60
f 54/172/61 74/173/61 59/174/61
f 55/175/62 75/176/62 56/177/62
f 55/178/63 63/179/63 76/180/63
f 58/181/64 73/182/64 77/183/64
f 72/184/65 78/185/65 74/186/65
f 75/187/66 79/188/66 80/189/66
f 77/190/67 81/191/67 82/192/67
f 74/193/68 83/194/68 64/195/69
f 76/196/70 84/197/70 79/198/70
f 65/199/71 24/32/71 85/200/71
f 77/201/72 84/202/72 63/203/72
f 66/204/73 83/205/73 86/206/73
f 65/207/74 87/208/74 68/209/74
f 30/42/75 69/210/75 88/211/75
f 66/212/76 89/213/76 67/214/76
f 67/215/77 90/216/77 70/217/77
f 71/218/78 87/219/78 91/220/78
f 75/221/79 88/222/79 69/223/79
f 70/224/80 81/225/80 73/226/80
f 71/227/81 92/228/81 72/229/81
f 90/230/82 93/231/82 94/232/82
f 90/233/83 95/234/83 81/235/83
f 91/236/84 96/237/84 92/238/84
f 80/239/85 97/240/85 98/241/85
f 82/242/86 95/243/86 99/244/86
f 78/245/87 96/246/87 100/247/87
f 78/248/88 101/249/88 83/250/88
f 84/251/89 97/252/89 79/253/89
f 82/254/90 102/255/90 84/256/90
f 83/257/91 103/258/91 86/259/91
f 85/260/92 24/32/92 104/261/92
f 87/262/93 104/261/93 105/263/93
f 89/264/94 103/265/94 93/266/94
f 87/267/95 106/268/95 91/269/95
f 30/42/96 88/270/96 107/271/96
f 80/272/97 107/273/97 88/274/97
f 105/275/98 108/276/98 109/277/98
f 105/278/99 110/279/99 106/280/99
f 30/42/100 107/281/100 111/282/100
f 94/283/101 112/284/101 113/285/101
f 106/286/102 114/287/102 96/288/102
f 107/289/103 115/290/103 111/291/103
f 97/292/104 115/293/104 98/294/104
f 94/295/105 116/296/105 95/297/105
f 99/298/106 116/299/106 117/300/106
f 96/301/107 118/302/107 100/303/107
f 97/304/108 119/305/108 120/306/108
f 99/307/109 119/308/109 102/309/109
f 101/310/110 118/311/110 121/312/110
f 103/313/111 121/314/111 122/315/111
f 104/316/112 24/32/112 108/276/112
f 103/317/113 112/318/113 93/319/113
f 122/320/114 123/321/114 124/322/114
f 112/323/115 124/324/115 125/325/115
f 109/326/116 126/327/116 127/328/116
f 30/42/117 111/329/117 128/330/117
f 113/331/118 125/332/118 129/333/118
f 109/334/119 130/335/119 110/336/119
f 114/337/120 130/338/120 131/339/120
f 115/340/121 128/341/121 111/342/121
f 113/343/122 132/344/122 116/345/122
f 118/346/123 131/347/123 133/348/123
f 120/349/124 134/350/124 115/351/124
f 119/352/125 135/353/125 120/354/125
f 117/355/126 132/356/126 136/357/126
f 117/358/127 137/359/127 119/360/127
f 118/361/128 123/362/128 121/363/128
f 108/364/129 24/32/129 126/327/129
f 133/365/130 138/366/130 123/367/130
f 135/368/131 139/369/131 140/370/131
f 126/371/132 24/32/132 141/372/132
f 137/373/133 142/374/133 139/375/133
f 124/376/134 138/377/134 143/378/134
f 126/379/135 144/380/135 127/381/135
f 30/42/136 128/382/136 145/383/136
f 125/384/137 143/385/137 146/386/137
f 125/387/138 147/388/138 129/389/138
f 130/390/139 144/391/139 148/392/139
f 128/393/140 149/394/140 145/395/140
f 129/396/141 150/397/141 132/398/141
f 131/399/142 148/400/142 151/401/142
f 131/402/143 152/403/143 133/404/143
f 135/405/144 149/406/144 134/407/144
f 136/408/145 150/409/145 142/410/145
f 140/411/146 153/412/146 149/413/146
f 142/414/147 154/415/147 155/416/147
f 152/417/148 156/418/148 157/419/148
f 152/420/149 158/421/149 138/422/149
f 139/423/150 159/424/150 140/425/150
f 139/426/151 155/427/151 160/428/151
f 143/429/152 158/430/152 161/431/153
f 141/432/154 24/32/154 162/433/154
f 141/434/155 163/435/155 144/436/155
f 143/437/156 164/438/156 146/439/156
f 144/440/157 165/441/157 148/442/157
f 30/42/158 145/443/158 166/444/158
f 145/445/159 153/446/159 166/447/159
f 146/448/160 167/449/160 147/450/160
f 147/451/161 154/452/161 150/453/161
f 148/454/162 156/455/162 151/456/162
f 167/457/163 168/458/163 169/459/163
f 165/460/164 170/461/164 156/462/164
f 166/463/165 171/464/165 172/465/165
f 159/466/166 171/467/166 153/468/166
f 167/469/167 173/470/167 154/471/167
f 155/472/168 173/473/168 174/474/168
f 157/475/169 170/476/169 175/477/169
f 159/478/170 176/479/170 177/480/170
f 155/481/171 176/482/171 160/483/171
f 157/484/172 178/485/172 158/486/172
f 161/487/173 178/488/173 179/489/173
f 162/490/174 24/32/174 180/491/174
f 161/492/175 168/493/175 164/494/175
f 163/495/176 180/491/176 181/496/176
f 165/497/177 181/498/177 182/499/177
f 30/42/178 166/500/178 172/501/178
f 30/42/179 172/502/179 183/503/179
f 168/504/180 184/505/180 169/506/180
f 182/507/181 185/508/181 186/509/181
f 182/510/182 187/511/182 170/512/182
f 172/513/183 188/514/183 183/515/183
f 169/516/184 189/517/184 173/518/184
f 175/519/185 187/520/185 190/521/185
f 171/522/186 191/523/186 188/524/186
f 177/525/187 192/526/187 191/527/187
f 174/528/188 189/529/188 193/530/189
f 174/531/190 192/532/190 176/533/190
f 175/534/191 194/535/191 178/536/191
f 180/537/192 24/32/192 195/538/192
f 179/539/193 194/540/193 196/541/193
f 168/542/194 196/543/194 197/544/194
f 180/545/195 185/546/195 181/547/195
f 196/548/196 198/549/196 199/550/196
f 195/551/197 200/552/197 185/553/197
f 30/42/198 183/554/198 201/555/198
f 196/556/199 202/557/199 197/558/199
f 197/559/200 203/560/200 184/561/200
f 185/562/201 204/563/201 186/564/201
f 183/565/202 205/566/202 201/567/202
f 184/568/203 206/569/203 189/570/203
f 186/571/204 207/572/204 187/573/204
f 190/574/205 207/575/205 208/576/205
f 188/577/206 209/578/206 205/579/206
f 189/580/207 210/581/207 193/582/207
f 190/583/208 198/584/208 194/585/208
f 192/586/209 209/587/209 191/588/209
f 195/589/210 24/32/210 211/590/210
f 193/591/211 212/592/211 192/593/211
f 208/594/212 213/595/212 198/596/212
f 212/597/213 214/598/213 209/599/213
f 210/600/214 215/601/214 212/602/214
f 199/603/215 213/604/215 216/605/215
f 211/606/216 24/32/216 217/607/216
f 211/608/217 218/609/217 200/610/217
f 202/611/218 216/612/218 219/613/218
f 200/614/219 220/615/219 204/616/219
f 30/42/220 201/617/220 221/618/220
f 201/619/221 222/620/221 221/621/221
f 203/622/222 219/623/222 223/624/222
f 203/625/223 224/626/223 206/627/223
f 204/628/224 225/629/224 207/630/224
f 209/631/225 222/632/225 205/633/225
f 210/634/226 224/635/226 226/636/226
f 207/637/227 227/638/227 208/639/227
f 223/640/228 228/641/228 224/642/228
f 226/643/229 228/644/229 229/645/229
f 225/646/230 230/647/230 227/648/230
f 215/649/231 231/650/231 214/651/231
f 226/652/232 232/653/232 215/654/232
f 227/655/233 233/656/233 213/657/233
f 213/658/234 234/659/234 216/660/234
f 217/661/235 24/32/235 235/662/235
f 216/663/236 236/664/236 219/665/236
f 217/666/237 237/667/237 218/668/237
f 220/669/238 237/670/238 238/671/238
f 30/42/239 221/672/239 239/673/239
f 219/674/240 240/675/240 223/676/240
f 225/677/241 238/678/241 241/679/241
f 221/680/242 242/681/242 239/682/242
f 214/683/243 242/684/243 222/685/243
f 237/686/244 243/687/244 238/688/244
f 241/689/245 243/690/245 244/691/245
f 242/692/246 245/693/246 239/694/246
f 240/695/247 246/696/247 228/697/247
f 241/698/248 247/699/248 230/700/248
f 242/701/249 248/702/249 249/703/249
f 231/704/250 250/705/250 248/706/250
f 229/707/251 246/708/251 251/709/251
f 232/710/252 251/711/252 250/712/252
f 230/713/253 252/714/253 233/715/253
f 235/716/254 24/32/254 253/717/254
f 234/718/255 252/719/255 254/720/255
f 234/721/256 255/722/256 236/723/256
f 235/724/257 256/725/257 237/726/257
f 30/42/258 239/727/258 245/728/258
f 240/729/259 255/730/259 257/731/259
f 30/42/260 245/732/260 258/733/260
f 254/734/261 259/735/261 255/736/261
f 257/737/262 259/738/262 260/739/262
f 256/740/263 261/741/263 243/742/263
f 245/743/264 262/744/264 258/745/264
f 257/746/265 263/747/265 246/748/265
f 243/749/266 264/750/266 244/751/266
f 247/752/267 264/753/267 265/754/267
f 249/755/268 266/756/268 262/757/268
f 251/758/269 263/759/269 267/760/269
f 247/761/270 268/762/270 252/763/270
f 248/764/271 269/765/271 266/766/271
f 253/767/272 24/32/272 270/768/272
f 250/769/273 267/770/273 269/771/273
f 254/772/274 268/773/274 271/774/274
f 253/775/275 272/776/275 256/777/275
f 271/778/276 273/779/276 274/780/277
f 270/781/278 24/32/278 275/782/278
f 272/783/279 275/782/279 276/784/279
f 271/785/280 277/786/280 259/787/280
f 261/788/281 276/789/281 278/790/281
f 30/42/282 258/791/282 279/792/282
f 262/793/283 279/794/283 258/795/283
f 260/796/284 277/797/284 280/798/284
f 260/799/285 281/800/285 263/801/285
f 261/802/286 282/803/286 264/804/286
f 266/805/287 283/806/287 262/807/287
f 267/808/288 281/809/288 284/810/288
f 264/811/289 285/812/289 265/813/289
f 265/814/290 273/815/290 268/816/290
f 266/817/291 286/818/291 287/819/291
f 267/820/292 286/821/292 269/822/292
f 286/823/293 288/824/293 287/825/293
f 284/826/294 289/827/294 286/828/294
f 285/829/295 290/830/295 273/831/295
f 274/832/296 290/833/296 291/834/296
f 275/835/297 24/32/297 292/836/297
f 274/837/298 293/838/298 277/839/298
f 275/840/299 294/841/299 276/842/299
f 276/843/300 295/844/300 278/845/300
f 30/42/301 279/846/301 296/847/301
f 277/848/302 297/849/302 280/850/302
f 282/851/303 295/852/303 298/853/303
f 283/854/304 296/855/304 279/856/304
f 283/857/305 288/858/305 299/859/305
f 280/860/306 300/861/306 281/862/306
f 281/863/307 301/864/307 284/865/307
f 282/866/308 302/867/308 285/868/308
f 297/869/309 303/870/309 300/871/309
f 302/872/310 304/873/310 305/874/310
f 288/875/311 306/876/311 299/877/311
f 289/878/312 307/879/312 288/880/312
f 301/881/313 303/882/313 308/883/313
f 301/884/314 309/885/314 289/886/314
f 302/887/315 310/888/316 290/889/316
f 292/890/317 24/32/317 311/891/317
f 291/892/318 310/893/318 312/894/318
f 291/895/319 313/896/319 293/897/319
f 294/898/320 311/891/320 314/899/320
f 30/42/321 296/900/321 315/901/321
f 293/902/322 316/903/322 297/904/322
f 294/905/323 317/906/323 295/907/323
f 298/908/324 317/909/324 304/910/324
f 299/911/325 315/912/325 296/913/325
f 306/914/326 318/915/326 315/916/326
f 316/917/327 319/918/327 303/919/327
f 304/920/328 320/921/328 321/922/328
f 305/923/329 321/924/329 322/925/329
f 307/926/330 323/927/330 306/928/330
f 308/929/331 319/930/331 324/931/331
f 305/932/332 325/933/332 310/934/332
f 309/935/333 326/936/333 307/937/333
f 311/938/334 24/32/334 327/939/334
f 308/940/335 328/941/335 309/942/335
f 312/943/336 325/944/336 329/945/336
f 311/946/337 330/947/337 314/948/337
f 30/42/338 315/949/338 318/950/338
f 312/951/339 331/952/339 313/953/339
f 313/954/340 332/955/340 316/956/340
f 314/957/341 320/958/341 317/959/341
f 329/960/342 333/961/342 331/962/342
f 330/963/343 334/964/343 320/965/343
f 30/42/344 318/966/344 335/967/344
f 323/968/345 335/969/345 318/970/345
f 331/971/346 336/972/346 332/973/346
f 332/974/347 337/975/347 319/976/347
f 321/977/348 334/978/348 338/979/348
f 323/980/349 339/981/349 340/982/349
f 324/983/350 337/984/350 341/985/350
f 321/986/351 342/987/351 322/988/351
f 325/989/352 342/990/352 343/991/352
f 328/992/353 339/993/353 326/994/353
f 328/995/354 341/996/354 344/997/354
f 329/998/355 343/999/355 345/1000/355
f 327/1001/356 24/32/356 346/1002/356
f 327/1003/357 347/1004/357 330/1005/357
f 345/1006/358 348/1007/358 349/1008/358
f 346/1009/359 24/32/359 350/1010/359
f 345/1011/360 351/1012/360 333/1013/360
f 347/1014/361 350/1010/361 352/1015/361
f 334/1016/362 352/1017/362 353/1018/362
f 30/42/363 335/1019/363 354/1020/363
f 336/1021/364 351/1022/364 355/1023/364
f 338/1024/365 353/1025/365 356/1026/365
f 340/1027/366 354/1028/366 335/1029/366
f 340/1030/367 357/1031/367 358/1032/367
f 336/1033/368 359/1034/368 337/1035/369
f 341/1036/370 359/1037/370 360/1038/370
f 338/1039/371 361/1040/371 342/1041/371
f 344/1042/372 357/1043/372 339/1044/372
f 341/1045/373 362/1046/373 344/1047/373
f 342/1048/374 348/1049/374 343/1050/374
f 360/1051/375 363/1052/375 364/1053/375
f 360/1054/376 365/1055/376 362/1056/376
f 348/1057/377 366/1058/377 367/1059/377
f 350/1060/378 24/32/378 368/1061/378
f 349/1062/379 367/1063/379 369/1064/379
f 349/1065/380 370/1066/380 351/1067/380
f 352/1068/381 368/1061/381 371/1069/381
f 30/42/382 354/1070/382 372/1071/382
f 355/1072/383 370/1073/383 373/1074/383
f 352/1075/384 374/1076/384 353/1077/384
f 353/1078/385 375/1079/385 356/1080/385
f 358/1081/386 372/1082/386 354/1083/386
f 355/1084/387 363/1085/387 359/1086/387
f 361/1087/388 375/1088/388 366/1089/388
f 357/1090/389 376/1091/389 358/1092/389
f 357/1093/390 365/1094/390 377/1095/390
f 375/1096/391 378/1097/391 379/1098/391
f 366/1099/392 379/1100/392 380/1101/392
f 376/1102/393 381/1103/393 382/1104/393
f 363/1105/394 383/1106/394 364/1107/394
f 366/1108/395 384/1109/395 367/1110/395
f 365/1111/396 381/1112/396 377/1113/396
f 368/1114/397 24/32/397 385/1115/397
f 364/1116/398 386/1117/398 365/1118/398
f 369/1119/399 384/1120/399 387/1121/399
f 371/1122/400 385/1115/400 388/1123/400
f 30/42/401 372/1124/401 389/1125/401
f 369/1126/402 390/1127/402 370/1128/402
f 373/1129/403 390/1130/403 391/1131/403
f 371/1132/404 378/1133/404 374/1134/404
f 376/1135/405 389/1136/405 372/1137/405
f 373/1138/406 392/1139/406 363/1140/406
f 382/1141/407 393/1142/407 389/1143/407
f 390/1144/408 394/1145/408 391/1146/408
f 391/1147/409 395/1148/409 392/1149/410
f 378/1150/411 396/1151/411 379/1152/411
f 382/1153/412 397/1154/412 398/1155/412
f 383/1156/413 395/1157/413 399/1158/413
f 380/1159/414 396/1160/414 400/1161/414
f 380/1162/415 401/1163/415 384/1164/415
f 386/1165/416 397/1166/416 381/1167/416
f 383/1168/417 402/1169/417 386/1170/417
f 387/1171/418 401/1172/418 403/1173/419
f 385/1174/420 24/32/420 404/1175/420
f 385/1176/421 405/1177/421 388/1178/421
f 387/1179/422 406/1180/422 390/1181/422
f 388/1182/423 407/1183/423 378/1184/423
f 30/42/424 389/1185/424 393/1186/424
f 406/1187/425 408/1188/425 409/1189/425
f 404/1190/426 410/1191/426 405/1192/426
f 407/1193/427 410/1194/427 411/1195/427
f 30/42/428 393/1196/428 412/1197/428
f 394/1198/429 409/1199/429 413/1200/429
f 396/1201/430 411/1202/430 414/1203/430
f 393/1204/431 415/1205/431 412/1206/431
f 398/1207/432 416/1208/432 415/1209/432
f 394/1210/433 417/1211/433 395/1212/433
f 399/1213/434 417/1214/434 418/1215/434
f 400/1216/435 414/1217/435 419/1218/435
f 397/1219/436 420/1220/436 416/1221/436
f 402/1222/437 418/1223/437 420/1224/437
f 400/1225/438 421/1226/438 401/1227/438
f 403/1228/439 421/1229/439 408/1230/439
f 404/1231/440 24/32/440 422/1232/440
f 422/1233/441 24/32/441 423/1234/441
f 408/1235/442 424/1236/442 425/1237/442
f 408/1238/443 426/1239/443 409/1240/443
f 410/1241/444 423/1234/444 427/1242/444
f 30/42/445 412/1243/445 428/1244/445
f 409/1245/446 429/1246/446 413/1247/446
f 410/1248/447 430/1249/447 411/1250/447
f 411/1251/448 431/1252/448 414/1253/448
f 415/1254/449 428/1255/449 412/1256/449
f 413/1257/450 432/1258/450 417/1259/450
f 419/1260/451 431/1261/451 433/1262/451
f 416/1263/452 434/1264/452 415/1265/452
f 420/1266/453 435/1267/453 416/1268/453
f 418/1269/454 432/1270/454 436/1271/455
f 420/1272/456 436/1273/456 437/1274/456
f 419/1275/457 424/1276/457 421/1277/458
f 436/1278/459 438/1279/459 439/1280/459
f 433/1281/460 440/1282/460 424/1283/460
f 437/1284/461 441/1285/461 435/1286/461
f 423/1287/462 24/32/462 442/1288/462
f 436/1289/463 443/1290/463 437/1291/463
f 425/1292/464 440/1293/464 444/1294/464
f 427/1295/465 442/1288/465 445/1296/465
f 30/42/466 428/1297/466 446/1298/466
f 426/1299/467 444/1300/467 447/1301/467
f 426/1302/468 448/1303/468 429/1304/468
f 427/1305/469 449/1306/469 430/1307/469
f 434/1308/470 446/1309/470 428/1310/470
f 429/1311/471 438/1312/471 432/1313/471
f 430/1314/472 450/1315/472 431/1316/472
f 433/1317/473 450/1318/473 451/1319/473
f 435/1320/474 452/1321/474 434/1322/474
f 452/1323/475 453/1324/475 454/1325/475
f 439/1326/476 455/1327/476 456/1328/476
f 450/1329/477 457/1330/477 451/1331/477
f 451/1332/478 458/1333/478 440/1334/478
f 443/1335/479 453/1336/479 441/1337/479
f 443/1338/480 456/1339/480 459/1340/480
f 444/1341/481 458/1342/481 460/1343/481
f 442/1344/482 24/32/482 461/1345/482
f 442/1346/483 462/1347/483 445/1348/483
f 447/1349/484 460/1350/484 463/1351/484
f 445/1352/485 464/1353/485 449/1354/485
f 30/42/486 446/1355/486 465/1356/486
f 452/1357/487 465/1358/487 446/1359/487
f 448/1360/488 463/1361/488 466/1362/488
f 448/1363/489 455/1364/489 438/1365/489
f 450/1366/490 464/1367/490 467/1368/490
f 463/1369/491 468/1370/491 466/1371/491
f 464/1372/492 469/1373/492 467/1374/492
f 454/1375/493 470/1376/493 465/1377/493
f 453/1378/494 471/1379/494 454/1380/494
f 466/1381/495 472/1382/495 455/1383/495
f 456/1384/496 472/1385/496 473/1386/496
f 467/1387/497 474/1388/497 457/1389/497
f 459/1390/498 475/1391/498 453/1392/498
f 456/1393/499 476/1394/499 459/1395/499
f 457/1396/500 477/1397/500 458/1398/500
f 460/1399/501 477/1400/501 478/1401/502
f 461/1402/503 24/32/503 479/1403/503
f 460/1404/504 480/1405/504 463/1406/504
f 461/1407/505 481/1408/505 462/1409/505
f 462/1410/506 482/1411/506 464/1412/506
f 30/42/507 465/1413/507 470/1414/507
f 478/1415/508 4/1416/508 480/1417/508
f 479/1418/509 26/1419/509 481/1420/509
f 30/42/510 470/1421/510 31/1422/510
f 480/1423/511 6/1424/511 468/1425/511
f 482/1426/512 26/1427/512 29/1428/512
f 482/1429/513 10/1430/513 469/1431/513
f 470/1432/514 15/1433/514 31/1434/514
f 468/1435/515 1/1436/515 472/1437/515
f 474/1438/516 10/1439/516 7/1440/516
f 475/1441/517 15/1442/517 471/1443/517
f 476/1444/518 13/1445/518 475/1446/518
f 473/1447/519 1/1448/519 3/1449/519
f 473/1450/520 18/1451/520 476/1452/520
f 474/1453/521 16/1454/521 477/1455/521
f 479/1456/522 24/32/522 23/1457/522
f 478/1458/523 16/1459/523 21/1460/523
f 1/1/1 12/1461/1 2/2/1
f 4/4/2 28/1462/2 5/5/2
f 7/7/3 10/1463/3 8/8/3
f 10/10/4 29/1464/4 11/11/4
f 6/13/5 5/1465/5 12/14/5
f 13/16/6 19/1466/6 14/17/6
f 16/19/7 7/1467/7 9/20/7
f 18/22/8 20/1468/8 19/23/8
f 3/25/9 2/1469/9 20/26/9
f 21/28/10 16/1470/10 17/29/10
f 26/34/12 23/1471/12 25/33/12
f 21/36/13 22/1472/13 28/37/13
f 29/39/14 26/1473/14 27/40/14
f 15/45/16 14/1474/16 32/46/16
f 22/48/17 46/1475/17 33/49/17
f 11/51/18 27/1476/18 34/52/18
f 14/56/20 40/1477/20 36/57/20
f 28/59/21 33/1478/21 37/60/21
f 5/62/22 37/1479/22 38/63/22
f 8/65/23 11/1480/23 35/66/23
f 19/68/24 44/1481/24 40/69/24
f 12/71/25 38/1482/25 41/72/25
f 8/74/26 39/1483/26 42/75/26
f 17/77/27 9/1484/27 42/78/27
f 20/80/28 45/1485/28 44/81/28
f 2/83/29 41/1486/29 45/84/29
f 17/86/30 43/1487/524 46/87/30
f 27/91/32 25/1488/32 47/90/32
f 33/93/33 46/1489/33 48/94/33
f 47/96/34 62/138/34 50/97/34
f 34/99/35 50/1490/35 51/100/35
f 33/104/37 49/1491/37 53/105/37
f 35/107/38 51/1492/38 54/108/38
f 40/110/39 56/1493/39 52/111/39
f 40/113/40 44/1494/40 55/114/40
f 38/116/41 37/1495/41 53/117/41
f 38/119/42 57/1496/42 58/120/42
f 42/122/43 39/1497/43 54/123/43
f 45/125/44 60/1498/44 55/126/44
f 45/128/45 41/1499/45 58/129/45
f 42/131/46 59/1500/46 61/132/46
f 46/134/47 43/1501/47 61/135/47
f 58/139/49 77/1502/49 63/140/49
f 59/142/50 74/1503/50 64/143/50
f 61/147/52 64/1504/52 66/148/52
f 49/150/53 48/1505/53 66/151/53
f 50/153/54 62/1506/54 65/146/54
f 49/157/56 67/1507/56 70/158/56
f 50/160/57 68/1508/57 71/161/57
f 51/163/58 71/1509/58 72/164/58
f 56/166/59 75/1510/59 69/167/59
f 53/169/60 70/1511/60 73/170/60
f 54/172/61 72/1512/61 74/173/61
f 55/175/62 76/1513/62 75/176/62
f 55/178/63 60/1514/63 63/179/63
f 58/181/64 57/1515/64 73/182/64
f 72/184/65 92/1516/65 78/185/65
f 75/187/66 76/1517/66 79/188/66
f 77/190/67 73/1518/67 81/191/67
f 74/193/68 78/1519/68 83/194/68
f 76/196/70 63/1520/70 84/197/70
f 77/201/72 82/1521/72 84/202/72
f 66/204/73 64/1522/73 83/205/73
f 65/207/74 85/200/74 87/208/74
f 66/212/76 86/1523/76 89/213/76
f 67/215/77 89/1524/77 90/216/77
f 71/218/78 68/1525/78 87/219/78
f 75/221/79 80/1526/79 88/222/79
f 70/224/80 90/1527/80 81/225/80
f 71/227/81 91/1528/81 92/228/81
f 90/230/82 89/1529/82 93/231/82
f 90/233/83 94/1530/83 95/234/83
f 91/236/84 106/1531/84 96/237/84
f 80/239/85 79/1532/85 97/240/85
f 82/242/86 81/1533/86 95/243/86
f 78/245/87 92/1534/87 96/246/87
f 78/248/88 100/1535/88 101/249/88
f 84/251/89 102/1536/89 97/252/89
f 82/254/90 99/1537/90 102/255/90
f 83/257/91 101/1538/91 103/258/91
f 87/262/93 85/1539/93 104/261/93
f 89/264/94 86/1540/94 103/265/94
f 87/267/95 105/1541/95 106/268/95
f 80/272/97 98/1542/97 107/273/97
f 105/275/98 104/1543/98 108/276/98
f 105/278/99 109/1544/99 110/279/99
f 94/283/101 93/1545/101 112/284/101
f 106/286/102 110/1546/102 114/287/102
f 107/289/103 98/1547/103 115/290/103
f 97/292/104 120/1548/104 115/293/104
f 94/295/105 113/1549/105 116/296/105
f 99/298/106 95/1550/106 116/299/106
f 96/301/107 114/1551/107 118/302/107
f 97/304/108 102/1552/108 119/305/108
f 99/307/109 117/1553/109 119/308/109
f 101/310/110 100/1554/110 118/311/110
f 103/313/111 101/1555/111 121/314/111
f 103/317/113 122/1556/113 112/318/113
f 122/320/114 121/1557/114 123/321/114
f 112/323/115 122/1558/115 124/324/115
f 109/326/116 108/1559/116 126/327/116
f 113/331/118 112/1560/118 125/332/118
f 109/334/119 127/1561/119 130/335/119
f 114/337/120 110/1562/120 130/338/120
f 115/340/121 134/1563/121 128/341/121
f 113/343/122 129/1564/122 132/344/122
f 118/346/123 114/1565/123 131/347/123
f 120/349/124 135/1566/124 134/350/124
f 119/352/125 137/1567/125 135/353/125
f 117/355/126 116/1568/126 132/356/126
f 117/358/127 136/1569/127 137/359/127
f 118/361/128 133/1570/128 123/362/128
f 133/365/130 152/1571/130 138/366/130
f 135/368/131 137/1572/131 139/369/131
f 137/373/133 136/1573/133 142/374/133
f 124/376/134 123/1574/134 138/377/134
f 126/379/135 141/372/135 144/380/135
f 125/384/137 124/1575/137 143/385/137
f 125/387/138 146/1576/138 147/388/138
f 130/390/139 127/1577/139 144/391/139
f 128/393/140 134/1578/140 149/394/140
f 129/396/141 147/1579/141 150/397/141
f 131/399/142 130/1580/142 148/400/142
f 131/402/143 151/1581/143 152/403/143
f 135/405/144 140/1582/144 149/406/144
f 136/408/145 132/1583/145 150/409/145
f 140/411/146 159/1584/146 153/412/146
f 142/414/147 150/1585/147 154/415/147
f 152/417/148 151/1586/148 156/418/148
f 152/420/149 157/1587/149 158/421/149
f 139/423/150 160/1588/150 159/424/150
f 139/426/151 142/1589/151 155/427/151
f 143/429/152 138/1590/152 158/430/152
f 141/434/155 162/433/155 163/435/155
f 143/437/156 161/1591/156 164/438/156
f 144/440/157 163/1592/157 165/441/157
f 145/445/159 149/1593/159 153/446/159
f 146/448/160 164/1594/160 167/449/160
f 147/451/161 167/1595/161 154/452/161
f 148/454/162 165/1596/162 156/455/162
f 167/457/163 164/1597/163 168/458/163
f 165/460/164 182/1598/164 170/461/164
f 166/463/165 153/1599/165 171/464/165
f 159/466/166 177/1600/166 171/467/166
f 167/469/167 169/1601/167 173/470/167
f 155/472/168 154/1602/168 173/473/168
f 157/475/169 156/1603/169 170/476/169
f 159/478/170 160/1604/170 176/479/170
f 155/481/171 174/1605/171 176/482/171
f 157/484/172 175/1606/172 178/485/172
f 161/487/173 158/1607/173 178/488/173
f 161/492/175 179/1608/175 168/493/175
f 163/495/176 162/1609/176 180/491/176
f 165/497/177 163/1610/177 181/498/177
f 168/504/180 197/1611/180 184/505/180
f 182/507/181 181/1612/181 185/508/181
f 182/510/182 186/1613/182 187/511/182
f 172/513/183 171/1614/183 188/514/183
f 169/516/184 184/1615/184 189/517/184
f 175/519/185 170/1616/185 187/520/185
f 171/522/186 177/1617/186 191/523/186
f 177/525/187 176/1618/187 192/526/187
f 174/528/188 173/1619/188 189/529/188
f 174/531/190 193/1620/190 192/532/190
f 175/534/191 190/1621/191 194/535/191
f 179/539/193 178/1622/193 194/540/193
f 168/542/194 179/1623/194 196/543/194
f 180/545/195 195/538/195 185/546/195
f 196/548/196 194/1624/196 198/549/196
f 195/551/197 211/590/197 200/552/197
f 196/556/199 199/1625/199 202/557/199
f 197/559/200 202/1626/200 203/560/200
f 185/562/201 200/1627/201 204/563/201
f 183/565/202 188/1628/202 205/566/202
f 184/568/203 203/1629/203 206/569/203
f 186/571/204 204/1630/204 207/572/204
f 190/574/205 187/1631/205 207/575/205
f 188/577/206 191/1632/206 209/578/206
f 189/580/207 206/1633/207 210/581/207
f 190/583/208 208/1634/208 198/584/208
f 192/586/209 212/1635/209 209/587/209
f 193/591/211 210/1636/211 212/592/211
f 208/594/212 227/1637/212 213/595/212
f 212/597/213 215/1638/213 214/598/213
f 210/600/214 226/1639/214 215/601/214
f 199/603/215 198/1640/215 213/604/215
f 211/608/217 217/607/217 218/609/217
f 202/611/218 199/1641/218 216/612/218
f 200/614/219 218/1642/219 220/615/219
f 201/619/221 205/1643/221 222/620/221
f 203/622/222 202/1644/222 219/623/222
f 203/625/223 223/1645/223 224/626/223
f 204/628/224 220/1646/224 225/629/224
f 209/631/225 214/1647/225 222/632/225
f 210/634/226 206/1648/226 224/635/226
f 207/637/227 225/1649/227 227/638/227
f 223/640/228 240/1650/228 228/641/228
f 226/643/229 224/1651/229 228/644/229
f 225/646/230 241/1652/230 230/647/230
f 215/649/231 232/1653/231 231/650/231
f 226/652/232 229/1654/232 232/653/232
f 227/655/233 230/1655/233 233/656/233
f 213/658/234 233/1656/234 234/659/234
f 216/663/236 234/1657/236 236/664/236
f 217/666/237 235/662/237 237/667/237
f 220/669/238 218/1658/238 237/670/238
f 219/674/240 236/1659/240 240/675/240
f 225/677/241 220/1660/241 238/678/241
f 221/680/242 222/1661/242 242/681/242
f 214/683/243 231/1662/243 242/684/243
f 237/686/244 256/1663/244 243/687/244
f 241/689/245 238/1664/245 243/690/245
f 242/692/246 249/1665/246 245/693/246
f 240/695/247 257/1666/247 246/696/247
f 241/698/248 244/1667/248 247/699/248
f 242/701/249 231/1668/249 248/702/249
f 231/704/250 232/1669/250 250/705/250
f 229/707/251 228/1670/251 246/708/251
f 232/710/252 229/1671/252 251/711/252
f 230/713/253 247/1672/253 252/714/253
f 234/718/255 233/1673/255 252/719/255
f 234/721/256 254/1674/256 255/722/256
f 235/724/257 253/717/257 256/725/257
f 240/729/259 236/1675/259 255/730/259
f 254/734/261 271/1676/261 259/735/261
f 257/737/262 255/1677/262 259/738/262
f 256/740/263 272/1678/263 261/741/263
f 245/743/264 249/1679/264 262/744/264
f 257/746/265 260/1680/265 263/747/265
f 243/749/266 261/1681/266 264/750/266
f 247/752/267 244/1682/267 264/753/267
f 249/755/268 248/1683/268 266/756/268
f 251/758/269 246/1684/269 263/759/269
f 247/761/270 265/1685/270 268/762/270
f 248/764/271 250/1686/271 269/765/271
f 250/769/273 251/1687/273 267/770/273
f 254/772/274 252/1688/274 268/773/274
f 253/775/275 270/768/275 272/776/275
f 271/778/276 268/1689/276 273/779/276
f 272/783/279 270/1690/279 275/782/279
f 271/785/280 274/1691/280 277/786/280
f 261/788/281 272/1692/281 276/789/281
f 262/793/283 283/1693/283 279/794/283
f 260/796/284 259/1694/284 277/797/284
f 260/799/285 280/1695/525 281/800/285
f 261/802/286 278/1696/286 282/803/286
f 266/805/287 287/1697/287 283/806/287
f 267/808/288 263/1698/288 281/809/288
f 264/811/289 282/1699/289 285/812/289
f 265/814/290 285/1700/290 273/815/290
f 266/817/291 269/1701/291 286/818/291
f 267/820/292 284/1702/292 286/821/292
f 286/823/293 289/1703/293 288/824/293
f 284/826/294 301/1704/294 289/827/294
f 285/829/295 302/1705/295 290/830/295
f 274/832/296 273/1706/296 290/833/296
f 274/837/298 291/1707/298 293/838/298
f 275/840/299 292/836/299 294/841/299
f 276/843/300 294/1708/300 295/844/300
f 277/848/302 293/1709/302 297/849/302
f 282/851/303 278/1710/303 295/852/303
f 283/854/304 299/1711/304 296/855/304
f 283/857/305 287/1712/305 288/858/305
f 280/860/306 297/1713/306 300/861/306
f 281/863/307 300/1714/307 301/864/307
f 282/866/308 298/1715/308 302/867/308
f 297/869/309 316/1716/309 303/870/309
f 302/872/310 298/1717/310 304/873/310
f 288/875/311 307/1718/311 306/876/311
f 289/878/312 309/1719/312 307/879/312
f 301/881/313 300/1720/313 303/882/313
f 301/884/314 308/1721/314 309/885/314
f 302/887/315 305/1722/315 310/888/316
f 291/892/318 290/1723/318 310/893/318
f 291/895/319 312/1724/319 313/896/319
f 294/898/320 292/1725/320 311/891/320
f 293/902/322 313/1726/322 316/903/322
f 294/905/323 314/1727/323 317/906/323
f 298/908/324 295/1728/324 317/909/324
f 299/911/325 306/1729/325 315/912/325
f 306/914/326 323/1730/326 318/915/326
f 316/917/327 332/1731/327 319/918/327
f 304/920/328 317/1732/328 320/921/328
f 305/923/329 304/1733/329 321/924/329
f 307/926/330 326/1734/330 323/927/330
f 308/929/331 303/1735/331 319/930/331
f 305/932/332 322/1736/332 325/933/332
f 309/935/333 328/1737/333 326/936/333
f 308/940/335 324/1738/335 328/941/335
f 312/943/336 310/1739/336 325/944/336
f 311/946/337 327/939/337 330/947/337
f 312/951/339 329/1740/339 331/952/339
f 313/954/340 331/1741/340 332/955/340
f 314/957/341 330/1742/341 320/958/341
f 329/960/342 345/1743/342 333/961/342
f 330/963/343 347/1744/343 334/964/343
f 323/968/345 340/1745/345 335/969/345
f 331/971/346 333/1746/346 336/972/346
f 332/974/347 336/1747/347 337/975/347
f 321/977/348 320/1748/348 334/978/348
f 323/980/349 326/1749/349 339/981/349
f 324/983/350 319/1750/350 337/984/350
f 321/986/351 338/1751/351 342/987/351
f 325/989/352 322/1752/352 342/990/352
f 328/992/353 344/1753/353 339/993/353
f 328/995/354 324/1754/354 341/996/354
f 329/998/355 325/1755/355 343/999/355
f 327/1003/357 346/1002/357 347/1004/357
f 345/1006/358 343/1756/526 348/1007/358
f 345/1011/360 349/1757/360 351/1012/360
f 347/1014/361 346/1758/361 350/1010/361
f 334/1016/362 347/1759/362 352/1017/362
f 336/1021/364 333/1760/364 351/1022/364
f 338/1024/365 334/1761/365 353/1025/365
f 340/1027/366 358/1762/366 354/1028/366
f 340/1030/367 339/1763/367 357/1031/367
f 336/1033/368 355/1764/368 359/1034/368
f 341/1036/370 337/1765/370 359/1037/370
f 338/1039/371 356/1766/371 361/1040/371
f 344/1042/372 362/1767/372 357/1043/372
f 341/1045/373 360/1768/373 362/1046/373
f 342/1048/374 361/1769/374 348/1049/374
f 360/1051/375 359/1770/375 363/1052/375
f 360/1054/376 364/1771/376 365/1055/376
f 348/1057/377 361/1772/377 366/1058/377
f 349/1062/379 348/1773/379 367/1063/379
f 349/1065/380 369/1774/380 370/1066/380
f 352/1068/381 350/1775/381 368/1061/381
f 355/1072/383 351/1776/383 370/1073/383
f 352/1075/384 371/1777/384 374/1076/384
f 353/1078/385 374/1778/385 375/1079/385
f 358/1081/386 376/1779/386 372/1082/386
f 355/1084/387 373/1780/387 363/1085/387
f 361/1087/388 356/1781/388 375/1088/388
f 357/1090/389 377/1782/389 376/1091/389
f 357/1093/390 362/1783/390 365/1094/390
f 375/1096/391 374/1784/391 378/1097/391
f 366/1099/392 375/1785/392 379/1100/392
f 376/1102/393 377/1786/393 381/1103/393
f 363/1105/394 392/1787/394 383/1106/394
f 366/1108/395 380/1788/395 384/1109/395
f 365/1111/396 386/1789/396 381/1112/396
f 364/1116/398 383/1790/398 386/1117/398
f 369/1119/399 367/1791/399 384/1120/399
f 371/1122/400 368/1792/400 385/1115/400
f 369/1126/402 387/1793/402 390/1127/402
f 373/1129/403 370/1794/403 390/1130/403
f 371/1132/404 388/1795/404 378/1133/404
f 376/1135/405 382/1796/405 389/1136/405
f 373/1138/406 391/1797/406 392/1139/406
f 382/1141/407 398/1798/407 393/1142/407
f 390/1144/408 406/1799/408 394/1145/408
f 391/1147/409 394/1800/409 395/1148/409
f 378/1150/411 407/1801/411 396/1151/411
f 382/1153/412 381/1802/412 397/1154/412
f 383/1156/413 392/1803/413 395/1157/413
f 380/1159/414 379/1804/414 396/1160/414
f 380/1162/415 400/1805/415 401/1163/415
f 386/1165/416 402/1806/416 397/1166/416
f 383/1168/417 399/1807/417 402/1169/417
f 387/1171/418 384/1808/418 401/1172/418
f 385/1176/421 404/1175/421 405/1177/421
f 387/1179/422 403/1809/422 406/1180/422
f 388/1182/423 405/1810/423 407/1183/423
f 406/1187/425 403/1811/425 408/1188/425
f 404/1190/426 422/1232/426 410/1191/426
f 407/1193/427 405/1812/427 410/1194/427
f 394/1198/429 406/1813/429 409/1199/429
f 396/1201/430 407/1814/430 411/1202/430
f 393/1204/431 398/1815/431 415/1205/431
f 398/1207/432 397/1816/432 416/1208/432
f 394/1210/433 413/1817/433 417/1211/433
f 399/1213/434 395/1818/434 417/1214/434
f 400/1216/435 396/1819/435 414/1217/435
f 397/1219/436 402/1820/436 420/1220/436
f 402/1222/437 399/1821/437 418/1223/437
f 400/1225/438 419/1822/438 421/1226/438
f 403/1228/439 401/1823/439 421/1229/439
f 408/1235/442 421/1824/442 424/1236/442
f 408/1238/443 425/1825/443 426/1239/443
f 410/1241/444 422/1826/444 423/1234/444
f 409/1245/446 426/1827/446 429/1246/446
f 410/1248/447 427/1828/447 430/1249/447
f 411/1251/448 430/1829/448 431/1252/448
f 415/1254/449 434/1830/449 428/1255/449
f 413/1257/450 429/1831/450 432/1258/450
f 419/1260/451 414/1832/451 431/1261/451
f 416/1263/452 435/1833/452 434/1264/452
f 420/1266/453 437/1834/453 435/1267/453
f 418/1269/454 417/1835/454 432/1270/454
f 420/1272/456 418/1836/456 436/1273/456
f 419/1275/457 433/1837/457 424/1276/457
f 436/1278/459 432/1838/459 438/1279/459
f 433/1281/460 451/1839/460 440/1282/460
f 437/1284/461 443/1840/461 441/1285/461
f 436/1289/463 439/1841/463 443/1290/463
f 425/1292/464 424/1842/464 440/1293/464
f 427/1295/465 423/1843/465 442/1288/465
f 426/1299/467 425/1844/467 444/1300/467
f 426/1302/468 447/1845/468 448/1303/468
f 427/1305/469 445/1846/469 449/1306/469
f 434/1308/470 452/1847/470 446/1309/470
f 429/1311/471 448/1848/471 438/1312/471
f 430/1314/472 449/1849/472 450/1315/472
f 433/1317/473 431/1850/473 450/1318/473
f 435/1320/474 441/1851/474 452/1321/474
f 452/1323/475 441/1852/475 453/1324/475
f 439/1326/476 438/1853/476 455/1327/476
f 450/1329/477 467/1854/477 457/1330/477
f 451/1332/478 457/1855/478 458/1333/478
f 443/1335/479 459/1856/479 453/1336/479
f 443/1338/480 439/1857/480 456/1339/480
f 444/1341/481 440/1858/481 458/1342/481
f 442/1346/483 461/1345/483 462/1347/483
f 447/1349/484 444/1859/484 460/1350/484
f 445/1352/485 462/1860/485 464/1353/485
f 452/1357/487 454/1861/487 465/1358/487
f 448/1360/488 447/1862/488 463/1361/488
f 448/1363/489 466/1863/489 455/1364/489
f 450/1366/490 449/1864/490 464/1367/490
f 463/1369/491 480/1865/491 468/1370/491
f 464/1372/492 482/1866/492 469/1373/492
f 454/1375/493 471/1867/493 470/1376/493
f 453/1378/494 475/1868/494 471/1379/494
f 466/1381/495 468/1869/495 472/1382/495
f 456/1384/496 455/1870/496 472/1385/496
f 467/1387/497 469/1871/497 474/1388/497
f 459/1390/498 476/1872/498 475/1391/498
f 456/1393/499 473/1873/499 476/1394/499
f 457/1396/500 474/1874/500 477/1397/500
f 460/1399/501 458/1875/501 477/1400/501
f 460/1404/504 478/1876/504 480/1405/504
f 461/1407/505 479/1403/505 481/1408/505
f 462/1410/506 481/1877/506 482/1411/506
f 478/1415/508 21/1878/508 4/1416/508
f 479/1418/509 23/1457/509 26/1419/509
f 480/1423/511 4/1879/511 6/1424/511
f 482/1426/512 481/1880/512 26/1427/512
f 482/1429/513 29/1881/513 10/1430/513
f 470/1432/514 471/1882/514 15/1433/514
f 468/1435/515 6/1883/515 1/1436/515
f 474/1438/516 469/1884/516 10/1439/516
f 475/1441/517 13/1885/527 15/1442/517
f 476/1444/518 18/1886/518 13/1445/518
f 473/1447/519 472/1887/519 1/1448/519
f 473/1450/520 3/1888/520 18/1451/520
f 474/1453/521 7/1889/521 16/1454/521
f 478/1458/523 477/1890/523 16/1459/523
