# Blender v2.79 (sub 0) OBJ File: ''
# www.blender.org
o Sphere
v -0.000002 1.264875 0.000001
v 0.583527 59.151619 -2.933597
v 1.144630 57.488602 -5.754454
v 1.661746 54.788002 -8.354169
v 2.115002 51.153595 -10.632840
v 2.486979 46.725082 -12.502899
v 2.763384 41.672607 -13.892474
v 2.933592 36.190369 -14.748172
v 2.991065 30.489014 -15.037106
v 2.933592 24.787674 -14.748172
v 2.763384 19.305429 -13.892476
v 2.486979 14.252951 -12.502899
v 2.115002 9.824432 -10.632840
v 1.661746 6.190033 -8.354169
v 1.144630 3.489435 -5.754451
v 0.583526 1.826410 -2.933594
v 1.144631 59.151619 -2.763388
v 2.245275 57.488602 -5.420578
v 3.259634 54.788002 -7.869454
v 4.148727 51.153595 -10.015915
v 4.878387 46.725082 -11.777472
v 5.420572 41.672607 -13.086425
v 5.754449 36.190369 -13.892472
v 5.867187 30.489014 -14.164643
v 5.754449 24.787674 -13.892472
v 5.420573 19.305429 -13.086426
v 4.878387 14.252951 -11.777472
v 4.148727 9.824432 -10.015915
v 3.259634 6.190033 -7.869454
v 2.245274 3.489435 -5.420575
v 1.144630 1.826410 -2.763384
v 1.661748 59.151619 -2.486984
v 3.259635 57.488602 -4.878391
v 4.732256 54.788002 -7.082323
v 6.023018 51.153595 -9.014087
v 7.082320 46.725082 -10.599443
v 7.869452 41.672607 -11.777469
v 8.354166 36.190369 -12.502893
v 8.517835 30.489014 -12.747842
v 8.354166 24.787674 -12.502893
v 7.869452 19.305429 -11.777472
v 7.082320 14.252951 -10.599443
v 6.023018 9.824432 -9.014087
v 4.732255 6.190033 -7.082321
v 3.259634 3.489435 -4.878388
v 1.661746 1.826410 -2.486980
v 2.115005 59.151619 -2.115005
v 4.148729 57.488602 -4.148730
v 6.023018 54.788002 -6.023020
v 7.665849 51.153595 -7.665850
v 9.014085 46.725082 -9.014086
v 10.015913 41.672607 -10.015913
v 10.632836 36.190369 -10.632838
v 10.841146 30.489014 -10.841148
v 10.632836 24.787674 -10.632838
v 10.015913 19.305429 -10.015915
v 9.014085 14.252951 -9.014086
v 7.665849 9.824432 -7.665850
v 6.023018 6.190033 -6.023020
v 4.148727 3.489435 -4.148728
v 2.115001 1.826410 -2.115003
v 2.486982 59.151619 -1.661749
v 4.878389 57.488602 -3.259636
v 7.082321 54.788002 -4.732256
v 9.014085 51.153595 -6.023020
v 10.599442 46.725082 -7.082320
v 11.777468 41.672607 -7.869454
v 12.502892 36.190369 -8.354165
v 12.747840 30.489014 -8.517835
v 12.502892 24.787674 -8.354165
v 11.777468 19.305429 -7.869454
v 10.599442 14.252951 -7.082320
v 9.014085 9.824432 -6.023020
v 7.082320 6.190033 -4.732255
v 4.878388 3.489435 -3.259635
v 2.486979 1.826410 -1.661747
v 2.763387 59.151619 -1.144632
v 5.420576 57.488602 -2.245276
v 7.869454 54.788002 -3.259635
v 10.015914 51.153595 -4.148727
v 11.777468 46.725082 -4.878387
v 13.086419 41.672607 -5.420575
v 13.892468 36.190369 -5.754448
v 14.164640 30.489014 -5.867186
v 13.892468 24.787674 -5.754448
v 13.086419 19.305429 -5.420575
v 11.777468 14.252951 -4.878387
v 10.015914 9.824432 -4.148727
v 7.869454 6.190033 -3.259634
v 5.420573 3.489435 -2.245275
v 2.763384 1.826410 -1.144631
v 2.933596 59.151619 -0.583528
v 5.754452 57.488602 -1.144631
v 8.354167 54.788002 -1.661747
v 10.632836 51.153595 -2.115002
v 12.502892 46.725082 -2.486979
v 13.892469 41.672607 -2.763384
v 14.748165 36.190369 -2.933591
v 15.037101 30.489014 -2.991065
v 14.748165 24.787674 -2.933591
v 13.892469 19.305429 -2.763385
v 12.502892 14.252951 -2.486979
v 10.632836 9.824432 -2.115002
v 8.354166 6.190033 -1.661746
v 5.754450 3.489435 -1.144631
v 2.933592 1.826410 -0.583527
v 2.991068 59.151619 0.000001
v 5.867188 57.488602 0.000001
v 8.517836 54.788002 0.000001
v 10.841146 51.153595 0.000001
v 12.747838 46.725082 0.000001
v 14.164639 41.672607 0.000000
v 15.037099 36.190369 0.000002
v 15.331696 30.489014 0.000002
v 15.037099 24.787674 0.000002
v 14.164639 19.305429 -0.000000
v 12.747838 14.252951 0.000001
v 10.841146 9.824432 0.000001
v 8.517835 6.190033 0.000001
v 5.867187 3.489435 0.000001
v 2.991065 1.826410 0.000001
v 2.933596 59.151619 0.583530
v 5.754452 57.488602 1.144633
v 8.354167 54.788002 1.661749
v 10.632836 51.153595 2.115004
v 12.502892 46.725082 2.486982
v 13.892469 41.672607 2.763385
v 14.748163 36.190369 2.933595
v 15.037101 30.489014 2.991068
v 14.748163 24.787674 2.933595
v 13.892469 19.305429 2.763384
v 12.502892 14.252951 2.486982
v 10.632836 9.824432 2.115004
v 8.354166 6.190033 1.661749
v 5.754449 3.489435 1.144633
v 2.933592 1.826410 0.583529
v 2.763386 59.151619 1.144634
v 5.420575 57.488602 2.245277
v 7.869454 54.788002 3.259636
v 10.015913 51.153595 4.148729
v 11.777466 46.725082 4.878389
v 13.086419 41.672607 5.420574
v 13.892467 36.190369 5.754451
v 14.164639 30.489014 5.867189
v 13.892467 24.787674 5.754451
v 13.086419 19.305429 5.420573
v 11.777466 14.252951 4.878389
v 10.015913 9.824432 4.148729
v 7.869452 6.190033 3.259636
v 5.420572 3.489435 2.245276
v 2.763383 1.826410 1.144633
v 2.486981 59.151619 1.661751
v 4.878388 57.488602 3.259636
v 7.082320 54.788002 4.732258
v 9.014082 51.153595 6.023021
v 10.599440 46.725082 7.082324
v 11.777466 41.672607 7.869454
v 12.502889 36.190369 8.354168
v 12.747838 30.489014 8.517838
v 12.502889 24.787674 8.354168
v 11.777466 19.305429 7.869454
v 10.599440 14.252951 7.082324
v 9.014082 9.824432 6.023021
v 7.082319 6.190033 4.732256
v 4.878386 3.489435 3.259635
v 2.486979 1.826410 1.661749
v 2.115003 59.151619 2.115006
v 4.148728 57.488602 4.148730
v 6.023018 54.788002 6.023021
v 7.665848 51.153595 7.665852
v 9.014081 46.725082 9.014088
v 10.015913 41.672607 10.015914
v 10.632833 36.190369 10.632836
v 10.841144 30.489014 10.841150
v 10.632833 24.787674 10.632836
v 10.015913 19.305429 10.015914
v 9.014081 14.252951 9.014088
v 7.665848 9.824432 7.665852
v 6.023016 6.190033 6.023021
v 4.148726 3.489435 4.148729
v 2.115001 1.826410 2.115004
v 1.661747 59.151619 2.486984
v 3.259634 57.488602 4.878390
v 4.732254 54.788002 7.082324
v 6.023016 51.153595 9.014088
v 7.082317 46.725082 10.599442
v 7.869452 41.672607 11.777469
v 8.354161 36.190369 12.502894
v 8.517832 30.489014 12.747842
v 8.354161 24.787674 12.502894
v 7.869452 19.305429 11.777469
v 7.082317 14.252951 10.599442
v 6.023016 9.824432 9.014088
v 4.732253 6.190033 7.082322
v 3.259632 3.489435 4.878388
v 1.661745 1.826410 2.486981
v 1.144630 59.151619 2.763388
v 2.245274 57.488602 5.420577
v 3.259633 54.788002 7.869456
v 4.148725 51.153595 10.015914
v 4.878384 46.725082 11.777468
v 5.420572 41.672607 13.086423
v 5.754446 36.190369 13.892468
v 5.867184 30.489014 14.164642
v 5.754446 24.787674 13.892468
v 5.420572 19.305429 13.086423
v 4.878384 14.252951 11.777468
v 4.148725 9.824432 10.015914
v 3.259632 6.190033 7.869454
v 2.245273 3.489435 5.420574
v 1.144630 1.826410 2.763385
v 0.583527 59.151619 2.933597
v 1.144630 57.488602 5.754453
v 1.661746 54.788002 8.354170
v 2.115000 51.153595 10.632836
v 2.486976 46.725082 12.502894
v 2.763384 41.672607 13.892470
v 2.933590 36.190369 14.748165
v 2.991063 30.489014 15.037103
v 2.933590 24.787674 14.748165
v 2.763384 19.305429 13.892470
v 2.486976 14.252951 12.502894
v 2.115000 9.824432 10.632836
v 1.661745 6.190033 8.354168
v 1.144630 3.489435 5.754451
v 0.583526 1.826410 2.933594
v -0.000002 59.151619 2.991070
v -0.000001 57.488602 5.867188
v -0.000001 54.788002 8.517838
v -0.000002 51.153595 10.841146
v -0.000003 46.725082 12.747837
v -0.000001 41.672607 14.164639
v -0.000003 36.190369 15.037099
v -0.000003 30.489014 15.331696
v -0.000003 24.787674 15.037099
v -0.000001 19.305429 14.164639
v -0.000003 14.252951 12.747837
v -0.000002 9.824432 10.841146
v -0.000002 6.190033 8.517836
v -0.000002 3.489435 5.867188
v -0.000002 1.826410 2.991066
v -0.583531 59.151619 2.933597
v -1.144633 57.488602 5.754452
v -1.661749 54.788002 8.354170
v -2.115005 51.153595 10.632836
v -2.486983 46.725082 12.502889
v -2.763385 41.672607 13.892470
v -2.933595 36.190369 14.748163
v -2.991069 30.489014 15.037101
v -2.933595 24.787674 14.748163
v -2.763385 19.305429 13.892470
v -2.486983 14.252951 12.502889
v -2.115005 9.824432 10.632836
v -1.661749 6.190033 8.354167
v -1.144633 3.489435 5.754450
v -0.583530 1.826410 2.933594
v -0.000004 59.713158 0.000006
v -1.144634 59.151619 2.763388
v -2.245277 57.488602 5.420576
v -3.259636 54.788002 7.869456
v -4.148729 51.153595 10.015914
v -4.878389 46.725082 11.777463
v -5.420574 41.672607 13.086423
v -5.754452 36.190369 13.892467
v -5.867190 30.489014 14.164639
v -5.754452 24.787674 13.892467
v -5.420574 19.305429 13.086423
v -4.878389 14.252951 11.777463
v -4.148729 9.824432 10.015914
v -3.259635 6.190033 7.869453
v -2.245276 3.489435 5.420573
v -1.144633 1.826410 2.763385
v -1.661750 59.151619 2.486983
v -3.259635 57.488602 4.878388
v -4.732257 54.788002 7.082324
v -6.023021 51.153595 9.014085
v -7.082322 46.725082 10.599436
v -7.869453 41.672607 11.777468
v -8.354169 36.190369 12.502889
v -8.517838 30.489014 12.747839
v -8.354169 24.787674 12.502889
v -7.869453 19.305429 11.777468
v -7.082322 14.252951 10.599436
v -6.023021 9.824432 9.014085
v -4.732256 6.190033 7.082321
v -3.259635 3.489435 4.878386
v -1.661749 1.826410 2.486980
v -2.115006 59.151619 2.115006
v -4.148729 57.488602 4.148728
v -6.023021 54.788002 6.023021
v -7.665850 51.153595 7.665848
v -9.014085 46.725082 9.014080
v -10.015914 41.672607 10.015914
v -10.632837 36.190369 10.632833
v -10.841152 30.489014 10.841145
v -10.632837 24.787674 10.632833
v -10.015914 19.305429 10.015914
v -9.014085 14.252951 9.014080
v -7.665850 9.824432 7.665848
v -6.023019 6.190033 6.023018
v -4.148728 3.489435 4.148726
v -2.115004 1.826410 2.115003
v -2.486984 59.151619 1.661749
v -4.878389 57.488602 3.259634
v -7.082323 54.788002 4.732256
v -9.014087 51.153595 6.023018
v -10.599442 46.725082 7.082317
v -11.777470 41.672607 7.869454
v -12.502893 36.190369 8.354163
v -12.747844 30.489014 8.517833
v -12.502893 24.787674 8.354163
v -11.777470 19.305429 7.869454
v -10.599442 14.252951 7.082317
v -9.014087 9.824432 6.023018
v -7.082322 6.190033 4.732254
v -4.878387 3.489435 3.259633
v -2.486981 1.826410 1.661747
v -2.763388 59.151619 1.144633
v -5.420575 57.488602 2.245275
v -7.869454 54.788002 3.259635
v -10.015916 51.153595 4.148726
v -11.777467 46.725082 4.878383
v -13.086425 41.672607 5.420574
v -13.892468 36.190369 5.754445
v -14.164642 30.489014 5.867184
v -13.892468 24.787674 5.754445
v -13.086425 19.305429 5.420574
v -11.777467 14.252951 4.878383
v -10.015916 9.824432 4.148726
v -7.869453 6.190033 3.259633
v -5.420573 3.489435 2.245274
v -2.763385 1.826410 1.144632
v -2.933597 59.151619 0.583529
v -5.754450 57.488602 1.144632
v -8.354169 54.788002 1.661748
v -10.632838 51.153595 2.115002
v -12.502891 46.725082 2.486977
v -13.892472 41.672607 2.763385
v -14.748167 36.190369 2.933589
v -15.037105 30.489014 2.991064
v -14.748167 24.787674 2.933589
v -13.892472 19.305429 2.763385
v -12.502891 14.252951 2.486977
v -10.632838 9.824432 2.115002
v -8.354168 6.190033 1.661747
v -5.754449 3.489435 1.144631
v -2.933593 1.826410 0.583529
v -2.991069 59.151619 0.000001
v -5.867188 57.488602 0.000001
v -8.517836 54.788002 0.000001
v -10.841149 51.153595 -0.000001
v -12.747837 46.725082 -0.000002
v -14.164642 41.672607 0.000001
v -15.037101 36.190369 -0.000002
v -15.331697 30.489014 -0.000002
v -15.037101 24.787674 -0.000002
v -14.164642 19.305429 0.000001
v -12.747837 14.252951 -0.000002
v -10.841149 9.824432 -0.000001
v -8.517835 6.190033 0.000000
v -5.867185 3.489435 0.000000
v -2.991066 1.826410 0.000001
v -2.933597 59.151619 -0.583527
v -5.754450 57.488602 -1.144630
v -8.354169 54.788002 -1.661746
v -10.632838 51.153595 -2.115003
v -12.502889 46.725082 -2.486981
v -13.892472 41.672607 -2.763384
v -14.748163 36.190369 -2.933594
v -15.037101 30.489014 -2.991067
v -14.748163 24.787674 -2.933594
v -13.892472 19.305429 -2.763384
v -12.502889 14.252951 -2.486981
v -10.632838 9.824432 -2.115003
v -8.354166 6.190033 -1.661746
v -5.754448 3.489435 -1.144631
v -2.933593 1.826410 -0.583527
v -2.763388 59.151619 -1.144631
v -5.420574 57.488602 -2.245274
v -7.869453 54.788002 -3.259634
v -10.015913 51.153595 -4.148728
v -11.777464 46.725082 -4.878386
v -13.086423 41.672607 -5.420572
v -13.892465 36.190369 -5.754448
v -14.164638 30.489014 -5.867186
v -13.892465 24.787674 -5.754448
v -13.086423 19.305429 -5.420572
v -11.777464 14.252951 -4.878386
v -10.015913 9.824432 -4.148728
v -7.869451 6.190033 -3.259633
v -5.420572 3.489435 -2.245274
v -2.763385 1.826410 -1.144630
v -2.486984 59.151619 -1.661747
v -4.878387 57.488602 -3.259633
v -7.082321 54.788002 -4.732254
v -9.014085 51.153595 -6.023018
v -10.599438 46.725082 -7.082317
v -11.777469 41.672607 -7.869450
v -12.502888 36.190369 -8.354164
v -12.747837 30.489014 -8.517834
v -12.502888 24.787674 -8.354164
v -11.777469 19.305429 -7.869450
v -10.599438 14.252951 -7.082317
v -9.014085 9.824432 -6.023018
v -7.082318 6.190033 -4.732254
v -4.878386 3.489435 -3.259632
v -2.486981 1.826410 -1.661745
v -2.115006 59.151619 -2.115003
v -4.148726 57.488602 -4.148726
v -6.023018 54.788002 -6.023017
v -7.665847 51.153595 -7.665847
v -9.014079 46.725082 -9.014080
v -10.015914 41.672607 -10.015911
v -10.632833 36.190369 -10.632832
v -10.841143 30.489014 -10.841145
v -10.632833 24.787674 -10.632832
v -10.015914 19.305429 -10.015911
v -9.014079 14.252951 -9.014080
v -7.665847 9.824432 -7.665847
v -6.023017 6.190033 -6.023015
v -4.148726 3.489435 -4.148725
v -2.115004 1.826410 -2.115001
v -1.661750 59.151619 -2.486981
v -3.259634 57.488602 -4.878386
v -4.732254 54.788002 -7.082317
v -6.023017 51.153595 -9.014081
v -7.082315 46.725082 -10.599436
v -7.869453 41.672607 -11.777464
v -8.354160 36.190369 -12.502887
v -8.517830 30.489014 -12.747835
v -8.354160 24.787674 -12.502887
v -7.869453 19.305429 -11.777464
v -7.082315 14.252951 -10.599436
v -6.023017 9.824432 -9.014081
v -4.732254 6.190033 -7.082315
v -3.259633 3.489435 -4.878384
v -1.661748 1.826410 -2.486978
v -1.144633 59.151619 -2.763385
v -2.245275 57.488602 -5.420571
v -3.259633 54.788002 -7.869450
v -4.148726 51.153595 -10.015912
v -4.878382 46.725082 -11.777462
v -5.420574 41.672607 -13.086418
v -5.754444 36.190369 -13.892463
v -5.867182 30.489014 -14.164634
v -5.754444 24.787674 -13.892463
v -5.420574 19.305429 -13.086418
v -4.878382 14.252951 -11.777462
v -4.148726 9.824432 -10.015912
v -3.259633 6.190033 -7.869448
v -2.245275 3.489435 -5.420570
v -1.144632 1.826410 -2.763382
v -0.583530 59.151619 -2.933594
v -1.144632 57.488602 -5.754447
v -1.661747 54.788002 -8.354163
v -2.115002 51.153595 -10.632834
v -2.486977 46.725082 -12.502887
v -2.763385 41.672607 -13.892468
v -2.933589 36.190369 -14.748159
v -2.991062 30.489014 -15.037095
v -2.933589 24.787674 -14.748159
v -2.763385 19.305429 -13.892468
v -2.486977 14.252951 -12.502887
v -2.115002 9.824432 -10.632834
v -1.661746 6.190033 -8.354160
v -1.144632 3.489435 -5.754447
v -0.583529 1.826410 -2.933591
v -0.000001 59.151619 -2.991066
v -0.000001 57.488602 -5.867183
v -0.000000 54.788002 -8.517829
v 0.000000 51.153595 -10.841145
v 0.000002 46.725082 -12.747831
v -0.000001 41.672607 -14.164638
v 0.000002 36.190369 -15.037092
v 0.000002 30.489014 -15.331690
v 0.000002 24.787674 -15.037092
v -0.000001 19.305429 -14.164638
v 0.000002 14.252951 -12.747831
v 0.000000 9.824432 -10.841145
v -0.000000 6.190033 -8.517828
v -0.000001 3.489435 -5.867182
v -0.000002 1.826410 -2.991063
vt 0.000000 0.000000
vt 1.000000 0.000000
vt 1.000000 1.000000
vt 0.000000 0.000000
vt 1.000000 1.000000
vt 0.000000 1.000000
vt 1.000000 0.000000
vt 0.000000 1.000000
vt 0.000000 0.000000
vt 1.000000 0.000000
vt 0.000000 1.000000
vt 0.000000 0.000000
vt 1.000000 0.000000
vt 0.000000 1.000000
vt 0.000000 0.000000
vt 0.000000 0.000000
vt 1.000000 1.000000
vt 0.000000 1.000000
vt 1.000000 0.000000
vt 0.000000 1.000000
vt 0.000000 0.000000
vt 1.000000 0.000000
vt 0.000000 1.000000
vt 0.000000 0.000000
vt 1.000000 0.000000
vt 0.000000 1.000000
vt 0.000000 0.000000
vt 0.000000 0.000000
vt 1.000000 1.000000
vt 0.000000 1.000000
vt 0.000000 0.000000
vt 1.000000 0.000000
vt 0.000000 0.000000
vt 1.000000 1.000000
vt 0.000000 1.000000
vt 1.000000 0.000000
vt 0.000000 1.000000
vt 0.000000 0.000000
vt 0.000000 0.000000
vt 1.000000 1.000000
vt 0.000000 1.000000
vt 0.000000 0.000000
vt 1.000000 1.000000
vt 0.000000 1.000000
vt 1.000000 0.000000
vt 0.000000 1.000000
vt 0.000000 0.000000
vt 1.000000 0.000000
vt 0.000000 1.000000
vt 0.000000 0.000000
vt 1.000000 0.000000
vt 0.000000 1.000000
vt 0.000000 0.000000
vt 1.000000 0.000000
vt 0.000000 1.000000
vt 0.000000 0.000000
vt 1.000000 0.000000
vt 1.000000 1.000000
vt 1.000000 0.000000
vt 0.000000 1.000000
vt 0.000000 0.000000
vt 1.000000 0.000000
vt 0.000000 1.000000
vt 0.000000 0.000000
vt 0.000000 0.000000
vt 1.000000 1.000000
vt 0.000000 1.000000
vt 0.000000 0.000000
vt 1.000000 1.000000
vt 0.000000 1.000000
vt 1.000000 0.000000
vt 0.000000 1.000000
vt 0.000000 0.000000
vt 1.000000 0.000000
vt 0.000000 1.000000
vt 0.000000 0.000000
vt 1.000000 0.000000
vt 0.000000 1.000000
vt 0.000000 0.000000
vt 0.000000 0.000000
vt 1.000000 1.000000
vt 0.000000 1.000000
vt 1.000000 0.000000
vt 0.000000 1.000000
vt 0.000000 0.000000
vt 0.000000 0.000000
vt 1.000000 1.000000
vt 0.000000 0.000000
vt 1.000000 1.000000
vt 0.000000 1.000000
vt 0.000000 0.000000
vt 1.000000 1.000000
vt 0.000000 1.000000
vt 1.000000 0.000000
vt 0.000000 1.000000
vt 0.000000 0.000000
vt 1.000000 0.000000
vt 0.000000 1.000000
vt 0.000000 0.000000
vt 0.000000 0.000000
vt 1.000000 1.000000
vt 0.000000 1.000000
vt 0.000000 0.000000
vt 1.000000 1.000000
vt 1.000000 0.000000
vt 0.000000 1.000000
vt 0.000000 0.000000
vt 0.000000 0.000000
vt 1.000000 1.000000
vt 0.000000 1.000000
vt 1.000000 0.000000
vt 1.000000 1.000000
vt 1.000000 0.000000
vt 0.000000 1.000000
vt 0.000000 0.000000
vt 0.000000 0.000000
vt 1.000000 1.000000
vt 0.000000 1.000000
vt 1.000000 0.000000
vt 0.000000 1.000000
vt 0.000000 0.000000
vt 1.000000 0.000000
vt 0.000000 1.000000
vt 0.000000 0.000000
vt 0.000000 0.000000
vt 1.000000 1.000000
vt 0.000000 1.000000
vt 0.000000 0.000000
vt 1.000000 1.000000
vt 0.000000 1.000000
vt 1.000000 0.000000
vt 0.000000 1.000000
vt 0.000000 0.000000
vt 0.000000 0.000000
vt 1.000000 1.000000
vt 0.000000 1.000000
vt 0.000000 0.000000
vt 0.000000 1.000000
vt 1.000000 0.000000
vt 0.000000 1.000000
vt 0.000000 0.000000
vt 0.000000 0.000000
vt 1.000000 1.000000
vt 0.000000 1.000000
vt 1.000000 0.000000
vt 0.000000 1.000000
vt 0.000000 0.000000
vt 1.000000 0.000000
vt 0.000000 1.000000
vt 0.000000 0.000000
vt 0.000000 0.000000
vt 1.000000 1.000000
vt 0.000000 0.000000
vt 1.000000 1.000000
vt 0.000000 1.000000
vt 1.000000 0.000000
vt 0.000000 1.000000
vt 0.000000 0.000000
vt 0.000000 0.000000
vt 1.000000 1.000000
vt 0.000000 1.000000
vt 1.000000 0.000000
vt 0.000000 1.000000
vt 0.000000 0.000000
vt 0.000000 0.000000
vt 1.000000 1.000000
vt 0.000000 1.000000
vt 1.000000 0.000000
vt 1.000000 1.000000
vt 1.000000 0.000000
vt 0.000000 1.000000
vt 0.000000 0.000000
vt 1.000000 0.000000
vt 0.000000 1.000000
vt 0.000000 0.000000
vt 0.000000 0.000000
vt 1.000000 1.000000
vt 0.000000 1.000000
vt 1.000000 0.000000
vt 0.000000 1.000000
vt 0.000000 0.000000
vt 1.000000 0.000000
vt 0.000000 1.000000
vt 0.000000 0.000000
vt 1.000000 0.000000
vt 0.000000 1.000000
vt 0.000000 0.000000
vt 1.000000 0.000000
vt 0.000000 1.000000
vt 0.000000 0.000000
vt 1.000000 0.000000
vt 0.000000 1.000000
vt 0.000000 0.000000
vt 0.000000 0.000000
vt 1.000000 1.000000
vt 0.000000 1.000000
vt 1.000000 0.000000
vt 0.000000 1.000000
vt 0.000000 0.000000
vt 1.000000 0.000000
vt 0.000000 1.000000
vt 0.000000 0.000000
vt 0.000000 0.000000
vt 1.000000 1.000000
vt 0.000000 1.000000
vt 0.000000 0.000000
vt 1.000000 1.000000
vt 1.000000 0.000000
vt 0.000000 1.000000
vt 0.000000 0.000000
vt 1.000000 0.000000
vt 0.000000 1.000000
vt 0.000000 0.000000
vt 0.000000 0.000000
vt 1.000000 1.000000
vt 0.000000 1.000000
vt 1.000000 0.000000
vt 0.000000 1.000000
vt 0.000000 0.000000
vt 1.000000 0.000000
vt 0.000000 1.000000
vt 0.000000 0.000000
vt 1.000000 0.000000
vt 0.000000 1.000000
vt 0.000000 0.000000
vt 1.000000 0.000000
vt 1.000000 1.000000
vt 0.000000 0.000000
vt 1.000000 1.000000
vt 0.000000 1.000000
vt 1.000000 0.000000
vt 1.000000 1.000000
vt 0.000000 0.000000
vt 1.000000 1.000000
vt 0.000000 1.000000
vt 1.000000 0.000000
vt 0.000000 1.000000
vt 0.000000 0.000000
vt 0.000000 0.000000
vt 1.000000 1.000000
vt 0.000000 1.000000
vt 1.000000 0.000000
vt 0.000000 1.000000
vt 0.000000 0.000000
vt 1.000000 0.000000
vt 0.000000 1.000000
vt 0.000000 0.000000
vt 1.000000 0.000000
vt 0.000000 1.000000
vt 0.000000 0.000000
vt 1.000000 0.000000
vt 0.000000 1.000000
vt 0.000000 0.000000
vt 1.000000 0.000000
vt 0.000000 1.000000
vt 0.000000 0.000000
vt 1.000000 0.000000
vt 0.000000 1.000000
vt 0.000000 0.000000
vt 0.000000 0.000000
vt 1.000000 1.000000
vt 0.000000 0.000000
vt 1.000000 1.000000
vt 0.000000 1.000000
vt 1.000000 0.000000
vt 0.000000 1.000000
vt 0.000000 0.000000
vt 1.000000 0.000000
vt 0.000000 1.000000
vt 0.000000 0.000000
vt 0.000000 0.000000
vt 1.000000 1.000000
vt 0.000000 1.000000
vt 1.000000 0.000000
vt 0.000000 1.000000
vt 0.000000 0.000000
vt 1.000000 0.000000
vt 0.000000 1.000000
vt 0.000000 0.000000
vt 0.000000 0.000000
vt 1.000000 1.000000
vt 0.000000 1.000000
vt 1.000000 0.000000
vt 1.000000 1.000000
vt 1.000000 0.000000
vt 0.000000 1.000000
vt 0.000000 0.000000
vt 1.000000 0.000000
vt 0.000000 1.000000
vt 0.000000 0.000000
vt 1.000000 0.000000
vt 0.000000 1.000000
vt 0.000000 0.000000
vt 0.000000 0.000000
vt 1.000000 1.000000
vt 0.000000 1.000000
vt 1.000000 0.000000
vt 0.000000 1.000000
vt 0.000000 0.000000
vt 0.000000 0.000000
vt 1.000000 1.000000
vt 0.000000 1.000000
vt 1.000000 0.000000
vt 0.000000 1.000000
vt 0.000000 0.000000
vt 0.000000 0.000000
vt 1.000000 1.000000
vt 0.000000 1.000000
vt 0.000000 0.000000
vt 1.000000 1.000000
vt 0.000000 1.000000
vt 0.000000 0.000000
vt 1.000000 1.000000
vt 0.000000 1.000000
vt 0.000000 0.000000
vt 1.000000 1.000000
vt 0.000000 1.000000
vt 1.000000 0.000000
vt 0.000000 1.000000
vt 0.000000 0.000000
vt 0.000000 0.000000
vt 1.000000 0.000000
vt 0.000000 1.000000
vt 0.000000 0.000000
vt 0.000000 0.000000
vt 1.000000 1.000000
vt 1.000000 0.000000
vt 0.000000 1.000000
vt 0.000000 0.000000
vt 1.000000 0.000000
vt 0.000000 1.000000
vt 0.000000 0.000000
vt 0.000000 0.000000
vt 1.000000 1.000000
vt 0.000000 1.000000
vt 1.000000 0.000000
vt 0.000000 1.000000
vt 0.000000 0.000000
vt 1.000000 0.000000
vt 0.000000 1.000000
vt 0.000000 0.000000
vt 1.000000 0.000000
vt 1.000000 1.000000
vt 0.000000 0.000000
vt 1.000000 1.000000
vt 0.000000 1.000000
vt 0.000000 0.000000
vt 1.000000 1.000000
vt 0.000000 1.000000
vt 1.000000 0.000000
vt 0.000000 1.000000
vt 0.000000 0.000000
vt 1.000000 0.000000
vt 0.000000 1.000000
vt 0.000000 0.000000
vt 1.000000 0.000000
vt 0.000000 1.000000
vt 0.000000 0.000000
vt 0.000000 0.000000
vt 0.000000 1.000000
vt 1.000000 0.000000
vt 0.000000 1.000000
vt 0.000000 0.000000
vt 0.000000 0.000000
vt 1.000000 1.000000
vt 0.000000 1.000000
vt 1.000000 0.000000
vt 0.000000 1.000000
vt 0.000000 0.000000
vt 1.000000 0.000000
vt 0.000000 1.000000
vt 0.000000 0.000000
vt 1.000000 0.000000
vt 0.000000 1.000000
vt 0.000000 0.000000
vt 0.000000 0.000000
vt 1.000000 1.000000
vt 0.000000 1.000000
vt 0.000000 0.000000
vt 1.000000 1.000000
vt 0.000000 0.000000
vt 1.000000 1.000000
vt 0.000000 1.000000
vt 1.000000 0.000000
vt 0.000000 1.000000
vt 0.000000 0.000000
vt 1.000000 0.000000
vt 0.000000 1.000000
vt 0.000000 0.000000
vt 0.000000 0.000000
vt 1.000000 1.000000
vt 0.000000 1.000000
vt 1.000000 0.000000
vt 0.000000 1.000000
vt 0.000000 0.000000
vt 1.000000 0.000000
vt 0.000000 1.000000
vt 0.000000 0.000000
vt 1.000000 0.000000
vt 1.000000 1.000000
vt 1.000000 0.000000
vt 0.000000 1.000000
vt 0.000000 0.000000
vt 0.000000 0.000000
vt 1.000000 1.000000
vt 0.000000 1.000000
vt 0.000000 0.000000
vt 1.000000 1.000000
vt 0.000000 1.000000
vt 1.000000 0.000000
vt 0.000000 1.000000
vt 0.000000 0.000000
vt 1.000000 0.000000
vt 0.000000 1.000000
vt 0.000000 0.000000
vt 0.000000 0.000000
vt 1.000000 1.000000
vt 0.000000 1.000000
vt 0.000000 0.000000
vt 1.000000 1.000000
vt 0.000000 1.000000
vt 1.000000 0.000000
vt 0.000000 1.000000
vt 0.000000 0.000000
vt 0.000000 0.000000
vt 1.000000 1.000000
vt 0.000000 1.000000
vt 0.000000 0.000000
vt 1.000000 1.000000
vt 0.000000 1.000000
vt 1.000000 0.000000
vt 0.000000 1.000000
vt 0.000000 0.000000
vt 0.000000 0.000000
vt 1.000000 1.000000
vt 0.000000 0.000000
vt 1.000000 1.000000
vt 0.000000 1.000000
vt 1.000000 0.000000
vt 0.000000 1.000000
vt 0.000000 0.000000
vt 1.000000 0.000000
vt 0.000000 1.000000
vt 0.000000 0.000000
vt 0.000000 0.000000
vt 1.000000 1.000000
vt 0.000000 1.000000
vt 1.000000 0.000000
vt 0.000000 1.000000
vt 0.000000 0.000000
vt 1.000000 0.000000
vt 1.000000 1.000000
vt 0.000000 0.000000
vt 1.000000 1.000000
vt 0.000000 1.000000
vt 1.000000 0.000000
vt 0.000000 1.000000
vt 0.000000 0.000000
vt 1.000000 0.000000
vt 1.000000 1.000000
vt 1.000000 0.000000
vt 0.000000 1.000000
vt 0.000000 0.000000
vt 0.000000 0.000000
vt 1.000000 1.000000
vt 0.000000 1.000000
vt 1.000000 0.000000
vt 0.000000 1.000000
vt 0.000000 0.000000
vt 1.000000 0.000000
vt 0.000000 1.000000
vt 0.000000 0.000000
vt 1.000000 0.000000
vt 0.000000 1.000000
vt 0.000000 0.000000
vt 1.000000 0.000000
vt 0.000000 1.000000
vt 0.000000 0.000000
vt 1.000000 0.000000
vt 0.000000 1.000000
vt 0.000000 0.000000
vt 1.000000 0.000000
vt 0.000000 1.000000
vt 0.000000 0.000000
vt 1.000000 0.000000
vt 0.000000 1.000000
vt 0.000000 0.000000
vt 1.000000 0.000000
vt 0.000000 1.000000
vt 0.000000 0.000000
vt 0.000000 0.000000
vt 1.000000 1.000000
vt 0.000000 1.000000
vt 1.000000 0.000000
vt 0.000000 1.000000
vt 0.000000 0.000000
vt 0.000000 0.000000
vt 1.000000 1.000000
vt 1.000000 0.000000
vt 0.000000 1.000000
vt 0.000000 0.000000
vt 0.000000 0.000000
vt 1.000000 1.000000
vt 0.000000 1.000000
vt 1.000000 0.000000
vt 0.000000 1.000000
vt 0.000000 0.000000
vt 1.000000 0.000000
vt 0.000000 1.000000
vt 0.000000 0.000000
vt 0.000000 0.000000
vt 1.000000 1.000000
vt 0.000000 1.000000
vt 0.000000 0.000000
vt 1.000000 1.000000
vt 0.000000 1.000000
vt 1.000000 0.000000
vt 0.000000 1.000000
vt 0.000000 0.000000
vt 1.000000 0.000000
vt 1.000000 1.000000
vt 0.000000 0.000000
vt 1.000000 1.000000
vt 0.000000 1.000000
vt 0.000000 0.000000
vt 1.000000 1.000000
vt 0.000000 1.000000
vt 0.000000 0.000000
vt 1.000000 1.000000
vt 0.000000 1.000000
vt 1.000000 0.000000
vt 0.000000 1.000000
vt 0.000000 0.000000
vt 1.000000 0.000000
vt 0.000000 1.000000
vt 0.000000 0.000000
vt 0.000000 0.000000
vt 1.000000 1.000000
vt 0.000000 1.000000
vt 0.000000 0.000000
vt 1.000000 1.000000
vt 0.000000 1.000000
vt 1.000000 0.000000
vt 0.000000 1.000000
vt 0.000000 0.000000
vt 1.000000 0.000000
vt 0.000000 1.000000
vt 0.000000 0.000000
vt 0.000000 0.000000
vt 0.000000 0.000000
vt 1.000000 1.000000
vt 0.000000 0.000000
vt 1.000000 1.000000
vt 0.000000 1.000000
vt 1.000000 0.000000
vt 0.000000 1.000000
vt 0.000000 0.000000
vt 0.000000 0.000000
vt 1.000000 1.000000
vt 0.000000 1.000000
vt 1.000000 0.000000
vt 0.000000 1.000000
vt 0.000000 0.000000
vt 0.000000 0.000000
vt 1.000000 1.000000
vt 0.000000 1.000000
vt 1.000000 0.000000
vt 0.000000 1.000000
vt 0.000000 0.000000
vt 1.000000 0.000000
vt 1.000000 1.000000
vt 1.000000 0.000000
vt 0.000000 1.000000
vt 0.000000 0.000000
vt 1.000000 0.000000
vt 0.000000 1.000000
vt 0.000000 0.000000
vt 0.000000 0.000000
vt 1.000000 1.000000
vt 0.000000 1.000000
vt 1.000000 0.000000
vt 0.000000 1.000000
vt 0.000000 0.000000
vt 0.000000 0.000000
vt 1.000000 1.000000
vt 0.000000 1.000000
vt 1.000000 0.000000
vt 0.000000 1.000000
vt 0.000000 0.000000
vt 0.000000 0.000000
vt 1.000000 1.000000
vt 0.000000 1.000000
vt 1.000000 0.000000
vt 0.000000 1.000000
vt 0.000000 0.000000
vt 1.000000 0.000000
vt 0.000000 1.000000
vt 0.000000 0.000000
vt 1.000000 0.000000
vt 0.000000 1.000000
vt 0.000000 0.000000
vt 0.000000 0.000000
vt 1.000000 1.000000
vt 0.000000 1.000000
vt 1.000000 0.000000
vt 0.000000 1.000000
vt 0.000000 0.000000
vt 0.000000 0.000000
vt 1.000000 1.000000
vt 0.000000 0.000000
vt 1.000000 1.000000
vt 0.000000 1.000000
vt 0.000000 0.000000
vt 1.000000 1.000000
vt 0.000000 1.000000
vt 1.000000 0.000000
vt 0.000000 1.000000
vt 0.000000 0.000000
vt 1.000000 0.000000
vt 0.000000 1.000000
vt 0.000000 0.000000
vt 0.000000 0.000000
vt 1.000000 1.000000
vt 0.000000 1.000000
vt 1.000000 0.000000
vt 1.000000 1.000000
vt 1.000000 0.000000
vt 0.000000 1.000000
vt 0.000000 0.000000
vt 1.000000 0.000000
vt 0.000000 1.000000
vt 0.000000 0.000000
vt 1.000000 0.000000
vt 0.000000 1.000000
vt 0.000000 0.000000
vt 0.000000 0.000000
vt 1.000000 1.000000
vt 0.000000 1.000000
vt 0.000000 0.000000
vt 1.000000 1.000000
vt 0.000000 1.000000
vt 1.000000 0.000000
vt 0.000000 1.000000
vt 0.000000 0.000000
vt 1.000000 0.000000
vt 0.000000 1.000000
vt 0.000000 0.000000
vt 0.000000 0.000000
vt 1.000000 1.000000
vt 0.000000 1.000000
vt 1.000000 0.000000
vt 0.000000 1.000000
vt 0.000000 0.000000
vt 1.000000 0.000000
vt 0.000000 1.000000
vt 0.000000 0.000000
vt 0.000000 0.000000
vt 1.000000 1.000000
vt 0.000000 1.000000
vt 1.000000 0.000000
vt 0.000000 1.000000
vt 0.000000 0.000000
vt 1.000000 0.000000
vt 0.000000 1.000000
vt 0.000000 0.000000
vt 1.000000 0.000000
vt 0.000000 1.000000
vt 0.000000 0.000000
vt 0.000000 0.000000
vt 1.000000 0.000000
vt 0.000000 1.000000
vt 0.000000 0.000000
vt 0.000000 0.000000
vt 1.000000 1.000000
vt 0.000000 1.000000
vt 1.000000 0.000000
vt 1.000000 1.000000
vt 0.000000 0.000000
vt 1.000000 1.000000
vt 0.000000 1.000000
vt 1.000000 0.000000
vt 0.000000 1.000000
vt 0.000000 0.000000
vt 1.000000 0.000000
vt 0.000000 1.000000
vt 0.000000 0.000000
vt 0.000000 0.000000
vt 1.000000 1.000000
vt 0.000000 1.000000
vt 1.000000 0.000000
vt 0.000000 1.000000
vt 0.000000 0.000000
vt 1.000000 0.000000
vt 1.000000 1.000000
vt 1.000000 0.000000
vt 0.000000 1.000000
vt 0.000000 0.000000
vt 0.000000 0.000000
vt 1.000000 1.000000
vt 0.000000 1.000000
vt 0.000000 0.000000
vt 1.000000 1.000000
vt 0.000000 1.000000
vt 0.000000 0.000000
vt 1.000000 1.000000
vt 0.000000 1.000000
vt 1.000000 0.000000
vt 0.000000 1.000000
vt 0.000000 0.000000
vt 1.000000 0.000000
vt 0.000000 1.000000
vt 0.000000 0.000000
vt 0.000000 0.000000
vt 1.000000 1.000000
vt 0.000000 1.000000
vt 1.000000 0.000000
vt 0.000000 1.000000
vt 0.000000 0.000000
vt 1.000000 0.000000
vt 0.000000 1.000000
vt 0.000000 0.000000
vt 0.000000 0.000000
vt 1.000000 1.000000
vt 1.000000 0.000000
vt 0.000000 1.000000
vt 0.000000 0.000000
vt 1.000000 0.000000
vt 0.000000 1.000000
vt 0.000000 0.000000
vt 0.000000 0.000000
vt 1.000000 1.000000
vt 0.000000 1.000000
vt 1.000000 0.000000
vt 0.000000 1.000000
vt 0.000000 0.000000
vt 1.000000 0.000000
vt 0.000000 1.000000
vt 0.000000 0.000000
vt 0.000000 0.000000
vt 1.000000 1.000000
vt 0.000000 1.000000
vt 1.000000 0.000000
vt 0.000000 1.000000
vt 0.000000 0.000000
vt 1.000000 0.000000
vt 1.000000 1.000000
vt 0.000000 0.000000
vt 1.000000 1.000000
vt 0.000000 1.000000
vt 1.000000 0.000000
vt 0.000000 1.000000
vt 0.000000 0.000000
vt 0.000000 0.000000
vt 1.000000 1.000000
vt 0.000000 1.000000
vt 0.000000 0.000000
vt 1.000000 1.000000
vt 0.000000 1.000000
vt 1.000000 0.000000
vt 0.000000 1.000000
vt 0.000000 0.000000
vt 1.000000 0.000000
vt 0.000000 1.000000
vt 0.000000 0.000000
vt 1.000000 0.000000
vt 0.000000 1.000000
vt 0.000000 0.000000
vt 1.000000 0.000000
vt 0.000000 1.000000
vt 0.000000 0.000000
vt 0.000000 0.000000
vt 1.000000 1.000000
vt 0.000000 0.000000
vt 1.000000 1.000000
vt 0.000000 1.000000
vt 0.000000 0.000000
vt 1.000000 1.000000
vt 0.000000 1.000000
vt 1.000000 0.000000
vt 0.000000 1.000000
vt 0.000000 0.000000
vt 0.000000 0.000000
vt 1.000000 1.000000
vt 0.000000 0.000000
vt 1.000000 1.000000
vt 0.000000 1.000000
vt 1.000000 0.000000
vt 0.000000 1.000000
vt 0.000000 0.000000
vt 1.000000 0.000000
vt 0.000000 1.000000
vt 0.000000 0.000000
vt 0.000000 0.000000
vt 1.000000 1.000000
vt 0.000000 1.000000
vt 0.000000 0.000000
vt 1.000000 1.000000
vt 0.000000 1.000000
vt 1.000000 0.000000
vt 1.000000 1.000000
vt 1.000000 0.000000
vt 0.000000 1.000000
vt 0.000000 0.000000
vt 1.000000 0.000000
vt 0.000000 1.000000
vt 0.000000 0.000000
vt 1.000000 0.000000
vt 0.000000 1.000000
vt 0.000000 0.000000
vt 1.000000 0.000000
vt 0.000000 1.000000
vt 0.000000 0.000000
vt 0.000000 0.000000
vt 1.000000 1.000000
vt 0.000000 1.000000
vt 0.000000 0.000000
vt 1.000000 1.000000
vt 0.000000 1.000000
vt 0.000000 0.000000
vt 1.000000 1.000000
vt 0.000000 1.000000
vt 1.000000 0.000000
vt 0.000000 1.000000
vt 0.000000 0.000000
vt 0.000000 0.000000
vt 1.000000 1.000000
vt 0.000000 1.000000
vt 1.000000 0.000000
vt 0.000000 1.000000
vt 0.000000 0.000000
vt 1.000000 0.000000
vt 0.000000 1.000000
vt 0.000000 0.000000
vt 0.000000 0.000000
vt 1.000000 1.000000
vt 0.000000 1.000000
vt 1.000000 0.000000
vt 0.000000 1.000000
vt 0.000000 0.000000
vt 1.000000 0.000000
vt 0.000000 1.000000
vt 0.000000 0.000000
vt 0.000000 0.000000
vt 1.000000 1.000000
vt 1.000000 0.000000
vt 0.000000 1.000000
vt 0.000000 0.000000
vt 0.000000 0.000000
vt 1.000000 1.000000
vt 0.000000 1.000000
vt 1.000000 0.000000
vt 1.000000 1.000000
vt 0.000000 0.000000
vt 1.000000 1.000000
vt 0.000000 1.000000
vt 0.000000 0.000000
vt 1.000000 1.000000
vt 0.000000 1.000000
vt 1.000000 0.000000
vt 0.000000 1.000000
vt 0.000000 0.000000
vt 0.000000 0.000000
vt 1.000000 1.000000
vt 0.000000 1.000000
vt 1.000000 0.000000
vt 0.000000 1.000000
vt 0.000000 0.000000
vt 1.000000 0.000000
vt 0.000000 1.000000
vt 0.000000 0.000000
vt 1.000000 0.000000
vt 0.000000 1.000000
vt 0.000000 0.000000
vt 1.000000 0.000000
vt 0.000000 1.000000
vt 0.000000 0.000000
vt 1.000000 0.000000
vt 0.000000 1.000000
vt 0.000000 0.000000
vt 1.000000 0.000000
vt 0.000000 1.000000
vt 0.000000 0.000000
vt 1.000000 0.000000
vt 0.000000 1.000000
vt 0.000000 0.000000
vt 1.000000 0.000000
vt 0.000000 1.000000
vt 0.000000 0.000000
vt 0.000000 0.000000
vt 1.000000 1.000000
vt 0.000000 1.000000
vt 0.000000 0.000000
vt 1.000000 1.000000
vt 0.000000 1.000000
vt 0.000000 0.000000
vt 1.000000 1.000000
vt 0.000000 1.000000
vt 0.000000 0.000000
vt 1.000000 1.000000
vt 1.000000 0.000000
vt 0.000000 1.000000
vt 0.000000 0.000000
vt 1.000000 0.000000
vt 0.000000 1.000000
vt 0.000000 0.000000
vt 0.000000 0.000000
vt 1.000000 1.000000
vt 0.000000 1.000000
vt 1.000000 0.000000
vt 0.000000 1.000000
vt 0.000000 0.000000
vt 1.000000 0.000000
vt 0.000000 1.000000
vt 0.000000 0.000000
vt 1.000000 0.000000
vt 1.000000 1.000000
vt 0.000000 0.000000
vt 1.000000 1.000000
vt 0.000000 1.000000
vt 0.000000 0.000000
vt 1.000000 1.000000
vt 0.000000 1.000000
vt 1.000000 0.000000
vt 0.000000 1.000000
vt 0.000000 0.000000
vt 1.000000 0.000000
vt 1.000000 1.000000
vt 0.000000 0.000000
vt 1.000000 1.000000
vt 0.000000 1.000000
vt 1.000000 0.000000
vt 0.000000 1.000000
vt 0.000000 0.000000
vt 1.000000 0.000000
vt 0.000000 1.000000
vt 0.000000 0.000000
vt 1.000000 0.000000
vt 0.000000 1.000000
vt 0.000000 0.000000
vt 1.000000 0.000000
vt 0.000000 1.000000
vt 0.000000 0.000000
vt 1.000000 0.000000
vt 0.000000 1.000000
vt 0.000000 0.000000
vt 0.000000 0.000000
vt 1.000000 1.000000
vt 0.000000 1.000000
vt 1.000000 0.000000
vt 0.000000 1.000000
vt 0.000000 0.000000
vt 0.000000 0.000000
vt 1.000000 1.000000
vt 0.000000 0.000000
vt 1.000000 1.000000
vt 0.000000 1.000000
vt 1.000000 0.000000
vt 0.000000 1.000000
vt 0.000000 0.000000
vt 1.000000 0.000000
vt 0.000000 1.000000
vt 0.000000 0.000000
vt 1.000000 0.000000
vt 0.000000 1.000000
vt 0.000000 0.000000
vt 0.000000 0.000000
vt 1.000000 1.000000
vt 0.000000 1.000000
vt 0.000000 0.000000
vt 1.000000 1.000000
vt 0.000000 1.000000
vt 1.000000 0.000000
vt 1.000000 1.000000
vt 1.000000 0.000000
vt 0.000000 1.000000
vt 0.000000 0.000000
vt 1.000000 0.000000
vt 0.000000 1.000000
vt 0.000000 0.000000
vt 0.000000 0.000000
vt 1.000000 1.000000
vt 0.000000 1.000000
vt 1.000000 0.000000
vt 0.000000 1.000000
vt 0.000000 0.000000
vt 1.000000 0.000000
vt 0.000000 1.000000
vt 0.000000 0.000000
vt 1.000000 0.000000
vt 0.000000 1.000000
vt 0.000000 0.000000
vt 1.000000 0.000000
vt 0.000000 1.000000
vt 0.000000 0.000000
vt 0.000000 0.000000
vt 1.000000 1.000000
vt 0.000000 1.000000
vt 0.000000 0.000000
vt 1.000000 1.000000
vt 0.000000 1.000000
vt 0.000000 0.000000
vt 0.000000 0.000000
vt 1.000000 1.000000
vt 0.000000 1.000000
vt 1.000000 0.000000
vt 0.000000 1.000000
vt 0.000000 0.000000
vt 0.000000 0.000000
vt 1.000000 1.000000
vt 0.000000 1.000000
vt 1.000000 0.000000
vt 0.000000 1.000000
vt 0.000000 0.000000
vt 1.000000 0.000000
vt 0.000000 1.000000
vt 0.000000 0.000000
vt 0.000000 0.000000
vt 1.000000 1.000000
vt 1.000000 0.000000
vt 0.000000 1.000000
vt 0.000000 0.000000
vt 0.000000 0.000000
vt 1.000000 1.000000
vt 0.000000 1.000000
vt 1.000000 0.000000
vt 1.000000 1.000000
vt 0.000000 0.000000
vt 1.000000 1.000000
vt 0.000000 1.000000
vt 1.000000 0.000000
vt 0.000000 1.000000
vt 0.000000 0.000000
vt 1.000000 0.000000
vt 0.000000 1.000000
vt 0.000000 0.000000
vt 0.000000 0.000000
vt 1.000000 1.000000
vt 0.000000 1.000000
vt 1.000000 0.000000
vt 0.000000 1.000000
vt 0.000000 0.000000
vt 1.000000 0.000000
vt 0.000000 1.000000
vt 0.000000 0.000000
vt 1.000000 0.000000
vt 0.000000 1.000000
vt 0.000000 0.000000
vt 1.000000 0.000000
vt 0.000000 1.000000
vt 0.000000 0.000000
vt 1.000000 0.000000
vt 0.000000 1.000000
vt 0.000000 0.000000
vt 1.000000 0.000000
vt 0.000000 1.000000
vt 0.000000 0.000000
vt 1.000000 0.000000
vt 0.000000 1.000000
vt 0.000000 0.000000
vt 0.000000 0.000000
vt 1.000000 1.000000
vt 0.000000 1.000000
vt 0.000000 0.000000
vt 1.000000 1.000000
vt 0.000000 1.000000
vt 1.000000 0.000000
vt 0.000000 1.000000
vt 0.000000 0.000000
vt 0.000000 0.000000
vt 1.000000 1.000000
vt 1.000000 0.000000
vt 0.000000 1.000000
vt 0.000000 0.000000
vt 0.000000 0.000000
vt 1.000000 1.000000
vt 0.000000 1.000000
vt 0.000000 0.000000
vt 1.000000 1.000000
vt 0.000000 1.000000
vt 0.000000 0.000000
vt 1.000000 1.000000
vt 0.000000 1.000000
vt 1.000000 0.000000
vt 0.000000 1.000000
vt 0.000000 0.000000
vt 1.000000 0.000000
vt 1.000000 1.000000
vt 1.000000 0.000000
vt 0.000000 1.000000
vt 0.000000 0.000000
vt 0.000000 0.000000
vt 1.000000 1.000000
vt 0.000000 1.000000
vt 1.000000 0.000000
vt 0.000000 1.000000
vt 0.000000 0.000000
vt 0.000000 0.000000
vt 1.000000 1.000000
vt 0.000000 1.000000
vt 0.000000 0.000000
vt 1.000000 1.000000
vt 0.000000 1.000000
vt 1.000000 0.000000
vt 0.000000 1.000000
vt 0.000000 0.000000
vt 1.000000 0.000000
vt 0.000000 1.000000
vt 0.000000 0.000000
vt 1.000000 0.000000
vt 0.000000 1.000000
vt 0.000000 0.000000
vt 0.000000 0.000000
vt 1.000000 1.000000
vt 0.000000 1.000000
vt 0.000000 0.000000
vt 1.000000 1.000000
vt 0.000000 1.000000
vt 1.000000 0.000000
vt 0.000000 1.000000
vt 0.000000 0.000000
vt 1.000000 0.000000
vt 0.000000 1.000000
vt 0.000000 0.000000
vt 0.000000 0.000000
vt 0.000000 0.000000
vt 1.000000 1.000000
vt 0.000000 1.000000
vt 1.000000 0.000000
vt 0.000000 1.000000
vt 0.000000 0.000000
vt 0.000000 0.000000
vt 1.000000 1.000000
vt 0.000000 1.000000
vt 0.000000 0.000000
vt 1.000000 1.000000
vt 0.000000 1.000000
vt 0.000000 0.000000
vt 1.000000 1.000000
vt 0.000000 1.000000
vt 1.000000 0.000000
vt 0.000000 1.000000
vt 0.000000 0.000000
vt 1.000000 0.000000
vt 1.000000 1.000000
vt 1.000000 0.000000
vt 0.000000 1.000000
vt 0.000000 0.000000
vt 1.000000 0.000000
vt 1.000000 1.000000
vt 1.000000 0.000000
vt 0.000000 1.000000
vt 0.000000 0.000000
vt 1.000000 0.000000
vt 0.000000 1.000000
vt 0.000000 0.000000
vt 0.000000 0.000000
vt 1.000000 1.000000
vt 0.000000 1.000000
vt 1.000000 0.000000
vt 0.000000 1.000000
vt 0.000000 0.000000
vt 0.000000 0.000000
vt 1.000000 1.000000
vt 0.000000 1.000000
vt 0.000000 0.000000
vt 1.000000 1.000000
vt 0.000000 1.000000
vt 1.000000 0.000000
vt 0.000000 1.000000
vt 0.000000 0.000000
vt 1.000000 0.000000
vt 0.000000 1.000000
vt 0.000000 0.000000
vt 1.000000 0.000000
vt 0.000000 1.000000
vt 0.000000 0.000000
vt 0.000000 0.000000
vt 1.000000 1.000000
vt 0.000000 0.000000
vt 1.000000 1.000000
vt 0.000000 1.000000
vt 0.000000 0.000000
vt 1.000000 1.000000
vt 0.000000 1.000000
vt 1.000000 0.000000
vt 0.000000 1.000000
vt 0.000000 0.000000
vt 1.000000 0.000000
vt 0.000000 1.000000
vt 0.000000 0.000000
vt 0.000000 0.000000
vt 1.000000 1.000000
vt 1.000000 0.000000
vt 0.000000 1.000000
vt 0.000000 0.000000
vt 0.000000 0.000000
vt 1.000000 1.000000
vt 0.000000 1.000000
vt 1.000000 0.000000
vt 1.000000 1.000000
vt 1.000000 0.000000
vt 0.000000 1.000000
vt 0.000000 0.000000
vt 1.000000 0.000000
vt 0.000000 1.000000
vt 0.000000 0.000000
vt 1.000000 0.000000
vt 0.000000 1.000000
vt 0.000000 0.000000
vt 1.000000 0.000000
vt 0.000000 1.000000
vt 0.000000 0.000000
vt 0.000000 0.000000
vt 1.000000 1.000000
vt 0.000000 1.000000
vt 1.000000 0.000000
vt 0.000000 1.000000
vt 0.000000 0.000000
vt 0.000000 0.000000
vt 1.000000 1.000000
vt 0.000000 1.000000
vt 1.000000 0.000000
vt 0.000000 1.000000
vt 0.000000 0.000000
vt 1.000000 0.000000
vt 0.000000 1.000000
vt 0.000000 0.000000
vt 0.000000 0.000000
vt 1.000000 1.000000
vt 0.000000 1.000000
vt 1.000000 0.000000
vt 0.000000 1.000000
vt 0.000000 0.000000
vt 1.000000 0.000000
vt 0.000000 1.000000
vt 0.000000 0.000000
vt 0.000000 0.000000
vt 1.000000 1.000000
vt 0.000000 1.000000
vt 0.000000 0.000000
vt 1.000000 1.000000
vt 0.000000 1.000000
vt 0.000000 0.000000
vt 1.000000 1.000000
vt 1.000000 0.000000
vt 0.000000 1.000000
vt 0.000000 0.000000
vt 0.000000 0.000000
vt 1.000000 1.000000
vt 0.000000 1.000000
vt 0.000000 0.000000
vt 1.000000 1.000000
vt 0.000000 1.000000
vt 1.000000 0.000000
vt 0.000000 1.000000
vt 0.000000 0.000000
vt 1.000000 0.000000
vt 0.000000 1.000000
vt 0.000000 0.000000
vt 1.000000 0.000000
vt 1.000000 1.000000
vt 1.000000 0.000000
vt 0.000000 1.000000
vt 0.000000 0.000000
vt 1.000000 0.000000
vt 0.000000 1.000000
vt 0.000000 0.000000
vt 1.000000 0.000000
vt 0.000000 1.000000
vt 0.000000 0.000000
vt 1.000000 0.000000
vt 0.000000 1.000000
vt 0.000000 0.000000
vt 0.000000 0.000000
vt 1.000000 1.000000
vt 0.000000 1.000000
vt 0.000000 0.000000
vt 0.000000 1.000000
vt 1.000000 0.000000
vt 0.000000 1.000000
vt 0.000000 0.000000
vt 0.000000 0.000000
vt 1.000000 1.000000
vt 0.000000 1.000000
vt 0.000000 0.000000
vt 1.000000 1.000000
vt 0.000000 1.000000
vt 0.000000 0.000000
vt 1.000000 1.000000
vt 0.000000 1.000000
vt 1.000000 0.000000
vt 0.000000 1.000000
vt 0.000000 0.000000
vt 1.000000 0.000000
vt 0.000000 1.000000
vt 0.000000 0.000000
vt 0.000000 0.000000
vt 0.000000 0.000000
vt 1.000000 1.000000
vt 0.000000 1.000000
vt 1.000000 0.000000
vt 0.000000 1.000000
vt 0.000000 0.000000
vt 1.000000 0.000000
vt 0.000000 1.000000
vt 0.000000 0.000000
vt 1.000000 0.000000
vt 0.000000 1.000000
vt 0.000000 0.000000
vt 0.000000 0.000000
vt 1.000000 1.000000
vt 0.000000 1.000000
vt 1.000000 0.000000
vt 0.000000 1.000000
vt 0.000000 0.000000
vt 1.000000 0.000000
vt 1.000000 1.000000
vt 1.000000 0.000000
vt 0.000000 1.000000
vt 0.000000 0.000000
vt 1.000000 0.000000
vt 0.000000 1.000000
vt 0.000000 0.000000
vt 1.000000 0.000000
vt 0.000000 1.000000
vt 0.000000 0.000000
vt 1.000000 0.000000
vt 0.000000 1.000000
vt 0.000000 0.000000
vt 1.000000 0.000000
vt 0.000000 1.000000
vt 0.000000 0.000000
vt 1.000000 0.000000
vt 0.000000 1.000000
vt 0.000000 0.000000
vt 1.000000 0.000000
vt 0.000000 1.000000
vt 0.000000 0.000000
vt 1.000000 0.000000
vt 0.000000 1.000000
vt 0.000000 0.000000
vt 1.000000 0.000000
vt 0.000000 1.000000
vt 0.000000 0.000000
vt 1.000000 0.000000
vt 0.000000 1.000000
vt 0.000000 0.000000
vt 1.000000 0.000000
vt 0.000000 1.000000
vt 0.000000 0.000000
vt 0.000000 0.000000
vt 1.000000 1.000000
vt 0.000000 1.000000
vt 0.000000 0.000000
vt 1.000000 0.000000
vt 0.000000 1.000000
vt 0.000000 0.000000
vt 1.000000 0.000000
vt 0.000000 1.000000
vt 0.000000 0.000000
vt 1.000000 0.000000
vt 0.000000 1.000000
vt 0.000000 0.000000
vt 0.000000 0.000000
vt 1.000000 1.000000
vt 0.000000 1.000000
vt 0.000000 0.000000
vt 1.000000 1.000000
vt 0.000000 1.000000
vt 1.000000 0.000000
vt 1.000000 1.000000
vt 1.000000 0.000000
vt 1.000000 1.000000
vt 1.000000 0.000000
vt 0.000000 1.000000
vt 0.000000 0.000000
vt 0.000000 0.000000
vt 1.000000 1.000000
vt 0.000000 1.000000
vt 1.000000 0.000000
vt 0.000000 1.000000
vt 0.000000 0.000000
vt 1.000000 0.000000
vt 0.000000 1.000000
vt 0.000000 0.000000
vt 0.000000 0.000000
vt 1.000000 1.000000
vt 0.000000 1.000000
vt 1.000000 0.000000
vt 0.000000 1.000000
vt 0.000000 0.000000
vt 1.000000 0.000000
vt 0.000000 1.000000
vt 0.000000 0.000000
vt 1.000000 0.000000
vt 0.000000 1.000000
vt 0.000000 0.000000
vt 0.000000 0.000000
vt 1.000000 1.000000
vt 0.000000 1.000000
vt 0.000000 0.000000
vt 1.000000 1.000000
vt 0.000000 1.000000
vt 1.000000 0.000000
vt 0.000000 1.000000
vt 0.000000 0.000000
vt 1.000000 0.000000
vt 0.000000 1.000000
vt 0.000000 0.000000
vt 0.000000 0.000000
vt 1.000000 0.000000
vt 0.000000 1.000000
vt 0.000000 0.000000
vt 0.000000 0.000000
vt 1.000000 1.000000
vt 0.000000 1.000000
vt 1.000000 0.000000
vt 0.000000 1.000000
vt 0.000000 0.000000
vt 0.000000 0.000000
vt 1.000000 1.000000
vt 0.000000 1.000000
vt 0.000000 0.000000
vt 1.000000 1.000000
vt 0.000000 1.000000
vt 0.000000 0.000000
vt 1.000000 1.000000
vt 0.000000 1.000000
vt 1.000000 0.000000
vt 0.000000 1.000000
vt 0.000000 0.000000
vt 1.000000 0.000000
vt 1.000000 1.000000
vt 0.000000 0.000000
vt 1.000000 1.000000
vt 0.000000 1.000000
vt 1.000000 0.000000
vt 0.000000 1.000000
vt 0.000000 0.000000
vt 0.000000 0.000000
vt 1.000000 1.000000
vt 0.000000 1.000000
vt 0.000000 0.000000
vt 1.000000 1.000000
vt 0.000000 1.000000
vt 1.000000 0.000000
vt 0.000000 1.000000
vt 0.000000 0.000000
vt 0.000000 0.000000
vt 1.000000 1.000000
vt 0.000000 1.000000
vt 1.000000 0.000000
vt 0.000000 1.000000
vt 0.000000 0.000000
vt 0.000000 0.000000
vt 1.000000 1.000000
vt 0.000000 1.000000
vt 1.000000 0.000000
vt 0.000000 1.000000
vt 0.000000 0.000000
vt 0.000000 0.000000
vt 1.000000 0.000000
vt 1.000000 1.000000
vt 1.000000 1.000000
vt 1.000000 1.000000
vt 1.000000 0.000000
vt 1.000000 1.000000
vt 1.000000 1.000000
vt 1.000000 1.000000
vt 1.000000 0.000000
vt 1.000000 0.000000
vt 1.000000 1.000000
vt 1.000000 0.000000
vt 1.000000 0.000000
vt 1.000000 1.000000
vt 1.000000 1.000000
vt 1.000000 1.000000
vt 1.000000 1.000000
vt 1.000000 1.000000
vt 1.000000 1.000000
vt 1.000000 0.000000
vt 1.000000 0.000000
vt 1.000000 1.000000
vt 1.000000 1.000000
vt 1.000000 1.000000
vt 1.000000 0.000000
vt 1.000000 0.000000
vt 1.000000 0.000000
vt 1.000000 1.000000
vt 1.000000 1.000000
vt 1.000000 0.000000
vt 1.000000 1.000000
vt 1.000000 0.000000
vt 1.000000 1.000000
vt 1.000000 0.000000
vt 1.000000 1.000000
vt 1.000000 1.000000
vt 1.000000 0.000000
vt 1.000000 0.000000
vt 1.000000 1.000000
vt 1.000000 0.000000
vt 1.000000 0.000000
vt 1.000000 0.000000
vt 1.000000 1.000000
vt 1.000000 1.000000
vt 1.000000 0.000000
vt 1.000000 1.000000
vt 1.000000 0.000000
vt 1.000000 1.000000
vt 1.000000 0.000000
vt 1.000000 1.000000
vt 1.000000 1.000000
vt 1.000000 0.000000
vt 1.000000 1.000000
vt 1.000000 1.000000
vt 1.000000 1.000000
vt 1.000000 1.000000
vt 1.000000 1.000000
vt 1.000000 0.000000
vt 1.000000 1.000000
vt 1.000000 0.000000
vt 1.000000 1.000000
vt 1.000000 1.000000
vt 1.000000 0.000000
vt 1.000000 1.000000
vt 1.000000 1.000000
vt 1.000000 1.000000
vt 1.000000 0.000000
vt 1.000000 0.000000
vt 1.000000 1.000000
vt 1.000000 0.000000
vt 1.000000 1.000000
vt 1.000000 1.000000
vt 1.000000 1.000000
vt 1.000000 1.000000
vt 1.000000 1.000000
vt 1.000000 0.000000
vt 1.000000 1.000000
vt 1.000000 1.000000
vt 1.000000 0.000000
vt 1.000000 1.000000
vt 1.000000 1.000000
vt 1.000000 0.000000
vt 1.000000 1.000000
vt 1.000000 1.000000
vt 1.000000 1.000000
vt 1.000000 0.000000
vt 1.000000 1.000000
vt 1.000000 0.000000
vt 1.000000 1.000000
vt 1.000000 0.000000
vt 1.000000 0.000000
vt 1.000000 0.000000
vt 1.000000 0.000000
vt 1.000000 1.000000
vt 1.000000 1.000000
vt 1.000000 1.000000
vt 1.000000 1.000000
vt 1.000000 0.000000
vt 1.000000 1.000000
vt 1.000000 1.000000
vt 1.000000 0.000000
vt 1.000000 0.000000
vt 1.000000 1.000000
vt 1.000000 1.000000
vt 1.000000 1.000000
vt 1.000000 0.000000
vt 1.000000 1.000000
vt 1.000000 0.000000
vt 1.000000 1.000000
vt 1.000000 1.000000
vt 1.000000 0.000000
vt 1.000000 0.000000
vt 1.000000 1.000000
vt 1.000000 1.000000
vt 1.000000 0.000000
vt 1.000000 1.000000
vt 1.000000 1.000000
vt 1.000000 1.000000
vt 1.000000 0.000000
vt 1.000000 0.000000
vt 1.000000 1.000000
vt 1.000000 1.000000
vt 1.000000 0.000000
vt 1.000000 0.000000
vt 1.000000 1.000000
vt 1.000000 0.000000
vt 1.000000 0.000000
vt 1.000000 0.000000
vt 1.000000 1.000000
vt 1.000000 1.000000
vt 1.000000 0.000000
vt 1.000000 1.000000
vt 1.000000 0.000000
vt 1.000000 1.000000
vt 1.000000 1.000000
vt 1.000000 0.000000
vt 1.000000 1.000000
vt 1.000000 1.000000
vt 1.000000 1.000000
vt 1.000000 1.000000
vt 1.000000 1.000000
vt 1.000000 1.000000
vt 1.000000 1.000000
vt 1.000000 0.000000
vt 1.000000 1.000000
vt 1.000000 1.000000
vt 1.000000 0.000000
vt 1.000000 1.000000
vt 1.000000 1.000000
vt 1.000000 0.000000
vt 1.000000 0.000000
vt 1.000000 1.000000
vt 1.000000 0.000000
vt 1.000000 0.000000
vt 1.000000 0.000000
vt 1.000000 1.000000
vt 1.000000 1.000000
vt 1.000000 0.000000
vt 1.000000 0.000000
vt 1.000000 1.000000
vt 1.000000 1.000000
vt 1.000000 0.000000
vt 1.000000 1.000000
vt 1.000000 0.000000
vt 1.000000 1.000000
vt 1.000000 0.000000
vt 1.000000 1.000000
vt 1.000000 1.000000
vt 1.000000 1.000000
vt 1.000000 0.000000
vt 1.000000 1.000000
vt 1.000000 0.000000
vt 1.000000 0.000000
vt 1.000000 1.000000
vt 1.000000 1.000000
vt 1.000000 1.000000
vt 1.000000 0.000000
vt 1.000000 0.000000
vt 1.000000 0.000000
vt 1.000000 1.000000
vt 1.000000 1.000000
vt 1.000000 0.000000
vt 1.000000 1.000000
vt 1.000000 1.000000
vt 1.000000 1.000000
vt 1.000000 0.000000
vt 1.000000 0.000000
vt 1.000000 1.000000
vt 1.000000 1.000000
vt 1.000000 0.000000
vt 1.000000 1.000000
vt 1.000000 1.000000
vt 1.000000 0.000000
vt 1.000000 1.000000
vt 1.000000 1.000000
vt 1.000000 1.000000
vt 1.000000 1.000000
vt 1.000000 0.000000
vt 1.000000 0.000000
vt 1.000000 1.000000
vt 1.000000 1.000000
vt 1.000000 0.000000
vt 1.000000 1.000000
vt 1.000000 1.000000
vt 1.000000 0.000000
vt 1.000000 0.000000
vt 1.000000 0.000000
vt 1.000000 1.000000
vt 1.000000 0.000000
vt 1.000000 1.000000
vt 1.000000 1.000000
vt 1.000000 1.000000
vt 1.000000 1.000000
vt 1.000000 0.000000
vt 1.000000 1.000000
vt 1.000000 1.000000
vt 1.000000 0.000000
vt 1.000000 1.000000
vt 1.000000 0.000000
vt 1.000000 1.000000
vt 1.000000 0.000000
vt 1.000000 0.000000
vt 1.000000 1.000000
vt 1.000000 1.000000
vt 1.000000 1.000000
vt 1.000000 0.000000
vt 1.000000 0.000000
vt 1.000000 0.000000
vt 1.000000 1.000000
vt 1.000000 1.000000
vt 1.000000 0.000000
vt 1.000000 0.000000
vt 1.000000 1.000000
vt 1.000000 1.000000
vt 1.000000 1.000000
vt 1.000000 1.000000
vt 1.000000 0.000000
vt 1.000000 0.000000
vt 1.000000 0.000000
vt 1.000000 1.000000
vt 1.000000 0.000000
vt 1.000000 1.000000
vt 1.000000 0.000000
vt 1.000000 1.000000
vt 1.000000 1.000000
vt 1.000000 1.000000
vt 1.000000 0.000000
vt 1.000000 0.000000
vt 1.000000 0.000000
vt 1.000000 1.000000
vt 1.000000 0.000000
vt 1.000000 1.000000
vt 1.000000 1.000000
vt 1.000000 1.000000
vt 1.000000 1.000000
vt 1.000000 1.000000
vt 1.000000 1.000000
vt 1.000000 1.000000
vt 1.000000 0.000000
vt 1.000000 0.000000
vt 1.000000 0.000000
vt 1.000000 1.000000
vt 1.000000 1.000000
vt 1.000000 0.000000
vt 1.000000 1.000000
vt 1.000000 1.000000
vt 1.000000 0.000000
vt 1.000000 0.000000
vt 1.000000 1.000000
vt 1.000000 0.000000
vt 1.000000 1.000000
vt 1.000000 1.000000
vt 1.000000 1.000000
vt 1.000000 1.000000
vt 1.000000 0.000000
vt 1.000000 1.000000
vt 1.000000 0.000000
vt 1.000000 1.000000
vt 1.000000 1.000000
vt 1.000000 1.000000
vt 1.000000 0.000000
vt 1.000000 0.000000
vt 1.000000 1.000000
vt 1.000000 1.000000
vt 1.000000 0.000000
vt 1.000000 1.000000
vt 1.000000 1.000000
vt 1.000000 1.000000
vt 1.000000 1.000000
vt 1.000000 0.000000
vt 1.000000 0.000000
vt 1.000000 0.000000
vt 1.000000 1.000000
vt 1.000000 0.000000
vt 1.000000 1.000000
vt 1.000000 1.000000
vt 1.000000 1.000000
vt 1.000000 0.000000
vt 1.000000 0.000000
vt 1.000000 1.000000
vt 1.000000 1.000000
vt 1.000000 0.000000
vt 1.000000 1.000000
vt 1.000000 1.000000
vt 1.000000 1.000000
vt 1.000000 1.000000
vt 1.000000 1.000000
vt 1.000000 0.000000
vt 1.000000 0.000000
vt 1.000000 1.000000
vt 1.000000 1.000000
vt 1.000000 0.000000
vt 1.000000 0.000000
vt 1.000000 0.000000
vt 1.000000 1.000000
vt 1.000000 1.000000
vt 1.000000 0.000000
vt 1.000000 1.000000
vt 1.000000 0.000000
vt 1.000000 0.000000
vt 1.000000 1.000000
vt 1.000000 1.000000
vt 1.000000 1.000000
vt 1.000000 0.000000
vt 1.000000 0.000000
vt 1.000000 1.000000
vt 1.000000 1.000000
vt 1.000000 0.000000
vt 1.000000 1.000000
vt 1.000000 0.000000
vt 1.000000 0.000000
vt 1.000000 0.000000
vt 1.000000 1.000000
vt 1.000000 1.000000
vt 1.000000 1.000000
vt 1.000000 1.000000
vt 1.000000 0.000000
vt 1.000000 1.000000
vt 1.000000 0.000000
vt 1.000000 0.000000
vt 1.000000 1.000000
vt 1.000000 1.000000
vt 1.000000 0.000000
vt 1.000000 0.000000
vt 1.000000 1.000000
vt 1.000000 1.000000
vt 1.000000 1.000000
vt 1.000000 0.000000
vt 1.000000 1.000000
vt 1.000000 1.000000
vt 1.000000 1.000000
vt 1.000000 1.000000
vt 1.000000 0.000000
vt 1.000000 1.000000
vt 1.000000 0.000000
vt 1.000000 1.000000
vt 1.000000 0.000000
vt 1.000000 1.000000
vt 1.000000 1.000000
vt 1.000000 0.000000
vt 1.000000 0.000000
vt 1.000000 1.000000
vt 1.000000 0.000000
vt 1.000000 0.000000
vt 1.000000 1.000000
vt 1.000000 1.000000
vt 1.000000 1.000000
vt 1.000000 1.000000
vt 1.000000 1.000000
vt 1.000000 1.000000
vt 1.000000 0.000000
vt 1.000000 0.000000
vt 1.000000 1.000000
vt 1.000000 0.000000
vt 1.000000 0.000000
vt 1.000000 0.000000
vt 1.000000 1.000000
vt 1.000000 1.000000
vt 1.000000 0.000000
vt 1.000000 1.000000
vt 1.000000 1.000000
vt 1.000000 1.000000
vt 1.000000 0.000000
vt 1.000000 1.000000
vt 1.000000 1.000000
vt 1.000000 1.000000
vt 1.000000 1.000000
vt 1.000000 1.000000
vt 1.000000 1.000000
vt 1.000000 1.000000
vt 1.000000 1.000000
vt 1.000000 1.000000
vt 1.000000 1.000000
vt 1.000000 1.000000
vt 1.000000 1.000000
vt 1.000000 0.000000
vt 1.000000 1.000000
vt 1.000000 1.000000
vt 1.000000 1.000000
vt 1.000000 0.000000
vt 1.000000 0.000000
vt 1.000000 1.000000
vt 1.000000 0.000000
vt 1.000000 1.000000
vt 1.000000 1.000000
vt 1.000000 0.000000
vt 1.000000 1.000000
vt 1.000000 1.000000
vt 1.000000 1.000000
vt 1.000000 0.000000
vt 1.000000 0.000000
vt 1.000000 1.000000
vt 1.000000 1.000000
vt 1.000000 1.000000
vt 1.000000 0.000000
vt 1.000000 1.000000
vt 1.000000 0.000000
vt 1.000000 0.000000
vt 1.000000 0.000000
vt 1.000000 1.000000
vt 1.000000 0.000000
vt 1.000000 1.000000
vt 1.000000 0.000000
vt 1.000000 0.000000
vt 1.000000 1.000000
vt 1.000000 0.000000
vt 1.000000 1.000000
vt 1.000000 0.000000
vt 1.000000 1.000000
vn 0.0182 -0.9827 -0.1845
vn 0.0827 0.5368 -0.8397
vn 0.0968 -0.1564 -0.9829
vn 0.0979 -0.0514 -0.9939
vn 0.0492 -0.8646 -0.5000
vn 0.0701 0.6988 -0.7119
vn 0.0979 0.0514 -0.9939
vn 0.0701 -0.6988 -0.7119
vn 0.0827 -0.5368 -0.8397
vn 0.0492 0.8647 -0.5000
vn 0.0182 0.9827 -0.1845
vn 0.0968 0.1564 -0.9829
vn 0.0901 -0.3938 -0.9148
vn 0.0944 0.2688 -0.9586
vn 0.0901 0.3938 -0.9148
vn 0.0944 -0.2688 -0.9586
vn 0.2796 0.2688 -0.9217
vn 0.2668 0.3938 -0.8796
vn 0.2796 -0.2688 -0.9217
vn 0.0538 -0.9827 -0.1774
vn 0.2449 0.5368 -0.8074
vn 0.2867 -0.1564 -0.9452
vn 0.2899 -0.0514 -0.9557
vn 0.1458 -0.8646 -0.4807
vn 0.2077 0.6988 -0.6846
vn 0.2899 0.0514 -0.9557
vn 0.2077 -0.6988 -0.6846
vn 0.2449 -0.5368 -0.8074
vn 0.1458 0.8647 -0.4807
vn 0.0538 0.9827 -0.1774
vn 0.2867 0.1564 -0.9452
vn 0.2668 -0.3938 -0.8796
vn 0.4656 0.1564 -0.8711
vn 0.3977 -0.5368 -0.7441
vn 0.4333 -0.3938 -0.8106
vn 0.0874 0.9827 -0.1635
vn 0.4540 0.2688 -0.8495
vn 0.4540 -0.2688 -0.8495
vn 0.0874 -0.9827 -0.1635
vn 0.4333 0.3938 -0.8106
vn 0.3977 0.5368 -0.7441
vn 0.4656 -0.1564 -0.8711
vn 0.2368 -0.8646 -0.4431
vn 0.3372 0.6988 -0.6309
vn 0.4708 -0.0514 -0.8808
vn 0.4708 0.0514 -0.8808
vn 0.3372 -0.6988 -0.6309
vn 0.2368 0.8647 -0.4431
vn 0.3187 0.8647 -0.3883
vn 0.6336 0.0514 -0.7720
vn 0.6266 0.1564 -0.7635
vn 0.5353 -0.5368 -0.6522
vn 0.1176 0.9827 -0.1433
vn 0.6110 0.2688 -0.7446
vn 0.5831 -0.3938 -0.7105
vn 0.6110 -0.2688 -0.7446
vn 0.5831 0.3938 -0.7105
vn 0.6266 -0.1564 -0.7635
vn 0.1176 -0.9827 -0.1433
vn 0.3187 -0.8646 -0.3883
vn 0.5353 0.5368 -0.6522
vn 0.4538 0.6988 -0.5530
vn 0.6336 -0.0514 -0.7720
vn 0.4538 -0.6988 -0.5530
vn 0.7720 -0.0514 -0.6336
vn 0.3883 -0.8646 -0.3187
vn 0.5530 -0.6988 -0.4538
vn 0.5530 0.6988 -0.4538
vn 0.3883 0.8647 -0.3187
vn 0.7720 0.0514 -0.6336
vn 0.6522 -0.5368 -0.5353
vn 0.1433 0.9827 -0.1176
vn 0.7635 0.1564 -0.6266
vn 0.7446 0.2688 -0.6110
vn 0.7105 -0.3938 -0.5831
vn 0.7105 0.3938 -0.5831
vn 0.7446 -0.2688 -0.6110
vn 0.7635 -0.1564 -0.6266
vn 0.1433 -0.9827 -0.1176
vn 0.6522 0.5368 -0.5353
vn 0.1635 -0.9827 -0.0874
vn 0.7441 0.5368 -0.3977
vn 0.8711 -0.1564 -0.4656
vn 0.8808 -0.0514 -0.4708
vn 0.4431 -0.8646 -0.2368
vn 0.6309 0.6988 -0.3372
vn 0.8808 0.0514 -0.4708
vn 0.6309 -0.6988 -0.3372
vn 0.7441 -0.5368 -0.3977
vn 0.4431 0.8647 -0.2368
vn 0.1635 0.9827 -0.0874
vn 0.8711 0.1564 -0.4656
vn 0.8106 -0.3938 -0.4333
vn 0.8495 0.2688 -0.4540
vn 0.8106 0.3938 -0.4333
vn 0.8495 -0.2688 -0.4540
vn 0.9217 0.2688 -0.2796
vn 0.9217 -0.2688 -0.2796
vn 0.1774 -0.9827 -0.0538
vn 0.8796 0.3938 -0.2668
vn 0.8074 0.5368 -0.2449
vn 0.9452 -0.1564 -0.2867
vn 0.4807 -0.8646 -0.1458
vn 0.6846 0.6988 -0.2077
vn 0.9557 -0.0514 -0.2899
vn 0.9557 0.0514 -0.2899
vn 0.6846 -0.6988 -0.2077
vn 0.4807 0.8647 -0.1458
vn 0.9452 0.1564 -0.2867
vn 0.8074 -0.5368 -0.2449
vn 0.8796 -0.3938 -0.2668
vn 0.1774 0.9827 -0.0538
vn 0.8397 -0.5368 -0.0827
vn 0.1845 0.9827 -0.0182
vn 0.9586 0.2688 -0.0944
vn 0.9148 -0.3938 -0.0901
vn 0.9586 -0.2688 -0.0944
vn 0.9148 0.3938 -0.0901
vn 0.9829 -0.1564 -0.0968
vn 0.1845 -0.9827 -0.0182
vn 0.5000 -0.8646 -0.0492
vn 0.8397 0.5368 -0.0827
vn 0.7119 0.6988 -0.0701
vn 0.9939 -0.0514 -0.0979
vn 0.7119 -0.6988 -0.0701
vn 0.5000 0.8647 -0.0492
vn 0.9939 0.0514 -0.0979
vn 0.9829 0.1564 -0.0968
vn 0.7119 0.6988 0.0701
vn 0.5000 0.8647 0.0492
vn 0.9939 0.0514 0.0979
vn 0.8397 -0.5368 0.0827
vn 0.1845 0.9827 0.0182
vn 0.9829 0.1564 0.0968
vn 0.9586 0.2688 0.0944
vn 0.9148 -0.3938 0.0901
vn 0.9148 0.3938 0.0901
vn 0.9586 -0.2688 0.0944
vn 0.9829 -0.1564 0.0968
vn 0.1845 -0.9827 0.0182
vn 0.8397 0.5368 0.0827
vn 0.9939 -0.0514 0.0979
vn 0.5000 -0.8646 0.0492
vn 0.7119 -0.6988 0.0701
vn 0.9557 -0.0514 0.2899
vn 0.4807 -0.8646 0.1458
vn 0.6846 0.6988 0.2077
vn 0.9557 0.0514 0.2899
vn 0.6846 -0.6988 0.2077
vn 0.8074 -0.5368 0.2449
vn 0.4807 0.8647 0.1458
vn 0.1774 0.9827 0.0538
vn 0.9452 0.1564 0.2867
vn 0.8796 -0.3938 0.2668
vn 0.9217 0.2688 0.2796
vn 0.8796 0.3938 0.2668
vn 0.9217 -0.2688 0.2796
vn 0.1774 -0.9827 0.0538
vn 0.8074 0.5368 0.2449
vn 0.9452 -0.1564 0.2867
vn 0.1635 -0.9827 0.0874
vn 0.8106 0.3938 0.4333
vn 0.7441 0.5368 0.3977
vn 0.8711 -0.1564 0.4656
vn 0.4431 -0.8646 0.2368
vn 0.6309 0.6988 0.3372
vn 0.8808 -0.0514 0.4708
vn 0.8808 0.0514 0.4708
vn 0.6309 -0.6988 0.3372
vn 0.4431 0.8647 0.2368
vn 0.8711 0.1564 0.4656
vn 0.7441 -0.5368 0.3977
vn 0.8106 -0.3938 0.4333
vn 0.1635 0.9827 0.0874
vn 0.8495 0.2688 0.4540
vn 0.8495 -0.2688 0.4540
vn 0.7446 0.2688 0.6110
vn 0.7105 -0.3938 0.5831
vn 0.7446 -0.2688 0.6110
vn 0.7105 0.3938 0.5831
vn 0.7635 -0.1564 0.6266
vn 0.1433 -0.9827 0.1176
vn 0.3883 -0.8646 0.3187
vn 0.6522 0.5368 0.5353
vn 0.5530 0.6988 0.4538
vn 0.7720 -0.0514 0.6336
vn 0.5530 -0.6988 0.4538
vn 0.3883 0.8647 0.3187
vn 0.7720 0.0514 0.6336
vn 0.7635 0.1564 0.6266
vn 0.6522 -0.5368 0.5353
vn 0.1433 0.9827 0.1176
vn 0.1176 0.9827 0.1433
vn 0.6266 0.1564 0.7635
vn 0.6110 0.2688 0.7446
vn 0.5831 -0.3938 0.7105
vn 0.5831 0.3938 0.7105
vn 0.6110 -0.2688 0.7446
vn 0.6266 -0.1564 0.7635
vn 0.1176 -0.9827 0.1433
vn 0.5353 0.5368 0.6522
vn 0.6336 -0.0514 0.7720
vn 0.3187 -0.8646 0.3883
vn 0.4538 -0.6988 0.5530
vn 0.4538 0.6988 0.5530
vn 0.3187 0.8647 0.3883
vn 0.6336 0.0514 0.7720
vn 0.5353 -0.5368 0.6522
vn 0.4708 0.0514 0.8808
vn 0.3372 -0.6988 0.6309
vn 0.3977 -0.5368 0.7441
vn 0.2368 0.8647 0.4431
vn 0.0874 0.9827 0.1635
vn 0.4656 0.1564 0.8711
vn 0.4333 -0.3938 0.8106
vn 0.4540 0.2688 0.8495
vn 0.4333 0.3938 0.8106
vn 0.4540 -0.2688 0.8495
vn 0.0874 -0.9827 0.1635
vn 0.3977 0.5368 0.7441
vn 0.4656 -0.1564 0.8711
vn 0.4708 -0.0514 0.8808
vn 0.2368 -0.8646 0.4431
vn 0.3372 0.6988 0.6309
vn 0.1458 -0.8646 0.4807
vn 0.2077 0.6988 0.6846
vn 0.2899 -0.0514 0.9557
vn 0.2899 0.0514 0.9557
vn 0.2077 -0.6988 0.6846
vn 0.1458 0.8647 0.4807
vn 0.2867 0.1564 0.9452
vn 0.2449 -0.5368 0.8074
vn 0.2668 -0.3938 0.8796
vn 0.0538 0.9827 0.1774
vn 0.2796 0.2688 0.9217
vn 0.2796 -0.2688 0.9217
vn 0.0538 -0.9827 0.1774
vn 0.2668 0.3938 0.8796
vn 0.2449 0.5368 0.8074
vn 0.2867 -0.1564 0.9452
vn 0.0901 0.3938 0.9148
vn 0.0968 -0.1564 0.9829
vn 0.0182 -0.9827 0.1845
vn 0.0492 -0.8646 0.5000
vn 0.0827 0.5368 0.8397
vn 0.0701 0.6988 0.7119
vn 0.0979 -0.0514 0.9939
vn 0.0701 -0.6988 0.7119
vn 0.0492 0.8647 0.5000
vn 0.0979 0.0514 0.9939
vn 0.0968 0.1564 0.9829
vn 0.0827 -0.5368 0.8397
vn 0.0182 0.9827 0.1845
vn 0.0944 0.2688 0.9586
vn 0.0901 -0.3938 0.9148
vn 0.0944 -0.2688 0.9586
vn -0.0901 -0.3938 0.9148
vn -0.0901 0.3938 0.9148
vn -0.0944 -0.2688 0.9586
vn -0.0968 -0.1564 0.9829
vn -0.0182 -0.9827 0.1845
vn -0.0827 0.5368 0.8397
vn -0.0979 -0.0514 0.9939
vn -0.0492 -0.8646 0.5000
vn -0.0701 -0.6988 0.7119
vn -0.0701 0.6988 0.7119
vn -0.0492 0.8646 0.5000
vn -0.0979 0.0514 0.9939
vn -0.0827 -0.5368 0.8397
vn -0.0182 0.9827 0.1845
vn -0.0968 0.1564 0.9829
vn -0.0944 0.2688 0.9586
vn -0.1458 0.8647 0.4807
vn -0.0538 0.9827 0.1774
vn -0.2867 0.1564 0.9452
vn -0.2668 -0.3938 0.8796
vn -0.2796 0.2688 0.9217
vn -0.2668 0.3938 0.8796
vn -0.2796 -0.2688 0.9217
vn -0.0538 -0.9827 0.1774
vn -0.2449 0.5368 0.8074
vn -0.2867 -0.1564 0.9452
vn -0.2899 -0.0514 0.9557
vn -0.1458 -0.8646 0.4807
vn -0.2077 0.6988 0.6846
vn -0.2899 0.0514 0.9557
vn -0.2077 -0.6988 0.6846
vn -0.2449 -0.5368 0.8074
vn -0.4708 0.0514 0.8808
vn -0.3372 -0.6988 0.6309
vn -0.2368 0.8647 0.4431
vn -0.4656 0.1564 0.8711
vn -0.3977 -0.5368 0.7441
vn -0.4333 -0.3938 0.8106
vn -0.0874 0.9827 0.1635
vn -0.4540 0.2688 0.8495
vn -0.4540 -0.2688 0.8495
vn -0.0874 -0.9827 0.1635
vn -0.4333 0.3938 0.8106
vn -0.3977 0.5368 0.7441
vn -0.4656 -0.1564 0.8711
vn -0.2368 -0.8646 0.4431
vn -0.3372 0.6988 0.6309
vn -0.4708 -0.0514 0.8808
vn -0.3187 -0.8646 0.3883
vn -0.5353 0.5368 0.6522
vn -0.4538 0.6988 0.5530
vn -0.6336 -0.0514 0.7720
vn -0.4538 -0.6988 0.5530
vn -0.3187 0.8646 0.3883
vn -0.6336 0.0514 0.7720
vn -0.6266 0.1564 0.7635
vn -0.5353 -0.5368 0.6522
vn -0.1176 0.9827 0.1433
vn -0.6110 0.2688 0.7446
vn -0.5831 -0.3938 0.7105
vn -0.6110 -0.2688 0.7446
vn -0.5831 0.3938 0.7105
vn -0.6266 -0.1564 0.7635
vn -0.1176 -0.9827 0.1433
vn -0.7105 0.3938 0.5831
vn -0.7446 -0.2688 0.6110
vn -0.7635 -0.1564 0.6266
vn -0.1433 -0.9827 0.1176
vn -0.6522 0.5368 0.5353
vn -0.7720 -0.0514 0.6336
vn -0.3883 -0.8646 0.3187
vn -0.5530 -0.6988 0.4538
vn -0.5530 0.6988 0.4538
vn -0.3883 0.8647 0.3187
vn -0.7720 0.0514 0.6336
vn -0.6522 -0.5368 0.5353
vn -0.1433 0.9827 0.1176
vn -0.7635 0.1564 0.6266
vn -0.7446 0.2688 0.6110
vn -0.7105 -0.3938 0.5831
vn -0.8495 0.2688 0.4540
vn -0.8106 0.3938 0.4333
vn -0.8495 -0.2688 0.4540
vn -0.1635 -0.9827 0.0874
vn -0.7441 0.5368 0.3977
vn -0.8711 -0.1564 0.4656
vn -0.8808 -0.0514 0.4708
vn -0.4431 -0.8646 0.2368
vn -0.6309 0.6988 0.3372
vn -0.8808 0.0514 0.4708
vn -0.6309 -0.6988 0.3372
vn -0.7441 -0.5368 0.3977
vn -0.4431 0.8647 0.2368
vn -0.1635 0.9827 0.0874
vn -0.8711 0.1564 0.4656
vn -0.8106 -0.3938 0.4333
vn -0.9452 0.1564 0.2867
vn -0.8074 -0.5368 0.2449
vn -0.8796 -0.3938 0.2668
vn -0.1774 0.9827 0.0538
vn -0.9217 0.2688 0.2796
vn -0.9217 -0.2688 0.2796
vn -0.1774 -0.9827 0.0538
vn -0.8796 0.3938 0.2668
vn -0.8074 0.5368 0.2449
vn -0.9452 -0.1564 0.2867
vn -0.4807 -0.8646 0.1458
vn -0.6846 0.6988 0.2077
vn -0.9557 -0.0514 0.2899
vn -0.9557 0.0514 0.2899
vn -0.6846 -0.6988 0.2077
vn -0.4807 0.8647 0.1458
vn -0.7119 -0.6988 0.0701
vn -0.5000 0.8647 0.0492
vn -0.9939 0.0514 0.0979
vn -0.9829 0.1564 0.0968
vn -0.8397 -0.5368 0.0827
vn -0.1845 0.9827 0.0182
vn -0.9586 0.2688 0.0944
vn -0.9148 -0.3938 0.0901
vn -0.9586 -0.2688 0.0944
vn -0.9148 0.3938 0.0901
vn -0.9829 -0.1564 0.0968
vn -0.1845 -0.9827 0.0182
vn -0.5000 -0.8646 0.0492
vn -0.8397 0.5368 0.0827
vn -0.7119 0.6988 0.0701
vn -0.9939 -0.0514 0.0979
vn -0.8397 0.5368 -0.0827
vn -0.9939 -0.0514 -0.0979
vn -0.5000 -0.8646 -0.0492
vn -0.7119 -0.6988 -0.0701
vn -0.7119 0.6988 -0.0701
vn -0.5000 0.8647 -0.0492
vn -0.9939 0.0514 -0.0979
vn -0.8397 -0.5368 -0.0827
vn -0.1845 0.9827 -0.0182
vn -0.9829 0.1564 -0.0968
vn -0.9586 0.2688 -0.0944
vn -0.9148 -0.3938 -0.0901
vn -0.9148 0.3938 -0.0901
vn -0.9586 -0.2688 -0.0944
vn -0.9829 -0.1564 -0.0968
vn -0.1845 -0.9827 -0.0182
vn -0.9217 -0.2688 -0.2796
vn -0.1774 -0.9827 -0.0538
vn -0.8074 0.5368 -0.2449
vn -0.9452 -0.1564 -0.2867
vn -0.9557 -0.0514 -0.2899
vn -0.4807 -0.8646 -0.1458
vn -0.6846 0.6988 -0.2077
vn -0.9557 0.0514 -0.2899
vn -0.6846 -0.6988 -0.2077
vn -0.8074 -0.5368 -0.2449
vn -0.4807 0.8647 -0.1458
vn -0.1774 0.9827 -0.0538
vn -0.9452 0.1564 -0.2867
vn -0.8796 -0.3938 -0.2668
vn -0.9217 0.2688 -0.2796
vn -0.8796 0.3938 -0.2668
vn -0.1635 0.9827 -0.0874
vn -0.8495 0.2688 -0.4540
vn -0.8495 -0.2688 -0.4540
vn -0.1635 -0.9827 -0.0874
vn -0.8106 0.3938 -0.4333
vn -0.7441 0.5368 -0.3977
vn -0.8711 -0.1564 -0.4656
vn -0.4431 -0.8646 -0.2368
vn -0.6309 0.6988 -0.3372
vn -0.8808 -0.0514 -0.4708
vn -0.8808 0.0514 -0.4708
vn -0.6309 -0.6988 -0.3372
vn -0.4431 0.8647 -0.2368
vn -0.8711 0.1564 -0.4656
vn -0.7441 -0.5368 -0.3977
vn -0.8106 -0.3938 -0.4333
vn -0.7635 0.1564 -0.6266
vn -0.6522 -0.5368 -0.5353
vn -0.1433 0.9827 -0.1176
vn -0.7446 0.2688 -0.6110
vn -0.7105 -0.3938 -0.5831
vn -0.7446 -0.2688 -0.6110
vn -0.7105 0.3938 -0.5831
vn -0.7635 -0.1564 -0.6266
vn -0.1433 -0.9827 -0.1176
vn -0.3883 -0.8646 -0.3187
vn -0.6522 0.5368 -0.5353
vn -0.5530 0.6988 -0.4538
vn -0.7720 -0.0514 -0.6336
vn -0.5530 -0.6988 -0.4538
vn -0.3883 0.8647 -0.3187
vn -0.7720 0.0514 -0.6336
vn -0.4538 -0.6988 -0.5530
vn -0.4538 0.6988 -0.5530
vn -0.3187 0.8647 -0.3883
vn -0.6336 0.0514 -0.7720
vn -0.5353 -0.5368 -0.6522
vn -0.1176 0.9827 -0.1433
vn -0.6266 0.1564 -0.7635
vn -0.6110 0.2688 -0.7446
vn -0.5831 -0.3938 -0.7105
vn -0.5831 0.3938 -0.7105
vn -0.6110 -0.2688 -0.7446
vn -0.6266 -0.1564 -0.7635
vn -0.1176 -0.9827 -0.1433
vn -0.5353 0.5368 -0.6522
vn -0.6336 -0.0514 -0.7720
vn -0.3187 -0.8646 -0.3883
vn -0.3977 0.5368 -0.7441
vn -0.4656 -0.1564 -0.8711
vn -0.4708 -0.0514 -0.8808
vn -0.2368 -0.8646 -0.4431
vn -0.3372 0.6988 -0.6309
vn -0.4708 0.0514 -0.8808
vn -0.3372 -0.6988 -0.6309
vn -0.3977 -0.5368 -0.7441
vn -0.2368 0.8647 -0.4431
vn -0.0874 0.9827 -0.1635
vn -0.4656 0.1564 -0.8711
vn -0.4333 -0.3938 -0.8106
vn -0.4540 0.2688 -0.8495
vn -0.4333 0.3938 -0.8106
vn -0.4540 -0.2688 -0.8495
vn -0.0874 -0.9827 -0.1635
vn -0.0538 -0.9827 -0.1774
vn -0.2668 0.3938 -0.8796
vn -0.2449 0.5368 -0.8074
vn -0.2867 -0.1564 -0.9452
vn -0.1458 -0.8646 -0.4807
vn -0.2077 0.6988 -0.6846
vn -0.2899 -0.0514 -0.9557
vn -0.2899 0.0514 -0.9557
vn -0.2077 -0.6988 -0.6846
vn -0.1458 0.8647 -0.4807
vn -0.2867 0.1564 -0.9452
vn -0.2449 -0.5368 -0.8074
vn -0.2668 -0.3938 -0.8796
vn -0.0538 0.9827 -0.1774
vn -0.2796 0.2688 -0.9217
vn -0.2796 -0.2688 -0.9217
vn -0.0944 0.2688 -0.9586
vn -0.0901 -0.3938 -0.9148
vn -0.0944 -0.2688 -0.9586
vn -0.0901 0.3938 -0.9148
vn -0.0968 -0.1564 -0.9829
vn -0.0182 -0.9827 -0.1845
vn -0.0492 -0.8646 -0.5000
vn -0.0827 0.5368 -0.8397
vn -0.0701 0.6988 -0.7119
vn -0.0979 -0.0514 -0.9939
vn -0.0701 -0.6988 -0.7119
vn -0.0492 0.8646 -0.5000
vn -0.0979 0.0514 -0.9939
vn -0.0968 0.1564 -0.9829
vn -0.0827 -0.5368 -0.8397
vn -0.0182 0.9827 -0.1845
vn 0.1458 0.8646 -0.4807
vn 0.5000 0.8647 -0.0493
vn 0.5000 0.8646 0.0493
vn 0.4807 0.8646 0.1458
vn 0.4431 0.8646 0.2368
vn 0.1458 0.8646 0.4807
vn -0.0492 0.8647 0.5000
vn -0.3187 0.8647 0.3883
vn -0.4431 0.8646 0.2368
vn -0.5000 0.8647 -0.0493
vn -0.4431 0.8646 -0.2368
vn -0.2368 0.8646 -0.4431
s off
f 1/1/1 482/2/1 16/3/1
f 471/4/2 4/5/2 5/6/2
f 476/7/3 11/8/3 477/9/3
f 475/10/4 10/11/4 476/12/4
f 481/13/5 16/14/5 482/15/5
f 470/16/6 3/17/6 4/18/6
f 474/19/7 9/20/7 475/21/7
f 480/22/8 15/23/8 481/24/8
f 479/25/9 14/26/9 480/27/9
f 469/28/10 2/29/10 3/30/10
f 468/31/11 257/32/11 2/29/11
f 474/33/12 7/34/12 8/35/12
f 478/36/13 13/37/13 479/38/13
f 473/39/14 6/40/14 7/41/14
f 472/42/15 5/43/15 6/44/15
f 477/45/16 12/46/16 478/47/16
f 6/48/17 22/49/17 7/50/17
f 5/51/18 21/52/18 6/53/18
f 11/54/19 27/55/19 12/56/19
f 1/1/20 16/57/20 31/58/20
f 4/59/21 20/60/21 5/61/21
f 10/62/22 26/63/22 11/64/22
f 10/65/23 24/66/23 25/67/23
f 16/68/24 30/69/24 31/70/24
f 3/71/25 19/72/25 4/73/25
f 8/74/26 24/75/26 9/76/26
f 14/77/27 30/78/27 15/79/27
f 14/80/28 28/81/28 29/82/28
f 2/83/29 18/84/29 3/85/29
f 2/86/30 257/32/30 17/87/30
f 8/88/31 22/89/31 23/90/31
f 13/91/32 27/92/32 28/93/32
f 22/94/33 38/95/33 23/96/33
f 28/97/34 44/98/34 29/99/34
f 28/100/35 42/101/35 43/102/35
f 17/103/36 257/32/36 32/104/36
f 21/105/37 37/106/37 22/107/37
f 27/108/38 41/109/38 42/110/38
f 1/1/39 31/111/39 46/112/39
f 20/113/40 36/114/40 21/115/40
f 20/116/41 34/117/41 35/118/41
f 25/119/42 41/120/42 26/121/42
f 30/122/43 46/123/43 31/124/43
f 19/125/44 33/126/44 34/127/44
f 25/128/45 39/129/45 40/130/45
f 23/131/46 39/132/46 24/133/46
f 30/134/47 44/135/47 45/136/47
f 18/137/48 32/104/48 33/138/48
f 32/139/49 48/140/49 33/141/49
f 39/142/50 53/143/50 54/144/50
f 37/145/51 53/146/51 38/147/51
f 43/148/52 59/149/52 44/150/52
f 32/151/53 257/32/53 47/152/53
f 37/153/54 51/154/54 52/155/54
f 42/156/55 58/157/55 43/158/55
f 42/159/56 56/160/56 57/161/56
f 35/162/57 51/163/57 36/164/57
f 41/165/58 55/166/58 56/167/58
f 1/1/59 46/168/59 61/169/59
f 45/170/60 61/171/60 46/172/60
f 34/173/61 50/174/61 35/175/61
f 34/176/62 48/177/62 49/178/62
f 39/179/63 55/180/63 40/181/63
f 44/182/64 60/183/64 45/184/64
f 54/185/65 70/186/65 55/187/65
f 60/188/66 76/189/66 61/190/66
f 59/191/67 75/192/67 60/193/67
f 49/194/68 63/195/68 64/196/68
f 47/197/69 63/198/69 48/199/69
f 53/200/70 69/201/70 54/202/70
f 59/203/71 73/204/71 74/205/71
f 47/206/72 257/32/72 62/207/72
f 52/208/73 68/209/73 53/210/73
f 51/211/74 67/212/74 52/213/74
f 58/214/75 72/215/75 73/216/75
f 50/217/76 66/218/76 51/219/76
f 56/220/77 72/221/77 57/222/77
f 55/223/78 71/224/78 56/225/78
f 1/1/79 61/226/79 76/227/79
f 50/228/80 64/229/80 65/230/80
f 1/1/81 76/231/81 91/232/81
f 65/233/82 79/234/82 80/235/82
f 70/236/83 86/237/83 71/238/83
f 70/239/84 84/240/84 85/241/84
f 75/242/85 91/243/85 76/244/85
f 63/245/86 79/246/86 64/247/86
f 68/248/87 84/249/87 69/250/87
f 74/251/88 90/252/88 75/253/88
f 73/254/89 89/255/89 74/256/89
f 62/257/90 78/258/90 63/259/90
f 62/260/91 257/32/91 77/261/91
f 68/262/92 82/263/92 83/264/92
f 72/265/93 88/266/93 73/267/93
f 66/268/94 82/269/94 67/270/94
f 66/271/95 80/272/95 81/273/95
f 71/274/96 87/275/96 72/276/96
f 81/277/97 97/278/97 82/279/97
f 87/280/98 101/281/98 102/282/98
f 1/1/99 91/283/99 106/284/99
f 80/285/100 96/286/100 81/287/100
f 79/288/101 95/289/101 80/290/101
f 85/291/102 101/292/102 86/293/102
f 91/294/103 105/295/103 106/296/103
f 78/297/104 94/298/104 79/299/104
f 85/300/105 99/301/105 100/302/105
f 83/303/106 99/304/106 84/305/106
f 90/306/107 104/307/107 105/308/107
f 78/309/108 92/310/108 93/311/108
f 83/312/109 97/313/109 98/314/109
f 89/315/110 103/316/110 104/317/110
f 87/318/111 103/319/111 88/320/111
f 77/321/112 257/32/112 92/310/112
f 103/322/113 119/323/113 104/324/113
f 92/325/114 257/32/114 107/326/114
f 96/327/115 112/328/115 97/329/115
f 102/330/116 118/331/116 103/332/116
f 102/333/117 116/334/117 117/335/117
f 95/336/118 111/337/118 96/338/118
f 100/339/119 116/340/119 101/341/119
f 1/1/120 106/342/120 121/343/120
f 106/344/121 120/345/121 121/346/121
f 95/347/122 109/348/122 110/349/122
f 93/350/123 109/351/123 94/352/123
f 99/353/124 115/354/124 100/355/124
f 104/356/125 120/357/125 105/358/125
f 93/359/126 107/326/126 108/360/126
f 98/361/127 114/362/127 99/363/127
f 98/364/128 112/365/128 113/366/128
f 108/367/129 124/368/129 109/369/129
f 107/370/130 123/371/130 108/372/130
f 113/373/131 129/374/131 114/375/131
f 119/376/132 133/377/132 134/378/132
f 107/379/133 257/32/133 122/380/133
f 113/381/134 127/382/134 128/383/134
f 111/384/135 127/385/135 112/386/135
f 117/387/136 133/388/136 118/389/136
f 111/390/137 125/391/137 126/392/137
f 116/393/138 132/394/138 117/395/138
f 115/396/139 131/397/139 116/398/139
f 1/1/140 121/399/140 136/400/140
f 109/401/141 125/402/141 110/403/141
f 115/404/142 129/405/142 130/406/142
f 121/407/143 135/408/143 136/409/143
f 119/410/144 135/411/144 120/412/144
f 129/413/145 145/414/145 130/415/145
f 136/416/146 150/417/146 151/418/146
f 124/419/147 138/420/147 139/421/147
f 128/422/148 144/423/148 129/424/148
f 135/425/149 149/426/149 150/427/149
f 134/428/150 148/429/150 149/430/150
f 122/431/151 138/432/151 123/433/151
f 122/434/152 257/32/152 137/435/152
f 128/436/153 142/437/153 143/438/153
f 132/439/154 148/440/154 133/441/154
f 126/442/155 142/443/155 127/444/155
f 126/445/156 140/446/156 141/447/156
f 131/448/157 147/449/157 132/450/157
f 1/1/158 136/451/158 151/452/158
f 125/453/159 139/454/159 140/455/159
f 130/456/160 146/457/160 131/458/160
f 1/1/161 151/459/161 166/460/161
f 140/461/162 156/462/162 141/463/162
f 140/464/163 154/465/163 155/466/163
f 145/467/164 161/468/164 146/469/164
f 150/470/165 166/471/165 151/472/165
f 138/473/166 154/474/166 139/475/166
f 144/476/167 160/477/167 145/478/167
f 143/479/168 159/480/168 144/481/168
f 149/482/169 165/483/169 150/484/169
f 137/485/170 153/486/170 138/487/170
f 142/488/171 158/489/171 143/490/171
f 149/491/172 163/492/172 164/493/172
f 147/494/173 163/495/173 148/496/173
f 137/497/174 257/32/174 152/498/174
f 141/499/175 157/500/175 142/501/175
f 147/502/176 161/503/176 162/504/176
f 156/505/177 172/506/177 157/507/177
f 162/508/178 178/509/178 163/510/178
f 162/511/179 176/512/179 177/513/179
f 156/514/180 170/515/180 171/516/180
f 160/517/181 176/518/181 161/519/181
f 1/1/182 166/520/182 181/521/182
f 166/522/183 180/523/183 181/524/183
f 155/525/184 169/526/184 170/527/184
f 154/528/185 168/529/185 169/530/185
f 159/531/186 175/532/186 160/533/186
f 164/534/187 180/535/187 165/536/187
f 153/537/188 167/538/188 168/539/188
f 159/540/189 173/541/189 174/542/189
f 157/543/190 173/544/190 158/545/190
f 163/546/191 179/547/191 164/548/191
f 152/549/192 257/32/192 167/538/192
f 167/550/193 257/32/193 182/551/193
f 173/552/194 187/553/194 188/554/194
f 171/555/195 187/556/195 172/557/195
f 178/558/196 192/559/196 193/560/196
f 170/561/197 186/562/197 171/563/197
f 177/564/198 191/565/198 192/566/198
f 175/567/199 191/568/199 176/569/199
f 1/1/200 181/570/200 196/571/200
f 169/572/201 185/573/201 170/574/201
f 174/575/202 190/576/202 175/577/202
f 181/578/203 195/579/203 196/580/203
f 179/581/204 195/582/204 180/583/204
f 169/584/205 183/585/205 184/586/205
f 167/587/206 183/588/206 168/589/206
f 174/590/207 188/591/207 189/592/207
f 178/593/208 194/594/208 179/595/208
f 188/596/209 204/597/209 189/598/209
f 194/599/210 210/600/210 195/601/210
f 194/602/211 208/603/211 209/604/211
f 182/605/212 198/606/212 183/607/212
f 182/608/213 257/32/213 197/609/213
f 188/610/214 202/611/214 203/612/214
f 193/613/215 207/614/215 208/615/215
f 186/616/216 202/617/216 187/618/216
f 185/619/217 201/620/217 186/621/217
f 192/622/218 206/623/218 207/624/218
f 1/1/219 196/625/219 211/626/219
f 184/627/220 200/628/220 185/629/220
f 190/630/221 206/631/221 191/632/221
f 189/633/222 205/634/222 190/635/222
f 196/636/223 210/637/223 211/638/223
f 184/639/224 198/640/224 199/641/224
f 210/642/225 226/643/225 211/644/225
f 198/645/226 214/646/226 199/647/226
f 205/648/227 219/649/227 220/650/227
f 203/651/228 219/652/228 204/653/228
f 209/654/229 225/655/229 210/656/229
f 198/657/230 212/658/230 213/659/230
f 202/660/231 218/661/231 203/662/231
f 208/663/232 224/664/232 209/665/232
f 207/666/233 223/667/233 208/668/233
f 197/669/234 257/32/234 212/658/234
f 201/670/235 217/671/235 202/672/235
f 207/673/236 221/674/236 222/675/236
f 1/1/237 211/676/237 226/677/237
f 201/678/238 215/679/238 216/680/238
f 199/681/239 215/682/239 200/683/239
f 205/684/240 221/685/240 206/686/240
f 216/687/241 230/688/241 231/689/241
f 220/690/242 236/691/242 221/692/242
f 1/1/243 226/693/243 241/694/243
f 225/695/244 241/696/244 226/697/244
f 215/698/245 229/699/245 230/700/245
f 214/701/246 228/702/246 229/703/246
f 220/704/247 234/705/247 235/706/247
f 224/707/248 240/708/248 225/709/248
f 212/710/249 228/711/249 213/712/249
f 219/713/250 233/714/250 234/715/250
f 217/716/251 233/717/251 218/718/251
f 223/719/252 239/720/252 224/721/252
f 212/722/253 257/32/253 227/723/253
f 216/724/254 232/725/254 217/726/254
f 222/727/255 238/728/255 223/729/255
f 222/730/256 236/731/256 237/732/256
f 237/733/257 253/734/257 238/735/257
f 230/736/258 246/737/258 231/738/258
f 237/739/259 251/740/259 252/741/259
f 235/742/260 251/743/260 236/744/260
f 1/1/261 241/745/261 256/746/261
f 230/747/262 244/748/262 245/749/262
f 234/750/263 250/751/263 235/752/263
f 241/753/264 255/754/264 256/755/264
f 240/756/265 254/757/265 255/758/265
f 228/759/266 244/760/266 229/761/266
f 227/762/267 243/763/267 228/764/267
f 233/765/268 249/766/268 234/767/268
f 238/768/269 254/769/269 239/770/269
f 227/771/270 257/32/270 242/772/270
f 233/773/271 247/774/271 248/775/271
f 232/776/272 246/777/272 247/778/272
f 242/779/273 259/780/273 243/781/273
f 242/782/274 257/32/274 258/783/274
f 248/784/275 263/785/275 264/786/275
f 252/787/276 269/788/276 253/789/276
f 246/790/277 263/791/277 247/792/277
f 246/793/278 261/794/278 262/795/278
f 252/796/279 267/797/279 268/798/279
f 1/1/280 256/799/280 272/800/280
f 244/801/281 261/802/281 245/803/281
f 250/804/282 267/805/282 251/806/282
f 249/807/283 266/808/283 250/809/283
f 255/810/284 272/811/284 256/812/284
f 244/813/285 259/814/285 260/815/285
f 249/816/286 264/817/286 265/818/286
f 255/819/287 270/820/287 271/821/287
f 253/822/288 270/823/288 254/824/288
f 265/825/289 279/826/289 280/827/289
f 270/828/290 286/829/290 271/830/290
f 258/831/291 274/832/291 259/833/291
f 264/834/292 278/835/292 279/836/292
f 269/837/293 285/838/293 270/839/293
f 268/840/294 284/841/294 269/842/294
f 258/843/295 257/32/295 273/844/295
f 262/845/296 278/846/296 263/847/296
f 268/848/297 282/849/297 283/850/297
f 1/1/298 272/851/298 287/852/298
f 262/853/299 276/854/299 277/855/299
f 261/856/300 275/857/300 276/858/300
f 266/859/301 282/860/301 267/861/301
f 272/862/302 286/863/302 287/864/302
f 259/865/303 275/866/303 260/867/303
f 265/868/304 281/869/304 266/870/304
f 286/871/305 302/872/305 287/873/305
f 275/874/306 291/875/306 276/876/306
f 274/877/307 290/878/307 275/879/307
f 280/880/308 296/881/308 281/882/308
f 285/883/309 301/884/309 286/885/309
f 273/886/310 289/887/310 274/888/310
f 280/889/311 294/890/311 295/891/311
f 279/892/312 293/893/312 294/894/312
f 285/895/313 299/896/313 300/897/313
f 273/898/314 257/32/314 288/899/314
f 277/900/315 293/901/315 278/902/315
f 283/903/316 299/904/316 284/905/316
f 283/906/317 297/907/317 298/908/317
f 276/909/318 292/910/318 277/911/318
f 281/912/319 297/913/319 282/914/319
f 1/1/320 287/915/320 302/916/320
f 292/917/321 306/918/321 307/919/321
f 298/920/322 312/921/322 313/922/322
f 296/923/323 312/924/323 297/925/323
f 1/1/324 302/926/324 317/927/324
f 291/928/325 305/929/325 306/930/325
f 295/931/326 311/932/326 296/933/326
f 301/934/327 317/935/327 302/936/327
f 300/937/328 316/938/328 301/939/328
f 289/940/329 305/941/329 290/942/329
f 288/943/330 304/944/330 289/945/330
f 295/946/331 309/947/331 310/948/331
f 299/949/332 315/950/332 300/951/332
f 288/952/333 257/32/333 303/953/333
f 294/954/334 308/955/334 309/956/334
f 292/957/335 308/958/335 293/959/335
f 298/960/336 314/961/336 299/962/336
f 307/963/337 323/964/337 308/965/337
f 307/966/338 321/967/338 322/968/338
f 313/969/339 327/970/339 328/971/339
f 1/1/340 317/972/340 332/973/340
f 305/974/341 321/975/341 306/976/341
f 311/977/342 327/978/342 312/979/342
f 311/980/343 325/981/343 326/982/343
f 316/983/344 332/984/344 317/985/344
f 304/986/345 320/987/345 305/988/345
f 309/989/346 325/990/346 310/991/346
f 315/992/347 331/993/347 316/994/347
f 315/995/348 329/996/348 330/997/348
f 304/998/349 318/999/349 319/1000/349
f 303/1001/350 257/32/350 318/999/350
f 309/1002/351 323/1003/351 324/1004/351
f 313/1005/352 329/1006/352 314/1007/352
f 324/1008/353 338/1009/353 339/1010/353
f 329/1011/354 345/1012/354 330/1013/354
f 328/1014/355 344/1015/355 329/1016/355
f 318/1017/356 257/32/356 333/1018/356
f 322/1019/357 338/1020/357 323/1021/357
f 328/1022/358 342/1023/358 343/1024/358
f 1/1/359 332/1025/359 347/1026/359
f 322/1027/360 336/1028/360 337/1029/360
f 320/1030/361 336/1031/361 321/1032/361
f 326/1033/362 342/1034/362 327/1035/362
f 332/1036/363 346/1037/363 347/1038/363
f 319/1039/364 335/1040/364 320/1041/364
f 325/1042/365 341/1043/365 326/1044/365
f 324/1045/366 340/1046/366 325/1047/366
f 330/1048/367 346/1049/367 331/1050/367
f 318/1051/368 334/1052/368 319/1053/368
f 345/1054/369 361/1055/369 346/1056/369
f 333/1057/370 349/1058/370 334/1059/370
f 340/1060/371 354/1061/371 355/1062/371
f 339/1063/372 353/1064/372 354/1065/372
f 344/1066/373 360/1067/373 345/1068/373
f 333/1069/374 257/32/374 348/1070/374
f 337/1071/375 353/1072/375 338/1073/375
f 344/1074/376 358/1075/376 359/1076/376
f 343/1077/377 357/1078/377 358/1079/377
f 337/1080/378 351/1081/378 352/1082/378
f 341/1083/379 357/1084/379 342/1085/379
f 1/1/380 347/1086/380 362/1087/380
f 346/1088/381 362/1089/381 347/1090/381
f 336/1091/382 350/1092/382 351/1093/382
f 334/1094/383 350/1095/383 335/1096/383
f 341/1097/384 355/1098/384 356/1099/384
f 351/1100/385 365/1101/385 366/1102/385
f 355/1103/386 371/1104/386 356/1105/386
f 361/1106/387 377/1107/387 362/1108/387
f 360/1109/388 376/1110/388 361/1111/388
f 350/1112/389 364/1113/389 365/1114/389
f 349/1115/390 363/1116/390 364/1117/390
f 354/1118/391 370/1119/391 355/1120/391
f 359/1121/392 375/1122/392 360/1123/392
f 348/1124/393 257/32/393 363/1116/393
f 354/1125/394 368/1126/394 369/1127/394
f 352/1128/395 368/1129/395 353/1130/395
f 359/1131/396 373/1132/396 374/1133/396
f 352/1134/397 366/1135/397 367/1136/397
f 358/1137/398 372/1138/398 373/1139/398
f 356/1140/399 372/1141/399 357/1142/399
f 1/1/400 362/1143/400 377/1144/400
f 372/1145/401 388/1146/401 373/1147/401
f 1/1/402 377/1148/402 392/1149/402
f 365/1150/403 381/1151/403 366/1152/403
f 371/1153/404 387/1154/404 372/1155/404
f 371/1156/405 385/1157/405 386/1158/405
f 376/1159/406 392/1160/406 377/1161/406
f 365/1162/407 379/1163/407 380/1164/407
f 370/1165/408 384/1166/408 385/1167/408
f 375/1168/409 391/1169/409 376/1170/409
f 374/1171/410 390/1172/410 375/1173/410
f 363/1174/411 379/1175/411 364/1176/411
f 363/1177/412 257/32/412 378/1178/412
f 369/1179/413 383/1180/413 384/1181/413
f 374/1182/414 388/1183/414 389/1184/414
f 367/1185/415 383/1186/415 368/1187/415
f 366/1188/416 382/1189/416 367/1190/416
f 378/1191/417 257/32/417 393/1192/417
f 382/1193/418 398/1194/418 383/1195/418
f 388/1196/419 402/1197/419 403/1198/419
f 1/1/420 392/1199/420 407/1200/420
f 381/1201/421 397/1202/421 382/1203/421
f 380/1204/422 396/1205/422 381/1206/422
f 386/1207/423 402/1208/423 387/1209/423
f 391/1210/424 407/1211/424 392/1212/424
f 380/1213/425 394/1214/425 395/1215/425
f 385/1216/426 401/1217/426 386/1218/426
f 385/1219/427 399/1220/427 400/1221/427
f 390/1222/428 406/1223/428 391/1224/428
f 378/1225/429 394/1226/429 379/1227/429
f 384/1228/430 398/1229/430 399/1230/430
f 389/1231/431 405/1232/431 390/1233/431
f 388/1234/432 404/1235/432 389/1236/432
f 399/1237/433 413/1238/433 414/1239/433
f 405/1240/434 419/1241/434 420/1242/434
f 393/1243/435 257/32/435 408/1244/435
f 397/1245/436 413/1246/436 398/1247/436
f 404/1248/437 418/1249/437 419/1250/437
f 403/1251/438 417/1252/438 418/1253/438
f 396/1254/439 412/1255/439 397/1256/439
f 401/1257/440 417/1258/440 402/1259/440
f 1/1/441 407/1260/441 422/1261/441
f 406/1262/442 422/1263/442 407/1264/442
f 395/1265/443 411/1266/443 396/1267/443
f 394/1268/444 410/1269/444 395/1270/444
f 400/1271/445 416/1272/445 401/1273/445
f 406/1274/446 420/1275/446 421/1276/446
f 394/1277/447 408/1244/447 409/1278/447
f 399/1279/448 415/1280/448 400/1281/448
f 421/1282/449 435/1283/449 436/1284/449
f 410/1285/450 424/1286/450 425/1287/450
f 409/1288/451 423/1289/451 424/1290/451
f 414/1291/452 430/1292/452 415/1293/452
f 419/1294/453 435/1295/453 420/1296/453
f 408/1297/454 257/32/454 423/1289/454
f 414/1298/455 428/1299/455 429/1300/455
f 412/1301/456 428/1302/456 413/1303/456
f 418/1304/457 434/1305/457 419/1306/457
f 411/1307/458 427/1308/458 412/1309/458
f 418/1310/459 432/1311/459 433/1312/459
f 416/1313/460 432/1314/460 417/1315/460
f 1/1/461 422/1316/461 437/1317/461
f 410/1318/462 426/1319/462 411/1320/462
f 415/1321/463 431/1322/463 416/1323/463
f 421/1324/464 437/1325/464 422/1326/464
f 425/1327/465 441/1328/465 426/1329/465
f 431/1330/466 447/1331/466 432/1332/466
f 430/1333/467 446/1334/467 431/1335/467
f 436/1336/468 452/1337/468 437/1338/468
f 424/1339/469 440/1340/469 425/1341/469
f 429/1342/470 445/1343/470 430/1344/470
f 435/1345/471 451/1346/471 436/1347/471
f 434/1348/472 450/1349/472 435/1350/472
f 424/1351/473 438/1352/473 439/1353/473
f 423/1354/474 257/32/474 438/1352/474
f 428/1355/475 444/1356/475 429/1357/475
f 433/1358/476 449/1359/476 434/1360/476
f 427/1361/477 443/1362/477 428/1363/477
f 427/1364/478 441/1365/478 442/1366/478
f 433/1367/479 447/1368/479 448/1369/479
f 1/1/480 437/1370/480 452/1371/480
f 1/1/481 452/1372/481 467/1373/481
f 441/1374/482 457/1375/482 442/1376/482
f 441/1377/483 455/1378/483 456/1379/483
f 446/1380/484 462/1381/484 447/1382/484
f 451/1383/485 467/1384/485 452/1385/485
f 440/1386/486 454/1387/486 455/1388/486
f 445/1389/487 461/1390/487 446/1391/487
f 444/1392/488 460/1393/488 445/1394/488
f 450/1395/489 466/1396/489 451/1397/489
f 439/1398/490 453/1399/490 454/1400/490
f 444/1401/491 458/1402/491 459/1403/491
f 449/1404/492 465/1405/492 450/1406/492
f 448/1407/493 464/1408/493 449/1409/493
f 438/1410/494 257/32/494 453/1399/494
f 442/1411/495 458/1412/495 443/1413/495
f 448/1414/496 462/1415/496 463/1416/496
f 457/1417/497 473/1418/497 458/1419/497
f 464/1420/498 478/1421/498 479/1422/498
f 463/1423/499 477/1424/499 478/1425/499
f 457/1426/500 471/1427/500 472/1428/500
f 461/1429/501 477/1430/501 462/1431/501
f 1/1/502 467/1432/502 482/1433/502
f 467/1434/503 481/1435/503 482/1436/503
f 455/1437/504 471/1438/504 456/1439/504
f 455/1440/505 469/1441/505 470/1442/505
f 461/1443/506 475/1444/506 476/1445/506
f 465/1446/507 481/1447/507 466/1448/507
f 454/1449/508 468/1450/508 469/1451/508
f 459/1452/509 475/1453/509 460/1454/509
f 459/1455/510 473/1456/510 474/1457/510
f 464/1458/511 480/1459/511 465/1460/511
f 453/1461/512 257/32/512 468/1450/512
f 471/4/2 470/1462/2 4/5/2
f 476/7/3 10/1463/3 11/8/3
f 475/10/4 9/1464/4 10/11/4
f 481/13/5 15/1465/5 16/14/5
f 470/16/6 469/1466/6 3/17/6
f 474/19/7 8/1467/7 9/20/7
f 480/22/8 14/1468/8 15/23/8
f 479/25/9 13/1469/9 14/26/9
f 469/28/10 468/1470/10 2/29/10
f 474/33/12 473/1471/12 7/34/12
f 478/36/13 12/1472/13 13/37/13
f 473/39/14 472/1473/14 6/40/14
f 472/42/15 471/1474/15 5/43/15
f 477/45/16 11/1475/16 12/46/16
f 6/48/17 21/1476/17 22/49/17
f 5/51/18 20/1477/18 21/52/18
f 11/54/19 26/1478/19 27/55/19
f 4/59/21 19/1479/21 20/60/21
f 10/62/22 25/1480/22 26/63/22
f 10/65/23 9/1481/23 24/66/23
f 16/68/24 15/1482/24 30/69/24
f 3/71/25 18/1483/25 19/72/25
f 8/74/26 23/1484/26 24/75/26
f 14/77/27 29/1485/27 30/78/27
f 14/80/28 13/1486/28 28/81/28
f 2/83/513 17/87/513 18/84/513
f 8/88/31 7/1487/31 22/89/31
f 13/91/32 12/1488/32 27/92/32
f 22/94/33 37/1489/33 38/95/33
f 28/97/34 43/1490/34 44/98/34
f 28/100/35 27/1491/35 42/101/35
f 21/105/37 36/1492/37 37/106/37
f 27/108/38 26/1493/38 41/109/38
f 20/113/40 35/1494/40 36/114/40
f 20/116/41 19/1495/41 34/117/41
f 25/119/42 40/1496/42 41/120/42
f 30/122/43 45/1497/43 46/123/43
f 19/125/44 18/1498/44 33/126/44
f 25/128/45 24/1499/45 39/129/45
f 23/131/46 38/1500/46 39/132/46
f 30/134/47 29/1501/47 44/135/47
f 18/137/48 17/1502/48 32/104/48
f 32/139/49 47/152/49 48/140/49
f 39/142/50 38/1503/50 53/143/50
f 37/145/51 52/1504/51 53/146/51
f 43/148/52 58/1505/52 59/149/52
f 37/153/54 36/1506/54 51/154/54
f 42/156/55 57/1507/55 58/157/55
f 42/159/56 41/1508/56 56/160/56
f 35/162/57 50/1509/57 51/163/57
f 41/165/58 40/1510/58 55/166/58
f 45/170/60 60/1511/60 61/171/60
f 34/173/61 49/1512/61 50/174/61
f 34/176/62 33/1513/62 48/177/62
f 39/179/63 54/1514/63 55/180/63
f 44/182/64 59/1515/64 60/183/64
f 54/185/65 69/1516/65 70/186/65
f 60/188/66 75/1517/66 76/189/66
f 59/191/67 74/1518/67 75/192/67
f 49/194/68 48/1519/68 63/195/68
f 47/197/69 62/207/69 63/198/69
f 53/200/70 68/1520/70 69/201/70
f 59/203/71 58/1521/71 73/204/71
f 52/208/73 67/1522/73 68/209/73
f 51/211/74 66/1523/74 67/212/74
f 58/214/75 57/1524/75 72/215/75
f 50/217/76 65/1525/76 66/218/76
f 56/220/77 71/1526/77 72/221/77
f 55/223/78 70/1527/78 71/224/78
f 50/228/80 49/1528/80 64/229/80
f 65/233/82 64/1529/82 79/234/82
f 70/236/83 85/1530/83 86/237/83
f 70/239/84 69/1531/84 84/240/84
f 75/242/85 90/1532/85 91/243/85
f 63/245/86 78/1533/86 79/246/86
f 68/248/87 83/1534/87 84/249/87
f 74/251/88 89/1535/88 90/252/88
f 73/254/89 88/1536/89 89/255/89
f 62/257/90 77/261/90 78/258/90
f 68/262/92 67/1537/92 82/263/92
f 72/265/93 87/1538/93 88/266/93
f 66/268/94 81/1539/94 82/269/94
f 66/271/95 65/1540/95 80/272/95
f 71/274/96 86/1541/96 87/275/96
f 81/277/97 96/1542/97 97/278/97
f 87/280/98 86/1543/98 101/281/98
f 80/285/100 95/1544/100 96/286/100
f 79/288/101 94/1545/101 95/289/101
f 85/291/102 100/1546/102 101/292/102
f 91/294/103 90/1547/103 105/295/103
f 78/297/104 93/1548/104 94/298/104
f 85/300/105 84/1549/105 99/301/105
f 83/303/106 98/1550/106 99/304/106
f 90/306/107 89/1551/107 104/307/107
f 78/309/108 77/1552/108 92/310/108
f 83/312/109 82/1553/109 97/313/109
f 89/315/110 88/1554/110 103/316/110
f 87/318/111 102/1555/111 103/319/111
f 103/322/113 118/1556/113 119/323/113
f 96/327/115 111/1557/115 112/328/115
f 102/330/116 117/1558/116 118/331/116
f 102/333/117 101/1559/117 116/334/117
f 95/336/118 110/1560/118 111/337/118
f 100/339/119 115/1561/119 116/340/119
f 106/344/121 105/1562/121 120/345/121
f 95/347/122 94/1563/122 109/348/122
f 93/350/123 108/1564/123 109/351/123
f 99/353/124 114/1565/124 115/354/124
f 104/356/125 119/1566/125 120/357/125
f 93/359/514 92/1567/514 107/326/514
f 98/361/127 113/1568/127 114/362/127
f 98/364/128 97/1569/128 112/365/128
f 108/367/129 123/1570/129 124/368/129
f 107/370/515 122/380/515 123/371/515
f 113/373/131 128/1571/131 129/374/131
f 119/376/132 118/1572/132 133/377/132
f 113/381/134 112/1573/134 127/382/134
f 111/384/135 126/1574/135 127/385/135
f 117/387/136 132/1575/136 133/388/136
f 111/390/137 110/1576/137 125/391/137
f 116/393/138 131/1577/138 132/394/138
f 115/396/139 130/1578/139 131/397/139
f 109/401/141 124/1579/141 125/402/141
f 115/404/142 114/1580/142 129/405/142
f 121/407/143 120/1581/143 135/408/143
f 119/410/144 134/1582/144 135/411/144
f 129/413/145 144/1583/145 145/414/145
f 136/416/146 135/1584/146 150/417/146
f 124/419/147 123/1585/147 138/420/147
f 128/422/148 143/1586/148 144/423/148
f 135/425/149 134/1587/149 149/426/149
f 134/428/150 133/1588/150 148/429/150
f 122/431/516 137/435/516 138/432/516
f 128/436/153 127/1589/153 142/437/153
f 132/439/154 147/1590/154 148/440/154
f 126/442/155 141/1591/155 142/443/155
f 126/445/156 125/1592/156 140/446/156
f 131/448/157 146/1593/157 147/449/157
f 125/453/159 124/1594/159 139/454/159
f 130/456/160 145/1595/160 146/457/160
f 140/461/162 155/1596/162 156/462/162
f 140/464/163 139/1597/163 154/465/163
f 145/467/164 160/1598/164 161/468/164
f 150/470/165 165/1599/165 166/471/165
f 138/473/166 153/1600/166 154/474/166
f 144/476/167 159/1601/167 160/477/167
f 143/479/168 158/1602/168 159/480/168
f 149/482/169 164/1603/169 165/483/169
f 137/485/517 152/498/517 153/486/517
f 142/488/171 157/1604/171 158/489/171
f 149/491/172 148/1605/172 163/492/172
f 147/494/173 162/1606/173 163/495/173
f 141/499/175 156/1607/175 157/500/175
f 147/502/176 146/1608/176 161/503/176
f 156/505/177 171/1609/177 172/506/177
f 162/508/178 177/1610/178 178/509/178
f 162/511/179 161/1611/179 176/512/179
f 156/514/180 155/1612/180 170/515/180
f 160/517/181 175/1613/181 176/518/181
f 166/522/183 165/1614/183 180/523/183
f 155/525/184 154/1615/184 169/526/184
f 154/528/185 153/1616/185 168/529/185
f 159/531/186 174/1617/186 175/532/186
f 164/534/187 179/1618/187 180/535/187
f 153/537/188 152/1619/188 167/538/188
f 159/540/189 158/1620/189 173/541/189
f 157/543/190 172/1621/190 173/544/190
f 163/546/191 178/1622/191 179/547/191
f 173/552/194 172/1623/194 187/553/194
f 171/555/195 186/1624/195 187/556/195
f 178/558/196 177/1625/196 192/559/196
f 170/561/197 185/1626/197 186/562/197
f 177/564/198 176/1627/198 191/565/198
f 175/567/199 190/1628/199 191/568/199
f 169/572/201 184/1629/201 185/573/201
f 174/575/202 189/1630/202 190/576/202
f 181/578/203 180/1631/203 195/579/203
f 179/581/204 194/1632/204 195/582/204
f 169/584/205 168/1633/205 183/585/205
f 167/587/206 182/551/206 183/588/206
f 174/590/207 173/1634/207 188/591/207
f 178/593/208 193/1635/208 194/594/208
f 188/596/209 203/1636/209 204/597/209
f 194/599/210 209/1637/210 210/600/210
f 194/602/211 193/1638/211 208/603/211
f 182/605/212 197/609/212 198/606/212
f 188/610/214 187/1639/214 202/611/214
f 193/613/215 192/1640/215 207/614/215
f 186/616/216 201/1641/216 202/617/216
f 185/619/217 200/1642/217 201/620/217
f 192/622/218 191/1643/218 206/623/218
f 184/627/220 199/1644/220 200/628/220
f 190/630/221 205/1645/221 206/631/221
f 189/633/222 204/1646/222 205/634/222
f 196/636/223 195/1647/223 210/637/223
f 184/639/224 183/1648/224 198/640/224
f 210/642/225 225/1649/225 226/643/225
f 198/645/226 213/1650/226 214/646/226
f 205/648/227 204/1651/227 219/649/227
f 203/651/228 218/1652/228 219/652/228
f 209/654/229 224/1653/229 225/655/229
f 198/657/518 197/1654/518 212/658/518
f 202/660/231 217/1655/231 218/661/231
f 208/663/232 223/1656/232 224/664/232
f 207/666/233 222/1657/233 223/667/233
f 201/670/235 216/1658/235 217/671/235
f 207/673/236 206/1659/236 221/674/236
f 201/678/238 200/1660/238 215/679/238
f 199/681/239 214/1661/239 215/682/239
f 205/684/240 220/1662/240 221/685/240
f 216/687/241 215/1663/241 230/688/241
f 220/690/242 235/1664/242 236/691/242
f 225/695/244 240/1665/244 241/696/244
f 215/698/245 214/1666/245 229/699/245
f 214/701/246 213/1667/246 228/702/246
f 220/704/247 219/1668/247 234/705/247
f 224/707/248 239/1669/248 240/708/248
f 212/710/249 227/723/249 228/711/249
f 219/713/250 218/1670/250 233/714/250
f 217/716/251 232/1671/251 233/717/251
f 223/719/252 238/1672/252 239/720/252
f 216/724/254 231/1673/254 232/725/254
f 222/727/255 237/1674/255 238/728/255
f 222/730/256 221/1675/256 236/731/256
f 237/733/257 252/1676/257 253/734/257
f 230/736/258 245/1677/258 246/737/258
f 237/739/259 236/1678/259 251/740/259
f 235/742/260 250/1679/260 251/743/260
f 230/747/262 229/1680/262 244/748/262
f 234/750/263 249/1681/263 250/751/263
f 241/753/264 240/1682/264 255/754/264
f 240/756/265 239/1683/265 254/757/265
f 228/759/266 243/1684/266 244/760/266
f 227/762/519 242/772/519 243/763/519
f 233/765/268 248/1685/268 249/766/268
f 238/768/269 253/1686/269 254/769/269
f 233/773/271 232/1687/271 247/774/271
f 232/776/272 231/1688/272 246/777/272
f 242/779/273 258/783/273 259/780/273
f 248/784/275 247/1689/275 263/785/275
f 252/787/276 268/1690/276 269/788/276
f 246/790/277 262/1691/277 263/791/277
f 246/793/278 245/1692/278 261/794/278
f 252/796/279 251/1693/279 267/797/279
f 244/801/281 260/1694/281 261/802/281
f 250/804/282 266/1695/282 267/805/282
f 249/807/283 265/1696/283 266/808/283
f 255/810/284 271/1697/284 272/811/284
f 244/813/285 243/1698/285 259/814/285
f 249/816/286 248/1699/286 264/817/286
f 255/819/287 254/1700/287 270/820/287
f 253/822/288 269/1701/288 270/823/288
f 265/825/289 264/1702/289 279/826/289
f 270/828/290 285/1703/290 286/829/290
f 258/831/291 273/844/291 274/832/291
f 264/834/292 263/1704/292 278/835/292
f 269/837/293 284/1705/293 285/838/293
f 268/840/294 283/1706/294 284/841/294
f 262/845/296 277/1707/296 278/846/296
f 268/848/297 267/1708/297 282/849/297
f 262/853/299 261/1709/299 276/854/299
f 261/856/300 260/1710/300 275/857/300
f 266/859/301 281/1711/301 282/860/301
f 272/862/302 271/1712/302 286/863/302
f 259/865/303 274/1713/303 275/866/303
f 265/868/304 280/1714/304 281/869/304
f 286/871/305 301/1715/305 302/872/305
f 275/874/306 290/1716/306 291/875/306
f 274/877/307 289/1717/307 290/878/307
f 280/880/308 295/1718/308 296/881/308
f 285/883/309 300/1719/309 301/884/309
f 273/886/520 288/899/520 289/887/520
f 280/889/311 279/1720/311 294/890/311
f 279/892/312 278/1721/312 293/893/312
f 285/895/313 284/1722/313 299/896/313
f 277/900/315 292/1723/315 293/901/315
f 283/903/316 298/1724/316 299/904/316
f 283/906/317 282/1725/317 297/907/317
f 276/909/318 291/1726/318 292/910/318
f 281/912/319 296/1727/319 297/913/319
f 292/917/321 291/1728/321 306/918/321
f 298/920/322 297/1729/322 312/921/322
f 296/923/323 311/1730/323 312/924/323
f 291/928/325 290/1731/325 305/929/325
f 295/931/326 310/1732/326 311/932/326
f 301/934/327 316/1733/327 317/935/327
f 300/937/328 315/1734/328 316/938/328
f 289/940/329 304/1735/329 305/941/329
f 288/943/330 303/953/330 304/944/330
f 295/946/331 294/1736/331 309/947/331
f 299/949/332 314/1737/332 315/950/332
f 294/954/334 293/1738/334 308/955/334
f 292/957/335 307/1739/335 308/958/335
f 298/960/336 313/1740/336 314/961/336
f 307/963/337 322/1741/337 323/964/337
f 307/966/338 306/1742/338 321/967/338
f 313/969/339 312/1743/339 327/970/339
f 305/974/341 320/1744/341 321/975/341
f 311/977/342 326/1745/342 327/978/342
f 311/980/343 310/1746/343 325/981/343
f 316/983/344 331/1747/344 332/984/344
f 304/986/345 319/1748/345 320/987/345
f 309/989/346 324/1749/346 325/990/346
f 315/992/347 330/1750/347 331/993/347
f 315/995/348 314/1751/348 329/996/348
f 304/998/521 303/1752/521 318/999/521
f 309/1002/351 308/1753/351 323/1003/351
f 313/1005/352 328/1754/352 329/1006/352
f 324/1008/353 323/1755/353 338/1009/353
f 329/1011/354 344/1756/354 345/1012/354
f 328/1014/355 343/1757/355 344/1015/355
f 322/1019/357 337/1758/357 338/1020/357
f 328/1022/358 327/1759/358 342/1023/358
f 322/1027/360 321/1760/360 336/1028/360
f 320/1030/361 335/1761/361 336/1031/361
f 326/1033/362 341/1762/362 342/1034/362
f 332/1036/363 331/1763/363 346/1037/363
f 319/1039/364 334/1764/364 335/1040/364
f 325/1042/365 340/1765/365 341/1043/365
f 324/1045/366 339/1766/366 340/1046/366
f 330/1048/367 345/1767/367 346/1049/367
f 318/1051/368 333/1018/368 334/1052/368
f 345/1054/369 360/1768/369 361/1055/369
f 333/1057/370 348/1070/370 349/1058/370
f 340/1060/371 339/1769/371 354/1061/371
f 339/1063/372 338/1770/372 353/1064/372
f 344/1066/373 359/1771/373 360/1067/373
f 337/1071/375 352/1772/375 353/1072/375
f 344/1074/376 343/1773/376 358/1075/376
f 343/1077/377 342/1774/377 357/1078/377
f 337/1080/378 336/1775/378 351/1081/378
f 341/1083/379 356/1776/379 357/1084/379
f 346/1088/381 361/1777/381 362/1089/381
f 336/1091/382 335/1778/382 350/1092/382
f 334/1094/383 349/1779/383 350/1095/383
f 341/1097/384 340/1780/384 355/1098/384
f 351/1100/385 350/1781/385 365/1101/385
f 355/1103/386 370/1782/386 371/1104/386
f 361/1106/387 376/1783/387 377/1107/387
f 360/1109/388 375/1784/388 376/1110/388
f 350/1112/389 349/1785/389 364/1113/389
f 349/1115/522 348/1786/522 363/1116/522
f 354/1118/391 369/1787/391 370/1119/391
f 359/1121/392 374/1788/392 375/1122/392
f 354/1125/394 353/1789/394 368/1126/394
f 352/1128/395 367/1790/395 368/1129/395
f 359/1131/396 358/1791/396 373/1132/396
f 352/1134/397 351/1792/397 366/1135/397
f 358/1137/398 357/1793/398 372/1138/398
f 356/1140/399 371/1794/399 372/1141/399
f 372/1145/401 387/1795/401 388/1146/401
f 365/1150/403 380/1796/403 381/1151/403
f 371/1153/404 386/1797/404 387/1154/404
f 371/1156/405 370/1798/405 385/1157/405
f 376/1159/406 391/1799/406 392/1160/406
f 365/1162/407 364/1800/407 379/1163/407
f 370/1165/408 369/1801/408 384/1166/408
f 375/1168/409 390/1802/409 391/1169/409
f 374/1171/410 389/1803/410 390/1172/410
f 363/1174/411 378/1178/411 379/1175/411
f 369/1179/413 368/1804/413 383/1180/413
f 374/1182/414 373/1805/414 388/1183/414
f 367/1185/415 382/1806/415 383/1186/415
f 366/1188/416 381/1807/416 382/1189/416
f 382/1193/418 397/1808/418 398/1194/418
f 388/1196/419 387/1809/419 402/1197/419
f 381/1201/421 396/1810/421 397/1202/421
f 380/1204/422 395/1811/422 396/1205/422
f 386/1207/423 401/1812/423 402/1208/423
f 391/1210/424 406/1813/424 407/1211/424
f 380/1213/425 379/1814/425 394/1214/425
f 385/1216/426 400/1815/426 401/1217/426
f 385/1219/427 384/1816/427 399/1220/427
f 390/1222/428 405/1817/428 406/1223/428
f 378/1225/523 393/1192/523 394/1226/523
f 384/1228/430 383/1818/430 398/1229/430
f 389/1231/431 404/1819/431 405/1232/431
f 388/1234/432 403/1820/432 404/1235/432
f 399/1237/433 398/1821/433 413/1238/433
f 405/1240/434 404/1822/434 419/1241/434
f 397/1245/436 412/1823/436 413/1246/436
f 404/1248/437 403/1824/437 418/1249/437
f 403/1251/438 402/1825/438 417/1252/438
f 396/1254/439 411/1826/439 412/1255/439
f 401/1257/440 416/1827/440 417/1258/440
f 406/1262/442 421/1828/442 422/1263/442
f 395/1265/443 410/1829/443 411/1266/443
f 394/1268/444 409/1830/444 410/1269/444
f 400/1271/445 415/1831/445 416/1272/445
f 406/1274/446 405/1832/446 420/1275/446
f 394/1277/447 393/1833/447 408/1244/447
f 399/1279/448 414/1834/448 415/1280/448
f 421/1282/449 420/1835/449 435/1283/449
f 410/1285/450 409/1836/450 424/1286/450
f 409/1288/451 408/1837/451 423/1289/451
f 414/1291/452 429/1838/452 430/1292/452
f 419/1294/453 434/1839/453 435/1295/453
f 414/1298/455 413/1840/455 428/1299/455
f 412/1301/456 427/1841/456 428/1302/456
f 418/1304/457 433/1842/457 434/1305/457
f 411/1307/458 426/1843/458 427/1308/458
f 418/1310/459 417/1844/459 432/1311/459
f 416/1313/460 431/1845/460 432/1314/460
f 410/1318/462 425/1846/462 426/1319/462
f 415/1321/463 430/1847/463 431/1322/463
f 421/1324/464 436/1848/464 437/1325/464
f 425/1327/465 440/1849/465 441/1328/465
f 431/1330/466 446/1850/466 447/1331/466
f 430/1333/467 445/1851/467 446/1334/467
f 436/1336/468 451/1852/468 452/1337/468
f 424/1339/469 439/1853/469 440/1340/469
f 429/1342/470 444/1854/470 445/1343/470
f 435/1345/471 450/1855/471 451/1346/471
f 434/1348/472 449/1856/472 450/1349/472
f 424/1351/524 423/1857/524 438/1352/524
f 428/1355/475 443/1858/475 444/1356/475
f 433/1358/476 448/1859/476 449/1359/476
f 427/1361/477 442/1860/477 443/1362/477
f 427/1364/478 426/1861/478 441/1365/478
f 433/1367/479 432/1862/479 447/1368/479
f 441/1374/482 456/1863/482 457/1375/482
f 441/1377/483 440/1864/483 455/1378/483
f 446/1380/484 461/1865/484 462/1381/484
f 451/1383/485 466/1866/485 467/1384/485
f 440/1386/486 439/1867/486 454/1387/486
f 445/1389/487 460/1868/487 461/1390/487
f 444/1392/488 459/1869/488 460/1393/488
f 450/1395/489 465/1870/489 466/1396/489
f 439/1398/490 438/1871/490 453/1399/490
f 444/1401/491 443/1872/491 458/1402/491
f 449/1404/492 464/1873/492 465/1405/492
f 448/1407/493 463/1874/493 464/1408/493
f 442/1411/495 457/1875/495 458/1412/495
f 448/1414/496 447/1876/496 462/1415/496
f 457/1417/497 472/1877/497 473/1418/497
f 464/1420/498 463/1878/498 478/1421/498
f 463/1423/499 462/1879/499 477/1424/499
f 457/1426/500 456/1880/500 471/1427/500
f 461/1429/501 476/1881/501 477/1430/501
f 467/1434/503 466/1882/503 481/1435/503
f 455/1437/504 470/1883/504 471/1438/504
f 455/1440/505 454/1884/505 469/1441/505
f 461/1443/506 460/1885/506 475/1444/506
f 465/1446/507 480/1886/507 481/1447/507
f 454/1449/508 453/1887/508 468/1450/508
f 459/1452/509 474/1888/509 475/1453/509
f 459/1455/510 458/1889/510 473/1456/510
f 464/1458/511 479/1890/511 480/1459/511
