# Blender v2.79 (sub 0) OBJ File: ''
# www.blender.org
o Cube
v 0.458159 -0.969930 -1.152676
v 0.458159 -0.969930 0.916338
v -0.407620 -0.969930 0.916338
v -0.407620 -0.969930 -1.152676
v 0.245040 1.020905 -0.663133
v 0.245040 1.020905 0.387270
v -0.194501 1.020905 0.387270
v -0.194501 1.020905 -0.663134
v 1.059776 -0.969930 -0.118169
v -1.009237 -0.969930 -0.359027
v 0.550471 1.020905 -0.137931
v -0.499932 1.020905 -0.260211
v 0.408869 5.434139 -0.425504
v 0.185787 5.434139 -0.041904
v 0.185787 5.434139 -0.809104
v -0.135248 5.434139 -0.809104
v -0.135248 5.434139 -0.041904
v -0.358330 5.434139 -0.514815
v 0.247446 9.784246 -0.431768
v 0.118239 9.784246 -0.209591
v 0.118239 9.784246 -0.653944
v -0.067700 9.784246 -0.653944
v -0.067700 9.784246 -0.209592
v -0.196907 9.784246 -0.483496
v 0.080653 12.541008 -0.249394
v 0.048445 12.541008 -0.194011
v 0.048445 12.541008 -0.304778
v 0.002094 12.541008 -0.304778
v 0.002094 12.541008 -0.194011
v -0.030114 12.541008 -0.262289
v 0.109881 5.833439 -0.599807
v 0.109881 6.468430 -0.670181
v -0.073611 6.468430 -0.670181
v -0.073611 5.833439 -0.599807
v 0.079938 5.798533 -1.306833
v 0.079938 6.226285 -1.354240
v -0.043668 6.226284 -1.354240
v -0.043668 5.798532 -1.306833
v 0.237386 6.150934 -0.634994
v -0.201117 6.077014 -0.626802
v 0.165830 6.012408 -1.330537
v -0.129560 5.962613 -1.325018
v 0.126009 5.597134 -2.860407
v 0.063275 5.753346 -2.877719
v 0.063275 5.440923 -2.843094
v -0.027005 5.440923 -2.843094
v -0.027005 5.753346 -2.877719
v -0.089740 5.560764 -2.856376
v 0.080614 5.300681 -4.380905
v 0.044279 5.391157 -4.390932
v 0.044279 5.210205 -4.370877
v -0.008010 5.210205 -4.370877
v -0.008010 5.391157 -4.390932
v -0.044345 5.279616 -4.378571
v 0.051980 5.189722 -5.353003
v 0.032297 5.238732 -5.358434
v 0.032297 5.140712 -5.347571
v 0.003972 5.140712 -5.347571
v 0.003972 5.238732 -5.358434
v -0.015710 5.178311 -5.351737
v -1.411741 4.842670 -5.114691
v 0.053477 5.188619 -4.845535
v -1.087264 4.260951 -6.533238
v 0.377956 4.606900 -6.264082
v -0.502782 5.591940 -6.068355
v -0.074522 5.293906 -4.636482
v 0.831968 4.830465 -6.541300
v 1.260229 4.532431 -5.109428
v 0.860302 5.012150 -5.342638
v -0.003404 5.409142 -4.136120
v 1.533017 3.352549 -4.607024
v 0.669310 3.749540 -3.400506
v -1.239031 4.161011 -5.226296
v 0.032727 5.233206 -4.875848
v -0.465247 2.842522 -6.157704
v 0.806511 3.914717 -5.807256
v 1.567739 6.468955 -3.498456
v 0.004935 5.628833 -3.092638
v 1.148822 6.419423 -5.159406
v -0.413981 5.579301 -4.753589
v 0.731038 4.942628 -4.388770
v 0.158725 5.646504 -2.846900
v -0.865626 5.055241 -5.005337
v -1.437938 5.759117 -3.463466
v -0.901889 5.311141 -3.647785
v 0.085313 5.687899 -2.271270
v -1.969543 7.111395 -3.111315
v -0.982342 7.488152 -1.734800
v 1.256684 7.089477 -3.738437
v 0.036908 5.577449 -3.118790
v 0.192410 7.842122 -4.979074
v -1.027366 6.330094 -4.359427
v -1.765528 5.208953 -3.294616
v -0.089906 5.446973 -2.976304
v -1.414069 4.514769 -4.903244
v 0.261554 4.752790 -4.584932
v -0.690280 5.962275 -4.369954
v -0.231636 5.579890 -2.739919
v 0.789544 4.958321 -4.895897
v 1.248188 4.575936 -3.265861
v 0.820319 5.161778 -3.534087
v -0.149648 5.703235 -2.170941
v 1.495339 3.209858 -2.693079
v 0.525372 3.751315 -1.329932
v -1.602176 4.417970 -3.420035
v -0.110985 5.499691 -3.010904
v -0.781631 2.841446 -4.471630
v 0.709560 3.923167 -4.062499
v -1.108296 7.700049 -2.321984
v 0.161760 5.807732 -1.796856
v -1.102976 6.664903 -4.070166
v 0.167080 4.772586 -3.545039
v 0.182741 6.817328 -3.366400
v 0.116227 6.093394 -1.548043
v 0.684162 4.239094 -3.825578
v 0.617648 3.515159 -2.007221
v 0.685829 4.438404 -2.324997
v 0.187124 6.117666 -0.912872
v -0.057690 2.290923 -1.399558
v -0.556395 3.970185 0.012567
v -1.439177 6.934167 -2.468486
v 0.181060 5.868440 -1.835151
v -1.673834 4.736970 -3.588177
v -0.053598 3.671243 -2.954841
v 1.732677 4.668499 -2.075934
v 0.030921 5.784843 -1.794998
v 1.529835 5.009952 -3.935844
v -0.171921 6.126295 -3.654910
v 0.359675 4.357023 -3.166714
v 0.138330 5.639277 -1.511186
v -0.777138 6.207045 -3.985304
v -0.998484 7.489300 -2.329775
v -0.795609 6.523467 -2.494227
v 0.049896 5.785764 -0.885933
v -0.740297 9.172331 -1.958076
v 0.105208 8.434628 -0.349782
v 1.835163 5.494385 -2.351629
v 0.031507 5.706963 -1.822045
v 1.507429 7.216678 -3.789438
v -0.296226 7.429255 -3.259854
v 0.122168 6.600074 -0.443563
v 0.173662 7.188543 -0.483584
v 0.069311 7.188543 -0.617850
v 0.017817 6.600074 -0.577829
v 0.622491 6.567725 -0.867554
v 0.657179 6.964138 -0.894514
v 0.586885 6.964137 -0.984960
v 0.552197 6.567725 -0.958000
v 0.220427 6.894308 -0.370273
v -0.034942 6.825804 -0.686480
v 0.688681 6.765931 -0.818184
v 0.516657 6.719784 -1.031191
v 1.785487 6.381082 -1.717351
v 1.762478 6.525849 -1.773101
v 1.737142 6.236315 -1.753410
v 1.685800 6.236315 -1.819470
v 1.711136 6.525849 -1.839161
v 1.659842 6.347376 -1.872928
v 2.872263 6.106347 -2.615266
v 2.858937 6.190195 -2.647555
v 2.844262 6.022500 -2.636150
v 2.814525 6.022500 -2.674412
v 2.829200 6.190195 -2.685817
v 2.799492 6.086826 -2.705374
v 3.567291 6.003518 -3.189044
v 3.560072 6.048937 -3.206536
v 3.552123 5.958098 -3.200358
v 3.536015 5.958098 -3.221084
v 3.543963 6.048937 -3.227262
v 3.527870 5.992943 -3.237855
v 2.560502 5.681892 -4.124566
v 3.196814 6.002496 -2.899355
v 3.783022 5.142792 -4.693855
v 4.419334 5.463395 -3.468644
v 3.775244 6.376268 -4.001797
v 2.971051 6.100069 -2.874129
v 4.880377 5.670581 -3.294082
v 4.076185 5.394382 -2.166414
v 4.019395 5.838956 -2.591677
v 2.645366 6.206862 -2.537537
v 3.863694 4.300943 -1.681093
v 2.489665 4.668849 -1.626953
v 2.740386 5.050174 -4.061657
v 3.207194 6.043816 -2.931777
v 3.861971 3.828282 -4.025143
v 4.328779 4.821924 -2.895263
v 3.072269 7.189030 -1.025250
v 1.886563 6.410458 -1.938012
v 4.049398 7.143126 -2.276356
v 2.863693 6.364555 -3.189119
v 3.247910 5.774527 -2.143805
v 1.794208 6.426834 -1.685730
v 2.791056 5.878890 -3.662768
v 1.337355 6.531197 -3.204693
v 1.777074 6.116041 -2.917270
v 1.331254 6.465196 -1.412091
v 0.777354 7.784402 -3.393418
v 0.331534 8.133557 -1.888237
v 3.070975 7.764090 -1.389334
v 1.923881 6.362839 -1.929489
v 3.373539 8.461594 -2.873637
v 2.226445 7.060342 -3.413793
v 1.027503 6.021340 -3.348375
v 1.747502 6.241922 -1.941252
v 2.404456 5.378014 -4.006020
v 3.124454 5.598597 -2.598896
v 2.425847 6.719471 -3.173123
v 1.493931 6.365100 -1.910529
v 3.652262 5.789070 -2.389394
v 2.720346 5.434700 -1.126799
v 2.673288 5.977621 -1.592422
v 1.124219 6.479409 -1.526962
v 2.441777 4.168706 -0.620214
v 0.892709 4.670494 -0.554754
v 1.212174 5.288307 -3.300171
v 1.760833 6.290777 -1.976353
v 2.448295 3.827285 -3.297790
v 2.996953 4.829755 -1.973972
v 0.689565 8.329929 -2.314329
v 1.027586 6.576250 -1.086355
v 1.971785 7.370622 -3.304618
v 2.309808 5.616942 -2.076644
v 2.187999 7.511880 -1.963594
v 0.819628 6.840984 -0.978175
v 2.809149 5.122537 -1.857821
v 1.440778 4.451639 -0.872402
v 1.712077 5.307244 -1.003229
v 0.395174 6.863478 -0.565080
v 0.612072 3.317095 -1.020993
v -0.704831 4.873328 -0.582842
v 0.608594 7.620159 -2.639760
v 1.066584 6.632510 -1.094012
v 1.294456 5.583936 -3.448227
v 1.752445 4.596288 -1.902479
v 2.125167 5.520482 -0.095580
v 0.951820 6.555038 -1.181038
v 3.370763 5.836918 -1.301725
v 2.197416 6.871474 -2.387184
v 2.142504 5.231825 -1.720565
v 0.805229 6.420137 -0.941041
v 2.094991 6.946308 -3.017932
v 0.757715 8.134621 -2.238408
v 0.993423 7.239548 -2.183481
v 0.297422 6.555892 -0.650173
v 0.632561 9.694346 -1.838102
v -0.063441 9.010691 -0.304794
v 2.385184 6.285861 -0.177374
v 0.971944 6.482863 -1.195991
v 3.250890 7.881971 -1.234861
v 1.837650 8.078975 -2.253476
v -0.002018 4.832675 -0.210367
v 0.050773 5.421145 -0.172071
v 0.150624 5.421145 -0.309716
v 0.097834 4.832675 -0.348012
v 0.544647 4.800327 0.151917
v 0.580209 5.196740 0.177714
v 0.647473 5.196739 0.084992
v 0.611911 4.800326 0.059194
v -0.045008 5.126910 -0.095571
v 0.187469 5.058405 -0.428970
v 0.515688 4.998533 0.229247
v 0.672292 4.952386 0.004658
v 1.684981 4.613683 1.031890
v 1.732106 4.758451 0.994251
v 1.706132 4.468916 0.975410
v 1.755260 4.468916 0.907686
v 1.781234 4.758451 0.926528
v 1.799362 4.579978 0.867854
v 2.850276 4.338949 1.825252
v 2.877570 4.422796 1.803452
v 2.862526 4.255102 1.792538
v 2.890980 4.255101 1.753314
v 2.906024 4.422796 1.764227
v 2.916524 4.319427 1.730244
v 3.595071 4.236119 2.332761
v 3.609856 4.281538 2.320952
v 3.601708 4.190700 2.315041
v 3.617121 4.190700 2.293793
v 3.625269 4.281538 2.299704
v 3.630957 4.225544 2.281296
v 4.212821 3.914494 1.105077
v 3.213582 4.235097 2.057734
v 5.100363 3.375393 2.120417
v 4.101124 3.695997 3.073075
v 4.433575 4.608870 2.305884
v 3.126416 4.332671 1.847955
v 4.062016 3.903183 3.564505
v 2.754858 3.626984 3.106575
v 3.147428 4.071558 2.933479
v 2.712373 4.439464 1.629020
v 2.229539 2.533545 3.037810
v 1.794483 2.901450 1.733352
v 4.202557 3.282775 1.295368
v 3.247613 4.276418 2.058664
v 4.480174 2.060884 2.382664
v 3.525231 3.054526 3.145960
v 1.379059 5.421631 2.460605
v 1.925073 4.643060 1.067441
v 2.852974 5.375728 3.050200
v 3.398988 4.597157 1.657038
v 2.502233 4.007128 2.317443
v 1.657045 4.659436 1.049082
v 3.833608 4.111491 1.455234
v 2.988420 4.763798 0.186873
v 2.834982 4.348643 0.689289
v 1.265189 4.697798 0.680769
v 3.013542 6.017004 -0.403539
v 1.443749 6.366159 -0.412058
v 1.728347 5.996691 2.357859
v 1.927292 4.595440 1.105657
v 3.238153 6.694195 2.234622
v 3.437097 5.292944 0.982419
v 3.040023 4.253942 -0.150750
v 1.889415 4.474524 0.932991
v 4.055472 3.610616 0.988267
v 2.904863 3.831199 2.072008
v 3.261561 4.952072 1.241011
v 1.789218 4.597702 0.698039
v 2.850813 4.021671 2.637296
v 1.378470 3.667302 2.094324
v 1.812513 4.210223 1.919321
v 1.317787 4.712011 0.449918
v 0.814308 2.401308 1.968029
v 0.319582 2.903095 0.498626
v 3.045215 3.520908 0.040037
v 1.926841 4.523379 0.936007
v 3.387543 2.059886 1.227813
v 2.269170 3.062357 2.123783
v 1.952762 6.562531 -0.187011
v 0.867710 4.808852 0.479952
v 3.261255 5.603223 0.768292
v 2.176203 3.849544 1.435257
v 2.033677 5.744482 1.349795
v 0.705842 5.073586 0.310398
v 2.105266 3.355138 1.975805
v 0.777431 2.684241 0.936409
v 0.978707 3.539846 1.160480
v 0.190792 5.096079 0.017938
v 0.689098 1.549696 0.099134
v -0.098817 3.105930 -1.043407
v 2.242716 5.852761 -0.355498
v 0.885934 4.865112 0.515269
v 3.210340 3.816537 0.077781
v 1.853558 2.828889 0.948547
v 0.222208 3.753083 1.810233
v 0.937515 4.787640 0.380793
v 1.727789 4.069520 2.670186
v 2.443098 5.104076 1.240747
v 1.787600 3.464427 1.373857
v 0.666166 4.652739 0.306922
v 3.020284 5.178910 0.966538
v 1.898850 6.367222 -0.100398
v 1.911813 5.472149 0.141278
v 0.245260 4.788494 -0.099661
v 1.479523 7.926948 -0.108989
v -0.187030 7.243292 -0.349929
v 0.373248 4.518462 2.037138
v 0.957486 4.715465 0.395951
v 1.630157 6.114573 2.573707
v 2.214393 6.311576 0.932521
v -0.004955 4.832675 -0.726478
v -0.049624 5.421145 -0.678959
v 0.074275 5.421145 -0.562488
v 0.118945 4.832675 -0.610007
v -0.433520 4.800327 -0.230067
v -0.463611 5.196740 -0.198056
v -0.380148 5.196739 -0.119597
v -0.350057 4.800326 -0.151608
v -0.113385 5.126910 -0.783652
v 0.187905 5.058405 -0.510845
v -0.506562 4.998533 -0.268581
v -0.303603 4.952386 -0.084809
v -1.450756 4.613683 0.789710
v -1.419385 4.758451 0.841220
v -1.397407 4.468916 0.817840
v -1.336447 4.468916 0.875145
v -1.358425 4.758451 0.898525
v -1.302517 4.579978 0.923934
v -2.385237 4.338949 1.845210
v -2.367067 4.422796 1.875044
v -2.354337 4.255102 1.861502
v -2.319030 4.255101 1.894693
v -2.331759 4.422796 1.908234
v -2.299379 4.319427 1.922951
v -2.982939 4.236119 2.519775
v -2.973097 4.281538 2.535936
v -2.966201 4.190700 2.528601
v -2.947075 4.190700 2.546580
v -2.953970 4.281538 2.553914
v -2.936430 4.225544 2.561886
v -1.843323 3.914494 3.287953
v -2.661836 4.235097 2.176167
v -2.962839 3.375393 4.039837
v -3.781354 3.695997 2.928051
v -3.062415 4.608870 3.354936
v -2.442711 4.332671 2.116256
v -4.263880 3.903183 2.827053
v -3.644177 3.626984 1.588372
v -3.522164 4.071558 1.999695
v -2.173129 4.439464 1.733254
v -3.509471 2.533545 1.075983
v -2.160436 2.901450 0.809542
v -2.030784 3.282775 3.253685
v -2.667066 4.276418 2.209806
v -3.144475 2.060884 3.391442
v -3.780758 3.054526 2.347563
v -2.829256 5.421631 0.305404
v -1.516411 4.643060 1.023370
v -3.600675 5.375728 1.692834
v -2.287831 4.597157 2.410801
v -2.829415 4.007128 1.437665
v -1.464273 4.659436 0.759822
v -2.142664 4.111491 2.867469
v -0.777522 4.763798 2.189626
v -1.256475 4.348643 1.973826
v -1.049323 4.697798 0.417739
v -0.195040 6.017004 2.289279
v 0.012112 6.366159 0.733189
v -2.771549 5.996691 0.664888
v -1.554600 4.595440 1.020734
v -2.840412 6.694195 2.178149
v -1.623462 5.292944 2.533995
v -0.449147 4.253942 2.283549
v -1.378529 4.474524 1.005018
v -1.707535 3.610616 3.146656
v -2.636918 3.831199 1.868124
v -1.857755 4.952072 2.327138
v -1.132784 4.597702 0.935367
v -3.190818 4.021671 1.742956
v -2.465847 3.667302 0.351184
v -2.347192 4.210223 0.803887
v -0.826987 4.712011 0.499134
v -2.269157 2.401308 -0.192454
v -0.748952 2.903095 -0.497207
v -0.639056 3.520908 2.264549
v -1.386258 4.523379 1.041761
v -1.860610 2.059886 2.453778
v -2.607812 3.062357 1.230990
v -0.275554 6.562531 1.209623
v -0.799809 4.808852 0.048875
v -1.388800 5.603223 2.386671
v -1.913056 3.849544 1.225924
v -1.810241 5.744482 1.095361
v -0.611130 5.073586 -0.090228
v -2.440278 3.355138 1.087135
v -1.241167 2.684241 -0.098454
v -1.488913 3.539846 0.072840
v -0.255828 5.096079 -0.564117
v -0.399446 1.549697 -0.080097
v 0.833637 3.105930 -0.717054
v -0.145125 5.852761 1.518572
v -0.837149 4.865112 0.062483
v -0.697398 3.816537 2.423569
v -1.389422 2.828889 0.967480
v -2.037683 3.753083 -0.759819
v -0.710284 4.787640 0.130671
v -3.081294 4.069520 0.624802
v -1.753894 5.104076 1.515292
v -1.802962 3.464427 0.848218
v -0.602660 4.652739 -0.129146
v -1.554950 5.178910 2.122545
v -0.354647 6.367222 1.145181
v -0.596020 5.472149 1.127449
v -0.146069 4.788494 -0.495202
v -0.293047 7.926948 0.730314
v 0.156904 7.243292 -0.892336
v -2.281882 4.518462 -0.638714
v -0.727847 4.715465 0.148562
v -2.973232 6.114573 0.540166
v -1.419198 6.311576 1.327441
v 0.060096 8.037491 -0.397774
v 0.009304 8.507099 -0.409128
v -0.020302 8.507099 -0.276696
v 0.030489 8.037491 -0.265341
v -0.455022 8.011676 -0.490242
v -0.489237 8.328020 -0.497891
v -0.509181 8.328019 -0.408680
v -0.474966 8.011676 -0.401030
v 0.055273 8.272294 -0.495477
v -0.009567 8.217628 -0.177671
v -0.458271 8.169847 -0.556058
v -0.501949 8.133021 -0.341974
v -1.568859 7.862731 -0.774162
v -1.591476 7.978258 -0.731678
v -1.566486 7.747204 -0.726091
v -1.581052 7.747204 -0.660933
v -1.606043 7.978258 -0.666519
v -1.600761 7.835833 -0.617798
v -2.673582 7.643487 -0.986731
v -2.686681 7.710400 -0.962125
v -2.672207 7.576576 -0.958889
v -2.680644 7.576576 -0.921149
v -2.695118 7.710400 -0.924385
v -2.692059 7.627909 -0.896167
v -3.379800 7.561428 -1.122912
v -3.386896 7.597673 -1.109583
v -3.379056 7.525183 -1.107830
v -3.383626 7.525183 -1.087387
v -3.391466 7.597673 -1.089140
v -3.389808 7.552989 -1.073854
v -3.443973 7.304765 -0.028040
v -3.013300 7.560613 -1.042113
v -4.415435 6.874554 -0.491109
v -3.984763 7.130401 -1.505183
v -3.985606 7.858890 -0.837942
v -2.883072 7.638478 -0.916000
v -4.111586 7.295739 -1.877590
v -3.009052 7.075327 -1.955649
v -3.241897 7.430105 -1.704636
v -2.510468 7.723700 -0.886596
v -2.602435 6.202744 -2.071466
v -1.871007 6.496339 -1.253427
v -3.496656 6.800643 -0.170699
v -3.038526 7.593587 -1.032028
v -4.044036 5.825552 -0.879449
v -3.585908 6.618496 -1.740778
v -1.796739 8.507487 -1.917660
v -1.756003 7.886174 -0.724249
v -3.063099 8.470856 -1.883306
v -3.022364 7.849542 -0.689895
v -2.574313 7.378689 -1.457434
v -1.553831 7.899242 -0.795595
v -3.276933 7.461973 -0.404547
v -2.256451 7.982525 0.257292
v -2.302989 7.651224 -0.159334
v -1.150224 7.929855 -0.649733
v -2.088066 8.982604 0.697791
v -0.935300 9.261237 0.207392
v -2.020131 8.966395 -1.731881
v -1.769719 7.848173 -0.751544
v -3.087264 9.523014 -1.163933
v -2.836853 8.404792 -0.183596
v -2.187442 7.575651 0.520969
v -1.687343 7.751678 -0.637028
v -3.291739 7.062265 0.007757
v -2.791641 7.238294 -1.150241
v -2.790061 8.132771 -0.428582
v -1.539604 7.849977 -0.496596
v -2.930885 7.390295 -1.581485
v -1.680426 7.107502 -1.649499
v -1.943051 7.540762 -1.383969
v -1.115723 7.941198 -0.463965
v -1.227151 6.097217 -1.735458
v -0.399823 6.497651 -0.815454
v -2.251605 6.990677 0.382836
v -1.715717 7.790666 -0.627397
v -2.878184 5.824756 -0.379055
v -2.342296 6.624745 -1.389288
v -1.379415 9.417944 0.203555
v -0.795487 8.018478 -0.628361
v -2.640282 8.652401 -0.082353
v -2.056355 7.252934 -0.914269
v -1.924899 8.765127 -0.896749
v -0.623257 8.229740 -0.555352
v -2.175400 6.858390 -1.332731
v -0.873758 6.323002 -0.991334
v -1.092107 7.005790 -1.091816
v -0.153391 8.247691 -0.504036
v -0.544151 5.417616 -0.405872
v 0.394564 6.659517 0.181907
v -1.538538 8.851536 0.418726
v -0.820012 8.063375 -0.648469
v -2.384521 7.226594 0.407425
v -1.665995 6.438434 -0.659770
v -0.743441 7.175957 -1.807177
v -0.815257 8.001551 -0.533630
v -2.118534 7.428478 -1.960876
v -2.190351 8.254073 -0.687328
v -1.752229 6.945604 -0.992230
v -0.593089 7.893898 -0.565357
v -2.526460 8.313791 -0.303829
v -1.367319 9.262086 0.123043
v -1.453276 8.547801 -0.049914
v -0.156090 8.002232 -0.400647
v -1.057392 10.506774 -0.003326
v 0.239794 9.961204 -0.354060
v -0.925884 7.786743 -1.925628
v -0.834684 7.943954 -0.538417
v -2.016482 9.060467 -1.921081
v -1.925282 9.217679 -0.533870
v -0.101624 8.037491 -0.375294
v -0.131398 8.507099 -0.332607
v -0.020098 8.507099 -0.254973
v 0.009677 8.037491 -0.297660
v -0.382598 8.011676 0.066237
v -0.402655 8.328020 0.094993
v -0.327679 8.328019 0.147290
v -0.307621 8.011676 0.118534
v -0.193853 8.272294 -0.407897
v 0.075597 8.217628 -0.227339
v -0.444726 8.169847 0.044275
v -0.263216 8.133021 0.165905
v -1.067846 7.862731 0.989102
v -1.037118 7.978258 1.026145
v -1.022468 7.747204 1.005143
v -0.967707 7.747204 1.043339
v -0.982356 7.978258 1.064342
v -0.935273 7.835833 1.077938
v -1.683619 7.643487 1.930602
v -1.665822 7.710400 1.952056
v -1.657337 7.576576 1.939892
v -1.625619 7.576576 1.962015
v -1.634104 7.710400 1.974180
v -1.606834 7.627909 1.982054
v -2.077535 7.561428 2.532365
v -2.067895 7.597673 2.543987
v -2.063299 7.525183 2.537398
v -2.046117 7.525183 2.549382
v -2.050713 7.597673 2.555971
v -2.035941 7.552989 2.560236
v -1.088854 7.304765 3.007098
v -1.863739 7.560613 2.223915
v -1.885847 6.874554 3.730267
v -2.660733 7.130401 2.947083
v -2.043690 7.858890 3.200993
v -1.697649 7.638478 2.151265
v -3.053413 7.295739 2.923149
v -2.707373 7.075327 1.873420
v -2.563457 7.430105 2.184084
v -1.529089 7.723700 1.817669
v -2.660276 6.202744 1.453261
v -1.625909 6.496339 1.086846
v -1.240835 6.800643 3.001723
v -1.863977 7.593587 2.251081
v -2.104261 5.825552 3.239309
v -2.727404 6.618496 2.488668
v -2.212314 8.507487 0.766143
v -1.092660 7.886174 1.181192
v -2.660942 8.470856 1.950871
v -1.541289 7.849542 2.365921
v -2.081477 7.378689 1.660184
v -1.081976 7.899242 0.967067
v -1.373846 7.461973 2.709711
v -0.374345 7.982525 2.016593
v -0.777483 7.651224 1.901598
v -0.793902 7.929855 0.648966
v 0.097104 8.982604 2.027905
v 0.080684 9.261237 0.775271
v -2.125170 8.966395 1.043314
v -1.123119 7.848173 1.183528
v -2.004512 9.523014 2.246136
v -1.002460 8.404792 2.386349
v -0.104199 7.575651 2.052773
v -0.985912 7.751678 1.150753
v -0.997980 7.062265 2.879825
v -1.879694 7.238294 1.977805
v -1.211382 8.132771 2.250117
v -0.799931 7.849977 1.067333
v -2.331526 7.390295 1.943040
v -1.920074 7.107502 0.760256
v -1.774024 7.540762 1.103982
v -0.608933 7.941198 0.687518
v -1.827650 6.097217 0.308255
v -0.662559 6.497651 -0.108210
v -0.256348 6.990677 2.059737
v -0.987766 7.790666 1.180659
v -1.198988 5.824756 2.350441
v -1.930405 6.624745 1.471364
v -0.091348 9.417944 1.184732
v -0.639553 8.018478 0.328854
v -0.834213 8.652401 2.242881
v -1.382419 7.252934 1.387005
v -1.316339 8.765127 1.272021
v -0.506663 8.229740 0.197196
v -1.814762 6.858390 1.338400
v -1.005086 6.323002 0.263574
v -1.180891 7.005790 0.427482
v -0.280932 8.247691 -0.218078
v -0.338348 5.417616 0.180711
v 0.561610 6.659517 -0.464849
v 0.047372 8.851536 1.413589
v -0.667462 8.063375 0.343917
v -0.284021 7.226594 2.192045
v -0.998855 6.438434 1.122373
v -1.710504 7.175957 -0.166504
v -0.559404 8.001551 0.383084
v -2.374377 7.428478 1.047488
v -1.223276 8.254073 1.597077
v -1.339177 6.945604 1.076037
v -0.504476 7.893898 0.165487
v -0.995954 8.313791 2.053547
v -0.161253 9.262086 1.142997
v -0.353889 8.547801 1.156915
v -0.186296 8.002232 -0.176359
v -0.160599 10.506774 0.808298
v 0.006994 9.961204 -0.524976
v -1.889314 7.786743 -0.042636
v -0.571202 7.943954 0.399242
v -2.298842 9.060467 0.968162
v -0.980731 9.217679 1.410040
v 0.000390 10.057497 -0.336399
v 0.023711 10.478286 -0.296015
v 0.129010 10.478286 -0.356820
v 0.105689 10.057497 -0.397205
v 0.251867 10.034366 0.059415
v 0.267576 10.317823 0.086620
v 0.338509 10.317822 0.045659
v 0.322800 10.034366 0.018454
v -0.061121 10.267890 -0.273954
v 0.187806 10.218906 -0.423966
v 0.210431 10.176093 0.101480
v 0.378116 10.143096 0.000427
v 0.740251 9.900904 0.966221
v 0.781989 10.004421 0.955367
v 0.770514 9.797387 0.935497
v 0.822323 9.797387 0.905580
v 0.833797 10.004421 0.925450
v 0.862725 9.876802 0.892413
v 1.270163 9.704453 1.823737
v 1.294337 9.764409 1.817450
v 1.287692 9.644497 1.805942
v 1.317698 9.644497 1.788614
v 1.324344 9.764409 1.800122
v 1.341099 9.690494 1.780988
v 1.608729 9.630924 2.372099
v 1.621824 9.663402 2.368694
v 1.618224 9.598447 2.362460
v 1.634478 9.598447 2.353074
v 1.638078 9.663402 2.359307
v 1.647154 9.623363 2.348942
v 2.369733 9.400944 1.750294
v 1.439705 9.630194 2.081378
v 2.653604 9.015455 2.671872
v 1.723576 9.244705 3.002957
v 2.164140 9.897462 2.598777
v 1.443884 9.699964 1.918994
v 1.554899 9.392855 3.312492
v 0.834643 9.195356 2.632710
v 1.141427 9.513253 2.634013
v 1.237262 9.776326 1.655422
v 0.511613 8.413485 2.434794
v 0.607448 8.676558 1.456203
v 2.307605 8.949227 1.871573
v 1.461657 9.659739 2.091897
v 2.172207 8.075504 2.662490
v 1.326261 8.786016 2.882815
v 0.124331 10.478634 1.810135
v 0.886687 9.921909 1.059369
v 0.915137 10.445810 2.624473
v 1.677494 9.889086 1.873707
v 0.899515 9.467181 2.043787
v 0.717000 9.933620 0.969311
v 2.020100 9.541808 1.868511
v 1.837585 10.008245 0.794035
v 1.591044 9.711385 1.077444
v 0.568377 9.961051 0.614651
v 2.025958 10.904359 0.415785
v 1.003290 11.154026 -0.047008
v 0.382359 10.889835 1.844773
v 0.877005 9.887859 1.084971
v 1.404229 11.388589 2.204051
v 1.898876 10.386614 1.444249
v 1.969623 9.643668 0.588581
v 0.902562 9.801396 0.961180
v 2.301000 9.183653 1.628180
v 1.233939 9.341382 2.000780
v 1.708922 10.142871 1.561993
v 0.905563 9.889477 0.778561
v 1.033992 9.477581 2.354197
v 0.230632 9.224187 1.570764
v 0.565055 9.612406 1.582902
v 0.669966 9.971214 0.479214
v -0.101007 8.318928 1.323965
v 0.003903 8.677734 0.220278
v 1.917443 9.119506 0.714686
v 0.926125 9.836331 0.974051
v 1.795039 8.074791 1.590070
v 0.803721 8.791615 1.849434
v 1.270151 11.294442 0.248217
v 0.367296 10.040461 0.367735
v 1.846410 10.608482 1.253197
v 0.943555 9.354501 1.372716
v 0.875370 10.709490 1.275392
v 0.310974 10.229760 0.209862
v 0.739785 9.000972 1.705058
v 0.175389 8.521241 0.639528
v 0.241567 9.133048 0.844482
v 0.059806 10.245845 -0.131147
v 0.361574 7.709976 0.067019
v 0.179813 8.822773 -0.908608
v 1.508580 10.786916 0.222642
v 0.368910 10.080689 0.396107
v 2.014284 9.330899 0.787430
v 0.874614 8.624674 0.960896
v -0.441715 9.285525 1.048458
v 0.441764 10.025292 0.323312
v 0.291024 9.511795 2.048575
v 1.174504 10.251564 1.323429
v 0.707662 9.079120 1.219432
v 0.286076 9.928831 0.196035
v 1.631302 10.305074 1.312474
v 1.209716 11.154786 0.289077
v 1.147789 10.514756 0.450678
v 0.129629 10.025903 -0.192080
v 0.938378 12.270081 0.161330
v -0.079782 11.781226 -0.481429
v -0.409169 9.832816 1.240631
v 0.450390 9.973684 0.339027
v 0.255366 10.974127 1.957132
v 1.114925 11.114996 1.055529
v 0.069877 9.981700 -0.458979
v 0.102343 10.274649 -0.459094
v 0.102042 10.274649 -0.543747
v 0.069576 9.981700 -0.543631
v 0.396007 9.965596 -0.473951
v 0.417878 10.162936 -0.474029
v 0.417675 10.162936 -0.531054
v 0.395805 9.965596 -0.530976
v 0.086318 10.128174 -0.400213
v 0.081821 10.094071 -0.602499
v 0.407084 10.064265 -0.434365
v 0.404054 10.041293 -0.570631
v 1.112810 9.872682 -0.455243
v 1.120694 9.944750 -0.484213
v 1.104720 9.800614 -0.484156
v 1.104572 9.800614 -0.525806
v 1.120546 9.944750 -0.525863
v 1.110597 9.855903 -0.554770
v 1.814204 9.735915 -0.478677
v 1.818770 9.777656 -0.495456
v 1.809518 9.694174 -0.495423
v 1.809432 9.694174 -0.519547
v 1.818684 9.777656 -0.519579
v 1.812922 9.726196 -0.536322
v 2.262625 9.684725 -0.493480
v 2.265099 9.707335 -0.502569
v 2.260087 9.662114 -0.502552
v 2.260041 9.662114 -0.515619
v 2.265052 9.707335 -0.515637
v 2.261931 9.679461 -0.524706
v 2.150284 9.524615 -1.168364
v 2.028512 9.684216 -0.491958
v 2.805249 9.256242 -1.020994
v 2.683478 9.415843 -0.344587
v 2.591738 9.870285 -0.750587
v 1.931858 9.732789 -0.550667
v 2.812113 9.518984 -0.135587
v 2.152234 9.381487 0.064334
v 2.259168 9.602803 -0.120551
v 1.701137 9.785953 -0.517037
v 1.920902 8.837156 0.191005
v 1.362871 9.020306 -0.205481
v 2.202055 9.210135 -1.088868
v 2.042463 9.704785 -0.501580
v 2.633019 8.601858 -0.733416
v 2.473428 9.096509 -0.146129
v 1.409531 10.274891 0.208841
v 1.219749 9.887305 -0.511480
v 2.175109 10.252040 0.012855
v 1.985328 9.864454 -0.707465
v 1.818899 9.570728 -0.178622
v 1.106632 9.895458 -0.440128
v 2.100729 9.622684 -0.916240
v 1.388463 9.947412 -1.177744
v 1.474375 9.740741 -0.930744
v 0.840951 9.914556 -0.473052
v 1.225131 10.571277 -1.422418
v 0.591705 10.745092 -0.964726
v 1.519734 10.561165 0.064945
v 1.231867 9.863601 -0.496772
v 2.090347 10.908392 -0.428081
v 1.802480 10.210828 -0.989799
v 1.310029 9.693597 -1.328598
v 1.165924 9.803406 -0.555043
v 2.052731 9.373340 -1.169092
v 1.908627 9.483149 -0.395536
v 1.807888 10.041137 -0.834304
v 1.056638 9.864726 -0.620041
v 2.052953 9.577969 -0.152462
v 1.301702 9.401559 0.061800
v 1.424744 9.671832 -0.136033
v 0.794279 9.921631 -0.581285
v 1.037859 8.771327 0.176759
v 0.407394 9.021124 -0.268493
v 1.368158 9.328681 -1.253443
v 1.181852 9.827727 -0.564824
v 1.854646 8.601361 -0.876615
v 1.668341 9.100407 -0.187997
v 0.862391 10.842848 -1.023796
v 0.622209 9.969840 -0.437007
v 1.668908 10.365291 -1.024207
v 1.428726 9.492282 -0.437417
v 1.346338 10.435611 -0.429899
v 0.507347 10.101628 -0.457605
v 1.558998 9.246159 -0.199325
v 0.720006 8.912175 -0.227031
v 0.866721 9.338109 -0.196098
v 0.214432 10.112826 -0.423857
v 0.438560 8.347382 -0.537597
v -0.213728 9.122099 -0.765356
v 0.929436 10.489513 -1.176685
v 0.639908 9.997847 -0.428165
v 1.445611 9.475851 -1.286777
v 1.156082 8.984184 -0.538258
v 0.753534 9.444262 0.287264
v 0.621138 9.959280 -0.497365
v 1.611254 9.601789 0.190637
v 1.478859 10.116808 -0.593992
v 1.254505 9.300565 -0.347945
v 0.490379 9.892124 -0.447348
v 1.630291 10.154060 -0.873745
v 0.866165 10.745621 -0.973148
v 0.942366 10.300039 -0.879823
v 0.201780 9.959704 -0.487121
v 0.695108 11.522078 -0.853427
v -0.045478 11.181742 -0.460725
v 0.880891 9.825280 0.334093
v 0.633617 9.923350 -0.497139
v 1.543674 10.619848 0.180540
v 1.296400 10.717919 -0.650692
v 0.020833 9.981700 -0.449249
v 0.021159 10.274649 -0.481714
v -0.063489 10.274649 -0.482566
v -0.063816 9.981700 -0.450101
v 0.010301 9.965596 -0.775553
v 0.010521 10.162936 -0.797423
v -0.046501 10.162936 -0.797997
v -0.046721 9.965596 -0.776127
v 0.079817 10.128174 -0.464889
v -0.122512 10.094071 -0.463146
v 0.050035 10.064265 -0.786090
v -0.086260 10.041293 -0.784915
v 0.038766 9.872682 -1.492035
v 0.009906 9.944750 -1.500313
v 0.009745 9.800614 -1.484340
v -0.031903 9.800614 -1.484759
v -0.031742 9.944750 -1.500732
v -0.060782 9.855903 -1.491177
v 0.024882 9.735915 -2.193683
v 0.008167 9.777656 -2.198477
v 0.008074 9.694174 -2.189226
v -0.016049 9.694174 -2.189468
v -0.015956 9.777656 -2.198720
v -0.032775 9.726196 -2.193186
v 0.016185 9.684725 -2.642264
v 0.007130 9.707335 -2.644862
v 0.007080 9.662114 -2.639850
v -0.005987 9.662114 -2.639981
v -0.005937 9.707335 -2.644993
v -0.015048 9.679461 -2.641994
v -0.660166 9.524615 -2.539120
v 0.014520 9.684216 -2.408152
v -0.503893 9.256242 -3.192019
v 0.170794 9.415843 -3.061050
v -0.236418 9.870285 -2.974846
v -0.045499 9.732789 -2.312306
v 0.381525 9.518984 -3.186830
v 0.572444 9.381487 -2.524290
v 0.389033 9.602803 -2.633731
v -0.015014 9.785953 -2.081149
v 0.695955 8.837156 -2.291255
v 0.291909 9.020306 -1.738672
v -0.579973 9.210135 -2.589805
v 0.005088 9.704785 -2.422232
v -0.218687 8.601858 -3.015891
v 0.366374 9.096509 -2.848319
v 0.706828 10.274891 -1.779688
v -0.016010 9.887305 -1.599730
v 0.521282 10.252040 -2.547863
v -0.201555 9.864454 -2.367905
v 0.324973 9.570728 -2.194292
v 0.053796 9.895458 -1.485652
v -0.408740 9.622684 -2.486138
v -0.679916 9.947412 -1.777498
v -0.431769 9.740741 -1.860040
v 0.017257 9.914556 -1.220443
v -0.926791 10.571277 -1.617511
v -0.477764 10.745092 -0.977914
v 0.564445 10.561165 -1.891840
v -0.001139 9.863601 -1.611646
v 0.079233 10.908392 -2.469112
v -0.486352 10.210828 -2.188917
v -0.831823 9.693597 -1.701125
v -0.060302 9.803406 -1.546503
v -0.662222 9.373340 -2.441586
v 0.109300 9.483149 -2.286965
v -0.330798 10.041137 -2.192209
v -0.126782 9.864726 -1.438112
v 0.354317 9.577969 -2.427969
v 0.558332 9.401559 -1.673871
v 0.362193 9.671832 -1.799595
v -0.091601 9.921631 -1.175250
v 0.669689 8.771327 -1.408487
v 0.215896 9.021124 -0.784142
v -0.755884 9.328681 -1.758225
v -0.069866 9.827727 -1.562563
v -0.372469 8.601361 -2.239538
v 0.313550 9.100407 -2.043876
v -0.533143 10.842848 -1.249379
v 0.050322 9.969840 -1.001231
v -0.522575 10.365291 -2.055826
v 0.060890 9.492282 -1.807679
v 0.067286 10.435611 -1.725197
v 0.028162 10.101628 -0.886660
v 0.300734 9.246159 -1.934698
v 0.261609 8.912175 -1.096161
v 0.294537 9.338109 -1.242441
v 0.057919 10.112826 -0.593313
v -0.052759 8.347382 -0.818969
v -0.289376 9.122099 -0.169841
v -0.685106 10.489513 -1.318499
v 0.059403 9.997847 -1.018808
v -0.788161 9.475851 -1.836125
v -0.043652 8.984184 -1.536433
v 0.776314 9.444262 -1.122684
v -0.010045 9.959280 -1.000982
v 0.691372 9.601789 -1.981641
v -0.094987 10.116808 -1.859939
v 0.147983 9.300565 -1.632256
v 0.038187 9.892124 -0.869554
v -0.372653 10.154060 -2.015165
v -0.482449 10.745621 -1.252463
v -0.388095 10.300039 -1.327387
v -0.005511 9.959704 -0.581523
v -0.365067 11.522078 -1.079792
v 0.017516 11.181742 -0.333929
v 0.824872 9.825280 -1.249392
v -0.009650 9.923350 -1.013456
v 0.680356 10.619848 -1.914204
v -0.154166 10.717919 -1.678268
v -0.019121 11.669813 -0.346292
v -0.040131 11.876792 -0.355496
v -0.064132 11.876792 -0.300713
v -0.043122 11.669813 -0.291508
v -0.234127 11.658436 -0.429831
v -0.248281 11.797863 -0.436032
v -0.264449 11.797863 -0.399128
v -0.250295 11.658436 -0.392927
v -0.012948 11.773302 -0.388962
v -0.067859 11.749207 -0.256971
v -0.229970 11.728148 -0.458575
v -0.266959 11.711918 -0.369661
v -0.691938 11.592788 -0.646793
v -0.705312 11.643706 -0.630328
v -0.694974 11.541870 -0.625799
v -0.706783 11.541870 -0.598845
v -0.717121 11.643706 -0.603374
v -0.718954 11.580934 -0.581852
v -1.151837 11.496158 -0.832121
v -1.159582 11.525649 -0.822585
v -1.153595 11.466666 -0.819962
v -1.160434 11.466666 -0.804350
v -1.166422 11.525649 -0.806973
v -1.167484 11.489291 -0.794508
v -1.445812 11.459990 -0.950723
v -1.450008 11.475965 -0.945557
v -1.446765 11.444015 -0.944136
v -1.450470 11.444015 -0.935679
v -1.453713 11.475965 -0.937100
v -1.454288 11.456270 -0.930348
v -1.566116 11.346867 -0.482541
v -1.294106 11.459631 -0.884793
v -1.947197 11.157251 -0.764964
v -1.675187 11.270016 -1.167216
v -1.731951 11.591095 -0.878660
v -1.248434 11.493949 -0.819233
v -1.698569 11.342888 -1.339026
v -1.215051 11.245742 -1.279599
v -1.336989 11.402109 -1.190700
v -1.089743 11.531511 -0.775019
v -1.029372 10.861153 -1.295328
v -0.782126 10.990554 -0.879647
v -1.576847 11.124675 -0.548704
v -1.305870 11.474163 -0.882563
v -1.753718 10.694906 -0.901554
v -1.482742 11.044394 -1.235412
v -0.693856 11.876964 -1.160694
v -0.777109 11.603120 -0.641021
v -1.244545 11.860818 -1.252874
v -1.327798 11.586975 -0.733201
v -1.069109 11.379447 -1.027341
v -0.683626 11.608880 -0.654794
v -1.462036 11.416156 -0.631286
v -1.076552 11.645587 -0.258740
v -1.061467 11.499567 -0.442892
v -0.521368 11.622374 -0.557584
v -1.040947 12.086370 -0.053962
v -0.500848 12.209177 -0.168654
v -0.806191 12.079226 -1.099215
v -0.780735 11.586372 -0.653988
v -1.315804 12.324554 -0.943740
v -1.290348 11.831700 -0.498512
v -1.068988 11.466258 -0.138849
v -0.754782 11.543842 -0.597489
v -1.503291 11.239985 -0.454189
v -1.189084 11.317569 -0.912829
v -1.249400 11.711807 -0.600530
v -0.702745 11.587167 -0.524255
v -1.212865 11.384562 -1.111141
v -0.666209 11.259923 -1.034865
v -0.802256 11.450881 -0.942204
v -0.522146 11.627373 -0.474311
v -0.462872 10.814642 -1.033735
v -0.182761 10.991133 -0.565841
v -1.085067 11.208432 -0.204024
v -0.767869 11.561027 -0.595721
v -1.291705 10.694555 -0.586555
v -0.974507 11.047149 -0.978252
v -0.692633 12.278245 -0.207853
v -0.369727 11.661434 -0.518355
v -1.213876 11.940834 -0.438103
v -0.890970 11.324022 -0.748605
v -0.835587 11.990518 -0.729915
v -0.301397 11.754547 -0.472215
v -0.907093 11.150127 -0.939680
v -0.372903 10.914156 -0.681981
v -0.458861 11.215094 -0.743902
v -0.102486 11.762459 -0.410302
v -0.279813 10.515109 -0.400869
v 0.076561 11.062474 -0.067270
v -0.779652 12.028602 -0.128227
v -0.378636 11.681222 -0.529126
v -1.144641 11.312413 -0.204622
v -0.743625 10.965034 -0.605522
v -0.247573 11.290094 -1.023872
v -0.386286 11.653973 -0.479048
v -0.829401 11.401392 -1.206588
v -0.968114 11.765272 -0.661764
v -0.752825 11.188567 -0.756622
v -0.287501 11.606524 -0.473994
v -1.145919 11.791592 -0.524285
v -0.680595 12.209551 -0.241657
v -0.703158 11.894732 -0.323738
v -0.112393 11.654273 -0.365808
v -0.535850 12.758144 -0.270123
v 0.054916 12.517686 -0.312193
v -0.316479 11.559298 -1.090531
v -0.394284 11.628588 -0.482761
v -0.788620 12.120687 -1.180748
v -0.866425 12.189979 -0.572978
vt 0.131718 0.272244
vt 0.416794 0.238994
vt 0.416794 0.390443
vt 0.286019 -0.277093
vt 0.210546 0.438830
vt 0.188471 -0.275430
vt 0.158297 -0.608861
vt 0.139662 -0.260726
vt 0.062154 -0.579897
vt 0.293380 -0.261877
vt 0.297674 -0.607132
vt 0.358381 -0.598135
vt 0.071999 -0.566931
vt 0.111436 -0.228186
vt 0.000000 -0.531772
vt 0.419516 -0.593650
vt 0.321088 -0.267708
vt 0.262560 -0.266445
vt 0.350439 -0.612135
vt 0.281793 0.437615
vt 0.274504 0.439967
vt 0.148282 0.400297
vt 0.307407 0.444470
vt 0.236690 1.146955
vt 0.179057 0.472307
vt 0.300293 1.161687
vt 0.251826 1.170320
vt 0.285249 0.460737
vt 0.262738 0.457401
vt 0.147989 -0.246036
vt 0.152359 0.485344
vt 0.174896 0.449570
vt 0.251525 1.150925
vt 0.181842 1.599411
vt 0.325064 1.605788
vt 0.236363 1.177872
vt 0.195424 1.147658
vt 0.174776 1.153879
vt 0.257218 0.395500
vt 0.290383 0.399368
vt 0.275698 0.403983
vt 0.273829 0.375987
vt 0.259145 0.380602
vt 0.313331 1.163619
vt 0.351318 1.601111
vt 0.316688 1.609878
vt 0.159488 1.599792
vt 0.148304 1.603162
vt 0.089884 0.252557
vt 0.374961 0.219308
vt 0.374961 0.370757
vt 0.286019 -0.277093
vt 0.210546 0.438830
vt 0.188471 -0.275430
vt 0.158297 -0.608861
vt 0.139662 -0.260726
vt 0.062154 -0.579897
vt 0.293380 -0.261877
vt 0.297674 -0.607132
vt 0.358381 -0.598135
vt 0.147989 -0.246036
vt 0.000000 -0.531772
vt 0.071999 -0.566931
vt 0.350439 -0.612135
vt 0.321088 -0.267708
vt 0.262560 -0.266445
vt 0.281793 0.437615
vt 0.106449 0.380611
vt 0.232670 0.420281
vt 0.307407 0.444470
vt 0.236690 1.146955
vt 0.179057 0.472307
vt 0.300293 1.161687
vt 0.251826 1.170320
vt 0.285249 0.460737
vt 0.262738 0.457401
vt 0.111436 -0.228186
vt 0.152359 0.485344
vt 0.174896 0.449570
vt 0.251525 1.150925
vt 0.181842 1.599411
vt 0.351318 1.601111
vt 0.325064 1.605788
vt 0.236363 1.177872
vt 0.195424 1.147658
vt 0.174776 1.153879
vt 0.217845 0.321676
vt 0.251010 0.325544
vt 0.236326 0.330159
vt 0.219772 0.306779
vt 0.251010 0.307925
vt 0.313331 1.163619
vt 0.316688 1.609878
vt 0.159488 1.599792
vt 0.148304 1.603162
vt 0.755000 0.745000
vt 0.995000 0.505000
vt 0.995000 0.745000
vt 0.755000 0.255000
vt 0.995000 0.495000
vt 0.755000 0.495000
vt 0.755000 0.995000
vt 0.995000 0.755000
vt 0.995000 0.995000
vt 0.755000 0.495000
vt 0.995000 0.255000
vt 0.995000 0.495000
vt 0.755000 0.505000
vt 0.995000 0.745000
vt 0.755000 0.745000
vt 0.755000 0.255000
vt 0.995000 0.495000
vt 0.755000 0.495000
vt 0.755000 0.755000
vt 0.995000 0.995000
vt 0.755000 0.995000
vt 0.755000 0.495000
vt 0.995000 0.255000
vt 0.995000 0.495000
vt 0.755000 0.745000
vt 0.995000 0.505000
vt 0.995000 0.745000
vt 0.755000 0.255000
vt 0.995000 0.495000
vt 0.755000 0.495000
vt 0.755000 0.995000
vt 0.995000 0.755000
vt 0.995000 0.995000
vt 0.755000 0.495000
vt 0.995000 0.255000
vt 0.995000 0.495000
vt 0.755000 0.505000
vt 0.995000 0.745000
vt 0.755000 0.745000
vt 0.755000 0.255000
vt 0.995000 0.495000
vt 0.755000 0.495000
vt 0.755000 0.995000
vt 0.995000 0.755000
vt 0.995000 0.995000
vt 0.755000 0.255000
vt 0.995000 0.495000
vt 0.755000 0.495000
vt 0.755000 0.505000
vt 0.995000 0.745000
vt 0.755000 0.745000
vt 0.755000 0.255000
vt 0.995000 0.495000
vt 0.755000 0.495000
vt 0.755000 0.995000
vt 0.995000 0.755000
vt 0.995000 0.995000
vt 0.755000 0.255000
vt 0.995000 0.495000
vt 0.755000 0.495000
vt 0.089884 0.252557
vt 0.374961 0.219308
vt 0.374961 0.370757
vt 0.286019 -0.277093
vt 0.210546 0.438830
vt 0.188471 -0.275430
vt 0.158297 -0.608861
vt 0.139662 -0.260726
vt 0.062154 -0.579897
vt 0.293380 -0.261877
vt 0.297674 -0.607132
vt 0.358381 -0.598135
vt 0.147989 -0.246036
vt 0.000000 -0.531772
vt 0.071999 -0.566931
vt 0.350439 -0.612135
vt 0.321088 -0.267708
vt 0.262560 -0.266445
vt 0.307407 0.444470
vt 0.281793 0.437615
vt 0.106449 0.380611
vt 0.232670 0.420281
vt 0.251525 1.150925
vt 0.236690 1.146955
vt 0.179057 0.472307
vt 0.300293 1.161687
vt 0.251826 1.170320
vt 0.285249 0.460737
vt 0.262738 0.457401
vt 0.111436 -0.228186
vt 0.152359 0.485344
vt 0.174896 0.449570
vt 0.181842 1.599411
vt 0.351318 1.601111
vt 0.325064 1.605788
vt 0.195424 1.147658
vt 0.174776 1.153879
vt 0.217845 0.321676
vt 0.251010 0.325544
vt 0.236326 0.330159
vt 0.219772 0.306779
vt 0.251010 0.307925
vt 0.313331 1.163619
vt 0.316688 1.609878
vt 0.236363 1.177872
vt 0.159488 1.599792
vt 0.148304 1.603162
vt 0.755000 0.745000
vt 0.995000 0.505000
vt 0.995000 0.745000
vt 0.755000 0.255000
vt 0.995000 0.495000
vt 0.755000 0.495000
vt 0.755000 0.995000
vt 0.995000 0.755000
vt 0.995000 0.995000
vt 0.755000 0.495000
vt 0.995000 0.255000
vt 0.995000 0.495000
vt 0.755000 0.505000
vt 0.995000 0.745000
vt 0.755000 0.745000
vt 0.755000 0.255000
vt 0.995000 0.495000
vt 0.755000 0.495000
vt 0.755000 0.755000
vt 0.995000 0.995000
vt 0.755000 0.995000
vt 0.755000 0.495000
vt 0.995000 0.255000
vt 0.995000 0.495000
vt 0.755000 0.745000
vt 0.995000 0.505000
vt 0.995000 0.745000
vt 0.755000 0.255000
vt 0.995000 0.495000
vt 0.755000 0.495000
vt 0.755000 0.995000
vt 0.995000 0.755000
vt 0.995000 0.995000
vt 0.755000 0.495000
vt 0.995000 0.255000
vt 0.995000 0.495000
vt 0.755000 0.505000
vt 0.995000 0.745000
vt 0.755000 0.745000
vt 0.755000 0.255000
vt 0.995000 0.495000
vt 0.755000 0.495000
vt 0.755000 0.995000
vt 0.995000 0.755000
vt 0.995000 0.995000
vt 0.755000 0.255000
vt 0.995000 0.495000
vt 0.755000 0.495000
vt 0.755000 0.505000
vt 0.995000 0.745000
vt 0.755000 0.745000
vt 0.755000 0.255000
vt 0.995000 0.495000
vt 0.755000 0.495000
vt 0.755000 0.995000
vt 0.995000 0.755000
vt 0.995000 0.995000
vt 0.755000 0.255000
vt 0.995000 0.495000
vt 0.755000 0.495000
vt 0.089884 0.252557
vt 0.374961 0.219308
vt 0.374961 0.370757
vt 0.286019 -0.277093
vt 0.210546 0.438830
vt 0.188471 -0.275430
vt 0.158297 -0.608861
vt 0.139662 -0.260726
vt 0.062154 -0.579897
vt 0.293380 -0.261877
vt 0.297674 -0.607132
vt 0.358381 -0.598135
vt 0.147989 -0.246036
vt 0.000000 -0.531772
vt 0.071999 -0.566931
vt 0.350439 -0.612135
vt 0.321088 -0.267708
vt 0.262560 -0.266445
vt 0.307407 0.444470
vt 0.281793 0.437615
vt 0.106449 0.380611
vt 0.232670 0.420281
vt 0.236690 1.146955
vt 0.179057 0.472307
vt 0.300293 1.161687
vt 0.251826 1.170320
vt 0.285249 0.460737
vt 0.262738 0.457401
vt 0.111436 -0.228186
vt 0.152359 0.485344
vt 0.174896 0.449570
vt 0.189878 1.601562
vt 0.181842 1.599411
vt 0.351318 1.601111
vt 0.325064 1.605788
vt 0.195424 1.147658
vt 0.174776 1.153879
vt 0.217845 0.321676
vt 0.251010 0.325544
vt 0.236326 0.330159
vt 0.219772 0.306779
vt 0.251010 0.307925
vt 0.313331 1.163619
vt 0.316688 1.609878
vt 0.236363 1.177872
vt 0.159488 1.599792
vt 0.148304 1.603162
vt 0.755000 0.745000
vt 0.995000 0.505000
vt 0.995000 0.745000
vt 0.755000 0.255000
vt 0.995000 0.495000
vt 0.755000 0.495000
vt 0.755000 0.995000
vt 0.995000 0.755000
vt 0.995000 0.995000
vt 0.755000 0.495000
vt 0.995000 0.255000
vt 0.995000 0.495000
vt 0.755000 0.505000
vt 0.995000 0.745000
vt 0.755000 0.745000
vt 0.755000 0.255000
vt 0.995000 0.495000
vt 0.755000 0.495000
vt 0.755000 0.755000
vt 0.995000 0.995000
vt 0.755000 0.995000
vt 0.755000 0.495000
vt 0.995000 0.255000
vt 0.995000 0.495000
vt 0.755000 0.745000
vt 0.995000 0.505000
vt 0.995000 0.745000
vt 0.755000 0.255000
vt 0.995000 0.495000
vt 0.755000 0.495000
vt 0.755000 0.995000
vt 0.995000 0.755000
vt 0.995000 0.995000
vt 0.755000 0.495000
vt 0.995000 0.255000
vt 0.995000 0.495000
vt 0.755000 0.505000
vt 0.995000 0.745000
vt 0.755000 0.745000
vt 0.755000 0.255000
vt 0.995000 0.495000
vt 0.755000 0.495000
vt 0.755000 0.995000
vt 0.995000 0.755000
vt 0.995000 0.995000
vt 0.755000 0.255000
vt 0.995000 0.495000
vt 0.755000 0.495000
vt 0.755000 0.505000
vt 0.995000 0.745000
vt 0.755000 0.745000
vt 0.755000 0.255000
vt 0.995000 0.495000
vt 0.755000 0.495000
vt 0.755000 0.995000
vt 0.995000 0.755000
vt 0.995000 0.995000
vt 0.755000 0.255000
vt 0.995000 0.495000
vt 0.755000 0.495000
vt 0.089884 0.252557
vt 0.374961 0.219308
vt 0.374961 0.370757
vt 0.286019 -0.277093
vt 0.210546 0.438830
vt 0.188471 -0.275430
vt 0.158297 -0.608861
vt 0.139662 -0.260726
vt 0.062154 -0.579897
vt 0.293380 -0.261877
vt 0.297674 -0.607132
vt 0.358381 -0.598135
vt 0.147989 -0.246036
vt 0.000000 -0.531772
vt 0.071999 -0.566931
vt 0.350439 -0.612135
vt 0.321088 -0.267708
vt 0.262560 -0.266445
vt 0.307407 0.444470
vt 0.281793 0.437615
vt 0.106449 0.380611
vt 0.232670 0.420281
vt 0.251525 1.150925
vt 0.236690 1.146955
vt 0.179057 0.472307
vt 0.300293 1.161687
vt 0.251826 1.170320
vt 0.262738 0.457401
vt 0.111436 -0.228186
vt 0.152359 0.485344
vt 0.174896 0.449570
vt 0.189878 1.601562
vt 0.181842 1.599411
vt 0.351318 1.601111
vt 0.325064 1.605788
vt 0.313331 1.163619
vt 0.195424 1.147658
vt 0.174776 1.153879
vt 0.217845 0.321676
vt 0.251010 0.325544
vt 0.236326 0.330159
vt 0.219772 0.306779
vt 0.251010 0.307925
vt 0.316688 1.609878
vt 0.236363 1.177872
vt 0.159488 1.599792
vt 0.148304 1.603162
vt 0.755000 0.745000
vt 0.995000 0.505000
vt 0.995000 0.745000
vt 0.755000 0.255000
vt 0.995000 0.495000
vt 0.755000 0.495000
vt 0.755000 0.995000
vt 0.995000 0.755000
vt 0.995000 0.995000
vt 0.755000 0.495000
vt 0.995000 0.255000
vt 0.995000 0.495000
vt 0.755000 0.505000
vt 0.995000 0.745000
vt 0.755000 0.745000
vt 0.755000 0.255000
vt 0.995000 0.495000
vt 0.755000 0.495000
vt 0.755000 0.755000
vt 0.995000 0.995000
vt 0.755000 0.995000
vt 0.755000 0.495000
vt 0.995000 0.255000
vt 0.995000 0.495000
vt 0.755000 0.745000
vt 0.995000 0.505000
vt 0.995000 0.745000
vt 0.755000 0.255000
vt 0.995000 0.495000
vt 0.755000 0.495000
vt 0.755000 0.995000
vt 0.995000 0.755000
vt 0.995000 0.995000
vt 0.755000 0.495000
vt 0.995000 0.255000
vt 0.995000 0.495000
vt 0.755000 0.505000
vt 0.995000 0.745000
vt 0.755000 0.745000
vt 0.755000 0.255000
vt 0.995000 0.495000
vt 0.755000 0.495000
vt 0.755000 0.995000
vt 0.995000 0.755000
vt 0.995000 0.995000
vt 0.755000 0.255000
vt 0.995000 0.495000
vt 0.755000 0.495000
vt 0.755000 0.505000
vt 0.995000 0.745000
vt 0.755000 0.745000
vt 0.755000 0.255000
vt 0.995000 0.495000
vt 0.755000 0.495000
vt 0.755000 0.995000
vt 0.995000 0.755000
vt 0.995000 0.995000
vt 0.755000 0.255000
vt 0.995000 0.495000
vt 0.755000 0.495000
vt 0.089884 0.252557
vt 0.374961 0.219308
vt 0.374961 0.370757
vt 0.286019 -0.277093
vt 0.210546 0.438830
vt 0.188471 -0.275430
vt 0.158297 -0.608861
vt 0.139662 -0.260726
vt 0.062154 -0.579897
vt 0.293380 -0.261877
vt 0.297674 -0.607132
vt 0.358381 -0.598135
vt 0.147989 -0.246036
vt 0.000000 -0.531772
vt 0.071999 -0.566931
vt 0.419516 -0.593650
vt 0.321088 -0.267708
vt 0.262560 -0.266445
vt 0.350439 -0.612135
vt 0.307407 0.444470
vt 0.281793 0.437615
vt 0.106449 0.380611
vt 0.232670 0.420281
vt 0.251525 1.150925
vt 0.236690 1.146955
vt 0.179057 0.472307
vt 0.300293 1.161687
vt 0.251826 1.170320
vt 0.285249 0.460737
vt 0.262738 0.457401
vt 0.111436 -0.228186
vt 0.152359 0.485344
vt 0.174896 0.449570
vt 0.189878 1.601562
vt 0.181842 1.599411
vt 0.351318 1.601111
vt 0.325064 1.605788
vt 0.313331 1.163619
vt 0.195424 1.147658
vt 0.174776 1.153879
vt 0.217845 0.321676
vt 0.251010 0.325544
vt 0.236326 0.330159
vt 0.219772 0.306779
vt 0.251010 0.307925
vt 0.316688 1.609878
vt 0.236363 1.177872
vt 0.159488 1.599792
vt 0.148304 1.603162
vt 0.755000 0.745000
vt 0.995000 0.505000
vt 0.995000 0.745000
vt 0.755000 0.255000
vt 0.995000 0.495000
vt 0.755000 0.495000
vt 0.755000 0.995000
vt 0.995000 0.755000
vt 0.995000 0.995000
vt 0.755000 0.495000
vt 0.995000 0.255000
vt 0.995000 0.495000
vt 0.755000 0.505000
vt 0.995000 0.745000
vt 0.755000 0.745000
vt 0.755000 0.255000
vt 0.995000 0.495000
vt 0.755000 0.495000
vt 0.755000 0.755000
vt 0.995000 0.995000
vt 0.755000 0.995000
vt 0.755000 0.495000
vt 0.995000 0.255000
vt 0.995000 0.495000
vt 0.755000 0.745000
vt 0.995000 0.505000
vt 0.995000 0.745000
vt 0.755000 0.255000
vt 0.995000 0.495000
vt 0.755000 0.495000
vt 0.755000 0.995000
vt 0.995000 0.755000
vt 0.995000 0.995000
vt 0.755000 0.495000
vt 0.995000 0.255000
vt 0.995000 0.495000
vt 0.755000 0.505000
vt 0.995000 0.745000
vt 0.755000 0.745000
vt 0.755000 0.255000
vt 0.995000 0.495000
vt 0.755000 0.495000
vt 0.755000 0.995000
vt 0.995000 0.755000
vt 0.995000 0.995000
vt 0.755000 0.255000
vt 0.995000 0.495000
vt 0.755000 0.495000
vt 0.755000 0.505000
vt 0.995000 0.745000
vt 0.755000 0.745000
vt 0.755000 0.255000
vt 0.995000 0.495000
vt 0.755000 0.495000
vt 0.755000 0.995000
vt 0.995000 0.755000
vt 0.995000 0.995000
vt 0.755000 0.255000
vt 0.995000 0.495000
vt 0.755000 0.495000
vt 0.089884 0.252557
vt 0.374961 0.219308
vt 0.374961 0.370757
vt 0.286019 -0.277093
vt 0.210546 0.438830
vt 0.188471 -0.275430
vt 0.158297 -0.608861
vt 0.139662 -0.260726
vt 0.062154 -0.579897
vt 0.293380 -0.261877
vt 0.297674 -0.607132
vt 0.358381 -0.598135
vt 0.147989 -0.246036
vt 0.000000 -0.531772
vt 0.071999 -0.566931
vt 0.419516 -0.593650
vt 0.321088 -0.267708
vt 0.262560 -0.266445
vt 0.350439 -0.612135
vt 0.281793 0.437615
vt 0.106449 0.380611
vt 0.232670 0.420281
vt 0.251525 1.150925
vt 0.236690 1.146955
vt 0.179057 0.472307
vt 0.300293 1.161687
vt 0.251826 1.170320
vt 0.262738 0.457401
vt 0.111436 -0.228186
vt 0.152359 0.485344
vt 0.174896 0.449570
vt 0.189878 1.601562
vt 0.181842 1.599411
vt 0.351318 1.601111
vt 0.325064 1.605788
vt 0.313331 1.163619
vt 0.195424 1.147658
vt 0.174776 1.153879
vt 0.217845 0.321676
vt 0.251010 0.325544
vt 0.236326 0.330159
vt 0.219772 0.306779
vt 0.251010 0.307925
vt 0.316688 1.609878
vt 0.236363 1.177872
vt 0.159488 1.599792
vt 0.148304 1.603162
vt 0.755000 0.745000
vt 0.995000 0.505000
vt 0.995000 0.745000
vt 0.755000 0.255000
vt 0.995000 0.495000
vt 0.755000 0.495000
vt 0.755000 0.995000
vt 0.995000 0.755000
vt 0.995000 0.995000
vt 0.755000 0.495000
vt 0.995000 0.255000
vt 0.995000 0.495000
vt 0.755000 0.505000
vt 0.995000 0.745000
vt 0.755000 0.745000
vt 0.755000 0.255000
vt 0.995000 0.495000
vt 0.755000 0.495000
vt 0.755000 0.755000
vt 0.995000 0.995000
vt 0.755000 0.995000
vt 0.755000 0.495000
vt 0.995000 0.255000
vt 0.995000 0.495000
vt 0.755000 0.745000
vt 0.995000 0.505000
vt 0.995000 0.745000
vt 0.755000 0.255000
vt 0.995000 0.495000
vt 0.755000 0.495000
vt 0.755000 0.995000
vt 0.995000 0.755000
vt 0.995000 0.995000
vt 0.755000 0.495000
vt 0.995000 0.255000
vt 0.995000 0.495000
vt 0.755000 0.505000
vt 0.995000 0.745000
vt 0.755000 0.745000
vt 0.755000 0.255000
vt 0.995000 0.495000
vt 0.755000 0.495000
vt 0.755000 0.995000
vt 0.995000 0.755000
vt 0.995000 0.995000
vt 0.755000 0.255000
vt 0.995000 0.495000
vt 0.755000 0.495000
vt 0.755000 0.505000
vt 0.995000 0.745000
vt 0.755000 0.745000
vt 0.755000 0.255000
vt 0.995000 0.495000
vt 0.755000 0.495000
vt 0.755000 0.995000
vt 0.995000 0.755000
vt 0.995000 0.995000
vt 0.755000 0.255000
vt 0.995000 0.495000
vt 0.755000 0.495000
vt 0.089884 0.252557
vt 0.374961 0.219308
vt 0.374961 0.370757
vt 0.286019 -0.277093
vt 0.210546 0.438830
vt 0.188471 -0.275430
vt 0.158297 -0.608861
vt 0.139662 -0.260726
vt 0.062154 -0.579897
vt 0.293380 -0.261877
vt 0.297674 -0.607132
vt 0.358381 -0.598135
vt 0.147989 -0.246036
vt 0.000000 -0.531772
vt 0.071999 -0.566931
vt 0.419516 -0.593650
vt 0.321088 -0.267708
vt 0.262560 -0.266445
vt 0.350439 -0.612135
vt 0.281793 0.437615
vt 0.106449 0.380611
vt 0.232670 0.420281
vt 0.251525 1.150925
vt 0.236690 1.146955
vt 0.179057 0.472307
vt 0.300293 1.161687
vt 0.251826 1.170320
vt 0.262738 0.457401
vt 0.111436 -0.228186
vt 0.152359 0.485344
vt 0.174896 0.449570
vt 0.189878 1.601562
vt 0.181842 1.599411
vt 0.351318 1.601111
vt 0.325064 1.605788
vt 0.313331 1.163619
vt 0.195424 1.147658
vt 0.174776 1.153879
vt 0.217845 0.321676
vt 0.251010 0.325544
vt 0.236326 0.330159
vt 0.219772 0.306779
vt 0.251010 0.307925
vt 0.316688 1.609878
vt 0.236363 1.177872
vt 0.159488 1.599792
vt 0.148304 1.603162
vt 0.755000 0.745000
vt 0.995000 0.505000
vt 0.995000 0.745000
vt 0.755000 0.255000
vt 0.995000 0.495000
vt 0.755000 0.495000
vt 0.755000 0.995000
vt 0.995000 0.755000
vt 0.995000 0.995000
vt 0.755000 0.495000
vt 0.995000 0.255000
vt 0.995000 0.495000
vt 0.755000 0.505000
vt 0.995000 0.745000
vt 0.755000 0.745000
vt 0.755000 0.255000
vt 0.995000 0.495000
vt 0.755000 0.495000
vt 0.755000 0.755000
vt 0.995000 0.995000
vt 0.755000 0.995000
vt 0.755000 0.495000
vt 0.995000 0.255000
vt 0.995000 0.495000
vt 0.755000 0.745000
vt 0.995000 0.505000
vt 0.995000 0.745000
vt 0.755000 0.255000
vt 0.995000 0.495000
vt 0.755000 0.495000
vt 0.755000 0.995000
vt 0.995000 0.755000
vt 0.995000 0.995000
vt 0.755000 0.495000
vt 0.995000 0.255000
vt 0.995000 0.495000
vt 0.755000 0.505000
vt 0.995000 0.745000
vt 0.755000 0.745000
vt 0.755000 0.255000
vt 0.995000 0.495000
vt 0.755000 0.495000
vt 0.755000 0.995000
vt 0.995000 0.755000
vt 0.995000 0.995000
vt 0.755000 0.255000
vt 0.995000 0.495000
vt 0.755000 0.495000
vt 0.755000 0.505000
vt 0.995000 0.745000
vt 0.755000 0.745000
vt 0.755000 0.255000
vt 0.995000 0.495000
vt 0.755000 0.495000
vt 0.755000 0.995000
vt 0.995000 0.755000
vt 0.995000 0.995000
vt 0.755000 0.255000
vt 0.995000 0.495000
vt 0.755000 0.495000
vt 0.089884 0.252557
vt 0.374961 0.219308
vt 0.374961 0.370757
vt 0.286019 -0.277093
vt 0.210546 0.438830
vt 0.188471 -0.275430
vt 0.158297 -0.608861
vt 0.139662 -0.260726
vt 0.062154 -0.579897
vt 0.293380 -0.261877
vt 0.297674 -0.607132
vt 0.358381 -0.598135
vt 0.147989 -0.246036
vt 0.000000 -0.531772
vt 0.071999 -0.566931
vt 0.419516 -0.593650
vt 0.321088 -0.267708
vt 0.262560 -0.266445
vt 0.350439 -0.612135
vt 0.281793 0.437615
vt 0.106449 0.380611
vt 0.232670 0.420281
vt 0.251525 1.150925
vt 0.236690 1.146955
vt 0.179057 0.472307
vt 0.300293 1.161687
vt 0.251826 1.170320
vt 0.262738 0.457401
vt 0.111436 -0.228186
vt 0.152359 0.485344
vt 0.174896 0.449570
vt 0.189878 1.601562
vt 0.181842 1.599411
vt 0.351318 1.601111
vt 0.325064 1.605788
vt 0.313331 1.163619
vt 0.195424 1.147658
vt 0.174776 1.153879
vt 0.217845 0.321676
vt 0.251010 0.325544
vt 0.236326 0.330159
vt 0.219772 0.306779
vt 0.251010 0.307925
vt 0.316688 1.609878
vt 0.236363 1.177872
vt 0.159488 1.599792
vt 0.148304 1.603162
vt 0.755000 0.745000
vt 0.995000 0.505000
vt 0.995000 0.745000
vt 0.755000 0.255000
vt 0.995000 0.495000
vt 0.755000 0.495000
vt 0.755000 0.995000
vt 0.995000 0.755000
vt 0.995000 0.995000
vt 0.755000 0.495000
vt 0.995000 0.255000
vt 0.995000 0.495000
vt 0.755000 0.505000
vt 0.995000 0.745000
vt 0.755000 0.745000
vt 0.755000 0.255000
vt 0.995000 0.495000
vt 0.755000 0.495000
vt 0.755000 0.755000
vt 0.995000 0.995000
vt 0.755000 0.995000
vt 0.755000 0.495000
vt 0.995000 0.255000
vt 0.995000 0.495000
vt 0.755000 0.745000
vt 0.995000 0.505000
vt 0.995000 0.745000
vt 0.755000 0.255000
vt 0.995000 0.495000
vt 0.755000 0.495000
vt 0.755000 0.995000
vt 0.995000 0.755000
vt 0.995000 0.995000
vt 0.755000 0.495000
vt 0.995000 0.255000
vt 0.995000 0.495000
vt 0.755000 0.505000
vt 0.995000 0.745000
vt 0.755000 0.745000
vt 0.755000 0.255000
vt 0.995000 0.495000
vt 0.755000 0.495000
vt 0.755000 0.995000
vt 0.995000 0.755000
vt 0.995000 0.995000
vt 0.755000 0.255000
vt 0.995000 0.495000
vt 0.755000 0.495000
vt 0.755000 0.505000
vt 0.995000 0.745000
vt 0.755000 0.745000
vt 0.755000 0.255000
vt 0.995000 0.495000
vt 0.755000 0.495000
vt 0.755000 0.995000
vt 0.995000 0.755000
vt 0.995000 0.995000
vt 0.755000 0.255000
vt 0.995000 0.495000
vt 0.755000 0.495000
vt 0.089884 0.252557
vt 0.374961 0.219308
vt 0.374961 0.370757
vt 0.286019 -0.277093
vt 0.210546 0.438830
vt 0.188471 -0.275430
vt 0.158297 -0.608861
vt 0.139662 -0.260726
vt 0.062154 -0.579897
vt 0.358381 -0.598135
vt 0.262560 -0.266445
vt 0.297674 -0.607132
vt 0.147989 -0.246036
vt 0.000000 -0.531772
vt 0.071999 -0.566931
vt 0.419516 -0.593650
vt 0.321088 -0.267708
vt 0.350439 -0.612135
vt 0.307407 0.444470
vt 0.281793 0.437615
vt 0.106449 0.380611
vt 0.232670 0.420281
vt 0.251525 1.150925
vt 0.236690 1.146955
vt 0.179057 0.472307
vt 0.300293 1.161687
vt 0.251826 1.170320
vt 0.293380 -0.261877
vt 0.262738 0.457401
vt 0.111436 -0.228186
vt 0.152359 0.485344
vt 0.174896 0.449570
vt 0.189878 1.601562
vt 0.181842 1.599411
vt 0.351318 1.601111
vt 0.325064 1.605788
vt 0.313331 1.163619
vt 0.195424 1.147658
vt 0.174776 1.153879
vt 0.217845 0.321676
vt 0.251010 0.325544
vt 0.236326 0.330159
vt 0.219772 0.306779
vt 0.251010 0.307925
vt 0.316688 1.609878
vt 0.236363 1.177872
vt 0.159488 1.599792
vt 0.148304 1.603162
vt 0.755000 0.745000
vt 0.995000 0.505000
vt 0.995000 0.745000
vt 0.755000 0.255000
vt 0.995000 0.495000
vt 0.755000 0.495000
vt 0.755000 0.995000
vt 0.995000 0.755000
vt 0.995000 0.995000
vt 0.755000 0.495000
vt 0.995000 0.255000
vt 0.995000 0.495000
vt 0.755000 0.505000
vt 0.995000 0.745000
vt 0.755000 0.745000
vt 0.755000 0.255000
vt 0.995000 0.495000
vt 0.755000 0.495000
vt 0.755000 0.755000
vt 0.995000 0.995000
vt 0.755000 0.995000
vt 0.755000 0.495000
vt 0.995000 0.255000
vt 0.995000 0.495000
vt 0.755000 0.745000
vt 0.995000 0.505000
vt 0.995000 0.745000
vt 0.755000 0.255000
vt 0.995000 0.495000
vt 0.755000 0.495000
vt 0.755000 0.995000
vt 0.995000 0.755000
vt 0.995000 0.995000
vt 0.755000 0.495000
vt 0.995000 0.255000
vt 0.995000 0.495000
vt 0.755000 0.505000
vt 0.995000 0.745000
vt 0.755000 0.745000
vt 0.755000 0.255000
vt 0.995000 0.495000
vt 0.755000 0.495000
vt 0.755000 0.995000
vt 0.995000 0.755000
vt 0.995000 0.995000
vt 0.755000 0.255000
vt 0.995000 0.495000
vt 0.755000 0.495000
vt 0.755000 0.505000
vt 0.995000 0.745000
vt 0.755000 0.745000
vt 0.755000 0.255000
vt 0.995000 0.495000
vt 0.755000 0.495000
vt 0.755000 0.995000
vt 0.995000 0.755000
vt 0.995000 0.995000
vt 0.755000 0.255000
vt 0.995000 0.495000
vt 0.755000 0.495000
vt 0.089884 0.252557
vt 0.374961 0.219308
vt 0.374961 0.370757
vt 0.286019 -0.277093
vt 0.210546 0.438830
vt 0.188471 -0.275430
vt 0.158297 -0.608861
vt 0.139662 -0.260726
vt 0.062154 -0.579897
vt 0.293380 -0.261877
vt 0.297674 -0.607132
vt 0.358381 -0.598135
vt 0.147989 -0.246036
vt 0.000000 -0.531772
vt 0.071999 -0.566931
vt 0.419516 -0.593650
vt 0.321088 -0.267708
vt 0.262560 -0.266445
vt 0.350439 -0.612135
vt 0.307407 0.444470
vt 0.281793 0.437615
vt 0.106449 0.380611
vt 0.232670 0.420281
vt 0.251525 1.150925
vt 0.236690 1.146955
vt 0.179057 0.472307
vt 0.300293 1.161687
vt 0.251826 1.170320
vt 0.262738 0.457401
vt 0.111436 -0.228186
vt 0.152359 0.485344
vt 0.174896 0.449570
vt 0.189878 1.601562
vt 0.181842 1.599411
vt 0.351318 1.601111
vt 0.325064 1.605788
vt 0.313331 1.163619
vt 0.195424 1.147658
vt 0.174776 1.153879
vt 0.217845 0.321676
vt 0.251010 0.325544
vt 0.236326 0.330159
vt 0.219772 0.306779
vt 0.251010 0.307925
vt 0.316688 1.609878
vt 0.236363 1.177872
vt 0.159488 1.599792
vt 0.148304 1.603162
vt 0.755000 0.745000
vt 0.995000 0.505000
vt 0.995000 0.745000
vt 0.755000 0.255000
vt 0.995000 0.495000
vt 0.755000 0.495000
vt 0.755000 0.995000
vt 0.995000 0.755000
vt 0.995000 0.995000
vt 0.755000 0.495000
vt 0.995000 0.255000
vt 0.995000 0.495000
vt 0.755000 0.505000
vt 0.995000 0.745000
vt 0.755000 0.745000
vt 0.755000 0.255000
vt 0.995000 0.495000
vt 0.755000 0.495000
vt 0.755000 0.755000
vt 0.995000 0.995000
vt 0.755000 0.995000
vt 0.755000 0.495000
vt 0.995000 0.255000
vt 0.995000 0.495000
vt 0.755000 0.745000
vt 0.995000 0.505000
vt 0.995000 0.745000
vt 0.755000 0.255000
vt 0.995000 0.495000
vt 0.755000 0.495000
vt 0.755000 0.995000
vt 0.995000 0.755000
vt 0.995000 0.995000
vt 0.755000 0.495000
vt 0.995000 0.255000
vt 0.995000 0.495000
vt 0.755000 0.505000
vt 0.995000 0.745000
vt 0.755000 0.745000
vt 0.755000 0.255000
vt 0.995000 0.495000
vt 0.755000 0.495000
vt 0.755000 0.995000
vt 0.995000 0.755000
vt 0.995000 0.995000
vt 0.755000 0.255000
vt 0.995000 0.495000
vt 0.755000 0.495000
vt 0.755000 0.505000
vt 0.995000 0.745000
vt 0.755000 0.745000
vt 0.755000 0.255000
vt 0.995000 0.495000
vt 0.755000 0.495000
vt 0.755000 0.995000
vt 0.995000 0.755000
vt 0.995000 0.995000
vt 0.755000 0.255000
vt 0.995000 0.495000
vt 0.755000 0.495000
vt 0.290573 0.199323
vt 0.189878 1.601562
vt 0.290383 0.381748
vt 0.358381 1.602158
vt 0.248739 0.179637
vt 0.419516 -0.593650
vt 0.189878 1.601562
vt 0.234457 0.302163
vt 0.358381 1.602158
vt 0.755000 0.505000
vt 0.995000 0.255000
vt 0.755000 0.755000
vt 0.755000 0.255000
vt 0.995000 0.505000
vt 0.995000 0.255000
vt 0.995000 0.755000
vt 0.755000 0.255000
vt 0.755000 0.505000
vt 0.995000 0.255000
vt 0.755000 0.755000
vt 0.755000 0.255000
vt 0.995000 0.505000
vt 0.995000 0.255000
vt 0.755000 0.755000
vt 0.995000 0.255000
vt 0.995000 0.505000
vt 0.995000 0.255000
vt 0.755000 0.755000
vt 0.995000 0.255000
vt 0.248739 0.179637
vt 0.419516 -0.593650
vt 0.189878 1.601562
vt 0.234457 0.302163
vt 0.358381 1.602158
vt 0.755000 0.505000
vt 0.995000 0.255000
vt 0.755000 0.755000
vt 0.755000 0.255000
vt 0.995000 0.505000
vt 0.995000 0.255000
vt 0.995000 0.755000
vt 0.755000 0.255000
vt 0.755000 0.505000
vt 0.995000 0.255000
vt 0.755000 0.755000
vt 0.755000 0.255000
vt 0.995000 0.505000
vt 0.995000 0.255000
vt 0.755000 0.755000
vt 0.995000 0.255000
vt 0.995000 0.505000
vt 0.995000 0.255000
vt 0.755000 0.755000
vt 0.995000 0.255000
vt 0.248739 0.179637
vt 0.419516 -0.593650
vt 0.251525 1.150925
vt 0.234457 0.302163
vt 0.358381 1.602158
vt 0.755000 0.505000
vt 0.995000 0.255000
vt 0.755000 0.755000
vt 0.755000 0.255000
vt 0.995000 0.505000
vt 0.995000 0.255000
vt 0.995000 0.755000
vt 0.755000 0.255000
vt 0.755000 0.505000
vt 0.995000 0.255000
vt 0.755000 0.755000
vt 0.755000 0.255000
vt 0.995000 0.505000
vt 0.995000 0.255000
vt 0.755000 0.755000
vt 0.995000 0.255000
vt 0.995000 0.505000
vt 0.995000 0.255000
vt 0.755000 0.755000
vt 0.995000 0.255000
vt 0.248739 0.179637
vt 0.419516 -0.593650
vt 0.285249 0.460737
vt 0.234457 0.302163
vt 0.358381 1.602158
vt 0.755000 0.505000
vt 0.995000 0.255000
vt 0.755000 0.755000
vt 0.755000 0.255000
vt 0.995000 0.505000
vt 0.995000 0.255000
vt 0.995000 0.755000
vt 0.755000 0.255000
vt 0.755000 0.505000
vt 0.995000 0.255000
vt 0.755000 0.755000
vt 0.755000 0.255000
vt 0.995000 0.505000
vt 0.995000 0.255000
vt 0.755000 0.755000
vt 0.995000 0.255000
vt 0.995000 0.505000
vt 0.995000 0.255000
vt 0.755000 0.755000
vt 0.995000 0.255000
vt 0.248739 0.179637
vt 0.234457 0.302163
vt 0.358381 1.602158
vt 0.755000 0.505000
vt 0.995000 0.255000
vt 0.755000 0.755000
vt 0.755000 0.255000
vt 0.995000 0.505000
vt 0.995000 0.255000
vt 0.995000 0.755000
vt 0.755000 0.255000
vt 0.755000 0.505000
vt 0.995000 0.255000
vt 0.755000 0.755000
vt 0.755000 0.255000
vt 0.995000 0.505000
vt 0.995000 0.255000
vt 0.755000 0.755000
vt 0.995000 0.255000
vt 0.995000 0.505000
vt 0.995000 0.255000
vt 0.755000 0.755000
vt 0.995000 0.255000
vt 0.248739 0.179637
vt 0.307407 0.444470
vt 0.285249 0.460737
vt 0.234457 0.302163
vt 0.358381 1.602158
vt 0.755000 0.505000
vt 0.995000 0.255000
vt 0.755000 0.755000
vt 0.755000 0.255000
vt 0.995000 0.505000
vt 0.995000 0.255000
vt 0.995000 0.755000
vt 0.755000 0.255000
vt 0.755000 0.505000
vt 0.995000 0.255000
vt 0.755000 0.755000
vt 0.755000 0.255000
vt 0.995000 0.505000
vt 0.995000 0.255000
vt 0.755000 0.755000
vt 0.995000 0.255000
vt 0.995000 0.505000
vt 0.995000 0.255000
vt 0.755000 0.755000
vt 0.995000 0.255000
vt 0.248739 0.179637
vt 0.307407 0.444470
vt 0.285249 0.460737
vt 0.234457 0.302163
vt 0.358381 1.602158
vt 0.755000 0.505000
vt 0.995000 0.255000
vt 0.755000 0.755000
vt 0.755000 0.255000
vt 0.995000 0.505000
vt 0.995000 0.255000
vt 0.995000 0.755000
vt 0.755000 0.255000
vt 0.755000 0.505000
vt 0.995000 0.255000
vt 0.755000 0.755000
vt 0.755000 0.255000
vt 0.995000 0.505000
vt 0.995000 0.255000
vt 0.755000 0.755000
vt 0.995000 0.255000
vt 0.995000 0.505000
vt 0.995000 0.255000
vt 0.755000 0.755000
vt 0.995000 0.255000
vt 0.248739 0.179637
vt 0.307407 0.444470
vt 0.285249 0.460737
vt 0.234457 0.302163
vt 0.358381 1.602158
vt 0.755000 0.505000
vt 0.995000 0.255000
vt 0.755000 0.755000
vt 0.755000 0.255000
vt 0.995000 0.505000
vt 0.995000 0.255000
vt 0.995000 0.755000
vt 0.755000 0.255000
vt 0.755000 0.505000
vt 0.995000 0.255000
vt 0.755000 0.755000
vt 0.755000 0.255000
vt 0.995000 0.505000
vt 0.995000 0.255000
vt 0.755000 0.755000
vt 0.995000 0.255000
vt 0.995000 0.505000
vt 0.995000 0.255000
vt 0.755000 0.755000
vt 0.995000 0.255000
vt 0.248739 0.179637
vt 0.285249 0.460737
vt 0.234457 0.302163
vt 0.358381 1.602158
vt 0.755000 0.505000
vt 0.995000 0.255000
vt 0.755000 0.755000
vt 0.755000 0.255000
vt 0.995000 0.505000
vt 0.995000 0.255000
vt 0.995000 0.755000
vt 0.755000 0.255000
vt 0.755000 0.505000
vt 0.995000 0.255000
vt 0.755000 0.755000
vt 0.755000 0.255000
vt 0.995000 0.505000
vt 0.995000 0.255000
vt 0.755000 0.755000
vt 0.995000 0.255000
vt 0.995000 0.505000
vt 0.995000 0.255000
vt 0.755000 0.755000
vt 0.995000 0.255000
vt 0.248739 0.179637
vt 0.285249 0.460737
vt 0.234457 0.302163
vt 0.358381 1.602158
vt 0.755000 0.505000
vt 0.995000 0.255000
vt 0.755000 0.755000
vt 0.755000 0.255000
vt 0.995000 0.505000
vt 0.995000 0.255000
vt 0.995000 0.755000
vt 0.755000 0.255000
vt 0.755000 0.505000
vt 0.995000 0.255000
vt 0.755000 0.755000
vt 0.755000 0.255000
vt 0.995000 0.505000
vt 0.995000 0.255000
vt 0.755000 0.755000
vt 0.995000 0.255000
vt 0.995000 0.505000
vt 0.995000 0.255000
vt 0.755000 0.755000
vt 0.995000 0.255000
vn 0.0000 -1.0000 -0.0000
vn 0.8644 -0.0050 -0.5027
vn 0.8432 0.2206 0.4903
vn -0.0000 0.2568 0.9665
vn -0.7760 0.2277 -0.5882
vn 0.0000 0.2388 -0.9711
vn -0.8851 0.2057 0.4175
vn 0.8449 0.2113 -0.4914
vn 0.0000 -0.0331 -0.9995
vn 0.0000 0.0356 -0.9994
vn -0.9040 0.0305 0.4264
vn -0.0000 0.0968 0.9953
vn -0.9031 0.0536 0.4260
vn -0.7969 -0.0093 -0.6041
vn 0.8629 0.0604 0.5018
vn 0.0000 0.1257 -0.9921
vn -0.9042 0.0205 0.4265
vn -0.0000 0.0385 0.9993
vn -0.7965 0.0339 -0.6037
vn 0.8640 0.0313 -0.5025
vn 0.8640 0.0328 0.5025
vn 0.0000 1.0000 0.0000
vn -0.0000 -0.0057 1.0000
vn -0.7932 0.0962 -0.6013
vn 0.8613 0.0852 -0.5009
vn 0.8643 0.0190 0.5026
vn 0.0000 0.1102 0.9939
vn 0.9282 -0.3645 0.0748
vn 0.9215 0.3518 -0.1649
vn 0.0000 0.9427 -0.3337
vn -0.8852 -0.4650 -0.0145
vn 0.0000 -0.9988 0.0493
vn -0.9454 0.2919 -0.1447
vn 0.9270 -0.3746 -0.0208
vn 0.0000 -0.9740 0.2267
vn 0.0000 -0.9888 0.1493
vn -0.9502 0.3002 -0.0838
vn 0.0000 0.9550 -0.2965
vn -0.9491 0.2978 -0.1028
vn -0.8862 -0.4533 0.0959
vn 0.9257 0.3583 -0.1214
vn 0.0000 -0.9975 0.0710
vn -0.9511 0.3032 -0.0595
vn 0.0000 0.9725 -0.2328
vn -0.8871 -0.4579 0.0581
vn 0.9287 -0.3681 0.0440
vn 0.9272 0.3615 -0.0982
vn 0.0000 -0.1101 -0.9939
vn 0.0000 0.9878 -0.1556
vn -0.8867 -0.4617 0.0220
vn 0.9284 -0.3712 0.0150
vn 0.9284 0.3652 -0.0690
vn -0.1396 0.9046 -0.4029
vn 0.5031 0.8637 0.0293
vn 0.7770 0.4901 0.3950
vn -0.1820 0.4938 -0.8503
vn 0.4538 -0.8867 -0.0880
vn -0.1980 -0.9174 0.3453
vn -0.6099 -0.5357 0.5840
vn 0.3895 -0.6004 -0.6984
vn -0.0526 0.9126 -0.4053
vn 0.5690 0.8217 0.0326
vn 0.8030 0.4473 0.3937
vn -0.1300 0.5025 -0.8548
vn 0.8311 0.4797 -0.2815
vn 0.9796 0.1719 0.1043
vn 0.8866 -0.1137 0.4484
vn 0.5279 0.3402 -0.7782
vn -0.5567 -0.8257 -0.0909
vn -0.8715 -0.4372 0.2221
vn -0.8958 -0.0701 0.4388
vn -0.2842 -0.6457 -0.7087
vn -0.7848 0.1102 0.6099
vn 0.5106 -0.3645 0.7788
vn 0.6956 0.3518 0.6264
vn 0.2635 0.9427 -0.2048
vn -0.5317 -0.4650 -0.7078
vn -0.0389 -0.9988 0.0303
vn -0.4659 0.2919 -0.8353
vn 0.5852 -0.3746 0.7192
vn -0.1790 -0.9740 0.1391
vn -0.1179 -0.9888 0.0916
vn -0.5169 0.3002 -0.8017
vn 0.2341 0.9550 -0.1819
vn -0.5012 0.2978 -0.8125
vn -0.6195 -0.4533 -0.6409
vn 0.6639 0.3583 0.6564
vn -0.0560 -0.9975 0.0435
vn -0.5366 0.3032 -0.7875
vn 0.1838 0.9725 -0.1428
vn 0.5352 -0.3681 0.7603
vn 0.6465 0.3615 0.6719
vn 0.7847 -0.1102 -0.6099
vn 0.7848 -0.1102 -0.6099
vn 0.1229 0.9878 -0.0955
vn -0.5615 -0.4617 -0.6867
vn 0.5579 -0.3712 0.7423
vn 0.6242 0.3652 0.6907
vn 0.2324 0.9046 -0.3574
vn 0.2856 0.8637 0.4152
vn 0.1649 0.4901 0.8559
vn 0.5597 0.4938 -0.6655
vn 0.3480 -0.8867 0.3043
vn -0.3941 -0.9174 0.0555
vn -0.8354 -0.5357 -0.1232
vn 0.7905 -0.6004 -0.1210
vn 0.2877 0.9126 -0.2903
vn 0.3234 0.8217 0.4693
vn 0.1819 0.4473 0.8757
vn 0.5951 0.5025 -0.6272
vn 0.7323 0.4797 0.4835
vn 0.5188 0.1719 0.8374
vn 0.1900 -0.1137 0.9752
vn 0.9384 0.3402 -0.0607
vn -0.2699 -0.8257 -0.4953
vn -0.7102 -0.4372 -0.5518
vn -0.8962 -0.0701 -0.4381
vn 0.3852 -0.6457 -0.6593
vn -0.8045 0.1102 -0.5836
vn -0.6056 -0.3645 0.7074
vn -0.4076 0.3518 0.8427
vn 0.2701 0.9427 0.1959
vn 0.5315 -0.4650 -0.7080
vn -0.0399 -0.9988 -0.0289
vn 0.6723 0.2919 -0.6803
vn -0.5275 -0.3746 0.7625
vn -0.1835 -0.9740 -0.1331
vn -0.1209 -0.9888 -0.0877
vn 0.6258 0.3002 -0.7199
vn 0.2400 0.9550 0.1741
vn 0.6405 0.2978 -0.7079
vn 0.4427 -0.4533 -0.7736
vn -0.4453 0.3583 0.8206
vn -0.0574 -0.9975 -0.0417
vn 0.6067 0.3032 -0.7349
vn 0.1884 0.9725 0.1367
vn -0.5810 -0.3681 0.7259
vn -0.4650 0.3615 0.8082
vn 0.8045 -0.1102 0.5836
vn 0.8045 -0.1101 0.5836
vn 0.1260 0.9878 0.0914
vn 0.5029 -0.4617 -0.7307
vn -0.5573 -0.3712 0.7427
vn -0.4893 0.3652 0.7920
vn 0.4081 0.9046 0.1236
vn -0.3191 0.8637 0.3901
vn -0.7760 0.4901 0.3970
vn 0.7952 0.4938 0.3519
vn -0.1952 -0.8867 0.4190
vn -0.1632 -0.9174 -0.3630
vn -0.1146 -0.5357 -0.8366
vn 0.3366 -0.6004 0.7254
vn 0.3590 0.9126 0.1954
vn -0.3606 0.8217 0.4414
vn -0.7902 0.4473 0.4188
vn 0.7682 0.5025 0.3967
vn -0.2601 0.4797 0.8380
vn -0.6596 0.1719 0.7317
vn -0.8835 -0.1137 0.4544
vn 0.3199 0.3402 0.8843
vn 0.4004 -0.8257 -0.3972
vn 0.3319 -0.4372 -0.8359
vn 0.1708 -0.0701 -0.9828
vn 0.7405 -0.6457 0.1861
vn 0.6808 0.1102 -0.7242
vn -0.6251 -0.3645 -0.6902
vn -0.7843 0.3518 -0.5110
vn -0.2286 0.9427 0.2431
vn 0.6350 -0.4650 0.6169
vn 0.0338 -0.9988 -0.0359
vn 0.5897 0.2919 0.7530
vn -0.6896 -0.3746 -0.6198
vn 0.1553 -0.9740 -0.1652
vn 0.1023 -0.9888 -0.1088
vn 0.6349 0.3002 0.7119
vn -0.2031 0.9550 0.2160
vn 0.6211 0.2978 0.7250
vn 0.7114 -0.4533 0.5371
vn -0.7576 0.3583 -0.5456
vn 0.0486 -0.9975 -0.0517
vn 0.6522 0.3032 0.6948
vn -0.1594 0.9725 0.1696
vn -0.6465 -0.3681 -0.6682
vn -0.7428 0.3615 -0.5635
vn -0.6807 -0.1102 0.7242
vn -0.6807 -0.1101 0.7242
vn -0.1066 0.9878 0.1134
vn 0.6611 -0.4617 0.5913
vn -0.6662 -0.3712 -0.6469
vn -0.7237 0.3652 -0.5856
vn -0.1742 0.9046 0.3891
vn -0.3465 0.8637 -0.3660
vn -0.2956 0.4901 -0.8200
vn -0.4498 0.4938 0.7442
vn -0.3909 -0.8867 -0.2467
vn 0.3808 -0.9174 -0.1159
vn 0.8444 -0.5357 -0.0078
vn -0.7622 -0.6004 0.2421
vn -0.2393 0.9126 0.3314
vn -0.3923 0.8217 -0.4135
vn -0.3154 0.4473 -0.8369
vn -0.4907 0.5025 0.7118
vn -0.7983 0.4797 -0.3641
vn -0.6423 0.1719 -0.7469
vn -0.3389 -0.1137 -0.9339
vn -0.9177 0.3402 0.2054
vn 0.3434 -0.8257 0.4475
vn 0.7871 -0.4372 0.4351
vn 0.9533 -0.0701 0.2939
vn -0.2783 -0.6457 0.7110
vn 0.9700 0.1102 0.2168
vn 0.2755 -0.3645 -0.8895
vn 0.0401 0.3518 -0.9352
vn -0.3257 0.9427 -0.0728
vn -0.2073 -0.4650 0.8607
vn 0.0481 -0.9988 0.0107
vn -0.3475 0.2919 0.8911
vn 0.1820 -0.3746 -0.9092
vn 0.2213 -0.9740 0.0495
vn 0.1457 -0.9888 0.0326
vn -0.2891 0.3002 0.9090
vn -0.2893 0.9550 -0.0647
vn -0.3074 0.2978 0.9038
vn -0.0998 -0.4533 0.8858
vn 0.0835 0.3583 -0.9299
vn 0.0693 -0.9975 0.0155
vn -0.2656 0.3032 0.9152
vn -0.2272 0.9725 -0.0508
vn 0.2456 -0.3681 -0.8968
vn 0.1065 0.3615 -0.9263
vn -0.9700 -0.1102 -0.2168
vn -0.9700 -0.1101 -0.2168
vn -0.1519 0.9878 -0.0339
vn -0.1720 -0.4618 0.8702
vn 0.2172 -0.3712 -0.9028
vn 0.1352 0.3652 -0.9211
vn -0.4236 0.9046 0.0483
vn 0.1384 0.8637 -0.4846
vn 0.5550 0.4901 -0.6721
vn -0.8695 0.4938 -0.0079
vn 0.0131 -0.8867 -0.4621
vn 0.2938 -0.9174 0.2686
vn 0.4369 -0.5357 0.7226
vn -0.5966 -0.6004 -0.5325
vn -0.4071 0.9126 -0.0371
vn 0.1560 0.8217 -0.5482
vn 0.5594 0.4473 -0.6978
vn -0.8625 0.5025 -0.0596
vn -0.0934 0.4797 -0.8725
vn 0.3155 0.1719 -0.9332
vn 0.6310 -0.1137 -0.7674
vn -0.6443 0.3402 -0.6850
vn -0.2101 -0.8257 0.5234
vn 0.0266 -0.4372 0.8990
vn 0.2328 -0.0701 0.9700
vn -0.7536 -0.6457 0.1227
vn 0.5686 0.1102 -0.8152
vn -0.7185 -0.3645 -0.5924
vn -0.8501 0.3518 -0.3919
vn -0.1909 0.9427 0.2737
vn 0.7177 -0.4650 0.5183
vn 0.0282 -0.9988 -0.0404
vn 0.6926 0.2919 0.6596
vn -0.7722 -0.3746 -0.5133
vn 0.1297 -0.9740 -0.1859
vn 0.0854 -0.9888 -0.1225
vn 0.7314 0.3002 0.6123
vn -0.1696 0.9550 0.2432
vn 0.7196 0.2978 0.6273
vn 0.7817 -0.4533 0.4283
vn -0.8287 0.3583 -0.4300
vn 0.0406 -0.9975 -0.0582
vn 0.7460 0.3032 0.5929
vn -0.1332 0.9725 0.1909
vn -0.7366 -0.3681 -0.5674
vn -0.8166 0.3615 -0.4499
vn -0.5686 -0.1102 0.8152
vn -0.5686 -0.1101 0.8152
vn -0.0890 0.9878 0.1276
vn 0.7399 -0.4617 0.4893
vn -0.7529 -0.3712 -0.5435
vn -0.8009 0.3652 -0.4745
vn -0.1160 0.9046 0.4103
vn -0.3959 0.8637 -0.3119
vn -0.4113 0.4901 -0.7685
vn -0.3371 0.4938 0.8015
vn -0.4226 -0.8867 -0.1874
vn 0.3600 -0.9174 -0.1699
vn 0.8343 -0.5357 -0.1301
vn -0.7190 -0.6004 0.3500
vn -0.1887 0.9126 0.3626
vn -0.4480 0.8217 -0.3523
vn -0.4334 0.4473 -0.7823
vn -0.3824 0.5025 0.7754
vn -0.8427 0.4797 -0.2446
vn -0.7438 0.1719 -0.6459
vn -0.4707 -0.1137 -0.8750
vn -0.8782 0.3402 0.3362
vn 0.4046 -0.8257 0.3930
vn 0.8419 -0.4372 0.3164
vn 0.9858 -0.0701 0.1526
vn -0.1724 -0.6457 0.7439
vn -0.4970 0.1102 -0.8607
vn -0.8412 -0.3645 0.3994
vn -0.7155 0.3518 0.6036
vn 0.1669 0.9427 0.2890
vn 0.7738 -0.4650 -0.4301
vn -0.0247 -0.9988 -0.0427
vn 0.8911 0.2919 -0.3474
vn -0.7924 -0.3746 0.4815
vn -0.1134 -0.9740 -0.1963
vn -0.0747 -0.9888 -0.1293
vn 0.8647 0.3002 -0.4026
vn 0.1483 0.9550 0.2567
vn 0.8733 0.2978 -0.3856
vn 0.7195 -0.4533 -0.5262
vn -0.7409 0.3583 0.5680
vn -0.0355 -0.9975 -0.0614
vn 0.8534 0.3032 -0.4240
vn 0.1164 0.9725 0.2016
vn -0.8263 -0.3681 0.4263
vn -0.7539 0.3615 0.5487
vn 0.4971 -0.1102 0.8607
vn 0.4970 -0.1101 0.8607
vn 0.0778 0.9878 0.1348
vn 0.7569 -0.4617 -0.4625
vn -0.8115 -0.3712 0.4513
vn -0.7694 0.3652 0.5240
vn 0.3223 0.9046 0.2791
vn -0.4504 0.8637 0.2262
vn -0.8704 0.4901 0.0465
vn 0.5828 0.4938 0.6453
vn -0.3490 -0.8867 0.3032
vn -0.0012 -0.9174 -0.3980
vn 0.2361 -0.5357 -0.8107
vn 0.0119 -0.6004 0.7996
vn 0.2483 0.9126 0.3247
vn -0.5091 0.8217 0.2563
vn -0.8923 0.4473 0.0606
vn 0.5400 0.5025 0.6752
vn -0.5789 0.4797 0.6594
vn -0.9004 0.1719 0.3995
vn -0.9920 -0.1137 0.0551
vn -0.0680 0.3402 0.9379
vn 0.5275 -0.8257 -0.1997
vn 0.6436 -0.4372 -0.6282
vn 0.5564 -0.0701 -0.8280
vn 0.6005 -0.6457 0.4716
vn -0.9939 0.1102 0.0035
vn -0.0715 -0.3645 0.9285
vn 0.1681 0.3518 0.9209
vn 0.3337 0.9427 -0.0012
vn 0.0114 -0.4650 -0.8852
vn -0.0493 -0.9988 0.0002
vn 0.1414 0.2919 -0.9459
vn 0.0241 -0.3746 0.9269
vn -0.2267 -0.9740 0.0008
vn -0.1493 -0.9888 0.0005
vn 0.0804 0.3002 -0.9505
vn 0.2965 0.9550 -0.0011
vn 0.0994 0.2978 -0.9494
vn -0.0991 -0.4533 -0.8858
vn 0.1246 0.3583 0.9252
vn -0.0710 -0.9975 0.0002
vn 0.0562 0.3032 -0.9513
vn 0.2328 0.9725 -0.0009
vn -0.0407 -0.3681 0.9289
vn 0.1015 0.3615 0.9268
vn 0.9939 -0.1102 -0.0036
vn 0.9939 -0.1101 -0.0035
vn 0.1556 0.9878 -0.0005
vn -0.0251 -0.4618 -0.8866
vn -0.0117 -0.3712 0.9285
vn 0.0723 0.3652 0.9281
vn 0.4024 0.9046 -0.1410
vn -0.0275 0.8637 0.5032
vn -0.3923 0.4901 0.7784
vn 0.8496 0.4938 -0.1851
vn 0.0896 -0.8867 0.4535
vn -0.3460 -0.9174 -0.1968
vn -0.5862 -0.5357 -0.6078
vn 0.6998 -0.6004 0.3870
vn 0.4052 0.9126 -0.0541
vn -0.0306 0.8217 0.5692
vn -0.3909 0.4473 0.8044
vn 0.8543 0.5025 -0.1330
vn 0.2844 0.4797 0.8301
vn -0.1008 0.1719 0.9799
vn -0.4452 -0.1137 0.8882
vn 0.7800 0.3402 0.5252
vn 0.0889 -0.8257 -0.5570
vn -0.2252 -0.4372 -0.8707
vn -0.4420 -0.0701 -0.8943
vn 0.7077 -0.6457 -0.2867
vn -0.0100 0.1102 0.9939
vn 0.9274 -0.3645 0.0841
vn 0.9231 0.3518 -0.1556
vn 0.0034 0.9427 -0.3337
vn -0.8850 -0.4650 -0.0234
vn -0.0005 -0.9988 0.0493
vn -0.9439 0.2919 -0.1542
vn 0.9271 -0.3746 -0.0114
vn -0.0023 -0.9740 0.2267
vn -0.0015 -0.9888 0.1493
vn -0.9493 0.3002 -0.0933
vn 0.0030 0.9550 -0.2965
vn -0.9480 0.2978 -0.1124
vn -0.8871 -0.4533 0.0870
vn 0.9269 0.3583 -0.1120
vn -0.0007 -0.9975 0.0710
vn -0.9504 0.3032 -0.0691
vn 0.0023 0.9725 -0.2328
vn 0.9283 -0.3681 0.0534
vn 0.9281 0.3615 -0.0888
vn 0.0100 -0.1102 -0.9939
vn 0.0100 -0.1101 -0.9939
vn 0.0016 0.9878 -0.1556
vn -0.8869 -0.4617 0.0131
vn 0.9282 -0.3712 0.0244
vn 0.9290 0.3652 -0.0597
vn -0.1355 0.9046 -0.4043
vn 0.5028 0.8637 0.0344
vn 0.7730 0.4901 0.4028
vn -0.1735 0.4938 -0.8521
vn 0.4547 -0.8867 -0.0834
vn -0.2015 -0.9174 0.3433
vn -0.6157 -0.5357 0.5778
vn 0.3965 -0.6004 -0.6944
vn -0.0486 0.9126 -0.4059
vn 0.5687 0.8217 0.0384
vn 0.7990 0.4473 0.4018
vn -0.1214 0.5025 -0.8560
vn 0.8339 0.4797 -0.2731
vn 0.9785 0.1719 0.1141
vn 0.8820 -0.1137 0.4573
vn 0.5357 0.3402 -0.7728
vn -0.5557 -0.8257 -0.0965
vn -0.8737 -0.4372 0.2133
vn -0.9002 -0.0701 0.4298
vn -0.2770 -0.6457 -0.7115
vn 0.9104 0.1102 0.3988
vn 0.4410 -0.3645 -0.8202
vn 0.2188 0.3518 -0.9102
vn -0.3056 0.9427 -0.1339
vn -0.3685 -0.4650 0.8050
vn 0.0452 -0.9988 0.0197
vn -0.5119 0.2919 0.8079
vn 0.3530 -0.3746 -0.8574
vn 0.2077 -0.9740 0.0910
vn 0.1368 -0.9888 0.0599
vn -0.4580 0.3002 0.8367
vn -0.2716 0.9550 -0.1190
vn -0.4750 0.2978 0.8281
vn -0.2678 -0.4533 0.8502
vn 0.2603 0.3583 -0.8966
vn 0.0650 -0.9975 0.0284
vn -0.4362 0.3032 0.8472
vn -0.2132 0.9725 -0.0935
vn 0.4130 -0.3681 -0.8330
vn 0.2822 0.3615 -0.8887
vn -0.9104 -0.1102 -0.3988
vn -0.1425 0.9878 -0.0625
vn -0.3357 -0.4617 0.8210
vn 0.3863 -0.3712 -0.8444
vn 0.3093 0.3652 -0.8781
vn -0.4250 0.9046 -0.0338
vn 0.2287 0.8637 -0.4491
vn 0.6736 0.4901 -0.5532
vn -0.8519 0.4938 -0.1745
vn 0.1015 -0.8867 -0.4510
vn 0.2368 -0.9174 0.3199
vn 0.2902 -0.5357 0.7930
vn -0.4834 -0.6004 -0.6370
vn -0.3924 0.9126 -0.1144
vn 0.2582 0.8217 -0.5081
vn 0.6829 0.4473 -0.5776
vn -0.8351 0.5025 -0.2239
vn 0.0757 0.4797 -0.8742
vn 0.4886 0.1719 -0.8554
vn 0.7665 -0.1137 -0.6322
vn -0.5009 0.3402 -0.7958
vn -0.3066 -0.8257 0.4734
vn -0.1463 -0.4372 0.8874
vn 0.0424 -0.0701 0.9966
vn -0.7632 -0.6457 -0.0241
vn -0.0000 -0.1102 -0.9939
vn 0.5351 -0.3681 0.7603
vn 0.7848 -0.1101 -0.6099
vn -0.5615 -0.4618 -0.6867
vn -0.0399 -0.9988 -0.0290
vn -0.4453 0.3583 0.8205
vn -0.0575 -0.9975 -0.0417
vn 0.5029 -0.4618 -0.7307
vn 0.6612 -0.4617 0.5913
vn -0.3910 -0.8867 -0.2467
vn 0.9700 0.1101 0.2168
vn 0.0481 -0.9988 0.0108
vn -0.1519 0.9878 -0.0340
vn -0.1720 -0.4617 0.8702
vn -0.7185 -0.3645 -0.5923
vn 0.1297 -0.9740 -0.1860
vn -0.7365 -0.3681 -0.5675
vn -0.4970 0.1101 -0.8607
vn -0.0355 -0.9975 -0.0615
vn 0.4970 -0.1102 0.8607
vn -0.0493 -0.9988 0.0001
vn -0.0990 -0.4533 -0.8859
vn -0.0710 -0.9975 0.0003
vn 0.2328 0.9725 -0.0008
vn 0.1556 0.9878 -0.0006
vn -0.0251 -0.4617 -0.8867
vn -0.8869 -0.4617 0.0130
vn -0.1355 0.9046 -0.4042
vn -0.3057 0.9427 -0.1339
vn 0.0452 -0.9988 0.0198
vn 0.2077 -0.9740 0.0909
vn 0.0650 -0.9975 0.0285
vn -0.2132 0.9725 -0.0934
vn -0.9104 -0.1101 -0.3988
vn -0.1425 0.9878 -0.0624
vn -0.3357 -0.4618 0.8210
s off
f 9/1/1 3/2/1 10/3/1
f 5/4/2 13/5/2 11/6/2
f 9/7/3 6/8/3 2/9/3
f 6/10/4 3/11/4 2/12/4
f 10/13/5 8/14/5 4/15/5
f 5/4/6 4/16/6 8/17/6
f 7/18/7 10/13/7 3/11/7
f 5/4/8 9/7/8 1/19/8
f 8/17/9 15/20/9 5/4/9
f 9/1/1 4/21/1 1/22/1
f 16/23/10 21/24/10 15/20/10
f 18/25/11 23/26/11 24/27/11
f 7/18/12 14/28/12 17/29/12
f 12/30/13 17/29/13 18/25/13
f 8/14/14 18/25/14 16/31/14
f 11/6/15 14/32/15 6/8/15
f 22/33/16 27/34/16 21/24/16
f 23/26/17 30/35/17 24/27/17
f 14/28/18 23/26/18 17/29/18
f 18/25/19 22/36/19 16/31/19
f 13/5/20 21/24/20 19/37/20
f 13/5/21 20/38/21 14/32/21
f 25/39/22 29/40/22 26/41/22
f 28/42/22 25/39/22 27/43/22
f 20/44/23 29/45/23 23/26/23
f 24/27/24 28/46/24 22/36/24
f 19/37/25 27/34/25 25/47/25
f 20/38/26 25/47/26 26/48/26
f 39/49/27 33/50/27 40/51/27
f 35/52/28 43/53/28 41/54/28
f 39/55/29 36/56/29 32/57/29
f 36/58/30 33/59/30 32/60/30
f 42/61/31 34/62/31 40/63/31
f 31/64/32 38/65/32 35/52/32
f 37/66/33 40/63/33 33/59/33
f 31/64/34 41/54/34 39/55/34
f 38/65/35 45/67/35 35/52/35
f 31/68/27 40/51/27 34/69/27
f 46/70/36 51/71/36 45/67/36
f 48/72/37 53/73/37 54/74/37
f 37/66/38 44/75/38 47/76/38
f 42/61/39 47/76/39 48/72/39
f 38/77/40 48/72/40 46/78/40
f 41/54/41 44/79/41 36/56/41
f 52/80/42 57/81/42 51/71/42
f 54/74/43 59/82/43 60/83/43
f 44/75/44 53/73/44 47/76/44
f 46/78/45 54/74/45 52/84/45
f 45/67/46 49/85/46 43/53/46
f 43/53/47 50/86/47 44/79/47
f 55/87/48 59/88/48 56/89/48
f 57/90/48 60/91/48 55/87/48
f 50/92/49 59/82/49 53/73/49
f 54/74/50 58/93/50 52/84/50
f 49/85/51 57/81/51 55/94/51
f 49/85/52 56/95/52 50/86/52
f 61/96/53 64/97/53 63/98/53
f 66/99/54 67/100/54 65/101/54
f 69/102/55 72/103/55 71/104/55
f 73/105/56 76/106/56 75/107/56
f 78/108/57 79/109/57 77/110/57
f 82/111/58 83/112/58 81/113/58
f 86/114/59 87/115/59 85/116/59
f 89/117/60 92/118/60 91/119/60
f 93/120/61 96/121/61 95/122/61
f 98/123/62 99/124/62 97/125/62
f 101/126/63 104/127/63 103/128/63
f 105/129/64 108/130/64 107/131/64
f 110/132/65 111/133/65 109/134/65
f 114/135/66 115/136/66 113/137/66
f 117/138/67 120/139/67 119/140/67
f 122/141/68 123/142/68 121/143/68
f 126/144/69 127/145/69 125/146/69
f 130/147/70 131/148/70 129/149/70
f 133/150/71 136/151/71 135/152/71
f 138/153/72 139/154/72 137/155/72
f 149/156/73 143/157/73 150/158/73
f 145/159/74 153/160/74 151/161/74
f 149/162/75 146/163/75 142/164/75
f 146/165/76 143/166/76 142/167/76
f 152/168/77 144/169/77 150/170/77
f 141/171/78 148/172/78 145/159/78
f 147/173/79 150/170/79 143/166/79
f 141/171/80 151/161/80 149/162/80
f 145/159/81 156/174/81 155/175/81
f 141/176/73 150/158/73 144/177/73
f 155/175/82 162/178/82 161/179/82
f 158/180/83 163/181/83 164/182/83
f 147/173/84 154/183/84 157/184/84
f 152/168/85 157/184/85 158/180/85
f 148/185/86 158/180/86 156/186/86
f 151/161/87 154/187/87 146/163/87
f 162/178/88 167/188/88 161/179/88
f 164/182/89 169/189/89 170/190/89
f 154/183/90 163/181/90 157/184/90
f 155/175/91 159/191/91 153/160/91
f 153/160/92 160/192/92 154/187/92
f 165/193/93 169/194/93 166/195/93
f 167/196/94 170/197/94 165/193/94
f 160/198/95 169/189/95 163/181/95
f 164/182/96 168/199/96 162/200/96
f 159/191/97 167/188/97 165/201/97
f 159/191/98 166/202/98 160/192/98
f 171/203/99 174/204/99 173/205/99
f 176/206/100 177/207/100 175/208/100
f 179/209/101 182/210/101 181/211/101
f 183/212/102 186/213/102 185/214/102
f 188/215/103 189/216/103 187/217/103
f 192/218/104 193/219/104 191/220/104
f 196/221/105 197/222/105 195/223/105
f 199/224/106 202/225/106 201/226/106
f 203/227/107 206/228/107 205/229/107
f 208/230/108 209/231/108 207/232/108
f 211/233/109 214/234/109 213/235/109
f 215/236/110 218/237/110 217/238/110
f 220/239/111 221/240/111 219/241/111
f 224/242/112 225/243/112 223/244/112
f 227/245/113 230/246/113 229/247/113
f 232/248/114 233/249/114 231/250/114
f 236/251/115 237/252/115 235/253/115
f 240/254/116 241/255/116 239/256/116
f 243/257/117 246/258/117 245/259/117
f 248/260/118 249/261/118 247/262/118
f 259/263/119 253/264/119 260/265/119
f 255/266/120 263/267/120 261/268/120
f 259/269/121 256/270/121 252/271/121
f 256/272/122 253/273/122 252/274/122
f 262/275/123 254/276/123 260/277/123
f 251/278/124 258/279/124 255/266/124
f 257/280/125 260/277/125 253/273/125
f 251/278/126 261/268/126 259/269/126
f 255/266/127 266/281/127 265/282/127
f 251/283/119 260/265/119 254/284/119
f 266/281/128 271/285/128 265/282/128
f 268/286/129 273/287/129 274/288/129
f 257/280/130 264/289/130 267/290/130
f 262/275/131 267/290/131 268/286/131
f 258/291/132 268/286/132 266/292/132
f 261/268/133 264/293/133 256/270/133
f 271/285/134 278/294/134 277/295/134
f 274/288/135 279/296/135 280/297/135
f 264/289/136 273/287/136 267/290/136
f 265/282/137 269/298/137 263/267/137
f 263/267/138 270/299/138 264/293/138
f 275/300/139 279/301/139 276/302/139
f 277/303/140 280/304/140 275/300/140
f 270/305/141 279/296/141 273/287/141
f 274/288/142 278/306/142 272/307/142
f 269/298/143 277/295/143 275/308/143
f 269/298/144 276/309/144 270/299/144
f 281/310/145 284/311/145 283/312/145
f 286/313/146 287/314/146 285/315/146
f 289/316/147 292/317/147 291/318/147
f 293/319/148 296/320/148 295/321/148
f 298/322/149 299/323/149 297/324/149
f 302/325/150 303/326/150 301/327/150
f 306/328/151 307/329/151 305/330/151
f 309/331/152 312/332/152 311/333/152
f 313/334/153 316/335/153 315/336/153
f 318/337/154 319/338/154 317/339/154
f 321/340/155 324/341/155 323/342/155
f 325/343/156 328/344/156 327/345/156
f 330/346/157 331/347/157 329/348/157
f 334/349/158 335/350/158 333/351/158
f 337/352/159 340/353/159 339/354/159
f 342/355/160 343/356/160 341/357/160
f 346/358/161 347/359/161 345/360/161
f 350/361/162 351/362/162 349/363/162
f 353/364/163 356/365/163 355/366/163
f 358/367/164 359/368/164 357/369/164
f 369/370/165 363/371/165 370/372/165
f 365/373/166 373/374/166 371/375/166
f 369/376/167 366/377/167 362/378/167
f 366/379/168 363/380/168 362/381/168
f 372/382/169 364/383/169 370/384/169
f 361/385/170 368/386/170 365/373/170
f 367/387/171 370/384/171 363/380/171
f 361/385/172 371/375/172 369/376/172
f 365/373/173 376/388/173 375/389/173
f 361/390/165 370/372/165 364/391/165
f 375/389/174 382/392/174 381/393/174
f 378/394/175 383/395/175 384/396/175
f 366/379/176 377/397/176 367/387/176
f 372/382/177 377/397/177 378/394/177
f 368/398/178 378/394/178 376/399/178
f 371/375/179 374/400/179 366/377/179
f 381/393/180 388/401/180 387/402/180
f 384/396/181 389/403/181 390/404/181
f 377/397/182 380/405/182 383/395/182
f 375/389/183 379/406/183 373/374/183
f 373/374/184 380/407/184 374/400/184
f 385/408/185 389/409/185 386/410/185
f 387/411/186 390/412/186 385/408/186
f 380/405/187 389/403/187 383/395/187
f 384/396/188 388/413/188 382/414/188
f 379/406/189 387/402/189 385/415/189
f 379/406/190 386/416/190 380/407/190
f 391/417/191 394/418/191 393/419/191
f 396/420/192 397/421/192 395/422/192
f 399/423/193 402/424/193 401/425/193
f 403/426/194 406/427/194 405/428/194
f 408/429/195 409/430/195 407/431/195
f 412/432/196 413/433/196 411/434/196
f 416/435/197 417/436/197 415/437/197
f 419/438/198 422/439/198 421/440/198
f 423/441/199 426/442/199 425/443/199
f 428/444/200 429/445/200 427/446/200
f 431/447/201 434/448/201 433/449/201
f 435/450/202 438/451/202 437/452/202
f 440/453/203 441/454/203 439/455/203
f 444/456/204 445/457/204 443/458/204
f 447/459/205 450/460/205 449/461/205
f 452/462/206 453/463/206 451/464/206
f 456/465/207 457/466/207 455/467/207
f 460/468/208 461/469/208 459/470/208
f 463/471/209 466/472/209 465/473/209
f 468/474/210 469/475/210 467/476/210
f 479/477/211 473/478/211 480/479/211
f 475/480/212 483/481/212 481/482/212
f 479/483/213 476/484/213 472/485/213
f 476/486/214 473/487/214 472/488/214
f 482/489/215 474/490/215 480/491/215
f 475/480/216 474/492/216 478/493/216
f 477/494/217 480/491/217 473/487/217
f 471/495/218 481/482/218 479/483/218
f 475/480/219 486/496/219 485/497/219
f 471/498/211 480/479/211 474/499/211
f 485/497/220 492/500/220 491/501/220
f 488/502/221 493/503/221 494/504/221
f 477/494/222 484/505/222 487/506/222
f 482/489/223 487/506/223 488/502/223
f 478/507/224 488/502/224 486/508/224
f 481/482/225 484/509/225 476/484/225
f 491/501/226 498/510/226 497/511/226
f 494/504/227 499/512/227 500/513/227
f 487/506/228 490/514/228 493/503/228
f 485/497/229 489/515/229 483/481/229
f 483/481/230 490/516/230 484/509/230
f 495/517/231 499/518/231 496/519/231
f 497/520/232 500/521/232 495/517/232
f 490/514/233 499/512/233 493/503/233
f 494/504/234 498/522/234 492/523/234
f 489/515/235 497/511/235 495/524/235
f 489/515/236 496/525/236 490/516/236
f 501/526/237 504/527/237 503/528/237
f 506/529/238 507/530/238 505/531/238
f 509/532/239 512/533/239 511/534/239
f 513/535/240 516/536/240 515/537/240
f 518/538/241 519/539/241 517/540/241
f 522/541/242 523/542/242 521/543/242
f 526/544/243 527/545/243 525/546/243
f 529/547/244 532/548/244 531/549/244
f 533/550/245 536/551/245 535/552/245
f 538/553/246 539/554/246 537/555/246
f 541/556/247 544/557/247 543/558/247
f 545/559/248 548/560/248 547/561/248
f 550/562/249 551/563/249 549/564/249
f 554/565/250 555/566/250 553/567/250
f 557/568/251 560/569/251 559/570/251
f 562/571/252 563/572/252 561/573/252
f 566/574/253 567/575/253 565/576/253
f 570/577/254 571/578/254 569/579/254
f 573/580/255 576/581/255 575/582/255
f 578/583/256 579/584/256 577/585/256
f 589/586/257 583/587/257 590/588/257
f 585/589/258 593/590/258 591/591/258
f 589/592/259 586/593/259 582/594/259
f 586/595/260 583/596/260 582/597/260
f 592/598/261 584/599/261 590/600/261
f 585/589/262 584/601/262 588/602/262
f 587/603/263 590/600/263 583/596/263
f 581/604/264 591/591/264 589/592/264
f 588/602/265 595/605/265 585/589/265
f 581/606/257 590/588/257 584/607/257
f 595/605/266 602/608/266 601/609/266
f 598/610/267 603/611/267 604/612/267
f 586/595/268 597/613/268 587/603/268
f 592/598/269 597/613/269 598/610/269
f 588/614/270 598/610/270 596/615/270
f 591/591/271 594/616/271 586/593/271
f 601/609/272 608/617/272 607/618/272
f 604/612/273 609/619/273 610/620/273
f 597/613/274 600/621/274 603/611/274
f 595/605/275 599/622/275 593/590/275
f 593/590/276 600/623/276 594/616/276
f 605/624/277 609/625/277 606/626/277
f 607/627/278 610/628/278 605/624/278
f 600/621/279 609/619/279 603/611/279
f 604/612/280 608/629/280 602/630/280
f 599/622/281 607/618/281 605/631/281
f 599/622/282 606/632/282 600/623/282
f 611/633/283 614/634/283 613/635/283
f 616/636/284 617/637/284 615/638/284
f 619/639/285 622/640/285 621/641/285
f 623/642/286 626/643/286 625/644/286
f 628/645/287 629/646/287 627/647/287
f 632/648/288 633/649/288 631/650/288
f 636/651/289 637/652/289 635/653/289
f 639/654/290 642/655/290 641/656/290
f 643/657/291 646/658/291 645/659/291
f 648/660/292 649/661/292 647/662/292
f 651/663/293 654/664/293 653/665/293
f 655/666/294 658/667/294 657/668/294
f 660/669/295 661/670/295 659/671/295
f 664/672/296 665/673/296 663/674/296
f 667/675/297 670/676/297 669/677/297
f 672/678/298 673/679/298 671/680/298
f 676/681/299 677/682/299 675/683/299
f 680/684/300 681/685/300 679/686/300
f 683/687/301 686/688/301 685/689/301
f 688/690/302 689/691/302 687/692/302
f 699/693/303 693/694/303 700/695/303
f 695/696/304 703/697/304 701/698/304
f 699/699/305 696/700/305 692/701/305
f 696/702/306 693/703/306 692/704/306
f 702/705/307 694/706/307 700/707/307
f 695/696/308 694/708/308 698/709/308
f 697/710/309 700/707/309 693/703/309
f 691/711/310 701/698/310 699/699/310
f 698/709/311 705/712/311 695/696/311
f 691/713/303 700/695/303 694/714/303
f 705/712/312 712/715/312 711/716/312
f 708/717/313 713/718/313 714/719/313
f 696/702/314 707/720/314 697/710/314
f 702/705/315 707/720/315 708/717/315
f 698/721/316 708/717/316 706/722/316
f 701/698/317 704/723/317 696/700/317
f 711/716/318 718/724/318 717/725/318
f 714/719/319 719/726/319 720/727/319
f 707/720/320 710/728/320 713/718/320
f 705/712/321 709/729/321 703/697/321
f 703/697/322 710/730/322 704/723/322
f 715/731/323 719/732/323 716/733/323
f 717/734/324 720/735/324 715/731/324
f 710/728/325 719/726/325 713/718/325
f 714/719/326 718/736/326 712/737/326
f 709/729/327 717/725/327 715/738/327
f 709/729/328 716/739/328 710/730/328
f 721/740/329 724/741/329 723/742/329
f 726/743/330 727/744/330 725/745/330
f 729/746/331 732/747/331 731/748/331
f 733/749/332 736/750/332 735/751/332
f 738/752/333 739/753/333 737/754/333
f 742/755/334 743/756/334 741/757/334
f 746/758/335 747/759/335 745/760/335
f 749/761/336 752/762/336 751/763/336
f 753/764/337 756/765/337 755/766/337
f 758/767/338 759/768/338 757/769/338
f 761/770/339 764/771/339 763/772/339
f 765/773/340 768/774/340 767/775/340
f 770/776/341 771/777/341 769/778/341
f 774/779/342 775/780/342 773/781/342
f 777/782/343 780/783/343 779/784/343
f 782/785/344 783/786/344 781/787/344
f 786/788/345 787/789/345 785/790/345
f 790/791/346 791/792/346 789/793/346
f 793/794/347 796/795/347 795/796/347
f 798/797/348 799/798/348 797/799/348
f 809/800/349 803/801/349 810/802/349
f 805/803/350 813/804/350 811/805/350
f 809/806/351 806/807/351 802/808/351
f 806/809/352 803/810/352 802/811/352
f 812/812/353 804/813/353 810/814/353
f 805/803/354 804/815/354 808/816/354
f 807/817/355 810/814/355 803/810/355
f 801/818/356 811/805/356 809/806/356
f 808/816/357 815/819/357 805/803/357
f 801/820/349 810/802/349 804/821/349
f 815/819/358 822/822/358 821/823/358
f 818/824/359 823/825/359 824/826/359
f 806/809/360 817/827/360 807/817/360
f 812/812/361 817/827/361 818/824/361
f 808/828/362 818/824/362 816/829/362
f 811/805/363 814/830/363 806/807/363
f 821/823/364 828/831/364 827/832/364
f 824/826/365 829/833/365 830/834/365
f 817/827/366 820/835/366 823/825/366
f 815/819/367 819/836/367 813/804/367
f 813/804/368 820/837/368 814/830/368
f 825/838/369 829/839/369 826/840/369
f 827/841/370 830/842/370 825/838/370
f 820/835/371 829/833/371 823/825/371
f 824/826/372 828/843/372 822/844/372
f 819/836/373 827/832/373 825/845/373
f 819/836/374 826/846/374 820/837/374
f 831/847/375 834/848/375 833/849/375
f 836/850/376 837/851/376 835/852/376
f 839/853/377 842/854/377 841/855/377
f 843/856/378 846/857/378 845/858/378
f 848/859/379 849/860/379 847/861/379
f 852/862/380 853/863/380 851/864/380
f 856/865/381 857/866/381 855/867/381
f 859/868/382 862/869/382 861/870/382
f 863/871/383 866/872/383 865/873/383
f 868/874/384 869/875/384 867/876/384
f 871/877/385 874/878/385 873/879/385
f 875/880/386 878/881/386 877/882/386
f 880/883/387 881/884/387 879/885/387
f 884/886/388 885/887/388 883/888/388
f 887/889/389 890/890/389 889/891/389
f 892/892/390 893/893/390 891/894/390
f 896/895/391 897/896/391 895/897/391
f 900/898/392 901/899/392 899/900/392
f 903/901/393 906/902/393 905/903/393
f 908/904/394 909/905/394 907/906/394
f 919/907/395 913/908/395 920/909/395
f 915/910/396 923/911/396 921/912/396
f 919/913/397 916/914/397 912/915/397
f 912/916/398 917/917/398 913/918/398
f 922/919/399 914/920/399 920/921/399
f 915/910/400 914/922/400 918/923/400
f 917/917/401 920/921/401 913/918/401
f 911/924/402 921/912/402 919/913/402
f 915/910/403 926/925/403 925/926/403
f 911/927/395 920/909/395 914/928/395
f 925/926/404 932/929/404 931/930/404
f 928/931/405 933/932/405 934/933/405
f 916/934/406 927/935/406 917/917/406
f 922/919/407 927/935/407 928/931/407
f 918/936/408 928/931/408 926/937/408
f 921/912/409 924/938/409 916/914/409
f 931/930/410 938/939/410 937/940/410
f 934/933/411 939/941/411 940/942/411
f 927/935/412 930/943/412 933/932/412
f 925/926/413 929/944/413 923/911/413
f 923/911/414 930/945/414 924/938/414
f 935/946/415 939/947/415 936/948/415
f 937/949/416 940/950/416 935/946/416
f 930/943/417 939/941/417 933/932/417
f 934/933/418 938/951/418 932/952/418
f 929/944/419 937/940/419 935/953/419
f 929/944/420 936/954/420 930/945/420
f 941/955/421 944/956/421 943/957/421
f 946/958/422 947/959/422 945/960/422
f 949/961/423 952/962/423 951/963/423
f 953/964/424 956/965/424 955/966/424
f 958/967/425 959/968/425 957/969/425
f 962/970/426 963/971/426 961/972/426
f 966/973/427 967/974/427 965/975/427
f 969/976/428 972/977/428 971/978/428
f 973/979/429 976/980/429 975/981/429
f 978/982/430 979/983/430 977/984/430
f 981/985/431 984/986/431 983/987/431
f 985/988/432 988/989/432 987/990/432
f 990/991/433 991/992/433 989/993/433
f 994/994/434 995/995/434 993/996/434
f 997/997/435 1000/998/435 999/999/435
f 1002/1000/436 1003/1001/436 1001/1002/436
f 1006/1003/437 1007/1004/437 1005/1005/437
f 1010/1006/438 1011/1007/438 1009/1008/438
f 1013/1009/439 1016/1010/439 1015/1011/439
f 1018/1012/440 1019/1013/440 1017/1014/440
f 1029/1015/441 1023/1016/441 1030/1017/441
f 1025/1018/442 1033/1019/442 1031/1020/442
f 1029/1021/443 1026/1022/443 1022/1023/443
f 1026/1024/444 1023/1025/444 1022/1026/444
f 1032/1027/445 1024/1028/445 1030/1029/445
f 1025/1018/446 1024/1030/446 1028/1031/446
f 1027/1032/447 1030/1029/447 1023/1025/447
f 1021/1033/448 1031/1020/448 1029/1021/448
f 1025/1018/449 1036/1034/449 1035/1035/449
f 1021/1036/441 1030/1017/441 1024/1037/441
f 1035/1035/450 1042/1038/450 1041/1039/450
f 1038/1040/451 1043/1041/451 1044/1042/451
f 1026/1024/452 1037/1043/452 1027/1032/452
f 1032/1027/453 1037/1043/453 1038/1040/453
f 1028/1044/454 1038/1040/454 1036/1045/454
f 1031/1020/455 1034/1046/455 1026/1022/455
f 1041/1039/456 1048/1047/456 1047/1048/456
f 1044/1042/457 1049/1049/457 1050/1050/457
f 1037/1043/458 1040/1051/458 1043/1041/458
f 1035/1035/459 1039/1052/459 1033/1019/459
f 1033/1019/460 1040/1053/460 1034/1046/460
f 1045/1054/461 1049/1055/461 1046/1056/461
f 1047/1057/461 1050/1058/461 1045/1054/461
f 1040/1051/462 1049/1049/462 1043/1041/462
f 1044/1042/463 1048/1059/463 1042/1060/463
f 1039/1052/464 1047/1048/464 1045/1061/464
f 1039/1052/465 1046/1062/465 1040/1053/465
f 1051/1063/466 1054/1064/466 1053/1065/466
f 1056/1066/467 1057/1067/467 1055/1068/467
f 1059/1069/468 1062/1070/468 1061/1071/468
f 1063/1072/469 1066/1073/469 1065/1074/469
f 1068/1075/470 1069/1076/470 1067/1077/470
f 1072/1078/471 1073/1079/471 1071/1080/471
f 1076/1081/472 1077/1082/472 1075/1083/472
f 1079/1084/473 1082/1085/473 1081/1086/473
f 1083/1087/474 1086/1088/474 1085/1089/474
f 1088/1090/475 1089/1091/475 1087/1092/475
f 1091/1093/476 1094/1094/476 1093/1095/476
f 1095/1096/477 1098/1097/477 1097/1098/477
f 1100/1099/478 1101/1100/478 1099/1101/478
f 1104/1102/479 1105/1103/479 1103/1104/479
f 1107/1105/480 1110/1106/480 1109/1107/480
f 1112/1108/481 1113/1109/481 1111/1110/481
f 1116/1111/482 1117/1112/482 1115/1113/482
f 1120/1114/483 1121/1115/483 1119/1116/483
f 1123/1117/484 1126/1118/484 1125/1119/484
f 1128/1120/485 1129/1121/485 1127/1122/485
f 9/1/1 2/1123/1 3/2/1
f 5/4/2 15/20/2 13/5/2
f 9/7/3 11/6/3 6/8/3
f 6/10/4 7/18/4 3/11/4
f 10/13/5 12/30/5 8/14/5
f 5/4/6 1/19/6 4/16/6
f 7/18/7 12/30/7 10/13/7
f 5/4/8 11/6/8 9/7/8
f 8/17/9 16/23/9 15/20/9
f 9/1/1 10/3/1 4/21/1
f 16/23/10 22/33/10 21/24/10
f 18/25/11 17/29/11 23/26/11
f 7/18/12 6/10/12 14/28/12
f 12/30/13 7/18/13 17/29/13
f 8/14/14 12/30/14 18/25/14
f 11/6/15 13/5/15 14/32/15
f 22/33/16 28/1124/16 27/34/16
f 23/26/17 29/45/17 30/35/17
f 14/28/18 20/44/18 23/26/18
f 18/25/19 24/27/19 22/36/19
f 13/5/20 15/20/20 21/24/20
f 13/5/21 19/37/21 20/38/21
f 25/39/22 30/1125/22 29/40/22
f 28/42/22 30/1125/22 25/39/22
f 20/44/23 26/1126/23 29/45/23
f 24/27/24 30/35/24 28/46/24
f 19/37/25 21/24/25 27/34/25
f 20/38/26 19/37/26 25/47/26
f 39/49/27 32/1127/27 33/50/27
f 35/52/28 45/67/28 43/53/28
f 39/55/29 41/54/29 36/56/29
f 36/58/30 37/66/30 33/59/30
f 42/61/31 38/77/31 34/62/31
f 31/64/32 34/1128/32 38/65/32
f 37/66/33 42/61/33 40/63/33
f 31/64/34 35/52/34 41/54/34
f 38/65/35 46/70/35 45/67/35
f 31/68/27 39/49/27 40/51/27
f 46/70/36 52/80/36 51/71/36
f 48/72/37 47/76/37 53/73/37
f 37/66/38 36/58/38 44/75/38
f 42/61/39 37/66/39 47/76/39
f 38/77/40 42/61/40 48/72/40
f 41/54/41 43/53/41 44/79/41
f 52/80/42 58/1129/42 57/81/42
f 54/74/43 53/73/43 59/82/43
f 44/75/44 50/92/44 53/73/44
f 46/78/45 48/72/45 54/74/45
f 45/67/46 51/71/46 49/85/46
f 43/53/47 49/85/47 50/86/47
f 55/87/486 60/91/486 59/88/486
f 57/90/48 58/1130/48 60/91/48
f 50/92/49 56/1131/49 59/82/49
f 54/74/50 60/83/50 58/93/50
f 49/85/51 51/71/51 57/81/51
f 49/85/52 55/94/52 56/95/52
f 61/96/53 62/1132/53 64/97/53
f 66/99/54 68/1133/54 67/100/54
f 69/102/55 70/1134/55 72/103/55
f 73/105/56 74/1135/56 76/106/56
f 78/108/57 80/1136/57 79/109/57
f 82/111/58 84/1137/58 83/112/58
f 86/114/59 88/1138/59 87/115/59
f 89/117/60 90/1139/60 92/118/60
f 93/120/61 94/1140/61 96/121/61
f 98/123/62 100/1141/62 99/124/62
f 101/126/63 102/1142/63 104/127/63
f 105/129/64 106/1143/64 108/130/64
f 110/132/65 112/1144/65 111/133/65
f 114/135/66 116/1145/66 115/136/66
f 117/138/67 118/1146/67 120/139/67
f 122/141/68 124/1147/68 123/142/68
f 126/144/69 128/1148/69 127/145/69
f 130/147/70 132/1149/70 131/148/70
f 133/150/71 134/1150/71 136/151/71
f 138/153/72 140/1151/72 139/154/72
f 149/156/73 142/1152/73 143/157/73
f 145/159/74 155/175/74 153/160/74
f 149/162/75 151/161/75 146/163/75
f 146/165/76 147/173/76 143/166/76
f 152/168/77 148/185/77 144/169/77
f 141/171/78 144/1153/78 148/172/78
f 147/173/79 152/168/79 150/170/79
f 141/171/80 145/159/80 151/161/80
f 145/159/81 148/172/81 156/174/81
f 141/176/73 149/156/73 150/158/73
f 155/175/82 156/174/82 162/178/82
f 158/180/83 157/184/83 163/181/83
f 147/173/84 146/165/84 154/183/84
f 152/168/85 147/173/85 157/184/85
f 148/185/86 152/168/86 158/180/86
f 151/161/87 153/160/87 154/187/87
f 162/178/88 168/1154/88 167/188/88
f 164/182/89 163/181/89 169/189/89
f 154/183/90 160/198/90 163/181/90
f 155/175/487 161/179/487 159/191/487
f 153/160/92 159/191/92 160/192/92
f 165/193/488 170/197/488 169/194/488
f 167/196/488 168/1155/488 170/197/488
f 160/198/95 166/1156/95 169/189/95
f 164/182/489 170/190/489 168/199/489
f 159/191/97 161/179/97 167/188/97
f 159/191/98 165/201/98 166/202/98
f 171/203/99 172/1157/99 174/204/99
f 176/206/100 178/1158/100 177/207/100
f 179/209/101 180/1159/101 182/210/101
f 183/212/102 184/1160/102 186/213/102
f 188/215/103 190/1161/103 189/216/103
f 192/218/104 194/1162/104 193/219/104
f 196/221/105 198/1163/105 197/222/105
f 199/224/106 200/1164/106 202/225/106
f 203/227/107 204/1165/107 206/228/107
f 208/230/108 210/1166/108 209/231/108
f 211/233/109 212/1167/109 214/234/109
f 215/236/110 216/1168/110 218/237/110
f 220/239/111 222/1169/111 221/240/111
f 224/242/112 226/1170/112 225/243/112
f 227/245/113 228/1171/113 230/246/113
f 232/248/114 234/1172/114 233/249/114
f 236/251/115 238/1173/115 237/252/115
f 240/254/116 242/1174/116 241/255/116
f 243/257/117 244/1175/117 246/258/117
f 248/260/118 250/1176/118 249/261/118
f 259/263/119 252/1177/119 253/264/119
f 255/266/120 265/282/120 263/267/120
f 259/269/121 261/268/121 256/270/121
f 256/272/122 257/280/122 253/273/122
f 262/275/123 258/291/123 254/276/123
f 251/278/490 254/1178/490 258/279/490
f 257/280/125 262/275/125 260/277/125
f 251/278/126 255/266/126 261/268/126
f 255/266/127 258/279/127 266/281/127
f 251/283/119 259/263/119 260/265/119
f 266/281/128 272/1179/128 271/285/128
f 268/286/129 267/290/129 273/287/129
f 257/280/130 256/272/130 264/289/130
f 262/275/131 257/280/131 267/290/131
f 258/291/132 262/275/132 268/286/132
f 261/268/491 263/267/491 264/293/491
f 271/285/492 272/1179/492 278/294/492
f 274/288/135 273/287/135 279/296/135
f 264/289/136 270/305/136 273/287/136
f 265/282/137 271/285/137 269/298/137
f 263/267/138 269/298/138 270/299/138
f 275/300/140 280/304/140 279/301/140
f 277/303/139 278/1180/139 280/304/139
f 270/305/141 276/1181/141 279/296/141
f 274/288/493 280/297/493 278/306/493
f 269/298/143 271/285/143 277/295/143
f 269/298/144 275/308/144 276/309/144
f 281/310/145 282/1182/145 284/311/145
f 286/313/146 288/1183/146 287/314/146
f 289/316/147 290/1184/147 292/317/147
f 293/319/148 294/1185/148 296/320/148
f 298/322/149 300/1186/149 299/323/149
f 302/325/150 304/1187/150 303/326/150
f 306/328/151 308/1188/151 307/329/151
f 309/331/152 310/1189/152 312/332/152
f 313/334/153 314/1190/153 316/335/153
f 318/337/154 320/1191/154 319/338/154
f 321/340/155 322/1192/155 324/341/155
f 325/343/156 326/1193/156 328/344/156
f 330/346/157 332/1194/157 331/347/157
f 334/349/158 336/1195/158 335/350/158
f 337/352/159 338/1196/159 340/353/159
f 342/355/160 344/1197/160 343/356/160
f 346/358/161 348/1198/161 347/359/161
f 350/361/162 352/1199/162 351/362/162
f 353/364/163 354/1200/163 356/365/163
f 358/367/164 360/1201/164 359/368/164
f 369/370/165 362/1202/165 363/371/165
f 365/373/166 375/389/166 373/374/166
f 369/376/167 371/375/167 366/377/167
f 366/379/168 367/387/168 363/380/168
f 372/382/169 368/398/169 364/383/169
f 361/385/170 364/1203/170 368/386/170
f 367/387/171 372/382/171 370/384/171
f 361/385/172 365/373/172 371/375/172
f 365/373/173 368/386/173 376/388/173
f 361/390/165 369/370/165 370/372/165
f 375/389/174 376/388/174 382/392/174
f 378/394/175 377/397/175 383/395/175
f 366/379/176 374/1204/176 377/397/176
f 372/382/177 367/387/177 377/397/177
f 368/398/178 372/382/178 378/394/178
f 371/375/179 373/374/179 374/400/179
f 381/393/180 382/392/180 388/401/180
f 384/396/181 383/395/181 389/403/181
f 377/397/182 374/1204/182 380/405/182
f 375/389/183 381/393/183 379/406/183
f 373/374/184 379/406/184 380/407/184
f 385/408/186 390/412/186 389/409/186
f 387/411/186 388/1205/186 390/412/186
f 380/405/187 386/1206/187 389/403/187
f 384/396/494 390/404/494 388/413/494
f 379/406/189 381/393/189 387/402/189
f 379/406/190 385/415/190 386/416/190
f 391/417/191 392/1207/191 394/418/191
f 396/420/192 398/1208/192 397/421/192
f 399/423/193 400/1209/193 402/424/193
f 403/426/194 404/1210/194 406/427/194
f 408/429/495 410/1211/495 409/430/495
f 412/432/196 414/1212/196 413/433/196
f 416/435/197 418/1213/197 417/436/197
f 419/438/198 420/1214/198 422/439/198
f 423/441/199 424/1215/199 426/442/199
f 428/444/200 430/1216/200 429/445/200
f 431/447/201 432/1217/201 434/448/201
f 435/450/202 436/1218/202 438/451/202
f 440/453/203 442/1219/203 441/454/203
f 444/456/204 446/1220/204 445/457/204
f 447/459/205 448/1221/205 450/460/205
f 452/462/206 454/1222/206 453/463/206
f 456/465/207 458/1223/207 457/466/207
f 460/468/208 462/1224/208 461/469/208
f 463/471/209 464/1225/209 466/472/209
f 468/474/210 470/1226/210 469/475/210
f 479/477/496 472/1227/496 473/478/496
f 475/480/212 485/497/212 483/481/212
f 479/483/213 481/482/213 476/484/213
f 476/486/214 477/494/214 473/487/214
f 482/489/215 478/507/215 474/490/215
f 475/480/497 471/495/497 474/492/497
f 477/494/217 482/489/217 480/491/217
f 471/495/218 475/480/218 481/482/218
f 475/480/219 478/493/219 486/496/219
f 471/498/211 479/477/211 480/479/211
f 485/497/220 486/496/220 492/500/220
f 488/502/221 487/506/221 493/503/221
f 477/494/222 476/486/222 484/505/222
f 482/489/223 477/494/223 487/506/223
f 478/507/224 482/489/224 488/502/224
f 481/482/225 483/481/225 484/509/225
f 491/501/226 492/500/226 498/510/226
f 494/504/227 493/503/227 499/512/227
f 487/506/228 484/505/228 490/514/228
f 485/497/229 491/501/229 489/515/229
f 483/481/230 489/515/230 490/516/230
f 495/517/231 500/521/231 499/518/231
f 497/520/231 498/1228/231 500/521/231
f 490/514/498 496/1229/498 499/512/498
f 494/504/499 500/513/499 498/522/499
f 489/515/235 491/501/235 497/511/235
f 489/515/236 495/524/236 496/525/236
f 501/526/237 502/1230/237 504/527/237
f 506/529/238 508/1231/238 507/530/238
f 509/532/239 510/1232/239 512/533/239
f 513/535/240 514/1233/240 516/536/240
f 518/538/241 520/1234/241 519/539/241
f 522/541/242 524/1235/242 523/542/242
f 526/544/243 528/1236/243 527/545/243
f 529/547/244 530/1237/244 532/548/244
f 533/550/245 534/1238/245 536/551/245
f 538/553/246 540/1239/246 539/554/246
f 541/556/247 542/1240/247 544/557/247
f 545/559/248 546/1241/248 548/560/248
f 550/562/249 552/1242/249 551/563/249
f 554/565/250 556/1243/250 555/566/250
f 557/568/251 558/1244/251 560/569/251
f 562/571/252 564/1245/252 563/572/252
f 566/574/253 568/1246/253 567/575/253
f 570/577/254 572/1247/254 571/578/254
f 573/580/255 574/1248/255 576/581/255
f 578/583/256 580/1249/256 579/584/256
f 589/586/257 582/1250/257 583/587/257
f 585/589/500 595/605/500 593/590/500
f 589/592/259 591/591/259 586/593/259
f 586/595/260 587/603/260 583/596/260
f 592/598/261 588/614/261 584/599/261
f 585/589/262 581/604/262 584/601/262
f 587/603/263 592/598/263 590/600/263
f 581/604/264 585/589/264 591/591/264
f 588/602/501 596/1251/501 595/605/501
f 581/606/257 589/586/257 590/588/257
f 595/605/266 596/1251/266 602/608/266
f 598/610/267 597/613/267 603/611/267
f 586/595/268 594/1252/268 597/613/268
f 592/598/269 587/603/269 597/613/269
f 588/614/270 592/598/270 598/610/270
f 591/591/271 593/590/271 594/616/271
f 601/609/272 602/608/272 608/617/272
f 604/612/273 603/611/273 609/619/273
f 597/613/274 594/1252/274 600/621/274
f 595/605/502 601/609/502 599/622/502
f 593/590/276 599/622/276 600/623/276
f 605/624/277 610/628/277 609/625/277
f 607/627/277 608/1253/277 610/628/277
f 600/621/279 606/1254/279 609/619/279
f 604/612/280 610/620/280 608/629/280
f 599/622/281 601/609/281 607/618/281
f 599/622/282 605/631/282 606/632/282
f 611/633/283 612/1255/283 614/634/283
f 616/636/284 618/1256/284 617/637/284
f 619/639/285 620/1257/285 622/640/285
f 623/642/286 624/1258/286 626/643/286
f 628/645/287 630/1259/287 629/646/287
f 632/648/288 634/1260/288 633/649/288
f 636/651/289 638/1261/289 637/652/289
f 639/654/290 640/1262/290 642/655/290
f 643/657/291 644/1263/291 646/658/291
f 648/660/292 650/1264/292 649/661/292
f 651/663/293 652/1265/293 654/664/293
f 655/666/294 656/1266/294 658/667/294
f 660/669/295 662/1267/295 661/670/295
f 664/672/296 666/1268/296 665/673/296
f 667/675/297 668/1269/297 670/676/297
f 672/678/298 674/1270/298 673/679/298
f 676/681/299 678/1271/299 677/682/299
f 680/684/300 682/1272/300 681/685/300
f 683/687/301 684/1273/301 686/688/301
f 688/690/302 690/1274/302 689/691/302
f 699/693/503 692/1275/503 693/694/503
f 695/696/304 705/712/304 703/697/304
f 699/699/305 701/698/305 696/700/305
f 696/702/306 697/710/306 693/703/306
f 702/705/307 698/721/307 694/706/307
f 695/696/308 691/711/308 694/708/308
f 697/710/309 702/705/309 700/707/309
f 691/711/310 695/696/310 701/698/310
f 698/709/311 706/1276/311 705/712/311
f 691/713/303 699/693/303 700/695/303
f 705/712/312 706/1276/312 712/715/312
f 708/717/313 707/720/313 713/718/313
f 696/702/314 704/1277/314 707/720/314
f 702/705/315 697/710/315 707/720/315
f 698/721/316 702/705/316 708/717/316
f 701/698/317 703/697/317 704/723/317
f 711/716/504 712/715/504 718/724/504
f 714/719/319 713/718/319 719/726/319
f 707/720/320 704/1277/320 710/728/320
f 705/712/321 711/716/321 709/729/321
f 703/697/322 709/729/322 710/730/322
f 715/731/505 720/735/505 719/732/505
f 717/734/324 718/1278/324 720/735/324
f 710/728/325 716/1279/325 719/726/325
f 714/719/326 720/727/326 718/736/326
f 709/729/327 711/716/327 717/725/327
f 709/729/328 715/738/328 716/739/328
f 721/740/329 722/1280/329 724/741/329
f 726/743/330 728/1281/330 727/744/330
f 729/746/331 730/1282/331 732/747/331
f 733/749/332 734/1283/332 736/750/332
f 738/752/333 740/1284/333 739/753/333
f 742/755/334 744/1285/334 743/756/334
f 746/758/335 748/1286/335 747/759/335
f 749/761/336 750/1287/336 752/762/336
f 753/764/337 754/1288/337 756/765/337
f 758/767/338 760/1289/338 759/768/338
f 761/770/339 762/1290/339 764/771/339
f 765/773/340 766/1291/340 768/774/340
f 770/776/341 772/1292/341 771/777/341
f 774/779/342 776/1293/342 775/780/342
f 777/782/343 778/1294/343 780/783/343
f 782/785/344 784/1295/344 783/786/344
f 786/788/345 788/1296/345 787/789/345
f 790/791/346 792/1297/346 791/792/346
f 793/794/347 794/1298/347 796/795/347
f 798/797/348 800/1299/348 799/798/348
f 809/800/349 802/1300/349 803/801/349
f 805/803/350 815/819/350 813/804/350
f 809/806/351 811/805/351 806/807/351
f 806/809/352 807/817/352 803/810/352
f 812/812/353 808/828/353 804/813/353
f 805/803/506 801/818/506 804/815/506
f 807/817/355 812/812/355 810/814/355
f 801/818/356 805/803/356 811/805/356
f 808/816/357 816/1301/357 815/819/357
f 801/820/349 809/800/349 810/802/349
f 815/819/358 816/1301/358 822/822/358
f 818/824/359 817/827/359 823/825/359
f 806/809/360 814/1302/360 817/827/360
f 812/812/361 807/817/361 817/827/361
f 808/828/507 812/812/507 818/824/507
f 811/805/363 813/804/363 814/830/363
f 821/823/508 822/822/508 828/831/508
f 824/826/365 823/825/365 829/833/365
f 817/827/509 814/1302/509 820/835/509
f 815/819/367 821/823/367 819/836/367
f 813/804/368 819/836/368 820/837/368
f 825/838/370 830/842/370 829/839/370
f 827/841/369 828/1303/369 830/842/369
f 820/835/510 826/1304/510 829/833/510
f 824/826/511 830/834/511 828/843/511
f 819/836/373 821/823/373 827/832/373
f 819/836/374 825/845/374 826/846/374
f 831/847/375 832/1305/375 834/848/375
f 836/850/376 838/1306/376 837/851/376
f 839/853/377 840/1307/377 842/854/377
f 843/856/378 844/1308/378 846/857/378
f 848/859/379 850/1309/379 849/860/379
f 852/862/380 854/1310/380 853/863/380
f 856/865/381 858/1311/381 857/866/381
f 859/868/382 860/1312/382 862/869/382
f 863/871/383 864/1313/383 866/872/383
f 868/874/384 870/1314/384 869/875/384
f 871/877/385 872/1315/385 874/878/385
f 875/880/386 876/1316/386 878/881/386
f 880/883/387 882/1317/387 881/884/387
f 884/886/388 886/1318/388 885/887/388
f 887/889/389 888/1319/389 890/890/389
f 892/892/390 894/1320/390 893/893/390
f 896/895/391 898/1321/391 897/896/391
f 900/898/392 902/1322/392 901/899/392
f 903/901/393 904/1323/393 906/902/393
f 908/904/394 910/1324/394 909/905/394
f 919/907/395 912/1325/395 913/908/395
f 915/910/396 925/926/396 923/911/396
f 919/913/397 921/912/397 916/914/397
f 912/916/398 916/934/398 917/917/398
f 922/919/399 918/936/399 914/920/399
f 915/910/400 911/924/400 914/922/400
f 917/917/401 922/919/401 920/921/401
f 911/924/402 915/910/402 921/912/402
f 915/910/403 918/923/403 926/925/403
f 911/927/395 919/907/395 920/909/395
f 925/926/404 926/925/404 932/929/404
f 928/931/405 927/935/405 933/932/405
f 916/934/406 924/1326/406 927/935/406
f 922/919/407 917/917/407 927/935/407
f 918/936/408 922/919/408 928/931/408
f 921/912/409 923/911/409 924/938/409
f 931/930/410 932/929/410 938/939/410
f 934/933/411 933/932/411 939/941/411
f 927/935/412 924/1326/412 930/943/412
f 925/926/413 931/930/413 929/944/413
f 923/911/414 929/944/414 930/945/414
f 935/946/415 940/950/415 939/947/415
f 937/949/416 938/1327/416 940/950/416
f 930/943/417 936/1328/417 939/941/417
f 934/933/512 940/942/512 938/951/512
f 929/944/419 931/930/419 937/940/419
f 929/944/420 935/953/420 936/954/420
f 941/955/513 942/1329/513 944/956/513
f 946/958/422 948/1330/422 947/959/422
f 949/961/423 950/1331/423 952/962/423
f 953/964/424 954/1332/424 956/965/424
f 958/967/425 960/1333/425 959/968/425
f 962/970/426 964/1334/426 963/971/426
f 966/973/427 968/1335/427 967/974/427
f 969/976/428 970/1336/428 972/977/428
f 973/979/429 974/1337/429 976/980/429
f 978/982/430 980/1338/430 979/983/430
f 981/985/431 982/1339/431 984/986/431
f 985/988/432 986/1340/432 988/989/432
f 990/991/433 992/1341/433 991/992/433
f 994/994/434 996/1342/434 995/995/434
f 997/997/435 998/1343/435 1000/998/435
f 1002/1000/436 1004/1344/436 1003/1001/436
f 1006/1003/437 1008/1345/437 1007/1004/437
f 1010/1006/438 1012/1346/438 1011/1007/438
f 1013/1009/439 1014/1347/439 1016/1010/439
f 1018/1012/440 1020/1348/440 1019/1013/440
f 1029/1015/441 1022/1349/441 1023/1016/441
f 1025/1018/442 1035/1035/442 1033/1019/442
f 1029/1021/443 1031/1020/443 1026/1022/443
f 1026/1024/514 1027/1032/514 1023/1025/514
f 1032/1027/445 1028/1044/445 1024/1028/445
f 1025/1018/515 1021/1033/515 1024/1030/515
f 1027/1032/447 1032/1027/447 1030/1029/447
f 1021/1033/448 1025/1018/448 1031/1020/448
f 1025/1018/516 1028/1031/516 1036/1034/516
f 1021/1036/441 1029/1015/441 1030/1017/441
f 1035/1035/450 1036/1034/450 1042/1038/450
f 1038/1040/451 1037/1043/451 1043/1041/451
f 1026/1024/452 1034/1350/452 1037/1043/452
f 1032/1027/453 1027/1032/453 1037/1043/453
f 1028/1044/454 1032/1027/454 1038/1040/454
f 1031/1020/455 1033/1019/455 1034/1046/455
f 1041/1039/517 1042/1038/517 1048/1047/517
f 1044/1042/457 1043/1041/457 1049/1049/457
f 1037/1043/518 1034/1350/518 1040/1051/518
f 1035/1035/459 1041/1039/459 1039/1052/459
f 1033/1019/460 1039/1052/460 1040/1053/460
f 1045/1054/519 1050/1058/519 1049/1055/519
f 1047/1057/461 1048/1351/461 1050/1058/461
f 1040/1051/520 1046/1352/520 1049/1049/520
f 1044/1042/521 1050/1050/521 1048/1059/521
f 1039/1052/464 1041/1039/464 1047/1048/464
f 1039/1052/465 1045/1061/465 1046/1062/465
f 1051/1063/466 1052/1353/466 1054/1064/466
f 1056/1066/467 1058/1354/467 1057/1067/467
f 1059/1069/468 1060/1355/468 1062/1070/468
f 1063/1072/469 1064/1356/469 1066/1073/469
f 1068/1075/470 1070/1357/470 1069/1076/470
f 1072/1078/471 1074/1358/471 1073/1079/471
f 1076/1081/472 1078/1359/472 1077/1082/472
f 1079/1084/473 1080/1360/473 1082/1085/473
f 1083/1087/474 1084/1361/474 1086/1088/474
f 1088/1090/475 1090/1362/475 1089/1091/475
f 1091/1093/476 1092/1363/476 1094/1094/476
f 1095/1096/477 1096/1364/477 1098/1097/477
f 1100/1099/478 1102/1365/478 1101/1100/478
f 1104/1102/479 1106/1366/479 1105/1103/479
f 1107/1105/480 1108/1367/480 1110/1106/480
f 1112/1108/481 1114/1368/481 1113/1109/481
f 1116/1111/482 1118/1369/482 1117/1112/482
f 1120/1114/483 1122/1370/483 1121/1115/483
f 1123/1117/484 1124/1371/484 1126/1118/484
f 1128/1120/485 1130/1372/485 1129/1121/485
